732
150
627
64
762
532
45
752
809
833
895
622
541
842
122
614
590
256
459
888
920
415
748
104
631
253
113
644
308
525
388
392
27
368
457
142
900
854
894
709
39
789
331
580
984
454
194
574
62
5
462
334
420
562
790
51
815
903
47
475
781
788
868
160
156
325
302
56
531
549
117
570
690
449
502
674
255
48
601
669
53
63
3
473
626
145
876
793
48
275
269
181
415
137
342
571
814
996
979
345
897
97
915
940
898
417
966
505
465
567
174
518
631
529
343
609
674
571
402
74
198
671
256
614
160
950
537
974
298
869
319
196
318
234
488
216
3
806
73
820
374
247
690
357
776
33
966
802
956
720
876
155
392
132
121
552
434
658
879
733
527
198
281
845
785
769
413
788
575
486
609
301
85
299
658
861
685
976
15
993
697
892
500
441
376
621
345
811
632
224
544
159
423
177
357
208
946
770
348
873
609
309
175
694
961
185
908
998
162
923
991
211
815
492
4
192
465
349
355
97
926
251
609
701
428
966
261
726
88
609
599
697
271
774
392
232
312
300
230
474
223
221
37
391
65
41
935
531
742
642
980
668
893
589
721
673
907
982
399
996
592
998
45
215
125
437
447
437
89
677
263
665
250
652
408
668
45
343
551
787
985
531
808
230
473
529
903
380
864
302
376
808
652
422
23
129
211
470
918
653
499
533
318
749
185
726
417
230
421
968
370
406
852
530
988
325
411
891
705
275
545
434
83
549
208
106
679
419
576
597
72
427
483
742
177
20
820
946
251
241
267
973
999
119
503
987
444
266
878
501
542
775
935
625
325
143
84
4
915
660
953
339
88
788
82
617
809
254
915
412
496
182
385
495
301
240
483
97
506
713
599
48
489
886
26
166
382
110
170
649
122
475
988
562
264
422
531
425
677
447
837
525
629
222
20
283
814
855
732
320
921
683
721
410
570
99
576
304
209
98
953
683
925
293
246
541
68
777
966
745
576
803
270
206
377
642
841
191
498
925
864
771
609
937
181
531
36
109
835
597
559
140
280
836
433
878
378
501
656
696
598
584
852
220
790
229
863
983
773
713
909
637
484
518
574
17
401
962
478
236
559
389
728
191
225
161
70
955
15
78
4
965
662
856
186
805
437
401
788
210
466
49
199
950
919
125
319
320
87
149
908
998
538
636
190
115
150
612
423
517
690
427
482
704
635
20
509
72
421
650
283
887
699
834
189
971
960
508
291
47
9
552
46
547
540
588
15
690
200
438
559
890
217
394
594
852
414
456
276
836
106
911
723
157
746
265
128
706
125
772
105
135
324
151
34
864
91
49
907
291
839
466
533
408
860
480
612
275
936
889
463
394
152
186
551
898
451
32
956
577
804
62
64
128
565
98
992
657
500
899
948
339
718
834
100
578
314
712
205
602
953
668
996
106
207
899
356
10
931
665
587
735
727
3
215
644
102
208
301
602
459
602
293
177
436
745
108
102
458
665
704
763
334
700
221
541
951
930
903
883
595
843
970
674
846
186
318
948
746
620
902
205
574
548
735
362
293
843
464
103
860
168
867
194
220
88
87
523
370
991
406
965
834
729
639
32
267
958
981
13
930
235
570
856
783
305
218
77
500
682
532
361
202
399
907
774
840
995
297
210
338
56
528
524
137
167
556
404
477
889
417
759
125
987
615
260
645
833
689
497
867
222
858
421
973
766
195
813
113
845
376
803
253
904
327
390
423
235
794
901
125
563
12
602
902
628
862
899
461
552
397
681
126
255
102
99
373
650
265
838
495
993
641
100
249
968
490
672
556
636
925
681
551
938
635
453
918
497
353
731
401
750
412
527
357
867
979
731
517
244
569
364
589
563
464
838
883
954
862
439
942
788
472
493
78
107
946
996
957
651
727
358
401
492
238
111
359
217
194
876
813
115
240
754
678
56
592
562
10
806
1
952
946
826
797
24
933
743
372
890
747
452
601
500
944
839
611
655
408
805
531
573
921
123
679
599
179
271
513
541
77
867
845
24
693
642
400
978
737
125
869
484
577
822
985
873
661
596
528
421
754
59
346
27
534
25
978
65
648
492
606
77
359
451
453
404
445
854
382
182
331
603
667
908
425
4
781
438
952
309
211
706
720
557
733
606
934
64
671
582
556
277
660
267
80
465
23
525
671
405
707
2
361
726
910
786
730
43
577
35
352
788
741
424
346
827
30
280
891
701
215
799
330
875
418
410
692
441
935
364
198
995
366
559
73
277
698
156
320
275
191
25
63
284
801
761
463
832
42
706
885
257
505
216
484
275
978
176
716
266
540
915
613
907
826
686
536
524
842
208
151
385
585
215
670
387
976
485
571
370
192
456
979
49
24
815
325
355
344
393
621
884
660
234
143
487
272
31
363
115
240
515
852
825
82
522
212
410
8
135
133
552
592
112
601
968
280
926
323
624
320
944
860
980
530
356
819
803
387
183
270
979
50
122
805
484
997
369
246
357
505
379
909
449
844
510
769
124
789
93
100
461
389
960
793
272
668
613
75
56
148
345
35
550
819
192
34
816
914
280
525
419
12
434
220
856
297
989
332
438
434
432
899
824
744
692
96
413
657
523
821
805
220
208
355
39
401
741
208
315
374
733
86
386
520
658
594
169
647
926
607
82
710
506
258
806
550
706
571
208
229
392
365
449
601
73
840
354
814
400
21
188
486
107
926
6
765
520
175
764
798
134
198
860
992
456
667
542
162
590
102
743
983
468
192
936
893
385
642
707
785
663
248
271
770
174
629
887
47
156
651
845
290
202
706
282
658
725
177
173
315
631
916
650
99
461
938
992
846
580
52
631
243
652
255
365
826
884
252
873
41
256
71
331
458
129
966
468
854
495
641
521
126
558
172
578
19
462
922
217
43
974
200
286
626
455
4
805
340
256
30
733
864
101
416
674
582
382
143
436
877
784
958
4
694
482
934
65
944
856
282
339
831
835
626
809
290
630
966
982
238
997
715
455
450
132
129
33
866
272
821
96
57
131
452
103
613
386
169
910
242
803
249
425
638
227
587
281
209
553
615
448
902
683
255
705
815
384
738
33
657
911
129
66
43
933
169
656
319
690
918
914
846
168
691
836
395
278
117
957
184
85
757
438
768
12
143
935
396
233
968
53
145
450
471
188
383
641
196
55
683
115
321
529
635
12
718
382
643
835
339
827
272
96
617
40
108
761
975
505
994
944
910
491
746
382
679
481
375
228
536
410
343
857
292
978
222
10
360
865
197
700
44
470
148
661
510
257
774
486
114
769
782
24
612
528
758
292
9
133
520
898
896
215
107
188
545
681
198
905
546
395
957
590
865
458
604
376
715
378
214
181
499
996
557
112
876
316
756
237
801
628
487
697
843
947
885
388
628
83
645
175
831
955
117
696
413
73
424
480
452
990
13
303
338
570
415
214
886
171
804
40
799
291
737
994
238
975
382
867
58
380
394
241
687
863
290
100
937
714
932
389
57
945
692
395
515
460
962
754
983
766
794
783
409
883
129
0
858
864
219
269
244
613
510
931
476
800
383
765
867
667
154
924
964
199
671
831
11
633
585
994
751
731
129
161
967
259
161
825
123
380
446
719
345
957
2
173
109
737
939
328
404
445
252
720
996
276
551
7
909
489
354
661
220
483
822
187
742
335
365
217
67
811
288
412
120
290
937
582
27
876
910
783
322
515
503
318
791
55
678
700
544
32
713
116
515
887
656
610
222
373
179
641
536
468
405
9
758
343
591
138
571
853
273
893
368
777
564
159
184
594
212
80
626
925
548
493
165
556
455
739
929
987
381
466
455
138
827
565
481
418
703
53
623
329
298
992
106
214
503
642
808
67
722
434
345
622
280
510
179
87
249
108
74
982
926
529
121
753
447
602
523
502
7
147
831
658
491
937
872
346
931
681
414
653
467
111
628
99
621
807
187
222
915
261
205
842
143
326
947
590
280
823
92
640
322
924
298
813
213
170
511
497
203
277
502
671
388
130
770
9
937
957
584
853
571
789
47
714
467
346
656
99
169
748
739
491
24
37
656
590
560
168
87
763
445
589
786
834
720
557
195
657
866
779
862
789
568
909
503
387
256
159
487
777
260
226
269
636
616
277
226
528
445
313
291
243
903
430
77
975
339
624
632
205
404
495
347
324
756
202
712
364
714
551
142
974
129
763
610
745
40
837
625
838
502
917
81
757
699
510
732
38
134
365
243
890
212
942
567
968
145
631
685
859
182
179
833
311
942
795
409
334
984
34
524
487
303
957
244
2
467
977
40
954
694
636
196
258
578
763
578
723
394
263
582
576
442
767
240
736
915
649
423
899
683
947
386
987
905
983
989
724
312
30
30
358
666
227
616
244
342
546
320
737
810
254
665
604
22
905
693
937
906
116
188
590
415
575
577
672
910
566
397
574
948
779
932
614
6
900
211
701
446
883
790
608
137
455
565
159
713
258
448
971
726
637
561
493
564
490
166
826
409
563
400
357
342
684
324
701
584
887
402
382
770
544
343
907
351
908
419
416
518
867
388
596
856
949
89
420
440
607
246
849
170
646
558
865
330
882
918
266
769
672
1
891
216
344
799
567
604
218
984
474
437
372
422
294
673
863
66
113
471
313
314
993
311
873
210
994
107
128
612
229
152
613
120
720
309
271
640
265
841
624
739
279
348
513
925
373
377
991
839
848
656
153
193
968
378
404
314
838
884
926
67
389
540
539
109
201
811
749
467
652
725
558
283
425
72
208
799
801
552
638
1
208
143
194
528
522
950
842
360
835
769
779
224
661
318
685
862
129
435
329
134
160
240
417
586
312
978
737
113
530
375
466
90
518
660
619
392
611
461
752
798
582
531
22
243
202
59
106
331
494
787
465
7
27
235
945
691
213
682
156
95
57
622
537
927
283
156
320
246
970
424
44
904
956
418
148
510
477
606
841
324
393
659
331
773
246
628
464
459
310
621
906
719
243
443
646
878
952
966
476
274
391
872
178
699
642
326
209
472
932
402
796
678
61
479
451
659
107
267
118
769
888
376
488
484
172
134
714
124
101
191
750
492
415
928
543
58
607
752
882
891
506
30
569
920
509
372
579
968
640
698
737
880
426
225
716
598
711
431
74
812
974
824
656
389
105
199
799
712
303
681
603
810
711
525
730
572
249
309
892
889
359
629
122
138
206
838
736
918
269
163
82
595
987
739
985
92
290
136
156
946
170
760
108
233
637
190
158
886
851
50
776
211
32
250
349
238
88
437
508
710
600
591
305
940
682
642
32
324
779
189
270
301
301
730
886
938
920
44
824
772
95
952
335
479
202
36
717
643
473
578
353
426
169
658
366
203
653
750
527
784
291
150
85
592
880
971
882
153
368
707
925
463
11
260
942
566
296
11
209
121
589
562
547
110
572
265
313
225
16
193
9
307
343
446
900
575
418
134
728
786
841
653
601
853
265
895
419
913
258
980
35
200
542
934
310
466
200
976
692
216
169
53
523
864
500
775
439
270
910
168
408
103
173
361
308
439
256
79
352
866
59
739
66
953
674
729
420
226
705
464
442
226
869
317
442
369
445
881
991
707
401
751
162
927
112
471
366
720
902
70
587
962
162
5
267
188
734
39
414
791
855
208
17
725
525
459
446
322
693
438
29
446
541
192
373
654
15
91
726
917
162
665
231
676
671
499
864
405
890
278
549
746
486
918
823
363
730
269
686
423
59
67
869
601
611
595
607
626
686
333
544
200
999
127
876
22
978
740
427
869
370
328
967
208
247
790
572
977
59
610
400
471
677
621
72
289
568
679
267
255
364
163
455
363
291
332
737
269
424
165
490
147
845
457
355
92
599
279
69
11
889
821
482
919
795
906
560
363
585
827
618
301
991
426
17
282
110
754
903
534
271
746
33
117
555
389
209
155
20
279
166
910
452
0
181
247
906
741
611
843
568
581
144
911
7
161
193
117
268
449
4
539
195
37
656
102
778
218
257
151
497
775
61
949
775
594
549
681
335
160
524
255
741
21
167
101
534
712
218
802
161
574
342
708
964
350
811
94
568
420
245
417
196
658
719
323
252
268
5
587
780
881
843
873
254
10
974
789
74
545
943
236
119
285
296
83
988
107
178
556
880
775
326
76
434
45
399
686
665
756
626
445
990
469
318
244
831
293
385
905
190
329
493
309
966
790
745
954
249
275
863
129
50
189
557
836
586
309
523
251
417
149
696
407
970
366
4
801
11
741
58
201
70
904
863
389
46
960
695
647
235
558
129
637
99
686
474
37
347
349
288
765
498
336
172
468
703
528
621
714
270
31
268
692
935
131
433
333
91
129
981
678
39
110
667
491
796
141
528
144
490
817
261
340
153
433
160
208
314
781
275
584
165
543
628
452
26
62
786
469
543
767
499
582
877
166
73
25
660
602
521
502
771
782
195
924
568
355
485
882
489
760
818
654
655
798
106
33
860
892
854
403
11
353
986
240
871
411
266
883
13
139
738
784
274
933
61
842
288
898
76
777
10
894
783
665
692
242
50
905
486
904
660
498
609
646
738
832
410
356
716
775
848
454
912
122
739
325
964
379
223
392
509
233
638
292
250
330
534
300
587
21
556
248
871
165
246
961
349
656
318
65
432
518
871
344
640
962
669
956
342
244
348
851
477
986
495
727
668
30
379
256
403
935
504
274
452
102
235
801
759
905
219
543
423
442
239
415
405
260
371
747
504
71
950
333
409
445
412
78
475
791
686
230
78
542
856
882
644
92
35
755
349
254
298
125
49
889
540
454
149
264
553
653
687
503
338
97
300
750
527
776
893
213
358
971
755
215
205
751
659
241
507
8
847
157
485
896
47
378
702
548
642
255
202
681
110
540
778
411
643
305
539
536
870
897
860
977
464
65
729
123
658
588
484
506
97
969
754
144
347
457
693
341
64
247
23
175
139
801
938
782
459
477
671
329
726
531
307
191
596
388
314
255
976
150
113
73
120
219
570
819
676
615
161
93
214
536
620
705
689
558
488
148
387
159
830
465
42
137
656
638
877
323
245
853
825
710
278
945
930
200
765
958
167
278
51
381
166
23
87
855
933
927
356
320
438
186
138
480
675
146
470
552
821
68
757
647
778
387
592
708
588
709
667
107
339
70
489
505
446
928
713
379
207
69
52
997
607
190
477
634
688
299
186
510
367
295
157
146
682
101
206
622
163
225
730
502
648
571
360
94
851
425
473
58
494
877
55
453
67
884
87
108
535
625
618
903
272
775
401
306
228
607
929
391
185
11
246
833
934
606
927
785
31
752
195
877
630
602
682
49
838
121
157
373
98
775
628
370
902
29
676
131
989
957
874
174
320
120
7
606
726
286
391
109
38
938
338
20
892
20
70
730
493
579
456
591
707
436
961
609
818
990
92
807
299
967
333
620
87
692
226
166
330
970
627
368
260
966
741
153
338
163
235
832
742
43
423
449
480
737
411
298
79
855
457
378
822
142
998
262
834
577
780
516
899
407
236
159
725
977
664
416
140
252
600
235
295
375
36
127
112
447
777
191
655
586
570
477
728
920
91
914
849
871
430
748
631
667
260
708
644
924
476
137
176
76
724
472
452
760
951
916
560
729
108
215
315
30
44
44
302
136
310
152
359
741
252
342
408
512
403
404
437
879
893
613
956
617
437
760
730
389
676
290
470
136
505
785
166
549
181
821
37
492
325
749
233
577
91
993
442
494
749
879
374
995
844
682
964
634
442
694
375
118
984
845
607
841
982
773
743
164
946
780
656
271
529
241
201
973
586
643
467
687
874
193
682
70
227
647
704
669
341
431
140
678
276
747
519
611
872
614
775
819
395
783
442
276
376
995
249
962
638
69
649
864
614
684
935
842
331
991
863
24
423
3
54
51
102
926
662
975
540
789
146
935
572
940
564
948
936
165
262
926
234
264
791
849
948
726
43
631
69
906
7
492
910
62
896
364
988
558
691
528
700
837
816
624
130
380
925
66
545
187
992
132
803
135
333
751
861
376
734
931
282
742
775
544
156
671
261
496
582
952
24
282
142
192
906
272
572
831
690
470
371
34
954
174
170
287
278
31
15
364
314
649
458
442
546
614
113
807
110
47
111
487
681
253
679
940
877
604
123
567
74
494
602
380
21
772
19
651
155
34
15
822
35
474
264
933
88
729
92
551
777
204
38
458
457
717
398
335
321
522
254
747
368
208
127
389
980
498
40
488
884
408
310
920
882
926
853
970
655
946
873
432
502
911
243
959
629
993
646
302
867
253
50
236
461
529
977
794
28
370
282
912
778
944
184
660
870
390
982
525
688
856
310
190
119
905
501
100
898
500
403
118
753
805
354
214
686
683
360
66
53
642
331
183
938
515
195
808
257
530
686
945
738
348
135
857
253
637
958
503
489
713
621
242
870
327
808
908
11
169
975
416
163
658
952
102
525
147
262
783
677
300
728
767
648
216
625
253
205
935
109
694
0
730
936
222
410
96
130
773
265
457
189
781
115
493
883
641
641
145
776
670
798
504
790
446
72
415
52
277
702
161
971
702
891
259
276
653
356
406
426
973
216
968
754
331
461
637
324
454
135
100
477
933
957
267
731
29
34
783
659
736
944
630
790
188
890
66
841
598
824
268
571
40
236
326
724
49
315
400
504
450
501
981
735
810
248
467
191
282
602
850
370
547
833
160
87
75
578
928
673
402
548
244
443
136
570
519
186
886
919
42
688
772
23
776
582
623
595
126
257
197
328
979
96
161
139
183
236
69
464
909
471
364
506
266
853
76
785
391
314
705
433
355
477
808
131
412
431
78
538
40
275
866
19
724
380
510
259
616
579
723
878
402
440
384
669
293
812
454
684
479
511
469
834
341
277
317
753
60
395
643
100
22
861
119
746
241
629
6
858
560
81
736
962
873
120
631
518
284
438
554
763
301
23
597
642
300
266
395
360
13
390
812
388
252
931
486
493
912
844
351
472
926
439
435
151
911
418
670
196
208
224
959
510
600
909
152
252
527
900
613
541
290
425
281
542
709
767
36
973
612
739
446
890
531
233
41
442
651
63
990
860
640
950
722
240
211
874
492
90
774
457
983
65
235
264
959
944
32
995
917
644
87
715
534
618
300
927
60
304
991
403
516
631
353
238
223
916
112
715
6
239
173
990
656
408
254
615
704
638
963
973
282
50
41
168
20
341
448
432
645
439
835
161
422
188
399
645
456
864
360
815
103
885
805
111
645
411
726
701
50
689
675
684
91
68
205
111
409
653
544
55
444
379
568
866
920
320
863
728
184
223
543
639
461
348
750
458
112
476
160
514
518
187
550
961
255
755
73
664
760
969
71
204
700
992
422
972
312
285
701
848
861
244
487
674
945
237
132
409
65
292
923
935
831
825
897
86
933
322
103
693
643
526
250
343
518
24
668
182
310
369
30
523
965
517
197
262
106
681
671
524
326
946
811
157
772
60
596
705
734
699
750
377
577
352
73
448
377
741
630
39
110
13
562
427
530
111
690
989
792
713
865
470
660
676
628
784
737
224
841
471
275
591
201
204
944
274
652
673
15
635
712
477
648
626
256
530
737
946
871
881
660
736
352
672
413
332
456
502
908
649
325
535
240
526
739
536
800
744
209
167
731
273
996
731
899
253
261
988
199
485
870
211
221
574
235
986
258
43
488
166
692
814
53
285
340
144
821
493
240
383
660
971
656
9
54
908
262
668
896
813
153
118
377
374
44
612
361
302
656
201
820
348
15
225
633
708
370
807
553
610
190
565
934
198
574
988
458
836
656
355
2
809
473
379
536
870
991
249
524
999
450
345
348
818
922
333
526
292
140
79
255
682
644
189
233
219
529
691
407
186
46
409
347
872
140
235
742
132
484
618
131
935
963
831
753
886
165
631
530
657
62
785
340
706
326
925
277
856
616
37
394
15
798
93
887
939
329
981
423
813
599
906
100
915
738
853
153
255
836
35
264
898
821
604
957
499
881
234
707
498
623
453
513
774
547
752
713
228
85
488
41
36
394
494
303
484
699
808
91
536
844
356
434
17
312
391
516
194
978
576
44
953
29
557
727
576
661
792
804
98
280
198
134
27
44
790
863
743
598
955
279
442
663
66
811
975
809
328
521
139
256
565
93
285
474
172
214
135
965
370
233
245
920
720
624
964
510
488
708
460
795
339
255
458
405
66
785
215
746
307
354
2
224
799
288
699
972
854
834
937
224
420
534
145
492
159
109
2
647
169
814
442
509
69
252
914
136
37
481
882
696
188
885
921
987
525
620
311
379
806
248
955
226
135
100
70
294
562
424
293
731
239
87
240
308
691
155
796
728
988
679
425
176
916
698
164
793
318
475
524
124
76
479
703
563
580
773
209
494
550
502
225
789
941
466
449
632
973
246
712
961
925
489
138
193
187
654
986
505
481
862
982
909
341
37
472
273
162
681
767
712
535
345
501
476
163
951
460
136
549
173
449
474
662
939
19
850
945
357
707
427
219
689
688
912
78
161
186
241
194
305
953
730
650
807
558
165
110
371
301
659
544
103
485
558
394
504
760
340
213
820
119
784
861
807
696
940
320
234
181
515
540
486
245
542
293
155
708
755
526
361
414
422
816
251
333
211
107
445
551
320
265
670
104
479
829
801
419
150
35
952
665
927
438
262
822
84
769
882
839
648
243
606
70
412
857
755
623
965
201
174
285
818
196
742
297
377
543
68
527
930
20
544
210
459
158
32
895
280
914
734
928
509
692
998
921
550
106
896
515
307
422
152
477
618
246
775
348
789
843
875
72
864
772
634
675
282
666
922
562
932
8
490
793
701
841
67
251
947
963
118
606
386
622
83
356
869
858
704
10
54
932
434
918
704
68
945
986
86
867
549
370
875
39
516
928
232
583
531
179
546
649
785
284
624
869
641
845
79
345
855
133
277
642
403
333
710
700
320
149
567
221
519
795
612
35
723
845
618
255
376
517
256
162
153
232
383
794
77
814
492
285
948
121
927
351
455
989
52
775
138
971
348
658
118
960
45
194
805
16
801
534
885
409
696
38
642
431
833
719
245
325
356
545
798
283
249
253
273
653
380
763
624
728
773
95
41
819
289
846
835
442
732
72
851
428
110
493
211
943
565
809
620
921
354
419
557
603
24
182
256
405
945
233
485
719
328
526
890
969
725
77
411
457
149
262
238
259
756
449
555
673
258
527
594
613
298
503
568
323
685
825
80
983
58
565
54
738
92
296
707
817
373
118
274
874
732
864
485
488
314
40
513
924
920
108
889
570
963
458
893
1
635
973
984
45
891
390
783
983
686
490
152
411
960
778
285
692
643
770
533
309
163
46
233
435
506
475
5
822
933
899
823
920
224
807
965
467
197
748
450
235
590
954
646
550
733
931
594
728
53
479
37
216
878
622
3
384
97
9
206
382
260
29
302
484
188
619
952
737
367
754
972
957
61
970
859
146
901
806
874
307
285
263
875
515
885
879
900
335
888
458
69
148
840
724
984
380
343
288
118
711
43
442
20
456
413
232
602
666
390
476
973
27
91
849
543
328
728
795
663
968
253
85
116
445
809
100
826
152
389
296
215
784
90
236
592
503
820
194
522
210
22
495
237
113
696
780
793
424
575
457
392
181
894
860
626
703
961
804
855
702
452
71
838
543
659
430
398
479
976
920
41
998
416
278
463
112
411
256
889
338
65
281
519
959
142
498
14
455
654
870
509
107
293
699
650
952
129
48
783
457
969
824
455
737
454
270
201
865
878
90
556
944
724
75
255
218
925
270
673
580
492
534
39
785
233
689
89
714
89
224
171
410
400
978
147
854
248
349
72
126
791
628
422
515
55
678
733
981
300
758
913
792
292
952
929
525
993
370
591
434
594
762
845
994
740
344
200
340
45
272
467
837
252
241
352
308
271
438
641
571
196
554
715
489
858
996
366
851
366
958
285
312
72
482
658
813
827
211
505
224
483
972
61
88
566
766
748
837
204
389
761
400
295
476
241
153
825
608
356
191
918
993
856
990
476
866
155
655
77
661
879
913
985
941
1
551
707
749
389
263
490
150
663
785
978
905
290
803
865
646
347
783
639
555
125
467
421
281
122
851
942
2
764
927
943
117
831
2
218
572
265
60
722
280
845
52
537
135
208
754
133
555
889
124
110
15
592
883
296
714
734
590
716
850
869
11
319
700
365
889
272
982
949
346
615
146
751
152
633
959
907
766
866
796
243
976
163
835
211
811
549
298
401
618
500
623
981
172
675
347
61
948
681
363
646
296
861
749
449
495
708
708
613
574
856
856
902
20
691
114
831
593
764
233
211
264
208
192
436
883
891
850
183
573
565
182
869
426
931
670
921
640
378
887
566
235
743
469
607
787
935
438
380
51
23
591
315
231
135
104
115
27
306
650
952
871
832
821
297
764
844
571
756
574
458
322
161
553
143
768
340
78
207
720
129
582
663
797
814
799
253
281
178
911
931
130
134
764
303
431
880
499
354
636
74
164
310
587
718
454
356
58
884
915
131
366
497
794
163
663
945
768
944
475
679
876
957
813
992
613
596
872
112
303
860
538
467
170
126
185
624
834
596
509
749
727
875
598
873
390
262
171
510
206
646
541
434
604
706
778
217
654
650
681
957
862
220
777
33
698
314
9
532
910
870
633
989
97
231
215
839
845
386
349
404
32
242
838
988
948
617
557
603
619
239
912
482
459
689
867
157
4
228
41
266
99
674
256
548
257
823
388
103
209
89
507
593
332
697
582
632
666
139
587
286
730
500
120
189
541
339
698
897
567
91
164
18
765
772
919
375
595
307
830
156
748
689
749
432
386
683
65
405
175
652
691
905
504
163
447
398
854
497
295
773
589
811
792
706
935
63
433
882
370
263
38
470
304
140
903
43
175
320
448
702
324
491
960
829
6
407
579
860
256
226
633
197
38
777
256
325
840
689
208
562
305
598
33
609
90
288
652
266
608
452
320
932
943
280
113
949
39
692
809
296
271
795
845
661
572
101
986
765
791
546
327
448
145
712
57
235
0
62
853
960
514
174
893
810
454
6
759
846
51
921
142
322
716
987
983
288
441
321
405
584
868
733
32
13
797
441
600
798
503
806
758
370
332
3
180
138
10
291
984
413
212
126
735
928
466
70
569
907
391
974
491
259
59
875
624
857
316
577
7
172
383
765
542
715
121
74
853
131
365
190
544
930
668
631
858
134
53
779
393
444
106
236
56
517
463
32
374
780
961
381
952
344
499
846
411
620
920
617
103
637
807
999
567
475
982
778
962
35
909
707
479
367
296
887
885
759
272
259
539
233
993
843
930
844
41
341
464
313
310
919
951
469
918
870
297
900
648
611
287
910
318
766
277
614
6
162
726
278
774
617
863
767
461
793
611
502
487
427
816
797
346
119
619
616
989
916
868
990
527
155
900
197
273
177
164
631
692
890
909
466
507
773
233
320
918
196
823
405
975
991
555
321
110
174
289
451
442
157
441
321
664
341
518
937
871
34
569
563
924
830
381
784
955
966
104
874
162
279
279
137
270
186
810
732
360
451
184
154
960
625
475
624
319
346
913
190
380
834
105
657
17
838
441
972
804
897
198
966
177
830
455
799
16
617
532
377
420
716
531
380
341
359
356
660
57
621
202
437
456
659
446
473
497
239
797
653
137
996
971
666
826
778
465
842
395
997
571
167
65
455
547
407
814
255
419
871
877
974
660
333
985
459
158
835
698
955
488
187
951
460
205
777
590
23
972
986
20
543
153
86
998
53
845
164
308
616
35
185
942
48
870
928
507
28
115
557
984
955
97
935
767
302
65
358
325
37
696
698
580
849
136
931
254
333
95
915
301
483
100
244
531
971
524
390
351
639
299
335
946
748
623
714
403
688
72
80
725
768
778
657
969
266
588
576
951
684
491
253
167
591
497
50
914
373
792
266
364
443
953
310
192
576
24
595
264
448
675
341
568
806
999
538
72
939
114
376
623
957
629
142
548
478
544
815
851
336
433
215
780
386
877
972
963
254
919
579
702
594
273
623
400
624
513
825
563
979
201
539
936
182
33
836
660
578
651
863
266
84
430
46
823
307
370
138
561
289
69
616
236
342
239
988
966
752
165
882
83
366
421
19
900
806
855
560
384
507
775
651
943
205
49
766
513
772
256
426
61
326
42
649
668
633
638
987
737
803
869
820
522
642
839
422
448
47
335
185
554
110
188
849
316
589
968
181
361
224
607
775
550
650
424
571
635
62
558
373
866
779
193
740
421
385
162
221
432
849
758
338
960
298
187
628
888
507
161
249
84
768
24
986
770
449
557
406
863
467
779
81
246
324
821
19
61
984
593
493
185
703
831
497
2
371
125
890
230
638
491
314
407
516
301
177
317
210
935
532
678
66
614
276
391
435
648
452
771
593
298
957
296
481
454
298
204
932
540
435
570
32
749
977
900
402
507
217
613
442
101
643
861
715
271
604
151
271
56
922
864
706
231
161
188
686
811
392
970
352
179
540
384
929
870
636
683
377
205
648
171
306
291
384
22
915
988
173
186
397
447
403
103
679
564
291
717
727
36
687
79
215
579
815
496
449
451
532
178
656
180
702
315
824
86
337
739
75
862
277
472
661
680
927
692
596
571
409
324
607
448
755
174
28
923
23
829
374
555
8
383
735
710
698
911
148
387
650
575
249
280
399
910
960
327
603
909
898
364
233
505
165
340
31
193
263
54
22
990
609
382
373
697
444
423
608
593
810
611
520
411
891
920
673
203
247
628
112
145
345
697
2
510
38
33
703
653
440
77
643
401
812
368
98
256
791
59
201
953
670
722
716
913
642
390
468
241
370
581
386
715
630
740
225
20
125
280
674
565
710
317
967
522
686
417
130
829
476
332
135
498
406
851
411
400
593
232
641
964
165
379
31
795
119
257
816
244
889
842
162
599
159
129
473
197
546
604
379
375
936
514
873
342
717
637
742
663
869
735
627
34
114
10
181
585
619
349
181
509
191
343
108
703
472
934
900
371
538
279
746
474
145
619
168
863
608
262
526
477
997
505
863
463
515
45
48
135
746
581
996
938
925
456
993
749
390
893
120
928
525
218
754
22
190
274
885
798
888
763
276
237
620
139
700
488
536
100
623
283
682
971
573
607
427
566
708
818
811
829
98
336
399
205
359
589
479
596
388
368
712
16
605
332
155
658
820
44
758
795
327
792
766
252
751
546
818
460
364
629
641
814
318
40
19
677
630
499
625
18
219
337
34
824
22
541
482
842
937
593
638
616
385
756
868
137
302
686
597
18
316
238
833
634
630
852
663
260
703
640
630
922
330
16
99
352
910
581
194
847
174
184
464
912
941
332
49
243
371
998
262
39
588
447
25
218
651
40
479
355
680
461
629
362
478
728
714
388
662
909
587
188
445
51
100
386
736
149
982
459
499
596
498
87
43
875
306
694
915
137
401
947
598
31
310
76
759
24
816
421
285
404
610
731
455
710
469
543
212
451
2
63
47
852
151
442
727
457
137
994
594
538
942
192
921
252
621
681
628
437
454
914
841
416
997
649
479
818
192
691
270
547
106
669
399
257
112
479
66
601
473
12
491
415
557
413
19
178
446
648
967
252
914
809
669
263
810
148
81
2
191
703
901
297
725
653
555
189
132
973
142
957
986
633
725
543
398
744
73
196
744
40
449
10
201
118
625
11
266
59
366
457
762
267
754
487
272
661
28
404
635
170
714
621
804
439
516
554
535
589
751
632
981
200
994
183
318
620
194
936
679
912
393
793
180
499
633
452
161
661
209
148
832
275
121
988
66
637
542
953
578
645
585
911
197
932
94
515
904
641
803
935
553
548
728
85
48
713
890
561
375
451
61
559
726
182
899
144
171
441
97
101
439
35
12
636
967
459
504
871
100
307
806
5
856
886
443
256
600
685
169
975
136
230
886
214
412
785
358
583
578
455
36
17
490
48
6
809
507
510
680
959
169
838
317
377
725
760
633
677
797
802
652
933
384
890
499
796
675
209
731
253
16
767
623
507
168
629
668
675
491
701
987
660
539
304
38
616
416
23
293
213
178
297
498
562
187
997
711
214
206
794
820
222
562
443
81
730
424
750
757
915
451
744
927
342
48
317
959
464
341
604
677
871
902
527
433
89
524
496
656
82
291
476
305
853
271
738
935
695
840
692
962
643
437
241
986
837
559
297
654
252
901
683
123
803
211
556
245
735
53
901
818
344
729
475
549
0
565
484
47
406
528
361
49
317
602
35
155
513
684
809
765
586
492
888
741
703
797
338
791
202
239
961
546
320
788
447
320
353
283
719
759
811
80
809
129
35
196
636
548
881
797
666
819
289
554
560
345
351
899
488
553
490
449
451
811
237
250
483
942
533
203
702
697
283
863
178
670
59
814
219
292
611
885
111
252
791
24
949
495
275
437
400
117
238
204
928
827
454
764
770
988
967
472
685
602
335
215
273
746
29
844
391
992
81
502
596
872
878
546
719
505
335
120
623
574
324
551
753
778
667
523
118
634
347
155
237
34
370
862
781
751
706
524
95
787
378
692
11
257
590
731
762
277
851
385
203
527
289
957
657
956
832
776
943
180
283
180
214
6
42
347
757
100
871
853
887
250
897
250
859
839
981
973
116
184
711
320
63
0
277
721
308
109
849
251
641
132
783
856
138
177
555
248
629
779
453
516
381
350
119
592
541
100
565
657
637
276
977
700
628
254
773
289
716
622
892
357
107
676
565
597
205
473
845
835
604
298
703
337
0
174
929
541
275
846
199
264
123
528
316
103
135
90
392
851
64
285
560
171
313
478
769
870
951
966
57
907
265
113
244
617
287
173
511
562
19
62
178
494
590
495
598
77
937
990
928
1
627
841
525
292
319
294
163
622
260
220
529
877
333
773
847
621
298
358
535
317
420
66
164
362
561
762
440
850
104
720
203
84
913
728
376
232
22
539
206
635
112
735
864
797
860
711
770
158
421
306
828
193
372
992
556
285
754
348
487
210
68
690
294
982
419
23
566
793
914
773
780
26
860
645
176
721
708
946
879
130
252
707
323
976
699
231
613
805
579
452
368
648
143
14
982
914
37
900
707
952
673
840
330
534
837
506
607
545
453
486
27
57
546
703
386
597
934
999
403
514
452
123
514
947
137
848
861
175
748
920
479
774
760
809
660
597
668
267
143
473
105
522
530
651
225
916
249
512
268
4
378
72
127
892
19
264
92
232
791
840
152
622
966
913
784
626
510
452
893
5
925
999
880
455
2
105
724
251
969
992
607
347
416
734
239
435
351
683
667
494
876
171
117
842
436
901
469
299
353
362
304
630
713
536
437
716
994
161
319
963
505
279
311
921
365
902
356
716
586
375
211
462
899
328
304
335
229
773
634
934
488
291
564
553
827
1
621
821
515
293
785
20
572
96
942
937
998
650
6
936
378
217
398
277
897
55
612
478
180
247
412
668
890
328
574
717
681
195
891
196
488
676
217
412
124
511
350
474
161
356
411
539
925
161
168
822
216
781
652
397
380
416
417
270
744
991
339
425
539
230
974
379
258
191
792
734
702
494
209
215
850
972
107
127
133
275
301
350
56
953
99
788
369
868
410
465
860
102
242
751
684
216
130
943
759
922
29
461
768
238
29
618
210
136
97
696
411
398
398
820
703
497
960
424
365
723
889
577
825
132
680
509
348
811
804
108
85
834
921
854
424
302
824
987
438
922
683
202
672
433
374
728
930
334
152
647
57
42
577
234
526
257
96
226
420
900
686
506
86
960
712
863
262
536
850
53
810
885
255
835
318
981
563
600
315
715
599
725
109
176
311
635
434
407
214
854
308
900
712
746
860
424
609
123
313
811
176
475
48
783
310
718
764
873
318
431
589
918
508
50
446
820
38
232
227
252
87
887
152
151
986
13
928
947
488
241
111
16
716
159
151
379
230
915
252
900
698
193
170
207
244
617
379
634
849
606
886
288
846
38
440
832
403
720
131
243
961
242
259
29
754
410
760
984
677
13
884
376
558
55
935
154
24
666
788
873
272
674
162
470
65
954
654
820
674
786
64
987
28
675
368
782
86
129
118
115
494
3
843
52
410
130
559
434
796
347
659
421
374
173
891
791
127
898
611
153
684
675
492
64
351
861
199
789
342
317
256
188
672
100
592
82
230
151
868
379
851
528
800
225
701
691
16
181
941
979
334
625
655
827
690
358
40
241
499
382
558
755
570
231
207
514
313
790
666
182
169
517
62
969
94
763
12
462
944
954
441
631
931
448
458
973
806
850
214
657
584
773
765
506
356
324
20
669
114
686
203
635
555
617
604
649
381
969
463
677
275
905
308
558
353
118
532
512
968
98
521
904
223
286
410
579
963
431
601
77
117
804
713
25
774
669
26
507
990
490
184
617
395
845
176
100
315
708
612
636
158
134
540
382
772
951
961
735
382
562
165
851
719
230
228
493
251
255
0
242
745
536
859
492
733
387
592
49
447
557
37
606
691
577
988
815
880
949
551
614
864
716
818
583
298
46
76
549
653
428
143
398
964
355
242
698
742
835
99
190
392
488
796
435
417
136
250
298
85
153
264
949
221
434
532
519
481
960
421
486
388
564
885
705
919
479
755
662
314
206
852
58
694
0
493
111
136
96
761
573
601
26
523
823
460
407
694
293
720
115
780
460
680
17
517
599
496
272
613
163
830
817
221
524
817
67
988
305
515
749
879
116
127
754
291
940
513
986
233
585
453
365
46
133
382
915
85
231
540
50
394
370
868
967
247
37
386
235
343
901
336
574
370
464
680
661
404
193
999
989
131
453
707
529
938
441
444
23
672
984
74
418
707
294
738
954
331
124
541
26
378
877
952
748
693
632
409
449
178
409
791
309
214
498
838
152
939
634
176
612
619
602
382
326
896
120
632
579
245
173
606
975
402
558
723
96
191
484
897
721
893
688
30
459
186
220
612
478
854
788
442
825
742
824
151
638
945
135
569
542
308
175
869
711
734
592
159
277
76
408
350
322
97
380
781
635
952
393
113
806
533
555
632
275
732
135
265
29
271
835
571
931
362
440
994
448
384
153
77
460
562
427
134
11
807
916
646
111
661
112
918
547
19
902
174
751
37
440
780
660
627
703
592
341
495
586
790
879
92
867
692
6
295
826
17
454
94
15
566
108
127
836
655
499
738
829
250
127
621
383
788
600
86
732
942
582
318
732
813
762
951
505
768
598
684
785
53
130
801
971
590
280
807
245
131
897
427
382
24
48
765
164
1
203
248
943
785
567
27
951
329
978
808
450
929
492
235
982
975
388
305
565
21
464
163
152
361
590
886
737
990
3
254
991
207
502
286
344
69
313
295
751
644
104
201
573
948
788
907
275
529
212
841
550
28
356
54
389
946
941
126
936
944
732
280
503
235
566
848
656
232
143
759
228
599
312
153
900
101
60
175
630
624
368
532
652
724
938
393
670
879
871
959
176
604
591
679
839
157
879
847
741
375
607
321
974
919
474
874
372
886
50
2
862
770
886
866
495
825
259
165
56
483
476
584
87
67
616
278
577
495
125
670
870
732
992
197
4
466
423
376
353
825
731
567
596
969
434
91
794
693
608
203
176
85
787
615
504
403
893
81
251
371
752
473
455
744
670
459
562
446
188
267
271
919
835
867
888
269
310
35
314
919
238
843
356
377
458
860
781
704
294
384
75
398
857
882
494
880
342
56
326
882
676
949
801
511
169
41
132
479
76
446
750
666
289
458
44
100
671
177
804
965
913
879
715
770
761
209
2
455
265
328
337
293
630
490
804
799
532
288
630
960
87
733
979
376
191
375
476
214
904
632
179
817
863
894
587
625
455
942
432
73
622
122
366
252
612
523
51
496
811
34
809
898
767
788
627
310
515
455
525
419
88
56
236
951
303
175
928
758
117
713
831
740
835
550
344
799
73
396
296
884
782
457
135
549
597
114
211
112
569
736
883
657
793
119
961
448
646
241
206
116
954
390
208
789
940
552
589
13
300
237
249
82
46
736
983
643
850
195
755
420
931
990
429
76
109
742
524
107
984
83
223
938
473
431
80
413
984
21
426
284
258
27
719
656
764
702
299
614
897
406
34
181
396
816
609
857
558
134
964
542
217
540
833
42
971
913
455
307
934
233
944
544
260
663
200
24
717
499
639
967
257
25
148
653
841
109
862
752
595
826
294
164
366
127
206
690
40
661
997
326
894
941
870
507
956
70
531
674
921
522
641
530
900
141
183
741
602
45
845
198
224
140
362
942
619
921
632
12
582
982
338
829
923
561
688
232
983
219
258
905
94
251
435
994
744
971
87
346
368
933
544
944
73
259
887
44
180
519
56
114
501
747
295
777
308
983
361
291
555
619
548
649
870
336
643
614
307
730
960
27
15
857
972
440
468
211
485
0
730
541
114
584
288
762
713
948
745
74
240
652
45
788
301
915
124
296
881
783
379
841
811
394
50
135
835
518
346
320
518
428
213
985
364
854
99
429
802
196
503
42
849
900
183
150
815
307
799
696
443
178
890
254
572
292
741
759
811
87
79
681
867
645
18
232
499
117
661
653
314
517
48
515
417
231
665
585
890
464
633
333
994
523
939
567
816
680
678
979
119
110
12
987
755
383
571
606
852
584
259
518
453
659
33
871
890
51
808
133
867
441
466
862
317
758
781
485
438
459
816
910
569
828
249
676
563
172
282
768
756
894
286
210
553
672
433
796
75
241
929
942
682
747
804
999
505
937
836
296
397
652
558
318
833
807
995
396
331
629
516
87
523
803
649
429
827
82
225
902
675
506
196
710
605
353
61
111
290
898
759
39
550
317
358
383
476
705
132
807
334
648
246
210
803
248
639
982
330
216
884
358
74
433
68
679
786
129
790
76
379
901
468
930
570
826
665
46
883
797
205
569
798
804
779
601
52
418
584
382
986
820
92
60
253
160
740
39
642
882
468
373
784
936
303
706
114
321
753
349
118
310
918
268
114
698
870
166
468
806
901
455
978
993
867
232
506
607
623
500
842
443
873
978
379
529
684
845
850
789
194
320
100
113
589
214
163
811
733
631
969
634
438
947
979
306
179
485
265
155
337
107
598
211
85
330
92
770
527
942
559
722
614
659
187
203
226
350
366
959
333
335
945
772
283
924
430
814
762
695
321
99
803
920
662
888
602
754
658
129
48
570
851
663
581
390
218
807
92
585
118
426
272
63
550
907
340
980
722
102
675
43
201
478
315
864
719
917
970
729
47
19
299
250
682
233
993
900
392
85
837
511
511
110
926
413
17
266
393
91
368
421
487
922
899
802
786
970
72
108
700
471
127
351
721
809
584
714
710
977
152
899
840
15
361
766
429
379
385
822
822
753
595
309
27
847
464
165
817
888
274
869
359
401
221
432
211
157
499
273
486
651
172
326
666
534
445
95
265
830
270
439
935
865
749
963
712
565
128
530
453
402
751
164
804
972
596
367
482
95
640
968
746
164
647
413
50
92
508
667
274
130
107
209
996
856
524
60
773
653
942
578
407
694
742
563
18
338
930
500
434
922
469
180
87
468
945
489
560
806
157
834
936
264
395
284
472
920
345
245
925
287
823
332
981
565
896
0
255
178
500
689
101
321
222
540
789
519
29
701
325
538
887
614
802
635
898
626
555
243
871
480
531
46
164
864
963
60
864
219
591
717
260
692
390
482
584
532
354
613
233
679
504
473
293
658
108
192
285
15
787
508
847
670
555
11
535
870
424
751
89
15
468
350
59
211
184
643
743
538
608
328
570
112
801
215
771
261
759
56
276
547
564
123
217
471
487
104
342
911
856
783
278
676
485
337
887
22
980
630
560
588
959
482
53
112
698
824
374
457
232
2
356
148
126
926
620
613
30
962
876
238
97
154
267
583
843
154
605
823
137
517
763
448
0
168
912
50
344
286
859
576
641
216
725
767
494
697
732
876
11
960
467
108
466
734
691
309
240
296
484
729
166
599
177
166
768
442
568
112
728
427
689
369
995
766
488
489
463
572
718
826
532
185
934
998
919
978
659
511
626
143
241
792
743
770
310
511
212
878
623
293
658
664
14
653
782
503
495
597
427
213
423
312
750
710
662
669
688
322
532
314
465
773
107
560
544
417
71
108
296
47
401
306
63
416
959
198
271
806
795
50
371
219
362
121
281
25
142
969
347
675
283
164
800
742
725
696
512
148
805
160
195
206
466
611
974
777
809
597
584
604
648
955
175
10
429
456
35
571
777
734
598
413
899
399
155
976
447
19
124
252
179
672
811
645
635
137
423
444
735
7
400
383
314
928
745
95
736
133
19
514
867
617
279
118
368
786
94
816
806
571
420
985
243
231
631
878
369
406
674
456
765
426
839
79
354
936
527
443
69
546
309
289
515
588
759
884
374
206
52
180
777
824
166
372
56
149
602
777
555
628
585
320
54
776
751
761
712
278
204
134
824
513
423
692
453
534
928
827
740
980
360
869
156
526
241
564
27
195
341
934
823
926
254
230
54
357
991
767
636
547
901
812
60
676
504
865
210
432
692
303
764
52
172
921
930
766
485
309
961
179
243
137
457
497
719
512
855
710
631
843
609
532
7
21
560
512
886
122
296
578
425
413
983
598
334
913
364
171
223
677
350
466
814
160
316
533
672
523
595
655
366
204
187
725
225
99
237
463
221
886
42
647
299
25
597
985
290
961
156
865
638
859
684
805
19
352
690
43
875
638
698
593
194
237
318
772
336
908
235
909
794
629
908
445
654
505
430
297
466
938
514
457
797
198
614
168
902
656
211
777
646
909
722
841
498
393
613
186
301
200
96
447
830
4
892
836
862
674
133
680
612
0
137
762
550
103
930
453
112
142
582
758
403
305
599
902
698
564
440
351
765
536
798
947
893
42
783
107
716
269
787
680
269
277
442
819
380
373
624
492
867
207
603
270
512
202
524
562
119
965
913
236
853
63
183
98
105
966
205
173
235
993
205
504
270
0
676
2
373
300
847
592
859
450
214
723
4
739
285
123
56
550
359
261
613
542
360
70
861
917
595
96
262
801
953
884
801
981
887
526
281
86
118
493
888
332
216
892
423
502
368
479
404
79
741
18
974
453
440
835
722
36
283
985
837
236
869
990
217
108
516
851
546
986
696
434
318
912
679
742
766
47
573
171
478
314
541
452
119
981
639
842
369
923
179
558
511
48
548
81
509
416
284
55
402
980
490
721
892
169
815
659
568
388
182
46
55
75
851
174
56
490
368
778
765
547
336
277
948
237
710
457
653
994
512
56
974
354
777
218
523
944
229
443
332
763
842
387
838
693
914
247
535
634
25
653
182
713
282
130
950
992
939
604
986
451
660
312
806
789
530
681
733
112
125
417
875
319
157
714
364
423
961
899
57
986
904
591
699
186
73
2
178
12
606
164
464
618
476
622
759
359
655
844
471
132
261
698
451
418
412
815
841
725
67
251
63
971
842
115
158
916
117
336
928
723
853
744
341
681
366
452
40
374
296
863
506
557
914
958
328
326
125
169
52
192
420
467
164
615
582
674
531
699
10
459
774
215
204
115
897
922
919
289
296
215
505
155
773
419
113
101
97
238
622
501
783
395
969
947
10
551
973
893
251
335
352
25
551
908
493
800
183
764
89
479
980
946
986
753
365
99
206
815
690
180
316
473
927
285
772
289
189
745
182
792
80
887
169
983
795
14
783
978
779
225
810
759
171
796
864
889
248
422
704
938
602
20
763
882
658
887
171
199
984
706
991
64
593
512
400
740
527
183
71
658
408
881
769
932
677
633
821
277
55
525
567
9
897
682
243
907
569
767
458
553
473
801
970
418
314
370
510
193
905
581
203
314
462
972
246
492
957
419
121
12
296
689
373
545
371
969
453
941
736
263
846
561
65
816
331
731
538
841
276
444
423
479
110
237
451
708
81
408
127
203
772
423
892
497
968
263
466
773
556
554
389
403
115
454
571
446
185
462
640
461
258
63
292
368
652
743
76
734
503
555
937
627
330
829
124
650
444
943
424
353
497
813
108
965
619
31
763
156
493
403
969
751
818
261
471
471
356
899
557
859
454
494
486
784
675
962
435
471
905
211
824
755
376
932
72
347
964
835
503
809
591
472
913
409
733
384
232
89
284
789
300
90
635
138
227
662
100
662
134
358
225
310
465
953
595
537
300
911
372
803
720
315
275
985
725
360
370
309
801
6
99
101
96
86
239
323
749
691
337
235
49
562
545
866
515
492
403
167
403
128
970
476
443
597
461
520
957
831
830
758
189
281
211
286
367
450
961
116
494
299
703
543
213
601
410
81
93
165
248
497
293
571
325
89
168
786
609
126
970
439
236
159
720
800
797
88
602
759
556
96
410
612
992
975
213
754
56
306
919
657
155
565
228
480
654
748
267
615
874
237
55
463
748
127
263
546
567
865
305
476
314
67
88
306
42
301
60
99
607
979
108
763
896
688
595
550
436
862
166
663
451
573
126
200
52
741
98
620
958
403
96
272
470
184
578
512
837
990
963
444
970
423
559
866
111
155
769
548
369
287
211
173
212
689
373
264
782
471
884
740
226
332
365
48
868
295
912
705
286
228
502
256
651
413
474
115
568
595
663
290
882
226
463
94
915
188
359
49
11
595
789
589
928
506
989
796
802
901
502
88
481
356
344
485
769
170
600
690
118
615
980
352
841
795
447
108
983
158
157
346
105
298
935
33
805
924
182
607
177
36
695
11
392
391
496
161
913
448
851
31
63
183
384
904
978
183
364
313
693
521
659
798
171
594
184
976
870
718
935
400
754
982
411
498
725
907
11
639
355
863
22
770
398
758
674
377
941
390
42
986
911
702
137
434
648
673
763
871
391
698
271
497
33
682
347
758
941
358
749
648
221
772
418
972
882
444
701
176
834
743
162
97
797
651
531
446
324
294
317
67
345
940
916
730
622
263
488
915
622
590
563
195
362
333
167
596
777
868
772
963
964
287
60
761
938
943
559
615
590
876
682
935
168
951
665
142
214
505
57
188
95
972
384
809
305
551
406
434
772
530
397
736
817
809
497
108
753
57
723
343
285
757
630
454
708
647
596
275
504
6
463
600
978
847
761
636
751
519
70
523
50
820
611
219
629
108
327
734
517
50
429
803
160
411
609
868
58
557
495
915
563
959
867
894
158
628
530
909
148
600
784
550
772
395
769
402
856
97
488
373
147
918
528
659
329
489
528
740
47
375
655
962
334
522
208
493
150
738
402
650
691
539
200
463
934
970
217
790
67
706
516
566
624
44
226
953
534
106
45
933
481
700
247
168
574
456
661
77
194
415
727
237
954
280
701
241
602
918
31
669
976
547
587
600
944
165
906
830
623
951
763
457
4
362
625
578
818
638
7
365
53
87
602
360
367
303
601
969
574
984
990
550
884
929
503
828
95
409
10
70
712
125
527
68
487
152
999
306
790
6
671
196
93
273
556
460
929
509
781
855
493
771
757
729
701
260
909
148
21
919
218
86
44
746
154
532
250
153
838
393
160
861
589
253
486
497
66
767
6
847
622
851
971
732
581
24
992
490
172
14
762
742
452
806
840
606
338
91
760
528
484
272
741
425
877
580
922
295
347
280
495
322
483
466
54
416
842
398
259
366
412
21
108
864
827
301
823
518
392
935
398
228
207
140
653
436
720
927
732
419
207
227
741
42
45
147
459
887
546
70
253
310
91
713
527
270
14
350
788
758
285
539
986
844
679
991
280
751
270
364
170
829
591
264
872
988
763
683
875
309
753
480
620
844
546
499
466
912
849
607
671
486
146
9
682
177
353
314
928
623
679
450
453
622
66
325
611
830
360
486
139
113
319
111
309
217
610
775
129
811
382
152
649
528
514
331
705
867
998
985
490
677
436
295
299
502
972
910
332
332
749
824
445
420
935
754
637
898
530
766
61
264
271
711
793
785
394
850
652
744
836
494
421
624
142
73
126
114
335
811
799
436
987
244
856
922
351
845
172
233
964
234
497
235
297
642
20
43
845
672
788
681
518
561
657
660
634
783
775
322
946
574
758
933
170
967
208
873
812
732
106
776
966
956
11
615
950
31
11
795
55
799
828
574
360
485
234
347
621
361
669
567
287
427
853
810
746
61
683
559
793
142
335
112
98
699
79
400
730
90
196
786
241
376
712
602
862
946
301
483
660
970
402
947
749
255
757
496
668
793
407
814
935
742
278
385
793
357
785
524
448
333
662
41
710
374
643
572
672
296
407
684
266
809
632
368
417
741
216
85
886
623
899
821
717
177
558
511
887
344
387
687
677
49
728
387
775
724
311
799
20
718
484
639
528
468
359
945
561
575
382
448
550
282
621
619
811
180
482
50
524
869
737
553
270
818
941
397
542
252
197
914
323
681
553
851
149
912
148
710
839
530
510
389
164
132
361
328
312
843
378
188
65
468
741
335
286
34
733
180
639
282
94
962
963
0
165
464
912
313
526
752
195
389
493
360
521
206
40
185
50
770
373
467
238
114
802
876
501
887
408
140
521
503
102
836
503
267
300
767
932
179
871
127
568
717
839
441
923
879
626
325
650
351
792
240
817
595
469
318
834
877
458
356
732
912
544
587
179
845
707
463
376
578
591
296
295
430
737
571
662
715
896
664
66
689
256
235
284
725
554
470
955
364
178
39
277
723
979
808
920
686
272
648
264
215
944
912
645
33
483
659
748
379
323
166
68
580
401
704
657
307
527
964
672
57
4
301
780
983
109
52
669
733
700
285
948
644
549
946
677
384
605
777
764
281
943
184
213
697
241
222
4
768
187
28
177
191
329
958
174
791
362
195
524
63
832
825
59
382
771
89
766
728
866
882
9
810
419
574
859
660
797
863
780
984
244
957
175
573
267
701
716
630
248
593
45
80
418
104
462
541
193
581
269
60
815
279
222
234
205
81
894
2
296
26
986
540
984
513
466
603
566
182
233
814
775
278
895
545
383
709
86
928
290
356
340
106
987
562
692
544
995
587
547
644
965
885
184
949
399
2
905
965
185
138
780
312
769
27
210
504
736
296
432
379
4
773
485
343
687
529
888
35
116
787
679
434
672
215
735
71
218
640
389
403
779
521
67
548
548
277
52
284
926
836
663
282
961
500
978
649
30
218
684
498
5
715
932
677
930
668
101
148
308
842
903
439
363
971
339
911
248
743
195
526
580
211
809
541
711
787
542
93
357
226
592
362
293
876
391
224
544
844
372
205
686
276
644
49
599
984
960
847
79
508
726
659
719
887
553
782
26
95
876
383
674
468
745
967
344
488
191
241
333
916
446
19
192
442
421
791
778
381
990
858
241
68
869
960
955
422
95
981
870
971
364
544
791
461
511
487
950
55
728
283
971
526
654
515
321
75
658
451
809
0
309
50
69
531
363
24
953
458
358
823
781
722
719
572
536
231
59
486
638
140
121
609
666
775
476
339
851
486
791
12
486
100
62
907
983
777
932
937
587
642
112
368
716
832
292
252
415
352
90
53
844
211
14
862
987
842
202
190
328
993
202
814
445
616
722
429
746
6
718
333
648
830
54
716
14
346
969
429
50
59
482
894
271
848
757
610
690
959
152
18
304
354
185
101
322
907
530
68
265
248
754
265
431
808
981
445
506
950
227
909
362
61
803
985
910
912
947
600
223
99
971
879
805
156
981
479
63
511
548
680
112
654
945
895
814
926
692
320
229
919
581
943
981
737
928
891
649
875
843
225
326
814
104
131
970
85
610
385
949
510
65
413
164
362
308
330
289
0
651
870
272
232
813
253
321
93
496
971
968
339
548
646
506
652
129
476
90
91
214
391
602
631
804
118
994
464
449
635
816
452
857
88
36
670
693
358
763
189
681
83
881
229
729
387
233
210
215
675
301
781
66
255
413
222
374
759
686
175
394
503
979
251
943
15
273
637
725
388
178
406
471
59
987
552
798
573
762
14
248
63
795
315
319
560
537
45
319
576
572
65
431
551
668
374
918
941
363
644
329
542
402
152
953
742
56
752
315
818
118
563
234
913
230
905
826
768
302
145
696
874
563
127
777
231
853
695
525
217
691
206
111
446
711
64
188
767
168
503
586
286
418
172
552
649
77
378
769
731
875
465
605
790
944
382
22
797
429
899
14
121
457
125
567
168
542
755
288
710
610
226
349
28
398
901
677
827
631
446
558
858
263
515
649
207
249
23
5
678
922
371
151
731
849
718
252
391
825
540
453
787
766
802
816
164
55
845
343
686
644
901
545
907
768
546
467
17
569
472
695
843
195
847
574
44
917
178
435
95
718
241
882
836
395
50
352
451
248
695
489
892
948
386
151
716
932
618
733
501
442
781
696
638
980
271
682
897
801
470
344
520
711
227
356
458
629
709
909
877
756
399
121
705
137
625
421
70
595
507
923
38
288
620
28
268
243
710
517
44
532
862
564
595
441
273
54
70
334
315
300
90
714
773
795
204
398
569
274
994
76
549
384
716
169
412
984
412
474
501
809
7
363
725
954
156
998
8
579
684
324
231
775
390
4
922
946
755
843
220
101
919
770
837
635
291
249
971
56
75
825
865
434
188
942
389
697
293
749
276
977
425
507
104
168
863
379
114
970
222
687
71
494
809
260
481
100
861
453
508
937
278
725
723
818
668
112
515
961
214
791
290
991
650
747
159
514
126
626
484
348
313
908
194
122
520
676
574
382
481
83
319
759
160
394
929
828
507
445
141
73
588
784
64
591
531
576
105
657
202
941
357
515
201
904
989
722
580
563
104
61
998
775
172
511
169
101
339
28
898
833
453
839
969
518
430
500
446
887
509
648
828
218
515
382
122
504
104
54
419
560
467
770
335
639
281
856
93
972
237
991
157
690
830
126
560
612
626
6
499
487
654
680
706
169
62
180
25
518
587
797
78
54
567
765
46
848
973
139
172
210
482
330
253
665
456
813
277
435
820
129
922
826
809
980
348
871
513
373
741
100
170
819
506
89
584
552
937
557
691
462
120
174
792
373
839
248
186
468
683
358
597
958
537
406
290
885
629
803
610
370
255
133
541
762
222
477
314
512
35
358
974
507
884
766
880
723
366
418
543
402
777
141
712
666
899
2
551
881
158
513
603
413
646
497
175
221
974
842
733
361
200
59
868
84
177
748
159
895
519
54
297
648
547
9
314
799
364
865
680
522
378
635
935
377
132
463
598
107
657
683
468
857
94
689
293
271
789
804
518
308
858
816
956
406
177
622
205
541
487
237
63
218
872
351
947
357
166
897
464
823
580
284
680
26
973
325
297
763
129
815
423
987
983
732
745
513
354
950
54
194
539
470
412
764
173
711
121
339
608
937
162
540
573
194
566
547
871
215
662
0
382
437
339
718
169
85
231
524
387
637
718
279
107
482
43
280
193
164
971
153
453
485
693
26
679
611
925
550
826
939
902
560
377
242
278
546
679
509
422
418
147
140
697
606
974
92
239
167
608
210
672
61
696
717
88
727
328
13
278
506
953
532
67
682
126
345
580
805
207
3
576
354
495
625
960
470
718
199
989
326
762
662
740
458
379
828
537
708
193
815
214
498
700
633
180
826
979
761
984
186
116
560
892
611
537
204
81
255
756
71
934
518
85
674
328
464
854
865
524
47
33
91
898
733
76
78
559
55
191
543
593
659
455
837
271
993
42
704
600
798
775
886
668
212
560
348
29
766
213
905
814
598
996
712
331
425
142
243
480
686
786
426
345
594
615
616
587
657
321
539
807
448
426
827
13
986
175
42
753
741
947
919
339
296
983
23
721
125
266
553
163
404
331
509
998
947
477
937
956
798
477
764
599
903
943
964
241
119
6
346
860
953
617
551
601
600
574
674
78
840
228
241
245
559
750
243
858
228
533
815
378
10
579
329
265
522
293
506
993
651
205
853
957
822
757
558
423
331
233
501
172
813
94
769
372
845
364
231
425
897
46
155
907
977
837
172
851
130
31
845
782
236
50
739
58
807
649
833
139
234
686
663
47
781
432
772
978
796
3
755
46
401
910
953
730
747
478
581
230
861
778
364
97
181
455
507
988
456
341
479
691
27
494
738
160
278
510
138
75
865
245
121
266
156
426
348
255
256
282
837
117
60
201
214
241
8
74
582
465
415
413
156
794
908
894
307
186
757
797
613
622
43
86
241
551
865
589
158
121
871
996
239
284
549
805
877
558
879
811
375
646
225
883
793
485
777
100
23
886
897
989
509
292
75
750
843
940
691
2
414
915
998
653
199
899
810
428
809
42
240
184
688
465
67
833
302
197
285
677
83
183
666
944
827
94
694
671
386
738
25
800
653
23
805
204
274
616
632
84
658
872
620
698
689
40
532
343
237
817
21
672
352
687
617
180
781
663
203
168
401
228
320
406
603
126
610
877
742
595
313
752
819
934
450
861
974
334
204
563
504
577
235
856
617
204
388
750
220
943
918
973
171
591
380
774
717
342
4
811
289
317
563
109
251
365
970
577
52
526
492
556
104
80
764
721
284
505
471
856
448
742
830
620
333
562
746
402
256
750
213
546
420
128
7
23
845
329
953
897
855
445
453
311
525
570
384
810
75
856
18
875
950
848
847
635
762
594
37
371
696
602
917
116
730
276
492
575
605
445
825
812
890
630
124
416
200
508
578
627
716
596
503
18
797
350
653
559
296
690
930
993
644
199
461
726
827
305
654
432
750
479
597
993
109
73
409
662
933
339
641
650
935
144
668
84
847
322
644
495
364
926
840
361
478
302
87
305
959
741
90
710
220
687
703
682
760
464
696
693
803
337
695
90
834
716
175
33
390
171
528
106
97
369
467
927
23
555
233
982
648
675
44
221
714
99
255
474
563
951
519
718
640
567
809
474
283
336
859
25
507
388
131
956
757
599
884
132
506
469
114
506
144
159
727
858
610
982
684
174
285
555
892
926
474
53
400
757
389
260
134
896
0
266
205
109
217
89
241
75
910
707
581
54
218
309
264
829
643
300
355
929
855
599
855
682
653
607
439
394
219
926
643
219
192
848
680
409
937
273
484
847
981
417
253
551
726
869
380
722
169
735
651
376
335
858
58
340
465
850
734
685
776
377
256
320
225
289
81
514
562
917
713
543
334
318
95
413
187
827
135
708
563
786
437
250
996
847
590
461
49
676
498
825
406
107
497
983
396
578
498
958
495
563
854
182
234
301
595
773
128
82
834
43
220
271
645
216
118
587
677
168
264
528
345
670
635
195
653
383
773
503
693
621
419
899
155
5
200
750
778
681
184
612
76
404
235
74
620
706
661
649
874
277
177
571
299
164
766
953
547
892
808
241
865
579
140
20
584
693
122
715
726
306
327
802
710
563
876
330
269
890
331
495
167
509
418
467
25
537
772
573
429
932
166
646
512
658
666
448
703
788
163
429
94
843
584
156
406
812
486
27
702
169
874
222
678
292
689
704
181
813
629
962
745
147
608
609
805
274
58
861
414
573
290
860
416
226
16
174
39
854
201
741
24
427
963
54
72
4
110
253
817
739
216
915
238
824
524
396
451
934
257
217
508
899
78
924
126
94
99
165
949
652
258
973
80
574
27
152
578
138
405
748
229
973
15
468
150
539
864
601
474
473
818
334
372
896
610
498
991
709
15
940
714
274
265
794
848
292
298
778
782
55
878
12
29
893
832
179
785
696
132
611
521
302
945
893
551
555
392
894
617
759
186
331
33
451
477
233
95
775
12
878
182
242
242
211
136
74
742
921
122
226
532
643
529
829
536
432
384
280
326
1
40
512
684
425
963
161
659
58
936
23
288
471
265
530
682
401
604
777
674
726
355
558
721
884
387
258
668
124
890
994
125
282
506
810
708
821
971
367
232
260
390
520
731
655
403
765
409
359
894
435
86
250
994
159
486
381
417
155
505
660
149
983
942
8
145
650
829
468
369
413
80
759
286
163
767
689
929
528
48
175
963
486
425
957
646
264
691
415
419
548
75
920
883
18
280
28
20
462
849
390
875
929
501
161
93
268
850
374
796
251
549
112
737
327
421
383
591
112
799
362
13
226
634
896
596
915
277
617
377
126
359
604
55
860
766
500
481
968
874
629
219
776
741
957
103
163
692
46
627
843
408
992
70
394
241
666
309
518
635
38
996
994
643
403
855
761
904
688
729
130
317
301
906
59
258
9
574
302
55
553
146
815
546
568
210
787
586
871
657
222
910
5
568
905
408
423
666
664
463
747
147
781
48
53
192
658
415
118
961
822
671
459
638
217
27
200
356
965
423
13
187
333
370
756
590
779
531
256
795
995
4
942
128
404
348
672
63
763
790
376
585
813
835
575
31
214
127
739
179
551
105
719
236
475
475
827
606
358
435
402
705
791
696
833
196
44
505
611
159
647
987
97
461
174
672
844
388
152
583
919
703
40
990
291
516
465
118
474
176
554
228
881
697
925
67
893
321
572
504
481
572
843
578
33
17
602
877
757
754
812
29
809
205
19
101
721
837
219
547
13
125
776
894
823
701
961
68
22
886
925
855
810
768
433
843
138
36
72
895
142
236
924
952
441
296
53
514
133
624
62
146
102
838
392
925
539
706
345
913
944
270
769
754
391
554
597
529
942
21
424
85
257
701
37
51
997
442
565
130
418
979
628
520
817
20
445
708
726
143
622
670
413
743
424
804
649
373
685
592
746
462
677
356
163
66
407
512
860
324
994
278
304
974
799
121
994
596
830
73
739
804
95
505
899
872
309
548
245
995
140
992
457
169
700
972
587
107
836
447
783
182
78
87
156
229
561
150
825
391
575
565
547
671
70
798
543
731
698
140
78
191
484
887
360
184
211
300
643
47
99
427
229
177
514
737
406
75
888
584
818
815
501
717
486
923
515
29
6
214
170
85
405
654
324
117
191
536
769
834
935
869
261
517
398
776
254
157
203
494
741
22
310
242
739
796
165
607
178
171
173
700
608
930
706
933
47
897
821
817
732
108
38
993
625
436
121
232
593
325
726
686
699
388
280
790
537
445
397
715
969
570
767
929
852
473
214
900
723
387
69
455
496
459
800
121
247
922
353
841
599
432
879
298
820
160
440
357
957
838
424
278
760
191
208
613
17
774
865
740
162
286
547
658
745
347
131
992
621
485
185
572
269
417
222
89
577
663
799
534
501
223
813
613
767
373
578
784
499
443
876
661
81
423
671
826
122
803
171
744
288
708
668
557
125
891
998
702
554
797
589
407
373
754
20
140
479
599
276
978
394
504
640
476
927
311
302
401
466
825
497
754
534
166
663
11
57
14
714
611
163
655
18
536
409
390
28
240
989
304
218
384
808
210
860
87
874
514
489
340
340
986
447
226
504
462
237
561
476
303
524
640
310
542
528
719
285
557
311
274
213
530
10
374
92
870
813
966
737
302
659
429
641
106
7
497
568
596
59
397
900
583
389
210
478
917
282
763
826
593
389
40
475
400
766
568
622
579
886
359
234
545
140
875
3
147
724
924
744
783
321
996
719
62
558
549
331
192
664
158
138
53
550
613
805
316
533
780
895
420
491
129
317
632
356
321
131
81
245
875
216
918
223
935
980
782
836
663
974
500
821
112
906
723
78
63
39
611
843
287
383
335
416
53
319
125
374
450
206
971
678
422
889
901
710
221
683
546
884
658
399
58
122
657
781
200
720
173
164
916
460
547
603
876
600
922
353
326
724
559
297
402
334
538
304
396
759
987
294
996
997
693
54
472
702
835
672
775
8
836
43
468
736
646
697
336
920
50
15
644
962
312
47
648
203
351
44
962
690
338
958
40
384
364
512
86
200
536
213
560
373
256
381
109
902
430
797
822
832
812
819
794
477
866
442
680
569
486
994
611
177
305
3
561
669
515
999
221
404
213
134
777
469
515
238
724
297
387
898
129
200
717
924
29
935
718
709
504
557
55
116
734
360
119
647
382
987
646
955
391
859
89
520
681
956
110
757
253
497
7
735
697
77
11
78
12
729
139
517
638
195
985
372
907
456
371
289
795
18
245
538
229
686
410
262
643
520
371
248
18
379
983
67
456
994
498
468
76
637
337
714
832
674
439
740
483
810
381
630
180
978
169
410
665
931
24
660
804
396
260
822
775
596
241
583
590
739
51
18
729
741
85
561
767
876
653
250
38
387
881
219
365
402
981
382
333
5
394
137
753
655
311
528
251
905
111
193
996
515
564
725
608
649
639
375
877
644
626
915
31
859
486
749
261
819
131
946
177
878
436
930
533
747
811
136
4
274
329
353
141
893
78
749
894
69
125
771
714
103
39
97
962
877
846
575
697
330
521
874
208
957
156
741
57
967
877
61
594
558
766
735
804
845
485
698
266
962
822
332
65
213
430
27
90
276
602
787
958
475
13
166
433
170
259
842
489
488
255
83
47
22
171
851
219
656
901
485
970
75
818
35
288
600
414
379
876
368
518
187
843
532
353
628
54
965
470
543
453
726
979
500
748
502
703
319
158
957
804
480
32
974
515
321
574
281
52
803
649
570
990
492
102
695
121
508
660
591
404
114
669
383
966
769
885
22
88
395
979
893
227
363
219
742
684
794
23
88
949
24
659
939
516
113
986
637
622
647
581
378
761
602
761
79
372
998
101
460
745
432
705
972
796
925
66
832
719
441
921
20
465
932
959
981
397
945
971
371
944
904
749
57
506
862
137
878
860
590
691
957
23
396
281
819
321
699
651
392
140
924
412
957
856
723
291
254
21
614
625
965
518
727
23
376
589
512
607
802
102
298
759
125
694
393
296
16
92
300
760
585
224
173
542
433
896
833
39
917
447
16
235
317
743
258
694
333
770
301
135
224
599
246
350
293
639
998
661
84
298
422
669
875
947
211
308
195
45
699
465
844
715
700
162
811
310
208
144
432
861
631
656
460
877
358
105
869
357
119
953
7
541
622
882
840
833
190
35
230
889
500
427
957
200
941
768
862
149
912
294
10
895
951
822
124
661
279
993
370
398
946
378
291
920
260
131
106
451
167
688
692
19
115
649
572
56
417
434
557
681
729
919
928
32
741
53
45
21
46
416
771
345
794
63
617
54
546
723
857
65
412
550
85
879
551
9
288
321
443
845
354
524
117
283
908
210
688
954
583
86
722
355
783
516
770
401
922
316
124
132
382
888
34
467
768
585
828
408
258
271
605
613
148
722
248
408
933
288
362
516
374
436
223
158
304
993
559
227
310
35
359
692
276
393
511
396
330
339
804
589
962
409
554
110
132
154
519
65
442
233
933
816
670
157
326
326
150
237
553
812
273
264
504
901
657
367
297
340
706
101
929
21
510
835
131
642
341
2
59
783
588
345
951
610
854
278
936
4
867
490
817
140
106
673
41
764
41
690
456
99
791
737
120
302
572
604
296
913
606
708
48
194
53
351
804
907
629
93
263
849
583
432
341
689
106
735
805
499
425
261
598
217
350
719
871
922
323
167
187
281
227
587
828
280
939
984
539
920
77
155
769
12
587
111
54
45
846
859
896
271
473
495
488
823
566
711
98
241
879
637
522
106
225
350
739
164
335
630
84
764
785
206
777
725
317
831
122
163
42
19
786
515
866
627
691
432
338
141
25
569
778
547
28
355
250
767
871
937
749
956
701
535
514
478
612
831
661
734
346
704
105
484
571
971
111
262
755
450
403
780
371
534
328
399
889
930
166
761
219
268
69
920
803
935
751
767
766
412
853
464
468
959
948
40
282
412
654
38
214
58
818
585
944
498
985
185
780
503
298
999
771
367
920
926
302
23
693
420
787
899
236
256
210
537
648
492
949
302
530
515
712
701
100
656
199
437
842
980
941
492
979
64
860
251
343
514
626
388
287
414
287
875
22
497
412
670
990
713
972
872
228
685
573
329
693
125
118
887
105
411
380
436
476
592
40
819
458
666
559
97
432
847
973
454
344
385
476
686
451
801
559
679
486
484
360
531
609
479
419
66
890
151
855
718
743
895
889
201
913
449
299
698
296
624
152
992
361
981
31
812
782
942
492
620
426
852
151
388
331
922
806
574
73
661
292
168
908
534
722
174
983
21
872
631
997
376
975
358
357
6
171
139
948
663
111
727
867
615
115
551
537
921
477
963
935
769
131
843
303
853
369
638
226
241
269
575
618
245
934
975
251
105
467
552
120
578
631
339
193
746
890
83
19
367
46
306
489
529
150
144
735
871
135
313
113
404
889
731
1
823
58
605
280
525
157
752
456
788
443
1
886
686
84
257
405
482
564
894
364
66
391
99
937
526
764
50
282
653
133
284
828
192
889
460
717
398
212
525
186
656
527
424
342
611
681
747
446
245
994
810
311
737
261
249
263
25
651
545
31
785
181
859
329
70
320
46
468
884
924
6
892
451
430
234
414
112
334
212
709
680
22
373
417
635
974
32
13
625
929
44
762
111
255
91
181
575
490
2
460
414
8
704
217
791
939
631
255
625
844
964
305
218
337
74
206
311
106
219
289
35
263
51
146
518
495
680
446
985
682
258
399
42
962
616
833
253
599
88
878
795
405
535
366
94
961
572
758
67
791
47
455
406
450
953
924
945
633
722
930
667
980
681
62
943
649
895
548
601
336
427
396
93
314
762
187
276
334
945
695
477
344
150
883
795
104
160
740
89
882
23
109
863
56
171
158
706
418
706
307
106
485
55
199
800
170
387
428
856
684
475
334
29
626
217
824
82
377
916
523
260
291
632
475
348
803
633
406
222
339
65
328
825
120
880
977
290
267
757
499
303
232
833
332
210
402
508
292
780
777
816
392
68
448
867
768
604
852
174
826
191
239
506
368
712
386
697
354
5
454
853
309
687
686
993
897
89
502
542
221
279
710
965
699
510
184
468
114
36
642
292
579
234
151
948
946
537
645
300
895
100
154
204
139
840
549
388
281
51
930
854
682
992
819
382
503
3
202
969
39
844
262
971
78
413
919
24
302
916
677
197
16
831
753
507
23
303
896
657
706
178
511
389
171
331
123
26
686
325
995
78
521
609
49
600
22
968
976
677
884
653
874
253
836
980
112
212
283
360
869
989
539
380
730
62
63
853
440
750
530
435
828
52
397
877
4
419
197
980
448
433
986
323
38
174
303
151
386
938
511
255
279
402
636
10
816
51
215
256
801
98
44
981
150
441
858
506
212
407
486
661
193
824
336
231
351
991
734
737
929
598
345
208
0
333
570
169
384
138
425
186
588
469
167
90
262
378
596
475
137
434
488
330
259
824
914
962
815
648
699
96
246
44
656
599
377
579
768
762
69
193
300
657
15
819
747
629
549
695
456
39
129
944
369
740
120
283
702
287
284
754
383
530
798
392
481
528
971
249
642
392
795
942
401
162
113
500
791
663
195
600
54
324
544
423
65
17
59
119
304
343
873
40
225
24
784
707
552
107
308
194
499
103
488
900
617
601
400
409
616
947
9
670
271
905
446
688
274
857
160
931
552
33
323
777
57
107
836
961
214
497
155
65
952
995
317
570
949
717
331
565
664
692
588
287
597
386
328
224
243
488
155
795
873
478
924
931
937
113
244
503
610
400
568
914
747
885
484
696
954
815
614
970
507
202
257
457
940
937
681
183
425
188
330
299
18
606
582
955
71
826
458
33
578
26
948
326
263
432
374
217
600
988
539
107
542
148
564
482
86
597
17
863
785
699
162
803
306
96
758
729
923
568
763
853
946
63
531
209
847
906
778
447
894
317
555
437
466
471
271
552
69
289
415
206
988
930
362
646
378
472
728
653
41
491
507
987
906
38
549
753
296
327
201
191
997
108
980
815
579
251
367
0
892
134
207
881
416
921
879
795
393
607
448
434
450
307
774
356
698
323
462
994
2
15
185
351
123
517
166
54
769
885
55
661
372
614
894
788
535
126
935
928
733
384
715
536
43
489
244
741
164
706
736
518
721
273
870
196
791
36
251
560
922
658
573
294
272
820
434
159
946
370
439
31
106
154
567
149
995
812
891
159
870
979
678
592
252
900
788
43
936
391
955
210
49
881
504
321
701
291
832
999
661
272
30
119
778
950
268
774
114
511
285
984
842
963
928
95
863
717
490
152
108
446
362
158
327
219
831
380
510
664
379
171
288
409
290
66
711
910
192
825
774
478
810
616
793
738
711
9
807
202
161
268
0
875
778
327
94
609
59
956
625
438
127
265
199
769
684
911
32
876
736
806
706
898
774
500
637
486
861
796
40
22
64
392
249
842
71
696
804
130
652
781
568
780
47
119
901
731
382
933
959
471
91
666
369
866
166
358
704
379
155
96
401
571
488
2
414
559
698
570
41
351
351
961
483
750
80
736
481
463
22
793
934
113
459
655
331
977
14
387
356
521
483
109
92
323
463
506
234
162
76
275
865
780
236
348
530
669
84
364
484
106
157
770
572
968
425
903
297
439
291
653
960
126
114
405
450
577
911
36
91
340
312
956
120
900
656
650
921
93
14
405
199
523
175
123
491
953
379
788
744
22
793
57
148
907
462
950
837
373
987
928
65
651
237
185
903
893
188
825
986
554
582
538
78
110
13
921
63
392
710
807
414
503
864
915
763
326
865
952
52
204
232
469
207
469
7
111
715
195
288
53
101
870
591
531
332
605
453
395
349
515
555
764
18
771
31
133
450
248
437
854
453
670
323
660
491
330
123
206
877
411
612
979
634
203
862
966
160
315
714
862
830
621
978
201
392
9
686
842
257
124
48
62
794
372
723
285
702
198
844
932
610
456
263
244
11
125
562
524
441
276
386
623
897
716
824
642
725
511
836
334
635
885
397
781
257
472
418
311
670
262
243
632
70
858
228
434
984
791
958
777
419
696
400
669
412
225
311
489
88
499
823
75
384
572
856
641
396
274
305
67
889
900
51
311
759
280
745
743
423
55
520
194
751
272
863
515
849
526
4
937
26
180
12
762
752
220
404
149
847
709
568
88
961
971
399
720
251
145
815
26
552
687
221
304
960
436
171
809
315
176
747
693
708
111
455
812
684
211
313
531
272
233
619
234
205
370
306
808
867
122
835
420
809
408
724
769
196
247
579
863
775
678
908
483
141
364
296
825
927
961
708
200
195
679
786
752
50
92
560
917
214
747
337
24
507
413
145
704
661
76
919
436
106
828
272
248
544
920
425
471
881
486
23
428
165
809
180
215
254
741
485
468
488
174
844
996
588
990
52
601
418
971
37
525
151
309
125
695
229
550
519
463
388
542
891
554
704
72
121
958
813
606
426
653
781
623
1
721
965
53
322
383
377
711
260
880
21
385
576
602
288
447
65
676
989
309
582
693
381
704
3
546
662
430
199
443
405
553
516
370
958
838
105
335
550
366
568
923
751
144
877
391
943
295
68
932
604
650
978
337
706
981
883
369
763
434
164
168
987
681
538
946
871
644
633
421
362
201
696
113
697
926
505
640
573
925
925
177
927
903
866
634
236
749
3
0
535
167
168
523
200
59
821
72
55
454
845
769
8
542
882
705
820
739
698
393
16
623
922
944
878
788
578
114
889
933
466
424
100
987
299
301
398
472
725
805
279
570
574
287
464
456
344
284
548
394
29
564
369
951
508
247
739
438
714
980
371
180
757
824
519
56
477
917
881
202
722
160
772
296
447
237
105
143
873
5
538
903
569
907
206
430
507
946
220
573
278
592
753
35
768
273
444
245
542
325
799
265
485
571
913
284
160
18
427
386
375
317
289
945
577
495
727
436
793
299
9
424
243
762
459
11
387
903
608
282
228
407
547
65
331
812
349
843
183
129
229
558
798
870
855
375
718
934
163
863
234
172
287
477
287
747
489
26
2
449
308
583
857
207
648
188
20
350
31
203
831
613
761
629
483
969
357
201
903
520
65
137
45
704
615
332
451
456
358
806
905
667
389
762
874
389
302
246
91
686
449
922
299
563
904
782
532
613
336
435
485
753
573
530
457
540
862
261
996
221
67
901
240
808
16
466
197
318
713
641
4
514
563
655
77
819
438
961
432
126
397
918
879
322
448
336
214
663
597
210
884
16
463
476
824
479
942
374
150
7
15
506
522
930
162
951
750
952
913
534
78
662
452
309
336
253
645
550
916
243
112
152
611
575
980
436
407
922
162
909
282
529
767
804
459
281
107
561
233
20
96
663
34
900
972
722
505
970
272
421
565
736
925
176
312
905
612
71
180
126
980
462
655
747
618
115
29
725
28
614
746
476
630
132
377
954
855
882
924
479
656
489
216
933
666
880
839
630
951
371
757
283
833
412
382
803
879
763
528
908
730
626
384
360
759
113
314
966
348
239
445
4
80
661
937
746
541
128
377
844
499
486
127
684
250
862
487
130
625
16
390
355
994
126
67
753
240
734
71
588
973
517
944
405
530
233
152
72
714
881
268
213
367
748
250
617
610
89
99
587
457
489
943
452
616
362
557
208
96
629
148
421
146
444
827
676
677
331
100
391
212
721
957
931
469
559
548
79
648
0
666
106
841
961
910
809
676
467
17
772
96
517
546
594
961
373
623
639
704
75
382
268
796
339
199
265
250
99
696
899
99
715
357
941
28
267
102
704
734
120
829
183
637
375
129
951
100
752
590
156
180
324
424
328
16
975
946
266
74
642
165
526
709
874
819
738
141
921
794
228
393
975
411
383
350
892
334
802
997
276
958
177
600
382
505
616
709
451
883
784
446
400
662
507
275
481
245
416
402
392
996
148
367
759
531
70
652
865
872
649
141
831
178
741
565
35
710
275
839
593
411
285
345
73
792
620
906
390
389
660
134
385
808
501
145
339
571
797
556
796
798
697
979
976
791
896
11
853
523
202
446
934
487
791
359
632
764
265
374
153
926
508
538
86
9
683
426
933
832
334
729
630
384
708
958
527
956
322
380
480
524
178
414
12
321
126
996
85
391
370
238
669
878
129
756
239
812
534
172
997
868
253
627
252
313
938
779
270
260
159
750
784
337
516
148
659
642
496
96
34
866
335
55
96
816
811
336
980
345
508
977
214
114
957
818
427
895
598
49
507
109
799
291
799
668
792
458
310
640
906
696
507
593
752
955
409
563
291
390
261
152
367
827
266
324
645
45
571
595
95
78
705
246
722
504
914
866
314
577
506
220
273
365
814
25
321
575
941
612
965
554
116
685
381
382
9
378
780
933
974
227
363
31
473
85
887
740
303
201
317
810
773
942
527
939
320
848
515
261
813
832
167
929
517
548
664
879
278
444
812
252
671
175
635
496
613
522
236
916
75
905
726
201
848
254
140
168
454
7
781
267
840
948
197
357
848
213
236
126
657
400
731
328
928
366
176
541
241
413
457
316
318
536
517
518
142
10
686
948
17
467
216
209
767
765
919
967
978
507
94
987
260
177
667
188
543
843
729
784
256
538
453
927
426
322
445
920
332
132
869
702
951
85
263
71
202
182
38
532
690
484
519
950
661
186
490
205
29
571
341
638
461
146
565
888
469
362
808
153
846
29
855
798
466
471
221
668
653
259
552
695
744
71
997
405
609
839
962
639
410
656
629
872
802
194
760
623
908
920
777
755
302
984
905
768
455
126
789
461
737
341
508
833
413
506
591
22
345
905
13
108
561
642
980
716
188
92
691
449
364
820
204
666
805
109
435
612
587
224
73
324
565
934
510
330
792
101
705
137
6
70
597
920
713
577
988
253
669
679
702
34
500
258
700
657
367
487
269
306
711
695
983
629
629
493
311
421
594
16
910
952
87
508
872
152
437
860
757
107
540
812
493
392
70
545
49
790
33
318
96
96
365
79
725
346
572
389
767
518
757
30
471
196
890
343
348
327
556
458
434
96
270
279
840
692
825
889
482
858
559
579
954
925
10
32
271
935
421
391
453
530
421
924
727
663
620
427
990
176
885
777
624
507
56
464
200
881
353
34
91
264
965
46
189
976
430
813
263
203
204
716
733
977
641
812
640
613
240
630
141
125
407
765
985
464
581
537
697
286
923
789
550
889
187
740
217
969
905
480
524
109
196
257
438
189
70
78
154
662
60
295
139
820
60
124
636
993
13
333
279
937
474
830
826
13
922
395
982
827
875
506
288
423
116
726
965
538
156
119
200
568
415
339
388
827
816
24
821
829
710
100
766
184
282
944
198
204
339
532
383
566
39
23
990
155
749
955
693
257
74
245
826
841
584
214
669
400
591
490
230
301
942
348
837
225
293
387
781
632
920
517
199
311
540
541
818
642
496
863
899
922
108
77
764
692
644
785
445
235
275
27
888
217
375
77
794
668
817
576
653
737
445
204
400
985
745
218
627
593
81
879
867
541
956
631
585
952
416
30
539
43
57
427
613
785
857
407
805
674
335
810
763
780
14
163
118
111
733
745
56
166
976
924
707
285
907
292
237
676
675
777
719
84
556
684
869
765
92
27
439
779
837
202
912
204
717
30
667
450
127
724
616
456
0
675
741
907
968
330
583
643
107
655
727
16
339
949
781
783
976
573
915
813
127
827
369
197
209
37
647
688
113
616
144
113
291
237
372
611
568
308
606
27
963
334
43
654
635
177
438
611
102
705
776
229
532
498
426
93
535
426
781
648
394
278
113
37
515
485
649
83
793
255
111
108
941
506
115
928
35
905
539
137
610
668
367
142
166
145
587
53
571
368
701
317
646
166
355
514
651
4
597
797
611
60
905
905
567
20
833
602
925
373
92
535
393
459
29
911
956
968
964
880
337
17
197
335
183
552
201
186
908
799
983
520
859
241
425
778
261
258
733
539
983
177
426
728
988
808
639
944
776
955
824
465
972
22
153
507
926
354
694
835
505
677
355
717
918
132
495
532
742
580
423
78
757
849
806
745
9
798
42
786
753
866
603
78
240
756
585
167
463
279
2
968
309
709
685
227
193
533
111
935
113
534
13
223
736
172
320
745
970
362
883
723
229
839
801
469
595
739
988
410
370
342
379
679
403
64
259
596
597
370
884
63
905
249
286
641
421
606
738
391
969
622
467
550
461
620
371
408
359
360
819
730
54
550
761
458
614
20
54
564
391
290
979
648
540
265
641
961
223
379
705
544
353
524
446
166
496
818
927
856
530
98
938
936
648
51
394
614
72
801
178
815
91
509
463
631
774
456
945
350
835
2
246
541
878
693
59
374
863
986
582
745
84
872
681
84
924
428
699
996
229
229
163
320
739
978
304
865
434
601
567
621
955
814
162
833
859
222
207
722
560
790
819
645
662
852
81
938
280
780
934
509
362
449
182
453
427
486
318
861
439
886
483
394
52
997
579
911
571
138
985
132
928
804
129
943
656
210
881
289
991
168
798
705
969
980
158
397
818
476
610
609
714
93
3
766
443
934
29
14
73
14
146
353
170
275
296
179
486
530
468
829
50
266
534
19
599
692
768
417
520
379
379
587
824
382
353
267
669
383
282
742
749
428
95
920
56
744
99
542
626
567
723
28
185
609
47
784
301
168
554
173
547
933
760
371
667
466
639
336
201
273
78
950
701
526
222
109
622
321
3
248
888
726
276
74
335
675
210
988
843
764
162
742
49
274
114
717
92
105
405
293
378
836
596
431
362
818
541
984
140
544
584
380
271
860
806
958
887
369
947
731
485
461
825
535
87
939
604
180
44
361
825
774
197
421
206
911
592
747
247
84
291
183
816
914
43
975
873
283
344
820
366
829
633
191
716
720
131
672
900
527
34
78
302
583
851
508
495
443
607
94
879
250
278
696
165
673
671
390
956
367
562
322
548
195
866
265
915
349
937
168
876
323
246
530
907
449
390
402
245
349
848
124
600
126
172
117
800
195
507
108
562
421
783
111
616
649
728
883
350
17
403
226
341
1
109
248
451
851
2
696
201
850
172
153
329
345
270
129
540
129
589
455
550
372
566
518
373
646
401
723
663
805
302
356
158
411
604
609
614
958
657
815
809
830
968
138
175
590
619
67
719
208
522
269
933
440
139
306
86
541
30
102
698
332
458
856
95
63
818
709
373
475
877
182
657
845
672
832
788
643
900
507
204
422
129
137
215
268
443
301
161
825
403
211
157
862
420
604
277
238
314
650
65
543
185
723
388
209
907
528
205
807
36
409
582
517
546
797
785
341
450
947
519
206
158
28
420
930
633
49
168
299
51
586
842
236
309
582
798
216
111
3
376
147
412
958
664
310
107
801
3
909
100
522
115
611
551
887
541
184
936
62
483
988
648
677
224
957
259
374
173
370
377
901
869
141
859
885
451
318
687
455
228
139
329
695
750
880
583
292
416
519
354
251
859
2
928
436
311
188
810
836
910
188
738
780
329
597
665
133
268
704
940
848
844
269
895
594
502
830
238
270
350
944
522
561
298
802
997
609
342
808
446
253
996
184
385
677
133
402
162
753
107
102
601
303
724
849
249
226
679
488
848
381
784
370
943
83
525
940
692
867
748
138
472
96
674
857
126
808
260
288
561
367
391
515
670
467
364
271
693
43
759
893
425
896
616
368
979
141
660
671
8
409
162
481
857
188
690
983
996
950
272
910
669
15
777
691
482
141
963
527
536
74
420
961
970
36
681
949
529
342
973
538
103
487
371
960
675
413
944
24
364
568
286
33
935
63
725
417
204
688
296
92
762
716
54
85
105
87
34
634
781
359
524
884
846
247
197
874
661
141
898
25
61
184
410
996
599
135
765
803
175
61
895
290
129
301
375
234
741
761
869
874
121
745
759
319
993
308
193
654
801
443
31
862
979
441
210
578
577
975
733
104
36
981
394
165
634
121
400
375
235
621
250
356
366
361
27
711
669
573
365
470
16
396
684
348
190
894
926
119
869
12
223
257
993
970
422
979
443
174
355
678
795
957
386
514
670
414
225
691
987
943
513
355
691
197
703
881
443
982
0
664
346
576
921
691
546
343
670
341
518
25
20
665
334
406
531
356
172
757
47
159
52
912
867
743
461
570
977
904
904
977
568
602
905
841
293
803
185
964
145
55
341
517
720
28
923
604
384
96
713
784
607
765
696
474
860
510
397
837
766
653
167
335
256
72
528
549
876
713
513
373
120
207
890
193
235
165
797
619
613
510
403
221
275
452
47
487
962
796
325
728
450
844
415
58
916
296
959
144
9
825
869
130
32
759
675
267
925
472
886
538
982
642
111
609
446
511
448
760
307
773
840
109
617
608
519
886
904
479
382
265
304
252
747
336
363
422
603
288
894
841
179
228
483
642
189
281
153
638
41
461
763
882
922
733
490
442
619
394
921
353
659
225
957
759
913
321
181
516
961
76
357
492
656
193
135
846
474
288
484
516
101
599
750
24
332
592
466
303
986
739
657
997
964
966
756
229
287
290
745
601
718
454
93
374
999
228
220
826
517
56
694
618
656
444
994
340
36
460
644
374
199
301
723
515
619
832
744
907
122
841
508
840
648
953
566
999
182
139
825
699
547
519
669
555
315
664
896
703
476
540
429
676
193
153
543
812
337
288
71
811
481
931
3
129
885
569
129
67
60
306
118
608
826
139
163
493
803
59
197
632
599
626
308
144
131
203
957
820
491
28
983
325
960
986
454
197
908
935
264
968
242
734
928
420
873
92
913
29
151
462
661
103
441
321
247
924
524
556
745
368
937
80
693
249
67
499
446
327
435
62
647
29
796
576
449
21
668
362
402
171
177
63
626
618
736
226
542
613
134
639
981
71
720
26
320
139
877
118
466
664
180
113
693
328
41
142
702
709
857
104
233
386
520
211
4
256
437
898
869
572
538
202
995
610
228
316
749
458
786
567
122
319
32
816
647
74
310
349
135
519
806
368
905
326
932
909
582
369
160
804
293
50
6
289
660
587
957
761
45
743
328
167
62
712
335
62
786
646
763
274
165
569
994
423
895
926
332
830
296
844
986
941
894
992
230
554
931
539
315
328
635
995
848
49
708
183
111
846
829
227
120
347
796
467
770
44
393
454
226
41
299
212
983
193
556
565
100
488
457
767
816
92
115
664
141
175
200
253
373
381
832
846
728
628
313
850
24
706
657
250
748
308
814
83
853
371
0
953
211
457
73
27
549
540
44
691
715
596
296
88
977
128
934
58
108
599
260
485
306
917
735
406
225
550
489
431
273
489
736
484
947
809
863
848
701
259
891
416
855
539
857
833
667
143
243
128
743
503
613
401
773
700
807
350
602
648
781
875
489
518
711
788
679
575
637
381
186
528
149
42
68
6
227
87
150
822
567
245
325
532
646
98
233
805
449
835
453
230
63
942
100
126
731
780
701
720
513
240
600
662
634
668
669
213
108
171
35
27
768
360
560
414
811
793
571
260
980
24
842
395
318
943
522
49
75
575
121
588
815
722
250
449
742
271
662
202
794
697
230
562
410
790
328
221
935
899
481
267
275
675
663
594
618
537
995
693
112
117
633
928
839
884
729
933
507
744
136
302
793
366
216
555
508
545
776
443
796
609
62
72
285
725
18
255
262
13
301
727
482
934
7
673
170
736
607
678
832
743
332
978
109
548
533
969
93
662
412
242
271
826
314
908
552
684
516
166
697
817
893
532
103
252
205
274
341
812
304
173
555
636
151
16
184
37
985
630
699
749
872
322
928
538
231
480
574
747
998
271
916
244
155
19
496
361
645
837
173
949
363
81
585
866
449
122
903
787
104
602
888
328
925
816
218
508
648
792
607
999
415
523
243
571
894
91
932
540
929
457
489
292
890
427
510
692
901
414
479
5
368
719
333
645
536
551
505
536
343
112
535
110
987
778
681
882
222
965
422
151
423
263
795
665
690
305
357
591
71
836
948
440
908
281
437
444
184
943
332
879
55
868
990
395
998
671
277
220
637
51
723
412
314
518
77
357
176
435
948
599
623
897
39
883
530
829
327
715
772
12
946
179
880
936
574
230
960
203
451
949
254
174
361
921
45
790
278
573
577
578
172
553
827
564
436
358
393
116
425
517
128
371
696
360
660
623
590
620
178
41
569
433
568
282
354
613
424
984
186
2
562
358
907
390
922
343
100
315
459
877
184
939
248
881
299
908
856
890
880
34
283
449
819
851
83
525
816
508
861
2
510
424
713
417
166
987
112
266
655
924
143
839
863
743
72
515
4
928
757
884
315
40
686
486
244
769
364
60
629
225
63
491
649
128
908
815
115
373
433
770
297
928
610
512
24
682
27
28
963
136
264
278
177
950
116
421
72
480
481
701
706
896
193
707
376
453
875
492
178
308
262
827
589
224
340
613
907
719
993
222
856
257
852
385
560
968
158
984
801
639
37
507
888
582
214
264
388
89
108
566
750
723
394
691
947
86
304
206
157
649
428
365
258
632
750
818
601
908
154
402
900
544
261
140
126
827
404
514
917
865
433
19
588
179
62
535
617
366
94
774
367
874
140
625
507
890
796
460
151
302
862
51
846
475
191
973
302
947
839
571
812
272
942
752
803
4
640
420
370
734
195
89
960
687
715
467
929
863
927
80
165
141
483
12
968
26
985
271
974
176
842
138
801
785
243
604
789
883
377
512
969
924
953
929
611
668
749
540
883
28
973
49
522
456
61
490
835
398
761
161
926
956
299
727
93
894
684
234
777
61
98
98
985
52
380
948
72
129
840
956
509
813
5
31
622
418
522
457
168
635
618
94
943
269
174
36
164
858
271
293
271
369
744
256
773
124
204
846
605
44
802
114
210
159
146
184
577
20
641
97
7
611
191
951
232
717
339
396
575
962
42
846
684
138
454
457
262
10
303
219
407
457
685
617
616
183
801
545
203
794
642
563
405
186
514
637
903
853
386
831
816
780
29
852
918
484
309
532
494
613
103
901
422
788
870
39
972
671
936
527
817
579
90
222
117
604
212
372
810
950
203
978
730
585
830
0
69
139
532
915
104
635
817
527
775
687
918
747
711
854
275
528
785
365
103
902
322
315
627
484
617
182
462
347
767
644
347
836
135
231
752
240
218
921
119
993
960
389
93
23
595
368
904
381
733
7
635
407
674
262
891
291
445
353
990
212
349
689
401
485
920
505
77
490
426
196
835
738
937
928
762
532
296
666
913
382
25
901
789
51
163
33
342
960
386
332
525
88
373
926
573
293
783
650
135
561
198
970
299
135
251
413
19
547
431
285
281
808
186
423
859
701
456
201
662
194
885
539
282
258
465
855
903
248
857
390
161
55
361
460
542
612
226
562
511
657
847
145
818
385
568
677
86
24
879
100
218
116
639
853
727
104
708
630
704
566
373
865
973
86
678
516
50
904
430
561
913
629
706
731
14
626
409
100
650
640
201
221
108
840
74
835
297
134
818
353
52
543
571
378
629
249
894
679
505
676
240
770
305
299
502
319
277
263
771
928
255
324
501
715
165
927
903
814
413
721
167
466
616
738
196
245
339
90
924
844
118
516
615
423
815
469
94
445
84
865
725
339
190
226
406
707
505
309
873
918
382
40
736
998
131
932
243
470
374
167
667
492
684
634
267
851
103
361
296
539
579
21
230
121
599
636
180
104
946
53
375
328
445
111
327
576
396
570
399
122
738
418
615
774
52
234
625
507
596
274
46
527
295
276
0
247
912
180
351
858
233
78
187
30
190
866
607
938
436
358
60
526
776
27
300
828
262
278
687
210
904
733
737
551
361
737
798
273
917
502
484
502
580
671
884
122
537
491
60
325
201
473
852
977
500
504
157
762
134
844
972
38
929
709
590
290
798
740
916
67
242
400
921
823
423
806
297
312
649
358
637
851
831
841
180
683
698
690
446
832
886
418
223
816
480
813
458
278
553
374
698
148
774
619
323
197
425
620
861
75
330
499
278
513
340
458
197
38
148
643
223
35
413
446
203
245
611
661
876
516
36
574
664
162
545
987
712
971
960
573
398
290
424
676
156
117
134
353
155
635
348
730
670
113
176
873
359
787
886
587
656
922
161
320
437
706
660
149
29
620
74
779
262
499
455
418
616
942
771
123
577
471
854
599
585
382
824
296
522
710
883
178
633
396
498
422
454
510
571
484
130
997
263
745
496
71
163
464
13
287
588
942
110
794
541
695
176
365
343
698
427
226
228
412
622
79
834
429
589
757
913
72
755
528
817
251
599
332
716
964
971
656
906
82
450
799
777
626
516
473
677
944
699
905
356
674
984
191
103
926
948
368
998
55
896
167
659
848
499
375
812
471
383
71
905
833
222
682
811
739
507
840
35
207
746
391
233
82
934
688
360
235
56
358
290
304
877
949
152
729
676
317
200
411
740
105
244
962
139
408
53
647
248
88
206
346
832
791
429
118
479
789
705
535
500
996
839
729
297
344
458
326
13
658
737
753
115
334
67
607
742
121
606
990
209
164
337
393
955
118
512
434
259
217
321
111
565
512
841
215
208
299
893
221
310
982
326
777
316
394
736
410
515
342
753
76
858
442
822
813
912
686
599
523
903
272
635
821
785
828
388
345
127
281
567
789
263
893
567
932
639
303
342
154
998
447
583
856
889
405
22
153
91
973
677
346
598
664
167
383
492
907
80
971
188
647
761
452
893
680
736
532
983
430
687
333
878
622
542
119
27
916
273
470
889
302
816
487
966
336
222
458
243
303
429
432
302
542
236
195
222
972
80
206
402
119
891
632
741
433
752
768
349
377
238
591
679
406
430
645
742
5
103
986
660
884
770
962
427
6
510
649
330
590
207
84
709
451
717
450
884
469
570
586
846
160
529
877
566
311
522
309
316
977
647
976
213
417
939
640
775
449
642
457
391
849
541
100
652
258
550
889
79
472
475
277
632
356
506
198
667
28
859
336
357
858
312
571
627
603
211
754
404
205
211
795
55
105
247
59
715
797
948
795
269
775
424
253
131
931
804
151
311
15
839
669
874
151
240
853
107
803
608
863
9
819
11
416
924
258
475
640
408
424
787
29
199
563
635
683
846
439
186
158
454
25
179
680
528
771
534
635
574
142
851
935
313
214
703
590
824
531
582
232
955
721
614
506
284
249
541
483
40
727
641
494
752
172
527
281
943
413
268
869
907
119
157
220
685
860
162
510
391
96
94
698
817
708
557
454
309
98
937
349
178
930
196
930
102
75
211
397
488
832
266
395
303
423
967
989
636
130
499
379
226
593
430
396
654
987
850
315
437
787
17
615
69
565
546
171
640
109
568
480
941
186
875
245
962
194
234
950
324
85
329
903
30
759
651
36
98
501
704
536
640
721
503
709
638
49
232
630
511
152
110
804
690
337
49
652
531
635
602
208
720
932
463
103
43
114
139
142
615
843
30
607
916
533
668
554
935
900
184
798
404
294
602
94
983
652
747
515
639
701
75
360
985
538
815
29
652
954
523
619
150
905
578
66
438
246
973
725
146
157
523
550
804
126
996
139
778
743
654
417
797
729
129
782
619
296
163
623
251
686
242
753
591
172
171
382
418
144
107
916
654
983
818
810
109
815
949
239
910
956
8
707
37
490
490
9
786
653
632
389
692
227
142
635
399
666
369
818
162
477
734
168
460
905
978
921
720
280
160
630
588
168
690
625
658
180
634
445
185
619
834
229
846
329
865
245
995
234
415
157
63
502
326
875
407
656
796
127
288
308
109
876
477
799
854
487
331
840
932
869
459
119
98
657
800
315
255
795
902
670
304
317
172
982
193
931
639
341
410
279
650
520
508
479
671
362
966
355
554
251
224
366
722
322
23
522
990
278
317
244
301
973
561
473
956
106
757
947
800
167
226
450
39
86
929
63
448
247
418
355
498
642
721
572
316
96
94
306
727
763
902
28
737
464
853
45
922
610
992
722
130
570
524
169
657
805
232
457
53
650
164
903
644
885
476
961
334
570
619
61
334
522
89
423
338
942
468
260
553
460
335
683
382
859
204
39
665
789
849
718
439
13
621
436
251
449
397
585
20
16
998
706
890
87
481
228
381
949
841
286
761
176
321
143
35
526
535
700
315
736
770
106
749
392
542
352
193
291
289
565
660
287
271
550
374
752
131
756
53
972
42
814
148
364
310
183
242
197
884
909
933
6
15
34
750
910
387
944
553
676
509
213
964
133
764
690
237
247
798
291
219
193
457
367
909
767
550
151
964
786
60
897
793
427
284
543
689
671
839
243
699
349
456
663
482
572
706
719
819
504
10
38
697
468
757
606
587
660
109
552
798
169
801
591
949
85
487
638
108
326
233
808
27
690
823
509
614
529
581
786
386
943
176
83
763
934
42
351
594
151
255
392
673
408
336
622
846
175
612
306
853
846
114
233
888
290
94
502
819
675
640
205
971
817
641
734
103
683
437
49
834
44
793
507
453
481
481
651
656
94
957
862
940
424
95
828
714
189
682
533
217
675
91
188
492
732
922
947
767
712
996
953
756
789
813
561
271
294
564
279
388
522
493
680
946
588
860
660
130
895
545
347
570
988
535
414
720
809
361
839
873
709
793
630
850
606
543
473
252
108
753
993
982
598
673
928
187
886
940
669
781
837
16
703
826
903
117
898
64
830
738
938
539
531
920
389
489
463
863
741
923
968
734
905
566
760
185
105
998
125
774
779
315
142
482
141
45
951
39
110
781
777
48
672
660
968
413
501
783
628
243
707
596
329
612
515
441
150
972
439
275
747
218
590
889
52
83
287
355
123
397
488
252
797
160
913
117
926
414
900
554
9
959
503
339
924
18
132
74
342
572
701
89
142
644
331
547
727
618
902
850
367
391
103
516
903
368
985
829
782
237
736
144
197
239
483
473
609
615
547
951
539
248
393
682
892
76
229
972
46
483
822
765
226
277
281
130
645
266
311
780
503
399
924
52
990
759
525
599
726
424
903
266
673
296
948
917
724
529
889
770
12
64
535
239
693
816
721
339
434
384
119
289
784
395
342
774
154
219
726
880
644
629
146
317
277
446
586
1
327
828
123
340
244
658
931
937
826
4
628
260
388
99
549
524
494
243
651
648
463
377
881
107
358
379
776
987
826
714
340
505
894
463
845
138
121
128
428
947
132
56
559
873
156
108
397
650
704
48
651
167
777
532
626
135
911
402
474
89
468
814
595
363
277
792
853
398
921
281
697
405
338
256
278
846
717
28
848
421
76
499
940
206
383
566
693
647
320
168
736
788
982
683
503
612
828
357
362
101
638
60
506
328
668
785
174
385
165
23
158
241
874
450
799
258
16
493
905
688
661
993
829
995
677
332
607
505
689
970
606
328
30
464
656
50
601
183
788
766
206
946
360
80
397
159
690
765
652
595
454
665
589
635
661
618
967
620
475
657
590
433
985
972
897
993
23
851
528
811
617
86
109
977
519
858
489
209
624
493
805
430
159
746
65
172
716
32
792
191
41
383
976
378
707
225
724
730
76
252
893
694
339
3
23
858
861
864
67
837
358
224
619
517
322
36
41
38
421
833
581
462
568
557
841
276
783
565
6
211
169
900
905
508
255
281
718
116
145
138
306
503
714
925
372
37
962
413
427
383
599
9
197
519
918
390
795
701
955
154
913
477
406
170
337
661
803
56
129
301
546
435
156
612
713
529
649
27
294
429
762
245
438
959
765
356
350
560
410
657
66
675
134
472
197
472
485
353
880
615
654
778
402
810
390
115
691
392
494
986
821
256
583
611
216
348
319
918
261
81
575
327
108
62
800
306
886
285
659
766
252
665
896
7
475
286
122
519
30
969
857
851
225
440
814
793
789
486
711
50
567
639
729
676
701
529
334
587
167
345
705
771
10
601
778
837
887
253
356
918
222
565
121
447
6
936
241
795
774
304
197
341
943
926
369
644
808
55
583
327
752
288
98
114
889
229
952
777
482
660
47
56
226
168
503
584
456
96
731
230
401
928
924
696
206
645
341
14
53
924
693
805
565
792
920
454
373
224
231
855
236
630
911
814
151
766
398
607
215
129
190
968
409
466
664
616
463
357
982
516
634
676
322
199
820
594
653
193
818
237
400
54
867
311
869
18
429
619
978
644
749
520
612
158
986
629
774
449
986
109
318
620
785
640
171
957
234
825
150
404
414
902
458
633
565
679
4
994
299
982
639
400
502
603
558
840
232
685
641
571
794
959
191
931
951
715
888
537
892
390
941
306
292
752
939
857
783
295
203
434
277
194
834
131
798
745
323
382
430
965
953
576
276
497
507
580
212
747
117
456
489
411
762
133
515
53
990
298
349
545
85
978
740
919
110
890
664
433
624
446
750
578
22
379
427
881
959
991
628
428
447
117
191
561
250
706
614
592
357
315
138
442
294
230
713
756
472
378
541
96
824
644
26
847
23
453
728
982
796
709
762
243
826
954
804
429
660
771
21
369
86
511
811
732
93
525
488
565
255
30
662
431
674
688
630
49
494
711
383
290
420
145
886
598
99
42
27
112
813
401
481
252
264
645
984
710
522
825
275
129
855
289
560
881
330
191
282
824
902
665
466
322
810
704
272
910
747
652
374
560
53
207
164
669
852
149
379
726
974
7
855
181
296
416
414
626
607
696
802
509
361
621
183
171
325
455
433
424
107
159
337
512
367
501
534
571
2
265
298
976
272
153
509
921
921
923
899
528
971
54
389
332
675
924
856
352
732
641
777
191
801
466
56
520
967
590
91
970
207
389
298
480
895
808
753
816
83
652
697
55
706
438
739
733
715
947
86
447
941
215
990
94
681
46
614
0
988
705
322
196
447
621
28
342
429
781
510
864
785
559
271
492
998
11
577
713
310
15
512
251
582
502
345
263
549
311
616
889
17
938
85
464
559
113
158
340
246
668
205
32
228
828
876
578
839
453
643
502
821
507
753
403
9
451
19
910
762
635
800
131
573
237
947
485
351
105
177
949
126
734
981
706
563
209
284
754
15
927
256
836
786
362
239
795
813
610
58
927
245
210
411
171
799
358
8
502
816
185
452
942
920
785
648
483
995
284
237
362
563
494
550
349
208
141
496
373
752
906
300
997
468
63
520
268
422
528
770
590
714
222
884
986
8
532
469
355
168
58
717
731
552
267
80
760
408
928
133
512
835
786
510
303
201
382
571
975
263
342
565
977
564
449
963
924
333
784
631
501
842
348
232
747
967
664
859
728
593
345
240
428
131
102
83
684
837
655
660
100
349
225
77
265
27
392
190
360
176
821
214
370
522
446
117
841
463
977
921
408
322
514
188
805
968
271
489
805
926
149
905
627
727
334
893
754
78
435
466
606
608
680
977
482
127
94
324
942
71
597
350
745
111
538
550
80
809
40
237
88
189
143
715
268
829
960
22
908
395
489
514
4
169
843
486
648
938
162
590
361
112
940
107
223
830
657
655
640
49
893
80
591
388
147
859
217
108
882
477
503
723
344
859
892
187
346
893
477
860
483
839
972
776
298
548
958
307
555
950
357
448
30
948
188
530
159
758
638
41
235
493
116
579
353
361
767
51
254
244
263
89
435
588
217
85
136
176
393
691
126
102
492
509
50
680
39
561
438
29
955
26
522
71
605
227
432
724
630
686
321
894
128
108
482
345
194
618
873
587
661
352
689
505
861
91
186
252
652
976
281
607
354
155
31
960
383
463
36
13
502
357
259
630
466
741
327
660
711
201
599
373
553
640
878
766
731
416
18
735
745
651
695
99
806
726
411
541
541
448
907
43
157
166
25
975
908
353
635
619
906
586
344
459
226
575
225
309
343
595
397
440
246
92
892
404
170
303
946
711
103
853
107
261
19
132
236
279
837
224
251
743
162
595
202
389
522
779
50
218
374
447
658
972
539
550
377
709
206
323
773
309
528
880
922
899
364
511
179
202
87
430
297
249
377
852
990
900
631
41
470
358
488
128
330
28
31
59
89
237
734
862
898
262
94
173
162
459
684
341
13
771
123
310
20
500
514
11
752
146
404
222
856
892
703
538
920
86
598
362
675
332
576
573
595
671
746
109
482
782
802
847
553
925
509
926
425
24
289
530
522
693
752
378
585
807
916
858
893
866
572
568
199
148
494
146
171
592
607
5
375
409
852
280
334
714
558
111
90
847
641
612
892
746
342
830
905
258
40
799
477
612
719
676
760
565
174
284
158
781
289
885
542
494
165
876
208
724
339
298
923
333
262
816
431
604
998
336
214
38
487
691
650
559
719
410
124
893
694
634
26
336
519
568
830
685
796
390
409
136
688
684
821
950
500
252
906
498
588
120
888
428
812
538
987
531
301
463
425
347
98
803
683
617
372
865
302
168
255
63
656
295
748
829
245
600
81
151
451
22
624
339
450
436
878
789
967
179
252
744
878
350
548
562
968
272
427
622
792
683
38
449
978
786
278
576
386
712
79
189
86
703
529
888
491
759
677
811
290
281
555
168
984
455
730
304
727
510
926
520
545
964
321
875
102
951
451
841
663
883
30
749
938
911
637
782
670
666
593
960
948
148
129
932
956
211
236
683
721
514
555
266
831
876
142
933
828
945
774
843
180
805
593
119
68
582
901
739
249
846
699
549
994
180
481
302
392
69
986
465
583
541
732
414
770
226
700
598
523
474
441
704
631
386
175
700
969
428
791
570
274
842
119
620
23
952
923
767
373
909
232
308
802
316
723
572
542
775
522
66
249
316
122
233
702
297
285
23
725
76
945
351
918
64
971
941
368
246
708
741
507
293
50
310
609
125
234
152
900
109
570
501
425
44
734
127
341
19
503
418
447
448
769
366
865
92
307
233
339
368
327
846
661
377
508
270
854
743
774
106
852
696
607
629
740
694
108
433
65
611
851
513
412
972
879
277
417
538
862
756
258
189
954
919
918
463
542
772
558
668
878
762
717
838
743
457
884
851
891
949
463
94
814
227
67
693
504
484
584
718
592
842
908
898
114
178
713
8
303
623
28
533
737
745
371
480
203
255
332
446
557
147
540
371
374
959
417
230
795
353
948
739
547
208
638
13
387
351
21
690
327
402
575
64
147
299
545
702
906
229
148
463
376
41
187
750
0
604
980
796
957
928
887
504
489
525
518
876
229
891
918
556
293
493
972
441
792
517
495
699
746
644
514
474
685
701
576
37
657
556
185
614
837
73
471
326
950
341
554
531
232
472
439
878
317
412
671
462
281
166
161
28
162
27
854
199
81
431
237
738
339
774
705
528
847
176
854
150
517
760
681
101
232
121
979
902
533
2
364
814
169
877
194
331
904
49
883
985
832
120
76
171
894
781
700
94
309
906
244
178
667
925
279
251
46
611
153
931
965
869
98
134
746
292
818
3
693
701
340
877
173
416
49
419
197
749
513
506
7
109
684
674
35
316
278
433
279
431
717
244
301
815
731
399
459
901
402
505
602
743
382
127
159
431
546
709
532
412
567
892
521
604
918
908
272
196
694
551
980
763
147
633
578
878
32
389
131
435
894
85
530
277
212
41
60
111
750
945
523
670
837
396
274
755
657
546
304
703
449
284
466
596
917
396
827
301
137
958
88
32
44
618
661
608
660
73
719
762
370
594
432
559
343
58
315
0
604
971
55
405
255
873
2
172
621
181
825
758
139
914
142
535
532
803
144
544
229
863
659
599
458
443
159
153
502
826
153
458
797
560
864
404
433
218
928
54
399
753
812
890
667
955
426
552
110
570
448
691
785
107
643
595
551
154
748
405
980
253
215
129
813
431
885
598
649
813
652
400
918
817
643
586
124
69
490
586
991
938
278
776
46
273
372
949
427
472
706
407
726
273
888
539
705
125
138
706
938
142
107
856
311
750
794
787
171
284
726
514
223
356
642
621
629
14
922
56
839
980
815
565
253
703
456
958
180
946
665
118
89
124
326
752
226
121
892
749
405
618
263
980
974
905
953
603
272
875
659
111
855
474
676
461
529
484
419
709
431
436
179
872
560
505
976
138
626
868
887
384
486
502
716
460
408
670
415
680
897
74
143
105
900
171
566
429
655
985
490
438
774
669
310
686
527
287
825
153
155
64
889
642
567
606
454
975
628
870
7
525
296
502
630
197
673
196
978
680
534
469
119
660
490
429
346
17
68
171
523
224
588
412
218
155
370
24
482
350
894
489
876
191
991
858
740
16
407
718
696
293
539
167
953
30
597
299
399
665
823
922
241
763
687
459
918
409
484
400
760
730
241
988
273
232
198
365
600
605
84
648
898
975
816
203
5
765
855
757
430
30
679
24
793
718
483
711
128
319
463
888
402
704
228
675
288
426
41
888
384
477
536
282
452
704
838
810
469
693
567
252
75
598
276
868
317
111
579
445
783
42
685
185
98
265
212
386
691
605
626
75
434
514
710
239
219
900
49
688
593
968
940
668
566
568
888
235
680
819
32
463
213
717
0
311
334
212
697
26
170
323
453
604
837
515
843
408
415
244
97
360
564
389
380
131
958
268
718
990
87
751
805
300
820
805
963
155
369
660
533
891
335
338
496
525
854
691
933
269
288
382
982
852
124
362
335
82
983
54
424
70
157
229
723
977
386
686
484
107
699
17
999
34
356
847
911
562
538
197
183
826
579
165
31
703
880
366
137
863
420
561
285
577
142
8
907
528
47
391
988
746
761
987
132
117
834
396
31
724
593
214
903
172
732
934
228
612
300
365
475
73
279
112
650
773
121
909
654
168
301
642
266
62
629
750
531
463
146
562
539
739
128
442
264
860
376
492
472
677
209
299
750
840
412
752
614
885
14
268
405
315
910
671
729
891
773
260
706
920
174
245
659
302
688
275
163
64
767
987
93
329
287
195
169
51
300
783
936
314
51
341
629
313
364
710
204
137
322
910
57
496
508
69
150
196
696
665
612
464
653
706
145
292
253
314
343
553
98
631
867
501
972
848
167
688
910
371
825
232
634
235
80
142
656
231
690
352
896
302
168
901
360
313
193
614
980
536
519
430
519
739
931
491
939
98
531
850
822
709
82
456
296
163
950
304
746
640
656
994
942
177
896
655
842
89
621
822
978
140
604
497
231
536
341
171
986
872
21
160
933
455
968
229
970
918
533
716
558
542
711
853
719
607
860
913
48
481
88
26
973
692
876
205
580
217
376
567
441
749
727
375
204
48
604
527
966
490
243
877
32
306
730
103
265
590
16
666
423
456
692
748
149
920
953
729
489
681
648
931
782
728
658
987
776
614
514
742
104
109
619
136
768
701
591
33
643
960
699
418
416
744
167
565
16
120
647
506
154
647
437
936
375
95
275
151
709
141
246
166
251
217
654
19
271
246
404
914
206
456
333
974
552
852
892
568
324
539
74
478
186
863
767
914
958
42
417
20
184
15
186
787
233
840
158
504
438
562
770
996
370
455
971
922
307
863
491
632
754
917
462
292
781
229
558
91
272
976
111
808
991
649
595
576
842
753
432
280
315
555
277
38
362
248
960
670
463
803
654
569
73
116
213
854
698
772
945
970
100
409
130
443
410
725
20
252
478
804
533
145
359
162
183
722
762
496
744
577
651
750
146
724
218
359
930
916
483
228
238
935
989
368
379
399
93
751
652
923
555
537
69
267
699
604
341
461
452
437
38
104
187
536
180
757
247
111
674
83
339
264
18
328
985
397
727
430
148
731
354
56
268
775
323
319
731
16
132
184
453
522
640
992
58
820
749
658
931
775
741
622
392
759
950
377
157
30
807
657
113
161
713
734
288
388
53
20
404
538
556
209
60
196
553
471
16
655
129
300
430
870
922
822
981
225
551
490
607
359
148
720
872
861
454
161
602
860
533
358
398
89
568
810
285
473
281
301
128
762
953
911
984
876
85
966
101
637
456
708
996
604
780
868
818
235
381
772
447
914
130
197
3
50
7
640
524
641
294
652
403
247
563
740
123
649
706
576
286
514
636
634
471
417
854
641
4
236
413
803
502
543
0
858
594
7
498
118
0
144
122
756
392
38
496
867
39
554
796
325
68
432
311
891
201
165
532
557
753
945
360
256
841
712
466
787
72
964
905
72
109
379
828
853
417
324
720
456
878
868
133
299
653
796
190
206
962
723
764
67
20
476
323
861
189
789
648
261
106
905
333
567
637
514
420
54
838
492
863
69
361
348
368
14
145
910
572
459
633
336
526
6
165
202
867
354
343
868
967
801
125
652
368
762
166
140
169
357
633
384
778
346
732
498
712
229
408
284
688
42
973
567
48
138
121
267
844
464
487
163
266
613
815
986
375
334
127
896
43
112
280
821
458
365
671
522
594
79
158
635
121
131
202
521
621
323
141
465
139
628
628
757
241
796
744
969
482
871
865
525
335
498
698
793
863
369
667
809
448
825
444
922
957
998
795
578
673
936
396
813
917
376
570
510
524
666
479
6
889
697
531
224
547
581
369
410
950
36
219
751
862
16
25
171
14
820
101
688
109
849
853
26
226
775
888
750
442
368
757
331
417
640
556
316
574
925
78
876
314
649
627
528
665
652
51
32
825
152
72
286
2
925
312
580
700
200
682
494
920
791
826
689
432
734
5
358
659
83
234
325
733
862
853
750
866
904
782
691
409
854
977
763
779
641
343
832
194
25
326
466
169
504
508
601
238
513
311
250
949
545
575
34
407
781
784
626
685
919
669
94
773
999
857
905
992
552
89
186
930
767
5
99
272
513
52
510
378
363
112
327
908
40
713
668
821
850
294
506
769
963
953
542
314
162
799
307
715
888
845
645
656
850
744
928
363
796
790
742
511
255
421
419
295
135
87
116
985
733
974
106
49
927
648
363
90
800
670
157
688
516
802
696
366
898
976
82
46
119
176
557
374
949
328
669
436
768
137
421
501
111
879
550
391
880
914
833
680
936
342
720
804
496
417
523
394
393
605
792
512
133
701
238
82
29
259
519
797
396
292
651
860
172
553
603
52
819
436
732
756
778
452
560
274
221
83
20
967
40
164
831
173
865
70
256
246
329
775
396
78
67
47
938
239
952
541
643
772
329
375
528
459
180
440
85
753
524
457
720
564
621
552
738
838
622
346
436
303
121
832
733
540
231
671
780
184
564
423
956
245
151
836
704
683
276
141
436
800
598
157
717
571
709
807
409
683
153
846
338
626
30
72
166
262
95
298
798
12
74
754
257
577
942
314
260
218
455
696
371
406
853
88
977
914
247
739
949
752
937
640
378
967
64
896
581
159
195
379
171
621
485
781
198
427
95
458
646
902
506
17
308
360
457
638
626
704
377
928
456
314
568
186
281
632
82
215
143
629
594
667
602
432
448
800
859
895
610
857
797
117
226
458
829
683
96
455
739
473
735
195
139
655
733
420
639
168
635
783
149
582
802
752
14
602
552
225
497
163
83
646
632
309
456
461
345
552
268
84
377
4
632
516
659
365
289
651
885
276
786
35
858
588
787
224
190
339
450
39
854
885
37
486
546
494
947
891
46
216
328
776
572
960
292
583
677
581
234
563
210
20
598
68
608
385
645
150
76
447
189
283
332
227
769
230
73
69
122
119
637
802
895
561
762
540
144
791
473
731
706
683
751
304
104
712
41
749
862
118
196
404
753
880
983
874
110
56
295
232
527
932
386
775
845
500
315
990
292
788
721
998
472
824
655
576
536
696
325
751
166
873
507
919
753
490
794
863
898
89
448
777
374
834
552
219
335
867
561
979
8
634
977
480
459
632
408
347
681
85
98
847
958
957
119
63
799
265
926
697
706
726
475
80
913
379
652
600
247
213
579
607
200
908
87
659
893
847
6
574
932
457
773
242
414
892
305
214
157
583
263
864
310
90
296
575
470
948
175
69
514
754
676
714
662
115
725
555
962
83
481
894
540
255
136
307
147
793
521
657
376
136
521
38
227
817
613
697
118
788
118
984
894
794
698
909
909
775
816
871
858
298
117
751
553
605
58
52
398
931
709
774
67
230
813
646
400
778
695
870
919
813
854
813
959
904
722
868
679
891
91
889
189
208
640
94
165
50
146
563
333
208
338
753
790
503
399
190
281
447
412
200
260
266
366
572
522
440
440
201
331
884
443
872
444
435
966
610
838
465
173
171
673
863
276
463
366
676
6
0
475
770
200
87
37
918
659
559
359
452
113
690
336
908
563
780
343
881
390
181
698
916
705
371
779
981
187
498
9
545
498
484
315
50
924
704
969
583
616
328
35
81
370
371
989
285
504
684
167
246
218
865
162
275
589
294
256
128
792
618
25
642
454
692
692
378
749
13
314
365
693
349
798
64
73
787
349
577
823
868
823
41
86
338
316
27
632
925
155
776
543
532
418
349
224
462
728
325
476
394
690
169
743
488
585
168
627
935
745
803
155
921
844
241
259
513
620
243
790
127
371
333
659
789
34
236
251
114
561
79
508
604
601
252
444
186
420
424
121
518
227
629
791
71
222
402
936
843
645
726
970
16
411
630
157
446
218
760
560
779
840
69
735
441
673
180
627
445
604
101
315
831
730
106
254
952
508
191
147
505
269
118
873
681
100
30
479
318
143
391
449
983
812
185
776
485
365
755
283
321
208
598
152
290
57
758
243
565
301
742
423
571
860
296
604
960
327
83
630
470
474
80
805
287
265
933
124
982
688
759
655
249
710
807
539
767
917
134
684
219
877
107
142
737
404
746
50
83
181
680
905
7
760
62
294
377
995
771
711
35
530
366
284
240
525
824
359
443
958
44
14
187
151
156
925
907
254
975
990
787
655
247
794
768
309
441
145
656
564
209
692
94
575
328
687
101
504
46
544
815
442
910
2
594
66
927
853
672
254
844
811
262
443
957
382
753
398
879
409
314
88
453
761
664
782
448
765
286
846
661
101
289
571
456
235
989
383
88
13
990
284
824
604
728
781
986
833
532
865
594
846
954
48
607
618
182
407
735
820
254
396
274
895
967
730
482
956
465
922
969
807
559
145
411
639
926
397
472
458
263
66
657
569
466
264
187
0
672
922
821
278
670
95
525
637
177
359
945
642
281
914
450
192
59
213
831
337
611
655
148
226
74
805
795
540
69
982
541
93
256
714
371
926
161
248
915
338
607
860
332
889
126
134
433
537
348
265
874
959
920
374
185
346
179
332
239
601
666
132
694
922
846
418
200
7
666
467
697
626
327
29
867
805
516
300
342
864
565
568
175
838
295
712
184
474
44
775
75
710
907
122
984
753
892
536
112
910
3
161
536
682
543
403
487
59
704
181
275
621
101
450
811
396
162
348
223
558
123
650
620
31
772
604
784
16
492
249
927
495
410
463
529
953
219
368
12
923
549
287
896
2
89
708
751
603
56
974
161
179
976
133
210
749
89
347
117
581
948
44
428
358
860
957
664
79
325
28
354
226
668
602
229
757
310
332
361
718
658
874
898
634
360
460
383
449
807
853
31
107
897
459
466
109
417
130
540
742
510
246
321
178
849
902
936
511
234
649
230
892
875
128
526
235
940
262
685
748
115
716
855
364
175
673
826
944
155
366
39
666
965
360
844
814
262
132
325
848
781
907
740
9
35
618
244
328
880
929
76
347
997
283
64
525
309
890
821
816
608
860
482
573
572
679
387
186
163
65
34
297
324
126
306
360
745
902
688
977
184
116
677
181
751
741
58
412
631
880
229
239
740
63
813
665
94
552
851
258
969
886
907
294
364
213
6
109
115
46
439
299
514
116
833
617
857
891
30
840
123
611
79
216
26
244
881
121
149
732
731
470
970
638
116
335
203
122
796
670
520
235
322
34
351
155
4
560
398
386
400
522
997
832
738
375
428
619
496
577
703
579
400
674
569
516
361
124
991
157
795
511
393
117
898
96
272
902
657
22
640
57
544
637
889
634
364
670
605
861
599
309
792
999
335
714
516
696
838
507
853
633
370
598
750
268
695
374
522
352
749
162
761
645
151
3
280
516
673
885
729
272
546
873
272
881
587
140
929
426
999
783
411
369
733
514
990
428
240
864
132
989
27
894
635
530
897
267
398
570
152
127
194
699
353
466
932
940
958
862
718
957
997
130
327
730
996
669
511
236
533
643
226
912
889
213
795
138
480
193
60
984
673
255
683
26
73
968
318
32
830
37
989
179
519
668
261
515
337
772
751
223
768
329
135
9
542
930
148
374
476
560
359
149
815
394
175
889
362
845
273
544
882
262
75
401
283
337
268
620
461
20
195
229
701
331
591
244
613
91
970
441
651
329
590
819
724
117
60
438
963
333
983
197
947
410
951
230
747
219
203
209
239
398
790
293
81
381
537
695
824
859
136
476
189
79
295
265
548
355
703
511
40
38
61
987
449
12
218
548
231
421
757
823
819
900
116
901
633
5
948
458
864
436
934
405
867
581
670
416
288
726
279
680
764
340
667
565
352
237
114
936
10
223
759
182
475
875
83
109
880
383
567
744
171
853
150
39
786
172
807
426
898
438
106
15
779
125
580
483
363
46
419
373
622
530
555
97
405
990
558
637
725
477
734
897
330
236
288
468
408
447
894
307
885
352
674
16
478
254
500
193
653
271
566
627
802
474
724
559
816
635
197
542
112
931
791
795
167
431
263
927
230
510
586
115
214
260
132
692
867
984
885
520
607
804
499
761
630
575
673
446
210
870
340
323
153
483
118
672
266
733
599
496
595
186
964
810
446
96
854
313
432
92
185
391
896
684
153
526
260
826
324
470
48
17
145
553
500
615
225
767
349
176
615
296
714
579
458
161
27
313
826
459
405
364
203
653
400
708
531
660
886
855
483
286
224
980
839
725
596
416
844
297
592
459
593
307
391
52
820
418
365
998
230
122
714
433
775
115
141
306
127
379
513
962
665
738
943
504
815
539
920
11
836
864
470
781
523
213
833
695
632
550
46
862
24
760
647
799
875
140
457
3
519
323
965
184
413
260
40
228
799
312
239
987
528
61
769
52
275
954
99
259
857
145
473
233
906
120
33
133
260
842
488
131
517
806
667
930
66
59
510
866
371
101
205
899
515
326
303
142
633
403
401
490
900
874
723
806
346
108
292
606
303
780
89
820
586
756
103
653
167
613
871
538
67
76
789
582
755
445
724
388
200
477
878
100
351
953
259
697
414
903
655
717
683
96
889
270
852
344
275
371
958
498
261
377
926
50
959
681
847
35
69
47
512
299
500
863
253
111
912
19
14
567
88
697
663
977
319
867
322
946
238
632
444
499
9
371
901
320
52
101
355
474
148
867
773
0
82
378
111
994
397
125
913
485
175
576
815
494
795
137
793
385
121
237
236
482
960
489
802
365
590
509
839
91
376
612
91
810
991
203
804
740
680
717
226
855
645
41
702
792
530
495
529
3
84
765
485
397
254
639
762
845
148
601
288
876
213
379
686
556
934
490
297
615
559
875
822
556
916
524
348
798
371
877
801
808
994
286
205
248
925
967
445
425
920
733
301
485
465
987
42
399
829
691
14
740
566
837
296
482
713
996
280
437
873
81
245
219
719
802
467
996
121
265
421
41
350
722
526
167
61
568
567
242
259
933
982
825
770
278
659
836
274
291
273
499
724
870
718
443
672
537
791
793
154
212
186
857
286
712
24
699
633
591
941
892
525
923
70
647
201
81
483
827
373
108
326
449
978
44
245
2
582
36
147
88
601
333
945
887
46
970
939
31
561
880
275
438
804
345
86
357
779
569
185
504
30
863
953
360
908
198
363
842
235
862
930
836
196
876
75
594
846
14
625
759
247
900
198
403
598
284
760
377
205
297
233
587
161
186
948
421
385
663
615
620
525
545
808
721
773
235
667
971
250
644
83
849
897
281
252
495
917
12
224
474
310
457
62
823
643
10
244
380
673
859
352
550
756
160
272
882
396
291
853
998
936
936
847
833
569
99
680
486
463
256
313
125
713
375
948
708
737
192
89
762
403
441
312
512
954
936
394
350
228
247
700
516
536
547
701
105
998
381
944
461
989
257
587
702
984
535
762
73
80
203
835
835
997
147
347
951
436
741
653
16
341
705
532
877
252
233
334
602
966
278
63
955
887
2
9
871
890
123
296
970
327
131
157
676
631
505
627
67
598
632
83
939
337
967
816
941
552
151
543
518
781
958
825
669
961
186
892
851
309
189
173
988
672
330
664
303
187
643
722
786
275
805
77
964
124
246
905
676
397
448
546
530
407
723
551
720
909
444
571
571
985
96
911
9
778
928
313
966
571
387
104
199
545
181
163
669
427
421
346
176
869
892
707
628
968
610
700
877
406
623
800
391
719
64
401
498
992
66
464
915
453
920
466
998
453
982
20
881
403
366
409
624
610
468
605
578
79
305
808
485
929
960
229
648
24
982
498
368
400
314
284
205
234
102
556
688
84
576
921
839
942
330
464
904
151
69
835
230
726
643
67
7
955
296
8
980
630
506
348
30
821
984
236
407
87
792
447
171
720
368
11
14
51
827
918
202
248
105
784
974
748
851
982
56
500
990
36
482
848
736
865
669
721
453
429
160
597
876
331
317
245
694
331
648
873
601
202
121
707
986
448
807
189
782
863
41
124
899
876
324
988
741
994
709
194
775
869
791
651
552
108
248
599
791
248
824
392
450
946
99
788
746
907
978
880
770
371
356
22
247
680
362
340
26
71
534
801
292
677
453
196
137
53
147
928
302
972
673
752
270
772
541
16
31
871
248
154
594
604
528
194
284
890
534
311
961
421
464
605
450
917
801
588
323
301
868
625
273
541
729
543
314
622
911
697
493
159
851
440
115
379
634
751
269
520
62
582
941
527
187
392
796
341
332
119
642
200
96
267
742
826
810
408
448
73
105
294
584
309
86
699
688
720
450
958
592
865
540
534
744
80
278
892
773
610
364
415
162
460
682
256
638
844
16
439
917
122
85
501
431
171
552
471
243
354
429
835
219
322
721
315
402
351
208
175
961
572
942
476
384
976
732
23
820
749
814
89
223
899
942
6
70
846
829
665
200
259
500
772
933
574
87
687
925
647
214
239
219
156
715
604
484
799
979
656
900
793
97
475
692
39
833
114
885
663
779
437
274
631
209
207
557
649
246
483
296
460
722
868
968
789
824
452
940
803
460
841
948
557
668
992
596
502
106
833
517
237
622
791
220
832
350
778
833
948
613
481
408
687
349
728
476
173
180
416
328
640
609
276
549
278
268
145
132
726
330
649
315
952
792
536
136
494
666
321
442
279
803
850
966
152
930
794
678
110
562
6
102
524
635
651
154
255
148
286
982
830
287
297
134
79
833
271
925
851
944
367
130
747
569
448
252
499
242
930
961
157
288
415
681
923
418
835
179
566
121
513
748
760
810
882
191
996
505
116
847
450
835
330
549
404
778
801
255
373
731
216
530
20
631
211
295
401
46
826
319
519
339
67
279
150
301
470
498
807
938
697
609
773
27
158
177
158
312
784
531
43
0
413
415
983
624
63
384
22
889
55
541
229
122
172
731
423
994
229
582
932
926
543
57
306
702
586
464
366
370
347
409
722
760
177
705
384
240
441
758
481
496
299
62
970
823
793
745
169
374
328
101
653
871
510
959
925
96
775
643
466
122
53
188
882
582
245
618
174
38
376
655
886
27
718
856
202
863
601
371
238
281
824
243
505
334
554
782
430
329
426
896
451
831
436
685
413
33
655
939
71
31
946
957
410
664
813
612
880
766
983
470
48
807
713
905
141
267
687
923
596
113
171
399
296
607
436
709
640
91
0
711
474
947
20
884
611
833
496
843
951
831
313
999
638
26
256
131
293
944
54
241
409
225
992
706
832
428
767
824
519
768
887
993
715
907
229
678
92
725
522
43
556
835
395
546
214
651
677
859
947
731
101
357
308
445
415
140
874
182
316
745
950
203
91
17
462
320
696
554
398
570
598
954
757
345
853
971
996
530
831
944
614
284
653
922
81
68
415
955
250
83
53
553
287
144
922
749
816
618
304
214
540
254
521
298
599
374
621
947
256
804
891
870
88
896
145
522
964
912
477
567
995
530
120
634
26
42
384
843
13
40
57
553
646
930
203
597
304
825
544
561
629
788
783
70
684
280
592
649
192
421
216
188
304
688
822
330
730
558
525
95
950
935
649
596
865
852
193
170
29
90
83
659
878
218
81
562
851
673
563
43
94
779
583
398
467
758
81
550
668
606
645
619
541
646
567
759
851
113
281
880
203
364
891
433
934
972
995
785
645
559
181
92
690
116
490
510
226
923
60
895
530
57
866
423
704
785
182
555
250
463
787
805
179
679
238
466
3
586
603
649
497
136
93
187
253
935
49
479
859
109
726
741
167
944
164
223
730
699
778
980
514
917
138
694
948
376
512
952
314
115
953
811
252
46
351
505
981
400
336
840
862
415
933
381
359
450
604
441
149
734
774
663
651
912
709
600
288
221
552
955
337
505
766
941
551
469
798
884
870
486
77
84
901
10
465
613
460
69
54
961
803
828
625
806
740
686
406
381
908
310
336
597
815
454
538
718
924
688
603
146
174
680
230
76
42
695
689
855
116
743
816
919
924
793
725
16
480
484
749
740
794
85
337
610
892
227
680
816
915
635
962
89
667
544
517
710
591
558
565
707
654
733
978
578
527
55
594
359
539
696
99
334
781
788
296
673
367
328
841
634
964
155
75
631
699
593
341
290
503
258
349
157
344
327
735
223
383
682
934
274
378
385
960
511
173
608
537
892
937
730
526
901
886
601
884
937
546
578
580
50
188
929
207
532
257
295
755
992
329
41
266
59
426
579
922
599
187
811
843
124
542
369
377
780
323
262
717
221
840
297
623
28
579
183
913
836
830
20
180
511
62
798
570
488
377
844
440
565
8
283
41
550
5
419
330
680
33
399
901
225
697
525
605
628
60
518
816
890
539
996
401
953
794
323
441
524
167
881
89
175
517
482
77
522
253
759
554
286
159
807
863
208
684
469
836
744
339
652
634
230
648
35
183
794
358
625
318
878
858
759
53
375
594
483
249
847
242
155
486
401
963
349
609
647
170
445
392
862
97
378
92
97
414
628
244
772
605
914
650
815
26
56
191
620
539
792
467
133
300
953
535
263
655
144
262
177
942
6
391
391
385
484
841
799
464
85
923
69
999
926
884
25
334
427
997
225
572
465
358
872
770
245
487
777
742
749
307
684
108
698
427
493
534
268
644
998
705
919
419
57
845
304
434
531
83
432
108
655
249
467
879
371
712
718
149
454
820
808
490
928
506
918
773
41
538
417
391
244
336
811
301
534
467
87
417
550
519
526
558
768
993
789
140
57
508
641
864
680
449
354
608
307
624
381
700
163
150
92
759
486
903
412
372
722
499
790
272
19
668
182
139
13
324
631
70
832
624
934
512
73
641
472
733
265
205
433
780
355
525
891
841
780
303
566
854
155
708
479
174
376
661
665
389
985
649
811
169
273
746
33
699
739
857
432
356
62
865
137
417
743
28
611
875
684
177
730
839
237
209
365
613
222
30
354
560
31
165
81
305
263
115
4
2
324
436
359
387
653
848
804
396
876
767
624
912
296
354
751
533
563
116
498
137
499
852
697
530
370
779
187
633
246
191
636
570
979
347
957
985
195
114
733
423
233
357
336
530
711
439
415
626
908
914
764
759
118
461
289
488
240
829
122
486
372
110
57
352
457
366
689
4
832
422
779
66
780
467
948
491
907
363
470
167
277
234
926
396
47
567
884
640
396
358
126
769
468
535
473
277
254
162
633
86
584
413
504
716
232
452
560
491
816
30
658
445
616
584
841
663
504
78
303
900
436
782
21
257
669
846
534
923
360
520
362
945
933
218
13
517
671
573
9
839
603
19
284
219
604
478
235
460
556
890
360
992
672
734
249
342
580
136
617
941
656
331
238
941
550
603
458
573
177
819
412
132
839
48
704
795
526
939
255
82
829
967
427
854
53
28
548
634
164
517
927
172
849
517
113
399
120
924
324
649
743
88
782
582
136
486
729
15
777
984
449
958
304
876
164
357
905
712
343
421
582
622
594
431
491
59
182
612
983
506
613
727
946
747
661
434
585
391
449
362
727
899
673
31
127
837
741
384
902
84
806
484
707
752
267
198
811
449
162
795
307
776
874
253
875
535
687
461
278
489
175
6
388
848
389
867
38
130
252
292
567
58
776
274
810
395
824
621
844
987
768
503
115
642
108
990
530
795
451
808
636
627
166
376
827
908
244
865
38
496
509
957
906
637
231
68
32
56
41
228
395
810
731
510
804
839
852
334
987
656
143
623
635
661
352
462
569
596
680
960
444
189
917
350
827
501
770
859
557
811
88
304
973
171
166
778
363
18
112
350
26
607
325
661
269
677
124
838
625
156
150
69
697
68
771
524
569
541
736
478
353
176
782
326
347
300
456
62
318
569
412
345
176
90
358
797
119
834
636
745
990
138
166
688
206
938
564
127
479
300
957
184
828
91
863
176
391
319
590
62
888
355
759
417
445
117
214
916
952
202
13
294
341
180
334
899
118
899
379
949
199
336
134
380
780
349
908
523
668
498
585
557
853
344
326
298
814
540
567
118
743
580
412
84
760
747
983
230
998
714
532
549
51
18
929
183
367
837
706
35
336
292
944
189
988
270
840
154
163
407
272
906
987
37
342
100
136
677
682
134
392
566
683
795
584
613
978
303
450
684
691
786
328
987
328
317
258
168
823
421
575
96
679
914
485
21
366
621
698
401
755
442
967
790
237
904
403
215
559
206
900
250
344
580
238
672
897
848
840
73
621
767
169
300
682
6
321
400
627
371
801
734
814
121
876
403
25
632
619
584
838
871
187
182
451
425
207
701
273
47
774
894
167
295
546
201
301
219
601
280
590
403
366
756
524
242
160
901
874
131
837
712
354
24
247
805
449
454
858
74
853
984
320
20
279
866
221
932
85
175
212
28
578
578
136
454
173
296
707
47
779
544
112
133
569
359
291
370
165
149
797
18
134
117
391
765
336
964
698
773
139
262
801
69
193
938
875
366
586
582
765
366
127
877
851
48
236
142
770
753
292
567
772
778
37
515
543
373
479
241
146
619
856
300
688
49
238
916
767
176
498
532
894
977
410
746
25
998
888
148
104
532
715
228
310
752
743
854
477
222
447
976
193
655
276
234
704
866
150
823
42
0
708
289
978
470
35
355
820
275
503
924
808
571
152
470
675
247
324
153
822
124
481
15
779
757
601
836
623
103
659
17
104
719
306
82
189
693
437
10
969
293
286
129
864
439
599
539
686
276
44
860
400
525
876
179
634
829
367
609
933
379
627
37
98
285
119
288
331
908
650
300
201
936
781
417
727
380
957
766
656
353
626
408
231
854
940
865
684
307
475
969
686
454
6
785
739
477
425
70
385
427
722
939
715
503
356
443
236
665
561
244
19
539
653
250
394
945
115
430
252
942
751
939
396
757
76
136
234
853
558
971
280
281
262
995
136
619
790
372
284
351
969
655
243
974
905
637
919
373
419
171
315
170
462
64
279
890
200
865
743
110
188
375
391
451
723
880
70
513
604
706
217
573
362
460
547
619
449
818
344
868
990
12
390
804
76
669
695
628
886
790
738
74
166
482
525
889
362
947
754
966
654
971
892
368
783
791
987
232
610
684
452
952
696
842
756
772
863
803
400
101
594
138
176
112
972
53
353
334
1
107
653
655
431
897
375
214
688
714
799
298
398
251
602
94
446
359
866
661
162
618
763
108
109
291
220
81
344
925
416
345
33
421
352
816
318
727
382
6
442
181
657
840
433
259
287
231
970
153
892
485
124
7
593
233
298
166
314
643
91
82
340
476
503
45
292
821
772
675
180
566
208
189
759
993
448
46
224
419
551
469
904
675
828
849
908
127
15
575
122
459
657
814
935
161
859
228
334
984
255
514
550
463
703
661
457
504
59
33
275
611
502
531
638
331
380
899
810
748
474
932
207
483
98
142
644
958
722
331
942
977
197
844
793
901
858
250
757
917
635
32
880
138
915
519
821
647
770
631
395
596
915
954
79
13
97
724
971
171
407
265
501
604
110
294
505
320
896
614
237
531
998
470
21
913
989
842
561
111
473
308
707
740
263
786
754
712
862
77
883
269
343
384
874
805
30
731
125
278
346
714
162
344
184
183
610
525
26
523
636
851
831
343
592
446
130
698
158
992
775
394
614
470
130
488
275
161
219
752
791
917
467
953
614
651
137
224
177
515
99
165
718
930
509
662
729
991
360
887
335
488
633
949
958
764
437
234
277
9
338
68
926
805
22
540
457
511
116
986
26
215
151
96
498
12
759
227
3
471
466
691
959
100
640
270
864
430
856
141
439
194
209
365
0
583
258
809
94
374
147
120
590
650
217
88
663
328
315
18
799
781
709
111
881
350
381
97
780
589
238
571
783
800
936
135
383
194
944
478
921
443
950
511
94
519
951
109
847
618
127
999
399
189
110
633
891
843
82
23
432
321
594
567
473
882
703
856
429
999
686
350
443
637
861
889
156
164
998
356
782
125
355
533
666
817
166
557
12
249
580
444
922
526
363
395
409
66
603
838
66
290
188
861
279
401
750
787
917
748
143
699
225
850
232
892
667
751
801
679
352
734
475
274
260
839
21
669
257
976
859
675
618
399
536
897
152
286
37
69
386
180
768
964
383
353
856
50
104
9
82
456
743
909
82
356
100
455
25
358
431
237
385
50
636
922
299
141
560
336
210
299
869
331
263
252
684
471
302
788
480
736
596
576
646
678
932
98
133
309
456
564
546
194
966
535
116
618
676
28
954
238
327
823
569
942
427
605
413
82
393
246
818
989
822
816
19
754
915
152
63
723
69
962
917
387
497
385
5
525
414
312
763
93
487
685
36
915
290
801
997
684
47
167
25
869
984
397
623
251
901
39
974
970
1
244
710
850
629
67
375
395
379
490
841
867
175
229
134
466
30
131
502
78
298
527
947
634
276
923
885
178
314
212
500
315
456
210
517
437
278
892
185
9
382
26
228
910
255
362
376
285
845
878
715
144
757
15
130
34
938
16
212
252
228
712
919
36
275
436
473
905
680
658
914
414
36
143
324
291
857
700
929
703
930
996
199
688
11
329
722
301
697
934
905
925
998
824
313
273
612
787
178
644
797
445
411
834
588
735
477
797
788
758
852
718
755
51
758
766
733
480
68
430
766
973
708
117
150
21
390
114
160
921
759
310
366
170
144
306
257
973
455
397
732
308
468
839
359
226
605
444
59
25
875
177
999
935
294
501
956
37
615
469
310
726
779
676
248
275
334
506
600
789
255
332
97
723
523
809
302
129
253
361
506
480
538
857
415
185
358
724
574
974
545
884
52
324
912
301
951
598
159
551
387
414
236
837
138
759
646
792
240
251
153
747
84
43
604
499
580
315
575
154
641
120
390
693
796
302
994
747
900
153
299
640
920
887
477
410
646
475
202
887
78
707
634
162
750
590
14
331
905
941
837
546
414
228
240
210
530
586
310
783
92
961
775
12
848
252
774
494
79
976
733
157
683
719
672
785
310
686
116
567
627
954
466
41
534
58
604
416
644
914
199
88
227
326
100
75
930
226
921
9
554
7
519
237
726
191
375
388
229
843
956
208
149
422
602
683
832
206
100
476
472
651
565
699
978
17
126
908
244
399
270
150
406
789
388
133
332
115
521
561
958
829
121
108
603
723
791
435
929
891
264
753
895
829
804
873
198
930
133
794
682
403
945
88
544
685
573
876
800
447
789
758
276
911
218
232
634
10
19
916
253
283
21
148
464
826
373
15
108
859
809
790
262
106
231
807
791
804
35
943
251
825
702
880
736
920
112
370
282
131
638
888
767
660
388
583
486
762
598
946
973
760
737
235
866
968
394
658
124
430
601
376
255
655
256
343
928
720
65
562
851
704
450
970
364
839
554
202
953
504
148
926
264
237
513
131
557
260
789
682
42
742
58
297
750
666
992
678
386
57
240
589
761
691
560
477
882
466
679
835
970
180
113
587
417
626
718
327
238
859
9
280
601
419
929
703
437
921
381
823
979
974
412
92
17
324
570
899
142
249
86
113
781
199
52
551
177
770
878
416
981
239
48
934
10
978
638
447
899
19
270
230
345
34
323
362
359
893
261
501
494
347
966
276
898
18
827
428
140
57
844
121
296
244
56
306
222
694
105
122
65
375
352
411
409
675
125
120
920
387
622
415
86
940
43
337
311
870
765
451
279
961
925
575
205
981
233
428
27
690
902
444
65
606
207
826
634
333
299
554
72
273
321
158
213
364
847
524
234
612
328
865
925
253
440
131
586
25
911
965
715
165
409
132
771
617
311
405
302
610
312
374
883
633
532
448
350
380
325
936
344
653
802
270
258
242
753
844
620
664
809
687
829
570
820
952
539
483
710
841
445
22
215
328
7
100
128
357
832
805
646
176
458
448
798
68
42
551
912
662
567
73
702
748
644
874
53
183
357
763
25
802
137
592
482
496
692
962
206
524
768
852
701
578
300
851
647
342
755
911
357
674
985
59
423
981
285
476
516
642
591
893
796
728
486
278
224
178
592
782
703
360
634
756
939
286
607
586
629
362
497
338
37
834
749
812
815
34
640
684
676
231
577
824
311
63
454
887
242
46
670
945
407
656
53
346
943
660
284
924
375
133
262
764
968
11
928
135
397
568
819
425
151
749
249
814
812
703
53
54
749
723
351
156
732
404
854
675
417
138
599
144
624
213
908
592
224
836
79
973
756
251
398
259
0
647
425
812
350
478
219
451
554
922
960
286
679
814
961
448
305
912
592
929
125
500
873
701
688
952
674
796
555
72
407
555
719
832
720
421
310
291
224
216
213
184
502
244
999
815
692
656
727
284
585
852
136
810
905
176
114
579
324
670
3
731
577
74
915
297
495
578
940
72
794
506
256
297
750
607
464
795
263
192
431
200
396
568
10
302
96
125
881
421
147
885
504
724
311
772
374
807
350
314
231
496
820
487
145
923
95
610
718
710
802
149
911
550
69
273
852
166
750
86
939
897
323
795
974
634
919
348
793
269
14
24
118
187
512
263
110
959
225
180
669
379
329
580
930
751
206
782
269
956
868
208
206
543
355
532
178
275
880
971
896
246
996
14
433
860
630
895
819
207
427
840
587
757
773
517
860
979
651
129
287
872
689
493
415
44
25
593
671
257
917
568
856
265
934
641
477
916
889
296
124
316
488
63
425
261
932
285
240
583
414
880
807
103
373
575
500
751
168
171
360
437
739
568
702
26
210
531
942
99
827
418
415
316
481
841
929
765
126
170
349
893
50
508
996
775
83
496
878
604
668
591
41
759
159
96
785
369
627
80
820
807
498
236
475
332
429
404
97
907
926
798
800
328
307
149
104
742
997
334
346
665
925
740
777
85
188
914
806
815
994
627
974
845
215
801
177
996
206
274
903
484
425
56
813
84
205
917
826
202
251
525
220
529
265
349
614
453
263
772
620
610
399
947
455
966
748
632
314
306
258
218
791
35
626
604
119
183
521
946
737
124
471
309
653
88
658
619
893
922
392
513
884
143
460
339
462
561
323
776
867
933
346
658
969
972
262
440
507
135
738
245
260
561
554
265
649
213
885
542
487
629
408
371
124
868
62
586
781
385
363
649
670
61
307
639
34
922
432
541
57
170
786
669
732
693
935
381
258
172
276
97
153
684
820
277
904
882
864
686
619
579
335
289
640
994
281
26
268
713
920
326
235
58
347
967
751
634
701
9
806
977
106
311
661
278
589
917
160
805
603
779
384
290
421
376
637
702
403
905
767
323
583
2
381
283
970
485
917
23
846
76
0
305
387
13
583
976
282
744
781
886
875
517
528
296
246
517
350
1
775
117
676
358
472
409
641
794
894
911
817
741
987
169
398
374
182
981
703
464
77
484
702
953
354
583
601
952
100
952
953
875
421
981
586
893
390
579
39
285
490
856
378
477
25
776
204
559
109
907
376
187
743
430
140
449
13
93
401
466
397
706
341
819
687
279
64
78
211
104
715
701
312
445
531
338
221
735
249
330
994
625
869
737
56
9
187
421
103
588
887
852
647
581
671
334
212
88
412
423
544
479
477
856
924
8
546
497
95
796
180
89
773
49
826
829
411
365
603
866
306
842
718
953
423
742
287
988
830
52
411
726
531
888
934
808
248
481
305
343
277
837
784
50
887
963
232
298
328
187
516
634
29
234
939
805
976
227
793
158
631
556
884
514
445
819
322
693
652
980
389
281
817
173
683
704
488
915
354
817
454
870
803
484
457
743
641
433
322
434
944
953
342
180
467
787
351
142
833
3
122
574
284
939
99
320
996
588
587
702
405
42
925
560
878
382
655
519
167
977
305
111
282
647
644
102
787
995
244
972
351
366
546
987
305
645
307
653
233
895
356
990
937
281
551
167
663
558
686
182
536
991
646
818
990
290
272
777
285
516
749
988
882
295
976
540
293
283
193
526
530
549
869
819
182
772
986
197
330
672
380
218
15
26
389
6
316
661
135
953
178
885
942
60
532
270
952
825
905
146
704
436
47
925
607
230
49
594
427
379
618
159
598
986
185
339
344
853
0
479
807
178
716
101
591
601
371
543
778
628
41
834
64
89
759
24
671
808
618
450
540
588
610
490
926
147
829
270
353
829
102
160
360
818
613
303
419
336
846
198
964
240
32
381
329
144
405
352
304
375
802
844
315
764
334
242
264
163
512
617
345
614
129
57
785
742
360
204
430
558
754
394
798
139
127
479
283
532
831
939
259
986
784
575
750
470
817
14
986
681
983
331
648
112
740
433
206
100
989
636
658
744
383
809
235
510
288
870
395
120
809
654
106
945
229
208
416
398
575
402
432
558
85
80
23
825
513
229
925
502
866
935
598
249
744
185
759
33
55
154
505
217
161
963
162
742
523
578
141
98
980
573
9
417
653
32
242
518
261
519
372
127
455
971
728
199
508
840
584
564
346
89
133
507
404
295
250
928
226
743
26
206
668
387
976
673
419
218
191
33
738
563
512
545
886
241
744
395
81
681
311
779
122
444
287
527
739
537
455
965
632
833
524
300
221
500
973
992
70
516
25
808
79
890
353
318
131
450
65
564
483
376
343
605
820
982
132
911
871
939
229
503
125
105
803
346
957
128
690
27
644
716
188
76
958
541
746
89
343
811
5
826
187
700
784
359
683
268
622
906
208
851
410
333
956
565
31
913
46
721
293
42
789
481
118
747
374
864
188
718
27
545
896
214
598
680
925
281
301
548
539
861
751
949
546
60
867
577
973
913
650
266
955
792
99
426
891
474
642
80
192
670
625
440
236
575
473
514
856
774
62
748
635
165
697
533
225
916
110
199
181
112
817
137
904
917
915
796
743
557
228
287
579
205
727
168
781
552
682
989
678
96
737
665
261
787
198
487
703
308
38
885
773
855
374
29
124
641
825
867
198
405
154
130
611
234
298
744
786
332
733
465
428
823
130
689
610
329
176
665
989
214
902
114
422
276
144
546
269
321
766
820
727
272
950
690
506
600
434
645
932
519
462
360
342
944
401
952
625
578
970
967
144
872
81
566
501
225
465
770
899
231
590
978
855
892
668
714
492
454
359
424
973
173
136
668
117
538
972
743
468
942
710
612
815
143
179
668
721
644
438
620
227
29
598
82
921
618
148
766
424
507
542
749
32
679
417
150
569
390
245
37
684
307
649
851
450
180
519
171
176
958
791
755
339
741
838
612
711
338
378
135
198
273
237
230
952
6
380
873
396
977
910
433
284
911
284
735
444
804
258
620
762
50
376
453
143
566
65
207
904
796
694
102
69
931
333
373
938
65
246
686
395
508
119
679
771
404
766
215
560
25
188
674
427
564
127
570
482
544
777
386
692
472
841
113
755
526
486
693
943
84
380
338
944
851
18
716
607
784
283
167
161
823
841
588
387
320
159
221
865
288
960
557
112
801
671
868
679
509
913
622
946
645
313
890
497
331
958
104
467
594
624
629
417
817
569
157
138
80
378
3
369
338
912
833
491
935
53
522
797
319
145
743
964
458
985
813
141
944
270
960
890
894
941
307
711
511
464
849
943
195
204
664
533
469
498
377
756
903
899
553
222
396
648
187
206
634
0
699
578
270
12
820
516
953
127
228
816
944
429
112
139
986
776
24
455
274
401
211
530
653
117
752
49
765
291
608
399
644
307
329
914
319
149
783
625
629
363
793
573
792
905
712
130
682
736
585
308
490
149
838
143
266
591
544
383
234
152
783
878
460
464
145
131
614
928
756
243
291
902
816
435
807
880
566
841
968
503
150
458
652
340
601
270
283
498
654
518
650
437
396
110
901
541
594
867
821
350
462
112
604
630
548
412
510
466
605
479
969
755
289
974
96
243
244
731
741
250
249
391
39
998
854
293
539
448
160
361
150
623
825
755
605
725
519
116
191
124
947
513
232
236
487
680
479
83
411
220
334
13
964
725
11
818
18
902
266
179
263
768
154
441
875
111
166
394
227
710
871
526
223
455
763
62
487
594
497
898
167
183
263
131
909
274
949
927
177
567
458
792
687
964
233
563
76
752
309
655
462
180
182
685
987
297
99
474
891
596
725
410
780
988
541
41
263
842
968
792
409
779
936
97
743
170
660
171
274
321
827
736
502
9
773
489
658
872
316
901
820
41
312
600
29
853
641
644
696
962
788
457
741
725
906
836
247
566
8
521
888
835
257
742
196
30
583
854
254
899
755
74
292
67
675
322
273
668
966
969
982
755
778
723
832
685
560
79
603
920
600
843
755
857
585
303
239
521
157
493
772
264
567
65
332
594
739
605
615
57
926
597
812
704
673
996
389
585
75
993
505
675
836
612
884
774
915
475
647
424
320
419
688
240
836
20
834
575
977
801
633
255
751
797
312
776
794
53
361
221
46
218
249
235
830
485
361
97
961
360
521
281
779
561
521
968
582
708
543
911
861
528
519
612
678
831
388
472
884
101
45
283
319
294
870
501
780
231
950
741
591
823
374
722
385
248
42
319
308
586
230
169
466
749
134
144
932
874
968
817
976
14
100
647
308
970
501
440
553
451
533
496
275
908
218
12
508
261
331
168
199
913
689
17
663
823
162
595
50
482
764
378
496
864
377
157
186
878
597
739
682
131
235
309
391
806
321
251
419
652
419
970
565
108
987
580
284
501
528
334
984
292
712
832
509
89
341
695
320
291
787
2
422
22
311
165
180
984
768
951
636
187
921
553
647
261
486
931
762
14
617
98
658
329
283
519
771
624
215
443
915
354
445
689
728
108
206
909
92
974
860
80
513
134
985
161
395
471
92
157
837
710
608
496
391
891
15
514
867
582
957
783
288
754
824
17
214
31
926
658
357
138
90
871
272
76
384
667
547
476
177
385
538
137
233
282
380
600
148
247
535
458
382
823
212
207
840
779
590
118
437
299
609
528
170
881
604
554
901
503
383
430
240
273
919
473
907
299
74
56
898
961
514
281
784
78
840
977
857
782
95
647
81
704
527
604
938
131
158
191
986
893
621
227
167
892
52
74
191
126
482
89
439
996
722
224
427
914
201
284
696
648
283
130
705
810
734
643
293
244
834
280
138
807
859
657
699
911
83
242
38
566
683
829
914
406
53
341
320
606
978
17
255
261
499
312
72
233
955
365
477
141
997
967
300
856
624
351
768
708
593
158
626
276
987
540
34
393
882
355
999
860
724
606
473
223
918
545
456
225
263
285
718
260
253
18
469
229
369
237
289
314
747
915
943
734
456
977
479
690
332
479
902
408
437
375
631
708
273
439
933
536
77
652
148
682
22
617
911
744
206
201
58
305
116
353
40
924
331
871
966
15
350
868
424
140
596
407
848
869
199
133
757
276
785
905
958
160
875
221
904
433
422
314
739
891
668
131
167
999
2
486
14
705
706
790
845
302
198
45
171
397
178
280
25
316
538
335
476
413
556
732
198
331
398
289
574
66
772
93
417
775
579
784
832
638
574
29
940
124
74
464
873
252
744
898
920
282
585
748
47
494
480
598
177
231
887
103
297
660
548
67
787
480
851
971
118
777
0
58
902
74
874
127
678
971
378
951
605
963
699
653
809
532
603
986
763
842
441
412
854
990
479
641
470
682
964
588
460
964
998
714
390
873
841
421
844
219
372
449
535
71
454
344
603
57
683
718
900
124
131
754
114
610
748
584
293
712
524
105
29
523
819
419
396
12
840
592
584
212
41
119
636
496
815
591
905
498
310
157
623
441
264
89
403
364
674
696
428
198
153
457
73
324
877
469
337
69
61
921
282
455
392
918
303
207
509
208
58
171
718
681
612
982
122
368
346
148
64
774
699
570
584
772
894
461
242
231
530
655
504
164
110
248
434
413
456
296
974
514
467
692
547
432
26
21
800
724
170
216
498
869
786
434
641
681
895
235
264
778
891
769
942
353
17
377
767
825
673
93
691
492
785
590
924
163
612
724
887
782
941
737
651
79
172
644
760
67
880
25
197
123
146
492
476
515
869
595
693
894
688
384
738
825
327
663
988
939
739
875
721
32
613
724
112
785
720
872
204
600
249
754
75
747
246
552
615
467
147
308
713
188
44
451
13
371
466
2
310
206
877
383
590
842
459
702
979
180
927
536
132
528
290
208
276
888
760
891
355
259
551
68
447
595
519
813
967
338
815
277
544
44
661
134
239
120
189
218
300
116
106
785
644
748
993
272
636
105
515
991
364
66
411
164
662
283
977
629
621
144
906
165
188
919
651
779
392
840
350
44
308
456
829
305
205
822
577
193
927
445
185
644
511
948
160
173
231
489
154
852
633
413
17
173
332
21
953
724
213
303
121
522
111
950
827
668
773
756
862
52
201
399
696
65
347
208
590
579
697
745
431
330
510
801
856
842
822
809
919
35
464
40
909
575
990
88
244
115
197
458
168
750
857
216
815
204
425
758
135
122
855
567
805
365
368
661
207
542
822
478
929
638
870
191
565
213
279
161
328
828
619
848
579
476
417
746
33
842
504
168
316
359
87
121
724
807
134
284
701
308
114
631
298
985
174
864
550
453
25
230
634
997
79
213
825
496
959
858
690
816
379
6
175
466
480
252
274
966
536
327
627
2
958
925
987
132
789
889
938
167
120
924
164
199
137
341
47
448
200
89
264
931
95
792
397
927
44
23
246
932
351
873
286
661
150
274
146
940
515
436
459
635
360
975
186
849
316
233
297
868
674
914
799
770
706
549
49
102
924
295
386
627
520
672
641
671
298
139
963
814
927
774
801
287
749
988
488
417
573
137
286
248
51
437
370
109
338
419
563
615
67
301
594
939
326
235
610
624
726
925
790
653
699
944
940
800
932
780
218
505
918
856
753
969
645
123
431
336
895
994
951
314
296
545
253
622
133
216
598
859
141
741
513
193
685
805
993
969
586
563
474
504
771
580
825
417
703
256
753
950
603
56
264
899
953
870
873
438
86
823
298
579
916
163
772
601
968
766
570
906
681
397
762
453
977
588
870
32
844
975
983
447
383
247
698
336
117
923
775
555
747
425
135
663
940
907
617
908
25
539
167
707
936
929
160
913
869
382
298
714
709
281
513
444
880
564
780
350
487
907
905
586
684
40
602
624
300
219
885
325
758
52
384
47
333
896
312
203
278
610
269
339
243
134
783
124
698
916
826
538
175
731
124
860
124
726
836
776
297
721
453
408
125
838
455
811
734
119
14
365
82
635
704
325
769
840
449
820
756
627
358
283
359
834
143
835
561
332
611
210
405
64
618
883
254
425
694
989
545
60
706
627
695
762
952
816
602
754
636
710
381
346
994
92
181
489
279
94
821
890
304
579
307
923
462
561
348
156
902
893
568
608
872
263
723
825
431
677
931
68
388
664
414
734
109
595
223
388
689
397
279
346
328
938
269
790
851
617
298
754
863
866
714
735
481
437
912
912
467
195
980
855
212
747
941
321
694
164
709
736
913
340
82
241
278
351
383
482
320
681
236
535
547
302
623
28
92
887
941
559
83
273
766
647
372
707
968
419
223
677
155
489
370
589
730
0
940
466
482
612
147
70
500
695
373
123
75
817
362
368
376
797
642
494
444
366
201
412
785
424
442
292
913
812
881
996
812
173
462
295
786
961
365
638
656
90
761
84
907
123
452
635
273
446
129
717
813
682
130
950
459
572
243
372
736
124
720
548
298
534
843
436
496
561
74
504
651
187
588
911
662
41
898
935
487
380
653
652
62
135
603
521
59
846
246
795
322
966
343
620
853
539
408
349
452
834
853
455
21
794
366
36
835
617
323
674
997
976
679
59
463
282
933
522
480
179
317
802
497
13
775
350
552
535
51
356
370
257
811
743
51
178
779
238
147
103
264
144
431
943
555
895
225
840
417
57
371
87
212
869
100
987
571
4
874
623
360
244
232
171
988
283
701
119
521
200
574
785
344
6
81
252
253
306
92
22
716
464
109
928
685
561
267
256
917
141
231
277
738
463
801
78
746
854
197
619
407
772
757
751
130
838
3
383
496
448
405
212
912
515
492
597
428
759
205
346
253
437
975
991
252
128
69
351
335
618
970
742
390
79
493
872
269
849
255
766
649
661
330
561
528
175
510
956
934
715
302
539
504
630
530
757
758
951
108
93
570
430
835
312
510
681
185
131
882
792
897
531
453
580
444
981
755
954
290
41
21
592
933
526
222
815
283
333
767
743
426
689
173
614
353
683
647
890
167
529
683
64
412
488
996
856
822
103
162
112
497
183
56
430
709
631
245
344
964
364
87
742
405
261
708
759
296
355
1
463
236
684
880
0
525
228
856
347
684
370
459
181
554
515
963
615
498
208
312
462
925
399
557
330
12
265
441
661
621
443
124
209
479
356
210
4
937
418
703
621
789
162
802
695
30
765
662
528
325
974
343
602
726
900
933
90
165
374
751
138
169
228
348
649
936
910
5
873
328
709
494
469
223
648
516
605
765
179
486
91
505
829
693
583
81
978
674
598
705
425
737
874
653
437
875
590
347
881
463
27
590
310
497
165
958
13
771
724
544
257
167
50
438
212
633
871
191
307
469
248
85
206
122
90
995
998
680
342
231
496
370
821
158
219
338
116
584
109
840
129
718
7
531
508
220
164
379
763
824
849
11
909
407
485
351
403
483
32
97
714
880
819
887
38
38
578
154
623
687
347
752
758
706
283
266
278
799
646
393
975
495
404
236
902
242
588
657
725
972
755
792
852
574
31
242
613
609
748
588
649
95
340
759
154
975
25
432
126
671
826
102
518
582
338
773
824
278
430
902
250
185
46
102
760
429
344
725
391
445
313
392
540
5
151
46
332
176
479
458
200
657
912
70
591
251
843
768
529
274
670
132
811
68
234
571
497
931
648
888
376
961
280
268
318
783
667
650
312
498
461
512
155
373
934
98
976
778
866
858
404
536
990
215
956
576
787
454
507
787
694
235
749
975
856
67
110
523
70
422
373
531
934
528
904
221
978
233
999
845
91
403
733
81
970
690
657
757
144
517
545
838
104
646
165
960
65
276
835
487
50
208
18
985
88
275
558
67
508
557
264
599
312
997
32
282
687
689
392
183
206
289
374
311
287
539
623
352
167
811
840
218
19
210
555
460
485
113
879
345
22
143
944
686
140
976
968
828
18
712
363
576
1
737
239
288
629
863
993
148
674
185
718
45
395
273
857
233
738
736
930
112
879
227
798
20
555
119
200
573
831
563
150
185
653
389
825
282
604
818
782
630
355
501
28
103
126
885
688
865
622
618
329
853
845
128
873
401
247
425
974
430
341
476
615
994
218
441
628
174
611
410
805
967
911
185
70
38
422
758
255
44
376
584
250
574
64
123
975
663
901
301
94
242
778
61
588
348
502
216
522
114
626
679
433
890
864
503
280
287
613
535
683
341
471
933
915
536
409
242
199
310
544
645
904
674
707
492
22
209
60
544
675
686
576
108
928
792
963
208
431
928
743
467
622
215
752
889
103
161
132
654
823
676
300
79
350
7
571
724
568
631
620
596
670
196
56
950
341
372
159
772
300
254
239
922
821
344
812
924
505
296
579
681
324
231
112
674
590
36
750
510
667
370
106
689
919
515
640
260
887
151
32
187
405
624
462
227
968
626
503
825
922
434
858
246
665
971
272
607
7
22
118
26
744
576
68
663
91
60
923
978
211
308
518
616
932
980
195
252
958
699
429
232
133
288
830
151
259
454
758
618
476
228
644
572
805
712
236
896
124
511
875
335
819
745
304
103
725
499
707
35
550
137
267
36
425
97
539
36
551
297
654
379
526
650
951
683
715
539
579
839
51
806
527
222
551
831
326
628
682
33
663
233
170
282
621
947
379
160
983
282
809
989
13
687
992
965
370
707
856
302
898
259
108
425
482
12
256
160
992
939
545
8
524
68
290
145
15
22
657
351
656
466
692
670
154
684
987
524
743
843
826
994
103
287
419
937
651
28
97
995
319
642
3
195
62
646
340
78
20
997
781
676
815
473
346
969
158
333
846
253
177
24
247
632
663
667
569
666
47
18
662
718
12
17
913
75
663
253
505
683
602
286
712
769
759
58
739
269
744
585
523
273
961
122
905
625
141
826
291
188
196
953
906
208
323
819
635
986
424
140
22
378
426
734
148
538
144
239
159
888
176
682
161
137
805
418
762
946
596
406
487
792
711
745
353
34
565
340
21
341
481
395
72
259
481
220
149
625
459
309
866
987
343
379
124
500
150
239
799
746
645
286
891
356
31
596
391
948
936
764
642
769
159
714
381
992
934
530
969
745
839
187
732
535
567
208
35
717
447
834
815
444
120
58
801
504
654
544
804
943
308
446
712
819
160
445
163
446
976
132
543
167
320
627
702
239
836
90
308
635
924
123
80
397
534
233
901
188
129
705
483
789
504
548
608
664
993
123
463
321
255
6
489
927
634
543
166
822
633
474
457
910
950
889
307
484
122
208
24
251
265
508
40
769
56
0
786
401
123
249
723
731
607
564
658
241
459
825
63
93
651
873
3
601
762
662
85
885
222
462
488
487
970
881
609
378
881
747
779
357
348
854
88
955
418
98
549
878
923
964
323
927
837
678
528
600
340
966
837
562
428
325
401
750
206
362
128
440
109
259
797
457
466
237
765
236
335
314
114
611
278
789
538
468
819
418
68
159
384
905
73
164
582
827
914
141
189
394
933
651
6
82
460
472
671
225
708
6
539
175
969
170
964
507
638
784
926
58
295
662
315
721
827
897
900
93
390
89
488
675
740
494
757
201
318
428
778
26
787
670
553
756
840
518
616
830
654
894
888
301
556
203
374
735
452
274
829
195
364
317
870
456
163
980
9
481
760
788
859
547
458
413
304
650
283
272
480
289
166
720
590
722
275
317
458
79
591
287
274
307
956
497
116
119
829
125
952
589
265
811
489
723
576
145
725
859
417
205
148
583
277
91
305
552
408
115
984
351
754
610
11
710
107
127
181
288
604
133
878
870
297
367
945
873
864
671
733
281
228
233
864
506
324
521
410
84
637
394
788
391
5
799
454
464
926
635
753
530
121
983
752
770
702
698
643
566
369
728
847
949
314
63
807
990
584
218
75
221
964
863
965
321
662
419
138
940
406
243
470
879
578
223
649
280
273
645
198
994
373
397
943
687
460
751
678
396
321
105
970
637
320
935
311
334
706
449
274
464
692
96
344
622
671
345
902
944
990
452
938
364
201
234
403
13
337
433
409
10
538
379
647
210
666
958
544
724
759
818
189
803
267
885
425
938
230
679
235
221
131
525
585
684
759
340
697
448
774
459
458
664
838
106
875
857
416
419
581
176
590
770
979
857
655
757
795
886
436
382
107
920
908
44
604
19
384
302
468
510
113
926
175
951
384
50
160
801
821
742
329
411
864
660
268
872
417
416
110
854
150
569
774
58
613
730
430
349
32
898
212
145
176
387
449
913
789
961
714
610
703
395
22
920
55
642
792
825
410
254
679
561
823
805
971
788
535
401
489
920
651
701
417
180
88
218
93
229
180
159
840
235
554
214
155
961
208
299
786
619
553
817
532
728
974
855
516
510
257
358
782
260
59
199
440
500
770
533
729
950
692
921
185
598
135
693
560
696
344
698
667
250
516
199
978
490
54
847
352
663
205
134
276
264
686
716
116
456
602
846
406
646
767
943
245
255
988
157
303
333
855
970
935
723
521
913
214
927
112
918
591
669
53
867
286
91
935
402
547
889
600
305
536
368
600
133
975
589
290
278
274
497
600
209
221
121
474
787
48
939
705
991
608
110
210
894
201
146
297
100
35
897
757
923
617
358
56
944
299
698
574
925
548
174
486
121
295
960
908
696
899
613
687
860
76
898
754
277
44
403
730
431
301
487
355
270
197
763
215
848
814
141
773
362
316
259
483
963
572
743
659
823
708
347
35
784
245
790
414
641
193
144
72
846
983
779
117
181
895
684
381
709
825
507
423
141
118
906
457
690
1
116
866
709
463
901
494
708
43
908
701
237
404
774
435
387
905
552
920
800
588
302
509
414
161
932
907
279
190
364
970
191
481
188
253
296
441
747
357
485
7
58
74
411
184
509
150
90
414
423
242
2
77
752
416
238
36
676
517
579
40
839
122
873
379
375
170
821
474
879
658
481
937
732
244
122
593
747
564
7
170
806
10
599
910
778
837
299
454
706
878
847
546
352
720
925
728
242
98
202
121
756
36
411
840
632
533
434
379
449
441
549
607
451
500
518
230
337
817
36
44
47
883
942
399
604
867
479
198
318
682
320
74
70
731
267
702
616
701
82
417
494
983
24
298
836
542
880
173
711
916
569
758
800
511
158
756
731
637
954
49
671
626
475
93
709
742
796
677
795
230
94
290
565
119
588
401
661
820
927
725
736
496
483
888
8
641
644
91
631
951
140
302
929
967
396
639
710
544
316
857
126
411
147
691
882
87
445
895
907
372
620
996
868
104
884
228
97
881
319
728
832
811
383
761
779
131
752
489
27
421
698
153
832
846
844
66
285
289
961
545
13
582
541
882
686
425
462
135
306
782
864
490
593
599
604
372
730
708
213
757
129
912
262
313
110
106
379
747
748
341
292
761
923
833
995
961
611
458
96
269
592
312
760
185
263
716
910
345
424
475
454
554
739
716
867
849
175
247
949
923
588
241
36
863
75
384
176
38
194
624
307
786
289
67
323
552
135
233
898
560
61
352
114
800
69
333
2
596
580
951
871
520
192
907
735
619
643
911
657
837
888
317
975
177
384
299
81
872
532
979
432
945
684
898
746
105
231
748
701
164
51
572
684
595
831
772
567
475
35
224
664
923
541
640
452
278
939
534
150
823
865
934
769
549
832
867
6
415
967
707
579
18
631
616
965
463
388
532
290
423
109
306
699
650
946
151
280
237
37
782
413
903
68
534
804
900
401
811
668
368
518
247
738
150
863
703
965
603
236
255
379
345
561
78
347
860
581
980
449
971
762
862
874
183
396
30
435
797
841
103
517
712
351
255
214
566
959
179
522
195
786
901
892
699
331
239
559
912
219
361
235
334
223
109
517
620
492
952
769
333
56
287
45
759
894
611
677
853
790
199
400
576
100
292
628
783
884
539
696
103
900
283
789
124
393
658
96
237
611
865
570
19
504
968
130
399
579
159
604
370
359
5
298
811
649
278
595
533
818
643
989
718
926
130
842
671
789
290
908
752
508
831
123
12
799
605
763
730
764
368
452
123
725
103
287
726
381
234
612
199
877
953
918
155
83
112
827
224
403
87
328
911
918
451
275
69
56
39
800
173
759
604
648
836
707
935
562
89
169
526
288
398
479
206
554
563
671
733
139
74
820
468
985
91
271
260
512
680
651
664
853
762
269
501
598
976
789
513
65
958
39
706
357
519
264
263
434
935
996
573
9
168
393
346
611
665
959
124
345
962
140
550
725
409
51
323
738
840
188
155
151
228
861
860
747
126
123
533
413
119
458
775
287
852
121
251
869
432
375
566
395
515
116
472
277
519
147
15
712
336
170
863
564
384
723
663
862
198
548
275
317
6
50
956
210
524
207
79
308
934
997
55
802
465
527
79
985
675
446
697
11
968
912
575
352
987
590
214
185
138
842
854
144
244
162
707
120
722
138
429
656
136
484
458
601
364
889
938
39
335
987
50
304
251
977
656
238
567
223
775
705
417
981
201
13
144
260
134
866
399
915
522
887
751
333
488
115
222
779
154
910
766
204
214
18
533
222
608
100
797
384
157
214
365
711
228
861
971
714
727
370
629
602
609
380
935
98
496
509
229
2
419
995
559
985
365
92
560
974
193
357
358
702
924
75
413
152
937
737
218
16
459
847
618
69
579
905
519
427
767
748
430
538
743
989
524
109
81
84
435
626
441
145
681
365
220
446
869
509
183
87
878
995
286
496
64
866
754
935
645
521
683
75
411
778
416
935
239
850
371
674
828
165
171
509
882
392
956
752
253
491
191
131
486
830
980
902
48
86
189
693
959
224
769
370
3
537
658
594
387
29
621
216
194
792
77
77
536
33
181
142
877
724
625
715
554
957
970
602
43
159
296
354
384
417
725
739
954
383
685
694
412
306
910
959
451
987
36
987
373
569
481
250
293
107
317
848
64
287
802
460
447
98
814
183
867
539
922
174
274
607
868
39
266
130
998
717
469
386
56
842
955
538
444
600
997
762
800
413
401
603
873
848
53
688
31
273
579
305
447
206
265
315
245
531
445
595
248
914
333
656
109
640
546
905
240
543
19
41
957
421
996
830
269
401
870
653
674
802
310
121
360
575
436
605
106
233
552
706
500
885
715
609
525
261
514
765
805
886
158
762
307
506
944
576
260
167
581
934
321
244
56
681
819
844
286
278
430
190
336
930
75
51
539
952
313
405
69
470
291
228
584
598
86
880
527
346
47
460
633
368
704
689
49
876
885
687
506
315
229
842
245
304
246
136
256
911
894
326
381
537
906
317
136
344
197
15
43
245
827
676
965
884
717
367
760
602
406
266
270
636
460
867
292
706
4
901
617
250
579
350
787
837
667
275
181
865
642
224
462
470
252
779
354
969
498
114
924
905
732
194
893
192
61
185
899
417
86
868
667
17
219
807
854
238
82
36
103
725
612
917
547
865
49
901
186
547
367
110
452
99
304
697
291
718
883
542
487
321
411
507
339
982
314
193
220
748
581
676
825
546
945
372
763
994
273
949
542
992
60
346
91
716
44
735
434
279
629
274
952
392
781
291
374
447
837
947
195
770
623
21
316
568
393
79
915
19
29
457
11
89
155
455
805
551
190
592
830
819
866
135
212
999
426
938
446
615
885
993
386
860
14
54
781
760
134
696
779
515
505
142
956
660
597
113
564
139
57
394
311
923
881
875
274
308
813
720
275
51
714
13
911
80
68
692
192
554
740
323
69
245
466
377
258
63
490
822
555
548
568
866
823
450
741
98
110
554
170
385
605
884
399
869
317
819
913
509
373
6
833
442
251
651
171
861
714
661
683
621
561
604
487
385
54
228
835
516
783
5
253
740
242
652
961
559
471
227
420
196
233
253
990
484
904
161
698
971
823
381
592
736
337
80
473
743
660
308
259
795
314
513
536
556
517
849
467
341
76
887
537
309
493
528
146
749
41
844
720
216
577
665
953
915
97
426
658
757
735
270
553
401
783
441
957
652
290
776
993
719
663
883
28
156
411
174
906
452
18
978
669
596
995
974
863
92
400
521
202
487
143
107
888
926
548
197
579
190
973
924
909
637
807
290
145
570
816
51
375
835
30
44
783
377
370
998
470
770
871
24
258
15
131
498
293
31
696
872
573
669
149
835
306
956
125
452
527
941
855
902
128
237
298
263
615
20
261
437
790
133
461
400
148
944
899
441
975
947
666
900
616
167
735
275
123
212
79
2
506
286
256
986
524
906
250
491
926
863
928
69
996
389
469
496
333
720
290
660
19
308
560
636
475
648
263
598
212
694
953
718
980
209
705
504
468
307
995
394
170
275
815
167
664
637
15
349
357
305
361
729
613
274
365
88
274
980
39
486
674
344
205
654
905
262
511
373
569
506
120
91
134
935
610
798
572
626
500
282
283
861
11
897
487
728
337
761
708
728
248
382
72
805
388
978
419
899
351
340
758
823
431
892
759
42
42
683
668
542
317
303
756
680
200
595
408
890
357
468
618
605
202
43
762
591
21
181
490
724
521
600
548
952
492
659
346
887
694
366
429
12
670
537
692
870
133
453
112
842
921
83
799
124
126
561
715
147
742
557
223
615
510
771
919
2
430
266
889
477
632
671
489
302
560
533
525
693
986
989
535
908
72
334
32
198
247
99
697
341
8
921
956
518
692
876
873
475
494
114
304
126
137
793
781
698
326
658
743
313
647
631
573
720
317
957
270
917
56
968
258
416
889
567
287
933
795
160
760
289
626
64
767
116
209
548
166
888
558
909
201
206
892
774
926
562
731
196
479
139
516
737
907
757
656
194
43
451
706
155
740
685
220
860
801
781
760
967
669
319
228
222
525
121
348
803
35
431
999
514
922
868
603
830
625
260
24
668
711
83
824
804
768
396
16
569
529
776
536
199
447
116
421
972
237
122
775
272
553
127
138
476
347
742
306
972
354
682
993
417
117
817
573
885
565
589
806
94
718
342
645
165
811
67
490
48
541
265
673
94
744
163
922
91
257
580
416
611
615
409
381
732
578
954
618
143
896
424
237
614
119
883
131
930
302
621
330
843
239
355
289
335
519
212
779
776
144
195
740
759
604
121
492
182
427
110
677
675
534
266
641
5
501
773
935
803
394
618
998
985
973
640
321
844
204
100
621
348
295
713
108
251
186
600
785
965
62
462
641
948
80
282
954
582
55
241
385
802
859
736
787
185
728
460
29
932
560
2
280
207
715
740
810
901
692
595
867
754
409
508
55
490
142
9
72
550
602
809
352
462
897
491
647
625
952
28
557
864
31
190
72
746
282
234
0
975
830
867
81
591
727
136
433
221
497
505
771
100
667
123
914
564
967
913
542
919
941
451
135
972
993
559
71
276
794
71
603
624
290
36
567
369
173
1
590
670
858
362
122
525
837
36
442
804
949
984
75
891
435
211
215
429
770
286
57
564
357
660
540
999
696
460
368
221
461
959
244
319
673
366
845
862
403
639
667
352
623
94
595
410
657
811
839
780
97
896
696
807
908
589
806
957
49
527
178
510
838
422
181
511
789
378
373
192
17
392
896
640
839
844
403
496
655
242
628
104
491
325
263
751
914
422
708
963
949
887
825
787
309
6
650
450
737
375
994
754
120
243
747
959
87
150
807
94
744
436
550
235
113
814
987
27
588
47
342
537
934
167
676
596
525
326
398
262
701
393
369
173
636
116
132
75
618
292
169
362
80
719
950
193
885
289
572
473
336
914
362
623
433
38
571
958
716
969
573
418
362
942
591
350
410
76
425
380
720
594
742
800
666
44
345
551
333
917
377
22
183
739
645
616
130
216
926
846
185
499
264
900
793
208
602
555
636
28
935
708
974
678
508
640
74
205
544
408
122
921
430
657
660
427
273
790
995
199
637
532
51
253
432
196
813
35
752
801
415
39
509
389
69
369
382
144
574
926
552
48
847
334
705
859
113
978
650
108
530
639
640
933
244
425
129
410
460
233
211
227
273
73
616
342
442
998
486
369
276
390
417
123
724
475
983
837
805
985
945
335
976
938
268
572
363
750
982
175
983
546
402
256
619
370
951
413
721
437
782
997
828
552
121
904
27
456
742
832
441
39
520
769
977
140
341
340
890
324
515
226
222
269
834
193
640
785
606
361
575
741
710
403
293
183
307
672
639
401
504
432
793
24
201
122
517
895
815
407
571
682
985
793
952
820
986
944
957
944
305
532
685
367
287
330
551
947
2
190
348
859
975
493
235
528
616
752
423
431
512
994
465
497
139
417
669
477
361
627
422
18
511
459
386
799
142
289
746
144
831
446
355
806
940
591
687
908
695
110
691
207
457
156
57
596
574
726
426
287
705
848
306
217
659
44
16
801
333
762
298
164
560
653
323
500
596
10
760
292
472
451
851
929
960
908
878
534
987
304
173
692
504
479
909
163
875
277
317
560
391
615
77
952
620
400
804
569
762
565
861
234
368
712
516
328
973
394
214
960
50
388
652
554
219
914
69
95
191
386
655
935
353
732
887
326
484
691
895
246
608
108
833
977
172
349
657
145
95
872
105
145
260
110
699
831
24
768
278
567
507
934
502
212
18
741
538
855
785
433
101
393
893
286
722
66
635
380
211
730
252
669
875
864
779
926
695
155
47
974
722
906
260
577
118
630
318
657
485
103
442
939
849
336
577
571
402
213
951
965
295
555
634
523
771
765
449
819
920
848
145
995
754
405
572
873
387
242
882
225
698
324
516
547
12
93
470
766
306
422
732
954
329
366
477
101
132
278
920
404
127
65
399
233
822
323
106
561
918
340
786
616
17
302
515
29
396
985
796
54
759
528
8
89
246
837
542
730
116
462
487
595
879
886
828
701
562
287
262
480
979
401
448
996
703
963
26
451
300
174
858
60
54
218
501
652
56
43
383
524
857
870
119
736
108
299
437
22
938
51
502
918
452
302
914
508
265
940
959
566
466
169
978
520
388
479
173
444
874
908
968
731
130
439
467
238
738
256
261
677
307
115
595
112
418
509
972
35
802
931
953
620
101
931
141
489
762
666
285
636
574
253
367
704
44
834
294
782
90
907
811
750
375
406
214
793
268
186
828
422
469
782
42
922
65
535
763
828
553
48
816
479
653
184
535
697
370
830
832
813
89
643
563
464
402
129
257
22
315
438
796
136
572
190
59
989
726
822
817
631
223
986
111
228
170
646
278
540
476
110
353
918
105
268
382
859
749
992
233
64
782
29
553
354
220
612
343
298
786
513
929
361
499
40
590
21
687
868
913
515
330
619
785
787
887
168
647
637
512
232
53
294
262
606
0
482
570
695
132
709
208
61
70
59
454
12
432
493
232
346
360
562
965
146
702
204
666
701
193
178
933
599
824
195
557
824
29
128
519
513
189
80
927
259
491
381
272
924
226
504
622
938
419
587
84
121
143
102
174
337
632
107
288
456
655
845
632
684
325
504
550
514
936
477
774
779
210
398
703
436
902
677
374
673
264
811
146
760
913
320
97
898
428
385
706
435
582
339
471
908
195
21
422
483
498
548
262
708
946
318
496
201
995
223
874
260
34
373
372
299
693
469
549
473
206
256
908
788
947
380
48
142
401
471
625
252
19
239
960
318
557
809
519
553
32
745
165
418
118
537
69
164
358
619
637
564
875
898
704
822
630
105
316
31
576
941
635
947
180
948
617
90
757
136
643
141
234
808
559
352
345
628
516
703
599
506
619
474
756
675
648
386
780
964
769
708
257
405
8
790
353
625
880
110
762
523
603
996
683
162
700
28
142
569
83
742
427
702
568
183
377
217
569
510
181
338
218
439
95
226
581
448
204
461
910
966
336
513
314
19
27
14
47
170
935
482
264
362
184
184
545
913
401
466
775
935
157
994
726
252
572
307
701
776
120
611
94
456
477
760
475
504
127
874
26
62
356
642
777
892
827
322
805
228
141
933
515
298
927
241
550
851
900
603
980
20
567
426
476
44
187
303
900
314
177
927
728
533
569
505
777
748
180
935
977
321
868
844
619
147
86
521
350
338
477
330
359
44
757
187
440
296
491
340
610
668
619
690
554
541
196
683
289
376
618
618
697
486
463
668
633
901
541
984
239
370
666
598
414
775
138
206
71
629
899
33
649
870
76
203
411
272
887
53
648
857
671
697
344
486
717
329
387
258
665
979
981
684
929
395
459
67
954
883
696
205
268
346
75
344
901
839
968
140
892
968
998
563
665
694
402
382
375
141
993
41
120
974
77
50
721
888
469
27
123
166
232
392
864
660
88
117
499
409
610
391
377
608
306
43
654
708
777
29
850
122
422
322
448
851
372
522
740
194
901
863
360
134
607
576
146
48
693
645
457
303
388
834
263
694
229
269
755
359
651
957
481
425
631
282
277
356
156
17
550
57
232
910
543
840
838
689
888
883
334
697
187
74
531
802
769
761
72
876
120
75
185
953
500
816
235
129
172
743
498
722
801
731
984
344
923
822
34
163
58
720
860
245
795
391
399
916
504
823
144
624
898
329
930
751
497
517
880
22
261
379
744
62
462
81
758
385
255
144
548
313
865
408
910
12
151
310
280
656
485
424
632
384
105
562
487
602
432
367
624
693
98
721
107
560
802
865
945
409
10
845
723
227
253
633
239
757
943
519
765
429
295
397
165
400
312
4
354
744
371
331
789
822
404
896
382
558
113
680
967
123
525
690
702
131
676
293
888
971
164
653
752
459
402
917
211
714
921
918
810
645
601
599
819
5
847
201
915
961
881
882
436
407
925
139
890
601
432
778
572
949
783
325
408
185
594
620
252
868
890
414
865
491
14
684
848
213
237
763
526
119
997
963
878
274
454
768
875
238
898
800
187
681
477
948
866
423
920
470
643
810
885
508
653
251
544
501
464
782
616
991
253
613
306
131
888
112
251
115
350
149
267
890
830
96
838
48
520
758
871
163
568
756
24
221
359
920
74
823
702
690
166
307
303
824
438
543
936
41
11
639
190
630
529
372
727
719
773
599
477
644
114
397
752
138
970
111
59
44
286
113
734
805
421
389
629
211
285
918
253
648
557
795
278
438
168
5
157
293
604
634
937
719
383
41
209
353
152
620
397
438
86
483
243
507
224
225
70
861
143
675
509
52
471
788
490
991
145
647
636
102
633
573
173
16
966
382
369
118
355
118
908
441
953
152
300
529
729
722
391
872
398
252
276
221
392
766
212
890
765
848
992
398
773
165
766
739
899
135
209
606
605
117
399
910
621
699
439
350
422
182
574
172
435
850
393
179
968
957
69
733
157
61
483
930
578
249
21
830
736
582
788
693
699
188
603
673
887
395
375
661
577
950
833
364
152
226
544
473
183
965
558
692
27
42
974
957
643
995
139
380
577
928
73
629
116
29
302
355
424
677
17
353
979
202
718
484
781
614
309
316
579
867
9
958
909
983
268
905
979
407
285
908
687
710
889
155
91
543
511
515
573
880
869
904
82
939
388
863
553
49
180
132
917
541
443
178
524
711
83
855
118
720
116
158
431
5
313
522
901
824
390
474
56
611
378
491
550
119
354
455
168
886
939
85
427
382
616
304
93
699
159
564
420
275
722
203
633
387
77
534
564
467
360
620
78
738
111
980
209
818
435
378
56
727
815
836
109
431
140
203
483
299
119
255
927
193
810
560
580
887
446
144
707
806
117
137
544
228
118
754
398
905
484
455
632
651
291
742
435
431
297
918
82
768
525
9
961
335
921
541
574
367
38
281
173
155
771
70
735
889
824
486
146
660
941
131
311
584
225
746
15
522
16
449
642
541
459
603
228
380
496
155
748
886
436
273
41
207
343
129
448
519
615
947
179
908
78
843
492
303
589
859
177
606
308
819
499
119
422
80
500
270
235
600
157
23
225
550
583
569
679
31
88
646
978
620
554
408
463
398
711
404
257
888
10
566
707
862
685
481
942
537
752
177
489
261
200
715
811
783
636
843
167
76
489
145
696
396
906
511
794
617
916
404
506
278
322
565
140
7
399
82
897
503
259
738
764
460
453
575
595
441
770
762
518
612
908
566
8
166
430
154
783
346
558
641
976
880
207
117
240
958
199
489
461
811
227
225
623
33
152
218
474
275
981
344
887
241
263
247
407
693
401
190
39
312
832
367
544
391
484
136
701
36
977
162
847
205
739
470
590
243
40
416
518
21
761
757
262
24
4
669
717
758
212
108
70
396
475
966
139
312
455
840
348
432
2
547
637
93
369
579
336
409
996
207
783
757
964
45
133
969
67
202
727
631
310
149
27
137
115
518
801
922
358
501
355
712
48
992
805
769
572
493
531
920
700
314
677
665
711
162
986
778
364
713
761
26
214
140
515
681
658
317
604
16
818
959
80
219
303
237
988
227
731
871
147
783
185
176
800
897
338
786
27
54
851
141
80
65
281
596
99
940
265
703
308
435
14
741
654
317
978
995
545
709
866
44
845
404
221
645
301
911
784
680
966
635
821
398
53
103
346
152
395
611
207
55
47
221
796
53
890
775
400
435
836
267
832
681
671
53
679
324
316
463
356
282
98
530
33
503
985
379
7
380
343
566
435
742
787
232
795
30
359
196
465
195
815
649
229
838
702
908
514
371
371
222
653
821
752
38
677
737
418
684
469
113
251
257
855
390
841
2
420
200
550
238
747
717
887
976
555
942
884
421
313
607
644
318
781
748
709
458
838
127
494
307
592
97
916
447
840
757
801
612
957
352
202
57
69
90
33
977
384
270
750
49
229
746
719
10
495
428
820
333
907
315
992
499
412
909
298
604
18
100
217
328
804
419
385
225
861
418
202
597
40
305
646
270
51
718
280
546
146
101
231
54
768
576
905
532
485
204
137
855
656
354
183
460
773
568
685
987
339
240
584
379
545
231
649
948
949
282
495
447
735
78
853
503
654
759
35
491
315
524
347
323
878
530
135
4
451
172
991
790
412
575
169
309
158
819
258
459
453
105
907
188
183
760
43
190
871
430
681
538
955
380
861
833
911
996
189
714
169
180
504
933
108
673
595
618
844
205
78
649
310
337
837
845
97
880
387
321
311
69
859
618
449
73
803
712
69
993
426
590
525
930
524
985
956
119
604
152
324
682
802
986
19
639
183
468
872
571
141
535
640
353
153
441
426
308
506
495
301
932
86
827
215
962
812
523
81
768
675
757
802
477
95
821
469
278
642
693
849
135
580
841
488
85
635
914
393
141
410
695
425
848
874
640
810
38
515
243
807
191
0
609
20
95
783
489
373
777
534
575
912
114
768
753
551
403
667
945
544
429
992
970
277
218
962
87
256
478
682
415
21
682
377
41
129
512
883
503
289
417
430
553
884
198
306
435
602
326
732
498
755
724
820
33
942
783
472
551
613
155
318
634
189
695
675
319
207
910
174
848
328
604
754
564
154
60
351
108
386
84
607
494
160
427
527
455
562
351
358
175
858
676
161
48
372
189
367
931
99
541
780
779
497
534
343
651
946
695
760
685
131
719
179
291
146
58
98
61
409
456
236
268
133
750
668
857
939
35
788
38
928
920
818
425
454
513
428
753
208
540
790
691
259
321
335
758
379
433
819
140
242
407
760
375
157
428
584
96
815
372
487
743
293
305
520
99
170
301
204
379
841
994
422
101
315
757
859
46
191
30
187
785
437
299
160
595
80
96
43
895
468
530
991
113
187
511
565
710
164
769
89
6
116
863
459
431
621
670
478
164
700
17
949
489
668
461
84
748
557
480
644
377
362
987
491
902
850
408
612
15
177
53
21
293
916
480
77
537
502
907
53
202
276
354
691
944
815
128
693
724
960
689
102
322
676
945
224
526
353
836
541
882
889
914
176
158
394
253
695
248
512
101
450
788
455
494
732
623
974
425
347
934
466
449
256
142
746
833
669
99
669
562
982
911
477
510
69
223
115
116
472
627
217
274
415
25
120
499
648
94
277
995
28
743
797
637
886
543
470
907
995
491
821
329
402
298
191
823
874
306
940
346
285
509
620
700
534
741
551
182
187
828
178
568
572
327
205
810
870
27
69
217
518
890
898
273
541
89
96
415
747
388
113
32
898
85
84
784
826
636
967
366
464
497
934
388
824
139
198
46
166
267
616
36
510
514
309
403
956
758
818
703
146
931
736
44
16
172
181
195
808
148
561
625
997
847
13
173
986
212
219
504
831
187
892
693
54
202
96
10
960
914
65
458
197
801
855
566
326
36
761
134
536
674
759
533
521
773
706
859
337
277
715
168
465
607
862
519
161
958
881
473
225
946
932
422
748
139
340
74
175
453
560
711
127
672
596
0
445
302
211
134
579
926
302
396
886
516
915
399
827
796
873
404
743
157
178
843
296
519
269
823
972
181
886
452
853
482
452
298
784
16
432
715
294
87
112
180
955
27
580
134
176
805
538
271
962
717
466
610
236
735
433
560
268
319
12
122
801
465
772
937
833
557
652
127
644
116
660
951
496
592
86
672
397
976
295
711
693
761
321
281
848
754
842
116
425
206
238
578
23
11
515
856
568
519
984
564
636
644
867
132
236
953
156
985
930
451
696
975
212
17
609
60
123
803
528
548
9
767
126
33
130
993
889
50
512
225
614
148
869
833
632
457
787
788
442
69
239
138
396
803
507
357
215
630
160
744
178
170
863
656
203
993
649
444
395
514
670
361
14
891
194
647
349
333
787
143
754
27
634
151
830
141
508
398
772
21
142
302
191
5
311
746
350
312
190
97
826
212
458
193
104
652
192
805
338
979
948
92
358
582
595
541
76
456
939
200
477
81
854
20
438
165
766
140
478
308
237
656
873
695
201
977
699
393
782
37
373
82
130
731
17
77
272
93
533
563
645
10
644
499
382
434
665
148
574
495
809
163
503
682
210
705
11
262
450
793
299
175
227
781
907
244
859
531
689
744
95
334
755
91
834
137
526
851
638
452
698
799
968
553
833
178
610
844
440
61
989
92
236
216
225
495
813
84
27
502
829
474
189
936
917
23
425
443
226
415
248
276
214
216
829
47
746
440
891
539
501
880
631
737
449
856
585
262
293
964
116
474
438
305
762
355
328
187
151
906
603
751
182
817
319
12
217
417
452
108
956
305
341
939
394
142
148
979
404
441
943
520
267
733
826
29
441
506
216
944
413
171
695
947
341
14
311
558
431
763
18
740
420
711
679
167
853
179
146
257
620
442
130
239
527
308
268
968
814
837
912
579
360
607
527
701
973
190
611
757
306
630
849
726
341
880
893
547
60
392
156
32
186
286
272
713
594
892
682
409
729
946
340
442
906
219
143
231
410
755
340
716
737
189
794
430
70
688
977
130
432
134
514
618
772
786
331
367
679
365
128
760
664
820
202
570
40
698
153
802
805
494
518
894
35
312
324
105
352
654
587
784
140
102
754
912
240
438
631
919
155
111
32
819
932
234
741
324
284
895
126
89
741
996
983
776
660
660
234
365
666
173
149
806
275
256
70
868
694
54
787
849
165
171
21
449
758
114
125
42
9
603
484
102
599
467
879
612
479
113
977
145
286
478
303
914
734
726
782
780
780
921
982
297
93
3
99
851
117
224
245
479
828
729
581
779
549
812
391
380
925
368
526
564
199
181
478
933
907
612
66
39
533
48
337
978
403
788
181
872
12
779
703
192
508
285
972
409
97
715
790
375
436
668
291
635
849
769
920
757
733
338
796
618
386
485
949
141
273
130
14
638
261
717
830
122
354
154
531
804
222
673
179
658
341
470
645
543
591
565
652
676
904
800
294
642
286
243
784
911
726
150
901
987
867
84
109
574
238
641
378
460
666
909
470
8
379
115
903
322
33
555
998
289
355
292
931
993
888
67
257
614
217
158
601
437
242
63
11
833
56
389
293
722
298
116
82
29
231
985
351
264
892
701
553
248
345
837
593
233
904
850
847
474
9
801
911
603
216
274
436
272
663
82
346
313
198
429
694
429
766
45
46
659
98
951
259
443
788
852
677
45
55
876
519
416
29
782
19
597
56
456
869
71
538
568
736
736
997
430
517
115
827
563
126
925
867
385
720
655
590
749
52
997
626
571
413
7
705
432
605
113
240
826
536
778
394
272
866
743
54
736
859
881
651
337
158
518
723
879
174
665
628
578
662
606
502
75
966
207
859
923
673
100
749
209
230
496
834
449
239
240
185
450
474
188
788
632
707
863
863
233
880
844
811
542
450
313
969
768
873
180
691
546
280
793
107
863
289
941
664
528
534
849
331
8
389
119
640
96
334
856
329
214
700
493
756
502
806
77
271
679
257
314
225
890
107
333
753
396
626
417
277
512
618
608
520
7
79
513
456
413
369
785
627
421
630
735
923
437
164
546
116
421
861
694
663
968
379
416
365
357
185
994
870
155
602
742
515
33
255
971
446
976
108
425
397
739
512
321
176
676
219
644
449
80
690
465
49
421
233
766
779
419
760
1
926
714
743
441
747
351
412
545
327
521
970
725
612
834
398
140
862
969
784
311
50
827
128
451
248
362
217
379
133
329
732
59
43
828
501
142
179
265
687
858
138
9
935
750
843
333
890
705
303
27
368
705
854
497
156
454
859
725
186
992
54
918
403
449
746
904
943
277
522
630
136
660
639
71
411
482
757
301
539
60
680
907
117
886
404
273
341
615
350
879
959
756
797
363
205
896
619
500
173
141
130
309
802
121
381
565
955
490
218
494
902
899
753
19
785
510
644
478
125
994
357
437
750
507
152
307
755
771
807
928
913
937
590
67
410
323
632
365
813
850
211
715
101
316
86
239
826
730
717
304
724
427
741
826
286
893
133
41
16
940
321
281
229
263
348
639
938
332
356
751
535
919
818
636
235
904
227
414
986
297
718
62
724
811
888
362
704
21
755
720
961
428
354
542
692
702
533
630
387
241
734
922
160
904
910
748
161
138
162
147
435
880
210
511
43
450
225
747
472
332
819
785
760
173
328
804
228
213
787
615
455
873
889
967
777
151
67
290
641
229
790
428
461
352
291
504
802
868
603
274
200
775
412
961
948
92
117
528
305
904
495
112
129
736
80
907
240
147
549
881
729
339
310
542
691
953
47
846
822
2
472
22
777
884
335
78
328
453
958
634
709
454
98
839
542
530
98
782
678
999
664
759
339
326
301
382
279
700
228
453
55
701
828
832
937
163
262
266
968
221
252
30
27
350
221
569
881
319
352
911
670
368
670
9
694
323
744
325
376
972
131
431
25
959
615
963
122
878
581
443
451
833
473
478
183
46
47
64
717
751
327
387
119
349
749
165
673
493
843
401
817
974
184
843
933
799
158
407
29
91
202
480
924
27
310
459
73
710
876
790
461
203
178
933
553
279
450
578
772
293
979
589
267
515
784
552
314
294
312
344
385
514
176
309
894
487
121
967
549
997
110
10
200
640
295
105
919
746
683
691
39
14
632
659
529
417
563
196
63
227
892
449
742
68
110
636
907
231
955
456
228
65
819
781
705
114
886
976
212
922
667
604
936
300
263
818
69
178
14
484
406
906
933
500
326
396
488
234
979
443
42
560
861
213
341
918
328
579
895
892
501
914
496
438
566
111
608
635
290
622
120
696
528
405
548
854
153
36
440
133
831
835
45
692
48
386
963
728
317
858
621
819
772
117
609
339
229
217
326
871
839
798
919
719
556
467
925
709
855
366
194
686
553
239
379
601
977
694
330
295
552
303
114
676
772
75
367
353
292
46
224
483
196
495
202
752
962
127
814
817
845
8
856
398
600
235
352
577
281
34
224
833
337
690
861
461
765
229
815
409
627
391
892
823
887
446
576
201
574
742
371
771
102
227
522
702
814
874
632
95
260
208
280
597
899
141
410
16
722
577
426
349
321
318
525
560
765
101
761
691
195
484
814
297
711
336
0
877
562
984
324
822
192
604
771
91
98
182
460
172
111
886
874
432
556
399
992
673
852
106
716
47
590
531
344
654
219
344
531
782
680
856
956
873
812
80
316
262
614
776
435
725
14
309
158
571
708
502
244
560
608
961
959
199
844
303
205
63
0
736
197
680
944
506
905
109
586
574
371
200
350
806
925
365
467
435
288
175
938
532
87
546
845
398
97
41
702
302
457
702
391
654
734
335
512
992
796
98
566
168
650
916
326
576
633
794
363
273
321
301
806
761
200
3
159
297
397
861
952
854
915
343
860
2
30
373
994
827
823
560
995
474
828
321
402
814
467
765
87
789
419
245
550
619
249
709
268
998
923
220
852
838
563
712
840
594
437
834
773
261
746
768
735
575
441
137
389
261
902
476
50
321
722
600
292
323
661
561
321
584
781
525
423
697
237
615
643
27
802
416
288
548
184
375
123
977
512
864
238
766
341
640
440
415
240
732
90
254
645
763
838
779
288
261
476
877
229
119
904
31
535
192
579
71
567
55
400
431
919
991
198
612
631
990
379
224
722
469
478
720
232
316
499
872
930
975
750
159
446
6
542
981
199
121
52
118
528
804
902
800
795
452
412
779
442
792
3
516
613
481
236
198
149
735
70
431
62
172
590
508
179
484
489
730
958
893
200
486
698
102
286
845
554
51
624
996
843
979
865
808
812
101
6
962
837
429
393
899
953
336
760
132
820
249
214
778
495
415
617
545
517
903
390
424
954
367
772
149
346
637
958
159
739
316
473
928
97
866
179
51
554
939
535
727
541
750
857
36
165
474
581
34
730
323
810
684
42
583
186
389
572
496
900
663
164
373
943
262
591
123
665
498
414
200
225
307
950
82
343
115
909
276
502
639
952
312
675
994
247
861
735
820
709
635
835
874
360
779
488
952
254
153
450
668
353
27
976
304
109
671
771
18
300
625
9
604
938
685
950
537
898
686
709
608
673
545
834
34
324
322
338
930
475
140
950
828
167
278
484
628
950
608
999
602
233
8
206
523
45
156
61
944
194
122
904
868
667
738
254
343
60
944
273
887
84
224
67
603
502
552
583
804
160
934
758
393
295
316
269
340
825
330
636
19
452
540
239
472
278
845
167
690
789
793
577
225
369
645
180
223
549
764
380
709
50
138
454
345
807
723
38
632
405
674
3
210
567
595
34
845
440
201
888
582
346
817
807
715
462
340
939
363
104
319
424
506
809
231
852
616
306
242
600
712
916
604
274
483
199
308
681
639
861
921
573
208
738
381
275
553
721
214
916
177
885
341
683
47
572
887
15
878
481
616
942
398
220
568
233
419
876
266
410
90
187
984
298
278
717
573
831
790
140
99
967
377
440
2
776
364
242
792
595
723
408
889
473
628
458
59
399
686
325
161
776
865
497
426
495
214
352
326
356
844
425
323
221
218
678
998
934
272
142
881
347
550
771
821
530
581
232
281
267
909
442
396
774
940
174
269
506
526
947
863
722
725
538
296
295
568
294
581
840
788
463
540
338
586
361
220
167
945
501
786
854
943
534
629
235
709
250
94
587
550
957
310
627
847
606
922
416
252
503
608
40
966
148
730
904
861
950
423
806
451
562
661
746
96
642
334
157
244
428
745
146
385
407
773
584
365
695
0
617
551
961
9
869
109
91
774
323
393
197
129
196
759
142
942
208
136
628
365
733
56
462
879
793
221
653
378
586
700
730
555
251
691
916
121
801
7
247
124
400
796
605
596
908
100
891
116
236
519
833
969
928
648
201
721
869
206
451
808
906
182
715
510
873
632
983
26
991
230
502
392
26
460
340
934
560
583
402
