969
536
148
322
631
780
950
338
513
522
327
265
279
433
365
892
385
955
241
833
639
380
826
994
273
250
562
593
329
696
682
650
584
182
973
215
962
275
905
827
797
233
445
77
18
810
321
756
765
914
589
756
646
416
751
919
18
665
864
699
361
898
350
945
81
675
512
395
302
417
575
99
2
20
528
21
830
201
777
947
116
718
55
762
486
158
682
504
823
898
556
184
797
258
481
230
285
993
625
587
411
200
38
413
220
567
786
402
120
563
701
236
634
757
999
120
267
33
977
91
931
533
627
80
143
109
310
428
454
288
367
217
488
405
983
61
324
769
815
445
685
869
681
319
978
32
791
245
65
768
336
349
301
316
429
444
777
92
224
231
380
591
801
220
997
784
633
673
905
449
118
942
670
152
613
648
184
405
245
602
173
582
303
827
250
732
271
27
176
848
610
556
439
411
129
788
547
762
814
453
563
284
747
233
436
361
233
973
766
479
575
939
413
230
766
663
962
390
42
491
590
652
47
29
416
528
170
963
291
336
768
854
620
516
440
57
877
25
382
995
504
309
934
917
539
53
932
853
795
974
344
385
979
744
766
395
272
936
358
915
624
479
122
245
995
562
654
224
939
36
571
444
345
505
713
236
910
998
89
705
972
786
90
303
530
857
698
154
145
409
70
770
888
544
367
235
458
21
459
397
57
30
841
754
887
907
990
150
905
431
855
229
217
298
533
99
507
231
606
652
640
28
774
880
572
141
115
30
162
574
779
571
956
621
677
196
880
19
698
785
451
553
14
20
203
547
472
710
131
78
715
123
106
489
4
30
983
119
412
145
46
191
69
354
164
746
902
44
766
600
829
569
506
196
589
709
95
413
420
226
491
135
702
949
976
706
331
959
825
743
457
223
935
878
578
451
624
480
496
742
81
677
663
587
873
605
648
969
18
68
547
862
555
249
811
884
307
143
195
485
238
652
708
173
882
638
977
859
119
473
601
552
150
265
491
376
222
139
697
240
560
596
102
467
846
266
351
505
761
547
990
999
551
51
525
434
689
502
645
160
975
246
712
477
863
555
853
85
47
902
678
959
499
780
426
697
398
130
202
159
29
193
159
932
244
684
718
285
186
363
446
513
610
510
990
825
66
196
263
113
98
941
72
949
73
850
646
472
980
849
631
361
394
142
294
990
826
12
275
364
376
721
877
338
232
220
515
650
768
778
115
218
71
539
168
497
389
814
321
722
15
304
83
409
447
729
751
273
742
379
990
470
100
219
160
684
439
675
686
559
806
801
778
877
692
946
726
82
760
47
156
128
352
591
537
151
321
641
776
415
20
766
237
472
986
397
509
777
72
195
337
230
349
467
460
41
413
186
475
525
586
983
653
290
575
543
441
248
184
217
15
204
984
252
676
322
1
537
451
425
733
788
656
82
607
116
475
20
654
303
898
240
286
903
530
213
798
971
461
982
541
828
538
877
432
567
199
433
104
650
859
837
791
867
271
398
335
99
771
989
402
21
582
688
924
464
902
723
788
715
57
329
544
596
206
328
515
405
762
619
407
973
809
550
192
432
949
527
883
72
868
285
93
450
326
369
915
580
444
703
647
502
384
543
450
590
872
965
347
634
936
106
959
745
657
151
530
958
678
413
30
546
51
475
349
377
196
264
309
641
319
956
495
703
500
945
645
372
262
992
358
198
98
317
296
755
468
178
65
498
591
447
396
994
274
745
723
471
361
32
464
32
341
959
87
841
904
732
565
518
724
923
716
175
592
364
282
412
542
348
910
134
795
658
480
70
756
204
893
469
236
357
502
577
316
589
770
572
322
335
90
398
610
158
925
202
523
208
614
65
556
876
551
703
887
32
125
643
588
370
112
824
727
966
754
395
908
876
319
582
212
409
980
174
920
906
729
443
466
343
860
22
572
764
77
459
148
555
102
736
925
566
560
5
533
666
400
441
543
72
23
107
833
355
281
753
613
362
548
79
706
409
453
630
525
883
89
673
438
543
409
715
461
321
720
346
340
473
139
883
545
514
342
730
870
975
484
835
338
32
915
396
793
720
26
318
603
467
343
41
362
752
109
823
426
181
522
766
654
661
1
551
176
343
282
398
318
118
233
656
150
148
52
296
869
430
966
824
249
310
218
611
414
327
787
840
508
309
606
515
322
607
66
498
302
700
896
621
818
130
629
321
630
34
969
851
464
935
676
714
597
894
677
12
573
464
204
81
125
163
948
448
122
15
298
425
67
195
398
238
677
27
911
659
413
880
511
230
167
187
296
765
433
973
129
6
790
685
439
267
848
388
67
323
755
366
748
822
913
498
412
590
877
323
249
291
203
112
521
723
651
817
840
84
142
969
442
932
654
882
552
855
270
619
178
25
985
278
199
898
128
964
840
5
287
442
648
843
906
169
566
558
338
406
642
481
727
85
765
733
319
317
940
589
937
470
966
274
100
517
525
228
481
717
234
769
511
882
964
418
404
882
976
94
640
970
575
367
55
693
452
726
362
745
315
299
215
633
926
316
151
451
896
984
168
130
753
680
365
69
450
121
951
426
215
591
396
143
310
804
188
115
530
550
860
198
202
75
831
128
743
334
579
640
319
99
122
424
131
839
494
581
312
797
359
528
741
108
23
403
264
211
518
146
761
378
344
963
806
528
443
901
214
374
541
533
474
16
310
957
855
156
891
168
305
602
48
46
710
71
450
326
634
968
473
747
699
169
63
857
697
506
758
264
881
652
149
707
668
459
664
523
967
907
43
273
510
443
319
220
514
121
547
500
442
372
248
493
541
663
350
591
169
460
855
402
112
356
109
780
816
126
656
135
385
51
408
895
495
80
468
361
553
367
862
995
739
462
840
632
125
190
223
646
3
430
401
115
787
862
248
955
988
256
90
374
307
851
621
154
931
89
516
836
808
730
184
547
192
24
180
669
567
755
667
570
186
68
37
325
931
285
280
271
893
370
997
201
221
619
707
504
60
223
693
869
953
877
768
497
901
300
518
468
56
186
390
594
606
428
919
889
65
199
161
959
921
510
512
143
481
219
999
542
795
692
763
748
921
531
246
823
832
764
643
888
302
34
834
909
814
753
798
879
952
311
190
873
174
54
368
655
274
720
197
69
764
312
169
686
844
767
861
676
532
504
916
834
890
750
95
704
855
246
936
807
909
126
32
83
181
401
739
807
473
288
228
237
601
397
275
445
165
136
473
49
993
741
235
883
843
331
588
698
929
524
857
838
2
889
922
535
642
661
342
115
301
570
705
902
320
980
699
837
469
172
886
462
265
121
345
108
804
285
806
85
161
15
924
516
905
846
51
899
859
394
367
160
316
72
415
636
404
114
473
873
639
359
687
904
833
385
13
989
670
171
75
184
187
999
700
444
197
751
343
408
145
710
920
814
134
335
450
539
802
276
764
441
635
804
345
820
189
710
162
211
882
237
395
421
588
95
865
137
199
560
545
696
271
817
510
405
505
961
296
307
237
413
748
224
217
445
397
758
156
559
969
390
148
717
811
736
812
28
225
363
588
770
60
859
939
570
617
444
883
265
751
120
30
499
697
599
297
94
357
453
5
679
843
153
396
6
241
560
34
466
924
974
588
984
186
527
906
803
972
790
420
75
262
451
927
959
50
224
405
760
677
762
439
872
267
835
878
508
395
264
974
671
238
914
655
424
794
914
579
118
704
352
193
966
803
120
278
205
344
35
965
373
798
756
245
65
591
475
926
339
91
252
10
330
167
18
106
961
932
38
79
636
390
624
954
545
745
584
102
441
620
420
167
770
176
764
835
120
592
113
459
683
366
821
365
533
839
824
846
123
862
277
759
604
901
66
501
998
650
603
792
622
23
959
392
552
75
580
672
667
693
483
351
59
304
716
944
496
892
142
619
754
419
731
710
673
149
563
671
799
167
815
422
542
774
166
94
850
746
118
517
440
601
220
851
258
289
796
754
181
938
725
288
710
456
998
383
605
914
406
757
81
222
531
975
348
697
422
550
444
540
420
884
494
640
87
752
929
883
506
463
174
583
751
236
40
101
971
997
15
377
754
448
951
285
424
300
335
198
850
779
738
270
15
584
263
102
336
192
338
194
655
864
778
758
100
170
860
71
167
875
448
274
676
400
911
100
52
246
650
902
25
388
525
392
325
788
495
661
332
185
856
340
49
986
98
149
156
958
220
675
186
20
301
862
772
213
314
824
811
964
79
189
704
604
581
29
744
428
43
76
613
251
416
662
237
867
163
745
177
383
420
363
756
74
577
528
639
243
705
450
559
784
991
616
740
925
997
836
353
40
912
319
643
681
981
880
548
497
977
77
880
750
441
988
824
370
517
463
966
574
265
877
358
257
493
450
182
491
286
887
883
550
206
527
583
540
759
483
37
737
561
269
839
354
258
663
76
127
478
42
701
743
920
411
352
765
861
534
608
499
422
492
401
980
371
985
520
482
820
909
571
381
179
410
735
789
73
812
916
903
854
617
647
126
28
999
892
241
886
500
92
660
344
845
640
67
182
513
550
3
774
473
384
953
884
120
742
309
284
10
213
490
627
860
617
7
211
861
600
449
713
692
109
410
538
102
477
720
967
379
75
741
205
460
695
89
932
789
750
216
800
963
58
779
175
27
787
739
888
739
188
954
432
298
364
322
752
193
394
719
925
470
460
130
282
507
571
214
649
321
782
801
285
840
580
812
868
719
551
108
459
740
62
243
390
426
565
142
972
311
213
897
781
673
27
63
533
598
629
182
271
411
983
908
252
915
721
472
987
272
580
446
364
643
41
106
421
958
248
393
269
813
290
51
487
669
466
20
619
96
202
243
859
537
151
463
452
872
935
791
497
516
237
861
511
630
320
932
588
920
326
858
734
968
261
221
990
79
593
961
527
147
204
387
684
356
850
488
228
786
280
77
654
869
291
165
500
611
97
440
531
775
650
265
96
263
486
438
343
431
399
870
578
956
609
614
312
460
455
892
598
735
322
252
956
613
417
808
224
866
249
755
994
251
21
90
515
859
880
858
291
631
80
221
587
690
836
251
502
291
496
100
378
818
704
686
431
121
495
7
339
96
762
333
347
135
775
214
995
7
424
638
639
505
859
226
547
47
830
401
690
678
501
68
496
205
107
279
678
602
286
369
50
400
703
749
536
830
964
883
838
388
521
477
245
732
55
144
780
237
545
470
915
398
891
763
603
998
42
633
952
680
3
2
81
58
103
969
888
67
852
78
808
725
907
405
457
963
550
589
200
447
412
468
846
655
231
801
5
626
435
957
306
790
311
739
848
414
60
88
834
264
167
994
989
426
399
799
389
301
740
942
749
504
762
947
159
993
748
164
619
183
473
278
325
784
369
173
551
430
614
737
694
133
731
36
559
482
187
949
136
927
243
237
784
5
184
943
350
932
460
970
468
933
600
793
70
969
319
973
399
933
710
446
66
793
834
625
627
21
926
763
300
169
0
84
526
184
28
877
469
840
199
937
773
799
82
195
120
401
168
872
334
230
318
752
375
152
378
3
525
304
766
825
826
767
910
704
303
290
933
772
130
132
61
255
283
144
803
756
897
323
628
584
554
298
336
281
802
714
284
327
371
51
504
549
170
414
253
473
56
187
598
538
671
11
146
307
155
949
63
405
624
691
989
530
341
325
812
143
392
96
470
763
147
326
664
669
93
917
495
149
456
93
40
128
104
186
787
612
487
850
17
111
893
358
642
234
683
806
729
75
902
551
190
402
877
854
71
970
772
566
472
580
11
512
708
468
50
847
432
889
697
801
0
942
159
994
528
842
152
257
270
55
160
460
457
38
315
880
360
439
799
832
19
810
696
80
630
98
927
62
987
977
215
340
919
374
686
800
569
839
409
839
894
570
299
703
608
966
935
320
757
734
153
777
897
201
209
527
300
136
942
287
465
157
627
737
884
314
537
453
505
946
644
399
516
295
454
476
262
389
797
19
124
302
148
373
503
357
252
155
846
194
443
311
704
422
48
940
88
937
393
593
236
389
344
752
684
798
581
946
188
730
318
664
384
818
37
239
176
641
395
374
188
190
37
892
612
86
184
701
375
929
646
611
318
991
716
2
789
649
301
329
379
971
345
115
789
734
354
317
376
101
691
564
291
729
808
904
167
992
957
542
921
955
506
591
946
222
593
88
871
894
769
602
865
115
717
7
201
423
324
577
525
16
493
816
97
653
72
264
645
381
158
918
337
16
509
283
238
455
723
461
701
493
63
919
960
132
926
161
556
250
91
81
618
584
249
715
238
322
331
235
703
842
506
40
210
15
676
449
822
399
262
524
244
678
443
204
810
369
366
718
971
809
151
590
745
401
657
335
75
341
571
130
535
77
523
745
444
199
546
619
950
161
143
195
839
586
399
1
307
117
72
630
926
223
572
672
976
230
7
403
923
930
534
810
359
57
907
156
608
454
775
558
967
918
105
806
856
857
159
515
974
231
145
253
455
718
277
783
300
636
187
575
567
73
385
278
482
292
434
442
98
209
352
65
479
458
223
687
315
383
554
641
614
700
894
421
770
523
205
70
160
744
645
727
169
382
5
3
26
792
445
125
1
797
542
833
607
766
872
922
149
427
916
115
479
810
537
249
686
94
319
846
190
316
573
359
698
930
714
724
722
159
201
76
956
744
261
564
862
133
838
11
912
754
478
391
917
15
640
603
109
311
449
651
979
374
10
677
656
76
754
379
235
307
455
544
403
68
460
265
201
298
628
466
405
107
857
674
122
850
629
584
513
78
235
493
804
598
170
460
674
276
191
262
936
998
806
339
66
266
605
620
916
585
86
673
692
295
347
167
497
976
103
11
406
690
504
562
640
26
23
315
655
566
929
591
565
735
930
631
353
887
603
621
825
41
295
517
337
994
36
834
971
491
197
729
182
701
292
822
728
667
489
383
233
418
974
798
505
256
782
858
496
737
832
321
779
127
190
468
121
227
654
444
70
852
174
252
553
466
75
633
133
564
16
366
335
342
517
840
951
651
699
447
388
883
120
167
10
310
987
483
889
642
928
960
494
102
212
399
568
639
33
53
556
401
771
891
96
288
731
399
939
782
846
680
665
966
847
27
628
187
511
518
829
439
478
675
893
42
74
813
682
459
866
238
213
637
129
661
278
212
60
569
347
258
249
12
576
449
392
204
636
903
722
465
694
552
492
587
595
566
400
277
378
618
867
591
607
348
252
885
560
312
807
907
570
56
272
146
505
664
702
493
919
777
310
613
329
802
552
924
369
304
553
747
922
772
690
881
120
942
767
681
606
926
940
528
982
564
26
840
228
728
333
147
505
644
112
187
446
664
463
167
968
369
266
242
141
956
124
262
250
243
943
208
169
235
88
151
800
114
991
380
195
677
880
52
321
992
239
119
9
703
287
977
72
905
220
213
214
696
827
464
939
770
25
460
358
113
611
158
228
955
890
775
984
770
827
305
115
67
776
124
122
415
101
546
321
673
111
535
721
939
351
660
61
376
120
419
490
84
929
70
391
820
845
375
942
24
32
57
443
808
181
565
224
635
463
545
660
927
432
382
866
783
394
279
160
867
699
2
303
980
424
694
152
269
421
95
645
453
152
89
613
686
6
837
321
470
734
333
397
166
715
615
950
462
894
462
329
945
464
984
278
888
678
430
509
451
877
506
904
382
595
869
68
602
59
389
424
145
722
173
312
790
140
614
252
34
428
933
332
892
917
610
132
947
392
993
750
270
499
6
652
447
875
72
49
934
813
825
80
887
998
744
677
138
710
281
524
138
566
856
382
835
818
514
134
563
859
884
185
710
890
837
157
118
261
206
52
74
383
484
961
381
580
639
871
290
272
748
780
839
604
162
674
775
28
809
338
239
45
523
950
936
712
107
406
973
314
458
399
697
295
360
431
227
999
654
870
624
402
650
463
359
165
489
134
193
650
824
433
48
699
383
984
763
490
742
88
156
200
487
206
847
847
989
75
199
643
297
823
46
947
638
757
112
479
243
658
130
419
443
530
118
826
866
233
668
608
321
177
160
808
383
8
7
724
435
206
367
732
381
765
31
371
522
496
851
117
154
333
536
597
863
654
775
729
239
795
337
560
972
497
720
707
857
728
431
644
286
151
728
668
268
760
39
143
256
242
260
762
575
797
711
790
803
838
519
43
633
208
955
958
58
676
17
915
404
801
912
690
952
640
710
572
752
750
715
360
344
976
122
920
125
185
62
280
23
582
675
9
142
631
319
200
307
688
468
63
489
380
753
793
372
816
366
125
918
81
485
262
409
960
534
886
145
597
167
521
531
842
882
673
825
553
874
132
241
694
195
731
74
301
876
446
117
242
923
35
676
409
297
437
721
832
676
866
781
843
739
312
37
973
985
215
526
211
347
120
905
895
851
331
548
79
130
665
322
405
52
350
814
701
139
535
885
815
754
666
10
845
978
400
819
316
615
697
527
314
817
785
209
20
468
757
100
950
774
774
356
178
476
170
880
615
58
117
783
164
784
793
361
114
193
180
782
160
230
310
475
399
447
684
420
915
794
872
218
920
998
574
99
826
96
331
441
154
448
576
670
584
370
32
51
915
564
833
428
794
495
903
546
942
939
318
210
733
190
428
6
540
354
105
366
450
436
159
605
884
736
627
821
458
659
872
725
576
705
153
370
201
56
268
495
348
586
57
433
128
837
439
668
191
544
34
642
980
546
599
217
282
226
390
740
238
262
465
814
967
971
536
520
379
805
368
727
391
425
161
520
615
600
540
806
145
927
448
477
473
399
46
755
626
436
847
216
698
664
30
18
635
918
890
15
723
610
94
467
388
255
339
3
856
879
809
353
806
610
182
279
9
581
386
987
17
585
555
68
250
585
438
237
504
680
604
579
291
699
46
679
954
737
682
162
617
843
867
775
805
402
407
815
983
793
154
352
379
710
420
981
647
210
218
503
891
823
83
534
874
481
565
180
219
599
695
188
794
562
963
600
316
722
415
299
868
921
652
247
983
424
580
631
987
798
486
230
973
569
764
199
403
681
380
974
280
75
162
74
989
477
674
306
200
441
957
68
715
609
667
698
386
599
681
373
749
168
603
723
89
367
274
492
400
654
466
680
729
980
106
71
458
133
377
10
574
334
430
641
296
449
340
682
48
21
55
149
541
10
872
631
377
147
123
777
153
942
809
235
922
915
306
732
48
35
94
975
721
876
616
17
325
308
51
725
682
458
875
223
468
99
854
197
598
330
326
752
272
135
339
546
403
645
279
803
32
373
130
753
250
99
123
927
407
174
5
89
633
880
665
453
331
519
651
930
849
977
34
473
465
373
20
868
370
299
23
402
24
154
507
626
253
630
906
12
805
911
102
790
143
119
243
474
638
894
756
840
224
142
665
689
515
685
557
237
336
932
991
713
86
499
691
691
129
597
704
286
508
806
428
3
277
24
478
915
270
234
107
494
377
773
183
244
810
92
834
147
25
825
212
111
676
903
803
158
501
859
796
361
17
577
365
294
601
195
561
871
781
669
718
510
794
901
107
604
346
941
103
371
118
667
834
795
571
989
305
424
200
101
785
217
678
502
511
631
49
73
855
831
94
573
341
888
826
448
844
524
389
300
247
860
967
434
7
890
775
312
314
976
765
452
193
796
306
705
427
356
130
634
187
224
207
528
464
386
329
308
910
70
960
510
930
280
944
937
170
719
601
485
695
367
289
889
515
595
946
294
951
76
929
138
300
488
19
764
226
348
424
137
770
385
647
701
665
943
990
187
662
592
672
358
311
961
599
826
557
545
120
860
621
49
351
273
890
370
37
116
70
813
605
840
198
604
893
215
547
884
403
210
828
427
568
139
389
519
965
298
64
437
510
37
839
861
662
729
583
699
197
653
512
803
846
63
407
91
630
955
975
33
165
803
461
85
294
202
956
611
852
372
49
362
409
240
576
71
969
159
122
166
165
986
321
363
401
729
454
32
36
782
417
201
585
230
638
232
432
946
843
636
318
244
351
727
484
927
150
453
86
624
972
251
610
293
614
12
374
421
396
410
203
813
963
140
44
953
372
828
899
216
465
217
812
168
944
297
95
446
102
181
70
74
785
33
720
751
397
94
172
793
857
375
606
820
516
2
774
240
183
25
808
0
243
621
168
539
918
263
986
20
796
408
447
933
441
167
685
838
613
209
631
470
585
590
643
453
944
769
693
127
794
502
127
37
123
295
577
393
910
915
413
707
323
212
640
765
731
677
603
345
887
587
167
472
177
162
277
121
931
970
601
726
824
728
115
299
24
44
692
286
959
458
993
283
670
986
48
754
663
3
99
550
590
618
374
119
781
651
593
64
974
194
142
798
922
258
98
298
302
142
585
262
952
930
897
975
916
297
729
580
300
180
482
243
798
857
362
931
508
955
348
482
149
490
633
424
748
731
722
403
225
659
17
178
590
914
153
506
563
882
438
863
62
921
458
212
778
821
496
638
128
844
121
630
686
106
54
787
189
128
190
414
788
559
944
730
473
97
588
36
331
27
251
745
948
62
310
78
235
806
716
363
2
189
345
688
295
399
475
484
880
17
251
20
576
195
750
401
293
338
789
976
365
393
722
665
455
32
743
690
190
460
405
192
649
751
232
297
502
708
781
382
77
384
402
6
580
504
759
225
843
901
201
560
294
275
226
101
307
321
143
497
781
900
41
783
651
274
80
506
334
213
888
411
598
643
769
530
147
529
755
342
430
308
903
76
584
481
177
891
802
672
741
936
572
782
719
576
56
151
82
390
716
970
154
314
965
923
196
113
804
951
455
586
260
710
662
844
543
191
87
346
863
828
282
788
963
353
364
19
856
446
762
572
768
916
239
734
191
435
199
996
387
6
582
999
69
597
195
612
788
282
958
4
463
592
144
426
297
508
797
153
306
559
726
426
827
965
512
19
752
63
15
139
70
949
490
139
898
685
751
687
320
62
43
783
6
187
561
304
47
358
457
705
918
535
483
97
852
996
116
605
411
483
96
481
785
587
972
683
624
76
722
944
138
765
727
144
304
288
800
703
999
610
760
269
145
244
366
350
592
483
307
3
318
755
837
103
342
809
787
967
885
509
911
375
627
991
872
283
631
24
987
630
634
99
899
132
343
618
834
935
101
141
291
419
896
128
875
591
937
662
910
175
171
173
902
798
164
126
82
796
151
421
778
785
520
30
269
216
648
103
503
101
244
794
872
493
922
747
84
212
409
994
739
933
167
641
83
684
120
165
832
271
938
610
408
811
640
678
27
640
133
882
741
730
677
966
223
951
713
307
163
475
653
902
408
172
896
491
856
368
9
688
639
299
651
399
110
291
429
489
284
563
372
25
293
49
991
868
352
57
175
516
532
180
770
292
352
18
783
561
386
144
601
377
444
252
777
554
896
558
396
180
121
768
205
766
169
549
634
521
958
161
389
842
693
512
134
398
530
917
959
269
62
560
646
858
813
775
764
61
334
160
241
807
280
798
574
449
699
560
323
657
74
712
499
767
576
633
165
107
903
124
376
317
37
22
175
202
150
939
263
484
452
504
291
732
302
217
182
2
130
857
11
204
921
863
323
498
496
489
605
751
965
333
68
2
707
595
556
857
887
819
693
339
675
337
71
330
554
605
684
36
462
695
592
736
558
916
234
407
405
839
510
370
524
931
725
231
526
633
89
765
805
134
456
480
471
880
162
378
485
846
414
300
894
7
36
804
275
622
563
680
813
74
402
337
5
479
568
883
113
9
1
270
144
457
750
615
337
265
993
175
463
760
827
709
767
215
514
394
837
429
74
650
855
828
987
212
660
907
448
773
269
449
43
413
906
145
380
596
762
726
771
226
486
950
935
605
165
801
999
354
583
425
4
438
253
343
651
913
602
99
38
871
900
433
636
806
931
17
754
693
743
877
919
229
827
207
186
344
8
185
698
591
610
54
382
215
749
385
129
352
484
519
223
736
953
860
542
884
229
649
577
972
526
849
553
354
56
739
698
416
276
749
360
886
803
742
101
553
479
582
257
315
102
480
51
407
692
945
643
921
594
220
245
121
421
798
827
829
889
525
246
165
626
958
403
430
52
857
335
531
439
592
846
893
424
897
652
117
842
295
390
437
868
636
910
289
786
737
119
676
614
717
841
241
675
597
671
727
454
358
610
245
950
456
139
726
353
143
195
195
439
586
984
307
222
894
948
8
631
419
36
246
488
230
487
515
827
510
242
281
220
204
526
522
660
17
248
13
161
444
561
952
30
545
611
604
792
559
964
423
331
1
21
819
231
860
335
58
722
929
691
942
134
569
464
794
939
65
160
100
861
721
404
891
618
15
847
410
926
163
186
257
164
559
77
747
420
412
157
494
341
848
437
827
770
253
622
709
670
782
161
531
855
565
774
825
580
621
236
506
785
774
764
301
685
193
401
457
605
558
952
298
759
741
126
529
346
100
238
17
234
399
548
89
964
323
914
896
296
502
754
433
628
870
735
314
63
488
771
20
46
75
319
805
816
797
686
515
897
276
532
131
675
80
572
991
755
838
239
52
341
994
837
321
864
924
635
280
412
759
300
459
834
619
616
3
768
655
518
17
931
50
148
959
482
72
950
590
911
542
994
604
888
831
925
104
756
913
384
520
672
685
331
858
656
948
213
777
955
731
794
886
133
295
197
968
367
500
558
630
42
904
234
930
735
512
34
843
425
771
364
449
808
695
307
816
995
521
593
950
604
388
189
738
683
386
58
50
886
968
681
280
872
267
210
959
779
597
803
204
720
519
653
528
214
313
344
562
834
938
864
438
678
405
528
361
792
938
763
30
906
444
311
778
64
873
738
843
822
893
400
542
764
53
422
330
366
119
892
552
409
757
343
87
162
223
448
306
162
211
689
68
8
0
199
424
225
289
267
400
182
667
294
946
73
717
276
791
836
521
344
245
630
39
684
144
262
132
451
776
695
140
845
55
492
396
479
69
685
747
469
219
766
764
165
839
833
793
983
21
666
327
618
296
718
302
441
332
434
244
109
481
736
306
537
580
702
16
649
387
115
471
606
234
587
123
425
420
268
408
793
935
87
411
583
805
713
24
490
499
620
599
980
356
257
869
936
959
238
938
698
705
761
656
939
348
131
365
120
399
773
265
686
861
676
270
18
741
646
508
240
267
459
572
623
716
794
912
27
32
202
725
737
963
733
29
663
864
394
135
264
519
400
302
732
76
572
751
817
219
259
409
486
719
333
461
787
127
725
815
159
927
540
249
242
626
278
905
490
24
40
106
895
792
409
628
868
333
379
37
552
990
798
390
61
132
204
849
259
929
664
771
209
556
20
451
182
650
709
25
26
101
131
921
894
540
901
114
874
632
152
778
975
302
521
36
434
77
237
694
358
253
465
567
810
837
371
344
487
432
369
865
533
501
138
779
393
40
894
619
24
398
750
999
700
271
388
135
348
625
181
706
879
646
626
41
483
997
385
322
429
107
539
314
960
677
94
353
69
988
325
94
386
75
93
438
346
481
573
46
459
106
752
338
752
730
379
587
727
116
261
508
223
800
823
183
830
269
537
899
257
862
993
995
937
439
785
635
272
711
681
731
817
785
421
922
516
800
509
595
269
123
456
492
275
631
676
105
900
565
357
509
779
702
504
68
493
289
703
766
352
736
849
170
873
271
92
741
423
953
689
692
76
145
537
704
128
213
161
28
130
518
537
909
221
393
977
714
34
32
832
387
120
682
557
993
305
1
87
80
954
776
125
383
273
662
439
401
227
600
429
357
119
318
266
692
63
243
758
97
627
591
836
747
625
745
92
282
746
179
362
53
307
839
788
580
501
227
333
728
827
762
85
298
432
703
990
495
298
101
945
925
692
781
24
669
879
469
951
977
648
665
30
308
505
818
888
358
397
222
439
225
336
876
875
121
580
218
968
878
319
913
156
363
47
180
32
926
649
335
903
650
0
286
958
857
456
198
568
854
772
7
79
109
235
954
582
815
524
550
46
843
464
202
206
863
734
238
141
736
573
44
738
926
682
48
135
139
246
703
993
19
62
424
480
298
730
62
113
255
612
511
98
428
65
657
291
152
247
432
888
821
829
978
99
511
26
234
2
272
290
995
643
352
419
475
650
502
889
116
757
854
627
855
282
45
864
926
197
112
710
85
285
539
63
384
403
441
970
757
65
260
753
709
613
524
536
615
26
426
731
135
280
711
343
914
756
207
840
953
319
551
390
604
442
805
340
197
246
311
955
663
923
60
372
536
584
261
504
963
687
235
450
319
298
793
585
406
1
426
711
672
329
101
277
123
258
969
321
856
632
628
520
556
688
244
444
624
505
948
587
544
536
38
215
834
183
801
593
184
579
304
857
260
406
486
383
16
807
56
873
440
684
745
996
372
989
792
997
847
741
936
743
629
326
959
815
510
760
408
46
691
713
255
951
471
93
686
487
901
743
712
341
779
809
689
504
799
481
853
998
574
789
741
203
468
52
19
978
164
427
376
855
140
632
158
963
725
845
451
978
940
515
319
71
325
360
575
476
842
428
474
416
570
567
972
38
620
343
16
784
770
744
992
263
376
150
226
454
995
29
432
287
545
104
359
222
464
934
50
306
363
524
75
933
443
399
323
415
742
691
200
864
435
192
127
164
342
706
618
690
735
402
977
632
506
688
854
971
623
904
629
338
780
56
623
576
807
946
991
549
989
543
414
424
735
893
588
430
599
206
472
335
609
801
319
467
490
526
438
465
782
420
155
915
828
130
491
636
428
834
185
417
378
951
841
465
845
782
247
444
988
719
131
949
873
803
769
715
329
559
180
463
979
687
378
160
817
221
796
245
56
333
662
786
285
855
251
130
637
851
926
978
922
410
279
795
213
48
510
894
608
42
357
939
729
736
99
546
957
895
143
365
581
805
151
866
13
755
348
2
606
274
980
880
684
612
676
249
660
538
143
620
581
501
560
310
589
11
209
546
259
352
264
840
510
767
706
523
522
54
525
480
680
858
361
717
470
389
966
482
927
110
455
508
963
367
171
552
378
380
450
637
732
714
477
242
834
535
765
356
941
643
189
974
853
902
691
675
291
9
509
570
119
964
79
434
331
602
986
710
982
789
699
714
855
529
957
689
416
74
398
358
69
939
332
274
841
375
949
484
384
459
54
856
775
485
290
107
87
629
169
69
770
220
784
625
749
93
667
518
519
65
228
941
4
560
215
197
287
517
681
671
328
735
527
103
221
170
562
308
799
83
730
569
304
514
546
405
959
213
275
830
630
503
771
986
63
339
183
702
856
216
374
536
304
253
991
877
423
554
537
574
989
267
495
293
133
42
51
444
607
326
275
238
830
398
576
245
737
760
948
945
328
674
481
632
927
473
509
703
379
47
277
368
666
125
14
800
519
417
244
126
95
519
716
925
270
293
523
7
405
823
953
733
849
786
718
128
611
579
831
342
978
461
711
645
586
77
797
457
494
41
935
589
913
652
867
183
297
742
542
54
565
847
139
766
634
857
894
597
437
726
940
767
539
3
412
477
80
209
934
926
603
869
867
516
873
86
51
170
828
593
576
745
441
716
511
427
573
406
376
362
484
316
130
23
319
894
500
751
104
786
29
707
655
897
575
529
983
626
51
164
571
628
909
364
344
421
791
269
179
520
984
15
836
114
38
508
8
890
611
464
676
641
523
683
538
98
564
873
76
968
37
0
596
299
364
292
72
508
913
251
28
897
266
216
363
656
724
724
898
336
188
574
329
64
609
219
514
174
92
943
142
482
943
90
133
659
734
205
519
647
808
899
897
426
116
260
82
192
984
980
880
525
906
209
589
515
428
455
41
873
398
183
707
341
273
840
353
7
45
872
7
205
772
904
631
888
164
65
80
501
397
313
378
303
522
319
170
303
774
212
528
173
747
235
866
373
427
219
380
472
92
739
29
864
643
660
104
160
725
536
661
122
849
391
777
724
710
947
27
484
511
555
657
259
142
524
632
569
95
364
393
187
104
422
403
99
434
507
259
159
396
272
633
597
663
410
321
725
709
700
210
221
607
219
832
749
95
816
670
191
532
415
730
988
189
134
88
623
993
699
782
741
972
767
339
987
177
12
713
887
713
275
460
672
846
644
774
294
812
444
837
344
212
567
333
401
53
773
25
399
472
159
140
444
927
831
784
456
844
497
695
909
124
507
581
970
151
355
264
315
152
101
660
364
21
345
117
426
118
494
825
590
6
318
387
933
501
171
741
697
20
437
606
144
944
540
114
448
247
731
763
399
184
775
115
557
472
585
984
942
79
161
885
85
831
272
370
333
795
112
30
815
901
989
311
197
529
777
997
776
508
761
528
45
888
995
602
713
580
586
655
12
100
540
449
931
812
820
264
959
284
647
774
537
636
437
734
517
215
732
293
75
845
173
120
85
521
723
798
101
661
454
465
761
994
915
693
159
87
309
118
723
956
245
260
944
682
346
461
249
78
107
325
275
280
445
361
801
520
159
255
182
965
72
295
960
339
340
471
778
650
589
501
958
186
113
903
869
460
716
470
890
823
795
518
456
593
879
609
113
390
216
647
356
641
943
668
980
283
139
759
933
80
612
244
267
78
499
488
538
215
958
780
391
754
298
199
699
529
160
812
920
729
460
628
370
403
648
702
686
787
461
972
867
426
568
134
504
67
974
394
634
933
526
377
39
177
928
738
706
89
550
978
818
362
958
540
117
606
242
804
393
56
128
613
834
696
99
338
115
74
84
749
359
610
479
398
787
407
488
846
848
390
824
18
753
783
558
870
741
153
26
487
209
506
100
43
554
551
733
669
977
817
771
336
427
602
86
567
9
926
413
858
317
237
876
422
372
787
644
466
940
23
953
501
881
405
544
436
956
629
457
286
446
580
974
873
182
61
440
544
987
853
754
656
443
982
430
167
769
75
633
61
450
586
562
331
343
458
119
652
87
577
938
533
509
912
759
44
325
551
588
665
757
694
673
552
676
104
719
798
531
353
859
981
291
774
312
987
232
784
639
672
361
929
205
222
841
316
266
519
868
854
184
625
900
857
177
577
961
248
375
492
953
586
825
597
712
490
584
945
274
575
617
635
504
174
857
345
491
476
864
711
330
400
688
231
258
217
160
571
465
887
416
771
825
241
368
538
731
952
835
5
527
452
992
31
978
202
728
821
678
945
532
360
345
572
943
955
789
103
527
607
342
943
378
168
184
746
706
268
50
541
273
929
345
618
312
675
820
392
497
850
337
381
210
35
954
154
990
743
609
869
350
952
812
728
120
349
474
178
617
876
719
242
805
416
860
469
91
32
862
588
882
199
970
445
586
924
599
577
19
560
446
370
512
611
98
632
312
925
810
929
153
881
523
959
297
736
428
741
120
642
329
3
842
651
800
428
927
751
357
947
311
156
317
824
767
767
808
79
44
971
360
198
204
235
509
502
323
289
595
444
932
276
799
126
928
599
554
855
350
264
802
661
420
471
485
539
239
646
970
283
617
682
833
821
917
342
675
241
632
270
37
564
547
836
690
827
435
596
34
137
860
189
798
632
660
636
523
251
634
493
887
251
527
720
424
797
63
452
390
695
74
427
611
973
263
653
800
50
249
835
187
462
376
985
446
36
973
970
640
607
815
527
210
343
247
635
140
310
439
530
357
513
957
320
487
572
973
639
622
223
826
809
37
202
146
483
591
472
805
231
431
621
758
642
316
357
629
456
20
68
338
729
933
647
50
420
219
23
412
841
598
238
2
635
793
500
471
384
972
628
615
404
601
725
398
917
82
27
373
102
447
63
184
380
710
234
153
929
257
565
122
208
155
124
195
948
625
18
332
949
647
299
353
248
376
751
166
459
130
891
913
577
955
97
310
17
683
463
947
941
380
69
501
535
546
696
484
523
715
168
472
362
820
178
962
196
281
128
7
764
372
921
341
679
370
3
696
54
466
643
347
846
65
848
382
963
896
218
486
611
386
310
325
206
840
288
755
122
768
762
886
140
683
579
819
406
583
516
812
401
511
511
248
928
711
982
243
607
552
729
219
290
392
896
849
232
184
604
706
953
366
944
93
402
876
265
808
459
781
972
860
644
483
460
573
194
794
816
153
346
898
372
637
642
621
486
226
805
90
933
758
456
877
204
210
105
469
18
564
602
342
777
246
177
589
171
371
384
340
877
82
590
601
719
232
222
557
458
28
647
743
138
456
973
694
666
78
515
37
995
117
379
772
716
557
713
887
280
97
579
157
180
169
759
251
401
333
809
212
361
808
307
852
264
280
546
283
359
62
320
354
531
51
478
247
960
191
135
593
641
714
102
173
236
213
776
989
547
585
553
260
746
861
112
362
141
11
645
852
425
317
558
956
369
388
556
681
932
43
626
573
109
729
98
345
294
226
335
193
164
888
454
910
749
918
272
243
281
918
95
706
235
6
15
956
394
571
990
326
614
616
251
723
697
701
421
344
928
756
537
92
996
991
2
98
262
274
341
543
544
788
250
132
794
617
440
541
188
430
867
154
399
471
229
448
172
650
792
100
758
682
192
755
673
546
205
287
173
546
831
717
686
433
201
833
50
642
374
590
424
593
96
175
64
325
976
589
328
768
41
86
802
586
193
828
132
398
115
305
296
946
23
983
379
224
816
781
218
542
371
643
135
467
170
552
145
146
493
473
267
534
911
69
120
457
897
605
207
13
910
856
959
285
191
691
862
359
472
80
901
844
75
388
663
246
292
160
392
785
985
659
672
897
729
144
706
626
749
265
991
12
121
951
297
312
642
159
671
114
592
924
310
19
313
326
265
957
486
10
95
472
21
119
721
750
263
779
729
365
44
720
377
166
23
674
830
17
186
854
132
130
778
794
149
443
120
767
753
959
777
848
783
150
967
504
253
230
635
982
595
679
54
972
197
430
999
380
447
537
234
579
667
364
726
168
808
198
935
561
157
64
761
940
215
728
796
468
310
431
802
258
463
208
582
660
638
581
392
86
470
626
17
137
991
743
306
151
294
593
64
803
10
825
96
577
553
244
397
215
676
199
473
491
407
56
503
398
989
896
484
460
522
853
949
865
949
607
16
243
553
432
46
563
257
494
140
162
739
537
378
415
88
851
258
847
259
761
245
601
657
81
413
532
935
714
397
884
322
766
479
875
198
877
790
456
372
282
618
111
171
996
878
259
200
136
458
811
897
56
764
555
137
177
87
424
892
484
660
566
602
139
793
801
17
583
609
741
217
227
852
388
576
730
999
128
866
457
291
763
513
56
670
3
233
757
779
477
594
440
43
196
931
188
349
300
771
958
41
340
538
893
728
466
623
727
946
841
537
237
605
50
645
275
405
231
385
185
708
979
977
104
527
908
292
229
209
416
539
602
756
77
496
837
895
471
564
193
313
101
431
270
504
76
897
909
659
634
446
368
965
423
824
493
684
116
74
893
884
613
847
993
43
343
830
938
167
746
132
832
848
915
454
704
343
703
965
3
338
412
723
303
187
547
148
871
15
222
116
900
836
964
245
879
659
75
817
826
821
301
10
21
216
816
725
912
520
691
915
858
455
638
161
642
537
662
514
552
884
630
804
720
594
49
951
254
124
769
432
298
422
795
319
991
611
397
903
131
440
170
341
895
160
855
537
697
517
403
601
401
34
406
474
980
455
425
234
932
546
19
582
969
814
901
312
425
650
567
909
90
737
250
985
249
105
875
946
622
278
547
376
312
305
850
645
113
275
879
45
822
250
979
143
416
880
807
194
531
374
103
621
111
705
959
360
811
834
658
785
112
557
513
777
863
363
422
976
991
653
373
165
256
352
660
672
584
467
866
467
841
321
441
304
27
400
16
190
586
674
327
698
231
841
827
446
556
601
422
899
607
147
416
863
499
76
887
84
895
106
903
736
427
344
40
806
744
408
348
330
82
676
381
666
869
560
112
777
514
887
29
121
34
445
336
886
522
223
322
417
681
225
506
109
570
898
267
666
307
616
997
389
644
730
407
513
290
872
642
804
759
671
277
145
117
613
31
991
189
353
760
222
931
266
683
501
517
951
167
824
567
516
565
563
598
973
428
889
845
70
45
956
94
323
101
211
288
485
554
829
190
314
52
121
933
735
974
450
686
494
626
605
10
191
520
609
516
948
850
713
19
247
669
113
922
123
676
211
960
582
392
150
896
444
272
181
532
598
983
218
92
609
176
455
801
696
416
317
645
266
31
16
865
52
481
788
527
509
351
487
91
743
638
339
540
262
873
72
860
856
642
305
466
170
760
619
867
176
288
864
794
671
232
659
724
65
799
251
574
150
739
17
246
729
356
786
343
581
210
203
438
852
860
256
375
620
875
594
148
163
458
942
835
42
954
911
107
105
162
33
608
253
402
854
334
110
992
677
692
554
233
130
406
93
386
133
714
613
727
214
776
537
157
611
579
463
874
38
568
37
423
176
642
825
382
329
936
374
6
628
928
591
110
687
685
496
172
751
109
900
965
237
437
474
201
17
289
75
407
858
464
831
386
459
656
121
788
592
847
146
572
128
738
682
815
775
530
987
526
991
239
491
229
677
318
782
694
607
857
453
817
322
284
204
781
941
677
921
885
524
67
458
652
157
492
819
932
23
159
458
366
398
302
595
75
972
377
121
579
587
575
397
909
211
953
42
152
630
315
390
154
734
200
807
892
692
978
824
67
137
635
434
536
289
381
963
261
111
85
840
698
12
589
959
223
542
353
728
524
668
118
679
402
670
838
294
714
168
471
134
306
458
568
842
747
301
157
8
412
242
200
110
606
790
421
830
332
774
910
209
442
380
888
197
50
78
843
116
246
314
250
904
772
818
98
871
472
256
879
884
850
80
347
457
870
768
639
554
543
549
763
337
929
3
534
331
433
730
447
32
44
698
936
169
868
35
40
340
291
272
577
493
352
924
950
574
692
941
128
587
490
244
277
771
247
163
102
33
893
902
65
290
600
1
811
820
388
851
513
31
475
90
525
827
14
827
753
58
769
234
998
611
478
275
383
77
790
837
110
36
91
527
326
691
881
137
864
269
340
377
653
816
467
530
995
833
357
101
891
478
335
241
442
165
868
177
242
659
14
705
47
106
584
373
149
465
862
365
87
554
742
92
722
561
622
718
394
331
819
638
162
506
879
604
671
100
781
265
111
147
322
158
605
907
531
107
724
745
472
163
299
567
255
374
128
229
92
875
561
263
513
75
121
744
679
792
844
812
409
955
959
732
113
565
991
996
672
715
93
496
879
393
63
486
767
192
716
211
67
277
826
932
352
299
28
383
91
873
195
500
180
506
584
646
423
575
994
447
291
88
944
522
833
7
8
952
551
724
515
970
353
341
254
57
640
283
440
83
508
987
935
688
494
872
686
917
447
681
365
90
769
661
612
602
20
973
906
572
697
421
894
51
762
149
460
754
784
253
189
292
240
476
332
86
348
19
356
796
52
73
886
821
734
851
775
754
824
681
678
873
102
573
276
216
74
737
322
858
990
511
150
582
987
834
669
688
853
25
484
905
98
722
78
184
925
205
938
749
886
969
623
340
894
899
908
320
988
230
178
978
93
680
913
433
514
582
121
720
959
957
977
57
31
56
593
957
261
883
706
500
852
681
192
746
933
101
66
273
331
596
252
777
628
517
210
495
99
683
215
58
640
192
467
671
248
60
980
862
943
39
714
148
720
906
894
5
7
313
279
691
261
883
468
890
400
30
385
851
65
952
909
57
144
728
80
745
140
61
959
83
100
673
231
172
579
478
178
939
143
457
630
404
692
450
646
92
832
383
295
897
335
204
306
832
284
386
929
424
447
888
507
899
561
91
72
492
921
250
431
416
59
61
172
103
863
819
547
695
554
842
944
890
398
250
74
682
637
3
106
436
891
965
336
804
408
408
296
329
10
728
745
421
141
270
876
5
89
423
52
643
265
349
885
663
599
959
345
588
962
803
25
205
768
713
9
529
473
658
858
835
386
956
608
879
226
484
236
667
907
641
662
524
990
900
539
589
859
236
530
174
39
907
731
159
620
741
688
445
399
899
280
137
207
888
368
785
724
605
452
983
598
466
507
588
718
46
529
930
282
59
104
673
966
835
832
938
928
521
383
679
772
15
168
979
255
537
764
979
494
568
962
92
386
821
680
105
867
209
35
501
621
491
174
939
678
359
878
607
880
613
638
652
629
807
983
884
344
747
216
190
667
530
282
53
352
314
158
571
523
545
73
496
36
599
436
715
958
314
674
190
927
312
194
908
119
177
793
815
276
361
5
943
891
639
349
243
953
859
815
829
405
240
325
441
839
113
156
798
427
830
988
707
495
183
615
614
712
760
782
989
473
139
932
365
779
633
960
732
493
775
561
898
367
239
339
207
352
848
357
132
30
697
191
877
880
158
492
945
271
626
934
744
765
218
461
544
852
422
629
345
549
542
595
917
781
286
476
486
134
833
618
517
530
161
394
763
319
238
708
590
864
994
335
982
212
796
526
64
570
155
761
120
698
356
37
831
643
865
317
129
698
287
998
580
448
393
695
120
983
755
710
200
749
397
182
314
546
708
730
116
216
844
588
266
200
977
97
195
842
767
325
892
54
323
473
855
68
520
327
404
628
389
604
729
787
138
43
685
198
126
153
414
970
742
680
170
719
130
366
914
897
43
806
303
718
631
510
139
152
837
543
780
227
499
861
366
637
905
51
187
31
556
602
1
298
634
523
370
116
241
284
13
636
90
669
355
722
531
494
226
369
389
358
948
240
219
314
877
476
717
64
859
625
18
212
924
5
736
646
121
329
282
487
966
372
508
321
446
39
167
24
408
908
734
708
148
306
22
377
782
91
793
642
717
812
206
993
169
942
991
642
272
273
129
590
997
637
911
444
677
430
820
437
338
555
146
838
861
520
215
995
964
8
989
33
172
196
26
341
490
369
336
114
642
465
704
639
455
967
435
484
397
256
921
87
163
67
925
24
940
140
371
904
501
361
937
673
909
315
367
399
36
55
514
678
520
218
317
327
186
105
811
935
361
733
375
524
152
300
900
444
793
271
348
294
984
637
319
893
304
38
645
340
93
159
370
966
377
40
293
915
145
457
203
506
190
578
382
694
230
282
139
23
905
839
669
242
829
341
487
485
731
132
826
177
291
548
143
21
588
788
288
733
245
491
239
787
421
621
834
652
255
325
675
513
516
697
107
345
390
594
183
121
727
361
298
370
909
793
743
498
934
32
231
531
875
823
671
297
796
505
949
404
182
976
917
698
673
24
396
63
970
579
537
697
940
835
420
201
981
163
699
915
195
283
446
423
458
117
720
254
974
669
658
156
997
927
207
671
303
603
86
274
534
623
323
826
811
95
27
792
259
79
59
806
714
505
229
172
975
949
426
949
970
437
458
968
716
665
991
372
620
429
998
506
53
321
332
216
417
711
360
28
142
419
834
856
276
416
28
251
717
807
553
688
596
363
8
312
28
351
36
0
780
34
506
185
708
190
401
477
253
761
505
396
532
691
604
809
107
985
60
825
792
965
865
740
328
873
404
708
576
441
60
356
475
918
542
183
108
943
660
714
57
517
462
589
209
66
398
668
51
811
493
195
128
710
287
457
583
692
517
159
133
578
868
608
496
410
144
957
705
156
671
762
674
133
704
883
551
102
903
955
265
397
502
394
107
790
203
43
482
720
554
615
298
422
575
795
184
71
752
890
228
423
4
254
908
708
489
459
163
392
766
780
789
269
174
249
59
377
644
541
450
198
508
748
973
435
543
157
507
647
399
87
70
404
341
330
464
830
142
627
222
908
408
364
529
934
965
588
664
609
481
114
807
341
862
132
777
758
642
636
405
41
75
828
797
416
158
262
598
652
241
172
561
1
536
90
936
501
31
600
462
512
66
622
854
280
754
983
38
396
971
444
438
46
624
235
462
782
849
412
787
91
584
700
92
473
790
28
326
173
980
789
38
398
411
244
679
165
227
717
562
550
513
352
596
137
939
410
272
789
822
59
880
406
759
972
879
901
353
206
427
685
347
465
84
758
709
763
275
288
832
837
838
698
541
786
835
481
196
459
622
18
870
502
776
981
826
656
235
531
214
662
217
913
479
653
671
188
768
946
828
600
136
18
298
677
804
486
510
0
945
484
370
168
338
146
149
165
154
736
48
720
398
617
633
877
270
304
417
38
603
597
991
739
615
289
768
419
127
631
771
73
115
141
593
454
640
94
971
794
831
19
515
229
637
148
459
259
453
876
298
56
474
641
147
441
930
915
213
58
898
336
483
14
478
428
820
118
522
791
264
353
162
779
935
151
928
394
411
733
622
61
141
448
702
640
890
984
555
455
394
806
791
229
820
621
657
992
91
180
783
356
885
297
135
820
449
415
566
212
500
189
625
993
637
327
633
879
663
541
686
58
347
478
287
167
451
945
159
543
477
294
899
362
943
386
183
392
154
749
956
654
290
581
648
280
260
281
511
276
822
198
334
521
28
973
688
479
270
199
374
99
845
625
462
789
12
997
533
518
98
490
524
389
423
172
21
36
806
532
312
980
82
998
502
110
971
542
942
594
94
316
693
939
942
155
80
306
504
614
824
603
456
700
344
231
873
365
267
31
249
579
363
332
929
217
442
253
112
384
847
206
53
892
497
347
400
578
653
904
544
829
859
352
529
203
583
754
920
203
137
170
134
501
502
64
718
296
317
830
33
516
388
86
408
886
433
808
816
438
713
712
267
572
64
796
128
999
903
48
202
40
218
689
893
72
753
964
369
422
146
402
938
535
488
346
773
273
155
941
711
220
653
978
144
69
126
272
420
381
673
975
422
891
664
667
964
769
631
333
191
778
87
481
313
575
827
438
200
334
379
911
906
384
241
51
805
719
323
225
101
996
200
875
240
216
542
556
985
526
241
528
304
328
9
969
255
189
407
455
523
138
366
430
522
959
833
327
30
156
904
131
505
457
358
97
673
253
653
11
779
894
539
83
574
549
404
829
738
163
284
613
301
2
395
175
313
228
854
343
737
758
827
594
215
537
691
889
790
696
900
921
942
791
356
516
692
760
697
430
923
981
396
576
335
791
751
0
372
957
343
109
716
522
55
283
60
746
172
202
794
424
124
736
568
480
604
260
593
301
43
868
634
439
445
321
582
548
321
954
506
664
415
574
187
470
857
247
568
382
449
362
158
925
450
726
758
54
987
351
707
30
571
341
469
16
662
403
917
983
358
775
0
125
701
539
596
558
138
516
292
939
879
451
865
329
177
623
736
164
326
443
546
897
137
367
266
151
771
535
487
481
310
487
606
363
378
554
921
516
71
566
455
302
17
672
631
194
647
719
711
973
515
257
223
652
977
489
155
748
24
642
581
686
481
187
49
859
94
322
727
165
888
535
819
257
207
450
452
855
522
515
180
37
124
403
41
101
892
196
201
268
839
782
306
320
322
355
532
416
30
259
933
270
794
752
528
354
554
332
209
76
199
741
465
323
145
506
777
37
703
978
658
894
761
964
566
435
672
450
851
702
710
136
324
856
240
204
210
794
888
771
223
87
513
688
763
658
547
540
47
250
518
705
496
631
670
62
66
694
513
269
748
575
757
72
783
997
629
346
792
517
117
367
605
982
55
368
992
602
260
392
204
130
97
700
762
119
115
180
165
980
802
913
555
559
986
338
909
615
684
53
484
154
420
441
488
475
809
481
430
421
873
634
552
322
687
666
794
802
198
959
782
0
873
689
912
211
27
173
178
64
226
662
570
646
104
58
121
265
539
903
687
764
538
591
87
225
257
881
379
455
192
161
808
65
850
72
276
229
245
454
293
471
469
215
117
573
274
590
190
813
494
877
578
384
468
17
609
77
250
340
533
442
501
341
508
703
413
136
932
658
943
578
481
412
793
950
985
419
540
527
585
386
757
515
770
577
532
731
655
782
71
188
576
572
881
84
627
646
573
912
656
516
490
137
928
635
87
265
55
979
792
640
366
549
507
136
127
39
868
134
173
939
322
749
864
555
186
491
201
759
755
209
275
245
346
203
233
785
820
640
764
612
632
482
514
139
619
993
530
839
127
703
778
801
452
994
356
638
838
909
397
593
118
672
191
816
227
776
953
47
416
69
12
400
552
526
539
171
519
69
10
998
772
140
799
576
487
507
567
325
416
964
270
886
989
461
54
568
237
7
616
5
428
628
405
980
506
944
151
377
365
513
375
489
6
174
418
493
33
985
170
801
949
440
687
290
902
93
859
491
452
827
497
880
455
902
861
313
199
364
690
564
230
65
406
236
591
824
81
624
809
251
425
110
691
464
401
945
909
260
437
361
87
286
241
894
188
454
559
387
171
601
304
401
18
62
989
609
238
70
585
47
321
362
509
364
826
910
662
735
522
451
448
961
737
41
207
925
496
766
665
19
719
321
420
737
735
409
346
973
831
283
20
504
645
529
868
823
792
882
910
666
333
358
628
70
400
187
348
248
306
13
619
25
686
39
763
421
800
461
394
631
745
766
487
742
647
707
566
439
590
476
106
923
187
86
994
939
273
342
539
931
707
158
957
745
549
720
166
701
533
912
684
278
678
171
373
325
878
939
117
468
767
575
744
306
661
90
245
286
784
784
218
491
294
175
236
195
247
754
896
132
666
580
411
696
751
136
21
982
75
490
802
194
65
546
501
726
636
98
365
420
235
935
263
529
462
851
725
709
957
621
841
623
554
604
319
657
92
693
639
519
183
442
714
601
988
567
327
977
665
44
749
900
979
365
782
441
216
859
502
526
832
696
149
386
652
821
44
745
866
35
264
401
477
330
2
818
897
682
795
915
726
544
815
58
261
949
499
478
160
354
4
993
50
505
731
702
678
127
799
896
163
64
298
640
394
300
458
292
982
605
207
61
502
374
119
763
676
970
593
836
324
949
181
726
807
913
781
485
40
580
734
203
996
32
844
391
684
654
35
19
260
594
80
114
320
551
877
996
873
471
185
550
772
366
276
579
279
409
417
320
990
151
875
338
535
71
729
219
726
116
238
338
710
670
804
31
221
681
379
447
504
916
997
277
283
625
208
562
35
625
234
377
128
462
715
663
533
797
883
611
913
473
301
624
144
105
7
717
139
738
164
643
655
161
272
938
139
833
852
174
458
439
903
939
901
618
602
786
415
837
398
329
663
51
305
807
157
664
876
296
402
393
291
57
554
916
347
45
749
552
219
559
991
122
498
244
93
453
30
508
642
780
189
305
832
846
464
989
510
693
637
913
86
280
322
992
196
22
38
297
574
257
857
917
732
707
161
825
160
191
685
155
324
875
460
156
721
277
497
584
970
134
849
56
414
523
48
963
545
438
260
471
48
117
388
780
177
549
605
337
93
642
844
417
517
305
925
591
934
422
527
904
908
376
312
674
899
712
637
797
151
250
268
199
719
657
331
896
206
288
586
651
930
430
420
800
87
345
743
21
767
270
277
27
646
941
702
897
654
691
694
157
941
963
708
661
620
39
909
178
327
495
830
609
278
602
409
365
948
152
739
67
422
16
95
420
310
149
318
964
840
12
473
134
975
181
147
947
572
56
126
251
552
308
860
830
910
270
547
210
422
286
278
197
655
725
617
965
874
935
281
66
300
754
200
275
287
347
575
211
756
53
462
660
361
322
842
623
592
389
834
367
28
464
564
683
189
181
648
415
469
281
481
769
387
682
396
674
381
971
885
137
24
347
797
737
21
639
713
614
381
547
333
409
363
897
92
552
430
92
319
251
725
800
20
112
834
417
138
568
740
23
705
117
722
855
854
95
846
567
61
227
466
394
988
829
643
432
733
74
876
52
325
601
205
698
713
39
467
851
607
559
226
665
676
300
872
883
396
70
802
457
650
269
852
638
450
495
71
536
921
947
940
599
549
145
649
614
185
116
466
144
27
692
161
704
993
33
587
741
104
389
198
754
10
402
744
813
250
815
349
523
115
289
122
16
435
123
630
972
591
96
468
619
141
630
323
486
663
262
227
119
3
777
873
366
180
618
179
782
785
880
305
900
521
780
916
308
903
547
280
495
995
749
466
488
379
789
326
394
403
553
514
406
683
739
772
215
357
303
997
143
183
654
395
705
434
664
13
690
563
646
537
558
747
3
399
478
144
725
872
547
631
386
305
314
126
78
881
835
733
230
330
917
884
726
974
671
742
339
361
305
985
898
215
84
253
614
562
397
692
435
944
323
173
249
989
299
679
870
487
413
100
817
682
336
895
8
7
637
347
368
294
685
618
510
769
871
476
332
268
168
767
564
491
940
814
832
592
845
702
431
610
154
248
292
491
496
300
498
485
648
219
780
685
837
642
454
709
118
786
329
287
905
894
130
846
60
315
790
905
17
221
516
524
821
808
15
317
461
513
155
461
732
935
146
922
577
600
631
47
739
312
334
644
206
817
842
266
132
984
172
501
205
688
25
379
848
392
48
661
258
203
122
342
490
620
264
67
573
247
115
312
560
801
308
766
970
151
33
454
135
557
308
693
597
333
72
797
78
120
459
336
676
933
678
166
554
943
586
127
190
53
791
750
206
99
869
529
250
254
983
738
811
643
431
408
329
855
205
407
327
16
743
355
950
421
522
504
716
460
983
259
513
774
361
71
225
230
600
828
484
936
566
647
579
349
407
908
556
613
315
883
981
410
591
931
184
113
787
900
925
770
159
438
896
521
861
122
103
462
950
940
398
868
587
329
569
995
238
125
960
905
360
941
316
951
225
500
416
12
752
341
783
912
131
31
785
993
153
888
807
455
180
205
323
768
886
244
115
124
369
75
382
730
368
50
33
593
902
450
958
654
143
93
918
275
124
55
620
630
296
427
85
476
984
761
244
870
5
711
347
727
138
81
809
507
131
842
452
33
644
762
39
140
855
310
767
980
365
387
610
661
166
47
138
502
160
734
724
166
446
71
893
936
504
54
443
635
896
248
20
893
10
412
33
866
722
800
198
87
539
160
101
705
559
591
207
720
677
931
238
475
355
483
412
859
537
855
847
433
455
219
678
466
631
711
684
353
511
234
793
402
394
246
107
953
837
314
673
514
598
263
990
305
746
402
164
283
609
363
717
417
583
747
235
566
459
271
272
322
505
417
725
251
663
832
204
500
499
230
366
449
493
708
754
240
462
270
523
424
634
592
841
569
692
428
487
151
699
759
825
204
176
550
455
839
735
11
691
586
593
58
387
87
118
141
679
581
763
554
5
397
499
846
318
191
274
806
694
325
565
519
529
94
422
336
285
509
347
977
95
941
387
482
380
505
975
411
86
738
317
443
488
168
289
806
711
915
964
405
240
882
277
121
976
699
457
261
208
157
590
655
450
329
137
182
187
464
945
273
554
262
717
42
431
358
201
142
626
165
900
218
47
177
340
375
876
149
637
436
658
579
91
108
909
580
642
96
44
587
721
598
850
790
993
633
501
194
127
127
359
379
697
759
556
37
134
784
539
123
220
197
55
663
658
964
243
300
412
639
240
485
238
442
628
231
75
129
777
554
608
488
286
305
247
842
695
734
979
586
209
551
783
264
215
793
580
458
446
344
98
686
830
688
128
458
271
555
939
48
461
547
888
747
852
136
942
899
222
921
485
431
472
621
696
687
766
276
146
212
973
596
898
803
284
378
613
907
285
552
955
747
99
843
846
303
331
788
555
905
709
40
337
534
13
385
221
780
13
719
992
986
667
243
789
951
621
402
210
259
306
165
6
405
361
852
61
44
641
616
950
702
8
287
236
22
24
810
802
37
881
794
24
549
389
165
852
11
920
63
270
226
580
628
984
941
832
45
338
473
13
288
528
21
927
116
43
951
926
197
988
808
344
12
357
733
530
561
96
450
624
366
676
205
346
12
498
179
57
836
4
422
124
884
796
403
1
191
354
927
389
343
87
733
707
796
466
237
358
563
687
982
281
716
539
980
728
38
159
138
226
515
560
703
400
708
106
401
900
461
680
289
156
768
374
215
564
840
453
274
755
492
257
37
560
148
17
289
186
528
427
765
43
339
468
443
48
574
196
300
387
877
589
895
997
963
111
561
155
916
836
911
408
445
300
969
593
317
610
132
197
389
249
592
80
717
388
480
643
584
780
383
813
369
278
810
684
741
724
840
657
912
103
418
357
403
739
302
72
349
786
269
90
35
213
170
104
601
651
100
186
783
483
351
505
113
162
189
855
886
381
512
798
836
282
507
239
21
161
663
722
948
284
812
335
498
335
792
99
338
244
637
121
727
989
626
192
151
168
47
389
901
912
539
738
194
46
977
568
207
641
290
507
925
455
195
775
790
339
875
128
583
512
249
662
853
228
854
356
396
254
745
297
518
284
35
64
330
365
632
890
358
923
749
635
378
296
411
520
635
286
648
218
150
249
232
356
477
87
712
225
341
458
523
211
94
910
275
777
275
908
19
633
183
768
621
913
65
32
433
52
670
433
623
172
682
855
528
512
942
241
737
635
51
260
846
497
523
122
274
798
382
293
784
917
414
405
830
479
789
615
531
459
48
506
983
82
362
512
594
304
105
332
292
508
944
490
5
467
612
632
618
346
925
754
263
339
511
93
170
300
60
54
111
108
560
94
191
922
958
785
579
415
469
871
923
414
361
281
881
326
913
499
24
838
605
288
530
116
733
700
416
794
106
527
254
667
974
445
941
932
583
520
348
52
743
623
818
457
904
52
135
817
903
159
8
509
799
890
625
533
942
42
679
49
921
933
716
247
731
657
180
666
530
880
70
273
855
889
82
760
941
217
929
844
729
289
353
528
179
331
61
122
373
92
171
646
26
239
894
109
248
426
775
778
658
845
404
513
86
486
273
379
704
555
576
433
844
929
313
376
260
375
850
985
467
373
984
845
612
878
954
860
656
729
639
314
927
395
827
365
881
453
745
937
360
321
722
556
602
36
932
215
763
134
552
582
507
536
428
119
766
734
332
422
816
323
88
743
718
268
460
599
73
557
537
433
878
611
989
833
647
274
400
410
760
952
345
268
841
773
387
607
507
71
382
675
394
822
770
112
90
231
712
163
788
601
596
19
212
938
852
212
564
604
974
324
556
319
592
749
92
332
357
952
755
91
627
150
913
398
262
356
629
326
519
769
927
468
788
492
758
992
704
322
596
678
998
505
998
943
254
442
627
963
394
382
406
374
532
320
772
795
676
753
473
547
874
401
15
663
893
125
7
949
447
604
627
798
461
977
741
715
420
368
31
814
102
437
540
635
757
312
782
785
417
255
685
292
8
700
307
253
826
314
202
625
270
182
775
731
159
516
799
579
236
830
746
339
619
286
326
377
951
460
514
720
715
199
364
76
252
671
329
430
338
884
407
608
66
183
692
225
699
491
157
288
673
255
979
292
893
305
21
196
117
888
917
184
87
633
260
691
305
942
121
643
826
529
603
892
64
295
469
763
786
978
403
811
233
382
104
127
39
477
675
156
365
944
693
805
578
953
496
883
895
970
878
721
851
481
965
915
777
435
30
915
413
434
727
999
168
183
478
208
660
153
716
378
98
761
183
676
715
679
911
962
1
789
36
852
270
1
767
399
788
798
315
554
232
394
553
400
929
31
960
941
184
29
319
634
790
502
310
857
534
221
820
887
10
208
740
633
209
507
32
350
305
347
904
889
93
809
642
22
840
954
964
376
983
283
11
126
138
321
335
24
895
507
911
905
715
651
890
277
159
923
627
816
622
531
706
716
340
700
738
532
654
702
908
990
338
271
468
476
945
803
500
840
311
763
97
26
415
988
303
926
263
930
742
885
813
800
601
505
500
692
389
507
394
650
497
732
921
965
560
866
120
412
58
431
176
156
458
591
496
113
517
759
44
611
644
209
764
598
67
616
290
456
123
36
106
972
121
28
289
681
246
410
94
305
841
270
813
651
213
309
765
82
68
161
45
64
722
809
662
789
778
304
598
253
341
704
226
462
84
867
495
331
629
941
988
823
211
801
474
776
110
591
858
530
104
904
594
179
65
609
968
843
913
566
97
606
623
675
420
707
894
916
390
524
857
730
347
421
531
173
197
993
765
56
523
221
312
470
400
377
79
721
573
992
639
22
951
262
697
371
322
943
639
64
467
497
795
166
270
678
340
467
24
457
875
547
678
539
17
431
269
448
152
842
793
791
864
744
406
913
467
728
856
107
144
324
956
291
490
226
970
182
45
994
639
273
893
670
812
263
101
81
711
605
275
856
748
139
600
154
52
68
234
909
175
379
585
483
22
427
709
992
610
106
338
249
379
584
919
544
199
372
625
262
977
901
119
726
392
71
232
445
139
819
706
666
198
643
501
220
70
210
565
680
317
255
282
48
191
553
592
390
278
570
653
255
823
124
333
215
195
918
12
687
737
70
353
287
713
855
859
136
417
776
168
86
384
450
487
575
356
79
966
634
1
971
241
176
95
927
744
290
845
756
329
934
179
683
221
892
890
432
380
659
209
549
98
593
351
585
520
707
16
486
693
370
809
935
546
256
214
290
547
59
399
228
345
578
263
918
822
153
350
203
165
911
752
263
856
455
200
377
163
568
215
856
938
25
143
485
281
357
775
180
768
174
409
465
104
24
383
927
178
86
130
695
349
234
310
206
689
862
935
204
430
150
413
369
527
908
206
161
618
981
693
386
508
454
852
612
479
587
891
9
673
21
56
23
607
366
581
649
228
516
205
10
18
970
379
898
879
585
59
497
919
104
235
779
559
439
743
390
27
635
751
52
8
807
427
616
525
8
617
105
876
822
115
895
145
495
145
24
432
204
873
703
660
108
482
571
548
226
961
927
213
64
979
221
871
407
189
396
767
806
501
644
981
617
891
126
464
36
502
248
592
375
952
252
835
786
176
383
364
137
310
577
202
642
151
425
49
340
822
816
147
675
812
480
644
703
606
108
91
460
709
683
835
13
288
22
799
464
406
516
953
68
445
507
62
596
285
111
937
459
280
436
134
92
916
779
148
874
239
239
334
948
275
521
313
915
543
465
379
301
981
684
722
426
544
784
375
829
248
312
288
880
100
422
972
368
553
120
242
793
712
928
93
987
801
407
902
696
224
633
350
205
669
72
983
213
208
710
394
808
22
682
688
474
457
13
842
362
133
436
507
197
364
601
184
517
360
438
214
584
423
564
141
93
988
476
306
548
187
53
357
561
735
45
36
544
58
230
907
544
667
414
741
31
367
278
901
79
716
115
15
140
679
156
585
19
985
243
567
172
296
924
85
32
322
121
928
732
352
835
628
371
250
722
402
969
0
655
49
68
770
64
560
801
573
145
820
558
389
388
82
685
664
167
69
338
641
998
423
345
185
51
716
787
125
470
757
125
126
806
546
248
222
458
50
795
956
870
705
345
610
139
382
627
307
804
965
300
154
740
645
339
792
713
127
917
183
236
395
661
42
293
910
616
751
960
764
707
182
469
404
145
609
139
772
268
295
89
568
449
830
565
140
974
278
267
243
813
503
990
827
897
283
89
514
387
401
630
446
583
99
851
80
60
342
852
680
637
294
600
86
476
165
226
450
795
846
45
961
701
36
140
599
671
229
465
58
630
95
857
213
546
708
646
959
402
850
639
39
144
240
477
620
757
55
422
905
253
468
866
955
856
358
906
527
587
371
938
217
818
795
782
716
855
428
675
257
279
667
648
775
907
477
748
16
532
170
273
786
990
139
93
846
849
999
726
436
722
664
653
892
811
788
608
666
216
284
923
847
951
923
623
210
400
723
578
284
245
852
70
236
343
515
434
193
866
160
629
588
176
635
480
987
423
89
653
991
725
928
839
676
851
814
238
603
537
816
888
782
668
310
370
12
826
805
205
692
317
186
633
494
821
465
481
596
906
487
588
631
767
779
659
971
945
897
574
482
714
814
616
734
125
339
98
303
144
655
347
813
842
980
307
15
798
141
612
704
980
552
336
747
331
995
70
276
245
645
110
959
459
78
45
936
417
144
239
913
799
587
727
993
919
386
9
717
527
973
422
859
525
110
607
208
105
677
836
702
674
298
13
486
376
59
774
146
203
14
59
354
953
138
348
872
525
357
942
52
682
716
912
207
826
871
767
283
900
955
986
927
253
999
413
981
58
187
479
613
553
539
320
858
677
668
731
202
377
25
607
59
741
871
618
919
742
385
202
994
692
540
921
945
540
686
278
950
226
758
916
779
649
236
638
326
256
721
881
633
98
840
44
191
711
14
110
805
399
664
799
91
205
73
388
745
759
666
47
985
776
963
117
425
551
107
104
807
828
337
792
278
177
188
469
240
202
579
45
953
243
196
396
448
269
784
545
381
803
945
366
931
908
835
357
812
942
813
971
122
150
116
400
327
304
869
919
507
800
964
812
44
512
209
844
782
345
742
163
500
687
881
432
947
69
789
759
11
954
83
486
104
199
886
783
503
108
702
362
908
18
175
304
530
384
501
664
729
243
179
582
282
413
14
229
482
155
341
493
109
424
331
213
623
218
348
478
678
50
193
586
68
368
243
950
104
744
615
185
339
794
767
621
207
781
202
689
936
543
535
397
319
866
610
294
436
310
773
114
360
966
53
780
686
648
731
790
744
698
975
83
492
743
56
52
524
258
741
813
802
628
210
121
847
173
416
635
483
541
102
196
859
507
976
545
155
59
335
899
757
662
334
602
405
390
654
282
648
747
447
802
728
9
276
575
182
44
562
18
585
664
214
796
171
542
341
326
602
28
577
711
690
911
313
448
301
319
82
950
67
529
752
795
538
380
722
73
424
284
443
9
949
657
805
472
551
498
799
505
526
376
217
569
640
882
17
941
202
451
243
621
980
348
416
870
728
490
295
153
774
738
514
75
747
672
548
651
170
347
156
49
75
725
618
715
608
987
9
162
438
252
783
770
600
551
992
329
41
288
482
167
378
996
243
478
668
791
129
191
490
285
240
917
11
210
985
971
197
994
485
987
246
620
757
847
171
749
176
564
389
10
731
120
358
326
598
27
117
727
570
959
364
810
877
727
20
862
50
569
856
535
556
454
155
665
653
678
766
181
594
156
191
678
276
550
4
874
929
474
953
499
433
669
661
662
397
33
524
447
954
732
335
510
539
842
527
192
873
293
374
467
449
565
497
77
467
502
303
748
976
256
599
761
926
260
424
675
645
300
474
599
33
809
461
924
4
988
116
877
634
490
696
83
408
194
513
227
48
816
976
376
73
927
137
351
188
913
26
185
214
852
785
599
662
598
523
666
939
639
895
573
482
591
8
242
137
521
469
185
338
797
913
763
725
51
114
265
316
492
450
530
344
587
129
358
538
4
376
477
996
271
50
830
215
58
72
352
932
893
890
270
691
803
33
768
206
499
33
523
991
835
405
687
775
887
46
313
891
422
142
239
46
544
69
261
954
141
965
886
35
855
156
78
11
189
198
217
40
231
92
383
418
498
71
193
737
469
858
628
243
0
868
289
544
289
902
499
431
868
737
818
75
894
248
86
435
446
656
476
29
748
859
447
598
282
993
687
751
851
316
347
204
536
636
100
825
891
951
608
759
689
778
834
935
26
921
370
824
929
198
853
29
58
301
980
340
646
667
444
849
335
791
53
223
779
506
401
670
809
9
429
498
140
616
785
166
889
156
343
818
354
196
847
764
849
179
105
495
847
901
345
182
692
750
758
471
608
159
142
418
520
923
268
660
891
54
179
780
210
522
950
916
718
798
681
920
977
138
415
176
39
112
711
83
863
469
554
471
628
48
241
148
972
510
161
863
564
340
996
126
862
946
42
932
96
75
852
426
213
620
602
604
732
313
687
947
134
594
771
762
642
12
263
966
874
424
182
438
764
178
564
978
476
959
262
573
34
467
999
600
87
953
556
171
619
244
119
753
190
242
516
832
254
131
799
129
555
333
919
671
511
836
1
987
795
263
912
181
730
911
133
169
217
690
341
836
286
460
589
476
702
457
660
308
588
811
789
495
144
709
166
7
545
519
347
692
783
259
225
865
523
359
35
740
401
728
576
39
188
165
867
242
623
879
902
563
691
692
59
835
753
577
195
650
97
542
342
880
801
919
97
676
630
484
416
31
212
344
422
752
510
641
346
485
521
249
48
212
293
107
399
398
685
594
48
782
136
742
14
290
661
463
966
292
948
735
675
512
79
450
265
589
91
611
426
612
212
475
176
857
934
576
607
971
522
655
105
11
749
471
301
763
935
619
55
235
354
82
747
786
532
364
727
624
328
154
588
892
981
765
750
267
693
357
239
567
365
344
578
114
168
231
229
103
851
636
690
557
719
437
343
603
802
423
579
482
577
168
374
910
285
124
177
330
834
768
897
551
113
828
17
633
59
247
736
262
883
426
172
602
215
867
206
369
290
785
851
219
305
226
129
942
702
307
272
536
75
170
87
540
998
457
173
409
704
261
672
587
39
844
542
607
711
100
976
2
237
180
221
543
406
703
485
108
362
110
997
789
632
436
330
982
893
855
391
597
469
63
537
860
259
79
467
323
531
796
677
768
976
250
311
382
953
149
842
315
259
191
105
243
628
787
225
873
994
616
823
815
32
360
676
643
791
495
966
322
291
643
90
267
894
754
1
847
255
844
515
866
35
620
109
15
759
334
889
753
302
712
921
686
424
597
330
215
92
296
889
384
292
331
3
186
85
5
385
692
201
252
558
588
872
19
604
983
705
845
89
8
909
10
694
333
607
376
900
51
673
789
787
317
120
791
503
558
796
240
602
997
493
161
585
717
532
541
701
238
738
142
598
647
152
644
332
111
21
584
162
46
725
302
363
198
93
218
756
241
458
358
590
303
871
527
21
756
69
74
994
159
216
944
159
720
588
491
831
961
428
345
7
153
647
722
351
92
940
459
333
751
818
923
54
41
451
427
797
872
501
143
31
69
87
190
789
28
34
620
989
462
966
349
615
965
71
967
58
364
426
391
115
596
667
521
990
118
949
787
342
450
283
373
872
722
564
661
750
950
282
92
412
600
793
27
917
216
346
975
580
773
719
47
721
738
569
711
208
870
851
550
672
134
923
544
208
839
206
959
789
840
403
201
792
548
581
709
764
927
37
697
52
108
744
774
846
665
837
54
535
688
604
208
174
879
752
383
719
310
694
860
150
97
414
294
997
995
356
761
922
393
810
327
853
907
453
51
572
290
457
460
979
413
668
505
292
772
888
363
83
582
576
585
31
990
880
28
337
588
142
259
333
952
938
186
859
391
589
784
682
46
244
13
811
264
518
455
36
759
171
471
693
747
409
77
89
641
457
426
229
599
37
562
904
976
100
115
367
689
251
401
87
495
766
898
111
637
353
500
748
524
323
441
271
732
518
360
373
976
786
954
927
176
516
831
152
968
299
871
657
550
625
744
398
391
642
861
380
996
361
128
872
685
570
496
769
88
856
495
416
995
449
344
523
318
527
675
286
826
546
944
729
523
40
479
915
683
340
647
31
54
776
903
91
698
399
860
138
608
355
555
955
805
899
478
475
426
505
761
605
403
57
686
927
98
517
194
133
209
841
164
263
617
419
354
315
171
567
454
131
922
361
438
79
260
268
906
38
125
668
995
528
725
33
807
175
550
1
308
760
843
824
23
812
596
730
480
767
649
286
250
923
647
40
355
259
660
261
297
785
929
645
313
7
678
121
182
229
474
843
989
317
667
364
482
263
446
962
382
95
248
984
371
247
24
726
506
684
987
803
469
269
800
135
628
479
608
162
708
82
5
49
752
25
765
586
640
212
900
23
659
148
359
30
747
736
108
253
420
96
408
242
717
209
729
345
688
689
507
748
123
865
797
227
890
562
813
530
126
713
905
786
213
617
168
960
353
277
213
125
725
622
367
794
831
448
491
871
137
998
619
261
215
768
488
457
330
654
340
457
367
597
595
933
214
763
893
567
392
459
693
469
433
412
263
616
213
754
487
350
105
458
963
672
226
804
130
556
458
470
365
177
67
960
462
634
76
356
201
820
167
246
642
600
11
905
216
224
12
55
574
469
513
890
493
739
46
623
647
856
445
13
385
865
325
848
499
401
204
52
574
723
651
216
675
662
473
891
886
837
298
812
306
811
54
152
902
100
775
549
956
573
562
342
790
888
190
641
641
746
45
215
821
696
431
496
358
257
739
596
94
37
409
401
200
463
553
102
916
680
651
872
605
566
566
747
454
756
388
447
854
434
663
675
130
446
171
841
703
910
437
798
299
198
551
499
14
456
601
930
488
605
802
446
171
721
193
625
829
582
72
684
368
87
711
850
886
883
691
589
145
481
739
445
31
642
296
45
98
898
975
939
503
130
385
674
851
578
651
680
512
75
716
880
163
428
83
401
663
774
990
160
607
82
957
639
724
254
36
823
152
12
762
7
494
499
681
345
77
684
377
942
759
94
174
274
874
257
675
537
384
18
49
991
100
7
982
824
261
19
999
413
383
113
420
877
612
453
574
690
137
303
984
248
397
158
523
623
416
198
512
800
216
562
143
316
569
126
493
830
497
492
595
232
606
367
109
218
820
35
260
309
338
244
557
88
403
80
711
171
631
224
971
847
138
114
516
707
592
361
889
441
853
484
673
811
851
134
30
23
169
642
332
508
887
889
948
642
322
11
813
953
235
784
152
725
250
668
432
195
29
321
988
235
157
662
46
8
796
76
31
318
71
363
178
958
605
126
952
927
137
765
880
725
901
32
450
503
53
235
698
434
908
39
669
66
701
716
74
849
144
458
519
215
821
697
525
778
175
477
705
665
594
585
742
495
970
544
999
23
131
49
457
40
88
127
106
141
195
532
343
691
990
862
907
164
912
432
942
439
262
648
104
856
585
198
352
907
743
703
930
874
104
740
266
193
219
372
686
414
905
29
105
247
892
364
411
156
149
706
595
411
706
700
619
291
250
323
199
345
26
481
220
131
573
486
676
792
211
362
558
468
392
16
715
636
380
479
792
881
537
387
292
243
439
912
886
690
587
437
35
614
919
607
97
492
446
125
637
9
487
195
477
231
211
544
219
944
375
363
825
912
103
470
155
542
734
42
584
321
831
972
287
750
931
384
595
729
509
584
738
349
779
567
932
343
464
152
639
839
867
464
104
970
934
611
513
20
5
449
342
837
421
629
939
705
366
534
434
875
118
525
576
250
92
509
945
908
13
584
100
880
48
204
851
335
167
716
355
173
165
49
10
939
679
949
644
45
836
430
272
306
955
849
908
400
710
853
308
723
437
408
955
838
964
806
173
132
522
880
305
40
930
667
331
961
968
327
358
156
757
630
463
713
831
371
465
893
577
773
616
14
534
924
204
498
730
377
982
605
610
639
997
892
306
328
853
627
655
211
783
764
193
598
829
377
322
294
270
899
420
239
265
954
163
470
804
245
199
787
202
809
426
199
701
85
879
906
712
534
469
495
651
663
94
480
40
416
775
662
315
547
901
932
501
416
402
305
662
602
444
864
411
871
416
465
956
295
371
668
182
841
515
833
856
961
313
248
377
440
910
44
987
164
977
840
580
379
146
242
333
590
459
745
813
875
562
769
170
933
789
352
126
305
537
982
266
851
230
996
643
493
392
983
657
369
823
237
101
969
832
434
912
291
531
725
166
93
847
688
379
988
393
857
293
930
840
912
133
422
260
777
915
652
760
924
374
583
162
475
905
346
261
169
637
145
894
155
590
93
843
969
82
588
827
727
519
19
991
652
793
251
429
61
904
541
985
630
125
499
105
382
845
718
551
834
215
797
341
806
891
537
127
325
125
954
52
644
325
396
297
119
647
78
532
903
620
517
533
97
17
990
831
214
709
382
401
924
179
742
82
422
279
210
99
405
516
504
49
842
900
698
313
547
777
845
451
749
714
336
198
83
327
29
650
388
411
51
664
942
793
747
717
425
957
168
830
473
672
231
667
572
930
332
472
59
529
275
160
596
611
710
679
938
739
329
326
502
732
343
796
878
90
865
303
47
34
133
872
706
716
892
631
998
576
455
409
106
730
569
702
693
279
733
984
370
415
310
872
147
5
21
25
95
886
680
494
920
165
719
979
882
611
962
880
187
417
642
645
499
211
699
192
843
785
176
565
200
839
790
699
844
811
77
292
49
757
786
970
923
505
301
157
468
615
37
8
384
679
5
235
243
57
427
438
842
956
355
394
147
145
445
343
308
522
635
358
632
774
680
907
631
981
64
100
948
453
460
332
133
465
567
728
874
346
518
716
654
873
462
153
19
908
497
327
782
484
685
414
610
365
321
242
698
385
694
998
839
506
330
324
971
249
404
846
948
922
914
954
147
377
108
166
637
957
846
419
793
883
834
404
601
507
998
651
893
44
650
84
550
332
760
873
934
164
719
882
86
986
836
233
715
296
752
352
253
950
771
399
185
605
803
786
113
153
790
358
197
792
794
747
124
554
620
58
718
692
292
156
678
481
741
745
777
845
97
383
147
868
782
333
826
937
471
939
90
261
649
639
53
795
386
530
349
358
940
419
402
585
927
432
66
20
177
195
218
274
930
365
143
712
698
969
1
522
260
443
135
261
82
541
56
468
71
405
179
11
176
581
596
103
14
14
475
191
562
693
466
492
59
961
557
109
930
558
631
542
2
767
803
84
308
859
905
731
616
436
94
792
17
43
247
383
57
722
575
971
416
393
464
475
354
21
936
636
579
568
178
933
687
981
370
347
192
275
430
808
711
524
952
80
567
199
464
977
921
391
948
689
784
764
516
490
785
453
126
717
373
656
2
412
637
372
111
829
647
541
989
710
65
941
143
985
492
959
962
765
350
262
455
486
27
323
976
164
776
454
881
501
110
884
913
99
256
376
280
256
917
269
318
983
562
813
320
54
772
282
819
122
896
626
608
923
950
936
88
78
390
321
932
852
557
197
951
814
574
231
422
491
852
92
826
414
906
146
820
678
780
640
153
677
618
113
952
920
50
392
999
792
66
931
645
623
480
948
789
54
180
211
546
384
656
724
799
562
871
619
240
651
611
745
328
582
859
633
502
909
25
853
53
91
136
50
715
617
999
504
671
531
68
569
915
724
294
66
638
165
38
230
816
1
976
497
583
835
130
86
96
507
939
501
951
76
552
18
45
903
874
716
434
942
286
701
18
932
768
656
97
806
887
265
159
215
762
743
50
244
181
498
104
472
999
55
548
903
73
945
806
947
662
592
242
300
294
260
232
62
269
329
220
508
946
379
723
61
474
125
657
655
975
761
128
326
168
28
230
241
974
36
541
988
629
783
288
275
395
520
689
16
201
261
524
499
992
599
560
467
76
218
122
51
331
602
378
500
983
960
93
957
348
634
945
977
769
585
604
517
457
293
885
10
554
762
509
547
361
70
366
790
640
840
841
971
443
571
823
426
531
917
735
880
903
32
209
25
617
814
542
426
459
427
436
366
189
297
913
903
719
631
693
359
471
886
683
914
458
506
692
341
775
779
573
679
811
783
704
780
949
598
558
408
377
994
126
919
292
391
174
11
22
867
723
494
105
758
760
915
264
453
257
392
584
830
71
396
965
127
528
914
77
87
675
454
433
801
725
725
193
899
89
567
766
164
61
224
922
174
139
538
979
396
930
563
579
353
959
544
832
840
811
909
927
838
364
360
991
89
438
536
341
879
104
459
43
517
683
317
691
823
855
670
571
138
234
502
491
545
47
324
737
210
233
664
400
949
377
391
391
167
928
732
398
384
191
793
901
875
110
945
50
965
615
621
103
201
476
947
99
875
271
836
85
856
853
485
158
582
228
549
749
508
633
499
892
176
292
146
403
402
91
453
719
58
427
175
260
903
122
711
778
745
547
215
953
400
52
111
334
280
12
435
141
997
934
33
174
226
531
577
980
622
31
700
33
810
875
293
713
349
4
843
94
903
58
47
656
462
511
990
94
523
426
235
521
360
269
47
939
152
624
919
775
7
619
808
817
846
453
882
195
809
725
641
64
135
41
720
949
552
711
44
427
489
279
300
201
900
347
140
53
972
412
180
979
31
340
797
230
145
31
777
954
757
419
370
244
812
91
194
364
154
238
143
995
869
444
196
770
791
689
823
115
101
355
95
484
695
244
714
840
275
844
146
384
615
516
981
427
959
175
143
465
765
286
460
634
730
9
756
874
698
931
989
799
286
84
283
981
680
998
821
956
842
319
692
809
836
673
236
147
200
379
613
317
665
425
304
748
434
60
622
132
992
611
931
278
48
215
612
728
565
785
684
759
105
729
568
941
402
804
440
603
535
53
920
200
479
224
948
265
637
570
398
981
534
681
259
582
896
223
310
813
9
347
572
114
76
492
407
830
648
847
785
183
901
58
736
732
634
684
349
271
607
747
252
141
429
864
75
677
87
385
843
96
84
767
210
512
260
617
343
260
817
128
444
70
186
180
802
173
216
503
444
175
251
49
316
32
913
743
61
352
129
904
449
565
672
11
78
932
981
421
192
798
901
988
868
440
520
22
613
737
525
409
912
128
458
581
512
723
324
574
76
805
478
877
371
502
240
449
786
573
222
331
371
123
319
591
563
840
965
176
929
843
586
193
971
396
774
836
120
451
410
548
256
240
425
627
743
17
428
529
591
650
212
962
774
532
906
337
724
871
866
653
714
804
846
38
200
973
874
672
424
636
220
32
876
997
660
971
15
440
853
606
91
65
920
217
949
826
906
673
50
772
678
116
928
877
154
129
850
380
801
626
16
22
658
893
371
670
864
386
111
69
992
554
135
265
771
84
443
677
110
493
802
788
610
82
17
116
211
867
497
365
845
513
739
856
758
110
526
975
497
989
44
841
543
179
106
666
616
550
696
726
395
850
866
357
932
884
826
496
103
323
861
949
188
952
805
947
62
683
922
911
673
966
105
568
498
563
235
466
465
931
192
861
133
410
570
65
294
396
561
398
71
774
699
260
726
856
207
141
539
481
404
212
799
509
781
297
73
368
115
890
651
659
751
784
70
674
201
364
70
763
114
142
537
813
402
616
21
961
757
561
442
161
125
241
23
258
891
448
626
358
338
629
18
442
413
88
116
967
804
538
730
271
32
619
436
786
587
458
747
344
19
541
858
144
135
233
755
378
681
381
736
371
11
106
165
776
546
281
95
703
172
825
974
204
797
762
991
384
220
738
81
591
632
291
88
767
524
843
497
557
224
233
280
587
692
446
716
238
79
811
941
251
989
267
456
138
30
799
522
250
889
955
194
521
246
282
640
122
125
137
679
701
723
312
641
415
758
709
5
837
872
947
441
861
214
249
999
596
48
874
199
937
829
393
811
428
675
451
550
800
941
230
853
664
894
494
431
652
203
436
841
76
735
634
289
302
883
641
898
283
867
97
221
696
490
384
124
165
835
675
317
128
257
171
792
151
17
575
155
573
12
348
649
747
983
290
49
218
283
300
502
150
397
75
847
240
459
323
757
646
350
427
775
959
950
919
462
967
495
617
540
507
318
541
606
301
184
8
519
467
660
373
618
409
448
817
649
907
140
759
554
843
186
329
802
136
248
265
455
95
234
996
954
552
889
561
205
73
921
77
541
581
450
159
990
899
328
992
158
468
751
712
311
937
393
466
425
994
731
880
89
317
876
44
222
118
957
779
191
230
208
84
811
659
595
153
910
923
145
420
392
896
133
55
833
878
521
258
872
604
139
314
274
367
710
496
485
19
275
29
249
484
113
60
495
709
565
757
632
711
177
376
607
662
784
793
893
657
403
117
614
894
783
888
614
493
384
99
512
11
480
113
847
594
525
342
655
91
451
639
802
981
368
409
995
152
554
888
161
958
6
775
204
789
663
818
635
399
270
499
411
750
613
610
344
138
953
351
581
756
991
383
737
359
145
85
863
699
973
24
9
331
152
214
473
167
32
460
567
654
959
330
405
924
940
101
415
245
453
996
354
796
380
443
507
877
528
370
576
854
746
938
537
250
504
10
418
888
822
337
543
134
19
948
58
311
49
825
909
854
822
263
2
554
58
509
783
587
231
711
441
978
649
330
580
153
341
350
42
515
687
585
649
58
885
708
370
286
533
631
141
707
894
143
613
304
5
396
891
236
108
684
566
757
15
147
263
708
497
305
223
537
242
873
595
127
933
317
765
818
948
906
526
194
402
491
499
759
888
742
995
348
427
562
105
794
61
720
502
558
377
77
95
619
950
43
98
235
712
864
54
661
122
932
207
876
423
58
635
663
801
631
11
580
545
469
726
606
189
228
516
567
657
964
538
608
359
637
843
71
853
249
84
975
181
644
204
957
702
839
620
855
822
984
787
719
453
513
677
994
93
194
561
751
510
452
711
869
89
906
940
294
156
377
269
689
21
473
998
75
665
971
931
487
955
70
559
760
936
236
754
381
430
668
132
292
120
195
161
561
454
454
855
962
831
476
651
204
302
2
279
967
973
562
806
280
633
365
392
921
602
146
302
384
166
787
677
638
982
190
199
436
644
406
398
827
883
402
31
185
756
311
152
729
225
310
361
858
676
753
779
630
251
434
366
770
221
43
408
555
234
608
344
230
366
742
58
249
496
441
434
604
104
938
685
330
249
46
188
277
151
320
259
403
106
625
173
327
669
933
882
255
541
226
837
908
321
247
509
169
689
296
774
793
234
459
123
835
858
664
464
9
336
723
764
442
349
289
769
370
223
3
977
116
582
814
24
903
62
886
424
751
182
198
896
768
10
20
604
220
36
420
229
372
496
994
814
845
283
935
567
506
938
544
623
520
710
999
775
124
237
200
227
419
750
124
188
112
496
144
332
532
916
914
904
412
260
70
609
543
5
176
402
943
72
377
816
135
728
591
259
966
143
487
737
246
963
277
358
459
421
43
991
338
957
247
750
217
317
712
112
322
888
866
617
313
243
433
448
324
377
59
642
872
546
379
118
509
657
829
320
430
872
663
120
181
910
223
398
579
935
510
253
175
729
871
488
324
656
288
648
385
348
642
258
246
374
728
108
31
557
428
813
429
444
286
610
706
509
360
286
444
223
891
971
952
762
460
276
771
100
277
508
448
919
766
47
293
495
155
676
52
935
842
834
379
128
796
86
989
157
724
433
732
615
756
684
730
568
312
501
669
589
361
469
861
128
516
506
975
23
535
379
959
377
213
690
857
362
776
846
871
852
631
603
468
387
287
198
308
599
51
977
541
412
798
754
892
315
260
867
690
147
599
649
876
164
692
733
526
820
931
397
673
914
0
141
302
639
691
610
591
94
939
484
858
737
238
103
404
850
322
95
350
921
96
226
86
788
312
964
609
595
362
282
510
714
775
164
706
818
126
297
264
65
133
122
154
371
577
559
573
900
6
923
821
102
502
259
243
814
224
852
761
586
486
271
652
613
435
358
783
561
7
47
978
140
521
133
863
99
44
437
351
50
712
172
504
566
784
747
380
8
951
142
946
789
765
598
754
201
309
537
114
316
936
93
809
458
578
672
909
622
461
260
672
526
784
176
92
920
276
825
928
227
319
874
17
84
825
771
637
134
661
752
802
597
197
611
407
775
636
316
397
97
928
69
975
65
597
68
985
873
893
266
453
564
492
822
648
317
593
286
803
606
390
958
204
587
921
611
362
557
280
759
7
560
180
982
625
129
402
963
355
647
581
808
211
73
630
860
391
575
498
546
182
888
504
738
475
778
349
189
687
629
948
694
542
480
29
519
609
431
482
964
79
63
772
290
137
754
502
880
330
0
778
864
240
635
602
67
413
303
256
100
933
556
147
827
36
528
346
998
959
829
314
390
244
87
33
733
193
887
965
875
240
744
739
480
379
693
900
144
997
156
244
282
65
743
109
101
271
455
451
583
636
766
325
881
205
358
966
398
598
932
274
838
676
365
670
407
59
570
551
56
727
147
338
144
891
447
597
514
902
49
97
539
815
423
772
20
133
738
770
731
670
396
569
698
762
240
105
173
162
8
229
241
156
919
385
47
366
983
561
620
32
11
511
199
434
635
571
919
374
341
651
396
90
572
447
204
164
904
377
327
913
958
568
69
877
954
468
595
289
381
567
321
392
79
520
178
714
443
98
440
784
101
189
226
25
988
430
190
892
807
869
805
117
437
226
994
743
694
941
32
428
509
705
172
588
577
351
654
20
801
447
157
254
988
383
279
976
814
821
868
973
690
26
443
480
252
437
223
299
379
608
727
240
313
899
180
891
602
834
911
755
633
68
9
621
804
641
949
970
462
818
943
153
844
386
633
448
176
208
747
907
816
474
147
482
726
327
373
328
513
636
84
499
57
445
120
861
86
70
831
549
240
126
54
436
865
687
884
393
247
984
300
64
458
799
898
536
478
271
865
343
259
301
842
316
746
315
177
833
737
360
734
329
487
788
765
704
827
1
97
74
985
397
490
796
548
388
332
26
659
549
721
919
850
564
587
949
231
117
134
968
477
868
297
316
656
62
20
483
415
117
557
401
866
48
549
766
436
233
792
448
783
866
719
985
430
658
286
661
775
420
981
253
288
278
569
944
692
942
427
107
59
337
860
278
737
761
44
525
995
189
973
130
55
44
115
837
703
402
498
478
822
831
83
111
109
653
407
153
595
187
260
6
524
473
636
261
234
681
786
581
870
112
711
277
508
827
114
563
581
964
394
755
795
477
218
256
482
626
409
429
813
21
436
689
494
72
950
81
105
88
662
327
200
374
604
61
553
70
624
486
34
18
241
829
848
460
85
330
86
846
760
251
868
548
940
362
972
242
795
78
330
810
405
883
184
362
944
89
432
920
575
467
291
168
648
139
628
86
469
66
932
229
317
800
129
609
515
102
851
662
180
534
472
937
417
8
651
713
449
84
633
24
903
276
193
903
415
173
989
237
240
274
466
909
426
948
871
941
50
722
956
582
256
428
519
25
789
171
738
238
607
724
263
510
0
808
413
416
981
755
5
573
29
471
835
807
771
706
749
821
428
57
403
37
485
923
62
274
446
801
513
53
877
128
915
877
288
680
645
621
435
650
195
816
474
30
624
245
88
725
419
868
782
822
905
619
97
320
246
543
473
111
948
350
239
215
579
527
896
225
148
683
227
695
852
53
77
476
651
165
553
70
34
687
892
939
306
990
611
904
885
84
15
186
434
254
401
14
133
649
591
634
333
170
329
185
224
407
13
875
572
566
297
958
605
189
250
263
531
861
168
769
946
183
955
380
438
708
746
923
358
689
557
691
860
887
228
436
646
241
311
570
159
960
529
764
149
779
27
33
992
195
802
938
731
109
671
169
817
769
444
175
459
2
218
319
241
446
755
887
39
418
457
550
378
338
314
879
117
694
912
462
241
66
400
972
175
71
493
993
841
938
520
652
292
739
971
533
537
78
420
929
496
229
479
226
568
146
105
37
840
370
499
433
436
252
406
964
323
251
309
516
189
829
168
833
920
491
366
810
921
786
739
769
368
218
995
936
716
453
325
908
175
177
342
963
429
100
927
104
351
236
621
893
418
141
726
338
985
445
148
906
583
239
676
951
810
23
239
526
476
565
435
651
742
129
615
171
229
542
275
932
131
248
177
549
742
256
239
727
701
388
985
284
979
661
236
789
37
827
316
513
392
103
517
486
232
132
9
813
26
285
745
509
885
275
58
979
883
298
58
584
38
44
220
17
57
808
159
94
636
827
960
380
930
477
867
514
961
876
327
987
513
424
849
751
699
907
730
582
557
789
518
947
185
739
965
594
899
476
689
887
303
649
268
233
478
487
747
439
363
74
778
229
498
627
332
550
535
62
484
444
203
3
392
740
94
709
335
993
185
376
233
488
25
501
73
855
988
820
294
703
246
72
284
96
700
616
998
587
31
483
31
586
486
775
327
932
484
14
277
21
390
510
509
415
11
582
622
351
754
916
407
352
988
691
449
40
308
447
627
691
930
11
277
768
138
956
700
975
970
330
996
360
840
506
127
204
440
749
555
195
17
962
547
6
6
348
398
666
148
378
357
430
389
986
199
879
943
251
854
265
581
851
978
422
709
457
978
149
207
533
344
224
848
244
582
854
592
981
520
740
359
877
171
100
215
722
331
510
325
186
776
907
37
106
681
746
563
659
247
122
544
592
347
392
188
281
598
132
614
118
873
973
347
396
425
563
470
757
425
795
943
553
54
332
659
87
430
223
98
677
345
643
621
44
387
161
678
986
294
292
456
519
266
804
915
43
719
737
152
144
532
447
698
587
779
709
26
561
932
125
591
630
120
564
26
507
78
704
845
372
997
302
891
615
458
158
10
177
247
163
673
779
610
723
718
742
433
745
303
717
222
246
347
342
163
726
201
241
430
47
613
779
701
856
394
159
366
405
688
613
920
713
744
530
437
463
272
870
560
928
587
782
174
287
124
337
13
677
578
795
724
543
575
777
751
321
288
117
78
976
82
998
690
827
529
479
642
801
349
202
729
288
336
904
575
812
593
940
489
524
736
566
67
311
343
171
632
632
288
711
960
723
709
2
550
590
481
192
392
182
746
473
471
82
729
398
246
323
339
735
199
427
653
618
90
997
789
74
981
78
785
941
153
847
296
703
789
129
247
181
312
993
655
135
427
736
533
673
59
224
760
258
3
414
877
93
411
18
168
744
96
305
685
601
504
333
304
294
463
551
827
775
896
834
910
323
571
795
348
982
372
109
241
727
523
470
821
286
488
989
30
937
646
67
538
151
401
195
445
864
98
624
991
995
459
253
670
382
400
19
364
124
480
957
852
3
427
673
641
268
14
23
557
660
90
95
811
843
642
608
59
741
233
50
736
44
655
758
426
56
777
790
180
257
748
32
612
527
57
605
795
71
628
704
732
71
152
895
266
794
504
326
535
89
728
623
133
384
382
911
440
511
701
972
769
801
357
733
681
414
691
476
486
319
533
570
742
685
465
9
479
321
335
367
410
63
990
895
799
724
806
591
236
860
564
357
13
273
442
694
687
133
523
525
453
56
95
195
741
913
556
572
234
891
939
645
307
930
892
458
6
699
50
242
911
966
951
276
239
394
971
278
527
494
804
980
902
251
528
995
164
436
567
399
680
507
396
987
789
288
797
795
339
847
390
602
165
341
879
756
735
850
387
263
696
191
595
950
794
475
945
311
912
512
62
592
371
458
931
160
98
728
308
790
928
698
392
445
39
271
202
127
473
589
390
521
132
337
471
278
813
416
589
77
281
3
21
652
461
952
813
912
32
473
702
312
171
446
758
562
718
312
689
543
901
431
65
385
769
536
15
934
305
605
363
586
608
384
590
422
688
755
686
720
228
740
385
399
186
143
314
256
455
3
800
708
435
865
445
556
753
460
842
58
417
205
996
378
941
939
152
629
694
838
701
923
930
86
674
116
581
988
373
388
344
173
448
131
390
893
687
143
706
529
554
475
86
902
853
27
841
357
8
536
195
709
459
125
148
485
594
729
474
967
118
818
492
566
949
882
812
988
25
518
869
931
993
955
834
199
334
27
556
342
563
104
51
374
581
551
212
175
281
686
142
751
856
986
317
157
868
481
145
246
999
366
529
345
673
363
896
7
743
452
701
658
556
104
385
138
656
597
665
937
635
160
688
491
146
357
0
15
839
145
613
190
863
142
887
536
858
783
895
601
236
596
611
144
700
996
634
356
593
300
645
580
812
685
71
958
43
423
325
234
568
290
424
783
433
664
319
291
447
214
244
35
810
855
180
863
204
166
219
149
466
217
730
630
902
153
589
297
577
266
531
497
557
308
281
342
972
600
633
419
167
229
455
977
436
987
840
640
153
412
790
972
981
872
602
883
25
543
181
602
810
64
452
719
372
733
61
344
685
694
116
852
275
923
182
711
910
22
704
415
786
846
387
767
718
990
3
95
533
184
50
695
248
502
414
973
587
475
669
272
521
785
125
796
708
307
860
970
681
916
386
820
762
125
939
832
115
942
279
1
478
329
696
79
183
463
52
770
938
721
43
812
859
520
608
919
179
820
890
212
88
628
32
202
753
972
34
221
266
666
574
745
995
622
824
179
85
228
949
376
949
344
188
160
864
148
80
395
321
970
608
409
950
640
612
55
964
998
628
583
664
202
328
12
177
504
543
262
84
844
990
33
189
178
546
405
679
626
801
0
948
409
409
898
401
373
305
718
724
934
301
740
136
629
752
665
485
295
280
569
140
270
954
681
801
500
438
480
126
591
832
74
0
593
324
754
967
630
472
43
564
773
783
52
754
536
718
239
183
998
160
675
620
114
708
421
967
147
253
93
738
437
520
91
31
844
845
350
826
669
393
390
442
176
795
548
64
865
787
600
215
299
275
835
413
984
609
380
483
214
826
221
652
346
664
35
542
861
385
369
530
130
111
972
658
258
520
723
123
659
323
338
958
950
526
724
286
487
456
769
701
282
343
705
980
7
740
875
869
477
596
399
607
707
724
266
318
596
341
441
608
16
132
918
966
658
642
253
145
451
22
198
85
717
904
66
725
996
293
946
474
889
697
433
948
421
51
266
370
392
60
330
760
192
248
727
850
243
332
347
694
706
545
779
424
801
197
501
150
842
447
976
83
144
761
32
918
813
650
288
557
62
618
318
254
218
397
456
461
81
155
155
787
53
287
211
854
836
712
356
679
511
332
762
656
94
146
574
259
797
214
816
211
832
486
466
50
883
274
864
316
430
371
104
483
658
667
689
495
732
46
174
243
378
288
899
824
435
473
83
584
687
252
795
871
738
613
274
974
888
138
290
318
509
746
153
520
414
842
367
146
888
893
389
619
181
641
795
616
466
231
552
506
483
348
377
573
961
3
899
201
493
542
871
3
288
24
875
54
219
242
200
459
135
942
430
316
583
226
285
49
809
837
555
644
185
285
217
499
288
469
700
782
11
924
137
651
948
364
706
519
606
258
979
741
552
409
409
135
987
694
537
796
884
444
440
69
729
10
920
370
479
973
504
842
897
993
845
197
357
551
717
963
162
48
56
714
457
465
850
797
512
739
593
396
183
386
817
265
396
738
635
227
63
491
421
960
484
266
509
841
818
226
156
332
274
212
46
84
29
248
881
541
339
826
937
523
212
107
788
960
845
775
539
908
618
960
220
102
227
729
295
397
308
451
81
582
15
127
18
44
728
899
586
67
78
875
942
642
982
730
603
179
857
494
439
475
807
659
929
386
389
224
783
697
675
216
631
42
343
650
87
423
901
25
491
979
900
433
622
235
516
577
414
725
71
854
553
878
865
482
264
254
59
399
303
734
967
287
777
663
289
216
86
190
241
929
522
493
715
144
728
231
73
495
308
496
701
861
727
566
696
343
173
755
95
828
841
62
115
970
725
404
186
812
947
779
741
469
273
456
965
1
39
38
848
700
534
549
913
261
468
609
605
641
716
700
469
558
762
937
880
840
341
67
652
640
198
745
109
471
554
426
825
593
464
673
645
351
575
559
964
43
520
921
684
237
621
505
147
736
442
27
928
136
446
580
776
645
677
886
116
231
312
293
177
129
967
822
480
894
381
796
937
902
718
973
491
691
478
638
779
921
665
707
57
464
287
833
109
965
71
577
548
736
871
725
865
190
548
697
84
281
493
21
535
211
994
26
903
472
16
682
745
34
742
154
498
29
340
959
346
411
536
895
499
407
620
716
597
520
413
33
802
259
54
337
822
400
716
77
873
732
112
970
118
854
125
616
235
465
575
934
228
464
829
728
223
801
796
173
674
210
206
476
821
261
165
995
661
233
73
886
966
185
209
436
391
686
53
626
151
980
560
731
444
741
811
668
895
608
841
569
170
399
397
991
660
562
338
674
796
411
912
114
948
473
550
339
159
955
318
662
936
230
394
732
324
557
752
219
165
593
140
687
345
537
30
5
451
369
31
599
780
296
713
81
769
616
772
929
571
90
943
859
673
689
592
997
247
696
568
764
642
60
452
987
597
482
344
48
851
376
648
984
24
713
65
793
681
837
74
253
280
370
464
305
59
408
654
306
105
574
71
747
634
523
734
231
357
78
631
209
806
631
193
830
345
610
976
26
799
402
631
431
772
96
736
832
856
390
490
961
316
561
60
950
436
146
181
794
577
813
355
383
444
900
566
141
510
894
520
309
296
151
741
69
599
829
253
456
572
743
769
888
657
830
839
93
328
372
239
905
537
594
641
334
494
559
475
4
453
995
666
749
499
759
170
98
588
423
906
512
519
676
401
176
858
592
269
186
964
861
444
502
455
437
188
302
996
663
306
449
11
324
550
510
435
73
960
24
848
867
888
367
543
289
543
753
233
165
291
198
26
735
52
833
172
240
135
168
255
794
969
618
118
872
480
554
945
441
930
793
660
818
161
203
460
56
308
693
573
599
243
599
335
295
433
859
887
920
380
495
714
349
113
185
221
594
91
518
387
21
312
47
191
825
602
3
233
910
49
807
509
292
758
196
940
543
56
827
464
436
322
178
137
788
363
711
382
454
581
121
827
245
168
371
422
122
374
656
32
423
815
893
68
573
442
8
117
498
187
581
286
862
759
775
650
475
838
384
281
420
505
109
665
25
480
88
147
206
744
531
630
559
776
698
484
218
58
601
68
245
534
706
107
646
482
109
121
320
493
402
92
350
863
758
727
695
846
874
902
942
757
884
853
534
934
689
104
992
291
173
237
825
879
697
823
713
806
944
386
300
699
478
2
914
236
730
610
434
956
512
728
714
748
581
600
682
623
704
674
914
877
263
91
109
960
915
822
767
211
208
419
262
687
773
177
275
503
139
710
460
3
438
526
751
372
126
433
995
182
459
261
60
722
704
169
683
971
991
802
535
552
221
797
239
346
326
514
850
465
576
662
468
15
188
571
739
666
4
86
848
815
699
260
538
403
781
221
727
125
375
262
677
948
411
916
294
90
782
144
555
359
158
376
726
698
299
817
364
656
903
565
471
954
177
9
709
959
582
436
84
957
50
761
905
814
29
200
904
811
696
811
522
855
539
248
553
839
65
270
495
320
187
318
626
364
328
336
675
262
124
759
220
175
872
477
989
253
677
245
417
726
56
939
581
596
540
486
787
957
108
282
630
647
952
256
364
280
944
39
543
69
151
115
596
375
592
937
981
622
182
398
348
590
689
281
538
581
767
325
539
228
959
521
227
912
129
591
544
74
983
87
495
486
554
91
861
147
380
842
769
914
592
117
504
282
398
395
863
517
720
754
97
680
275
325
944
405
268
488
831
251
928
326
737
482
769
951
981
501
793
750
415
738
219
271
20
969
666
235
839
387
990
936
419
617
613
363
374
882
203
205
485
131
883
223
966
652
174
947
153
319
50
920
57
621
192
429
591
210
665
782
949
7
718
368
624
684
83
999
566
287
556
51
770
440
626
736
92
152
684
598
824
86
870
233
707
62
663
650
625
680
432
574
687
503
943
663
187
378
662
105
665
219
156
788
11
135
524
455
287
560
53
463
646
276
697
354
690
712
4
315
392
437
890
431
940
185
94
479
563
757
584
581
328
92
369
339
227
245
794
867
806
200
330
452
476
379
806
166
91
163
482
835
600
724
266
892
909
361
723
824
470
307
405
150
399
126
841
979
372
987
846
178
187
528
630
15
908
789
534
351
952
368
539
904
92
805
148
353
518
871
177
340
178
583
490
929
61
331
908
433
671
106
611
858
987
594
226
247
383
760
598
687
480
137
591
572
295
739
277
813
962
454
154
140
389
996
421
451
680
682
236
351
788
848
561
775
794
139
22
177
251
973
216
731
462
807
655
757
898
932
923
860
739
429
352
128
425
773
931
457
455
168
160
596
368
722
723
162
213
746
691
465
71
907
196
533
66
852
643
316
136
566
176
875
995
880
356
772
5
287
582
813
807
742
409
175
816
484
689
30
582
380
495
653
639
691
539
57
895
182
373
384
100
901
259
447
781
615
219
139
255
153
952
62
896
713
590
712
197
279
742
780
660
589
785
651
633
324
709
528
858
82
264
958
336
876
405
117
843
977
256
98
130
560
513
26
625
103
91
823
382
833
955
394
775
740
46
408
417
107
288
275
541
553
234
877
429
639
347
272
968
955
723
99
868
236
125
493
339
216
316
721
402
623
468
177
716
866
937
133
973
225
408
866
778
994
744
559
986
443
832
954
398
555
53
266
791
531
760
482
747
428
555
501
404
23
30
120
889
967
253
214
193
13
81
323
8
177
883
994
620
67
948
370
622
2
989
765
533
101
599
632
881
154
486
285
530
516
405
771
836
10
986
381
24
419
704
32
948
587
26
920
6
326
642
628
328
631
745
213
84
344
198
966
851
684
251
381
552
9
152
740
19
490
121
43
261
826
427
561
765
453
481
772
132
124
752
460
107
850
26
192
194
576
510
45
260
113
778
164
474
283
905
494
773
378
889
387
556
317
948
322
122
782
446
254
906
550
67
365
400
445
909
947
21
419
344
633
885
123
797
359
406
54
205
531
433
95
918
989
764
219
663
238
1
461
493
259
12
912
624
764
357
886
711
730
657
408
363
542
531
512
254
289
919
459
820
352
906
91
693
22
310
709
261
663
522
106
922
534
18
898
651
727
784
714
457
442
122
172
336
5
684
590
294
603
402
467
307
308
558
353
331
220
62
944
235
584
50
157
471
420
407
474
499
192
188
308
634
663
480
970
668
516
913
315
120
315
782
779
623
692
132
306
264
546
602
499
483
652
8
954
424
415
780
923
959
320
231
593
983
63
916
4
580
181
319
52
496
453
183
471
145
316
130
409
214
732
260
697
737
620
3
161
35
783
437
995
104
668
940
439
84
208
443
16
389
114
68
885
567
251
709
712
919
839
473
134
571
85
831
308
705
187
822
93
970
259
440
426
279
732
218
363
941
661
379
682
776
799
920
695
403
629
408
322
468
233
456
391
319
640
52
376
179
874
469
501
485
261
928
764
994
146
480
287
159
211
969
287
11
889
983
414
870
743
736
690
976
545
82
647
537
486
376
716
712
197
217
197
459
497
961
805
995
793
92
507
5
61
794
16
303
129
782
173
872
870
216
201
415
298
200
304
136
928
372
848
126
942
45
937
439
358
742
787
152
834
294
157
247
440
525
902
922
307
76
794
177
644
347
945
294
900
249
430
828
622
278
954
564
675
243
355
33
985
142
185
171
788
694
419
581
219
321
503
526
749
649
56
745
997
1
39
249
250
469
77
224
99
384
140
774
627
496
160
965
990
697
136
131
392
907
712
963
581
567
842
682
216
898
428
565
899
467
814
501
289
244
78
388
628
218
515
607
66
675
924
57
372
413
540
116
320
604
80
253
171
274
288
739
172
716
305
423
535
471
276
176
715
354
917
695
573
432
303
639
107
579
48
831
992
940
300
313
544
380
918
67
6
206
807
178
274
112
953
162
935
229
338
651
584
255
346
509
687
1
500
146
581
549
330
573
489
630
238
386
362
509
453
368
715
260
898
342
724
851
504
12
80
842
663
664
450
361
525
489
715
26
988
648
575
318
573
416
300
164
154
662
673
608
382
740
220
280
82
297
131
586
309
563
781
324
580
231
685
105
72
752
131
60
400
58
378
974
475
678
490
981
692
163
589
74
903
162
706
986
459
837
924
768
401
705
444
333
288
129
438
361
234
570
421
634
628
800
960
455
830
450
437
875
965
378
949
869
540
656
207
999
845
131
119
598
837
563
931
125
45
370
486
279
292
260
265
920
412
578
376
242
28
165
117
346
543
419
215
84
427
774
435
272
905
907
223
94
822
154
220
867
876
58
498
168
670
116
89
82
694
817
325
74
334
794
420
877
213
987
313
640
761
101
265
667
8
488
761
182
994
333
402
871
744
900
39
414
16
480
497
62
297
174
137
631
320
557
861
886
545
526
526
658
627
143
677
987
631
791
170
626
124
572
849
220
824
888
987
193
369
836
255
18
10
392
2
682
302
863
568
199
741
447
857
369
590
535
356
574
326
878
552
802
450
401
23
627
289
362
820
10
198
75
29
560
468
31
242
770
246
811
969
987
258
178
708
200
713
417
774
391
295
326
194
98
727
569
725
369
931
897
379
129
972
408
41
792
791
283
914
389
446
235
729
704
414
437
905
127
854
31
871
502
358
65
952
437
634
29
806
917
926
186
398
250
946
439
43
738
722
957
479
169
545
208
225
959
646
482
438
852
514
309
706
224
374
10
661
360
39
468
629
317
6
27
568
952
466
963
42
541
272
522
62
817
730
639
128
728
122
567
933
988
876
991
564
603
2
577
315
393
45
945
711
403
324
631
356
791
946
750
684
218
272
746
388
355
385
516
435
859
83
368
199
312
360
763
267
714
341
934
107
738
879
818
142
556
801
850
699
747
600
383
318
225
129
706
580
866
222
15
78
658
736
277
322
448
393
589
162
734
523
621
824
755
440
318
311
593
168
10
341
121
745
659
346
874
365
278
92
939
645
170
949
381
800
271
181
193
212
695
279
736
317
103
843
109
774
154
702
942
516
43
63
261
54
761
487
771
39
931
711
685
102
12
418
254
284
600
447
848
295
726
584
964
181
779
73
955
285
776
250
801
819
665
414
226
427
253
997
818
185
60
855
639
73
274
893
709
226
692
557
873
418
494
838
951
273
911
907
559
39
509
712
211
174
479
437
601
732
434
772
269
495
627
260
568
253
153
629
479
197
186
705
615
32
543
919
306
806
178
217
846
687
929
57
861
408
846
815
493
280
587
114
775
566
375
695
820
528
676
651
78
863
356
45
895
251
964
553
410
142
770
256
829
52
665
43
812
511
858
305
143
797
420
271
363
795
318
535
675
995
187
753
858
895
799
105
147
115
659
557
258
781
165
439
833
182
482
646
45
692
303
188
489
75
459
205
222
778
740
898
773
279
3
983
175
154
440
322
622
99
231
880
233
748
671
418
930
154
64
975
846
720
163
688
795
975
893
18
753
985
268
878
265
623
861
792
130
301
466
752
753
697
984
338
797
655
756
727
809
173
54
8
893
569
696
40
544
941
58
649
926
678
527
543
302
740
687
784
394
153
536
499
202
520
189
999
175
945
726
337
118
780
345
363
350
393
404
246
334
462
896
612
493
775
508
795
868
195
931
614
349
467
465
903
339
654
903
514
599
629
203
70
762
548
433
464
941
837
62
627
300
958
592
793
86
100
940
306
647
871
920
348
690
385
252
29
39
155
895
990
136
99
60
250
999
494
66
293
331
129
920
983
439
864
128
525
316
420
183
964
291
103
664
333
840
916
714
879
423
610
222
912
61
282
514
60
776
581
705
460
710
978
443
149
842
572
27
159
992
210
475
636
666
139
321
506
56
36
738
831
998
960
95
411
594
610
823
723
191
529
183
253
507
978
754
349
902
781
508
247
344
983
235
10
475
556
868
883
944
606
714
294
918
810
705
513
420
529
236
963
58
771
216
917
749
970
266
652
104
127
899
800
462
486
810
937
42
30
820
339
989
887
633
907
49
339
420
469
220
8
784
630
779
0
547
881
322
165
533
426
292
784
226
107
270
388
396
664
419
569
3
760
456
637
667
505
328
440
326
548
448
110
178
580
462
725
461
784
890
346
211
535
482
789
994
752
530
390
768
301
311
772
61
767
761
728
624
89
520
302
637
321
764
815
901
226
892
714
11
134
60
574
669
894
715
15
646
245
758
766
898
69
538
959
189
651
40
165
740
560
468
377
881
232
544
134
459
436
200
822
923
612
748
944
506
463
960
504
61
718
271
959
787
161
919
976
813
959
142
553
871
962
283
105
194
827
591
5
616
792
179
891
404
927
835
911
743
795
415
804
513
38
763
653
200
34
629
13
345
123
918
217
85
201
674
632
381
265
989
349
57
521
240
814
800
75
725
543
871
492
347
736
531
111
389
83
145
371
96
843
494
14
60
932
568
734
916
949
351
257
650
761
130
890
575
931
317
652
474
188
496
822
925
27
285
666
462
782
37
558
625
884
925
37
168
493
123
84
794
475
693
796
588
824
686
163
755
3
167
581
544
663
403
821
43
40
487
505
175
525
416
800
761
341
838
929
186
313
365
332
788
410
128
728
234
166
891
341
521
58
923
65
74
678
238
117
71
726
974
246
603
390
46
364
83
236
645
269
550
10
953
690
420
433
419
7
599
662
700
473
73
975
538
499
6
777
616
77
855
942
323
458
333
721
174
416
310
171
38
212
181
343
254
953
777
25
312
728
688
13
201
113
340
92
612
346
869
580
423
76
522
98
886
207
820
60
976
482
231
366
694
764
709
948
69
838
974
382
567
14
747
768
479
87
860
91
434
81
23
209
157
897
308
43
105
480
455
433
962
38
799
656
154
860
956
224
699
282
606
266
296
353
386
775
440
247
218
226
680
241
436
838
491
744
233
596
224
41
381
538
79
180
194
234
40
502
810
91
785
416
357
433
121
744
209
913
343
779
140
23
373
576
861
864
320
447
812
896
488
193
434
919
725
980
505
765
482
315
209
619
83
566
53
204
662
262
118
5
393
258
29
766
834
242
630
506
689
794
402
529
987
188
449
712
168
954
830
2
270
39
622
353
957
675
910
620
289
28
625
34
286
6
801
472
249
783
978
290
578
732
172
917
272
621
982
440
927
164
794
197
555
768
903
512
795
813
132
436
193
110
471
831
468
624
303
69
407
633
712
337
717
884
607
989
505
589
781
432
105
575
982
660
696
237
172
491
402
657
280
595
119
751
426
587
375
81
9
134
714
721
824
431
605
431
420
110
372
201
894
477
128
876
489
824
465
661
668
867
670
948
462
141
51
240
729
778
321
90
912
35
811
88
818
416
871
590
878
595
791
772
424
272
1
913
448
466
927
116
334
597
416
148
739
467
389
820
245
710
910
510
98
73
598
268
489
470
859
367
65
2
491
490
274
492
403
723
959
682
191
645
280
608
793
371
75
534
543
673
245
805
183
695
878
781
963
719
603
174
86
669
529
577
511
155
422
266
230
733
949
422
378
229
382
523
952
809
58
847
482
655
652
665
702
882
799
17
601
402
192
39
71
721
968
582
228
390
849
459
123
150
881
853
379
263
377
683
424
787
530
907
442
534
924
144
768
723
161
369
126
705
760
549
778
728
484
7
471
685
466
946
835
699
800
566
314
177
249
738
964
131
645
758
17
570
902
785
645
415
506
771
473
266
673
251
346
157
258
169
842
76
116
677
775
916
243
89
445
844
180
761
327
825
519
344
747
773
129
745
540
635
516
13
253
189
617
951
698
227
121
540
304
237
569
431
505
164
873
950
360
53
63
687
230
582
31
330
707
512
75
247
499
943
613
104
485
230
56
183
457
529
724
113
766
645
545
623
810
770
925
170
823
988
858
405
922
241
735
629
106
810
228
605
754
841
710
239
423
118
774
233
647
498
346
765
496
243
388
306
13
313
828
188
301
38
594
575
280
329
204
738
492
784
343
598
978
405
837
401
875
963
986
522
462
333
639
310
928
27
968
294
692
796
482
345
835
428
920
467
110
124
557
602
261
900
200
239
658
389
992
885
352
979
760
166
664
399
476
592
779
796
238
471
593
721
169
780
501
89
599
611
566
156
213
827
408
765
66
418
506
410
304
211
389
64
377
53
815
206
998
594
2
236
418
947
309
587
727
811
676
326
422
594
834
988
773
243
753
191
661
260
602
965
471
991
381
200
45
197
758
395
143
113
631
561
60
941
148
140
752
177
818
174
123
653
514
897
896
268
88
909
880
690
227
703
682
608
255
79
157
14
826
301
127
457
214
539
398
715
679
502
892
498
29
367
503
543
264
751
811
353
660
43
395
239
746
429
200
354
860
357
368
686
10
847
144
225
386
894
940
418
397
184
916
426
551
771
969
168
522
133
873
534
176
268
774
275
698
974
629
910
331
349
597
694
196
93
919
934
987
859
352
384
395
620
162
946
391
484
466
913
617
339
800
145
608
574
420
658
548
401
568
231
750
517
925
298
610
196
233
598
407
585
334
802
558
849
101
949
333
567
215
950
907
15
95
867
941
868
525
841
269
445
72
372
963
350
670
925
546
255
523
954
193
210
108
751
59
209
52
744
129
619
46
36
986
141
255
927
361
132
768
983
577
193
707
892
543
377
818
89
985
693
395
178
255
504
281
666
65
333
410
194
305
456
582
291
950
837
219
663
321
339
646
251
532
353
143
75
83
313
517
68
359
264
598
966
768
879
633
834
564
395
380
869
204
963
161
154
152
732
817
474
71
816
725
956
521
220
383
604
886
900
24
245
517
622
211
285
853
196
471
770
592
852
639
796
167
152
302
319
236
471
145
660
287
870
616
161
443
999
765
329
252
142
574
769
116
137
406
970
334
230
740
278
82
731
426
601
236
728
920
472
199
418
132
839
288
748
0
731
100
117
412
704
259
986
473
728
476
231
50
162
461
142
440
895
873
218
496
109
946
769
934
497
187
66
688
827
167
40
559
267
158
971
971
769
310
796
849
138
27
899
300
841
41
92
736
915
310
233
376
608
2
310
457
541
729
146
368
896
186
279
515
696
251
838
818
913
634
667
403
13
567
703
206
608
147
943
875
809
528
604
417
882
266
874
423
995
372
791
243
559
71
758
607
674
596
425
939
582
93
342
948
12
397
154
620
544
97
848
705
625
804
122
507
70
348
282
418
721
426
661
632
497
420
239
523
368
665
814
951
110
156
251
122
905
405
742
801
503
942
506
480
746
980
340
169
328
622
587
401
400
248
33
249
20
625
772
741
290
938
44
400
446
295
874
351
700
968
152
555
911
10
36
9
990
728
178
319
702
765
72
103
366
458
352
386
83
477
479
373
415
523
125
862
818
999
565
871
319
718
426
230
80
814
240
71
894
418
742
597
536
814
52
902
272
404
640
355
233
120
80
649
995
557
863
166
556
428
37
228
498
815
458
579
630
50
2
876
821
744
473
357
558
525
611
183
282
251
538
515
723
971
516
719
528
731
885
437
160
274
665
10
89
123
941
71
526
943
948
347
39
773
56
598
651
19
133
933
270
671
800
346
642
317
417
523
48
654
960
560
928
625
923
369
100
216
441
978
512
741
677
551
866
733
149
517
104
282
802
727
306
603
73
300
272
490
823
672
144
135
585
424
760
860
793
213
76
586
191
588
679
869
140
546
954
641
415
59
276
218
786
934
173
211
586
797
701
762
821
197
897
758
621
10
618
766
223
47
705
766
987
384
635
479
282
942
473
698
353
749
268
139
35
793
350
621
942
403
383
763
952
633
874
925
643
492
691
218
891
396
984
879
133
972
358
415
914
831
113
619
932
733
758
967
878
460
941
820
215
676
936
167
309
810
92
304
654
135
522
546
884
507
425
17
831
783
432
97
615
898
716
899
983
826
867
862
286
160
682
853
836
970
20
498
780
464
802
435
951
677
333
835
184
758
204
367
893
989
464
860
239
180
760
222
6
627
436
644
139
471
497
327
441
869
825
574
685
980
9
636
657
694
824
193
452
380
560
697
369
376
558
608
556
318
183
914
297
619
910
436
90
407
763
884
628
941
458
313
921
819
301
578
513
125
123
317
506
35
14
227
411
572
836
319
890
371
233
539
990
143
975
433
902
91
317
530
32
775
195
953
946
496
883
459
974
358
776
832
393
790
59
804
715
247
123
605
618
356
145
961
851
472
746
105
563
415
987
947
542
182
900
488
30
135
947
356
493
75
188
886
865
600
690
580
847
165
538
818
873
35
131
724
859
229
181
775
644
168
722
538
702
623
26
733
110
325
89
604
400
278
842
617
230
885
550
77
50
440
247
924
827
730
0
686
959
182
461
955
702
184
493
405
159
871
138
269
548
579
225
948
209
68
918
439
953
820
869
355
260
116
631
87
199
632
773
158
166
587
466
220
771
311
625
930
535
115
551
83
695
777
384
904
197
654
696
502
474
565
857
734
33
841
173
232
473
298
743
991
885
561
211
656
872
189
938
407
304
842
843
351
971
227
256
168
881
304
670
707
869
879
441
254
720
966
487
545
264
582
888
150
143
452
158
15
641
449
775
297
291
618
649
262
197
257
430
430
561
452
137
782
683
930
36
756
248
875
653
512
457
894
662
600
346
821
968
339
270
743
988
913
713
637
175
262
246
957
44
807
409
533
941
444
815
978
200
63
205
206
575
663
100
590
615
446
763
583
137
33
678
125
298
391
115
473
5
361
430
49
521
191
934
462
635
749
792
188
812
998
394
740
661
494
330
276
292
93
212
429
478
890
906
776
634
21
249
639
383
31
41
904
222
975
366
209
77
159
397
241
509
791
981
522
637
663
150
929
756
362
710
234
253
617
362
239
638
963
878
21
994
271
277
216
599
644
778
28
155
175
269
664
319
603
538
956
266
688
238
23
51
300
609
656
917
972
895
908
935
125
929
282
749
559
850
700
203
628
728
710
804
997
726
475
600
264
783
867
952
373
242
355
674
851
363
943
175
610
851
111
88
133
745
189
692
595
889
247
224
617
957
380
614
683
855
567
299
990
786
603
364
28
959
38
231
674
333
407
637
185
870
725
318
615
266
362
210
155
609
786
772
566
166
738
601
373
657
900
364
443
503
80
471
814
118
55
841
803
462
478
988
332
555
658
299
821
20
861
976
629
648
100
547
166
838
500
540
496
400
256
291
256
336
115
422
806
170
263
609
632
741
598
316
648
608
967
469
629
828
797
610
476
897
510
643
88
10
535
936
763
791
227
371
479
342
793
285
512
57
894
496
150
844
164
799
453
131
620
434
960
770
396
788
19
258
783
459
269
318
395
384
461
975
755
940
669
900
577
534
309
472
30
460
668
195
611
473
326
583
259
638
353
656
427
725
914
210
184
535
881
932
271
342
907
26
635
928
279
212
462
588
36
845
400
57
392
11
530
70
947
790
709
652
798
488
377
64
698
562
600
931
494
871
274
753
250
909
681
881
473
496
469
510
693
870
567
85
233
449
507
180
239
216
833
389
56
562
454
107
124
406
38
970
629
312
723
879
573
757
760
47
253
582
909
946
452
476
383
37
277
890
570
869
459
403
258
515
317
64
622
794
470
13
764
100
325
840
331
251
949
92
650
554
26
559
852
830
387
235
867
664
477
437
533
936
192
792
804
510
856
778
304
679
791
420
779
469
260
110
720
209
554
370
115
932
281
967
762
668
202
630
332
32
67
218
320
612
362
124
122
570
255
778
249
398
198
380
867
811
843
939
372
397
661
488
682
942
455
444
610
10
74
295
42
494
865
362
106
227
839
580
797
446
358
399
844
556
779
64
719
622
3
92
372
665
580
54
959
387
498
922
397
925
569
791
419
434
154
525
13
345
457
810
791
815
561
635
723
341
699
443
315
55
887
39
72
467
93
31
206
944
953
956
221
874
747
640
308
253
517
321
950
974
484
741
141
45
729
864
738
780
307
54
835
194
93
259
13
539
643
572
835
948
528
56
823
627
48
131
233
917
805
183
891
641
925
384
686
6
248
425
786
908
831
974
454
276
585
820
167
228
392
2
177
272
410
0
899
458
483
132
727
640
668
970
281
593
354
320
951
603
97
89
511
928
415
317
556
1
137
724
229
529
78
758
801
489
758
53
299
594
185
27
234
853
349
868
798
704
188
101
307
285
191
170
565
606
487
121
959
625
197
189
506
276
299
308
117
58
713
768
4
250
147
590
104
497
458
254
201
998
708
508
635
899
30
200
857
869
674
817
494
871
358
353
147
657
13
264
67
726
33
71
976
180
14
432
677
824
39
230
823
747
90
810
998
120
11
855
990
685
24
836
556
382
189
56
392
554
672
459
280
57
883
257
590
249
41
619
73
80
850
248
827
940
59
825
413
422
33
403
459
57
591
367
792
133
423
184
687
96
995
320
505
230
929
95
479
970
715
905
51
565
153
230
505
564
56
918
986
441
673
797
850
617
165
642
102
588
178
789
36
526
461
542
756
390
989
236
361
704
493
412
269
646
642
127
563
50
45
549
843
71
699
694
688
864
688
142
804
867
283
193
745
745
87
501
135
76
89
848
781
582
612
50
581
607
177
144
9
575
45
853
998
744
547
38
608
235
180
765
454
463
958
199
208
45
53
696
121
142
544
902
77
157
305
658
764
482
802
773
409
199
978
407
944
525
445
904
113
625
669
919
441
627
471
649
672
524
697
146
18
242
48
95
751
353
105
867
188
907
992
597
459
971
357
755
848
802
659
961
780
681
233
573
308
704
574
333
580
272
479
598
866
879
46
617
585
151
836
773
411
828
722
870
799
79
625
648
234
636
961
366
317
546
939
978
250
513
311
182
137
142
133
3
373
179
972
958
330
808
731
93
989
806
963
788
885
940
788
119
577
102
837
246
648
776
224
251
642
887
433
779
381
566
135
755
97
107
713
428
268
797
521
257
603
837
397
840
129
538
312
706
640
149
305
640
278
529
891
920
417
677
51
798
595
538
905
693
998
619
121
266
768
994
875
723
183
624
563
313
514
227
371
506
377
676
147
655
558
390
927
975
67
330
125
663
869
31
356
867
2
829
485
122
175
712
845
711
688
760
24
203
988
747
709
717
776
208
724
334
599
651
661
18
333
138
33
202
169
389
421
523
570
258
645
98
970
842
809
11
955
185
214
295
284
275
364
60
836
88
746
435
91
407
805
424
546
839
627
67
580
400
943
151
659
940
249
981
135
410
992
90
595
558
737
879
186
101
292
22
189
38
457
280
798
262
56
696
453
35
115
34
436
58
185
447
999
786
428
134
548
773
576
495
331
665
374
517
766
18
539
307
57
348
939
207
963
995
903
416
31
18
450
467
429
987
914
780
125
694
266
673
467
194
168
799
859
895
668
625
913
560
284
322
260
223
881
223
218
784
992
601
155
794
68
936
134
334
716
259
381
334
285
848
528
805
999
387
700
20
364
966
580
648
640
840
223
522
416
793
658
408
395
165
554
463
101
688
150
169
300
531
503
585
731
31
742
731
418
443
751
134
761
683
134
753
523
357
275
939
151
934
699
546
451
606
361
553
294
863
722
946
394
226
883
126
609
626
209
28
421
312
514
182
995
649
935
518
358
563
810
509
849
861
407
300
467
121
205
114
984
928
60
731
506
296
857
115
922
418
495
343
730
10
877
725
659
812
595
369
727
405
879
928
619
638
229
438
759
434
552
96
714
965
827
220
261
36
336
535
454
831
878
184
193
755
261
204
919
856
574
999
614
453
927
585
443
156
23
203
943
576
651
657
893
478
230
506
514
566
41
968
749
919
504
943
26
117
147
945
325
721
944
939
526
224
876
970
380
900
525
675
828
176
685
721
6
915
579
520
833
620
840
582
891
696
877
269
813
25
214
138
98
511
430
977
87
306
299
819
558
176
495
386
704
180
459
710
447
38
230
280
10
422
214
253
118
444
522
283
821
89
421
919
952
203
248
39
862
547
858
420
723
705
807
427
237
266
137
684
657
719
316
667
493
883
273
611
327
795
894
148
884
668
419
188
871
668
227
85
215
86
506
939
791
313
718
29
931
208
65
940
279
382
608
773
617
233
736
944
28
631
92
265
651
863
453
874
531
681
960
747
119
466
38
262
131
108
643
414
316
709
355
948
443
315
721
60
548
457
356
576
440
448
193
91
311
647
966
195
680
278
294
799
96
332
413
227
792
57
993
109
118
348
409
561
663
130
973
211
939
329
140
732
129
333
823
792
332
141
987
12
419
281
163
867
965
577
94
758
986
88
219
104
788
628
17
452
110
990
15
401
671
507
133
800
193
957
