28
471
733
667
638
669
966
398
735
976
230
831
511
938
740
519
128
671
832
902
950
860
268
312
376
400
934
916
929
999
865
957
822
951
976
460
972
943
858
707
271
88
539
782
378
631
301
507
302
486
761
252
346
381
916
74
782
851
990
63
202
208
20
24
511
996
484
483
939
695
543
211
783
82
345
514
65
999
373
367
485
486
972
183
868
888
258
2
91
600
65
293
160
85
669
671
433
154
507
725
201
50
936
336
484
633
850
549
632
575
268
469
62
592
5
282
481
615
284
924
215
701
218
728
138
887
399
571
393
258
296
946
308
584
283
144
570
485
693
554
61
314
24
123
258
381
405
739
996
41
16
211
742
234
939
232
473
691
803
867
949
452
813
610
388
448
754
958
934
800
513
347
466
889
470
724
270
227
816
266
620
832
829
714
66
121
946
891
164
101
110
113
905
276
723
294
724
830
604
10
630
469
357
96
358
827
820
980
406
636
598
26
820
780
92
886
901
38
778
417
140
888
530
45
164
606
691
241
788
296
251
418
765
609
866
476
788
38
808
195
27
759
573
847
539
666
86
792
56
216
209
196
456
91
594
973
49
637
214
837
285
465
607
403
426
825
231
215
864
39
762
243
150
335
90
41
353
176
833
410
392
394
958
201
838
904
174
239
542
388
429
827
205
36
582
632
862
813
847
78
205
961
321
355
296
763
397
650
940
582
60
684
329
370
885
519
275
59
758
817
799
187
996
5
576
579
989
438
744
188
868
949
149
189
657
797
952
406
447
244
988
859
281
669
230
518
188
857
930
299
674
729
486
22
86
414
953
75
204
50
615
72
999
764
613
8
562
918
414
361
514
403
573
795
424
155
666
613
12
596
264
38
677
102
60
764
517
366
191
721
416
807
794
767
923
759
776
837
677
190
199
192
945
772
339
370
927
5
335
291
601
599
329
279
701
741
395
218
107
938
940
875
745
86
643
21
197
771
858
875
961
57
419
907
181
110
629
460
468
964
751
421
563
80
52
616
822
447
835
281
386
127
157
483
565
152
504
762
923
715
989
236
124
760
143
306
223
124
118
691
88
222
112
3
302
165
620
476
964
807
110
350
286
267
186
851
771
42
965
694
757
955
930
234
67
426
540
290
550
10
981
991
232
446
346
887
611
966
363
927
125
473
630
411
92
816
262
863
210
580
909
968
887
840
554
954
618
94
597
520
456
930
511
689
376
858
928
339
176
291
267
654
117
249
65
561
65
680
777
627
260
686
595
147
878
501
453
848
595
50
369
404
981
232
445
709
90
373
401
619
16
20
273
485
269
690
47
686
370
176
313
982
214
261
129
93
762
935
941
710
985
662
114
318
895
559
380
337
284
781
956
300
153
581
786
422
624
185
108
994
713
773
977
927
34
458
372
797
393
666
859
731
328
973
49
223
884
781
561
168
914
869
820
67
803
958
841
427
143
301
773
856
75
102
136
109
561
508
258
306
174
117
37
503
442
439
78
678
220
639
198
135
861
19
202
664
977
396
443
473
697
216
681
772
671
817
234
232
678
844
538
852
314
576
707
756
15
138
435
587
777
985
722
990
4
277
6
334
25
449
807
722
18
840
495
689
658
81
273
688
925
163
892
591
91
600
348
458
738
135
46
867
120
120
858
477
749
216
811
774
666
970
497
36
810
344
77
820
425
350
508
702
865
401
294
957
353
994
415
443
481
461
662
953
934
872
430
683
89
593
458
107
563
307
495
726
651
572
898
428
274
407
482
139
160
128
96
865
122
864
660
955
677
322
909
611
195
691
295
636
285
105
743
200
764
238
926
767
162
825
195
788
584
29
279
96
158
728
313
632
592
973
940
269
647
849
881
194
540
528
830
177
985
925
378
749
515
656
516
29
833
63
817
769
92
97
217
602
825
530
587
417
855
527
38
855
728
271
49
620
799
232
798
136
157
528
885
25
536
753
54
722
816
872
491
261
321
61
863
146
943
802
915
799
329
305
6
57
577
407
678
376
639
828
513
149
708
750
174
244
504
580
318
320
804
810
933
125
871
797
623
814
599
890
965
281
196
323
690
773
731
368
501
370
548
366
871
256
117
397
853
973
978
171
645
782
333
579
260
556
728
883
723
679
126
40
960
322
364
651
447
447
371
948
169
272
315
41
880
784
438
85
109
416
257
106
551
942
685
811
851
765
46
574
445
172
966
757
494
330
760
293
129
484
242
299
756
909
340
988
45
130
74
154
899
683
612
450
625
298
613
828
415
11
402
212
184
369
970
30
51
82
324
181
566
918
832
674
827
172
663
872
654
89
378
553
772
990
355
749
640
320
578
408
332
980
620
868
701
942
898
105
25
574
638
943
492
470
970
319
994
633
543
648
722
273
554
846
616
261
595
608
582
173
16
266
506
637
134
559
579
32
664
956
607
302
900
451
772
222
771
118
855
666
767
929
292
673
127
908
934
722
516
868
896
533
134
754
522
268
313
453
301
978
410
260
632
662
711
757
884
834
875
91
853
994
372
145
667
499
53
954
221
921
822
469
806
957
575
328
225
889
134
878
867
544
490
851
558
554
608
794
740
484
885
593
478
609
90
498
108
495
452
681
417
626
503
575
583
78
256
161
967
390
391
186
934
234
38
844
788
998
638
880
482
875
826
313
484
916
163
944
412
967
625
181
593
480
756
529
559
12
690
878
754
433
417
40
667
807
884
807
805
874
40
640
749
866
305
233
782
468
529
546
435
507
79
28
987
836
557
898
200
599
777
955
385
194
995
404
1
232
212
158
106
252
798
856
470
103
441
252
923
323
151
358
830
230
739
817
418
648
716
619
248
845
926
985
391
273
389
744
857
953
902
964
557
701
172
27
156
965
632
80
288
783
438
470
365
529
288
784
178
356
755
778
553
681
763
944
306
504
688
516
458
590
480
15
643
4
395
800
321
27
232
962
162
22
432
527
552
72
311
82
428
66
860
333
99
975
277
758
479
317
274
289
908
106
305
903
110
52
703
783
79
935
745
241
310
178
768
862
602
432
944
31
498
156
716
950
131
994
708
962
311
982
252
571
88
909
475
550
961
530
685
392
818
431
633
128
961
753
342
563
185
286
946
36
442
663
986
925
9
46
239
320
28
843
892
468
104
719
370
65
249
55
809
419
486
794
547
799
900
889
363
437
527
661
473
321
324
811
598
685
857
838
6
237
681
250
57
138
321
427
203
570
835
365
342
321
159
889
473
59
131
188
497
658
849
322
332
526
134
930
211
343
120
569
933
154
171
990
292
492
770
495
415
605
212
757
278
372
998
751
431
129
291
280
140
141
603
472
19
89
402
582
432
523
152
365
677
675
708
969
168
478
816
583
83
381
340
713
753
338
465
536
820
756
817
960
249
772
432
620
861
186
203
293
61
707
11
90
382
719
411
902
549
580
485
632
961
177
697
714
516
162
602
688
271
771
648
872
543
432
493
404
970
48
698
384
755
709
474
489
780
238
392
329
818
229
313
779
407
10
845
275
525
799
963
796
571
963
20
114
747
513
519
717
561
569
101
668
278
928
510
410
166
254
739
336
483
404
467
890
414
664
517
939
463
480
87
34
795
460
501
542
973
20
260
887
941
713
907
571
641
417
981
159
671
72
495
507
476
314
397
890
978
915
182
442
747
621
828
543
81
681
85
407
53
697
646
994
411
553
565
404
323
546
916
346
970
411
853
446
726
603
689
56
518
223
850
617
844
679
160
278
712
246
37
766
295
683
760
706
588
678
463
911
224
379
610
195
142
463
993
220
66
682
277
936
905
127
554
102
158
66
732
871
312
769
637
960
452
749
666
40
427
481
304
4
860
914
551
3
377
544
223
796
579
852
732
484
980
638
938
490
705
670
361
369
439
350
329
891
100
348
284
879
829
588
883
690
854
434
45
583
331
620
379
910
473
464
746
805
102
685
295
159
707
657
529
147
359
210
390
811
558
26
691
388
966
574
430
820
361
827
404
44
447
135
306
272
599
52
77
54
89
373
213
797
382
94
296
741
305
686
905
215
713
596
603
679
522
385
852
883
564
608
279
12
743
585
284
695
990
714
101
79
87
666
228
821
761
524
914
418
563
819
633
628
415
589
659
938
326
511
173
891
119
805
903
215
390
539
910
380
253
11
812
692
677
392
865
790
269
780
208
832
951
842
812
367
783
471
657
109
335
182
0
806
987
255
21
730
795
283
462
400
646
626
445
676
19
310
466
288
442
27
472
394
869
636
113
4
107
122
113
794
656
114
601
996
721
974
726
868
610
540
269
256
167
66
932
538
376
751
178
819
778
2
565
647
638
678
3
97
800
116
892
456
582
845
452
304
171
530
524
781
71
793
390
590
211
322
128
588
73
658
759
851
660
324
850
298
2
853
395
154
322
639
962
256
484
415
560
656
297
85
789
368
230
179
958
794
854
438
382
927
96
493
131
756
817
333
406
171
539
802
677
861
793
639
117
278
406
30
286
704
467
75
424
49
607
383
843
461
173
577
740
270
70
871
378
239
205
785
762
744
939
439
957
732
431
74
362
837
456
0
541
923
76
966
973
35
701
168
496
226
746
236
848
168
460
227
408
17
364
522
113
655
962
70
739
393
496
102
582
953
102
476
228
530
794
553
565
847
722
413
73
820
650
922
988
462
501
748
479
865
271
592
520
585
14
259
330
510
713
912
463
816
388
44
698
534
597
616
381
319
29
455
491
31
729
480
493
230
580
324
447
851
916
319
436
930
578
118
793
644
31
608
812
771
652
510
658
250
478
39
921
508
846
413
539
927
245
385
157
825
709
956
29
978
275
817
908
206
936
53
850
319
662
662
442
314
524
100
916
3
140
190
863
338
955
402
266
552
139
775
729
849
732
758
827
7
928
87
213
864
141
415
535
155
429
977
469
954
78
738
309
570
928
172
908
235
926
174
787
66
302
516
915
34
627
94
393
555
533
959
771
674
374
306
829
804
283
651
110
361
741
771
931
21
943
192
256
869
366
395
287
20
911
554
54
538
648
448
93
182
759
864
208
133
170
390
289
806
393
751
167
134
522
451
507
817
643
115
39
361
510
326
382
421
881
788
312
881
588
757
415
347
622
624
833
144
366
474
302
759
226
822
245
100
273
752
918
268
867
957
981
729
635
363
150
868
504
462
750
92
220
517
440
194
141
273
690
859
747
345
618
325
167
215
426
440
967
696
60
186
653
41
915
640
757
418
509
261
232
611
353
804
480
145
350
974
770
393
833
870
738
452
195
905
667
973
697
987
669
757
525
674
150
793
315
907
211
176
168
795
139
874
600
619
19
950
593
790
343
779
660
81
231
207
338
250
181
35
589
850
144
115
877
295
908
192
202
471
720
723
266
211
597
866
182
968
169
776
758
512
555
770
946
138
978
636
740
511
672
330
361
816
445
238
463
705
782
18
176
854
741
442
65
690
661
248
658
830
376
769
694
283
539
992
421
869
629
161
380
653
491
94
821
288
684
285
993
819
303
169
673
396
964
739
438
977
987
448
159
715
569
205
998
109
550
771
330
179
932
63
184
776
157
5
416
193
290
410
12
945
931
686
693
247
425
483
224
764
284
735
479
853
941
477
314
491
248
645
22
532
708
206
660
217
211
77
410
854
839
423
151
770
109
197
370
886
680
594
650
316
682
481
170
623
310
484
466
910
129
488
794
189
694
455
406
257
884
169
463
723
592
615
845
701
164
215
939
844
162
941
161
844
422
683
819
84
167
285
994
649
773
788
838
819
595
597
428
479
766
892
202
710
507
48
763
671
615
702
867
777
643
380
621
417
415
440
501
583
77
495
232
850
635
422
21
231
371
450
710
489
342
265
199
201
665
962
224
280
16
443
58
659
176
31
76
591
824
929
174
901
424
758
104
412
533
477
643
256
927
705
746
621
970
297
174
635
260
398
268
276
194
326
288
370
709
716
961
533
646
488
787
422
246
243
834
131
720
477
388
0
183
134
621
505
783
796
493
43
546
761
672
740
439
960
462
148
676
424
34
674
912
173
97
510
416
931
994
488
761
382
488
944
868
462
801
651
258
294
47
156
407
719
249
846
31
711
347
59
487
733
734
751
258
831
614
674
114
608
514
875
342
3
171
210
465
973
213
75
267
260
583
675
331
832
873
714
896
220
126
735
305
860
839
563
43
453
589
157
413
104
385
755
107
556
317
924
529
530
999
149
143
934
176
826
767
49
893
15
622
19
750
927
231
941
843
626
394
432
135
807
536
520
562
995
77
231
271
958
762
622
107
257
557
635
435
324
37
328
691
11
347
793
290
578
735
133
204
481
918
692
289
806
212
203
802
289
435
425
600
549
48
59
158
605
695
593
281
84
922
324
95
621
117
385
552
204
871
108
686
789
800
975
595
13
530
749
654
317
175
254
866
223
666
24
180
361
618
461
797
892
785
892
513
254
629
65
459
500
174
145
289
974
472
885
339
2
986
994
320
161
600
538
736
266
915
916
979
885
729
776
777
866
20
642
121
650
708
932
150
234
77
792
560
901
29
900
903
15
246
575
177
846
114
913
465
29
182
444
914
911
573
43
130
593
685
603
243
393
535
746
979
964
890
540
865
919
792
768
934
38
696
463
236
810
729
53
191
911
498
105
174
423
500
656
16
185
259
612
931
794
710
910
758
600
802
623
519
594
744
805
984
440
269
573
602
998
626
793
261
476
250
787
899
750
796
916
935
55
880
866
850
590
777
960
190
579
584
61
526
680
866
510
120
135
435
722
485
62
515
98
538
117
238
438
867
34
706
802
89
586
21
291
528
150
252
718
81
188
779
607
220
645
470
340
133
905
414
970
967
281
421
858
398
11
648
265
45
354
419
486
292
792
130
820
942
734
890
24
274
669
983
494
666
453
186
151
711
600
474
30
881
247
888
631
258
888
248
655
242
19
493
886
812
623
58
754
709
948
130
983
969
466
829
988
271
15
491
982
967
965
365
200
212
253
831
822
142
431
477
736
451
971
975
263
946
33
369
656
982
852
991
951
318
821
939
589
836
431
924
804
748
289
4
313
894
188
135
388
619
965
125
70
288
452
685
234
485
407
242
467
259
234
771
929
55
710
518
243
493
442
399
594
83
756
907
978
944
394
366
915
359
843
986
647
295
23
234
781
430
476
600
41
62
371
970
469
434
841
713
927
635
464
873
719
220
780
49
516
527
415
432
886
611
770
886
906
793
472
687
576
300
640
617
715
11
940
184
445
781
249
725
768
714
598
839
286
731
888
803
258
656
235
496
267
5
734
173
150
558
213
726
859
853
344
574
864
636
110
662
769
360
387
537
426
337
377
712
68
617
867
678
273
454
175
540
811
261
66
962
820
631
688
679
484
384
605
700
20
715
714
789
75
101
679
853
439
408
566
859
25
433
538
651
888
65
543
699
326
609
13
146
240
54
825
76
790
782
129
811
498
843
952
925
297
983
779
88
391
697
947
769
482
485
420
370
550
963
422
877
925
787
375
517
841
201
946
632
335
75
795
833
270
99
111
567
83
890
655
474
587
955
595
69
792
15
792
695
331
566
572
608
353
299
125
547
852
71
179
188
498
326
21
769
425
132
688
508
374
344
335
313
651
930
383
443
298
527
138
981
93
62
589
798
362
714
697
214
138
876
402
636
554
776
757
980
260
446
840
635
142
527
948
793
810
683
236
460
210
727
441
655
789
382
806
503
448
503
718
586
732
472
575
286
248
332
618
509
130
811
496
272
338
444
417
500
480
6
960
42
733
753
698
874
135
856
378
584
711
96
170
443
568
97
82
169
430
52
678
912
863
526
185
554
322
954
54
802
960
367
845
693
120
895
568
256
103
946
840
814
394
362
610
314
460
44
483
242
96
513
154
312
39
339
218
714
294
624
516
606
991
713
300
112
608
220
720
63
518
560
878
264
274
488
578
734
532
414
976
980
279
131
644
671
822
862
385
468
839
901
75
830
967
727
294
575
299
14
639
169
926
869
433
201
709
363
287
241
777
264
573
57
747
570
80
569
432
465
390
271
718
465
454
685
544
100
613
843
467
252
12
393
473
445
946
182
160
234
775
938
850
700
347
597
270
427
518
703
244
908
326
962
373
132
648
917
233
261
112
700
865
124
445
338
921
392
520
82
978
647
372
828
347
71
425
618
850
943
673
446
204
351
408
577
484
56
847
717
317
311
769
534
436
214
872
709
606
744
143
936
391
867
764
91
290
541
709
492
837
734
938
41
85
347
970
569
403
169
638
73
481
407
607
269
622
832
978
580
928
474
517
320
341
281
763
632
175
472
124
364
206
63
405
291
762
375
213
517
897
851
590
378
259
550
647
881
382
625
813
662
99
330
982
793
964
97
777
139
569
901
855
127
316
260
771
430
987
336
948
884
187
538
262
798
440
261
31
174
239
845
837
690
175
171
483
491
269
260
982
190
514
837
670
182
97
441
613
437
129
561
673
316
451
288
115
892
549
498
418
788
343
255
479
871
427
314
362
48
575
697
238
441
534
908
623
984
701
588
421
830
149
94
499
953
734
966
197
284
464
615
72
808
871
903
31
650
218
393
698
145
90
288
586
977
197
561
961
250
150
382
81
651
828
932
604
563
898
801
199
362
769
623
170
992
527
201
642
97
947
692
242
389
332
828
366
529
389
327
132
891
61
565
543
242
497
499
157
395
653
356
757
422
979
280
414
858
833
56
955
132
100
197
522
432
377
888
314
119
568
446
10
981
363
905
223
860
405
732
607
58
88
364
480
420
996
894
278
182
302
586
314
754
783
836
186
513
77
852
632
997
650
642
978
13
900
554
225
305
286
832
363
727
549
195
499
897
441
129
79
743
715
394
497
851
582
35
364
11
240
996
360
890
990
691
256
890
597
481
547
883
314
262
962
215
457
813
112
898
943
544
993
658
938
842
509
872
878
225
236
470
221
596
360
564
287
616
806
884
450
354
120
116
968
434
331
426
248
795
676
543
339
670
201
629
864
63
854
94
288
90
564
862
38
925
426
678
893
584
914
343
290
386
459
259
821
142
37
421
938
65
964
629
87
517
259
952
580
465
46
869
555
611
83
945
888
861
623
133
445
538
829
736
276
288
347
449
783
736
870
73
801
186
702
889
56
313
193
636
778
239
857
685
202
292
631
442
153
606
576
599
496
757
687
773
397
386
222
180
122
445
253
923
983
308
164
39
621
357
28
752
949
237
437
503
530
420
946
683
27
874
282
523
631
321
296
28
707
519
561
829
316
814
105
299
474
621
339
96
331
719
200
280
956
637
135
486
58
81
170
437
307
804
960
290
126
257
319
185
128
232
367
796
46
824
95
521
445
786
969
128
505
169
760
462
158
896
300
568
329
470
5
637
627
966
279
105
575
598
290
55
182
657
851
229
481
298
102
279
85
423
759
942
944
520
756
102
768
57
671
97
879
676
86
858
994
366
963
569
316
254
624
499
263
827
80
97
126
534
376
563
957
487
505
253
7
614
355
775
23
378
225
902
55
663
761
401
29
76
971
698
330
947
197
594
775
629
691
253
163
419
816
472
906
673
725
266
639
432
393
662
811
970
917
218
634
30
619
15
106
942
713
437
242
262
383
17
891
426
622
406
197
790
230
455
815
307
721
455
740
467
469
903
437
386
473
423
416
444
439
523
739
152
312
981
415
695
350
658
473
972
417
670
114
647
125
929
955
199
736
47
666
206
302
455
592
127
879
9
571
670
884
662
822
196
643
589
243
993
600
716
317
17
738
431
16
863
713
971
62
449
370
80
7
24
888
600
151
119
961
75
789
197
737
963
393
381
553
988
726
153
704
44
522
442
827
538
657
540
862
72
342
232
504
349
257
392
301
760
863
262
835
652
459
573
616
204
954
521
192
32
26
248
76
548
42
256
86
700
796
948
124
490
533
628
840
142
373
141
902
236
756
738
241
215
663
209
772
969
730
964
1
756
565
430
656
607
686
742
659
834
43
783
325
928
764
165
70
489
658
324
77
414
62
318
982
77
879
754
46
961
70
48
69
635
830
725
595
516
820
254
350
863
390
675
791
154
192
213
643
203
537
720
617
952
391
599
29
622
705
428
584
776
476
653
763
658
731
358
174
551
965
876
766
355
904
557
861
96
122
856
651
659
928
269
611
671
220
641
294
278
69
878
406
897
883
169
907
614
880
81
517
845
309
283
552
213
192
765
662
314
973
313
974
901
934
585
573
155
578
219
433
999
449
839
248
332
360
155
299
592
588
816
437
898
452
341
111
644
458
125
959
431
439
933
333
373
870
258
880
801
477
665
152
278
856
401
962
217
908
261
809
497
430
599
395
882
292
858
878
751
984
837
182
423
122
515
148
345
125
29
146
954
694
298
232
551
51
195
120
960
808
281
457
590
880
204
824
173
62
703
276
398
540
458
173
15
326
322
360
451
703
858
406
397
156
990
300
560
537
772
520
698
54
977
288
286
533
465
459
595
168
87
346
60
546
519
427
872
841
787
323
544
645
81
294
154
424
946
714
961
719
586
11
773
915
652
59
448
117
871
395
637
958
741
697
856
261
125
728
454
264
404
351
262
837
645
768
261
591
834
575
662
420
586
787
335
590
199
135
707
422
882
344
732
624
394
589
237
519
669
691
135
73
394
397
911
39
165
524
983
999
99
997
419
38
785
106
628
984
593
688
406
476
32
490
452
426
79
689
297
749
732
433
822
127
830
85
518
348
610
853
347
61
851
119
99
636
577
80
972
171
768
730
999
800
220
451
579
300
492
876
401
576
661
575
703
844
661
574
192
623
427
891
684
630
10
784
266
940
864
238
111
984
968
462
784
189
913
715
841
405
592
242
981
605
817
37
449
830
963
993
453
742
885
490
373
247
626
639
539
842
230
2
826
550
464
610
91
377
326
932
134
270
526
468
227
696
857
29
878
820
22
684
562
259
174
935
859
800
927
398
642
157
401
468
59
865
430
151
595
108
435
729
378
962
197
958
10
54
987
888
874
9
572
789
621
746
76
480
898
3
878
540
512
279
8
572
497
439
723
92
899
510
821
278
472
19
588
834
425
575
723
652
584
647
441
205
394
869
37
292
873
916
185
385
547
545
309
44
336
384
136
236
895
958
514
719
329
454
554
106
29
277
758
965
924
551
171
670
421
208
315
646
476
500
383
24
45
693
68
382
77
557
970
972
867
484
692
196
290
598
654
319
875
413
284
151
316
807
174
89
368
841
735
844
341
119
220
738
164
641
472
241
198
442
566
65
278
258
613
568
856
267
887
83
32
524
586
349
331
760
790
699
953
526
544
294
997
116
385
161
757
209
754
955
4
320
20
282
930
633
203
786
253
442
221
285
966
160
986
298
272
777
997
226
655
893
872
652
10
257
165
119
819
919
75
823
240
447
457
170
433
660
309
686
455
882
971
421
42
958
71
315
87
421
893
742
666
765
394
28
375
911
148
194
830
223
17
422
22
826
945
455
839
606
493
294
840
817
67
883
775
139
550
862
912
443
604
578
208
350
607
935
613
755
129
795
330
498
570
704
325
515
160
164
473
653
810
313
470
877
548
597
368
450
811
280
893
767
859
454
469
818
389
82
925
871
230
607
369
800
311
46
315
471
562
140
477
372
453
299
602
2
249
970
804
412
251
698
180
462
504
1
632
245
436
557
116
666
164
838
466
475
236
133
299
799
273
128
523
726
779
125
80
28
448
885
441
51
935
973
513
791
326
145
36
762
54
505
428
218
695
894
45
931
27
696
730
652
824
606
379
604
731
811
984
179
48
777
230
335
102
95
126
429
592
515
191
646
20
972
216
715
218
614
646
598
310
729
250
135
335
981
91
418
145
75
598
193
853
180
529
955
628
655
736
572
170
280
219
542
252
787
609
822
401
256
772
64
337
23
199
24
356
642
442
501
717
392
47
922
925
576
230
553
583
966
125
106
598
696
0
202
836
610
25
589
218
797
653
555
172
204
579
881
846
373
382
564
766
429
838
691
357
68
596
293
387
721
399
985
770
399
188
606
361
213
195
579
362
201
486
535
405
65
768
252
791
150
816
557
932
654
248
641
75
844
934
462
917
685
447
39
437
635
645
798
200
193
730
563
394
216
450
799
634
218
403
425
720
571
982
4
578
582
646
653
778
932
115
695
618
914
735
407
550
732
557
750
277
287
665
671
504
115
823
490
685
226
915
406
798
249
410
728
831
408
381
961
341
848
8
311
762
95
718
664
828
275
415
457
563
432
129
419
900
304
909
585
882
176
343
32
425
106
760
608
866
141
569
207
341
577
870
104
673
588
768
853
216
535
310
131
968
791
550
220
447
811
157
330
339
501
362
764
959
475
724
825
968
293
385
310
222
255
414
247
196
182
452
412
70
763
895
390
906
797
610
354
608
767
36
947
620
750
63
931
225
787
757
194
432
494
504
654
101
918
254
297
452
706
61
874
821
956
264
728
753
874
434
713
994
470
12
966
220
427
898
798
566
7
992
998
501
496
5
602
766
259
252
218
317
665
93
139
974
709
219
79
936
5
145
930
827
509
896
399
937
146
197
503
153
189
854
654
685
859
609
803
470
213
374
139
878
467
630
204
528
201
284
464
206
429
746
33
938
995
433
875
141
982
731
295
172
937
301
209
796
910
13
618
475
387
109
354
206
740
910
734
941
194
551
500
623
649
533
914
644
318
141
138
301
872
785
825
809
86
34
957
349
399
927
824
138
389
530
344
129
441
431
422
987
334
922
611
983
456
877
980
126
18
470
779
243
255
604
404
341
991
714
42
390
993
219
881
382
101
225
511
542
8
286
530
342
208
493
678
16
722
10
143
740
480
274
335
735
879
740
428
222
806
823
964
799
42
845
182
143
423
45
38
431
331
920
126
892
765
156
908
487
166
403
579
998
678
915
85
909
7
513
131
165
688
447
964
730
293
498
226
716
896
616
499
227
536
977
471
653
133
380
492
651
135
71
649
813
338
86
74
697
952
205
862
640
5
179
723
298
677
301
366
573
917
217
153
805
195
624
458
680
356
950
684
492
373
685
305
64
772
380
113
724
937
976
364
294
155
87
592
184
388
310
758
657
528
263
462
75
887
272
107
244
574
791
88
948
477
745
364
249
477
477
973
415
453
689
61
960
129
654
145
869
316
255
527
196
518
989
271
757
614
379
1
188
170
441
488
999
187
852
248
664
330
573
431
135
263
493
96
392
499
593
261
815
848
788
12
718
130
635
475
96
14
829
284
537
270
773
536
457
625
137
474
307
710
905
443
325
750
891
717
249
484
331
417
684
471
781
402
601
416
877
49
783
706
334
672
329
459
560
786
84
697
612
744
760
870
187
85
620
78
155
870
914
486
639
950
957
420
352
911
836
581
960
971
640
646
643
969
105
204
107
542
253
720
286
365
590
825
803
210
903
958
432
169
796
423
119
105
843
823
368
32
756
681
3
396
327
647
365
433
203
825
327
456
545
613
174
487
438
977
49
693
935
834
214
83
257
685
188
453
860
909
485
616
590
840
13
917
839
730
702
42
907
381
851
804
994
25
291
784
2
693
829
289
527
43
372
136
728
912
589
940
821
74
557
411
267
922
681
106
4
735
501
912
117
352
716
463
729
8
248
83
53
77
372
580
473
96
716
553
360
658
494
534
732
51
945
351
973
978
458
977
714
959
241
183
663
958
646
744
318
894
827
371
324
551
951
797
647
19
702
359
677
196
893
762
599
191
113
572
169
923
902
235
234
143
418
897
453
417
993
771
663
820
142
987
371
445
136
370
817
191
730
494
387
623
608
987
814
74
911
336
997
165
571
232
309
342
481
762
111
475
886
774
647
380
114
19
826
602
741
643
793
471
489
533
447
450
520
613
524
783
949
873
949
873
457
610
567
291
724
678
118
610
804
765
991
918
136
169
873
878
164
666
701
653
199
500
455
71
114
979
207
415
853
156
640
662
766
559
953
490
237
71
453
394
837
444
664
973
613
537
203
777
204
257
782
755
757
238
179
223
569
386
639
774
894
631
437
12
191
390
854
780
462
307
174
299
103
839
624
716
376
828
845
932
85
628
40
194
218
219
418
787
957
409
562
203
40
999
215
231
389
69
12
851
729
538
502
832
377
479
549
106
659
746
38
96
374
430
290
944
1
708
732
958
117
646
161
158
645
728
741
386
798
105
590
527
644
92
359
373
571
260
479
582
7
870
678
733
300
969
678
302
29
762
612
147
408
126
657
53
854
750
439
4
856
29
883
500
474
595
873
397
855
705
980
214
575
658
948
227
979
978
881
9
740
494
508
148
620
517
553
826
267
992
831
475
374
66
327
200
661
553
949
869
258
281
83
185
292
383
412
271
713
294
632
453
788
140
953
760
9
506
938
277
851
121
104
577
188
432
777
849
985
78
718
595
360
154
780
652
889
192
275
603
838
908
408
978
400
362
738
410
868
29
39
719
150
143
648
690
927
777
540
912
856
610
507
568
116
639
572
6
832
847
961
670
107
369
649
508
731
739
918
952
120
309
23
271
452
672
961
732
449
853
644
657
816
504
577
284
495
149
290
327
349
603
350
456
973
351
316
56
442
586
8
563
895
384
186
700
408
499
432
857
705
428
867
521
284
444
157
780
594
800
459
295
403
809
103
376
512
420
785
955
358
145
870
254
529
56
306
937
907
90
147
612
518
366
485
155
810
643
935
756
443
746
403
846
908
507
575
420
927
360
727
285
857
597
891
387
5
549
676
913
639
175
877
510
541
363
665
704
6
952
812
801
698
216
999
606
723
574
379
2
286
458
639
144
408
531
883
413
432
911
678
72
87
908
582
980
271
599
684
629
551
497
782
601
713
781
560
788
356
939
790
994
749
429
490
157
312
725
923
745
637
953
169
76
861
103
56
484
702
93
113
605
942
895
558
7
677
118
795
385
409
937
379
159
366
222
316
679
947
591
776
584
545
297
12
406
400
421
891
454
866
356
411
808
604
969
815
633
88
962
18
849
899
749
8
617
971
677
648
271
268
424
855
165
721
220
924
473
641
167
279
507
523
690
667
127
660
834
112
748
796
130
949
47
232
958
664
555
987
313
826
607
89
34
773
163
254
49
988
247
216
268
106
739
958
773
219
618
607
331
718
755
814
668
154
398
978
818
953
965
483
780
924
925
814
697
88
420
98
76
667
314
344
125
54
655
898
625
273
857
308
992
612
122
12
766
872
990
936
826
307
772
958
231
697
124
281
137
544
379
565
563
694
910
688
100
565
938
725
190
795
33
534
759
508
546
877
732
888
813
558
195
937
516
779
986
992
60
123
888
439
689
803
485
951
491
585
868
781
662
58
576
48
945
335
908
491
564
640
732
730
199
927
667
67
706
654
412
118
129
300
910
818
104
395
121
947
981
989
729
995
400
657
43
345
345
951
188
909
592
920
639
143
200
307
562
258
313
974
377
442
627
287
613
731
682
734
30
15
724
759
363
124
417
406
821
762
710
9
23
654
282
663
149
482
322
63
740
987
390
117
429
17
756
42
100
439
129
130
806
853
890
169
329
659
928
502
773
638
511
796
644
145
811
793
627
133
856
368
120
246
837
902
615
594
296
715
385
425
846
543
630
736
713
311
747
993
813
520
983
677
668
627
822
480
772
450
613
980
170
86
579
7
988
194
953
636
910
338
62
756
882
692
492
947
4
591
292
169
111
275
846
779
254
669
259
378
471
225
358
641
663
937
648
651
132
954
639
42
292
701
798
174
746
642
473
102
233
765
271
696
40
118
827
646
139
439
24
610
664
383
251
327
672
251
330
804
205
969
198
850
23
348
24
769
990
850
223
575
615
494
623
8
612
451
6
103
890
31
713
906
766
316
585
438
568
267
595
125
588
793
975
611
142
352
732
484
202
955
412
169
450
35
177
414
838
184
870
728
567
583
986
333
900
571
123
820
838
718
945
779
864
273
390
6
625
475
490
827
782
254
348
584
290
878
999
128
62
221
209
981
804
547
666
704
471
789
876
661
860
822
440
724
95
183
730
72
658
572
251
440
827
599
25
469
477
376
949
891
597
510
872
753
58
538
810
529
328
686
190
188
508
983
912
955
166
994
27
824
918
278
616
745
230
641
566
707
369
516
599
318
378
471
72
436
362
882
317
42
568
860
582
429
843
846
736
9
840
116
185
758
746
801
856
976
795
774
684
164
642
635
835
21
458
907
809
820
789
127
214
709
339
796
138
534
642
875
543
482
991
80
593
89
233
801
66
28
575
102
545
218
737
380
239
195
287
48
368
428
527
582
137
218
379
628
752
373
503
647
856
846
727
801
935
961
602
353
989
177
455
886
747
192
266
986
740
905
387
460
333
266
394
823
485
125
451
237
499
306
885
355
152
612
156
439
925
110
793
267
639
600
153
387
793
772
725
885
29
112
345
715
379
739
538
864
865
989
453
364
647
338
71
151
303
579
590
228
689
735
495
680
336
1
67
481
773
793
366
802
257
63
517
988
154
55
852
371
396
306
735
43
996
158
194
299
89
137
880
130
224
375
811
912
376
878
393
501
23
111
304
281
174
173
269
681
581
474
52
329
132
140
725
128
298
919
780
388
408
660
518
985
387
681
897
764
560
643
617
935
754
273
216
281
447
838
962
28
664
14
357
796
154
82
276
805
354
408
545
114
68
415
99
456
97
349
572
9
992
189
944
746
463
513
379
262
703
341
642
367
708
999
515
862
434
143
19
140
552
916
606
620
332
706
428
781
407
0
790
399
542
86
497
357
951
877
971
6
218
613
725
278
964
240
141
398
384
512
890
936
429
497
908
113
555
337
894
962
689
36
713
583
474
562
292
426
439
263
784
10
228
510
288
193
102
781
943
838
646
834
126
75
683
35
188
238
724
82
552
765
470
617
701
944
179
345
722
619
961
507
981
189
369
269
382
471
403
326
310
49
512
788
124
195
175
664
785
899
98
337
17
568
954
70
512
133
415
235
104
728
742
85
918
111
707
652
934
110
330
596
511
842
385
987
389
560
651
174
812
749
863
181
317
817
251
181
303
18
416
759
99
510
845
17
973
904
21
260
14
352
856
877
194
241
864
936
154
515
110
966
616
974
147
285
143
750
466
446
120
235
206
219
97
403
588
423
307
610
683
673
962
539
550
508
133
414
444
639
281
907
605
897
881
104
182
376
206
648
823
678
235
381
898
333
136
838
756
795
448
439
468
762
330
370
623
815
784
419
454
65
326
411
314
559
515
496
936
73
496
111
752
732
844
2
65
980
840
173
775
641
612
595
755
294
965
378
110
101
798
916
166
476
328
480
36
195
328
324
269
824
435
373
556
279
375
621
259
567
146
386
208
758
981
964
405
946
694
867
399
844
783
565
321
463
397
709
659
77
385
280
901
820
653
458
99
380
431
710
947
578
448
508
688
429
824
445
727
518
312
126
715
448
43
388
263
792
97
922
869
482
554
122
654
207
932
105
939
716
167
887
294
615
747
334
396
571
132
123
441
444
601
156
244
996
544
508
788
993
782
9
827
337
483
481
896
416
938
836
132
105
75
778
720
174
112
468
745
596
943
186
41
544
695
637
540
239
497
680
585
280
41
412
969
525
246
865
293
536
53
425
642
480
203
714
654
667
183
399
264
126
938
657
23
985
646
915
224
144
948
161
776
341
574
745
218
172
610
511
708
16
936
702
496
491
769
503
511
304
254
127
430
192
136
805
177
782
73
754
926
21
915
702
362
841
799
933
365
762
444
426
778
733
128
626
576
897
129
87
201
384
214
984
928
350
141
458
485
214
212
763
587
479
818
302
673
617
235
38
379
679
464
157
764
945
136
341
194
265
428
748
1
995
732
930
697
225
388
182
440
952
946
379
431
764
681
104
733
916
495
113
948
959
622
712
256
758
405
451
376
834
199
377
181
283
307
878
860
695
413
652
999
711
32
431
827
713
887
560
982
382
673
930
694
648
994
302
406
400
753
782
586
304
160
767
939
819
997
800
867
762
452
866
473
484
649
652
550
537
213
532
271
238
814
317
886
160
620
645
560
725
779
498
30
291
617
321
111
967
121
330
729
926
196
555
762
846
207
664
735
772
548
358
11
714
676
249
875
296
894
787
373
674
286
755
965
903
77
428
870
550
758
952
828
955
859
591
153
66
607
240
191
156
598
554
870
274
803
97
922
50
885
296
76
523
403
41
778
480
822
1
383
580
953
211
887
164
154
392
230
762
632
773
270
231
327
492
857
131
590
780
533
827
428
609
350
183
650
128
664
824
481
399
405
786
610
292
950
117
685
181
231
669
306
501
900
634
993
110
117
583
890
650
762
670
259
112
853
261
593
869
86
74
268
843
861
231
487
811
348
524
344
579
194
651
432
446
637
425
556
754
361
798
756
123
468
15
588
674
628
181
895
66
255
516
261
468
747
749
280
447
273
976
378
467
627
810
266
616
587
822
370
300
621
126
776
441
493
364
467
474
897
363
892
504
879
154
973
978
903
605
777
528
581
155
348
561
317
614
177
256
436
900
557
57
26
333
499
872
49
966
698
946
681
590
802
912
744
775
242
647
732
19
176
314
526
524
227
843
490
756
100
926
656
9
336
35
694
187
907
95
505
957
41
187
547
843
99
292
971
342
291
703
713
819
369
240
695
596
435
185
353
535
112
361
896
448
396
590
635
655
37
140
612
78
679
160
274
131
804
597
825
95
300
538
267
22
130
962
618
566
148
323
453
612
685
350
412
433
292
399
89
330
891
53
760
571
565
386
54
369
983
879
817
636
769
84
658
900
398
628
466
546
304
271
510
341
621
922
774
266
321
215
948
213
269
60
784
834
447
838
556
782
69
725
418
838
161
428
738
559
409
556
458
713
828
968
54
801
891
180
419
212
396
367
425
665
428
561
851
875
751
759
9
820
484
780
659
997
208
749
557
969
658
15
682
486
335
88
639
226
269
59
791
17
426
216
34
206
130
237
433
881
997
443
702
833
223
713
831
783
814
388
105
472
755
787
310
90
228
950
669
849
361
460
866
787
28
252
346
510
489
779
392
486
574
446
672
149
511
503
933
325
243
38
150
350
177
460
792
757
410
461
606
771
273
824
911
654
428
609
516
918
388
908
756
315
706
428
464
569
931
749
247
526
139
397
876
669
857
669
426
620
482
385
743
108
561
6
114
990
615
630
908
356
891
16
23
949
445
487
519
728
237
766
255
728
163
483
397
372
504
824
344
339
561
88
799
122
446
913
464
414
543
372
122
786
389
145
736
186
632
255
914
221
373
521
950
888
357
347
260
861
523
605
552
84
45
351
559
843
264
23
257
160
748
379
946
137
524
682
675
509
289
589
730
662
463
32
550
820
732
163
681
255
120
586
692
517
937
251
360
202
274
618
714
22
349
12
511
226
47
186
735
336
128
817
351
591
850
901
411
582
416
444
189
536
30
881
53
320
484
414
874
759
384
588
133
85
600
997
311
999
183
46
336
663
216
687
606
66
940
369
0
709
814
541
245
196
775
299
868
259
65
742
370
801
682
504
886
283
853
198
634
388
596
970
52
812
9
658
230
302
28
230
11
194
124
608
742
899
907
611
158
324
705
529
477
388
385
364
23
590
914
657
978
510
628
30
323
989
41
905
291
421
488
654
967
612
263
709
511
522
672
21
847
378
902
676
766
639
40
789
229
954
446
208
817
426
590
492
416
631
397
59
404
885
714
371
497
977
81
360
851
105
734
50
483
636
727
601
628
767
390
857
74
189
65
891
615
8
383
383
991
780
795
396
18
509
767
515
838
200
228
689
306
962
740
141
950
467
743
578
586
485
436
660
674
853
551
642
213
286
377
205
419
172
601
437
681
720
304
871
921
532
561
579
846
653
720
149
472
463
727
58
949
515
719
975
721
622
969
934
909
347
491
328
519
444
765
553
165
421
424
438
954
337
17
152
990
89
301
462
905
381
873
854
896
592
181
617
566
151
904
827
498
747
155
369
192
272
922
357
694
347
147
0
684
516
504
27
605
806
841
510
187
714
716
435
658
250
405
225
401
309
52
251
56
560
620
600
184
543
309
230
242
456
582
278
972
87
305
930
893
499
792
432
213
509
867
224
111
272
449
512
933
853
115
342
765
735
942
950
630
252
532
872
60
115
151
385
202
808
315
447
307
107
231
873
968
98
97
79
723
898
943
656
751
58
998
517
146
293
819
776
545
703
1
605
170
504
990
724
312
657
171
972
765
402
845
85
853
942
517
576
840
460
232
943
871
583
812
17
876
983
145
773
687
498
730
857
2
721
582
667
378
105
639
495
860
836
933
713
778
450
641
970
910
225
913
781
808
78
150
36
61
296
809
100
794
540
958
149
613
892
816
343
349
807
191
209
643
124
274
773
574
915
743
836
141
8
970
301
86
120
338
148
768
147
248
915
39
558
416
652
802
232
348
152
391
539
361
34
663
988
807
589
903
902
777
44
910
747
698
349
220
36
849
340
535
97
255
927
8
671
579
810
255
279
314
646
818
28
32
833
16
191
774
919
93
552
316
356
651
14
705
223
402
554
564
937
3
171
864
363
195
796
526
802
75
840
449
246
868
833
431
884
25
206
156
470
110
472
826
113
838
883
337
240
437
253
529
793
776
394
508
971
542
34
774
617
875
575
215
95
760
647
980
785
853
488
256
315
960
434
428
150
318
117
742
107
370
271
900
499
665
761
470
559
795
596
177
22
523
392
118
284
391
450
69
244
938
677
911
250
112
340
400
782
457
494
889
180
765
142
679
783
903
501
342
698
450
871
721
973
616
191
257
7
641
679
604
931
708
515
181
820
207
933
602
17
427
844
197
192
986
228
327
889
81
670
939
531
541
12
505
509
203
114
517
196
793
121
127
502
988
308
674
196
593
629
213
20
473
762
565
811
342
892
700
423
914
639
307
456
652
812
317
207
926
834
404
72
307
883
574
296
192
600
844
785
581
57
158
54
171
723
865
513
967
917
288
882
909
595
690
913
407
7
472
686
842
876
758
501
760
684
149
304
636
993
441
218
50
599
624
221
674
842
86
642
759
375
876
20
970
566
933
730
925
758
416
119
634
526
621
746
562
770
50
198
764
844
416
166
795
393
740
470
235
178
464
346
553
340
367
876
258
652
606
183
410
374
655
397
900
276
495
462
398
898
12
514
742
781
681
537
174
773
359
409
951
823
107
857
515
826
733
125
831
691
661
241
65
316
990
317
592
486
131
342
384
143
857
478
924
890
15
450
663
727
211
966
902
319
823
418
145
908
895
976
599
556
570
664
872
912
981
816
750
112
159
486
608
368
964
884
258
332
335
921
59
898
239
961
217
63
731
715
971
627
43
923
183
965
587
408
230
921
224
980
33
735
467
993
103
783
878
361
115
565
634
526
463
874
840
681
289
923
748
612
550
143
535
86
109
475
494
691
396
70
671
781
806
490
775
909
274
653
623
741
218
257
620
33
483
812
66
124
735
814
89
638
958
976
724
419
451
570
110
847
640
133
981
446
624
756
708
250
761
331
343
331
940
315
364
776
127
431
900
215
597
989
853
907
318
577
326
769
147
788
969
139
274
950
586
250
58
646
852
819
977
195
502
269
863
866
45
990
649
946
205
247
287
410
154
605
987
833
727
486
621
696
626
247
998
564
497
56
210
349
227
187
897
729
456
760
947
854
102
597
800
660
844
439
70
998
45
410
831
772
896
805
820
874
52
818
438
550
226
0
251
453
539
148
534
348
260
481
202
715
78
2
375
922
793
797
921
838
207
104
962
456
909
134
682
962
952
121
864
530
473
115
335
13
616
869
361
228
351
563
943
781
917
670
704
710
468
977
901
675
81
863
483
343
998
166
657
302
287
521
833
112
988
168
125
956
390
486
185
93
401
480
874
318
151
930
381
619
907
282
646
341
497
130
684
847
296
341
150
935
214
335
47
202
855
173
511
245
11
696
338
765
528
565
435
679
495
816
650
403
450
297
96
948
427
132
795
723
473
297
658
39
632
57
593
488
582
104
85
594
152
424
711
681
341
146
360
836
315
11
591
765
660
687
65
87
819
861
162
644
158
172
35
143
229
629
631
812
733
68
758
886
844
821
567
185
967
279
22
634
642
613
400
302
653
817
741
824
678
903
821
189
427
856
684
657
485
667
821
219
735
931
457
580
104
24
765
71
655
139
58
298
753
810
952
758
627
694
582
658
949
403
199
377
612
883
386
97
550
559
316
285
842
773
217
946
149
983
17
157
122
427
807
227
237
759
985
865
805
920
875
107
675
74
484
287
957
222
385
859
781
53
496
623
179
714
569
680
49
938
837
171
366
644
751
955
404
88
172
561
8
47
668
36
121
504
323
430
726
60
641
507
114
138
482
645
204
51
325
253
342
163
776
60
159
879
15
563
968
188
477
328
235
145
364
709
650
688
491
728
748
133
588
214
271
70
859
827
474
185
80
168
700
208
228
859
88
243
775
56
783
252
384
19
749
101
80
751
789
571
480
889
704
420
456
327
490
315
154
316
852
586
484
904
795
712
764
883
308
539
291
91
143
27
462
244
128
542
996
269
114
828
511
170
248
967
498
90
634
4
407
487
591
891
391
738
956
507
621
264
398
264
707
893
291
170
138
772
64
134
41
178
314
552
701
914
519
199
4
154
555
411
993
146
655
736
236
963
596
209
579
994
473
286
888
117
808
26
889
873
512
930
403
178
483
104
92
354
655
96
860
211
860
205
709
515
294
946
830
890
155
409
884
981
695
124
98
856
150
987
729
14
269
484
192
104
589
636
459
596
733
671
159
593
877
869
460
171
167
642
61
674
51
297
7
98
422
105
954
924
444
35
291
714
520
483
818
461
472
629
57
205
301
217
150
530
438
962
53
957
604
114
631
7
763
639
105
185
96
60
462
541
95
753
607
967
588
777
428
60
407
486
617
60
55
119
590
493
81
643
450
37
109
433
44
224
424
150
410
521
562
224
414
9
977
373
977
917
150
405
330
909
243
947
969
298
67
911
143
500
906
593
538
367
379
934
592
803
84
354
676
998
930
442
8
907
815
337
176
966
94
506
227
690
806
197
988
225
460
484
725
719
429
263
86
808
198
30
964
634
736
640
985
666
435
345
925
250
682
102
568
128
960
796
818
118
345
159
343
805
643
69
876
72
684
315
233
234
345
197
221
434
189
206
100
624
551
26
875
585
480
795
65
440
591
236
911
936
395
254
94
390
323
970
814
360
285
399
594
983
596
167
417
786
373
517
762
276
895
989
861
375
785
927
168
728
163
79
665
910
685
111
652
9
433
818
721
719
218
315
54
814
483
823
952
208
692
715
485
588
56
698
315
841
625
835
570
140
266
587
402
952
698
406
313
131
225
34
202
443
701
608
609
536
431
562
745
476
629
230
416
37
280
731
879
906
919
801
398
185
388
153
489
438
559
802
921
784
188
476
579
890
436
189
426
220
103
523
696
732
105
112
769
386
195
0
644
114
153
42
652
541
547
141
331
107
296
605
243
484
81
823
726
869
12
153
89
467
676
785
199
134
897
320
520
445
673
164
559
826
558
563
720
106
705
51
565
353
8
808
837
441
983
916
311
347
69
400
814
97
186
365
231
435
38
751
232
711
267
792
537
826
707
609
284
764
13
849
117
21
9
307
463
345
223
774
692
644
526
507
93
64
224
325
500
262
428
732
325
48
876
215
874
584
824
158
348
837
359
818
211
368
125
26
713
348
800
758
344
678
617
437
743
841
114
243
104
543
327
429
591
556
996
817
492
821
327
192
10
686
10
221
54
135
247
120
835
399
878
179
78
495
969
821
688
83
416
144
978
95
574
569
651
922
738
495
743
65
688
754
751
698
327
158
186
575
630
21
326
508
553
404
355
522
577
43
605
345
188
584
441
114
505
444
36
596
940
132
661
628
886
765
326
565
923
512
140
905
886
819
413
439
223
120
313
153
515
918
498
703
854
939
169
712
736
206
308
676
690
321
656
576
86
982
493
361
847
634
266
85
453
31
876
28
151
189
181
667
459
32
722
314
323
892
378
59
450
686
735
140
7
391
68
446
726
561
807
925
547
74
10
352
105
886
381
609
427
914
628
886
298
350
552
622
242
930
681
44
968
769
184
328
512
604
774
590
518
581
515
65
7
877
418
465
115
151
74
542
417
54
781
68
404
333
690
999
616
723
43
936
844
580
264
709
536
390
299
54
324
167
472
331
396
890
148
512
393
574
406
162
628
539
230
33
225
272
384
841
996
779
129
192
711
746
901
248
136
201
654
460
720
126
144
116
368
292
980
761
219
739
276
847
278
506
232
503
131
616
696
479
748
826
671
459
572
573
59
60
126
66
873
198
192
369
666
561
661
647
674
232
738
302
80
16
161
664
872
292
633
568
771
381
746
794
192
318
367
252
731
845
318
604
395
862
973
62
775
986
61
802
219
799
104
651
167
265
315
39
909
948
608
680
681
354
475
874
25
194
126
108
392
796
712
787
658
37
849
434
375
262
236
946
61
692
597
229
310
265
620
219
565
228
900
247
935
727
121
312
921
247
420
665
395
484
453
53
873
654
839
248
917
427
547
330
472
496
911
782
761
532
1
327
112
901
926
399
980
47
711
254
646
483
919
41
319
724
446
192
379
638
793
648
417
340
330
889
836
242
671
950
774
673
277
238
926
203
638
907
602
701
513
248
185
432
289
504
157
87
49
888
725
842
536
143
534
866
384
370
460
56
320
586
81
949
825
7
504
815
266
106
516
779
354
53
564
995
910
721
435
959
961
512
153
497
7
687
715
392
409
528
448
730
114
881
31
291
240
536
106
859
994
975
638
349
28
554
696
290
275
131
249
236
644
754
85
651
441
153
43
851
33
843
933
147
76
316
791
317
852
897
176
847
224
166
548
605
721
596
895
348
728
497
937
724
251
374
727
693
527
771
896
560
966
181
60
395
497
851
712
702
100
888
901
677
406
801
282
127
397
177
476
477
674
765
201
926
139
929
971
19
52
219
579
370
752
991
765
601
194
829
303
647
717
556
324
124
357
606
603
755
783
431
584
810
196
786
88
336
67
411
355
471
630
286
841
734
630
959
335
824
788
991
471
858
547
795
334
257
401
937
364
537
369
948
699
917
86
787
253
153
550
960
624
180
599
818
266
229
777
601
53
565
944
877
423
844
672
757
101
426
47
817
315
768
117
366
685
204
505
291
357
55
251
334
587
202
152
853
431
281
806
837
846
751
714
622
947
738
731
400
516
778
217
183
546
334
549
232
538
54
523
248
109
126
934
48
329
438
901
112
719
60
949
917
811
15
891
110
754
623
510
270
401
727
454
948
413
3
532
304
410
55
904
871
533
838
920
214
628
173
327
347
233
276
616
396
292
508
506
398
131
16
668
532
95
474
832
509
830
364
165
592
771
69
463
305
259
383
871
887
557
198
586
790
827
202
187
119
710
45
517
193
62
537
78
509
364
910
370
194
627
535
786
398
956
601
55
215
985
927
102
894
125
40
36
952
243
575
423
305
621
292
851
35
182
929
544
546
191
915
92
818
802
230
569
759
831
624
326
168
903
781
414
381
821
451
685
416
26
109
722
999
753
925
34
287
854
579
185
45
846
277
216
648
859
785
759
691
409
86
211
313
867
626
46
40
429
731
457
455
192
531
455
946
456
841
585
662
420
771
59
618
48
275
619
908
60
378
951
822
816
514
487
35
140
533
76
569
264
885
377
457
416
184
755
224
25
340
886
798
111
945
416
512
221
387
772
281
118
75
455
934
589
942
322
82
475
398
3
740
635
732
549
51
916
656
275
294
996
161
92
460
458
860
972
679
248
744
313
366
171
768
652
760
711
974
842
538
724
198
630
359
930
179
762
847
187
37
141
184
550
585
996
9
445
968
40
45
64
705
763
235
474
416
347
537
742
542
75
819
740
706
178
670
237
293
869
425
682
362
961
233
947
957
594
745
277
986
142
693
692
906
280
518
322
979
55
416
521
130
235
613
188
766
284
426
59
505
203
741
220
164
326
519
473
920
264
102
259
407
795
951
313
427
469
987
406
876
403
928
6
639
541
547
405
177
325
816
35
528
557
255
44
884
774
869
156
391
971
415
798
118
718
463
545
539
802
951
415
557
231
774
196
125
321
953
654
646
121
689
526
679
944
570
915
71
791
71
462
762
839
260
880
557
75
425
449
877
728
864
434
312
638
983
437
959
288
91
957
410
133
483
441
77
405
356
500
196
779
962
310
970
574
190
880
649
967
329
878
48
193
665
360
832
0
149
143
640
592
453
402
725
288
843
155
694
551
655
242
683
618
553
653
192
95
885
194
63
214
424
463
760
89
823
944
441
972
439
82
564
892
484
642
181
680
797
227
231
452
821
266
422
726
272
967
822
157
513
237
724
937
700
836
379
875
780
820
199
219
254
115
464
739
757
645
419
906
872
2
359
45
269
133
772
893
100
594
50
965
183
126
903
883
962
634
110
94
806
309
666
61
424
130
800
534
127
571
440
351
573
151
396
194
285
168
87
737
114
490
703
297
968
958
532
931
592
642
377
750
303
43
811
728
525
963
614
4
534
54
355
460
206
104
6
843
272
446
932
387
936
987
36
256
945
569
539
889
563
917
640
867
312
803
947
838
767
561
194
301
967
550
113
525
654
120
368
278
566
653
17
854
640
54
110
938
975
650
179
538
919
171
405
231
975
704
421
742
265
616
395
585
166
509
110
172
981
831
802
547
484
820
753
124
874
215
62
201
865
242
739
136
765
497
368
740
201
789
834
819
405
230
404
923
91
514
95
72
345
250
971
829
70
724
306
296
291
368
497
509
962
588
645
728
85
13
820
287
803
655
458
560
885
862
836
328
376
283
400
74
533
371
255
603
447
561
899
738
282
748
599
244
337
245
324
774
258
145
61
413
152
519
326
389
733
162
717
462
445
117
536
979
840
791
582
639
353
834
729
635
934
329
231
271
574
556
46
184
53
459
598
205
331
276
594
64
438
663
526
883
780
414
862
972
206
797
611
911
983
340
546
917
21
777
541
595
685
939
132
90
398
730
647
81
6
593
498
796
256
376
679
388
791
894
360
997
691
971
260
26
664
806
943
37
935
484
985
973
423
117
415
174
199
63
255
557
8
105
353
265
482
384
653
273
278
14
622
321
337
882
347
353
40
291
391
975
127
376
300
903
493
716
77
44
131
684
601
139
790
954
404
272
338
58
897
969
424
519
290
113
401
990
467
441
633
858
768
760
586
421
663
431
137
92
475
268
777
76
407
567
382
164
191
72
574
88
41
998
607
684
463
360
674
930
153
307
140
273
67
78
694
83
509
831
175
984
451
952
412
211
871
794
375
62
867
949
150
908
299
109
944
762
821
618
45
974
925
537
248
345
616
294
428
125
126
603
110
929
908
522
140
779
669
867
194
536
168
696
796
819
158
741
582
979
359
979
306
637
516
554
334
132
200
762
610
678
717
72
608
977
946
100
109
615
968
303
503
136
351
300
956
509
393
890
841
104
221
147
741
89
53
75
574
253
189
184
932
259
256
892
236
554
992
345
170
312
0
673
801
704
325
109
565
718
999
406
175
572
553
268
661
958
696
235
212
885
771
496
496
379
388
733
934
732
430
104
45
783
129
846
839
807
955
404
877
306
163
52
878
716
321
891
27
369
479
591
606
250
87
103
982
827
188
916
559
970
372
604
105
853
450
944
660
405
349
538
63
512
590
941
580
263
185
959
632
664
550
591
266
637
694
248
816
882
164
376
204
888
980
310
742
431
254
402
188
955
292
252
819
235
545
752
498
730
63
483
746
614
74
13
603
120
261
420
354
778
796
558
18
128
868
760
911
475
515
100
782
807
704
954
42
601
58
893
332
121
376
78
735
802
443
691
922
705
111
276
835
259
186
853
387
407
966
299
234
481
751
368
288
455
322
683
56
732
576
740
854
304
171
941
106
614
632
380
671
95
8
506
354
546
712
94
953
678
393
187
159
144
556
799
951
230
482
359
963
410
452
817
714
623
110
172
589
95
552
261
190
912
119
897
459
183
991
764
213
736
952
724
232
860
524
183
90
358
894
405
769
346
574
483
321
685
8
263
132
912
876
322
825
347
571
636
531
914
400
744
2
704
469
234
916
345
769
7
55
16
764
824
714
339
660
36
376
668
651
508
580
527
182
757
874
106
745
757
20
146
502
375
202
323
609
119
20
731
478
427
747
242
604
461
933
264
849
309
284
500
169
216
379
704
326
254
810
71
11
182
217
865
557
772
540
167
891
912
250
369
340
997
611
944
458
897
560
660
558
196
160
728
412
540
432
90
146
242
162
509
776
731
375
334
503
267
853
394
180
103
763
872
452
727
816
910
976
728
922
534
924
435
262
688
327
46
779
473
640
941
982
417
24
709
751
528
329
956
922
861
59
38
733
511
117
901
773
93
981
696
627
905
483
242
945
810
288
724
635
929
17
969
346
42
679
449
922
360
405
196
221
816
586
954
327
703
207
452
148
188
500
776
445
983
370
390
793
658
467
780
939
484
750
637
878
781
438
152
141
843
349
362
11
935
668
690
991
875
143
139
415
643
267
860
979
637
250
124
648
69
905
587
554
655
577
784
436
15
289
577
211
638
291
222
925
959
913
916
186
56
408
953
51
27
813
30
17
415
155
665
485
412
604
391
67
181
527
503
549
816
432
760
806
723
982
732
682
247
0
220
655
760
173
707
788
986
89
805
753
596
822
238
8
426
981
427
960
509
930
509
677
362
621
484
85
955
216
119
203
568
339
858
329
512
917
117
850
7
922
604
955
96
194
316
522
528
743
834
389
674
695
66
388
668
550
826
624
118
945
827
687
637
37
16
149
955
485
352
314
759
308
621
855
854
937
729
382
681
564
123
707
611
190
95
280
92
921
904
211
219
83
250
856
472
266
357
427
103
61
93
862
369
715
69
576
652
798
310
685
714
434
392
326
624
840
958
716
113
214
279
684
297
529
540
769
147
250
549
250
311
994
464
33
709
533
609
714
332
919
751
398
353
144
76
329
336
34
46
449
248
677
134
897
207
26
19
354
276
568
957
940
562
421
325
624
955
934
690
639
205
441
389
559
937
466
240
273
500
638
75
101
316
561
998
523
587
17
229
216
937
186
508
852
608
833
828
915
119
870
906
324
311
295
235
601
113
476
226
966
114
653
67
430
214
417
305
154
787
535
722
76
73
230
928
681
415
108
948
534
978
206
210
642
854
446
243
967
274
821
933
388
475
352
171
689
122
476
843
261
363
917
337
437
147
618
470
914
78
771
448
57
977
659
51
831
457
294
151
731
467
436
471
942
141
642
632
263
471
827
876
186
745
213
623
244
183
446
511
262
217
959
671
194
970
722
378
779
16
529
862
483
965
334
778
458
328
410
721
151
589
949
338
686
163
313
283
698
759
794
960
976
105
631
523
428
353
253
207
721
782
70
557
99
756
687
558
84
97
631
236
38
581
574
77
96
239
360
794
999
506
107
327
611
90
202
391
796
455
951
869
237
373
778
689
129
465
599
565
914
230
801
953
163
727
382
611
967
94
758
318
600
217
645
563
307
848
955
455
655
258
325
893
631
103
934
760
921
533
677
835
115
479
140
631
558
522
594
877
616
352
195
216
569
193
132
229
393
439
684
48
697
361
293
328
817
579
440
738
112
117
573
580
948
714
563
507
588
157
736
205
862
932
773
431
477
257
12
222
696
49
622
393
410
916
73
579
495
513
317
960
983
891
892
931
957
807
790
545
964
527
102
826
811
228
610
640
485
974
862
534
23
484
927
786
752
353
365
600
218
35
912
201
926
804
485
235
611
627
132
927
506
587
754
669
815
716
309
652
690
171
186
66
8
466
852
760
819
569
712
37
604
624
591
882
780
428
117
743
55
602
671
914
189
777
583
356
845
893
360
535
416
547
953
776
365
805
889
184
727
601
573
331
578
516
566
358
944
35
454
352
637
477
618
178
606
201
534
451
446
895
338
215
794
292
991
159
449
880
695
176
834
620
860
412
137
426
122
433
813
576
137
451
53
755
981
659
309
868
462
755
115
801
970
909
93
314
420
894
194
115
71
380
87
283
792
576
61
915
362
874
843
851
677
249
607
659
260
268
879
723
375
994
876
346
903
321
12
323
215
206
790
638
587
229
273
731
806
334
998
520
561
194
371
590
443
330
249
703
598
480
778
974
474
6
672
377
327
684
52
895
242
194
533
181
776
807
913
582
493
263
102
54
457
825
645
900
156
246
956
754
727
86
80
201
93
752
931
420
788
335
315
383
882
201
564
658
360
829
240
853
93
694
260
902
519
257
155
675
855
463
782
934
549
862
488
994
967
771
767
107
106
434
490
988
635
407
646
347
236
238
553
681
284
165
584
156
422
739
183
629
554
965
916
103
180
404
98
499
175
217
606
633
651
449
622
287
856
620
986
444
211
539
126
495
704
62
3
478
153
187
108
707
504
24
162
36
780
612
535
955
829
494
588
481
295
562
120
151
535
106
947
746
646
73
593
702
487
597
181
640
136
289
699
640
665
862
29
445
474
564
752
656
410
692
137
705
607
257
208
142
715
156
240
713
581
185
416
69
782
597
61
270
238
113
263
903
975
292
700
801
208
452
457
619
496
946
676
103
203
885
245
271
393
837
984
974
23
400
395
157
997
457
428
587
570
43
490
897
335
542
50
895
994
508
866
491
454
543
946
10
780
192
281
173
381
617
499
404
18
895
914
367
352
342
955
274
737
797
171
424
340
221
319
686
81
186
529
888
81
476
250
861
20
883
386
401
500
885
158
518
780
72
886
484
766
193
758
503
990
281
927
330
855
246
369
288
784
898
176
865
374
778
726
746
661
112
148
162
350
306
32
130
730
270
967
496
463
725
999
806
359
278
488
214
524
857
502
309
108
31
174
834
161
253
581
823
717
81
337
67
387
721
550
469
344
517
965
807
242
316
965
953
594
454
167
470
663
22
779
771
405
306
606
918
911
187
93
628
268
430
696
7
504
246
476
848
115
793
7
709
109
973
663
55
779
182
525
442
204
657
566
961
315
172
880
226
711
325
854
331
108
902
690
612
500
518
812
615
311
819
325
772
144
988
827
275
170
704
70
727
361
636
40
676
160
272
254
871
598
109
554
706
363
244
670
864
762
482
831
425
653
156
197
150
496
376
425
19
80
495
98
794
131
490
822
643
763
77
866
713
538
420
771
901
664
441
117
778
275
949
203
928
457
752
78
306
128
504
325
561
351
775
355
835
265
177
478
380
606
345
93
144
765
216
46
782
657
163
560
284
464
116
213
274
868
643
580
349
499
257
910
851
32
617
38
649
794
516
30
753
213
475
897
331
44
943
113
53
459
25
338
275
493
551
549
362
546
481
711
46
738
973
249
122
590
287
772
384
803
154
137
369
981
387
700
25
682
165
431
493
542
769
769
36
672
670
750
218
152
461
616
890
434
865
365
24
152
137
760
308
643
250
29
976
637
729
354
671
894
785
165
436
554
934
824
578
956
574
796
108
387
765
351
821
630
716
197
135
853
310
795
848
912
824
824
549
553
530
220
799
315
737
587
221
671
412
799
628
338
948
88
726
713
439
899
695
155
97
830
360
759
977
208
671
801
385
572
706
915
144
857
583
882
445
156
905
209
956
885
547
256
974
625
969
413
525
16
569
974
199
929
733
176
490
404
330
875
976
388
142
120
246
77
354
43
234
260
604
542
145
151
798
119
129
119
533
654
135
454
628
686
383
361
863
225
117
545
452
445
933
595
917
531
24
272
574
258
532
178
800
677
682
598
797
811
69
682
817
205
136
797
891
871
158
106
97
627
651
901
72
937
848
989
468
873
261
395
131
145
925
284
823
959
882
972
122
304
654
939
509
142
88
752
365
598
211
814
225
214
716
649
151
564
639
972
437
252
719
921
398
996
205
573
956
439
545
430
743
551
722
604
693
810
357
58
409
568
873
634
782
589
284
286
505
275
610
943
879
329
864
629
325
69
202
633
860
747
64
604
650
786
208
343
596
917
402
357
837
627
992
620
568
628
258
73
255
868
16
486
549
232
116
874
653
318
860
514
418
924
118
68
62
678
764
10
596
518
368
433
145
712
405
713
692
15
138
299
883
155
785
784
739
901
11
393
572
871
259
342
147
377
410
561
407
526
571
355
44
291
789
189
355
546
254
47
562
745
346
797
900
132
934
991
385
945
384
957
816
643
299
963
372
62
524
132
588
447
487
985
91
628
526
446
175
133
846
89
878
544
238
130
28
172
121
414
117
858
723
285
853
375
600
578
437
476
710
377
924
197
714
15
826
241
813
353
374
659
794
252
204
384
382
232
557
503
998
26
713
722
312
567
97
264
145
886
741
207
615
17
404
330
384
582
923
197
935
297
857
81
549
413
466
283
997
375
138
996
401
852
70
65
419
519
330
916
757
71
123
724
440
879
54
824
462
977
21
749
626
230
831
527
995
649
810
993
24
949
341
425
153
763
843
924
634
173
840
391
596
315
115
36
194
522
860
8
851
233
110
478
464
293
5
459
942
168
804
966
469
145
743
622
260
586
546
894
111
738
285
59
405
753
95
951
275
307
312
478
541
422
308
357
715
666
816
9
834
621
327
303
118
70
277
379
9
175
273
472
265
911
532
670
664
979
973
291
287
285
121
180
707
430
537
774
96
705
783
282
678
110
937
149
533
214
528
542
741
153
366
6
416
898
28
432
230
1
75
869
287
197
49
346
979
938
121
427
995
904
709
674
367
998
823
900
564
703
794
305
208
160
663
977
411
691
409
641
44
485
510
683
34
911
30
365
849
503
792
196
407
853
222
126
851
397
26
415
100
172
72
661
333
735
638
744
778
399
737
822
884
247
858
270
158
888
635
359
391
427
555
150
280
778
629
483
527
655
898
980
828
322
641
513
57
631
609
187
30
346
10
267
945
220
889
103
108
525
814
851
304
721
353
937
851
982
420
379
990
671
359
170
993
352
35
403
983
644
590
13
342
952
632
287
172
522
390
632
399
556
835
703
277
189
640
481
523
413
860
865
436
219
387
781
571
422
184
906
418
127
271
760
79
904
47
252
778
789
236
177
345
72
880
975
613
873
456
488
638
668
354
74
887
93
855
810
516
392
716
286
519
987
47
598
243
446
202
21
588
791
198
285
863
431
260
476
656
68
964
294
736
670
720
975
764
927
785
632
319
853
918
190
193
317
141
788
764
695
810
704
486
360
989
349
143
250
825
799
670
142
93
407
812
165
734
928
93
872
560
764
725
479
955
270
148
96
59
912
791
221
968
278
933
958
979
77
560
805
876
230
299
322
989
463
487
724
392
580
596
952
697
673
783
652
296
932
100
707
196
891
928
165
521
213
123
501
290
683
658
519
265
957
841
255
772
328
331
164
261
927
117
958
952
252
962
248
184
62
955
733
305
235
898
827
449
373
680
91
408
338
610
673
647
451
280
419
132
611
584
745
890
53
55
843
305
17
91
842
431
399
927
736
634
825
563
435
550
243
527
958
933
489
631
580
941
912
0
425
875
936
522
766
989
577
609
646
946
52
840
377
451
767
465
438
944
381
873
494
976
752
452
910
242
436
842
535
700
842
312
575
130
834
693
471
763
302
118
709
355
310
438
158
78
255
948
374
636
822
869
613
926
673
875
168
461
717
55
161
912
367
89
42
201
782
514
964
437
984
25
144
294
815
302
724
71
251
99
707
425
320
672
351
993
547
872
455
265
927
968
177
295
57
571
848
192
437
165
629
421
190
773
68
358
427
792
429
678
243
488
455
563
161
159
909
708
383
716
325
662
36
854
309
446
778
158
638
215
323
267
637
865
392
705
223
819
849
4
850
445
493
305
360
6
816
269
66
199
337
392
862
726
598
171
172
376
681
810
592
356
429
581
222
173
286
797
992
487
154
194
932
999
852
293
5
668
914
71
220
604
815
82
330
766
605
502
142
287
664
86
995
445
667
217
618
305
367
962
793
521
157
77
872
9
722
877
29
637
300
249
593
116
683
923
882
289
777
376
928
441
463
923
238
130
493
856
788
212
170
581
85
679
10
957
688
733
834
718
722
486
319
315
602
3
590
836
644
367
565
924
160
28
199
398
510
44
606
298
256
776
231
341
456
594
298
496
679
484
566
401
971
886
68
925
241
658
762
885
377
679
161
537
59
360
935
921
405
541
220
13
317
803
355
125
749
653
622
428
138
188
829
461
426
249
386
667
907
148
904
284
179
65
173
238
778
108
160
535
649
732
548
319
887
255
444
637
261
418
65
399
959
247
860
385
496
246
405
756
747
309
392
278
727
566
869
857
26
29
392
676
113
292
347
0
548
791
989
809
210
407
560
169
6
772
906
854
370
311
962
469
973
355
748
52
273
617
909
299
998
653
327
111
945
674
463
845
818
805
654
380
564
566
901
570
338
807
424
709
471
387
530
444
94
630
496
719
247
757
18
597
410
698
60
707
724
876
553
542
681
207
922
245
774
175
167
464
983
591
525
454
330
56
250
424
686
98
143
286
855
514
883
265
564
296
972
288
172
877
183
205
85
457
802
211
633
969
27
616
560
553
422
891
609
24
667
647
122
811
285
329
677
521
594
241
817
918
529
989
796
712
194
233
170
996
796
155
317
823
123
877
376
897
120
337
921
788
337
395
951
622
724
628
143
670
221
960
940
750
301
736
815
847
321
337
195
117
492
512
293
615
742
669
512
862
359
785
2
696
180
953
318
904
933
814
926
154
774
866
257
76
955
424
923
276
113
119
746
605
983
39
572
725
60
436
588
771
573
942
467
753
248
138
9
181
952
935
688
78
153
297
506
108
721
782
385
834
253
483
791
236
874
715
962
934
503
902
58
76
844
525
829
92
15
190
626
967
477
314
398
630
611
904
739
684
686
476
870
291
311
13
528
185
728
490
471
583
392
529
659
588
407
840
681
422
382
307
742
859
621
140
489
584
396
580
620
435
56
842
726
367
855
254
904
935
96
376
518
840
257
177
429
664
369
110
87
751
769
181
610
390
321
451
326
69
32
298
504
440
140
231
160
995
837
64
282
286
792
800
126
50
329
555
66
698
17
505
801
786
686
763
528
359
214
206
429
246
504
933
687
996
516
199
991
354
263
625
640
56
425
118
458
106
26
876
156
43
382
957
182
420
720
710
780
287
917
561
885
773
494
924
770
363
123
113
69
387
739
61
795
516
179
605
623
205
481
131
601
863
441
783
636
513
493
768
800
762
329
686
536
175
610
306
538
734
771
607
473
510
20
268
379
200
873
354
757
354
485
358
570
926
141
558
792
987
326
592
749
655
630
637
830
241
295
721
327
67
680
800
929
701
420
308
901
293
662
10
999
500
369
921
778
510
479
570
849
805
515
599
812
145
236
643
738
532
716
65
951
396
217
880
97
637
189
350
930
203
361
282
703
730
203
834
592
35
404
442
192
919
41
5
65
629
0
803
513
716
221
464
112
438
697
562
76
238
912
358
441
273
640
497
355
196
331
948
231
735
390
775
7
783
780
424
764
132
227
278
200
800
94
313
239
791
227
667
29
139
25
823
765
666
320
120
214
3
68
797
90
810
572
97
945
705
521
62
837
101
340
38
253
786
703
492
578
930
159
959
421
537
782
186
203
454
307
769
457
727
566
900
890
138
997
187
843
871
249
33
324
941
71
577
728
126
422
658
56
581
969
477
118
752
16
673
558
323
442
368
402
360
268
292
499
617
832
694
488
81
727
164
375
150
742
455
276
164
113
684
97
82
514
568
186
530
593
97
205
388
465
607
748
733
252
247
350
84
942
191
517
21
355
892
172
449
347
448
965
460
485
63
895
999
983
433
529
576
530
734
316
995
693
65
80
945
664
783
29
958
974
547
980
681
439
152
483
139
952
448
951
789
863
198
788
846
632
669
775
514
403
91
862
97
508
942
42
173
725
424
131
51
323
463
85
114
967
568
253
272
16
205
61
880
403
850
78
387
519
205
902
275
649
764
724
157
58
118
682
136
542
814
187
217
629
624
332
597
192
585
869
561
142
930
441
898
132
871
285
4
429
539
279
78
303
355
587
714
473
270
850
368
436
389
585
65
14
269
662
206
207
883
767
349
814
560
247
298
784
885
302
213
424
933
643
80
288
230
794
114
500
996
482
288
385
419
354
399
689
368
958
896
252
77
597
418
990
197
716
774
82
371
339
858
656
982
938
945
564
84
411
65
80
893
353
466
664
59
217
353
428
527
601
32
605
199
450
595
748
518
721
182
241
412
40
898
394
331
195
958
415
606
375
848
499
81
666
515
140
235
869
920
763
470
952
720
21
754
667
769
273
388
303
514
800
344
764
546
675
959
856
442
565
232
642
416
665
308
932
157
544
801
78
307
623
382
27
997
489
694
118
114
434
422
628
586
118
745
132
793
704
988
587
270
572
230
686
237
890
618
395
434
771
825
93
747
559
472
744
48
518
214
162
304
636
143
890
754
888
374
899
592
363
839
862
287
421
901
525
311
871
272
98
643
97
543
742
656
16
838
705
886
52
219
191
41
362
81
147
250
456
47
843
171
238
57
458
11
310
335
322
182
607
772
825
56
316
919
65
684
757
122
570
809
341
761
202
704
195
350
306
651
749
149
174
987
559
984
998
869
320
672
51
279
797
228
688
113
147
753
149
256
875
719
418
568
481
620
272
28
970
579
679
719
80
205
58
991
189
408
861
861
433
264
493
230
845
181
695
344
934
844
601
161
563
19
729
396
639
354
424
962
933
455
33
365
660
92
357
202
852
218
63
285
834
908
515
679
89
210
24
375
54
977
536
618
348
266
366
339
620
791
301
905
246
335
270
259
779
979
461
631
549
876
917
384
137
784
415
226
995
791
602
401
768
138
371
116
756
738
808
728
881
109
985
127
796
608
738
927
587
551
911
137
780
828
521
917
964
936
143
311
80
97
713
848
236
436
317
344
174
125
425
55
586
410
535
735
370
625
662
958
177
573
95
957
753
968
226
718
256
369
381
336
819
446
537
407
883
854
751
409
331
528
817
269
939
352
4
309
329
19
619
506
592
66
815
698
34
41
416
643
763
149
979
582
596
868
989
479
74
92
888
405
621
705
27
912
409
31
573
739
50
193
597
995
259
413
693
646
806
461
289
921
610
620
855
206
489
196
37
563
289
926
321
262
983
700
174
745
83
99
484
134
644
81
481
904
846
174
902
5
987
543
926
597
163
782
156
4
978
193
920
619
471
593
881
455
293
407
200
376
507
36
862
151
469
343
407
668
869
661
673
856
204
951
806
720
85
962
724
416
507
996
387
979
589
269
786
234
28
338
963
887
374
177
391
195
521
150
863
742
812
888
951
16
192
757
88
277
71
165
45
578
161
433
909
103
702
695
689
82
33
652
970
759
830
361
307
703
863
170
445
675
411
748
44
603
505
132
232
576
649
278
507
811
711
416
266
765
112
955
847
497
608
169
609
790
882
916
493
746
438
290
773
849
39
817
804
896
302
37
825
951
667
332
114
378
100
380
495
212
336
342
62
296
864
671
86
746
939
579
844
377
221
618
579
612
787
735
509
441
124
686
745
791
18
859
521
118
592
16
683
928
711
97
224
575
120
662
673
59
593
870
788
814
488
719
427
627
455
288
69
931
974
166
723
344
377
244
814
969
613
849
897
324
946
473
251
66
487
276
477
80
146
618
895
986
337
674
966
144
314
387
76
640
553
799
336
930
395
150
900
360
0
149
36
298
975
287
717
462
916
194
543
414
812
790
753
502
816
719
646
482
106
722
122
11
873
458
941
621
960
193
981
312
695
18
611
670
657
328
484
925
874
379
340
39
169
93
541
337
164
187
819
622
262
941
633
487
751
926
108
64
472
442
376
167
460
339
189
469
19
673
395
894
405
87
933
926
532
826
264
696
13
83
670
627
377
303
115
480
229
575
544
701
17
273
220
829
612
409
299
632
435
46
878
840
485
811
118
369
637
382
65
2
466
87
982
195
390
97
675
971
672
572
25
690
845
245
871
457
7
170
441
794
568
319
986
405
482
104
774
471
487
191
474
305
278
808
852
668
905
879
992
929
451
17
619
648
614
491
106
973
13
899
119
934
219
105
339
701
562
466
173
401
657
999
706
936
807
910
956
64
789
948
993
593
317
965
241
284
456
699
609
821
599
729
107
818
186
799
871
748
265
44
149
922
395
207
210
554
117
167
618
259
467
612
852
137
577
445
773
385
145
382
558
744
463
666
562
650
465
433
398
730
830
900
4
577
459
215
132
929
382
750
188
201
362
392
338
291
837
111
28
982
846
587
726
309
253
640
959
70
426
710
152
608
962
156
185
421
371
317
350
105
420
538
307
782
930
997
426
120
461
454
102
307
393
181
968
998
173
928
68
951
990
220
911
952
377
97
373
100
766
724
206
186
614
865
321
897
862
747
17
323
553
471
982
947
4
951
945
530
231
366
481
221
586
393
173
315
842
898
416
608
974
974
795
589
839
116
838
701
215
855
377
120
678
359
67
683
310
365
213
541
731
46
762
669
439
287
337
633
538
105
242
512
79
389
453
918
857
291
971
72
498
348
192
177
708
612
212
18
329
425
912
412
823
26
81
615
666
770
248
204
875
842
716
954
231
522
872
88
813
196
512
312
544
57
841
252
21
53
623
350
830
535
762
653
913
195
268
579
318
869
135
193
711
204
148
943
726
372
383
539
568
896
203
113
953
44
717
974
449
340
676
279
227
438
285
493
985
905
72
303
774
208
497
486
412
997
781
490
721
164
29
290
60
585
755
365
981
824
691
431
517
367
710
96
157
347
589
143
253
14
798
27
574
647
865
338
644
646
828
718
163
209
360
575
794
115
941
776
291
632
207
808
0
269
905
157
617
494
652
870
860
451
249
434
450
467
772
447
113
600
165
628
810
525
204
604
992
145
732
283
129
291
92
481
561
349
991
530
195
643
752
56
446
1
490
249
468
263
696
934
215
861
562
377
738
118
334
730
615
66
13
745
358
457
578
271
806
569
801
2
565
553
58
363
906
900
612
727
515
660
13
731
873
927
108
611
46
442
341
661
861
707
758
219
164
689
842
323
610
643
325
175
548
735
891
806
987
855
533
503
516
898
586
389
826
46
1
224
841
694
237
702
401
348
273
566
37
115
241
647
110
566
175
658
653
66
464
640
273
350
495
141
600
81
531
426
480
884
2
321
930
240
23
332
588
648
250
977
763
491
624
873
409
799
883
414
217
699
406
843
401
902
984
2
335
867
780
815
103
783
488
34
375
863
366
963
511
968
292
626
811
916
851
572
68
86
986
637
786
392
480
539
646
465
541
334
332
674
501
436
809
990
822
184
853
540
499
717
508
791
343
671
707
195
243
127
281
229
765
419
973
597
959
972
414
852
306
747
526
807
535
335
797
357
871
3
897
370
720
757
161
415
428
221
962
671
700
596
252
817
15
577
415
326
549
829
531
855
928
409
663
815
97
812
524
968
815
773
339
887
530
852
655
310
73
617
333
126
213
585
943
581
163
358
259
712
540
790
920
820
200
583
636
297
747
160
617
915
934
956
802
816
161
457
127
586
427
460
712
992
398
656
573
561
366
833
625
258
975
545
79
527
480
715
176
580
875
794
495
161
102
649
978
263
107
105
850
886
565
914
878
963
570
804
876
289
989
854
547
964
751
626
844
584
341
20
164
569
166
659
730
269
308
708
884
767
165
86
653
83
1
884
398
923
688
275
212
677
481
112
641
232
738
485
168
432
858
332
1
24
343
83
645
652
144
530
771
309
968
777
744
321
661
143
245
349
770
809
378
251
273
371
835
12
209
356
796
67
688
149
91
32
232
89
36
728
971
807
390
939
584
134
261
597
277
858
946
399
667
676
2
941
48
190
305
257
546
101
324
234
250
767
618
834
856
6
563
827
166
953
119
102
439
380
700
69
238
998
468
257
675
471
550
723
661
207
980
207
660
304
793
262
423
764
97
632
122
12
459
288
317
578
391
756
310
91
825
900
441
294
510
116
117
60
839
130
620
171
689
280
827
482
543
251
598
992
883
721
4
694
9
321
625
752
77
935
843
255
188
637
549
698
753
18
110
945
148
730
116
837
363
296
671
906
547
270
898
782
343
254
828
704
575
453
457
4
741
652
259
281
289
160
979
43
178
89
340
678
172
808
515
535
104
187
441
3
809
691
785
152
297
966
208
224
419
665
228
512
670
840
793
959
352
124
354
883
214
694
561
386
503
429
273
959
616
714
963
777
757
100
281
54
66
489
630
838
507
858
702
177
50
496
136
755
972
843
638
538
889
551
276
744
980
549
704
948
263
667
725
372
767
6
778
186
496
408
24
3
619
726
532
21
574
668
776
547
863
414
85
753
318
362
497
298
911
201
247
527
220
324
251
340
331
30
526
179
790
550
534
409
628
66
431
203
86
207
102
950
974
539
55
644
253
552
942
517
106
541
396
678
866
647
18
549
29
896
728
820
798
614
229
427
680
12
982
118
572
436
420
898
975
475
542
581
380
836
98
486
378
494
516
596
141
535
145
523
431
225
343
230
839
924
9
871
937
343
989
861
779
410
759
106
237
653
687
617
489
785
455
219
631
972
815
125
859
312
648
642
537
991
224
376
267
233
247
204
928
237
417
707
999
176
814
236
181
853
206
23
991
13
242
622
985
410
747
196
722
747
839
612
738
63
988
6
649
588
562
929
825
980
637
176
508
803
764
42
8
322
65
999
336
307
622
321
69
721
870
792
469
709
404
559
124
744
917
125
332
480
55
509
812
44
37
672
199
802
714
207
124
779
207
460
439
181
134
508
254
356
652
723
65
408
283
541
153
552
19
837
384
426
347
196
470
384
221
669
538
287
228
663
67
435
475
858
968
961
366
223
317
371
946
734
779
581
628
284
486
647
122
870
425
821
419
895
205
640
916
96
927
144
111
346
932
586
204
900
900
923
123
569
294
422
304
73
355
284
358
841
283
832
712
708
653
131
603
210
771
871
306
50
15
417
397
947
356
953
200
608
876
323
177
170
745
833
244
453
117
954
294
400
138
6
108
791
489
63
353
260
934
660
663
302
429
412
249
785
365
801
393
242
125
923
764
222
756
360
675
874
314
322
626
804
328
735
595
818
150
301
430
85
961
445
387
742
857
988
528
575
790
273
817
267
548
581
841
305
942
517
531
608
839
157
413
519
244
360
689
395
661
472
832
974
917
219
717
775
559
597
350
349
222
519
968
771
452
810
428
746
679
959
707
870
468
472
389
65
184
431
460
198
903
292
172
820
863
241
947
422
838
649
124
61
520
444
184
325
254
612
423
933
923
130
803
391
954
545
456
139
976
268
337
231
912
509
403
127
103
703
902
941
352
26
354
225
822
890
550
77
502
973
362
425
456
518
169
410
415
977
549
391
246
238
974
510
100
377
638
203
80
540
144
785
918
851
10
740
741
912
169
596
237
532
373
693
402
542
456
817
520
357
560
118
596
534
628
696
911
618
899
992
158
395
129
428
598
139
169
340
403
338
936
640
222
661
686
624
204
142
793
76
851
353
194
447
887
174
143
799
793
394
143
303
142
272
732
740
763
253
432
518
591
720
158
166
382
196
142
586
690
936
662
542
289
208
341
529
734
485
680
879
231
823
183
373
447
267
466
562
520
898
80
463
619
590
629
1
787
124
939
829
412
601
723
701
161
65
582
247
902
262
127
133
437
310
859
884
929
325
798
449
223
878
912
194
469
894
195
608
370
134
789
782
87
513
835
600
578
418
848
480
680
975
965
118
637
824
354
566
501
153
367
725
31
279
271
852
525
467
812
895
601
602
29
41
115
865
641
693
283
489
525
315
816
490
785
453
315
140
371
168
293
738
245
676
370
517
881
247
984
693
495
937
647
524
978
762
389
972
807
24
813
332
692
630
175
477
435
842
617
159
10
262
249
256
291
971
773
524
219
109
217
714
46
865
590
377
979
980
349
139
356
514
823
48
144
998
878
932
840
847
443
851
462
692
107
753
664
232
277
235
341
846
949
739
63
891
116
395
871
817
534
580
684
357
980
180
356
858
112
196
706
555
399
168
600
858
273
264
90
550
851
783
748
800
523
164
691
991
559
915
161
445
847
845
802
827
377
510
686
490
59
392
397
458
912
349
669
185
965
111
87
816
247
835
968
122
351
12
113
262
279
626
707
126
823
862
953
201
372
991
43
783
735
792
242
647
142
263
832
107
374
919
276
973
107
244
95
458
256
561
73
535
187
780
661
363
642
967
916
15
958
311
798
694
103
392
693
597
7
526
57
734
797
333
707
256
577
803
715
186
364
140
721
903
920
735
266
563
54
534
930
364
845
80
58
301
825
752
898
832
630
307
566
427
640
274
684
570
429
751
108
793
891
181
696
163
916
315
726
322
201
8
687
47
89
97
348
914
201
598
746
831
906
665
611
898
291
647
468
720
750
576
865
641
758
913
156
26
580
883
701
782
891
388
829
332
485
529
246
687
127
345
870
385
362
481
284
653
480
104
725
230
681
590
223
791
503
380
169
84
263
870
218
506
258
47
839
96
928
437
783
407
134
5
793
496
487
77
149
319
181
874
550
214
816
773
357
320
153
527
756
768
749
974
627
360
373
818
456
301
255
591
708
742
596
853
238
435
930
740
755
464
966
305
678
783
430
388
455
584
915
563
704
16
537
331
376
262
501
832
915
109
775
975
851
724
829
89
159
111
829
266
575
796
923
606
931
354
994
386
290
261
949
994
277
838
678
654
452
179
838
367
288
966
342
139
690
523
581
849
635
762
468
562
910
391
168
841
745
514
579
387
775
880
382
53
718
412
59
522
591
249
889
880
215
584
371
905
107
952
107
742
715
575
305
977
318
825
819
64
340
398
803
115
631
185
520
701
949
931
224
541
181
113
773
396
697
144
654
805
449
761
899
516
688
556
493
6
382
312
422
722
63
226
189
694
763
710
747
713
641
971
254
822
85
27
571
134
523
225
291
972
338
191
488
26
99
982
32
481
646
455
203
61
681
745
107
796
455
855
509
448
826
115
623
263
494
194
398
18
771
41
342
109
232
831
487
332
165
519
165
163
326
721
225
359
466
332
156
273
539
17
721
366
133
344
629
627
538
379
997
661
421
340
122
5
523
609
689
688
481
855
851
159
576
428
871
394
113
27
667
652
396
388
18
529
733
0
509
623
379
506
637
800
846
759
806
369
721
495
409
554
702
613
713
630
41
584
24
506
963
691
159
712
80
529
593
813
529
102
788
261
961
425
413
807
185
219
529
258
67
938
812
121
903
877
752
297
814
776
803
129
468
962
841
548
492
435
713
373
889
853
634
850
279
48
10
816
619
539
74
38
829
238
160
733
115
264
382
281
40
185
411
860
148
604
760
992
391
473
717
281
327
704
483
958
752
493
774
723
384
200
114
566
438
274
651
905
890
33
539
930
218
950
791
718
906
551
62
298
377
780
931
56
484
766
366
588
260
140
311
996
692
425
914
482
51
565
739
293
950
278
224
169
580
367
239
487
270
302
137
999
434
68
407
270
186
773
210
446
265
873
795
957
651
709
791
702
627
531
996
577
809
572
98
390
291
338
229
913
992
366
913
778
786
672
48
972
446
610
771
711
483
566
21
134
627
812
189
254
343
537
184
505
109
282
247
752
620
476
665
964
842
930
742
628
603
142
600
401
752
371
112
236
289
485
370
269
650
559
523
345
448
707
850
909
342
97
661
962
573
679
279
415
961
21
395
916
516
996
317
268
719
782
856
361
267
579
630
917
490
505
263
939
565
465
848
907
563
510
869
488
541
148
256
502
522
651
419
38
999
88
658
719
870
515
432
490
94
62
407
936
567
22
875
132
840
724
391
403
586
613
243
127
113
499
981
635
151
752
25
150
841
684
221
711
551
653
201
997
715
961
933
635
335
809
119
175
885
511
578
471
124
174
950
237
673
931
225
824
684
250
975
525
934
548
588
485
202
790
834
917
103
768
904
438
577
24
614
462
887
544
933
363
718
235
600
392
166
825
216
202
428
543
79
362
444
668
200
646
810
34
915
913
154
820
351
731
196
965
545
435
510
830
798
580
65
398
972
584
576
541
786
4
436
218
718
880
886
270
526
696
657
442
609
811
614
312
895
162
278
440
597
140
271
395
720
336
145
45
920
721
586
59
77
22
277
148
255
515
770
781
563
427
575
524
591
541
836
486
703
466
278
652
606
549
47
679
238
545
724
510
618
310
569
696
684
198
196
939
65
966
73
628
746
648
152
337
542
341
175
597
807
453
250
766
355
649
445
593
194
521
103
813
831
25
861
867
575
409
159
641
375
232
269
473
232
774
162
774
115
689
372
922
143
974
688
850
623
485
443
170
6
898
335
189
275
548
409
851
957
568
844
684
800
113
158
384
239
672
159
354
362
883
629
857
209
317
707
832
155
502
354
513
752
689
703
28
237
112
231
194
32
75
231
832
188
741
568
428
413
79
134
775
962
763
632
523
433
691
708
588
193
62
101
298
752
156
326
341
620
557
888
652
632
119
836
172
860
405
952
273
484
87
401
799
850
385
322
635
77
30
575
622
445
29
920
549
185
246
890
806
155
778
810
787
249
647
312
109
52
264
735
536
351
136
687
554
521
10
189
950
392
765
573
837
794
845
386
331
92
629
489
599
759
300
739
9
947
51
470
999
315
205
887
667
693
575
573
215
937
762
517
681
879
90
519
25
936
257
357
380
238
846
331
998
146
70
7
445
121
829
796
437
35
684
104
80
611
29
295
900
791
165
581
23
255
100
48
543
710
757
275
948
956
607
298
454
677
657
900
799
487
696
236
874
732
692
954
343
721
602
243
864
767
177
239
22
629
288
918
339
397
193
640
353
152
938
808
830
596
708
981
83
756
569
957
489
261
911
184
334
513
780
550
280
957
790
655
586
430
925
278
827
470
918
533
623
208
341
805
804
401
786
239
157
355
548
646
968
812
183
654
325
963
204
958
920
346
965
858
776
890
136
604
712
54
137
335
263
830
492
419
231
630
11
740
337
559
739
657
371
922
311
49
885
868
7
805
214
324
663
991
566
152
947
278
558
436
966
173
266
810
593
849
441
604
941
778
163
680
436
887
602
99
936
487
967
295
644
182
619
660
173
537
812
472
167
370
908
133
544
526
296
489
727
737
93
668
867
608
349
655
495
951
755
431
791
722
78
787
904
697
447
429
586
611
253
754
982
161
239
878
39
535
367
766
624
812
787
492
772
136
147
620
439
902
403
582
977
482
370
233
531
169
15
118
781
268
872
115
782
463
993
821
351
712
940
975
524
79
467
296
567
967
916
6
221
672
941
198
154
311
784
685
832
799
803
613
67
27
728
849
843
721
23
194
433
963
169
309
394
989
958
961
308
226
319
529
898
260
80
52
923
864
738
756
663
893
369
82
273
450
932
116
171
955
310
957
270
479
618
664
820
576
625
128
155
944
658
53
557
90
458
480
954
548
588
969
441
310
51
714
760
335
182
283
290
492
592
912
324
211
576
144
139
553
273
294
850
283
700
407
373
158
239
679
58
828
0
499
138
403
566
250
739
748
533
381
593
126
294
917
337
222
61
476
776
334
123
978
969
823
385
694
333
976
725
391
804
725
242
294
481
160
544
220
909
430
601
854
556
895
771
893
470
832
721
598
519
196
576
840
19
313
535
704
641
260
95
798
338
338
92
171
498
989
391
759
419
992
613
327
240
736
220
62
569
293
660
440
490
588
280
861
253
815
566
894
428
661
692
118
351
785
289
202
126
32
313
897
376
279
224
968
15
796
30
584
89
42
24
931
630
657
793
883
472
711
778
252
724
470
722
76
607
363
630
733
395
943
630
772
222
206
740
238
2
771
174
92
813
551
375
796
208
520
679
32
231
809
285
956
280
359
384
239
723
366
325
118
661
307
890
236
514
983
826
516
106
0
960
271
903
336
67
111
856
99
496
440
908
133
748
540
492
484
780
215
850
105
686
511
412
576
99
278
911
925
795
17
926
755
289
829
443
708
293
300
159
789
92
68
922
840
960
766
676
92
982
878
549
668
389
314
596
489
592
860
766
387
877
692
495
518
874
938
579
519
590
738
308
682
806
582
874
119
348
550
211
682
428
761
350
170
427
299
11
19
159
777
759
388
822
254
907
696
192
838
215
783
576
875
465
735
809
340
854
509
242
417
192
671
530
894
193
957
193
204
977
704
981
736
93
803
342
352
851
534
190
418
317
766
645
135
501
454
827
707
316
69
125
508
92
655
402
285
965
948
489
294
652
823
382
97
978
724
449
182
258
639
600
928
758
246
415
611
52
242
319
368
663
796
228
756
803
631
393
768
931
235
414
935
410
796
33
388
520
834
570
131
826
523
411
584
121
826
547
173
420
218
894
435
14
122
543
170
105
937
290
36
524
705
972
934
501
357
674
374
191
245
857
17
120
620
953
241
446
501
766
218
719
12
653
86
135
197
256
592
486
546
629
10
603
953
944
457
662
618
831
853
215
40
223
687
660
528
928
458
29
47
676
101
59
681
187
194
878
795
787
716
341
768
726
297
73
22
754
735
641
585
940
208
977
515
896
637
44
176
95
73
223
123
526
283
804
713
829
35
860
968
103
554
88
830
851
161
852
605
248
845
190
541
54
519
56
302
156
100
478
603
526
702
78
52
985
234
118
166
269
978
135
373
532
223
555
383
737
759
988
985
605
530
526
11
49
583
313
557
35
791
160
561
493
590
966
830
825
84
997
446
414
484
819
299
707
726
682
444
486
23
782
91
905
660
102
307
243
415
864
631
558
377
192
52
967
158
234
144
594
231
591
9
715
762
660
775
489
694
571
327
717
705
770
975
366
872
282
961
639
498
592
549
227
137
601
547
295
836
691
242
419
282
603
487
45
263
614
886
957
185
213
27
243
983
2
609
207
636
570
198
486
515
747
66
652
701
965
299
889
656
541
308
291
144
795
688
759
761
926
717
947
139
744
542
474
98
151
33
86
73
231
572
940
330
990
592
31
955
892
920
964
785
581
607
282
376
295
41
490
573
110
437
64
206
331
538
304
482
923
742
907
154
315
848
836
305
792
868
613
36
140
577
822
721
184
456
450
831
849
940
404
960
729
820
518
60
358
823
894
633
917
153
139
232
1
975
890
146
195
503
182
336
432
356
409
616
812
859
799
14
151
555
974
232
375
492
292
85
667
538
718
585
692
857
169
45
832
411
191
380
266
726
68
50
82
477
666
247
689
817
261
192
372
587
425
747
431
69
832
99
608
902
36
300
759
557
697
944
321
889
676
939
967
744
990
49
221
8
648
262
826
909
455
198
496
880
298
928
949
482
379
909
737
767
561
496
676
259
792
997
500
468
937
467
564
927
868
138
935
517
400
113
426
207
664
275
87
314
555
389
796
934
298
533
53
860
382
729
471
526
79
971
347
368
438
911
295
658
49
582
175
802
48
954
9
712
229
97
26
784
838
174
70
488
708
123
348
442
204
819
968
283
142
667
651
932
579
298
591
980
233
766
782
281
720
792
345
301
241
371
85
79
545
507
919
605
982
268
399
187
439
720
822
934
387
826
866
318
124
457
299
709
576
81
342
648
225
687
950
818
410
387
249
956
895
169
913
877
789
313
416
228
385
239
162
772
417
381
91
541
190
742
603
766
175
945
415
401
633
717
219
43
104
821
351
351
990
617
581
779
282
997
359
667
588
874
439
5
255
882
899
445
624
854
212
800
799
979
553
784
696
124
180
152
945
883
856
935
852
437
66
134
786
426
801
727
300
593
84
555
827
983
352
804
189
916
956
341
895
509
125
943
985
657
448
931
893
304
218
745
93
285
880
231
711
33
958
363
978
43
270
158
378
622
962
568
891
918
909
786
779
386
82
764
396
882
695
289
538
266
34
983
551
266
214
614
652
173
977
630
568
599
788
946
573
102
866
464
372
127
603
151
514
685
916
262
919
611
551
809
877
585
792
780
204
6
746
856
179
75
838
747
674
979
46
248
81
264
712
454
392
315
605
258
352
521
520
623
485
71
432
714
8
224
847
564
231
593
420
762
669
259
862
695
238
908
943
319
524
8
125
916
323
83
526
28
604
46
651
441
469
84
508
830
308
707
394
539
300
167
302
321
426
164
17
664
424
960
335
948
968
813
217
644
896
743
672
852
142
323
646
611
759
154
793
68
861
540
959
513
707
613
835
133
129
852
149
905
164
836
854
485
649
423
129
897
166
153
750
308
476
396
272
236
902
417
656
763
957
967
628
16
581
463
501
62
667
2
968
832
839
174
669
840
597
798
738
115
951
840
776
779
236
400
367
138
817
375
253
127
343
881
143
924
697
997
338
364
999
306
548
838
832
217
31
429
15
121
545
318
961
673
98
197
73
817
687
242
193
940
369
536
173
865
812
870
862
150
235
861
809
135
52
641
353
83
423
720
204
320
391
517
993
489
714
66
658
401
308
851
693
30
739
866
895
551
737
757
54
324
970
863
459
22
856
164
457
279
885
13
599
276
530
592
117
596
10
775
997
671
979
42
701
718
909
596
270
998
705
676
322
675
891
133
50
747
298
507
27
183
521
978
811
51
923
928
648
933
55
997
956
34
40
657
105
301
605
727
651
310
403
325
338
294
458
388
393
756
895
420
291
768
751
454
820
674
382
820
959
790
817
916
176
209
925
281
862
531
8
865
193
411
190
531
57
649
919
451
757
167
223
401
935
974
855
107
0
590
927
312
732
97
580
908
658
505
190
873
36
550
738
230
314
929
113
371
930
33
174
687
552
398
440
487
724
648
595
77
238
874
389
322
971
321
230
630
826
772
503
215
675
241
797
989
522
910
712
452
295
887
492
847
637
284
687
361
932
634
790
522
508
179
844
480
852
427
462
679
199
317
894
226
910
691
215
433
953
928
237
249
167
81
448
804
366
487
517
298
121
308
821
630
839
17
462
692
444
924
371
996
593
617
222
503
660
438
288
613
718
878
214
885
959
15
41
325
502
558
624
624
866
797
606
58
814
68
750
259
344
473
607
937
90
829
792
102
619
433
67
689
311
282
926
270
649
967
948
151
526
572
775
744
369
733
802
535
801
904
146
145
377
753
434
819
935
579
921
554
364
989
244
675
623
170
297
272
490
245
775
368
169
903
112
890
636
267
426
438
171
924
935
901
678
722
720
965
653
994
519
17
335
115
44
958
638
341
582
128
939
357
496
108
260
960
999
897
579
777
687
103
701
622
4
731
696
76
696
349
70
568
366
757
683
410
715
673
104
297
153
43
7
1
151
267
962
502
516
893
631
203
996
685
178
352
768
874
781
465
224
203
385
942
961
420
353
676
94
457
326
247
852
685
249
355
304
563
210
821
808
841
376
805
878
554
509
647
781
290
112
5
494
849
299
455
269
652
483
363
461
809
963
665
494
564
21
799
479
231
972
287
424
348
444
303
255
954
950
36
244
414
393
738
263
692
545
532
697
29
248
510
838
563
176
685
127
197
836
958
780
160
245
204
508
690
507
115
996
457
151
240
871
896
331
486
941
876
19
638
905
619
500
96
182
676
133
661
225
321
619
5
481
216
210
341
906
717
457
254
527
960
495
750
209
178
237
150
406
608
140
312
227
640
760
761
669
245
422
894
566
41
900
399
257
462
740
516
531
549
770
58
862
617
161
71
795
398
221
202
358
361
866
585
353
978
346
22
575
120
917
493
161
169
892
770
631
984
638
162
886
761
573
748
378
734
819
526
484
392
80
842
753
298
779
458
628
477
481
203
597
398
696
110
567
940
880
550
276
871
64
162
632
637
910
10
723
729
888
207
473
320
401
578
618
180
37
246
657
518
801
254
268
849
716
835
141
597
737
418
468
801
580
452
791
491
462
514
572
703
74
46
23
475
624
994
656
13
240
665
531
394
920
799
595
636
986
737
585
75
155
405
877
735
857
20
578
672
534
503
727
960
549
750
436
525
744
444
539
337
109
422
83
381
222
678
370
560
415
307
636
570
65
865
658
274
885
236
946
771
739
673
732
640
776
520
518
872
316
57
209
425
831
292
159
53
971
881
966
386
188
602
309
605
819
967
880
704
555
826
475
295
852
559
287
980
431
805
852
747
214
414
525
46
706
684
451
29
917
417
768
457
371
77
63
190
396
943
246
951
769
74
598
973
633
886
953
417
691
158
164
906
572
689
952
630
725
403
12
994
173
780
452
544
209
515
87
605
458
333
908
579
407
507
553
393
745
858
810
436
16
326
694
940
368
998
571
445
754
583
440
927
715
892
823
924
407
262
881
865
948
141
444
355
0
349
100
745
208
262
534
576
589
580
869
957
579
792
402
333
727
842
612
442
86
787
718
493
50
951
358
998
92
155
705
93
504
158
838
64
420
724
993
361
305
862
670
884
6
73
569
733
267
181
175
354
320
245
199
722
196
558
72
288
65
778
381
569
288
572
986
60
296
331
422
601
545
92
837
551
517
406
284
137
939
811
843
612
56
42
334
604
952
407
892
17
537
626
939
825
198
277
237
846
608
659
800
153
104
989
704
973
748
340
110
39
503
305
651
911
348
986
515
652
393
407
22
282
33
961
459
583
590
696
782
198
356
934
703
812
923
759
785
671
99
248
711
602
553
362
513
253
700
28
906
445
787
280
727
173
593
186
108
183
883
890
733
591
824
436
403
100
195
540
771
646
788
834
248
342
549
113
947
249
493
205
47
632
485
774
805
78
313
266
613
548
156
346
139
333
782
894
785
329
434
908
975
575
743
223
269
292
688
216
893
533
422
940
166
259
67
323
690
732
589
303
280
98
650
419
783
784
665
568
114
99
476
89
26
571
665
295
863
353
512
109
239
286
401
405
545
820
728
235
552
670
891
832
768
541
603
551
325
268
119
439
720
947
881
746
519
546
42
734
251
906
195
490
192
597
895
89
417
976
677
322
646
568
506
414
461
110
317
138
730
788
578
802
735
811
901
606
357
295
341
608
201
536
99
745
485
346
186
255
322
863
577
968
783
83
734
244
545
51
383
276
839
313
430
927
124
331
533
833
626
874
441
179
763
540
276
248
239
463
503
561
678
432
882
814
516
616
410
61
20
793
689
859
458
120
138
934
803
672
767
430
898
209
961
661
101
238
262
340
53
765
254
83
198
136
897
66
104
308
479
124
453
169
336
264
641
474
198
444
146
966
226
397
527
188
58
980
778
320
673
183
438
927
266
988
415
516
54
519
824
885
644
629
406
980
893
47
806
92
844
305
410
70
702
289
610
112
621
388
433
294
923
223
573
190
211
988
58
617
508
882
502
504
863
909
836
757
956
642
201
800
947
963
223
1
252
833
114
873
574
899
520
497
122
93
39
685
434
97
302
942
331
156
798
195
65
634
304
374
628
505
526
928
468
749
281
72
935
395
945
861
646
817
358
768
911
750
805
345
847
107
639
531
264
789
78
681
775
382
55
403
239
934
683
707
35
965
131
322
712
428
183
359
246
542
479
157
644
285
854
843
392
845
374
8
634
452
690
409
186
97
164
425
383
848
484
771
165
615
93
877
396
277
588
642
171
68
151
815
353
357
658
745
202
385
106
836
189
148
597
376
597
761
153
981
961
638
752
126
605
197
356
1
474
944
643
645
12
146
812
365
503
471
463
705
208
921
541
397
69
138
125
18
252
279
351
213
917
455
692
874
653
400
876
127
344
871
125
709
18
937
426
521
408
241
227
968
162
120
718
583
611
843
602
863
474
953
428
391
409
472
618
414
872
494
541
569
365
666
278
383
604
56
905
364
298
484
685
812
604
403
748
215
246
702
430
721
655
211
464
416
683
82
830
556
928
724
477
294
742
107
29
346
163
934
63
813
418
748
978
375
151
726
942
749
428
725
822
435
936
287
204
971
721
386
879
650
110
356
296
853
463
325
551
979
260
614
792
30
714
770
757
865
848
52
615
628
777
437
64
65
76
268
36
150
6
916
800
117
624
96
322
88
421
873
67
33
840
211
416
554
334
525
772
534
577
739
163
354
528
227
419
605
847
808
107
853
76
907
322
700
355
644
788
128
870
207
514
62
771
282
616
105
807
740
639
385
479
154
91
8
381
511
965
580
671
72
434
747
331
756
447
38
753
588
166
975
147
680
37
918
962
5
375
122
746
367
507
225
521
598
585
255
461
550
835
132
974
621
879
657
730
679
695
483
267
862
810
414
894
847
685
209
852
60
331
950
427
190
528
301
788
113
556
602
16
391
86
342
365
318
0
95
997
695
930
616
909
740
382
156
587
67
365
791
480
48
742
259
590
270
560
730
735
468
332
103
212
419
446
577
737
798
672
86
493
602
702
755
342
84
911
281
504
276
72
984
676
814
243
266
436
156
996
524
624
681
627
836
452
425
413
541
223
437
627
69
39
681
824
733
117
735
14
621
363
87
957
391
253
553
9
42
61
357
918
685
38
897
874
842
323
639
383
898
77
10
319
468
43
143
554
161
230
568
134
945
7
444
336
613
997
345
655
58
703
573
95
93
470
969
936
145
961
671
396
390
682
715
858
77
211
412
590
441
333
725
387
692
521
723
305
518
421
312
928
476
237
375
921
708
697
209
205
658
881
601
48
915
669
258
992
880
23
583
321
708
660
60
400
181
136
706
51
557
18
331
385
256
706
306
316
755
868
873
765
749
827
813
664
496
424
656
376
799
591
49
507
251
110
907
784
246
965
835
155
984
518
892
592
225
550
908
332
418
133
98
167
960
263
831
456
687
840
184
486
431
234
345
35
696
253
171
294
218
7
449
554
525
693
146
102
243
406
435
662
540
885
829
500
148
13
309
188
205
493
26
636
79
372
23
127
977
195
421
547
554
222
102
431
915
600
886
159
359
673
821
899
558
2
751
58
15
412
246
220
258
273
209
337
997
584
817
326
131
238
873
37
461
327
469
376
280
355
887
639
380
60
890
938
63
993
996
430
406
595
3
664
220
564
353
217
500
170
543
632
761
768
669
222
96
490
950
376
197
190
367
577
250
257
867
313
250
864
96
8
811
99
672
31
15
378
248
515
900
143
499
661
911
521
235
359
11
538
87
561
728
454
138
978
63
6
644
314
222
740
322
33
191
347
64
206
77
664
73
977
159
925
991
70
446
226
430
809
764
869
370
844
324
861
823
387
867
467
53
441
559
728
826
750
427
242
308
504
258
733
481
417
658
824
487
104
51
269
266
167
139
636
12
815
497
835
202
716
654
608
509
213
336
335
315
763
929
975
267
187
60
100
604
719
925
444
175
328
65
441
495
204
430
859
19
279
46
574
996
700
182
857
265
870
193
932
633
474
259
252
662
320
704
266
39
981
62
566
309
128
360
157
684
790
16
56
69
415
630
417
467
164
275
733
34
468
17
19
942
277
623
956
597
327
575
988
309
637
554
970
117
914
479
802
704
848
858
126
263
840
543
730
4
818
815
390
638
833
761
933
110
384
889
59
711
816
47
372
454
601
695
571
868
174
725
924
22
583
50
285
423
594
368
427
764
183
169
403
16
930
336
478
314
577
537
378
394
584
750
200
538
797
771
758
972
497
682
346
432
733
632
856
679
352
635
443
535
805
198
904
87
534
382
402
112
272
132
858
856
234
58
746
32
829
504
4
678
187
350
463
272
334
319
303
686
954
98
574
111
297
478
199
831
860
953
295
132
85
153
341
319
211
439
351
393
944
707
423
483
58
886
107
744
557
410
431
864
508
5
975
157
835
526
989
695
479
636
180
916
142
873
236
705
312
587
98
608
647
874
91
705
112
550
801
670
312
232
534
821
589
861
978
776
388
319
824
219
308
4
136
450
229
372
155
541
311
606
502
958
480
945
15
944
496
817
614
808
401
500
981
343
362
312
119
102
983
943
321
291
299
457
93
880
181
249
774
845
207
276
155
687
221
171
983
717
340
598
878
93
98
859
436
812
171
908
914
507
203
236
798
855
45
892
735
579
493
509
776
700
137
931
739
359
454
722
428
794
320
306
240
771
518
28
583
41
936
498
548
492
86
347
699
483
591
434
62
84
296
838
784
433
122
523
792
576
245
573
723
918
231
963
689
749
343
624
143
632
474
43
124
560
390
823
396
333
609
810
417
905
649
553
691
123
428
835
51
674
408
774
944
640
89
985
741
433
609
236
65
84
280
541
644
22
716
392
356
325
203
125
583
204
31
274
327
459
109
378
485
870
505
429
862
594
414
603
379
24
192
796
460
472
689
104
494
405
849
202
83
52
328
666
256
359
292
583
170
401
313
656
623
818
85
485
765
852
441
496
876
633
293
336
105
334
792
951
740
641
154
823
45
834
841
301
545
133
884
715
886
198
371
510
368
809
995
133
661
436
630
889
421
275
577
878
609
721
830
701
715
336
524
760
170
365
62
67
850
298
782
737
848
506
247
217
667
594
350
680
383
332
569
804
959
498
683
569
219
865
270
934
553
147
47
723
864
109
142
715
407
276
804
256
134
403
825
801
997
527
481
732
860
402
889
819
900
924
740
120
789
363
406
342
862
453
417
726
914
559
793
674
187
949
930
322
352
107
123
702
634
957
434
494
359
323
666
260
247
758
732
388
473
138
82
335
944
499
414
858
410
559
532
950
509
814
272
213
921
747
915
908
704
702
402
64
25
420
676
625
531
408
365
4
898
448
340
194
299
106
405
710
665
289
12
174
104
284
388
377
31
655
285
88
357
40
504
735
812
180
712
343
940
77
700
838
525
392
385
825
498
790
887
163
79
899
338
535
535
78
265
918
733
550
6
443
942
510
178
107
42
890
802
982
319
502
173
845
894
558
22
392
348
261
908
779
512
598
315
399
676
580
317
761
482
324
556
777
186
734
884
229
976
38
211
648
541
384
845
787
294
867
532
994
480
440
774
344
38
89
743
66
669
60
179
151
736
736
280
923
470
164
152
799
203
715
447
96
452
292
883
746
511
767
741
343
559
515
687
597
956
430
15
625
842
195
128
579
931
409
502
753
925
6
904
480
73
703
576
525
347
812
624
858
931
365
201
491
232
240
440
188
22
456
165
865
3
645
444
934
406
298
39
332
304
296
164
377
999
741
255
347
905
879
205
836
596
759
327
180
351
120
720
374
576
885
239
579
882
35
865
289
333
256
973
989
552
489
718
552
230
973
899
487
204
456
676
800
567
355
980
919
475
52
293
51
937
884
982
172
919
847
813
604
104
138
593
656
627
663
208
210
637
459
697
841
916
373
994
483
81
326
754
556
379
399
608
668
635
942
840
554
790
5
510
246
143
455
254
771
119
815
981
108
274
30
301
542
756
295
378
837
622
132
393
353
884
353
21
519
296
862
426
438
219
936
684
363
744
290
486
863
105
467
971
380
849
624
274
957
920
652
146
894
137
892
247
21
245
268
892
893
482
318
331
702
607
367
65
351
658
551
566
115
370
889
495
571
513
122
881
433
774
27
327
263
919
926
636
517
195
529
410
29
847
94
83
454
461
500
157
471
51
723
587
773
612
434
697
126
556
578
911
683
957
591
946
877
517
583
394
64
464
804
446
311
898
529
118
712
30
627
535
433
351
122
559
315
909
256
793
465
186
705
500
143
648
799
20
165
382
766
582
846
923
28
509
821
557
979
885
587
607
421
21
310
895
580
625
804
188
419
622
374
476
122
869
124
921
890
641
655
8
223
853
931
603
715
105
161
694
990
100
653
763
121
963
659
53
589
815
241
360
437
967
188
560
837
312
833
79
305
489
87
881
694
371
484
409
476
645
104
818
98
757
582
219
73
593
625
662
408
218
374
846
186
562
758
375
226
591
806
883
80
245
764
775
616
249
536
92
246
640
263
344
750
845
916
823
438
541
837
198
111
563
44
649
125
802
24
703
394
830
586
826
428
351
953
44
952
490
489
198
482
752
543
232
949
811
407
739
704
596
937
815
159
334
465
636
136
841
339
882
672
278
61
100
981
14
496
933
856
985
483
339
89
378
923
38
189
683
777
893
279
715
61
439
49
526
75
537
367
767
772
391
397
833
843
378
199
692
663
56
29
146
747
119
877
22
157
66
705
935
312
985
2
373
424
51
251
851
940
970
618
712
714
367
897
909
745
97
601
760
505
631
259
252
102
136
274
259
202
332
546
866
317
548
591
93
951
842
296
244
165
267
956
879
634
854
140
380
303
742
492
808
725
751
412
827
887
38
438
90
370
985
308
687
885
900
132
837
742
429
81
259
696
389
138
330
595
279
62
898
373
555
706
450
306
470
277
546
509
67
988
879
52
296
919
938
196
51
127
291
480
560
550
176
949
41
859
545
672
921
795
45
828
854
847
487
324
476
33
833
543
21
713
596
317
632
886
514
683
365
157
516
925
707
44
226
748
903
123
420
177
271
817
5
125
664
492
449
492
877
283
36
898
348
984
568
980
870
82
15
587
591
883
512
298
928
90
47
183
566
819
360
837
989
718
962
5
562
411
498
440
46
534
690
394
870
258
726
740
692
94
327
283
329
191
582
257
633
981
441
199
152
153
388
141
871
350
499
786
114
997
226
160
883
916
907
753
527
985
845
219
431
524
855
761
715
789
370
700
770
811
252
922
317
640
416
540
991
915
326
457
264
904
969
147
821
228
252
700
214
97
271
997
621
126
758
688
915
129
388
37
292
640
312
961
633
728
502
976
995
828
433
259
733
402
758
906
983
10
958
549
107
229
546
80
356
657
768
623
138
508
661
430
501
973
744
134
53
246
110
400
426
895
11
511
649
769
769
632
131
727
181
238
957
728
318
665
385
438
640
875
946
653
305
447
978
401
933
31
647
43
783
426
290
794
937
940
563
707
572
694
434
754
284
743
834
954
760
571
744
401
446
691
54
103
490
33
505
776
416
504
171
200
930
462
346
868
402
262
927
974
308
713
80
593
457
266
899
569
189
644
970
987
687
377
91
177
762
948
305
178
452
477
730
735
939
77
955
341
339
882
667
647
947
100
592
756
718
492
326
908
488
648
895
175
25
338
704
787
286
10
318
91
487
400
178
778
477
133
119
168
367
138
168
314
590
760
423
309
604
749
217
92
397
112
619
775
803
324
914
441
686
584
532
525
985
62
303
814
195
774
983
914
264
151
581
855
263
4
164
220
753
381
664
502
845
284
629
648
960
544
90
998
128
974
523
465
389
178
280
584
952
615
851
216
118
432
71
381
788
235
601
541
968
618
395
814
254
25
814
214
921
256
564
401
231
439
867
620
617
499
556
921
114
759
137
232
543
561
965
331
148
919
224
117
537
620
283
791
997
97
357
918
354
921
671
937
360
538
909
329
389
817
250
503
577
739
735
120
300
701
452
801
620
28
918
509
648
553
300
997
650
9
915
356
930
939
293
642
477
554
323
867
724
573
722
301
312
810
773
965
511
577
766
483
606
36
992
606
589
644
604
591
653
871
948
935
810
593
929
640
148
252
859
872
177
581
525
489
391
650
806
254
580
924
89
186
960
433
144
901
77
100
493
82
972
441
369
134
34
298
126
534
902
985
758
79
919
635
921
662
286
727
917
866
652
358
404
612
792
548
866
221
649
359
656
973
800
25
459
186
676
586
73
578
923
831
658
842
467
579
505
105
658
774
971
310
484
727
275
276
275
141
850
276
852
506
249
652
883
709
190
559
647
263
138
570
447
148
413
266
79
270
371
89
396
694
400
880
421
27
509
696
168
359
325
20
217
574
24
100
635
566
660
634
182
150
205
629
650
618
895
81
240
618
170
636
312
922
868
733
949
377
781
469
88
106
489
305
33
865
758
20
784
418
655
966
920
860
595
922
830
842
3
422
460
525
410
772
448
278
857
397
8
638
867
96
97
708
402
482
926
160
502
710
930
509
676
202
369
623
124
551
465
479
973
925
4
383
49
452
14
258
202
22
248
69
118
345
129
872
827
55
384
682
117
666
191
793
868
913
416
344
464
233
823
790
158
180
173
559
984
187
817
186
209
66
607
680
763
89
552
943
144
289
625
614
955
816
407
824
729
176
520
546
409
696
336
920
876
861
831
212
401
1
399
962
419
358
642
182
447
547
125
944
836
750
558
791
919
317
967
0
845
488
546
255
536
882
527
412
96
358
624
497
359
375
459
778
86
102
313
533
649
438
477
837
541
387
628
460
57
948
812
902
788
359
157
324
593
36
88
689
747
64
186
458
440
998
589
526
100
902
411
101
692
241
938
585
628
918
397
37
866
210
940
654
569
449
978
162
486
66
204
233
131
742
43
923
740
632
801
840
886
212
293
579
453
583
164
434
502
562
471
368
772
411
23
693
213
353
207
699
420
411
284
551
154
327
826
894
312
627
87
198
839
732
777
645
316
294
79
818
856
902
538
980
666
561
25
879
267
232
930
687
996
566
590
502
245
416
748
557
43
187
756
234
920
885
879
588
179
310
406
387
565
296
719
231
858
744
462
125
329
744
164
677
310
106
179
555
522
927
465
917
115
221
503
387
458
383
975
990
45
733
729
610
29
449
193
239
545
7
716
226
751
880
903
61
986
434
969
860
362
434
129
829
7
633
216
465
368
543
807
765
276
537
376
305
338
921
545
235
929
261
462
680
494
717
94
832
152
415
693
866
849
174
695
208
807
263
673
527
806
833
293
82
370
21
739
708
942
636
295
223
898
757
256
744
475
702
576
979
117
621
845
966
796
892
174
603
155
199
131
961
384
776
395
754
797
486
814
91
123
110
315
21
219
923
117
46
625
693
25
742
315
222
60
111
114
586
66
269
137
197
582
874
973
329
628
122
816
795
214
939
257
881
312
828
804
429
875
781
474
252
875
789
475
287
252
589
225
319
211
362
868
793
588
194
123
569
316
291
364
882
582
973
763
246
801
567
675
676
700
501
929
575
643
756
862
895
345
87
566
556
802
435
702
390
629
177
959
297
468
675
180
402
648
943
648
802
863
675
478
563
176
759
491
819
515
353
67
213
793
633
121
595
420
823
337
49
0
297
699
820
324
879
222
973
174
222
775
389
897
605
305
74
717
796
245
584
149
664
797
942
298
271
889
718
94
227
120
447
876
171
619
200
50
842
525
576
416
652
966
314
258
271
740
327
67
985
911
568
650
61
863
300
332
752
370
778
331
842
225
207
13
845
760
415
39
285
992
455
938
310
121
548
933
861
875
352
199
138
272
849
199
135
501
531
240
223
310
571
66
887
131
79
732
891
495
123
176
839
931
466
501
52
14
786
914
241
138
113
380
410
314
579
898
167
463
138
390
125
61
456
12
192
888
97
83
735
572
260
574
503
78
427
556
93
213
822
686
703
287
66
465
601
998
363
768
813
853
510
938
915
967
302
107
855
751
543
590
324
155
516
827
233
295
735
678
508
909
365
563
196
783
28
797
133
744
917
946
949
428
236
216
747
891
676
954
642
219
896
966
374
764
146
607
59
233
286
919
143
3
482
339
786
862
489
272
958
758
570
908
538
807
124
285
698
800
591
692
371
487
659
745
603
805
705
662
390
991
933
533
346
415
873
484
630
714
756
588
472
327
848
363
486
325
0
536
477
592
228
849
431
239
946
35
396
651
49
787
994
983
320
340
750
545
825
380
611
933
321
436
260
521
799
98
198
799
634
676
743
863
877
175
454
823
562
851
475
611
638
469
946
310
162
697
856
339
429
819
272
750
255
533
624
54
983
822
206
618
498
949
833
727
124
287
551
38
138
378
650
128
199
596
439
361
645
647
700
75
466
973
825
74
858
449
128
841
624
334
811
122
284
644
202
760
284
753
151
774
131
801
903
330
749
694
44
395
693
96
822
511
69
647
585
279
449
66
473
425
400
284
899
36
281
101
149
565
854
300
339
337
453
242
20
554
288
64
301
981
512
123
845
582
123
430
213
924
496
686
349
249
323
248
637
604
350
786
169
204
438
508
894
243
103
914
798
743
330
99
77
842
223
922
776
698
352
342
622
201
28
971
802
703
219
439
307
569
578
476
126
16
337
372
612
792
638
410
535
320
509
612
514
84
886
643
782
591
985
756
792
365
727
594
69
947
385
376
868
963
205
346
332
894
718
944
686
708
706
573
28
567
186
543
4
424
186
786
15
523
543
807
888
622
753
957
921
491
686
790
806
891
488
490
785
559
434
823
267
492
396
648
60
934
191
64
359
729
202
726
252
745
534
140
720
639
450
641
482
136
783
289
379
272
779
516
183
566
339
450
58
87
98
118
374
641
182
85
722
385
811
326
482
697
819
202
689
269
196
171
405
979
460
136
603
592
652
786
158
991
237
216
430
687
335
804
681
869
241
403
606
53
730
89
102
549
643
791
170
191
963
927
171
775
63
774
367
715
561
877
58
150
94
488
189
781
645
870
2
886
626
609
291
356
50
394
257
45
537
427
237
500
354
408
628
417
534
347
132
447
225
542
949
671
30
139
804
27
361
806
914
987
767
557
695
817
303
304
215
841
731
452
341
437
212
321
206
746
669
690
546
246
232
495
917
263
986
721
642
700
879
908
39
647
466
735
816
769
391
31
610
475
835
304
912
47
977
119
146
646
161
44
244
394
891
161
9
878
234
651
930
466
560
969
465
378
56
281
147
448
665
110
923
852
766
187
252
743
658
750
742
820
794
986
566
685
500
575
915
86
578
845
552
138
167
17
868
223
651
368
23
668
478
298
872
244
486
124
339
144
874
81
316
668
68
882
706
920
809
973
6
388
171
911
878
338
280
747
913
283
115
937
303
945
587
176
189
73
300
528
570
175
962
886
195
382
121
253
302
930
227
660
318
398
571
549
736
204
296
1
487
763
938
791
708
526
319
249
951
619
129
873
146
91
112
694
825
233
947
127
515
174
140
186
572
63
735
660
267
383
662
107
146
952
250
206
830
569
455
134
540
584
7
39
28
119
733
853
352
680
333
220
207
473
406
131
536
493
792
156
876
806
263
374
758
513
580
941
434
387
75
974
971
82
365
351
554
98
205
258
131
890
478
690
363
884
821
251
729
965
407
605
771
22
979
882
887
911
823
321
298
250
648
622
684
13
973
238
464
530
849
947
772
327
637
135
564
458
739
293
424
498
251
547
521
582
429
408
494
604
82
792
206
82
766
891
95
92
481
911
622
330
858
395
10
495
882
926
306
973
219
82
472
822
629
993
405
411
753
899
15
835
43
222
917
810
465
365
902
298
276
876
629
487
623
991
982
506
917
640
479
488
722
303
311
352
296
716
763
50
615
130
237
658
704
507
820
169
872
722
468
500
951
449
987
574
440
322
432
357
962
264
845
37
567
156
389
864
872
504
266
839
634
855
850
339
362
670
860
586
745
328
87
696
129
426
270
569
100
703
278
415
967
124
452
534
632
193
750
857
697
368
48
683
224
898
374
938
569
235
525
666
915
964
362
45
742
632
614
843
687
893
258
654
369
62
541
353
255
643
210
304
12
259
987
588
509
362
526
78
949
403
96
864
367
458
261
462
443
876
305
130
121
915
137
842
977
30
195
584
673
406
888
37
17
227
625
526
941
152
957
890
907
53
107
275
864
368
737
307
244
394
437
717
661
926
559
990
956
755
574
982
513
462
19
882
41
645
408
983
149
717
873
56
771
980
683
635
701
772
942
945
518
731
15
179
10
574
169
966
681
743
948
546
557
320
428
599
965
837
582
466
554
807
874
677
140
558
664
841
682
958
138
201
690
153
380
52
80
550
18
113
645
319
660
203
639
88
154
956
277
88
422
184
895
296
861
387
206
526
228
889
836
367
90
526
872
822
578
304
724
949
418
370
620
78
925
259
518
79
215
796
519
989
980
766
637
193
154
844
719
734
85
556
453
527
434
326
701
365
982
426
666
400
796
286
830
721
897
349
152
464
497
671
453
477
437
90
670
943
286
742
678
723
650
131
602
436
809
304
153
792
730
171
544
526
457
375
599
354
724
751
818
573
774
623
50
563
66
72
507
704
166
537
428
816
20
30
605
830
334
758
974
416
930
518
942
739
245
893
446
321
644
616
894
770
240
944
686
658
369
193
362
535
82
142
352
102
525
309
284
211
419
610
628
701
129
922
441
726
816
239
48
812
855
942
583
447
239
269
105
608
814
820
143
248
962
847
350
839
156
987
51
928
597
679
629
78
601
422
805
417
661
205
582
869
147
165
668
386
786
126
346
952
946
490
200
260
689
902
100
198
889
503
126
839
182
755
269
135
530
74
905
543
631
487
412
779
652
433
517
790
559
864
742
857
706
942
469
395
844
921
593
86
424
719
925
958
827
546
94
357
973
999
900
604
486
665
383
490
98
253
280
9
117
374
866
823
316
687
570
512
609
164
950
385
235
227
344
414
774
438
771
747
437
24
351
275
41
735
117
139
988
397
500
457
123
718
632
439
405
202
303
366
718
254
752
306
481
96
720
607
534
844
354
323
868
706
950
261
793
67
752
133
464
252
942
939
970
574
730
375
128
33
742
847
639
494
505
473
590
225
80
476
69
787
151
289
493
101
550
638
168
302
123
984
906
65
923
876
639
653
604
119
38
698
318
678
192
823
503
134
49
583
962
470
370
113
112
215
214
14
853
734
669
328
718
575
393
641
452
384
646
408
504
684
106
822
362
650
998
865
136
399
801
98
869
523
563
333
739
129
348
944
863
17
273
581
944
666
574
396
403
220
156
907
904
262
81
619
912
431
836
400
830
637
498
52
161
413
385
252
542
733
196
405
102
821
338
47
840
912
795
243
484
952
502
389
566
935
360
831
367
196
231
197
186
82
601
347
495
987
951
390
72
147
147
527
321
486
574
161
750
721
756
587
25
258
328
592
545
688
775
912
884
6
462
70
88
63
769
936
50
720
326
475
220
473
2
541
311
928
54
414
649
810
1
27
420
681
971
965
369
746
878
605
752
692
28
193
755
149
481
158
222
807
985
442
632
987
335
296
915
741
710
916
903
63
943
323
744
266
288
465
12
518
70
117
562
450
662
318
600
143
828
822
950
813
616
934
152
303
230
419
44
292
335
947
707
631
270
451
897
910
916
262
781
339
379
343
789
41
13
741
536
841
915
486
6
531
772
158
834
3
577
230
647
265
177
355
248
799
158
145
62
75
759
843
766
490
186
907
883
200
1
419
393
916
257
752
448
30
262
634
385
192
865
32
457
394
387
705
194
546
202
256
973
962
99
91
804
637
350
688
189
351
107
935
268
365
687
716
395
949
702
780
141
567
164
950
962
552
655
508
450
210
764
775
524
215
218
328
204
568
16
394
920
476
329
188
841
368
256
588
669
958
368
163
878
884
113
192
436
121
700
238
683
464
365
207
31
583
535
235
152
904
629
72
380
310
260
573
30
868
161
700
178
881
215
56
765
680
248
554
801
948
144
836
764
510
43
795
93
931
383
597
187
364
669
567
27
281
140
57
501
653
109
680
534
324
736
299
5
985
853
158
285
350
995
50
860
390
197
305
321
932
903
508
297
924
427
324
206
919
381
707
572
843
739
106
167
476
758
524
813
963
683
98
313
30
500
525
420
50
831
94
982
734
954
279
658
382
955
216
653
689
276
226
532
15
684
699
843
442
576
656
758
611
107
423
641
959
949
413
9
780
507
344
514
462
975
524
196
931
93
849
620
721
427
504
736
112
203
580
906
131
588
16
742
47
440
383
7
389
149
368
169
656
712
35
470
40
911
18
323
4
868
295
725
295
799
814
759
354
746
18
486
334
34
228
382
474
964
741
863
113
109
384
121
174
419
592
566
331
610
889
687
830
536
413
478
335
227
237
41
325
607
527
659
642
108
393
468
72
134
684
537
596
68
658
770
488
602
336
171
213
577
858
395
113
623
873
800
202
463
841
527
70
369
539
64
477
932
533
901
419
217
790
367
637
448
489
477
51
177
648
616
754
859
11
219
834
237
19
37
700
860
564
122
581
455
187
410
740
72
311
159
641
101
878
278
902
367
756
305
544
756
273
298
615
284
517
802
873
888
839
573
748
755
696
330
211
235
740
951
307
404
462
948
857
340
226
111
707
334
416
603
91
689
901
58
326
770
860
199
658
699
125
758
807
173
440
370
408
181
673
67
937
487
15
794
827
593
906
886
928
674
489
19
716
742
429
42
864
290
593
874
341
70
632
500
243
73
870
3
606
543
70
543
30
437
689
209
31
595
447
311
622
288
682
338
382
111
732
246
753
325
120
95
748
105
595
991
178
818
347
136
361
417
679
744
855
720
305
238
668
105
901
290
393
583
628
776
46
360
374
800
37
495
895
785
952
842
129
130
660
476
618
374
245
649
470
452
369
775
42
37
880
943
327
626
878
307
754
925
19
128
725
57
975
972
194
927
814
675
409
827
503
27
201
749
676
23
553
398
798
596
435
31
539
763
9
770
422
763
695
442
891
420
851
219
744
45
146
910
73
556
737
576
935
290
677
964
313
231
362
464
179
797
495
70
912
504
840
335
619
535
129
862
307
980
81
51
377
228
962
450
136
51
379
71
342
56
35
655
639
397
119
818
547
966
889
811
822
729
146
441
265
275
304
924
607
385
328
985
965
642
435
101
693
814
525
35
223
560
43
862
310
514
681
209
833
570
20
655
299
519
449
916
146
753
193
754
490
521
739
456
163
526
909
856
341
434
244
564
347
639
778
9
153
459
218
338
29
238
994
681
109
443
949
256
548
142
10
38
663
101
846
826
627
756
35
968
542
279
884
889
270
663
898
775
474
468
114
504
59
460
537
168
903
486
424
803
629
786
841
644
887
40
471
515
796
858
835
690
489
72
580
759
87
830
534
561
651
0
417
710
460
954
230
363
793
7
518
422
793
360
418
33
752
889
900
900
99
735
590
588
159
170
347
246
353
234
160
4
234
577
66
695
884
296
410
677
303
929
451
449
641
869
482
393
111
734
645
210
469
235
151
629
758
850
227
111
84
387
467
671
317
533
718
201
829
128
230
485
409
681
286
402
902
120
147
13
854
792
576
675
28
79
656
786
929
884
249
366
623
716
389
940
601
107
141
782
587
723
267
997
404
905
751
659
25
899
24
231
691
600
907
71
31
563
209
961
447
458
327
71
526
716
363
127
175
857
910
762
580
529
111
985
787
863
996
164
114
20
396
157
973
303
581
4
866
790
965
666
601
644
89
127
712
804
607
887
661
869
2
242
750
113
579
889
328
575
54
794
595
450
952
568
753
533
573
971
675
890
989
276
535
430
756
247
235
715
487
896
936
489
138
686
954
717
576
635
644
630
429
240
432
381
160
185
266
733
508
294
624
498
570
511
280
678
110
515
393
597
412
329
438
902
368
393
972
296
380
616
278
809
856
710
543
17
247
809
102
107
103
78
605
26
589
238
704
700
753
450
649
517
131
440
420
851
185
392
147
565
8
777
374
217
487
917
234
86
79
336
194
534
767
151
560
356
389
617
408
143
419
410
12
550
202
432
402
387
824
901
304
185
31
678
402
870
948
988
957
27
676
151
561
443
654
474
152
44
91
560
539
862
322
551
412
524
336
166
263
512
420
567
697
451
598
451
321
546
439
630
925
116
133
838
559
788
312
711
184
755
624
75
617
946
978
382
823
314
900
86
827
320
654
876
123
252
328
797
150
119
427
75
235
913
913
147
701
578
858
885
685
834
960
303
133
938
37
956
605
937
394
784
610
48
12
85
652
692
234
154
812
662
229
399
927
495
546
628
425
757
865
110
591
177
765
724
467
802
32
72
92
427
856
54
827
221
139
832
913
726
986
725
740
568
125
667
63
23
295
488
780
160
598
724
337
716
800
156
518
833
229
962
612
437
16
439
658
508
623
572
234
610
649
974
178
774
641
593
150
288
433
930
800
383
6
489
99
807
645
970
992
874
932
604
664
301
395
322
809
19
246
395
981
896
369
511
22
362
456
172
650
889
455
450
624
461
939
724
620
584
694
612
811
978
568
475
279
964
149
440
335
396
835
668
644
556
531
666
270
987
191
920
228
646
722
852
459
13
576
80
950
622
692
113
601
261
588
232
577
89
673
264
485
508
284
481
417
815
148
687
802
339
960
382
337
682
234
796
48
163
876
998
785
569
111
738
182
51
971
111
140
996
375
978
856
659
459
273
474
959
961
628
650
921
10
339
955
596
136
3
759
12
353
897
933
816
635
467
219
958
578
712
954
305
42
811
964
853
436
790
813
397
418
815
670
780
155
626
377
291
981
488
655
687
385
941
855
373
760
75
331
339
139
638
644
181
801
961
34
237
751
199
635
522
15
657
654
170
635
31
813
969
872
820
656
257
113
863
630
874
290
962
565
429
952
209
610
753
522
645
990
274
844
977
148
211
987
802
733
622
186
546
591
58
719
599
315
832
815
298
706
105
612
623
535
564
185
497
669
707
494
11
333
691
989
481
902
328
636
636
950
174
534
894
232
253
845
899
86
660
197
144
766
809
120
653
725
305
150
394
12
997
406
346
688
747
179
942
75
167
578
377
341
465
271
573
718
117
825
156
777
22
653
895
184
773
548
909
430
51
656
442
48
62
140
736
161
672
678
236
839
609
613
181
426
237
106
496
706
931
5
835
306
658
731
842
783
631
103
565
682
759
7
730
173
500
818
334
172
849
922
363
458
536
544
236
125
3
732
831
934
737
666
592
747
749
434
882
381
538
447
63
649
807
146
823
307
964
157
831
813
80
194
623
968
91
211
445
94
944
628
380
681
646
973
781
396
759
663
777
649
463
192
299
270
690
474
929
655
631
760
820
63
306
796
383
749
7
180
195
303
808
928
337
455
253
118
851
12
133
980
14
596
524
313
866
215
787
795
222
770
907
394
186
566
542
921
315
902
102
863
205
910
791
542
365
396
12
568
408
146
900
422
742
425
87
961
992
226
108
566
997
16
312
535
934
855
456
601
757
910
464
314
821
607
209
538
3
573
459
764
719
359
538
814
136
626
775
128
204
883
46
553
251
359
88
185
214
897
787
323
807
603
989
980
211
550
519
566
124
330
330
195
689
221
9
826
847
136
306
403
372
353
957
623
64
45
161
278
942
300
953
102
903
942
82
466
845
953
385
969
283
715
164
325
936
526
503
135
662
161
539
34
866
496
10
930
893
523
560
188
175
513
290
430
808
724
897
653
30
282
974
665
349
138
342
638
16
845
773
679
7
664
65
225
512
427
156
406
950
716
946
477
230
588
908
390
312
805
43
694
439
369
360
788
859
702
778
876
900
904
907
259
568
972
484
433
752
640
191
702
709
137
532
291
725
440
681
389
245
76
436
36
445
796
176
304
850
955
532
102
859
439
361
779
412
198
212
164
190
755
218
899
892
750
190
969
190
223
711
787
299
147
175
96
295
352
753
497
659
285
600
518
725
313
649
489
511
862
5
702
617
575
601
862
678
144
183
220
367
894
8
19
393
535
115
688
887
868
186
546
506
138
416
231
451
66
72
963
280
77
17
897
652
970
111
330
114
295
551
834
541
911
853
935
446
320
623
686
189
161
232
47
299
1
278
751
67
702
66
347
779
83
596
783
53
708
114
520
355
17
354
896
280
207
831
78
527
807
764
68
968
349
467
268
350
745
371
769
799
437
116
578
872
712
362
925
772
828
797
127
197
151
24
477
710
207
555
590
14
672
10
983
21
478
603
723
575
326
492
375
115
608
953
987
672
667
264
445
847
62
924
44
565
948
873
276
508
781
866
522
453
876
505
474
354
460
197
282
786
689
657
253
649
610
240
321
630
857
118
477
271
43
874
836
343
747
112
851
528
330
374
981
207
231
807
913
44
4
195
182
45
852
436
46
815
28
368
797
885
838
274
508
881
148
345
577
248
809
428
776
140
154
758
699
738
917
964
782
274
160
316
319
364
752
366
531
781
86
328
18
924
955
527
158
455
872
735
703
681
515
480
173
22
590
872
760
507
837
894
781
349
210
453
65
315
171
949
448
257
629
466
533
584
993
43
40
217
130
95
251
646
927
776
20
517
649
780
377
838
26
510
187
588
963
604
903
134
553
351
743
183
170
629
767
515
672
159
85
803
607
336
801
534
112
821
404
113
953
781
951
331
291
490
271
607
95
527
741
648
230
837
183
400
818
303
916
842
814
1
997
421
689
798
308
153
971
712
267
276
493
570
959
136
61
231
743
508
758
837
508
988
26
692
389
844
347
657
686
161
10
36
935
699
834
243
204
158
955
471
786
800
394
746
936
807
977
32
315
87
221
175
75
247
219
816
443
566
473
481
728
835
517
15
886
352
258
91
862
213
914
648
365
308
746
653
115
723
37
782
810
258
958
238
505
529
54
300
96
880
782
176
715
299
191
954
3
449
45
865
14
959
866
731
620
612
384
87
688
422
870
850
680
180
440
538
709
847
838
157
727
620
333
794
272
524
748
275
325
145
493
691
105
359
422
77
323
807
164
363
581
34
566
613
566
6
151
628
853
342
785
932
314
119
727
586
995
827
862
673
973
355
364
430
66
787
507
389
946
671
105
879
58
671
492
976
677
644
604
883
338
390
815
652
861
894
239
208
722
453
881
47
160
598
829
226
385
336
967
683
359
72
562
769
743
54
746
773
50
702
656
740
444
471
393
305
718
984
866
440
789
747
839
949
697
668
175
434
356
494
117
715
567
31
837
662
438
583
787
488
637
443
581
82
267
326
739
985
662
605
777
451
705
616
752
402
636
927
837
992
421
306
707
340
338
896
3
776
831
790
616
469
586
549
551
205
875
642
542
537
248
671
340
305
287
92
707
923
19
896
267
793
203
326
485
893
223
488
21
54
631
989
875
569
539
426
126
414
421
20
304
669
691
644
326
978
737
385
253
108
282
520
253
837
198
739
82
421
579
103
476
562
92
351
483
983
130
609
398
903
629
54
924
320
698
250
650
787
635
255
248
269
127
501
106
326
592
188
99
172
643
927
86
88
631
570
71
113
531
821
16
513
875
940
185
926
190
188
65
177
795
313
447
923
815
905
601
759
94
700
283
89
628
370
177
611
292
249
724
175
70
740
688
298
680
874
224
222
62
289
751
857
955
198
132
122
104
85
881
550
138
165
639
118
887
817
729
179
418
453
706
840
545
395
138
577
621
714
799
35
356
550
244
663
101
377
785
205
814
666
107
952
183
98
70
70
915
799
601
685
604
308
526
149
55
16
726
676
83
877
711
791
780
955
454
881
684
239
438
499
257
545
451
793
995
874
215
263
25
169
948
982
829
826
131
884
195
210
560
278
439
623
421
219
578
227
452
615
818
890
114
75
787
917
220
783
143
436
46
169
605
346
151
434
173
634
318
368
844
230
998
284
853
771
855
783
998
308
750
816
550
864
243
338
134
464
473
277
900
519
798
505
865
301
939
390
936
609
110
132
191
108
768
44
879
976
179
877
284
930
45
834
146
289
524
632
753
997
262
653
868
60
510
86
714
449
476
650
410
587
134
601
47
255
997
279
231
528
156
867
810
554
701
957
843
226
589
596
575
851
249
444
264
759
530
978
560
358
980
322
945
466
923
345
721
272
624
304
800
132
171
611
686
225
920
529
803
861
477
378
65
726
174
329
837
704
659
749
63
639
71
360
105
346
705
179
970
681
835
771
814
7
734
852
584
654
382
387
867
859
117
932
938
292
261
127
996
272
877
411
911
300
124
369
999
829
900
969
863
735
92
677
94
826
881
678
832
263
65
700
475
183
984
765
827
598
892
823
870
121
587
134
422
711
855
773
892
755
742
755
842
835
784
937
13
666
967
198
281
385
250
756
920
234
521
747
832
766
570
703
887
509
837
661
220
692
434
113
799
177
220
641
364
5
930
729
23
898
927
304
283
177
413
203
412
286
302
244
52
872
299
292
734
136
953
954
180
388
419
979
917
640
973
633
645
903
362
668
153
290
324
436
467
737
991
231
24
293
828
428
518
127
720
604
616
26
558
796
766
978
128
683
618
101
316
615
356
30
635
510
320
959
298
140
49
642
723
425
287
551
853
157
31
926
761
647
952
320
795
718
650
275
753
268
376
421
235
85
451
870
947
124
181
245
616
230
239
339
7
527
891
213
36
922
139
798
921
443
470
716
513
472
992
266
740
720
39
327
157
842
197
104
966
730
702
934
313
941
274
320
820
517
533
209
791
24
359
712
467
181
780
980
653
124
598
745
197
989
72
354
832
621
459
150
351
513
85
664
806
359
985
627
228
870
188
19
895
547
731
714
728
863
47
381
988
645
126
185
987
550
539
819
171
350
321
522
863
406
539
22
117
876
649
345
746
189
364
993
736
447
708
464
311
755
197
651
752
675
836
739
225
727
910
396
430
232
270
645
638
161
667
108
37
668
453
136
857
170
129
593
617
837
409
280
944
958
931
697
633
119
788
858
847
699
606
629
931
229
274
921
390
294
29
428
962
835
564
820
5
693
765
974
883
527
255
179
485
186
876
471
306
665
329
505
716
288
134
647
517
760
568
907
54
950
687
17
785
251
189
142
297
306
116
532
833
371
711
671
910
940
142
568
957
823
73
673
463
559
320
980
671
240
240
726
190
927
95
327
531
636
469
180
942
586
712
128
309
775
799
219
715
293
139
24
116
564
697
580
123
369
912
147
610
152
873
152
432
320
832
963
956
301
143
898
239
207
26
549
334
177
120
402
470
260
426
939
176
124
871
652
493
135
799
455
288
672
960
72
992
792
35
948
93
530
198
685
89
577
234
423
754
706
825
577
318
252
516
495
728
739
147
221
874
946
29
514
970
989
586
314
781
973
614
226
855
812
911
944
389
497
368
144
204
545
721
874
149
589
369
877
680
868
451
554
166
480
69
136
821
7
802
602
981
416
828
836
229
740
133
618
589
501
114
793
398
187
20
548
128
741
425
808
610
228
715
128
708
136
265
529
143
419
483
476
836
664
313
65
756
798
35
345
299
502
491
49
689
511
597
170
252
375
978
214
955
693
343
16
181
960
897
325
379
381
801
215
45
466
280
801
264
668
146
915
170
637
965
211
500
914
381
753
641
712
967
597
405
662
613
587
622
510
264
2
243
417
569
288
884
202
441
500
870
588
416
40
577
733
251
78
999
985
183
641
697
502
590
454
165
555
393
787
417
657
141
661
75
711
301
311
913
743
811
135
683
227
175
260
960
778
690
312
763
225
953
460
728
895
915
893
450
308
32
867
318
526
880
393
589
182
704
502
925
515
637
608
95
164
220
407
294
263
719
410
488
24
222
568
271
489
813
721
798
846
941
468
724
821
213
313
3
269
167
928
136
156
888
231
672
461
991
966
724
710
728
212
87
951
133
358
440
946
432
590
144
373
58
868
546
271
181
550
540
700
830
677
856
71
260
528
532
251
847
256
314
575
820
401
526
953
759
967
900
191
557
396
916
968
265
463
239
798
365
132
499
195
161
355
618
421
236
150
25
83
406
339
658
579
92
537
532
203
856
784
747
765
181
663
733
798
478
325
596
843
809
447
391
970
803
9
743
391
160
768
826
918
459
484
497
551
373
30
755
229
166
854
995
347
517
728
497
996
405
94
191
214
541
582
184
696
944
280
87
104
48
913
374
860
750
872
763
475
254
870
705
420
724
52
120
242
780
617
590
538
63
133
752
605
68
289
653
12
569
93
468
969
358
842
829
460
714
593
936
968
463
993
741
188
45
861
782
177
830
724
715
894
857
468
851
925
109
856
289
678
949
757
647
308
600
477
120
314
422
56
635
237
401
376
777
446
589
911
624
771
635
691
665
845
511
868
122
620
725
412
298
26
169
946
686
121
775
807
788
549
215
423
786
617
151
916
63
92
827
39
863
815
731
881
660
594
749
134
215
826
546
513
853
68
811
539
541
938
698
329
487
914
752
626
883
255
542
298
347
721
338
563
536
421
444
548
15
545
683
582
372
581
96
577
1
259
468
543
198
519
872
685
785
977
663
668
584
205
966
932
927
656
847
815
429
291
364
797
836
399
379
560
980
475
489
334
87
310
877
285
829
101
322
614
430
986
282
15
543
600
299
822
609
146
638
38
437
2
835
625
401
567
538
733
394
27
67
481
337
296
766
518
750
89
132
180
427
766
195
970
719
494
793
328
992
431
366
429
785
554
407
538
121
945
271
867
324
691
349
14
339
115
532
89
556
17
622
983
783
817
954
502
664
747
830
656
530
549
438
315
455
197
853
928
494
476
795
818
519
144
184
211
612
717
652
168
734
274
504
869
444
458
372
108
557
554
116
439
455
906
106
910
103
311
190
949
139
986
768
659
130
952
222
742
21
874
263
107
149
767
977
945
577
701
53
486
607
521
277
63
780
383
325
235
694
516
185
833
502
305
844
984
257
66
79
631
293
694
738
794
813
715
739
390
416
144
228
24
665
505
439
445
240
116
33
934
632
218
119
486
523
964
823
132
382
902
763
675
596
854
469
761
569
208
151
338
352
731
714
370
588
505
167
828
621
200
114
606
770
233
92
293
197
267
778
932
169
893
607
117
747
429
878
669
989
381
359
694
464
425
416
52
930
583
232
903
136
346
509
906
580
954
552
129
221
682
61
743
575
21
860
675
802
91
344
791
824
55
837
289
480
253
693
762
837
926
665
325
624
527
231
556
481
135
686
702
817
99
445
393
472
658
68
626
101
764
418
925
171
607
214
651
861
260
413
50
186
430
375
162
957
606
719
438
742
757
493
559
208
290
304
681
300
724
307
401
488
77
327
659
685
893
662
898
153
427
948
691
858
323
854
815
281
573
606
375
682
451
935
890
741
591
571
42
316
231
795
156
660
122
816
697
368
830
595
873
258
543
565
116
218
771
283
500
696
241
875
378
692
162
268
786
754
192
180
70
423
975
226
435
450
394
133
818
225
728
43
483
624
608
951
842
731
586
342
427
180
570
157
872
732
778
10
486
970
190
908
745
166
135
180
616
881
313
786
106
394
829
941
18
438
244
860
521
183
555
301
363
125
458
587
857
236
598
344
558
788
604
303
954
739
484
570
973
149
356
79
543
186
373
561
976
617
774
497
800
329
150
515
454
961
103
663
549
701
359
108
489
964
411
444
55
247
366
28
397
723
108
292
261
833
206
237
450
980
86
603
661
589
118
115
550
573
130
99
274
490
559
764
454
971
560
509
570
926
538
319
1
998
612
262
831
818
851
633
150
290
588
811
231
59
278
781
632
408
232
907
898
792
23
352
115
583
214
685
861
752
357
863
102
321
477
933
139
681
566
641
971
507
452
202
566
82
335
198
490
919
457
741
711
480
93
178
415
659
216
277
763
573
492
865
894
969
798
385
650
717
26
973
224
830
527
790
912
214
340
754
134
798
495
197
630
941
376
398
600
592
675
364
517
519
229
411
488
380
148
491
449
526
816
673
356
344
815
620
910
507
374
44
657
222
242
288
163
970
686
115
914
713
831
431
232
413
194
72
145
342
915
594
868
732
619
576
428
786
196
338
293
922
735
303
496
329
591
659
299
629
127
213
694
958
644
278
723
190
350
868
532
618
462
752
350
81
328
130
219
876
820
513
150
555
816
647
884
759
658
535
740
785
748
434
96
744
712
819
934
414
688
818
384
502
570
734
936
250
216
155
126
37
20
629
944
188
276
181
947
934
716
39
72
817
825
168
561
889
339
848
304
379
666
688
882
589
775
170
839
343
325
318
380
346
947
677
534
223
858
834
509
574
873
581
391
699
101
305
940
793
505
244
172
171
285
406
112
412
928
952
755
254
622
488
952
569
517
838
144
375
672
653
949
898
587
693
949
40
350
889
185
855
486
710
378
123
468
491
887
397
795
994
651
417
834
955
986
351
793
482
726
818
487
28
68
426
73
369
467
423
610
652
278
96
362
656
571
831
499
458
580
294
805
231
711
639
538
49
991
331
883
69
501
371
97
569
797
170
938
616
593
549
269
223
997
983
232
569
166
731
379
746
378
536
329
441
176
219
843
519
551
726
588
52
97
686
974
895
856
912
863
802
461
484
377
811
468
961
380
986
45
111
85
423
648
766
216
176
986
59
695
889
786
283
293
235
969
267
482
178
180
346
332
993
830
61
804
650
23
536
989
68
0
426
843
0
192
59
176
530
119
871
771
257
506
65
492
476
332
975
6
864
321
690
210
151
751
366
154
774
255
143
194
607
569
37
607
113
97
135
644
568
358
415
825
864
832
317
692
517
644
50
733
965
740
943
469
844
662
623
618
917
118
165
524
687
202
483
800
651
618
796
219
328
564
396
192
396
66
885
913
710
935
647
676
28
942
497
872
604
472
842
873
590
7
749
277
562
232
429
213
202
226
785
530
790
533
723
538
599
960
804
310
247
803
338
275
745
835
499
702
659
342
927
249
349
677
878
911
909
307
477
464
885
614
994
27
147
69
566
747
381
722
57
629
525
747
256
622
934
756
324
593
98
252
194
799
281
72
63
190
731
892
6
969
506
353
996
653
422
914
752
156
636
161
137
161
908
393
784
842
501
460
435
951
64
629
751
345
53
814
888
137
706
246
106
564
599
102
217
374
17
322
530
5
483
667
167
392
412
303
234
914
115
22
865
180
3
616
877
409
782
117
546
840
364
652
756
963
106
974
337
475
648
219
481
131
886
648
523
299
303
110
565
418
484
430
598
487
399
828
896
533
945
794
726
661
446
482
625
905
808
314
380
456
534
213
588
772
213
111
423
516
573
988
935
57
771
885
545
522
713
793
55
11
588
781
672
386
616
649
643
424
316
376
881
202
589
821
974
803
284
750
319
858
90
606
915
861
492
812
383
557
958
791
920
898
924
945
636
540
594
280
317
262
8
550
464
597
371
439
400
655
189
72
865
279
678
781
493
170
945
228
80
255
19
0
153
296
945
142
836
892
774
505
154
782
55
619
379
426
410
132
434
951
204
299
582
882
432
75
405
378
656
485
985
675
485
491
971
783
633
160
27
407
17
181
189
73
152
920
851
562
52
285
865
256
585
448
491
17
875
896
747
531
733
85
207
570
576
530
353
209
42
380
968
60
914
157
485
66
429
336
981
482
622
846
90
559
646
933
928
522
829
28
53
562
113
612
485
689
495
838
898
889
571
866
949
485
375
786
903
804
123
884
638
745
83
81
656
729
14
584
603
196
612
657
110
77
621
595
766
116
434
16
6
357
234
307
842
961
94
97
766
569
334
756
666
417
837
322
498
204
258
102
400
223
111
510
300
84
106
419
201
892
435
559
249
670
218
443
983
664
540
101
233
874
858
251
643
47
573
494
251
832
948
651
407
411
162
707
495
620
126
48
512
562
607
761
584
178
204
567
194
96
669
780
323
879
31
966
926
605
812
530
789
760
533
196
523
695
255
19
667
382
67
179
296
27
940
232
205
144
151
751
593
172
531
916
51
563
234
330
520
47
212
661
159
745
209
683
793
816
702
460
198
121
640
846
148
580
78
705
77
582
457
670
754
340
586
158
255
172
488
775
219
700
788
379
797
349
414
590
166
468
51
716
589
691
563
738
623
993
443
52
575
252
722
682
593
660
840
848
833
328
976
404
380
116
135
177
466
549
120
984
17
171
700
607
214
615
697
837
609
140
890
536
745
964
218
338
977
58
186
810
738
514
566
470
631
702
0
449
251
120
433
621
291
133
580
505
749
277
694
710
769
584
598
514
549
817
852
526
227
391
688
966
905
254
788
888
308
788
337
912
260
770
533
551
256
465
408
357
742
103
419
511
39
17
378
940
834
230
818
62
973
506
380
231
113
520
119
421
661
809
685
921
579
218
825
187
35
585
544
777
40
963
641
80
981
19
20
167
601
191
581
575
697
313
806
162
834
277
936
495
86
621
416
18
192
593
205
227
179
102
357
219
417
998
651
750
369
672
918
970
215
499
897
264
165
55
427
999
333
715
846
771
688
614
789
880
208
347
460
387
449
169
958
866
167
610
617
888
634
887
858
849
738
756
113
903
163
892
254
496
607
100
268
296
715
409
528
275
756
340
14
557
509
972
424
28
582
393
916
568
280
127
417
18
883
531
922
46
775
176
895
383
629
515
31
696
924
911
971
33
252
985
590
761
309
366
142
244
759
58
812
39
185
230
410
420
113
684
819
888
212
66
623
841
581
654
537
857
918
860
242
170
197
833
283
507
199
425
751
311
836
915
702
373
497
112
794
610
148
965
851
361
31
826
554
612
481
444
821
399
304
64
921
854
897
556
361
448
982
464
759
170
731
462
543
229
926
689
191
75
654
42
788
685
869
694
649
702
138
471
453
795
535
726
649
784
282
362
584
616
178
696
786
909
158
682
490
436
371
682
863
26
76
3
63
297
698
713
351
836
184
804
631
71
882
632
207
165
994
791
133
524
487
272
434
997
954
924
786
677
958
649
55
35
653
119
332
351
184
684
539
368
840
523
791
723
155
350
240
502
141
373
26
981
997
812
330
303
89
116
981
47
118
388
434
123
507
767
826
691
803
365
411
643
888
554
718
396
904
958
250
398
684
628
379
33
441
61
337
882
530
318
281
648
58
716
771
566
835
597
609
638
314
21
633
555
927
352
951
832
662
201
230
698
829
961
732
622
22
69
856
552
739
138
552
797
206
675
715
41
624
325
31
939
698
664
494
625
368
797
457
31
998
39
729
179
0
461
154
375
882
10
279
973
500
832
771
706
507
838
99
132
163
482
423
213
147
917
191
515
714
0
898
64
40
628
595
392
441
749
767
676
760
47
649
612
231
772
319
90
611
770
574
126
253
997
340
752
266
531
619
332
531
518
748
923
498
344
316
291
93
435
967
205
834
617
818
65
389
489
508
352
259
82
479
864
432
819
968
698
702
588
383
233
458
131
157
956
475
825
247
921
260
567
126
95
184
944
160
925
433
668
278
693
103
109
909
535
928
878
585
982
818
968
215
276
100
724
584
927
549
183
848
810
750
975
257
286
919
417
564
705
438
194
750
541
303
659
428
583
889
13
565
707
982
780
335
434
857
919
713
758
103
562
920
205
889
177
492
160
947
56
865
385
250
615
278
553
627
706
488
516
71
53
576
53
185
911
839
42
183
553
153
638
467
73
843
356
251
335
868
550
743
734
287
345
701
565
250
680
623
738
549
694
791
125
100
977
388
939
371
923
492
524
561
959
950
405
667
553
92
536
103
188
622
390
533
323
307
136
4
930
874
905
976
666
30
76
995
770
368
718
694
212
243
255
172
545
12
839
98
457
727
201
997
349
591
882
25
250
18
29
180
893
934
508
911
316
937
258
86
657
976
132
869
571
740
41
116
104
233
214
561
960
415
910
662
358
793
687
608
811
68
140
56
2
1
319
670
290
577
108
947
554
241
816
125
333
858
242
437
443
808
351
755
576
261
417
934
406
104
895
570
172
387
626
526
388
946
548
678
523
9
977
429
602
794
907
935
4
501
372
447
309
75
554
885
337
972
172
95
428
419
665
953
158
292
831
899
590
380
929
465
389
907
895
991
701
154
278
705
655
650
152
964
78
58
202
767
30
726
862
811
497
528
764
655
172
947
554
762
327
484
227
68
391
474
411
444
628
689
149
283
692
653
600
770
711
154
537
94
232
751
905
729
279
21
736
451
968
643
565
648
127
145
68
870
971
832
314
600
521
815
235
565
468
187
687
179
693
576
625
925
328
530
6
959
903
743
763
872
386
328
872
865
825
940
87
797
772
753
749
646
568
984
563
36
524
251
567
217
827
193
495
507
75
501
467
979
596
230
851
334
910
75
551
736
15
638
885
140
743
634
786
311
970
349
347
494
952
267
64
132
460
911
639
535
764
458
866
361
688
69
47
951
144
951
687
160
941
924
652
685
558
790
996
528
491
696
375
444
963
791
576
775
702
567
662
466
26
529
179
66
598
579
17
95
530
56
607
471
980
259
156
538
49
505
419
892
201
794
336
516
585
264
643
639
832
657
105
210
538
637
276
489
216
294
584
746
350
191
569
683
450
78
221
851
583
640
743
136
786
432
4
371
48
647
10
880
656
468
442
195
105
719
684
321
13
620
419
715
811
988
398
613
418
972
816
1
964
911
489
751
343
493
474
392
492
837
624
149
305
67
696
762
786
732
435
151
352
206
218
515
546
969
480
965
941
296
966
257
559
808
8
903
301
835
647
146
672
271
647
329
690
343
443
828
427
878
331
131
84
902
646
630
871
478
595
164
126
914
421
685
722
782
588
375
617
587
521
641
211
168
322
253
863
765
82
642
643
765
773
79
667
419
61
538
249
657
54
375
923
476
61
997
610
1
372
579
941
246
572
152
766
894
405
982
659
839
624
654
605
398
85
272
169
146
163
419
155
217
146
78
45
207
427
655
561
152
586
502
398
158
6
516
52
411
498
63
251
123
69
208
873
154
480
394
301
995
813
808
213
312
239
610
519
666
618
432
818
204
934
216
363
940
85
767
704
583
183
307
58
252
515
283
407
347
678
60
343
843
868
908
155
107
518
675
774
136
459
944
693
746
513
408
38
598
175
742
181
358
401
592
963
916
875
370
264
553
782
959
397
2
867
552
110
385
579
236
874
391
180
567
137
45
975
175
643
502
270
177
213
671
769
176
588
996
898
204
902
680
163
651
682
382
555
144
119
135
732
993
526
265
912
15
310
239
190
954
742
460
131
307
132
252
483
72
248
733
628
502
413
791
153
447
525
709
592
644
196
676
990
74
941
902
89
252
142
279
558
236
92
689
543
576
293
378
648
893
111
276
396
876
419
549
323
296
610
267
940
806
296
930
880
237
185
969
841
327
601
399
915
693
440
810
621
733
540
621
627
651
249
375
879
20
924
554
316
887
174
256
693
470
539
926
707
724
895
549
403
848
948
318
893
741
480
514
474
20
135
453
23
384
828
902
756
105
456
72
992
630
681
37
452
220
963
160
296
211
61
699
59
361
369
953
102
849
819
577
869
307
382
244
43
211
146
800
668
954
872
660
937
553
49
389
125
13
901
421
224
962
120
635
676
841
940
778
690
760
707
911
419
90
507
462
653
653
614
673
608
487
333
897
392
734
286
518
747
540
291
971
502
764
607
530
605
899
309
648
659
368
911
78
810
419
893
463
72
507
488
32
346
821
281
739
908
568
609
655
460
252
979
962
16
938
493
622
837
154
622
849
874
533
279
685
952
172
500
377
32
989
761
378
162
43
469
70
963
430
726
423
683
57
737
699
995
582
673
832
88
295
681
963
829
961
648
133
485
148
862
517
489
624
248
652
19
717
722
334
148
800
757
183
857
846
234
852
429
908
37
869
555
70
832
736
383
832
870
869
981
84
738
470
708
986
474
79
56
197
413
204
349
522
739
207
721
973
411
502
881
800
371
437
871
204
525
606
36
395
827
369
480
566
192
540
904
666
972
960
215
737
516
565
260
255
124
981
229
535
835
462
336
206
251
559
762
777
165
151
524
345
520
356
911
64
897
167
83
221
128
650
958
644
215
570
252
691
903
481
579
738
295
915
945
547
826
59
676
343
210
200
688
83
557
951
147
806
471
582
379
599
233
337
595
448
908
847
492
811
680
71
902
328
338
847
875
164
906
903
859
469
103
900
552
12
203
51
170
674
634
549
625
867
239
221
667
147
420
159
310
453
230
212
781
568
411
8
84
670
911
296
139
366
548
691
731
751
94
253
426
728
803
403
595
394
976
615
893
397
774
203
202
357
768
983
277
531
343
714
201
254
10
692
972
558
735
703
661
830
309
439
558
112
843
506
858
819
121
751
568
247
306
770
604
426
105
234
958
448
948
159
54
310
204
27
220
939
82
881
769
391
321
328
855
164
834
713
335
307
816
904
554
123
26
159
549
132
745
507
932
693
19
987
3
223
14
223
514
448
456
284
840
777
612
47
293
798
761
629
105
577
885
11
52
263
170
602
395
267
461
328
960
832
667
315
407
681
890
922
481
347
206
321
124
170
369
418
968
482
399
425
411
636
436
464
899
959
418
647
226
879
327
539
64
994
854
471
27
745
393
508
92
951
182
568
121
903
338
441
385
737
218
148
725
7
612
625
966
30
624
544
262
951
83
326
945
290
797
972
387
543
832
479
494
14
399
968
917
738
761
302
827
332
451
553
339
415
530
657
446
154
553
60
457
989
386
754
279
535
726
666
78
558
497
925
573
896
245
490
634
6
145
814
338
948
367
29
363
249
686
161
755
240
221
212
229
959
966
860
495
44
878
573
954
375
850
879
623
95
722
258
454
219
424
144
167
791
174
882
392
212
44
147
452
617
711
33
577
29
245
72
425
123
997
379
498
848
259
122
295
333
732
749
552
156
894
719
299
420
601
691
632
997
190
437
967
253
822
544
282
68
968
59
191
965
438
42
165
49
164
461
382
248
562
934
404
808
5
703
228
959
746
213
956
288
2
275
541
824
819
175
244
139
234
436
457
24
478
622
74
994
435
808
242
998
743
998
806
100
701
387
59
799
952
368
439
954
643
332
778
815
859
23
954
93
811
411
469
641
386
543
635
821
352
877
171
447
875
330
547
928
69
607
79
21
327
518
975
970
202
105
785
61
480
92
154
291
855
975
932
241
871
567
415
223
796
586
22
23
268
921
303
337
880
734
358
207
252
685
530
806
791
315
867
271
759
373
915
615
349
847
208
220
767
623
795
915
562
817
939
182
90
594
520
971
329
230
530
933
268
60
740
59
728
607
682
487
981
597
454
330
445
663
902
564
286
697
479
200
866
770
383
956
365
903
279
694
485
810
627
753
222
367
164
950
975
847
438
308
444
892
990
241
907
892
157
194
589
637
394
455
407
129
763
772
32
43
818
870
205
446
623
427
165
140
378
492
987
168
800
783
412
790
377
320
682
534
514
623
171
260
78
931
390
842
55
774
237
874
996
442
320
972
869
837
112
599
330
451
767
130
234
180
273
963
500
955
498
366
579
21
978
9
304
720
203
360
847
440
234
843
234
906
815
456
743
279
55
73
730
823
556
317
355
829
280
207
136
778
573
67
152
903
429
456
624
632
816
823
425
402
666
659
660
834
115
756
465
523
829
196
698
737
513
53
918
145
260
55
276
185
474
428
440
903
236
416
536
405
239
961
159
258
972
820
92
440
576
557
963
757
105
13
495
970
66
413
116
678
820
744
215
295
524
655
198
760
424
86
517
663
399
677
921
724
497
365
164
73
275
479
182
380
492
677
703
910
443
171
940
615
915
155
910
439
162
461
551
586
899
69
602
299
746
523
23
243
241
539
668
516
18
850
248
862
880
951
772
675
122
712
290
37
219
553
828
733
366
380
320
265
449
922
564
195
797
939
790
38
478
458
906
496
660
155
710
540
106
834
567
229
898
858
618
117
763
447
851
129
827
523
394
276
797
311
823
594
250
613
985
729
423
891
577
435
46
288
976
505
474
895
734
373
753
704
842
868
151
693
997
978
568
744
606
365
407
781
312
657
746
297
738
169
540
668
957
587
308
933
92
782
180
178
155
286
882
998
154
34
43
152
364
964
248
323
329
655
104
641
664
851
290
755
372
831
423
329
770
731
614
862
513
795
392
21
81
626
371
587
660
766
91
377
730
339
700
412
346
156
405
11
359
696
118
732
527
541
413
649
272
380
511
137
527
255
158
960
881
881
547
894
648
639
271
378
978
323
142
677
831
548
40
191
244
158
275
123
699
40
772
323
420
635
460
947
242
971
907
123
852
455
17
500
94
640
231
424
315
373
453
147
273
493
690
869
651
965
344
702
357
116
25
778
103
486
77
345
457
985
821
309
792
190
162
238
183
745
14
850
470
468
349
744
313
39
613
965
356
958
19
714
426
45
492
882
883
921
227
340
258
400
1
50
591
515
640
126
260
655
976
731
475
326
827
788
717
440
105
74
398
125
140
177
170
632
59
53
905
638
745
164
39
98
214
982
614
207
108
226
862
436
309
689
114
136
477
832
577
583
906
327
708
46
504
230
30
563
283
935
202
380
99
593
478
666
575
92
873
35
671
87
823
980
776
938
117
605
770
694
188
28
373
248
74
878
478
456
793
113
743
347
493
195
940
324
213
867
768
86
254
439
525
78
420
653
16
889
258
138
583
799
166
956
399
592
186
230
48
980
343
143
327
189
338
620
513
551
487
633
989
94
73
514
172
845
519
540
734
778
30
317
577
196
625
328
140
164
558
540
496
902
683
175
443
22
795
308
925
635
941
915
729
366
781
253
211
301
145
945
79
175
614
8
723
592
336
863
756
895
403
252
149
438
427
944
460
575
604
738
562
545
653
643
912
434
896
475
87
41
421
518
568
35
526
643
979
215
506
735
462
261
339
963
699
119
259
512
46
863
250
608
760
255
251
672
41
499
500
129
892
921
647
460
308
526
103
288
93
961
375
555
222
715
870
273
186
129
137
232
992
739
840
752
994
443
777
388
942
277
517
834
198
516
294
858
394
749
146
487
710
522
42
284
589
912
909
775
41
47
359
385
786
199
138
133
642
915
521
584
192
390
418
742
906
64
600
301
165
99
788
875
973
183
511
914
447
420
41
841
467
400
226
606
599
716
739
593
631
260
529
175
650
299
269
908
715
222
209
880
673
350
755
646
885
618
912
332
38
953
173
858
353
752
816
304
468
555
897
452
167
426
979
169
77
249
77
792
823
639
672
496
341
779
494
226
397
406
910
787
359
84
645
64
188
813
368
656
368
265
460
887
43
440
56
472
41
134
264
216
125
288
712
466
67
558
44
816
316
954
603
27
390
601
91
578
414
459
587
135
76
47
22
471
839
79
943
880
565
559
96
690
847
160
508
914
70
904
730
386
858
685
413
249
286
856
179
53
667
766
188
95
166
210
566
5
289
861
238
206
420
334
248
267
847
108
181
917
12
263
304
871
949
69
472
587
278
651
640
945
770
828
41
288
391
959
293
32
821
531
239
593
218
839
861
65
948
394
982
960
10
638
831
959
60
655
898
338
307
891
283
429
71
676
717
462
988
362
495
809
246
86
402
464
925
615
881
873
10
215
834
372
854
17
331
914
673
581
252
332
472
887
113
544
916
830
6
904
544
853
713
790
291
467
254
569
435
487
442
797
703
628
169
557
998
852
823
23
433
427
355
258
314
468
802
230
650
160
134
194
366
199
985
657
19
591
226
806
79
21
603
782
1
772
691
999
624
514
22
409
941
729
667
607
197
469
838
199
982
324
394
348
876
731
5
247
322
584
53
753
605
656
535
958
780
226
958
756
92
332
165
33
62
185
641
259
6
831
811
988
507
205
688
735
936
46
982
610
630
387
364
587
395
251
545
175
830
855
931
922
188
449
308
250
634
949
861
992
132
672
981
991
229
21
727
517
67
61
128
697
449
844
636
844
95
182
20
925
37
303
200
577
104
508
179
90
809
41
83
293
65
416
284
295
437
11
812
505
73
292
554
874
136
191
718
584
725
90
861
114
746
61
692
202
921
871
293
730
264
728
23
330
144
660
977
933
671
141
790
96
434
345
322
922
536
41
506
261
483
368
727
581
429
419
784
351
643
77
433
907
157
809
589
301
469
918
586
140
60
377
589
494
722
911
768
610
304
275
223
140
643
950
721
424
722
857
127
365
286
561
624
443
370
214
744
191
132
683
683
192
60
272
38
782
536
807
744
192
434
967
332
77
917
406
853
639
263
981
356
550
894
981
993
616
195
90
807
679
773
490
224
833
763
614
967
651
773
711
843
207
678
176
636
947
934
490
939
197
471
647
747
365
628
93
333
175
183
140
855
308
630
431
141
393
45
460
396
819
171
240
378
201
768
15
500
702
505
791
899
328
439
999
45
67
444
378
243
627
518
450
935
148
881
428
894
278
888
290
449
411
882
828
612
650
843
464
704
348
256
956
28
695
307
73
114
751
451
357
730
969
159
665
469
392
445
363
671
685
6
472
96
240
300
60
891
143
524
947
843
780
903
871
827
562
296
942
313
747
651
43
68
163
60
538
555
505
253
578
542
611
51
638
852
351
50
95
847
927
42
690
59
298
914
887
860
210
181
174
310
832
569
378
995
630
268
903
487
874
481
30
837
884
20
689
236
71
136
435
350
179
125
409
829
391
296
41
954
477
215
264
662
137
994
9
767
615
912
606
841
746
988
678
630
9
720
218
432
856
653
782
387
131
191
216
522
840
258
828
669
825
92
331
962
439
693
81
406
605
688
247
703
676
277
334
37
997
552
821
854
558
603
241
689
147
810
563
339
68
392
8
245
836
692
208
627
385
641
33
342
681
280
46
710
910
380
747
907
284
569
113
842
524
355
883
23
165
447
362
585
191
371
830
379
415
390
7
800
32
40
494
65
673
540
775
583
272
875
490
909
444
956
751
320
311
987
344
828
786
706
765
977
429
947
356
844
338
715
996
722
756
491
787
781
31
915
364
656
790
206
565
586
162
668
906
825
655
250
5
441
309
122
770
90
70
479
935
408
546
931
482
302
774
621
435
158
536
151
814
326
358
379
912
872
399
171
50
55
773
407
848
82
530
971
173
600
802
460
360
348
743
842
3
870
463
438
28
352
590
842
678
300
573
943
524
972
114
574
379
239
334
580
322
864
551
847
816
353
659
176
53
754
370
56
624
185
495
652
537
437
846
568
737
419
863
261
744
329
188
475
568
874
55
890
738
958
89
906
663
100
82
717
855
804
773
479
989
620
484
879
57
330
447
146
102
310
760
198
639
300
673
207
174
729
450
264
687
891
170
351
344
604
420
199
408
193
30
397
166
514
276
223
197
75
722
299
737
482
497
376
782
522
936
956
251
738
572
291
981
742
994
325
346
414
524
106
607
907
855
125
421
484
701
970
559
423
621
297
905
118
25
39
993
313
347
244
51
919
887
33
13
881
710
711
295
587
817
255
494
24
380
267
508
81
238
68
504
859
717
761
330
742
152
323
56
851
919
459
770
807
844
135
40
555
198
336
142
15
591
988
392
323
255
900
405
493
320
261
705
37
375
387
132
527
710
540
379
981
999
501
788
196
989
181
751
187
517
245
555
460
233
947
783
840
847
188
686
168
802
391
557
177
778
689
56
840
229
787
821
229
641
962
777
630
143
528
817
12
125
724
472
710
671
255
550
871
796
236
391
598
627
948
127
757
638
535
949
219
323
771
800
964
85
577
946
580
457
115
592
582
840
64
292
863
671
843
734
467
431
477
417
59
426
544
168
416
432
118
987
755
241
788
71
326
365
369
906
175
484
850
757
676
914
402
540
585
597
626
405
28
104
822
439
882
719
608
650
151
78
637
258
671
425
329
349
143
50
255
318
534
457
427
563
371
181
103
308
778
81
713
807
185
536
598
419
255
558
69
758
636
707
16
659
132
697
8
627
747
615
297
633
72
725
196
443
906
651
752
37
733
465
196
270
353
794
690
960
353
111
718
341
818
734
1
303
783
9
930
530
625
580
164
697
305
360
493
563
12
245
952
97
62
148
719
416
943
409
376
648
521
447
989
691
181
990
994
965
352
277
847
977
209
11
26
514
724
519
429
88
116
382
537
531
530
256
299
825
18
27
473
891
474
815
582
8
805
929
325
509
558
172
838
767
536
865
633
612
736
414
700
205
148
237
88
679
845
387
856
863
414
682
754
889
497
337
249
654
618
574
164
176
746
2
295
634
219
928
246
308
342
946
513
491
535
601
522
381
340
730
596
754
412
351
995
909
688
244
564
306
170
80
834
917
434
129
903
654
57
150
314
751
448
179
594
336
132
468
69
472
199
665
578
611
16
574
873
56
170
437
714
341
869
548
610
303
29
513
957
438
15
623
190
464
802
136
800
934
605
869
406
804
534
985
767
903
911
640
959
433
429
674
126
298
222
88
602
252
954
911
690
969
535
232
433
337
369
585
272
326
806
30
130
341
367
249
596
630
890
555
64
319
229
542
618
804
631
572
408
585
483
98
554
370
683
340
708
404
925
332
730
732
714
212
425
82
461
21
712
351
928
128
23
158
671
993
962
302
565
370
887
400
820
793
771
855
133
831
259
411
163
989
495
877
201
920
311
663
293
24
366
221
504
389
731
175
382
45
829
299
767
68
700
940
862
471
795
347
654
55
758
817
396
253
46
950
525
358
965
818
734
683
392
590
73
123
766
807
521
947
107
288
16
159
228
230
982
24
577
636
431
336
453
179
941
851
481
467
561
798
637
647
482
381
238
555
857
4
714
378
303
173
666
319
332
895
549
314
271
479
950
702
815
755
233
108
959
715
575
520
513
565
168
995
946
406
902
803
762
969
181
65
142
200
737
475
95
286
141
718
765
444
420
932
199
5
41
158
72
968
31
938
885
199
933
832
957
188
987
719
509
521
784
651
721
873
478
816
160
972
534
277
416
306
562
967
663
955
478
736
275
509
674
161
708
959
345
17
499
332
736
8
853
872
12
574
746
842
742
258
814
628
887
230
286
449
198
950
404
676
38
32
537
64
193
597
23
538
614
875
870
350
235
76
574
247
650
320
442
745
930
256
373
818
839
12
267
389
314
24
417
352
56
954
416
601
551
791
139
517
18
361
867
254
437
793
853
440
466
295
537
396
904
262
214
743
274
834
484
588
210
901
292
618
207
60
219
110
204
710
627
222
71
846
476
861
639
330
653
105
977
190
502
881
452
68
976
79
902
460
19
464
713
312
82
920
724
301
382
928
11
9
151
435
855
627
648
847
309
301
952
287
843
806
520
647
227
849
78
481
661
98
946
375
762
28
647
486
682
382
415
45
391
918
832
247
897
480
446
207
133
750
846
328
557
718
328
136
567
406
617
581
504
563
308
266
944
307
753
978
689
520
23
81
438
208
680
687
40
126
246
526
876
444
854
785
163
182
921
82
589
539
663
445
454
971
712
750
279
817
728
968
689
104
401
479
312
81
166
704
559
413
230
436
857
437
573
372
619
495
455
560
386
470
6
192
794
70
943
73
239
23
393
928
479
795
407
143
228
925
848
788
338
78
576
548
515
149
920
487
996
727
399
734
550
405
927
344
827
222
417
66
245
162
994
77
309
753
220
538
679
68
678
369
499
254
269
366
755
542
205
104
621
605
838
171
362
765
515
190
339
284
608
937
799
955
14
108
708
234
998
739
655
676
461
154
282
82
872
38
624
78
142
246
683
980
769
45
98
285
587
437
921
196
374
720
151
388
829
211
975
827
303
630
856
764
136
138
846
360
528
823
438
670
421
473
3
190
519
453
827
458
242
749
654
969
469
157
709
650
369
684
830
672
666
686
788
154
176
634
515
705
809
953
727
230
427
82
421
298
887
600
756
130
349
763
99
171
920
808
173
289
845
355
961
511
393
101
18
570
736
533
627
897
486
354
128
265
789
901
915
676
501
672
158
203
787
609
726
707
418
899
349
615
255
662
478
648
764
496
570
500
29
197
749
868
904
877
133
693
130
49
721
632
73
880
187
860
489
913
919
259
164
268
874
419
931
705
420
695
201
990
547
583
540
296
451
444
526
936
137
656
337
210
640
762
90
179
974
932
92
894
191
257
162
418
28
445
123
800
492
676
143
39
611
683
688
414
127
566
703
616
222
40
178
215
155
269
394
129
201
839
23
744
448
538
162
828
335
637
629
828
314
124
219
277
807
907
692
286
473
395
254
48
787
432
615
942
53
9
424
606
200
799
351
648
337
513
477
673
151
458
853
817
582
72
446
389
332
138
27
157
885
633
205
25
65
172
319
471
534
743
77
734
543
428
383
232
294
212
905
797
670
110
614
604
183
412
345
515
551
372
672
788
5
230
813
422
402
133
893
936
228
323
23
771
103
406
4
397
970
261
194
992
372
160
596
907
573
941
422
476
665
446
616
22
676
430
444
79
915
690
367
143
365
390
267
468
148
623
866
470
236
412
462
608
925
410
867
498
351
289
326
368
736
942
390
412
724
187
843
639
229
563
135
594
305
754
62
454
377
280
924
613
45
739
574
970
149
441
820
853
83
146
221
819
440
612
583
165
799
779
156
28
694
291
622
999
397
36
453
126
669
730
740
714
469
666
684
970
459
504
823
542
2
45
713
442
9
649
607
808
780
764
188
474
407
162
473
805
550
279
283
219
9
23
933
830
41
969
152
853
473
976
395
475
373
461
918
382
462
877
542
242
641
82
68
401
596
541
558
146
820
841
366
181
217
651
363
258
621
516
463
446
844
211
274
217
672
192
951
486
421
845
728
63
927
148
816
523
689
374
21
862
567
739
43
784
743
759
395
364
275
858
162
471
69
436
688
93
980
991
579
402
836
659
465
115
807
633
990
497
7
363
711
926
103
106
711
846
865
458
562
492
316
724
963
738
161
3
831
141
346
411
895
534
422
360
649
230
345
991
79
704
355
790
631
810
248
694
656
114
152
218
958
468
294
274
206
455
277
390
949
976
153
844
510
575
557
512
805
254
503
236
959
210
378
590
20
627
284
28
93
436
246
403
256
893
677
815
700
307
205
649
283
358
846
145
933
755
657
91
9
513
679
320
723
58
910
96
37
546
124
482
334
723
237
591
616
915
406
316
574
963
318
209
321
516
354
606
271
364
49
632
877
729
953
952
139
215
48
528
762
173
362
96
248
599
39
864
866
797
532
440
760
850
649
433
366
356
40
989
720
441
622
597
170
575
549
661
142
950
541
904
475
903
353
723
503
392
939
369
542
471
162
302
322
163
88
40
519
480
30
591
921
4
540
444
931
442
105
73
392
647
330
867
902
683
942
405
427
881
127
969
704
289
272
378
452
712
419
324
192
801
267
113
157
808
557
88
250
15
513
994
14
843
213
916
526
155
322
954
388
801
275
444
90
899
823
894
611
594
570
803
747
838
269
904
998
826
344
248
193
857
594
207
701
807
476
579
314
150
885
702
951
161
498
393
60
321
639
672
915
210
827
662
400
96
566
398
923
262
998
468
120
592
28
173
399
504
752
713
654
638
767
605
151
265
998
211
587
637
235
854
199
63
869
599
159
787
349
434
50
347
903
170
939
931
343
338
787
447
403
441
437
170
46
588
436
396
152
375
385
387
581
937
802
450
888
314
238
238
748
288
585
3
810
525
286
505
215
73
952
619
514
390
141
912
978
929
660
482
304
46
222
238
335
24
688
223
338
278
461
439
918
399
794
728
924
81
585
491
506
538
110
373
928
252
637
258
181
298
93
838
696
315
76
31
339
116
606
30
747
68
821
665
467
615
746
743
48
331
586
907
221
697
280
501
301
917
760
834
567
853
24
263
520
452
646
859
921
253
241
668
673
62
333
140
30
431
235
430
763
821
337
984
870
617
486
523
887
598
710
454
803
86
70
323
539
716
534
460
321
128
480
994
542
813
486
924
245
73
355
360
247
692
696
117
310
534
993
549
484
703
3
639
141
425
962
680
494
849
492
815
329
972
162
871
138
0
796
735
74
151
447
321
195
495
790
857
30
783
406
514
838
762
154
980
187
468
12
681
669
505
849
998
829
11
222
319
11
18
406
437
521
853
758
716
349
901
574
731
684
332
597
875
94
103
855
282
572
867
315
593
724
516
592
906
527
814
577
891
184
984
680
705
189
439
773
890
692
699
621
376
32
219
603
126
322
458
760
246
678
76
192
754
592
784
12
472
950
590
715
486
926
395
543
115
186
316
358
878
16
979
607
48
550
210
526
225
21
287
823
699
715
15
805
659
151
818
483
453
760
198
939
686
946
834
153
132
151
511
363
519
843
970
919
745
532
445
322
553
732
498
604
799
513
410
459
17
580
942
822
340
493
762
378
439
948
531
923
99
395
286
970
590
608
889
687
141
687
10
46
771
508
651
571
373
413
30
742
345
324
565
37
817
679
415
608
627
298
532
727
45
170
49
635
779
291
675
272
978
685
318
749
545
321
320
270
86
702
13
431
379
578
468
548
257
235
157
884
534
689
963
579
859
365
567
990
656
242
262
634
279
933
735
176
254
408
798
693
462
811
476
841
741
945
390
350
532
547
587
66
588
550
998
447
267
917
790
923
511
52
909
142
985
645
318
592
405
116
637
867
280
113
709
21
410
99
724
943
998
311
9
586
213
359
385
481
276
175
404
787
580
314
929
917
311
599
861
716
68
498
583
700
612
644
73
22
95
797
317
93
108
679
31
322
38
417
803
667
944
559
806
876
225
736
794
536
687
655
604
107
154
540
807
118
184
881
492
280
678
810
725
139
489
757
461
879
526
616
546
822
175
353
699
401
441
493
289
480
500
246
588
6
786
395
476
322
628
969
954
659
131
680
798
620
789
611
851
667
227
398
489
754
103
188
507
896
33
149
376
886
395
964
892
533
712
721
207
340
690
162
999
821
194
797
793
983
760
996
2
987
746
491
94
849
32
601
745
417
750
122
303
497
438
548
382
150
269
590
491
311
752
490
484
298
640
629
633
752
625
635
740
372
126
186
221
510
787
319
280
890
793
935
739
231
483
122
734
104
712
225
767
816
67
251
466
59
880
99
812
506
734
904
230
212
90
451
75
229
122
355
471
915
290
211
499
126
685
233
582
749
810
350
917
229
953
383
289
186
482
453
44
568
709
274
132
799
77
207
380
200
914
204
467
205
415
966
683
452
551
265
201
713
967
470
943
921
853
584
459
687
389
503
607
98
777
91
249
206
299
629
406
565
833
874
770
600
192
453
404
96
71
957
161
38
427
104
959
280
40
770
319
429
273
278
879
402
370
128
609
21
110
367
586
295
593
709
248
138
514
652
234
585
610
395
624
389
852
935
22
244
706
341
26
331
620
905
86
342
386
695
363
848
414
949
143
8
658
743
146
525
748
732
110
710
479
86
99
331
374
121
928
432
463
954
763
435
859
849
777
245
896
140
93
311
441
589
671
452
684
817
977
432
901
439
142
380
526
242
64
252
363
992
684
178
946
799
965
157
1
742
755
897
234
200
560
28
789
231
480
826
400
809
258
301
248
401
34
126
995
98
378
358
442
414
889
388
214
854
545
215
949
652
464
183
853
377
211
994
960
43
820
361
852
79
14
453
832
400
579
827
498
310
537
940
724
426
680
290
281
578
505
230
230
322
765
83
699
329
78
659
372
898
372
577
329
739
30
161
139
609
340
638
271
878
930
348
656
611
638
937
189
144
519
771
466
637
855
517
966
285
176
690
535
549
267
865
640
297
378
779
259
719
769
530
949
700
878
605
663
517
895
204
13
766
975
831
403
182
348
721
467
876
412
355
425
31
572
417
329
950
197
940
21
966
470
970
18
701
928
681
570
823
237
935
941
213
118
697
747
466
418
567
342
182
922
120
214
494
537
895
796
86
835
818
53
657
140
423
710
420
457
632
595
694
567
537
259
685
234
7
503
4
574
846
187
496
318
753
342
207
648
138
294
835
308
699
492
801
122
555
221
579
187
817
274
755
706
533
792
292
892
296
296
466
494
835
314
812
588
8
19
588
147
665
775
807
364
268
608
487
823
182
418
362
351
692
117
57
578
910
349
470
558
997
289
52
833
955
216
421
964
587
362
463
253
137
622
617
757
231
456
932
765
875
295
116
919
764
525
497
26
226
320
584
223
961
988
56
916
204
830
232
792
544
47
397
681
670
366
791
253
823
723
18
50
370
486
969
135
11
819
161
237
491
98
460
452
86
869
720
291
699
953
435
243
0
184
276
22
550
67
275
725
143
293
775
513
131
97
0
142
268
514
731
759
612
544
563
698
413
283
341
464
588
128
59
941
312
335
963
215
755
239
940
898
884
68
763
16
165
116
510
785
630
242
544
242
138
459
292
903
742
986
367
683
114
426
624
779
113
939
994
868
178
934
118
415
2
234
431
519
350
293
304
332
535
200
926
25
659
218
928
402
204
295
437
671
73
413
450
539
352
444
759
883
378
230
298
733
464
81
252
166
374
909
850
262
109
776
287
769
994
568
523
551
215
960
222
641
373
672
180
77
468
939
960
198
169
610
931
985
691
536
503
418
445
353
32
554
129
671
323
476
239
198
27
455
158
601
96
883
625
628
961
93
919
273
291
441
884
575
426
927
111
282
697
908
635
729
814
117
753
490
945
992
688
972
799
199
925
247
82
550
227
395
643
147
21
286
588
257
213
366
184
324
0
234
584
636
315
399
105
68
889
50
413
929
374
564
128
299
164
563
201
391
310
196
890
331
482
830
940
696
197
477
372
197
711
309
185
378
60
642
447
949
692
212
230
418
128
711
69
292
274
270
36
936
818
926
620
653
757
560
349
306
37
73
855
100
734
393
479
794
35
278
95
80
490
326
850
970
37
920
263
663
542
651
599
361
929
219
14
38
780
715
696
169
140
552
270
875
945
749
669
332
27
765
412
869
443
263
839
480
535
454
143
77
457
742
790
387
314
804
425
446
871
474
615
364
26
885
239
323
986
260
655
365
377
68
234
820
683
426
300
218
880
795
295
338
538
86
77
852
242
854
298
466
328
265
830
354
503
421
29
489
33
685
207
411
105
441
231
788
219
884
6
452
679
653
142
569
739
219
773
334
73
423
152
754
689
334
108
192
755
490
33
140
175
240
551
280
34
135
68
253
19
426
57
50
79
199
620
171
418
393
857
844
817
9
598
506
343
58
50
450
548
83
590
75
676
142
355
710
629
775
315
648
201
373
698
281
924
670
452
695
64
309
539
881
670
489
739
13
899
141
815
448
224
405
523
252
899
231
962
528
6
630
528
208
355
579
841
279
249
645
974
313
306
865
546
976
