216
658
226
195
879
76
837
397
789
166
398
753
990
357
747
898
183
87
233
112
383
51
632
768
585
633
345
142
241
970
103
809
980
330
356
859
758
194
256
899
712
6
652
703
716
399
953
251
838
186
363
573
237
348
693
174
981
390
317
574
361
772
735
693
102
91
553
860
637
161
759
702
520
763
405
236
515
710
487
353
896
850
279
485
550
972
12
531
363
681
457
76
453
192
769
908
636
674
768
625
836
880
327
708
643
84
296
158
794
783
864
42
985
143
880
536
115
244
419
830
925
229
906
730
773
676
638
409
350
759
387
538
639
66
598
634
151
894
145
297
29
9
692
367
504
572
903
971
816
674
802
93
903
708
823
677
736
462
438
439
221
177
329
212
244
928
846
747
822
343
44
204
352
736
571
208
660
826
180
476
500
982
569
756
42
745
785
779
207
575
570
780
753
899
992
349
827
190
96
2
534
140
206
238
229
777
447
889
603
627
718
455
961
639
563
3
384
700
134
591
276
704
723
381
956
67
730
135
258
826
137
144
318
695
734
547
824
181
437
779
160
507
587
473
146
150
829
531
851
315
474
479
372
198
860
328
265
942
463
875
768
953
19
438
648
106
986
473
639
775
604
800
282
191
625
428
342
806
311
545
122
786
24
494
336
236
822
953
178
285
829
298
238
200
736
239
306
74
64
946
849
668
98
483
212
723
264
906
530
575
451
4
713
827
498
401
415
672
355
593
309
184
243
548
384
331
139
43
406
555
989
607
223
439
91
435
514
355
341
44
282
144
400
348
323
898
749
738
570
104
683
880
640
926
780
25
610
271
420
16
826
409
623
401
848
66
837
714
773
530
759
56
27
511
756
350
410
505
441
332
962
124
564
602
403
344
979
13
967
751
381
793
160
4
195
360
423
384
75
196
266
186
604
293
49
360
996
459
218
437
144
532
913
708
486
316
405
818
681
372
569
62
518
82
419
713
794
842
449
221
38
715
759
643
361
809
355
709
268
925
146
764
457
411
473
944
728
230
762
761
954
331
824
472
765
595
537
560
437
986
781
827
54
541
822
767
350
178
476
970
455
974
735
913
385
560
209
465
142
323
227
96
6
403
569
772
998
458
332
787
797
113
614
851
654
437
618
356
967
446
327
422
420
62
687
157
974
896
623
116
571
202
212
578
605
133
350
955
944
682
742
741
147
708
592
154
497
562
510
464
360
837
239
780
251
926
289
225
175
912
693
746
466
258
324
423
743
26
378
687
60
472
428
208
533
372
362
30
286
872
847
646
62
86
778
313
364
68
891
539
332
936
638
799
194
314
574
938
341
305
625
401
129
406
961
662
778
675
45
417
900
892
63
962
330
194
627
694
614
518
586
946
455
576
97
1
890
24
939
583
329
917
337
458
675
298
473
805
974
518
222
874
410
638
188
740
832
815
786
798
334
724
744
141
300
194
142
543
218
434
126
547
703
463
357
378
762
830
535
88
348
758
314
110
748
502
202
932
317
989
730
3
65
474
144
366
20
639
261
238
425
387
137
128
851
495
858
965
677
393
405
26
503
719
136
251
221
339
183
890
680
913
894
745
740
390
463
112
29
724
703
454
464
840
582
315
687
792
632
717
186
389
743
689
108
231
941
681
922
476
923
954
742
817
52
482
208
515
946
237
592
649
44
56
490
978
723
529
771
355
246
957
96
341
998
556
925
291
589
847
768
512
154
510
330
206
344
538
721
290
127
313
940
171
369
782
150
444
663
273
151
910
230
247
603
228
803
528
520
392
728
640
905
882
150
235
88
846
125
161
488
604
475
780
776
196
914
278
641
578
551
792
840
133
392
443
713
195
324
233
940
52
873
845
286
375
432
374
573
909
535
414
513
362
194
289
911
109
919
904
39
822
696
879
955
440
674
669
636
350
254
576
754
480
773
40
207
205
414
781
466
302
547
979
664
741
621
575
202
540
479
241
715
528
472
670
968
499
691
956
849
946
884
956
426
657
996
985
214
411
766
680
713
313
12
729
407
633
305
961
525
136
203
240
16
27
911
337
878
954
293
80
900
530
36
678
187
32
664
754
795
782
786
508
448
798
590
855
431
247
816
957
383
371
197
752
751
460
89
629
415
734
709
667
264
745
346
804
778
10
558
573
792
344
434
240
495
24
447
926
271
616
235
6
339
433
110
90
245
199
720
660
286
429
328
550
527
26
354
305
36
264
230
180
961
664
773
456
40
572
382
663
188
618
22
528
403
132
618
648
332
690
661
618
472
341
520
999
367
875
304
755
491
886
935
452
903
60
908
943
633
643
959
821
613
981
701
16
113
672
16
445
714
29
415
186
722
936
185
89
163
489
196
654
376
484
459
631
544
367
574
177
10
533
351
975
866
404
991
980
428
360
777
143
741
193
329
464
481
515
905
996
356
102
2
84
586
461
715
482
181
290
12
543
175
715
519
394
119
862
374
548
222
151
691
964
696
372
780
529
887
685
877
244
787
880
680
725
693
396
560
874
38
572
418
565
287
289
959
406
151
333
306
726
837
349
42
533
722
822
415
961
507
292
557
647
172
238
724
218
634
284
92
24
208
862
589
495
151
549
254
655
234
912
381
71
614
775
957
336
597
372
649
456
664
559
455
189
797
532
407
783
168
851
807
377
66
748
224
569
297
830
224
532
743
957
955
357
84
912
45
681
636
46
490
653
605
297
842
402
829
601
537
350
804
696
79
222
445
303
792
742
134
368
626
229
678
934
938
762
846
983
796
835
29
286
488
635
935
682
389
117
635
927
467
439
975
546
662
420
201
806
515
687
526
141
916
204
427
854
319
626
189
115
461
219
753
949
206
688
631
595
805
266
874
624
57
850
170
71
622
372
877
137
59
756
631
328
960
58
182
279
684
372
746
145
943
499
446
149
540
77
96
345
695
323
970
753
525
492
824
147
216
54
637
628
162
268
956
122
678
490
754
363
214
500
860
509
352
307
10
892
736
459
589
432
782
559
537
659
404
713
158
620
119
795
600
281
415
908
404
94
399
510
457
965
362
669
827
714
328
837
958
65
296
548
497
430
459
386
441
863
99
600
836
219
395
436
500
163
697
256
257
448
766
66
413
481
735
240
547
64
430
506
481
78
54
330
509
865
716
950
81
815
902
917
386
650
705
887
813
402
143
70
850
262
136
616
95
223
208
642
639
990
148
120
69
554
450
578
772
166
880
853
982
135
122
368
785
827
607
598
582
103
20
784
717
156
752
812
731
961
454
371
951
955
491
372
861
942
302
633
108
183
486
442
670
608
163
455
788
122
405
722
225
425
506
942
581
611
754
312
572
561
683
875
516
527
248
377
469
550
11
929
85
497
372
755
458
887
562
246
9
967
320
235
392
826
529
325
437
284
990
361
845
25
589
713
552
189
90
21
739
101
951
177
951
675
284
761
914
847
359
923
814
679
510
207
857
40
884
647
324
874
8
521
900
949
234
452
138
676
826
230
130
129
759
81
804
43
194
718
890
553
993
57
232
504
264
89
544
500
736
220
375
97
93
275
398
679
727
537
355
905
119
485
34
878
918
190
921
112
260
164
17
254
221
249
110
837
691
654
337
779
226
712
228
671
987
627
350
67
516
57
972
987
895
359
865
165
549
138
278
810
302
647
64
523
249
174
360
940
180
698
71
758
762
300
429
102
279
131
169
147
540
493
134
435
852
351
601
402
489
231
564
144
878
628
667
127
154
380
419
686
430
843
796
192
143
577
646
774
60
815
921
600
661
55
388
865
406
989
267
247
572
183
391
802
811
411
282
317
791
701
355
573
896
151
117
39
80
764
165
140
931
86
741
944
493
129
810
899
470
429
499
42
613
890
196
776
301
478
446
444
532
801
369
428
305
487
820
385
603
985
526
886
72
619
831
565
100
641
817
570
422
316
964
35
206
160
812
860
991
610
656
523
411
26
303
68
865
123
806
820
109
332
706
533
303
889
98
755
882
915
325
305
583
641
340
142
153
504
354
496
114
10
19
878
388
323
298
253
798
104
425
907
788
132
440
91
373
891
846
256
158
523
561
742
516
253
884
22
110
590
518
576
600
538
454
989
213
105
242
11
209
20
271
998
152
63
441
525
954
288
781
113
163
694
207
32
948
443
54
58
33
572
634
633
462
441
622
27
546
217
391
107
237
662
105
741
725
547
618
32
187
752
145
702
446
352
734
746
795
788
156
180
713
143
813
527
936
788
555
834
357
946
941
594
960
47
687
37
946
305
421
485
409
566
187
856
270
274
954
417
414
111
597
127
254
763
655
190
551
562
24
908
860
965
854
172
364
893
209
662
550
631
147
960
549
687
168
172
961
122
941
375
585
539
855
839
654
510
381
205
424
757
465
284
75
671
456
791
564
17
454
114
0
953
426
902
640
594
74
601
69
15
977
654
906
832
846
560
694
579
117
470
689
582
754
764
253
562
907
169
931
361
636
284
315
62
186
955
9
612
909
78
627
886
84
886
70
282
446
116
214
916
586
903
498
692
19
104
606
926
625
537
640
261
821
955
676
359
262
685
971
171
115
951
409
551
837
831
834
635
947
48
551
885
303
402
929
322
858
535
600
483
425
240
745
598
195
421
958
810
458
929
981
573
880
743
124
69
574
310
705
874
710
608
759
13
10
689
687
868
576
288
352
1
528
449
600
76
222
558
886
680
839
219
253
72
314
729
141
889
40
846
763
102
455
874
116
817
915
155
686
492
795
390
493
324
839
445
752
413
355
990
93
195
561
698
619
876
427
760
117
819
607
232
922
414
106
390
231
22
897
269
866
693
659
711
369
850
157
121
263
864
111
708
411
672
406
30
900
186
791
17
357
750
249
279
164
356
21
747
730
919
17
948
612
28
659
981
879
168
454
494
385
565
555
796
589
313
827
490
499
970
507
857
720
109
488
236
465
510
335
547
781
352
495
745
733
506
78
964
675
532
810
60
449
365
208
38
679
387
880
178
357
740
387
429
849
876
17
666
738
353
565
871
57
60
616
790
918
694
754
945
226
565
357
27
930
566
65
961
953
298
492
663
38
879
92
239
107
110
905
197
815
470
68
872
882
684
663
800
730
769
746
308
334
455
335
617
21
753
578
327
51
422
990
441
302
82
32
761
544
289
959
359
111
379
232
993
64
247
145
146
16
243
455
703
699
790
672
72
895
250
399
298
25
389
91
327
824
123
440
368
412
399
80
523
131
664
868
195
911
366
693
279
961
148
982
660
291
654
733
186
257
484
837
634
874
928
961
698
52
753
418
816
505
850
340
636
514
560
183
777
926
876
57
888
377
391
900
668
398
985
206
7
470
43
641
696
972
954
746
376
707
516
192
212
367
884
848
881
445
383
11
723
260
420
963
637
163
864
657
913
201
863
920
23
259
913
71
583
219
817
959
279
334
503
843
701
388
44
934
833
427
297
556
687
717
872
676
881
88
333
794
289
549
67
665
160
332
736
743
904
554
54
535
240
557
378
293
945
774
579
130
202
877
39
241
594
911
918
827
999
603
974
640
152
393
657
312
77
394
407
333
300
813
868
540
371
247
185
668
21
764
151
575
641
190
817
588
453
87
767
804
690
93
444
843
486
102
507
916
848
267
249
148
80
118
40
803
717
225
472
90
341
975
666
983
517
483
923
970
922
690
774
612
136
570
455
622
24
315
890
872
582
140
372
662
610
764
466
327
341
290
417
683
265
435
18
782
270
941
104
192
983
230
805
119
800
612
94
177
927
984
401
509
476
126
172
438
890
990
765
232
632
535
915
249
970
933
31
593
226
487
785
561
717
590
681
869
203
127
398
482
463
800
992
292
926
516
730
168
858
496
752
490
383
667
739
705
952
122
298
530
961
84
92
678
26
125
899
581
604
298
64
67
450
408
359
728
276
90
896
486
938
649
976
673
668
67
378
973
541
29
855
502
465
947
180
491
424
431
425
28
729
841
448
531
601
807
259
877
249
508
363
539
509
691
564
177
110
295
502
651
324
358
153
789
657
685
632
82
116
57
462
198
898
910
729
499
70
989
728
671
849
443
211
358
486
127
887
596
422
390
247
746
100
400
887
109
437
520
543
554
929
6
104
180
916
833
31
338
174
760
10
23
555
221
381
42
348
269
638
123
11
238
869
463
990
109
572
428
629
116
334
910
122
438
90
390
623
122
729
798
234
91
173
789
312
555
183
12
176
174
135
539
412
357
2
754
466
574
182
447
42
868
709
516
306
800
907
930
274
988
80
508
431
253
649
95
160
185
107
336
359
595
227
123
304
229
877
122
156
60
921
198
928
630
715
587
782
974
517
56
314
949
916
745
202
918
840
715
103
299
403
462
894
631
585
550
860
462
24
16
874
945
567
155
576
282
742
710
256
611
767
570
560
683
315
114
953
155
829
56
454
233
870
701
216
807
603
76
622
628
445
848
925
12
3
853
294
97
564
902
708
331
824
620
366
139
87
320
646
268
728
452
853
951
505
69
758
461
146
732
89
943
581
14
307
936
868
953
34
432
855
94
115
679
715
833
170
154
153
168
422
234
972
276
185
478
697
295
939
195
380
380
138
961
746
797
897
966
750
931
750
957
378
865
988
445
699
158
599
204
678
373
790
651
1
327
481
699
975
772
894
355
152
385
316
250
182
565
217
933
849
967
890
227
185
231
672
884
741
271
440
420
996
583
423
998
910
256
49
885
28
943
240
532
680
908
782
863
826
351
148
675
319
390
902
504
621
926
740
363
549
532
135
545
115
558
895
378
814
944
263
194
240
856
726
920
116
860
783
942
212
283
617
883
674
871
739
295
797
831
10
698
363
145
244
831
55
491
209
869
436
824
63
28
680
141
948
797
2
84
91
566
367
709
449
41
932
540
689
82
371
51
780
86
197
376
917
252
220
478
474
656
303
889
684
335
31
984
484
385
68
576
951
436
637
752
829
569
292
870
3
15
274
784
101
823
512
371
75
732
849
901
740
504
791
776
840
822
761
324
559
181
900
510
969
537
614
151
459
906
21
462
273
647
598
374
470
111
745
898
195
947
799
288
451
942
64
643
116
177
968
675
359
220
185
328
110
799
479
569
57
853
383
330
500
982
57
971
445
154
221
992
453
20
280
905
315
345
548
431
522
868
107
233
89
644
562
551
796
393
120
205
246
503
888
99
837
945
422
282
451
643
275
905
15
907
162
330
252
710
762
127
931
221
360
372
865
274
923
13
20
43
219
618
898
107
717
88
404
491
370
855
134
997
112
502
905
274
184
509
337
298
988
268
519
349
640
737
975
563
750
995
958
969
614
208
76
683
296
832
175
19
688
661
16
800
515
273
427
700
135
764
998
123
384
870
824
24
607
800
939
357
147
249
679
113
809
107
149
106
940
324
125
980
337
493
780
205
119
559
905
254
323
255
377
707
477
554
83
84
706
374
794
853
975
473
319
785
580
468
243
872
144
720
852
833
565
633
38
684
544
295
290
868
903
20
927
380
574
363
465
280
737
611
485
65
84
804
850
16
624
445
889
768
165
741
602
730
726
992
767
271
288
57
491
191
429
418
571
355
781
388
635
871
999
473
288
435
277
138
804
254
583
693
22
100
786
976
830
513
321
949
136
961
359
627
152
788
397
75
144
531
816
131
754
167
604
42
603
234
532
407
840
467
452
862
567
238
191
749
103
512
51
591
473
410
570
977
550
320
404
694
851
220
178
957
740
134
999
343
720
883
102
560
350
906
775
269
144
966
370
600
830
421
543
655
831
114
984
382
434
740
428
637
961
958
594
53
93
945
396
813
828
850
374
530
756
149
799
252
467
521
852
649
943
748
304
126
862
640
860
296
380
641
933
693
599
879
746
692
824
494
858
4
344
584
534
452
85
685
705
552
206
909
553
501
657
857
628
519
849
488
167
229
129
452
275
81
331
21
125
507
868
983
511
212
567
397
17
4
82
722
556
641
983
109
142
641
318
122
512
519
963
32
101
444
484
376
525
168
749
651
675
617
986
539
182
906
936
199
910
19
273
819
12
256
280
506
897
951
629
762
470
592
794
571
388
630
947
914
798
49
917
474
666
903
13
848
809
949
399
72
320
672
891
684
929
171
191
178
122
820
940
593
764
86
516
152
717
816
418
515
865
335
341
531
239
354
732
400
656
131
472
328
804
363
13
85
887
204
263
361
376
556
306
492
642
823
644
359
639
415
227
504
750
568
35
341
275
119
742
283
251
566
611
55
930
976
492
169
532
755
530
260
311
837
752
306
660
749
17
651
164
244
155
914
165
542
256
440
662
350
75
265
916
686
672
198
15
164
367
547
919
250
808
583
87
560
889
99
661
906
102
825
503
257
92
668
151
348
108
165
698
183
430
966
221
102
165
236
266
532
136
538
782
296
121
221
208
10
672
870
268
774
695
771
383
787
439
535
487
899
52
537
434
483
504
8
585
669
596
204
553
732
742
688
380
215
261
589
577
286
459
845
60
506
969
796
294
760
683
133
660
735
23
446
218
527
454
156
548
403
712
453
487
806
141
868
21
755
457
598
41
916
795
101
774
764
897
420
525
932
554
537
668
577
983
238
456
790
394
4
193
458
457
32
264
951
900
285
706
357
235
747
625
383
200
400
147
450
820
24
382
726
913
402
655
249
641
111
39
387
467
584
846
925
616
110
228
869
748
286
578
335
385
204
718
937
956
218
387
128
594
122
207
508
524
862
757
517
974
148
905
441
84
751
718
52
213
946
921
313
584
500
1
969
56
71
907
364
641
646
844
236
120
51
96
997
914
205
514
888
705
771
329
789
874
400
193
88
346
115
753
283
967
106
252
375
178
511
739
171
510
583
759
630
635
855
979
901
412
494
789
117
265
470
906
492
870
100
580
569
567
685
852
886
144
456
261
674
320
352
845
830
287
605
812
274
812
792
175
225
638
964
342
255
787
601
747
657
53
679
578
972
717
430
858
861
239
471
535
911
823
732
741
110
337
905
385
150
49
560
727
39
877
421
295
664
22
394
673
427
426
252
399
495
34
609
356
625
80
243
536
255
975
629
366
665
535
103
815
584
15
894
976
892
315
623
908
690
17
582
117
795
186
869
290
572
830
998
198
911
241
734
518
569
364
884
234
251
339
401
187
355
295
163
247
610
786
156
300
156
90
770
951
628
639
242
200
469
592
398
732
834
485
251
403
201
487
989
452
827
390
639
182
685
155
781
647
941
289
948
97
731
70
401
359
709
995
560
530
587
310
615
421
795
866
176
996
705
165
800
884
907
792
418
592
947
200
592
240
841
540
338
573
610
739
284
671
734
844
201
321
507
816
95
302
34
623
651
92
141
803
976
48
595
395
993
894
947
585
135
140
477
473
65
439
564
350
110
650
546
663
323
53
832
770
708
218
394
711
310
887
514
639
935
462
386
928
356
685
865
491
825
342
316
891
781
232
593
243
234
139
907
558
545
91
680
605
309
74
316
972
313
182
963
249
644
349
529
1
34
747
844
211
89
161
454
223
393
47
466
628
539
725
538
84
816
218
41
478
645
357
802
958
539
765
559
184
114
441
537
500
188
381
711
629
542
166
852
288
565
671
268
104
396
158
540
565
728
581
395
373
290
197
684
182
314
595
718
780
388
255
280
928
988
343
558
883
861
762
523
427
433
791
883
182
301
776
747
29
709
142
403
0
691
439
534
5
34
252
785
423
859
417
351
847
760
261
730
974
24
253
753
809
396
988
991
697
764
90
79
474
584
482
826
275
273
360
632
307
964
769
82
823
186
786
22
299
47
753
273
423
358
378
233
755
366
576
804
131
667
883
957
603
717
783
879
990
495
863
650
459
633
84
634
819
870
656
470
270
761
743
693
120
473
278
227
840
207
31
323
874
915
280
477
984
415
708
975
262
572
977
721
557
61
707
376
284
363
847
554
477
942
599
597
416
878
824
608
85
855
931
311
122
211
140
459
978
201
434
240
125
763
313
682
824
20
410
460
735
609
14
212
552
614
809
320
844
985
928
281
193
211
944
667
422
84
126
400
285
912
992
762
675
305
444
852
325
207
312
60
816
679
625
720
293
786
40
489
772
320
770
965
883
714
632
305
150
111
57
788
23
401
550
699
706
347
903
31
554
215
444
370
894
421
91
539
207
483
380
979
156
502
296
39
568
281
697
719
392
106
859
415
508
761
466
214
108
369
598
14
937
394
737
183
815
180
75
22
15
455
354
171
958
650
563
878
931
612
949
675
70
808
91
578
922
557
145
382
279
95
397
216
489
134
399
304
666
474
678
681
930
32
205
240
35
768
118
318
732
420
994
802
228
437
733
150
346
878
533
625
325
282
841
814
768
241
470
434
715
148
115
997
533
320
589
568
440
708
886
524
480
232
327
708
669
60
211
16
290
96
641
967
730
835
781
498
76
603
932
143
751
399
493
636
72
82
204
512
142
443
37
622
675
716
331
345
128
894
713
770
342
706
737
72
541
518
922
969
121
854
113
224
605
606
861
677
40
417
190
183
860
579
805
888
647
488
233
775
734
298
545
76
4
282
500
546
152
422
515
625
628
980
849
234
938
62
911
979
832
453
514
692
384
319
580
31
160
165
806
894
815
703
323
820
985
823
718
489
246
585
114
874
918
316
108
856
730
372
187
562
177
701
607
562
373
187
593
533
705
752
779
520
455
102
692
793
926
410
282
524
996
749
398
914
65
859
122
795
231
662
710
760
715
317
322
88
856
268
973
561
20
105
434
827
207
126
972
485
889
607
9
237
356
760
503
773
971
977
920
202
639
630
314
355
947
637
795
804
905
121
717
277
578
503
456
785
982
781
623
871
388
984
460
744
744
963
869
715
940
789
269
932
772
584
287
719
573
434
875
830
907
945
459
485
448
267
623
782
48
246
5
436
582
465
532
327
428
401
394
721
543
16
653
315
952
292
386
525
78
262
707
986
559
166
471
359
433
94
142
482
692
147
270
275
613
803
954
393
556
700
114
99
68
119
414
20
411
801
897
490
415
956
828
974
474
299
333
908
746
827
742
790
975
12
417
940
167
723
333
724
424
800
823
844
271
238
865
35
39
114
877
454
423
705
780
897
356
465
805
454
293
899
245
268
264
14
560
783
738
245
507
162
45
683
358
669
273
575
704
664
690
581
470
465
286
250
362
994
715
520
449
8
419
46
628
35
60
188
819
798
434
678
312
831
361
671
500
986
246
204
650
288
137
120
753
775
370
116
770
438
636
219
446
407
617
427
795
677
967
966
476
401
996
140
585
710
811
85
696
410
642
347
698
131
467
804
907
190
920
677
628
908
248
426
667
865
853
814
894
821
780
370
574
777
863
159
487
26
597
183
436
591
530
135
722
350
939
629
540
211
658
168
471
258
594
138
123
800
953
18
621
85
740
195
214
955
707
701
982
304
237
418
895
119
905
617
469
844
599
361
407
609
881
878
868
476
369
343
276
674
713
249
759
806
796
974
761
503
27
743
807
264
162
54
736
67
24
557
264
975
919
23
584
800
902
452
628
623
148
256
297
861
505
408
667
302
734
429
157
114
172
317
730
686
371
466
754
747
24
370
722
943
393
307
95
647
111
724
270
259
980
567
473
838
328
140
492
414
921
649
528
94
966
259
132
338
725
886
437
101
608
160
396
2
819
492
649
930
568
920
542
548
839
15
738
167
507
230
582
429
880
462
875
198
721
7
536
799
246
326
900
854
486
297
208
305
789
858
587
357
778
129
257
969
496
996
489
356
226
423
137
458
885
364
657
607
723
545
406
321
871
658
176
357
955
384
14
96
594
602
805
724
83
415
694
932
763
183
288
341
958
777
800
843
141
809
802
864
354
560
538
578
219
714
287
526
450
302
975
45
256
132
769
339
547
815
271
310
350
911
652
308
688
804
152
181
965
306
398
671
867
936
249
86
650
889
964
452
191
939
849
799
72
971
138
971
786
762
282
489
673
286
797
714
442
301
895
407
608
293
78
475
229
680
913
231
569
877
684
112
169
885
911
593
856
401
564
995
163
198
484
837
484
633
551
278
935
446
37
543
92
116
370
321
148
635
905
717
864
941
181
33
826
92
626
35
493
191
30
657
389
866
846
226
499
749
856
786
547
894
681
639
362
51
313
510
38
218
579
903
159
760
288
337
204
915
372
697
458
754
706
199
972
904
777
824
653
634
610
201
528
292
192
242
695
505
752
734
75
683
989
586
443
277
924
647
192
648
696
2
403
755
202
727
659
979
551
313
965
162
866
845
806
58
87
501
916
839
587
343
522
576
930
317
206
854
316
398
854
365
753
609
120
307
337
779
286
888
444
604
50
310
449
208
721
537
62
989
728
649
332
251
578
614
920
784
820
589
534
675
954
287
284
74
594
621
205
233
510
650
837
912
312
638
121
385
175
183
726
904
184
59
507
114
25
427
898
846
368
785
521
322
72
157
748
19
779
954
604
641
956
793
905
620
431
26
358
607
561
84
863
98
495
370
212
521
149
463
367
518
248
240
192
672
397
941
43
176
247
647
169
555
792
75
175
224
453
533
183
15
970
46
465
465
768
29
986
269
492
705
139
92
945
332
117
343
273
160
871
872
160
41
427
952
116
954
528
921
488
63
288
810
461
753
275
229
783
614
851
627
319
990
720
265
322
837
960
947
997
183
819
509
224
598
814
692
553
342
966
393
406
254
203
867
8
830
449
791
444
300
418
764
290
490
381
965
327
693
912
677
876
84
538
453
682
352
497
587
695
463
980
101
718
535
320
726
366
769
869
810
421
639
926
712
482
307
677
809
352
941
838
229
377
377
34
412
729
531
999
776
347
332
229
65
867
550
143
233
671
364
396
93
355
322
805
837
982
834
999
334
127
837
915
857
566
301
269
296
833
620
72
180
952
654
597
172
204
740
405
875
104
153
320
459
476
125
649
810
311
648
496
791
485
412
648
404
65
269
700
898
889
124
430
842
778
27
14
334
119
771
562
223
925
882
35
753
360
684
563
23
684
411
814
169
175
462
573
241
83
625
139
973
102
922
815
232
301
181
919
421
304
481
996
581
715
383
334
75
67
249
99
751
13
913
273
188
728
198
429
811
176
921
136
630
843
303
214
144
484
133
565
141
966
562
722
682
945
409
757
365
10
208
468
23
474
93
212
554
644
641
717
820
562
854
802
757
157
16
902
994
502
819
135
468
733
209
150
31
970
260
396
981
468
216
356
942
662
920
496
306
562
566
478
476
420
280
586
577
648
488
923
150
307
58
971
393
620
121
424
590
733
172
923
554
388
280
496
50
200
345
356
114
911
186
943
683
818
529
260
467
369
184
969
28
594
940
421
214
414
845
157
147
17
80
701
758
360
550
808
913
247
517
27
510
55
970
193
874
851
805
341
220
341
662
249
936
603
670
502
369
868
659
516
885
740
570
643
452
472
804
365
71
673
393
581
728
715
126
602
919
283
295
139
625
958
740
913
913
763
415
282
631
427
150
868
519
72
864
971
544
668
337
967
693
82
900
421
149
378
376
68
662
671
560
287
981
300
200
894
63
967
176
46
394
679
915
913
751
779
237
648
799
574
615
492
8
516
265
509
894
993
930
908
17
490
195
998
142
747
245
206
715
773
252
461
452
519
375
204
298
964
852
449
890
467
293
898
335
559
759
582
904
689
490
921
531
38
920
674
785
165
232
500
938
836
962
391
356
689
947
6
5
799
456
895
618
749
793
954
660
904
888
565
594
730
486
125
768
758
799
554
275
383
406
566
220
720
309
576
761
256
582
766
55
38
661
25
140
806
331
800
63
219
365
657
302
204
134
70
314
286
976
590
669
735
156
889
807
817
465
921
73
400
39
480
438
53
505
578
211
189
731
274
408
448
283
62
4
418
485
319
704
813
909
725
548
417
615
708
234
432
629
659
832
668
139
623
73
996
553
285
185
284
559
946
733
843
360
737
613
845
408
317
659
317
394
559
86
9
267
320
442
248
331
626
269
822
249
342
819
803
627
356
87
187
654
172
382
15
262
995
860
670
664
871
340
58
431
426
68
50
99
862
299
430
488
920
253
90
262
424
893
890
132
332
429
787
857
163
154
119
158
366
141
822
238
481
232
669
260
300
719
711
514
370
141
355
290
746
445
905
522
690
147
655
22
576
442
879
91
948
350
249
314
492
423
552
325
655
573
937
308
645
648
174
15
142
529
658
888
326
563
411
16
710
418
391
638
212
622
729
160
973
330
474
817
105
379
142
112
952
432
772
597
80
947
965
574
828
975
815
507
538
226
875
600
996
266
590
208
889
671
368
214
353
194
31
458
573
525
570
526
957
695
475
390
642
440
964
822
767
779
329
305
357
205
257
353
823
199
561
64
870
281
278
223
476
661
33
401
187
956
927
496
651
755
238
293
547
203
115
315
334
797
972
44
2
582
397
177
781
311
242
652
944
872
227
772
534
261
174
73
217
453
921
868
208
160
513
108
715
628
423
49
777
747
93
779
329
843
309
111
154
551
115
450
775
342
223
309
955
397
734
172
850
656
392
411
168
905
519
883
886
294
932
663
41
378
795
371
221
104
482
727
7
949
177
782
643
400
444
599
149
178
123
352
186
516
763
354
773
282
237
659
928
522
675
969
900
822
340
121
278
174
200
285
123
377
419
767
130
863
718
279
394
841
631
932
357
394
639
131
28
876
142
956
750
169
278
650
991
618
123
269
145
323
906
268
53
326
387
183
541
105
462
287
947
446
220
656
192
859
139
573
87
634
881
838
803
159
840
795
778
316
416
275
639
675
543
692
353
283
227
246
740
42
534
39
488
106
696
680
317
835
253
404
469
135
594
625
294
787
772
424
103
540
699
94
215
595
139
568
230
366
815
970
408
701
10
248
807
58
929
124
245
534
880
67
669
827
692
316
614
464
92
69
4
144
163
572
91
654
492
673
373
307
643
133
360
5
382
167
415
663
643
661
197
524
728
219
351
772
887
317
236
331
386
592
475
901
516
918
908
9
591
281
668
587
414
29
944
148
196
360
811
192
21
9
716
101
580
419
873
467
88
461
798
826
405
626
727
922
544
987
931
136
268
951
75
35
980
19
183
529
379
347
721
752
708
789
853
288
560
78
107
648
891
905
826
297
531
553
571
428
541
854
916
161
805
991
548
786
10
84
667
742
431
740
846
139
529
700
779
441
130
886
441
22
791
267
319
675
172
242
103
65
96
371
227
901
362
127
39
724
211
706
818
642
446
665
133
327
717
912
120
847
150
561
869
294
180
540
969
353
782
424
418
230
147
997
132
509
477
171
585
688
230
404
683
28
69
168
708
786
433
828
985
583
742
207
877
922
747
198
627
882
974
398
464
121
395
596
630
224
120
568
913
702
972
948
730
393
116
790
179
549
619
164
133
713
723
362
987
823
561
615
57
887
13
521
9
760
118
991
985
590
559
250
292
531
198
374
276
314
165
455
216
136
972
701
849
695
63
836
518
976
803
575
864
168
449
225
929
567
216
266
509
776
516
801
659
66
527
936
732
692
743
948
828
67
649
29
115
65
866
985
393
21
913
257
190
362
834
471
281
51
737
790
827
605
943
838
671
470
774
403
515
518
352
343
585
353
725
52
418
591
38
164
964
951
773
154
313
608
625
594
659
714
736
486
319
679
324
342
501
451
98
16
321
802
712
258
155
437
311
926
380
349
90
344
300
863
851
965
471
476
559
130
543
647
968
214
326
645
557
827
448
655
196
769
809
908
27
964
345
338
242
77
39
684
421
691
548
272
656
371
101
567
854
996
214
174
210
892
171
119
720
619
774
268
388
583
176
768
900
873
106
142
302
498
179
723
189
727
348
846
450
801
765
304
797
980
831
359
872
2
479
944
622
605
212
362
541
740
130
441
965
589
935
267
87
114
343
628
193
691
474
644
844
240
300
993
572
131
352
444
134
831
741
108
789
953
470
330
46
601
771
363
542
58
631
629
173
326
257
718
369
84
714
213
676
15
206
248
498
910
44
984
94
137
92
883
91
915
213
489
868
336
852
410
394
835
391
919
161
0
990
530
84
704
95
112
71
653
712
570
564
109
906
10
246
999
245
689
266
458
178
134
146
383
896
892
570
287
164
84
287
154
614
724
210
62
188
282
715
901
204
631
362
110
641
608
461
886
298
727
696
828
213
194
563
109
87
134
396
603
570
36
757
536
112
967
598
300
601
314
201
805
945
915
916
939
524
729
177
174
457
226
2
670
772
918
132
859
404
528
814
974
916
571
510
28
891
109
329
492
775
882
298
72
798
566
363
674
295
541
848
104
119
202
127
891
120
259
103
876
139
917
850
56
841
713
436
732
174
765
576
949
0
874
373
798
792
737
824
440
630
672
544
749
874
671
992
347
930
95
575
422
365
426
830
206
491
266
938
665
32
866
966
384
741
339
534
885
428
358
325
58
30
870
159
256
893
152
955
176
247
531
598
964
309
428
170
800
694
460
817
78
327
135
462
420
826
996
305
255
706
983
313
736
853
825
345
98
977
652
274
576
535
224
541
844
652
711
996
699
524
165
129
851
300
944
271
127
940
928
382
999
911
47
87
116
872
432
215
201
437
841
778
972
66
319
817
70
382
165
769
906
331
899
757
983
843
380
110
135
661
844
134
572
244
222
41
468
6
608
670
795
449
448
768
867
119
937
938
853
102
59
760
785
958
869
769
153
602
231
641
263
428
127
187
672
701
228
492
708
188
162
503
990
962
623
857
433
560
147
287
15
207
399
152
517
620
921
671
222
505
664
837
933
791
25
957
493
605
449
553
794
964
408
136
926
32
993
360
592
493
999
959
700
398
112
217
18
385
888
593
242
904
430
175
696
455
484
189
413
934
742
207
250
150
695
176
534
40
888
479
533
887
438
233
285
902
451
656
288
691
249
530
596
679
58
644
487
894
833
900
180
927
459
430
429
154
607
964
194
495
795
80
735
585
313
372
488
116
28
128
808
629
10
756
661
420
400
500
315
585
400
495
864
211
926
293
717
533
609
263
380
404
343
467
342
9
840
830
125
220
310
285
850
320
393
863
741
793
363
408
730
115
903
594
326
829
888
395
714
849
658
447
606
2
914
948
11
754
130
488
327
440
774
177
112
167
392
205
313
755
613
43
222
517
638
900
698
878
295
765
79
953
212
685
307
478
985
670
585
115
159
912
907
285
441
20
804
833
577
117
940
191
513
162
708
151
62
758
381
357
523
460
662
735
498
970
214
835
992
799
303
503
63
210
788
504
582
593
337
160
62
629
703
575
791
411
78
205
521
811
562
45
624
576
780
122
898
346
309
891
497
612
746
560
175
535
416
109
480
753
621
894
382
324
822
525
87
900
730
609
64
644
654
688
221
786
162
471
133
471
362
982
84
461
895
259
996
311
368
828
417
990
74
151
666
896
677
754
149
759
363
213
404
369
901
977
155
63
800
640
886
163
623
970
976
870
581
972
181
302
152
598
644
578
750
310
475
779
64
624
538
779
189
294
148
90
623
656
505
424
296
743
939
271
714
915
141
647
239
675
949
743
273
945
321
375
256
148
506
672
772
397
804
313
43
304
755
19
960
260
443
257
356
734
880
70
1
22
69
240
697
371
335
322
316
656
50
924
805
556
949
929
305
105
243
349
409
998
368
722
611
163
331
967
897
211
389
250
233
810
842
282
181
177
957
850
185
7
126
342
915
75
272
221
532
867
570
942
217
290
664
180
805
347
147
54
558
888
304
144
699
146
426
232
323
735
82
860
742
561
203
658
636
827
879
169
694
801
463
263
443
479
444
248
826
943
302
736
184
606
880
235
104
659
467
779
394
902
639
137
463
842
147
451
21
378
972
67
531
787
331
326
618
127
574
444
70
228
533
606
186
413
841
290
424
661
421
819
563
60
308
378
255
807
181
276
185
154
696
68
941
27
394
560
154
968
356
576
548
889
183
734
655
376
24
79
37
445
250
952
857
558
330
464
365
512
741
902
18
789
970
959
816
364
871
322
332
580
250
880
821
785
966
828
162
342
908
199
139
158
152
997
69
834
461
434
346
554
337
364
343
659
676
511
24
899
185
708
831
436
941
5
221
907
833
735
250
741
935
389
252
439
738
321
625
552
107
972
458
796
688
802
456
716
665
480
968
851
540
151
287
481
156
860
741
342
596
991
83
883
732
687
322
823
360
299
375
468
623
185
264
312
987
72
380
5
904
700
856
445
204
143
278
360
355
19
702
951
362
138
834
447
177
508
270
538
808
997
6
431
182
622
95
522
47
828
527
951
880
383
748
84
878
27
445
233
46
499
537
409
989
371
208
167
232
478
57
392
827
415
823
361
37
271
883
436
99
762
740
979
497
488
64
727
515
861
961
914
712
850
675
702
573
883
221
805
713
278
197
540
693
373
901
82
644
137
519
95
251
259
426
749
99
842
476
615
55
789
529
768
639
556
822
213
439
43
370
152
673
568
44
718
941
945
800
937
434
671
32
686
282
810
787
382
653
263
997
708
405
878
828
44
434
650
609
225
45
980
377
70
900
421
788
193
718
589
130
505
260
514
191
895
676
978
277
329
593
626
390
998
856
218
395
642
869
356
867
266
688
596
337
588
369
125
133
87
66
615
592
679
481
135
574
158
465
851
487
411
829
229
409
685
448
156
679
669
865
546
287
553
494
624
494
863
102
627
302
168
243
247
847
76
382
773
234
200
976
74
611
805
303
372
842
103
881
521
772
746
419
60
299
913
36
793
776
138
773
431
659
368
678
858
444
412
632
679
612
608
105
223
414
408
948
608
512
829
130
636
575
549
48
226
463
85
372
591
575
145
22
234
865
700
93
309
113
725
340
77
685
445
301
99
206
601
708
70
430
190
58
357
739
107
583
554
192
955
146
767
452
520
354
317
221
447
979
686
524
671
763
209
469
416
661
675
17
721
97
799
911
155
156
2
262
740
557
806
47
55
926
500
575
280
169
148
727
500
834
603
172
950
812
641
366
473
668
736
194
765
535
105
272
692
108
887
784
17
693
831
72
619
331
647
899
853
796
978
353
982
581
877
932
746
518
299
219
538
387
766
303
922
871
928
614
331
815
398
700
508
230
772
480
913
772
731
118
920
710
824
902
643
701
187
389
220
838
609
758
225
727
414
147
950
694
114
634
509
512
334
369
94
459
849
360
231
581
830
503
643
654
405
286
356
944
28
928
782
637
38
7
716
452
155
666
146
269
300
7
133
635
377
580
94
226
940
677
807
770
180
450
425
937
89
133
882
117
61
664
106
99
24
822
904
531
488
402
152
789
410
285
776
787
865
870
365
157
899
525
280
79
327
57
368
416
190
250
885
603
267
991
54
291
813
958
174
654
361
326
795
123
611
571
262
829
441
627
338
692
152
970
771
480
27
139
248
569
742
134
524
361
477
579
4
291
537
178
297
250
504
92
373
467
663
635
296
456
615
987
148
119
957
271
951
337
762
200
258
504
686
783
865
163
362
869
806
251
399
103
502
903
547
227
371
210
215
19
18
830
6
518
949
316
789
901
5
904
453
263
408
139
46
626
654
760
847
461
12
247
564
866
150
464
93
873
26
308
893
45
138
251
915
440
567
57
341
572
961
146
188
721
637
234
347
291
347
547
752
359
146
669
225
648
133
670
522
159
979
767
556
469
18
472
909
938
881
602
862
842
748
50
563
385
637
263
677
984
810
781
695
956
450
272
604
935
294
478
447
273
245
3
743
616
827
4
554
708
607
416
550
707
819
466
445
808
729
122
144
539
255
191
847
706
463
803
993
109
282
440
383
879
444
478
495
623
482
49
332
441
818
234
149
989
700
594
797
429
68
941
320
675
132
519
733
947
323
727
56
957
167
791
836
963
269
332
587
104
733
271
897
551
857
46
892
558
992
689
339
412
630
12
88
114
531
821
413
206
548
470
163
68
261
0
31
883
684
618
339
417
241
236
321
99
635
213
9
979
903
348
392
885
712
832
352
244
5
765
450
554
235
966
974
849
966
5
84
650
976
775
419
217
11
740
668
998
306
677
978
561
378
722
446
90
554
798
686
559
916
489
465
151
455
439
352
773
797
788
775
773
563
194
342
927
287
363
925
593
40
255
506
770
977
952
213
531
103
251
443
371
740
260
522
547
700
227
320
849
15
95
622
931
642
316
858
929
679
135
874
72
391
380
194
368
684
759
252
139
11
47
510
103
307
385
651
359
964
323
208
331
771
182
262
413
499
472
694
530
608
920
954
351
652
501
719
336
260
323
828
623
370
690
727
30
75
730
389
39
405
598
371
176
780
985
589
631
458
635
514
418
555
820
769
207
321
840
896
934
516
76
557
238
766
636
268
842
366
658
233
772
608
956
300
740
942
242
372
752
877
238
522
785
58
643
344
380
835
240
666
351
316
575
590
83
212
858
277
930
868
510
54
476
819
355
217
113
597
941
865
826
179
739
611
237
382
956
969
569
548
987
921
217
563
511
300
775
721
929
705
942
439
760
418
258
467
987
371
64
280
588
242
459
679
854
49
413
162
370
983
710
358
904
927
921
767
579
696
840
508
753
782
300
865
553
910
332
892
634
748
173
574
991
984
254
197
33
667
359
756
2
69
114
906
349
35
25
928
83
866
789
188
0
89
54
553
351
738
446
985
487
971
560
830
955
814
27
341
833
386
449
836
807
563
94
156
950
472
437
385
338
578
573
338
19
979
244
370
718
42
356
557
365
916
387
320
82
414
13
915
800
462
103
607
377
550
116
679
22
905
64
360
483
990
50
502
969
646
872
39
688
580
596
53
496
983
726
930
749
91
846
549
906
301
509
283
851
977
963
873
882
379
585
717
369
636
219
691
634
443
730
675
24
679
728
872
14
806
803
764
250
1
313
156
302
174
791
154
151
106
379
385
486
965
102
207
953
673
250
587
469
333
262
493
12
343
717
26
501
520
142
751
521
808
259
824
982
51
330
486
157
61
871
995
26
326
555
979
351
805
567
820
138
181
313
502
524
31
881
26
903
23
777
425
831
37
601
814
440
283
652
949
344
875
297
371
201
852
702
553
9
621
725
148
803
39
650
679
422
531
705
677
907
835
102
738
224
55
904
16
690
556
965
35
432
262
758
985
466
460
890
476
434
616
624
237
7
626
916
781
510
974
458
417
161
561
507
385
968
412
401
659
968
718
46
752
981
804
738
447
616
628
275
50
596
899
639
603
878
908
384
740
882
843
509
43
756
16
780
724
428
181
735
397
251
781
149
584
937
239
384
906
220
659
956
816
911
948
420
789
856
804
881
90
999
390
133
755
406
913
832
835
446
567
584
697
701
85
634
990
325
18
896
897
677
853
713
588
153
485
377
9
290
610
99
641
0
584
397
407
849
581
242
647
500
826
696
553
911
330
544
588
348
440
485
26
645
551
614
798
36
344
807
678
954
258
320
955
194
69
714
43
650
956
690
502
134
387
56
397
717
600
986
418
40
823
444
686
374
410
484
411
106
644
89
61
254
409
368
449
830
82
844
480
390
535
983
524
274
391
273
343
991
611
761
383
435
557
69
161
968
906
572
74
902
14
487
508
775
855
957
606
289
154
438
679
41
773
555
315
164
829
10
155
440
772
891
227
681
960
389
649
218
313
76
472
327
563
981
455
771
938
61
412
92
499
92
133
273
999
800
437
180
811
945
973
935
836
200
616
148
941
618
719
607
694
191
934
609
172
389
732
463
802
145
907
302
589
393
927
588
545
364
121
708
661
94
643
849
646
612
350
940
582
69
547
628
612
833
237
785
575
322
600
377
467
859
31
56
252
958
996
798
675
117
506
336
563
502
538
562
466
888
502
48
309
401
676
921
234
265
58
161
587
658
539
406
518
570
462
122
529
811
272
556
280
131
892
844
985
430
758
451
670
612
851
979
13
879
901
599
144
311
761
84
322
300
490
192
222
305
314
103
116
939
659
748
70
904
944
55
686
702
858
357
314
709
688
679
588
941
279
84
253
392
520
575
44
363
767
266
668
433
370
136
372
381
884
442
285
829
497
972
883
355
681
550
416
369
229
4
311
860
441
916
252
961
491
296
324
258
915
344
43
637
480
416
18
717
858
656
898
708
980
781
415
661
683
832
382
913
188
45
125
629
961
730
943
452
378
619
62
293
964
106
930
796
522
301
513
732
309
763
440
289
897
856
302
580
40
36
845
580
82
323
562
43
53
505
848
431
124
262
725
440
720
7
237
594
660
102
327
321
866
767
610
115
975
264
695
367
301
893
948
383
216
510
778
269
367
626
52
843
889
129
284
961
137
521
556
149
975
883
471
193
2
433
308
330
698
356
697
999
249
997
734
817
507
512
438
226
491
490
70
732
620
354
693
109
227
249
610
202
132
433
396
487
867
704
817
917
412
866
916
13
864
2
830
723
866
620
950
357
111
20
89
83
726
783
544
953
384
506
155
869
940
903
356
807
960
525
724
372
743
992
386
607
994
568
683
212
189
985
570
652
357
659
87
83
794
631
36
531
137
543
400
77
447
108
236
407
633
960
131
376
304
517
336
650
438
19
863
627
356
433
631
713
444
718
796
591
701
832
122
190
727
874
620
526
982
856
933
967
169
417
695
825
286
31
476
724
402
691
703
758
476
334
471
272
404
619
863
457
803
337
648
531
563
268
57
545
476
343
864
997
760
560
823
46
591
651
123
346
342
826
456
818
513
928
90
269
547
306
727
703
995
727
234
559
995
643
456
823
986
321
821
98
881
996
497
824
647
620
170
341
798
627
159
663
907
601
933
806
259
12
509
255
739
95
814
86
739
270
909
725
943
82
176
824
430
673
649
429
645
171
770
443
798
281
459
705
235
744
864
494
756
373
749
847
469
915
933
560
538
194
637
481
629
813
306
411
486
307
841
483
478
963
279
277
245
738
334
832
834
198
326
590
924
428
789
745
343
74
305
881
620
942
715
249
756
21
661
594
680
854
78
158
817
357
435
414
447
122
246
281
672
925
223
596
353
12
693
48
438
998
282
58
941
997
308
49
370
321
995
50
175
425
208
344
134
996
759
581
470
5
862
142
930
437
91
635
801
784
684
239
135
318
298
428
315
958
477
685
279
824
87
806
250
295
150
384
643
909
966
113
267
180
256
549
618
347
185
771
483
221
11
618
539
309
46
206
267
875
891
898
700
978
704
950
625
206
686
269
116
4
382
735
185
990
284
155
689
821
926
525
394
937
143
285
598
542
491
217
417
734
115
469
64
171
771
42
730
458
311
198
462
45
933
999
388
569
154
77
743
433
602
137
370
98
775
321
640
266
538
409
353
6
879
417
529
2
459
259
460
122
809
275
520
742
274
908
664
781
337
407
214
292
896
936
390
671
257
382
290
148
143
643
506
374
412
387
377
224
999
189
346
808
464
218
551
739
478
215
872
816
974
86
108
870
22
850
542
632
584
832
132
727
827
638
454
239
25
831
463
24
20
162
185
485
380
736
576
859
303
448
27
277
886
487
499
260
689
41
892
273
225
376
352
52
366
806
644
744
637
107
120
10
621
305
847
354
393
775
213
696
223
592
325
461
79
825
721
768
218
966
393
796
342
745
848
61
904
844
805
893
304
925
903
925
231
750
279
624
525
844
673
100
436
350
913
867
175
635
635
746
953
380
542
295
478
390
708
382
587
513
275
891
439
531
816
22
633
448
998
511
292
671
611
81
22
525
300
549
512
936
295
465
668
837
112
146
580
821
528
167
334
156
58
125
687
226
147
320
26
498
831
319
169
795
752
543
672
52
93
184
340
740
1
9
578
113
507
510
286
36
29
621
192
439
98
231
665
598
903
692
96
735
363
265
882
467
161
554
871
606
90
212
346
91
573
276
556
80
786
843
468
815
816
12
606
914
243
272
512
147
316
608
234
31
226
116
498
739
670
369
345
760
933
691
203
858
320
759
939
458
602
759
626
418
772
232
333
367
856
197
866
172
158
452
555
736
568
405
475
590
775
820
702
60
863
905
919
535
665
210
994
619
321
620
38
445
204
723
165
61
272
31
585
430
484
141
166
404
546
641
995
673
813
49
86
29
955
357
564
972
567
910
943
240
882
981
686
87
56
851
148
329
234
85
759
70
226
278
475
125
271
822
798
437
871
884
466
178
241
382
502
160
293
446
753
175
779
439
262
836
642
762
517
876
848
276
947
426
906
774
551
178
596
350
615
819
586
433
350
180
815
204
692
108
2
445
636
782
884
898
970
526
13
487
755
861
115
54
287
22
828
191
552
776
541
519
947
479
952
649
659
119
854
352
580
856
797
216
990
34
114
960
912
479
799
19
340
915
73
980
289
253
171
841
29
64
712
977
895
16
978
907
135
832
259
715
41
408
283
31
794
750
344
707
229
143
78
570
58
152
902
699
405
73
892
435
489
604
764
384
972
742
291
108
927
902
175
968
663
459
351
457
209
695
516
790
191
595
360
601
747
614
301
504
39
193
291
528
150
407
265
122
502
908
582
429
811
110
749
826
921
452
283
482
500
152
272
691
99
633
292
198
247
945
702
287
139
994
167
641
753
784
763
255
693
346
36
856
456
137
682
729
590
317
211
90
469
483
133
568
116
777
766
716
723
821
355
214
167
874
855
920
659
618
528
352
316
564
208
124
702
890
853
292
559
64
734
381
548
219
301
16
996
68
84
719
241
791
933
408
666
140
680
325
111
208
29
427
773
237
904
827
479
109
471
390
526
205
771
426
424
73
442
420
493
879
492
734
670
777
494
336
918
174
13
29
735
42
808
508
631
712
335
462
174
806
853
700
363
976
126
139
49
920
911
542
799
755
628
470
533
122
158
451
649
524
480
384
566
640
244
550
353
931
364
527
89
569
579
804
546
705
295
595
625
206
490
777
962
118
599
495
593
757
298
594
281
130
330
200
770
926
102
475
209
466
354
650
388
933
454
934
990
749
881
616
307
723
745
269
194
344
116
787
101
766
733
735
896
415
287
19
341
389
494
902
207
849
552
595
134
358
881
125
107
115
93
766
838
838
388
32
182
504
171
635
623
904
370
871
671
657
890
364
398
737
266
958
938
818
905
72
176
139
197
635
254
290
402
92
128
790
125
662
646
296
298
621
553
668
493
224
678
735
589
428
472
855
386
410
26
644
483
554
783
680
542
37
323
296
129
803
86
606
466
84
903
764
706
808
784
199
32
462
934
973
243
759
181
629
169
207
625
4
113
408
37
655
797
360
951
279
163
389
885
981
826
140
745
532
948
530
83
333
344
369
306
587
128
487
569
650
46
194
654
512
955
691
167
752
51
471
383
567
212
269
548
38
761
646
570
62
176
5
395
872
375
53
460
855
541
381
505
939
575
160
451
882
851
971
987
255
794
370
822
6
991
722
45
105
368
967
167
896
325
562
769
700
967
581
907
508
962
413
800
889
925
251
772
776
222
759
31
16
481
205
23
825
928
420
930
648
739
97
545
64
11
314
116
978
895
24
839
857
789
639
746
714
890
870
490
465
981
874
833
463
431
208
288
359
628
218
360
720
667
905
784
678
219
253
8
466
629
199
323
418
838
421
132
81
644
974
546
625
200
379
88
632
588
728
343
568
298
703
288
965
960
425
995
179
678
356
645
659
555
320
77
394
94
561
827
738
887
373
363
440
104
804
424
44
884
119
613
183
823
253
500
135
30
848
315
60
204
312
719
111
985
796
505
79
709
332
169
597
57
884
389
514
40
813
558
277
932
523
460
107
777
312
243
807
160
558
220
716
222
939
828
559
88
685
638
149
370
159
746
427
396
487
941
436
300
852
713
233
375
525
340
504
190
583
664
702
493
884
419
68
823
599
627
263
284
618
413
6
777
511
786
173
999
79
962
299
931
27
532
307
905
225
811
95
808
827
149
654
711
920
722
887
519
349
150
156
967
563
162
97
427
948
622
426
380
584
725
311
964
610
970
869
835
134
316
995
961
465
649
673
386
723
560
257
73
62
765
40
978
928
489
405
228
112
831
960
696
908
272
12
518
242
233
705
376
549
53
690
367
702
363
105
778
275
362
851
337
480
243
315
408
733
720
988
845
903
949
893
812
573
258
682
167
491
388
544
41
793
234
760
847
949
865
625
576
579
476
265
59
72
581
819
805
653
160
2
909
461
247
721
34
505
755
553
997
495
97
390
288
683
502
136
984
719
761
560
298
238
826
710
662
759
881
467
764
41
821
673
854
68
746
240
926
502
794
275
349
243
17
638
279
519
774
263
590
887
176
888
477
354
950
139
465
832
958
229
225
779
255
80
200
353
320
478
207
114
753
557
710
122
547
989
993
673
604
583
560
780
823
390
486
774
529
951
958
488
533
183
619
140
263
171
493
936
649
53
402
754
962
112
876
509
453
221
182
58
804
94
838
980
484
677
754
14
628
712
854
513
247
825
653
863
997
499
799
998
904
553
753
866
666
981
375
119
203
909
177
359
3
368
339
840
397
445
206
377
509
60
891
757
237
896
972
234
747
771
233
651
324
338
869
342
319
596
814
874
505
343
586
861
63
277
53
460
723
259
838
584
319
81
693
556
977
665
143
77
788
728
80
113
66
302
807
737
898
973
612
756
317
198
969
380
827
22
193
550
281
31
487
952
464
180
860
793
846
3
870
986
731
303
451
149
605
259
887
503
232
499
611
901
49
580
282
876
602
475
779
883
858
618
835
322
798
696
115
996
51
338
983
135
641
434
284
598
45
171
101
630
22
713
531
423
645
165
652
248
992
431
131
850
401
319
524
199
367
992
548
770
682
531
905
675
317
190
273
715
713
726
345
736
791
876
159
437
42
811
685
34
594
168
237
995
839
113
547
206
457
95
977
139
978
882
814
647
424
87
362
138
814
707
874
605
936
385
394
330
549
79
364
143
600
953
491
439
67
38
646
524
485
975
16
463
209
830
462
986
270
825
124
436
884
350
393
172
87
788
502
636
219
219
132
819
172
623
259
591
13
257
468
498
232
484
313
793
666
775
779
288
952
255
724
837
957
470
9
45
610
512
681
829
83
813
649
607
788
908
199
801
165
19
651
749
855
964
894
873
92
26
162
44
281
238
881
239
60
243
636
670
107
317
500
190
483
149
797
271
409
348
425
926
719
76
27
574
393
921
448
485
947
962
529
581
552
763
172
613
6
808
283
113
477
783
655
960
932
804
584
693
153
361
619
224
789
646
799
182
568
599
667
867
561
549
448
113
312
972
78
318
780
362
783
610
145
790
922
430
594
506
123
99
219
743
324
9
389
475
543
309
74
211
177
987
112
977
452
424
302
531
94
82
245
229
44
390
19
967
172
965
825
296
417
45
391
93
406
780
568
949
442
994
512
971
333
624
948
785
400
602
668
494
685
913
75
81
656
94
48
828
412
874
476
829
919
867
274
677
648
842
626
90
188
139
61
521
115
361
658
516
964
679
10
1
592
86
82
600
532
483
781
296
357
257
477
628
125
751
305
125
593
931
567
781
422
628
302
538
341
313
54
657
992
416
10
936
854
445
537
387
928
318
683
637
927
513
265
52
264
922
177
858
205
744
991
628
724
646
518
418
959
572
75
303
988
438
239
843
883
128
582
163
798
617
800
726
130
417
778
395
339
308
605
896
52
948
524
129
594
394
547
905
966
974
208
307
764
800
502
999
928
436
162
727
53
314
805
536
83
935
283
422
243
888
671
648
188
547
129
135
942
676
40
908
2
601
567
767
401
69
118
681
505
281
760
911
947
565
447
31
501
730
805
96
970
476
96
158
24
225
293
966
901
686
226
256
639
794
375
392
215
493
73
721
126
186
984
74
103
431
105
956
513
910
53
835
387
149
345
763
375
991
81
628
29
307
236
668
453
611
60
669
105
485
742
583
23
78
657
127
509
762
83
374
25
136
561
764
638
906
527
365
897
608
993
926
267
230
594
73
193
6
742
650
844
836
234
867
914
891
346
775
6
430
501
31
918
62
795
908
968
674
273
218
634
619
144
901
849
91
974
394
449
68
45
645
256
279
865
522
170
211
297
528
993
150
559
264
212
706
172
533
380
446
751
14
417
247
268
618
690
594
12
140
15
57
137
271
688
2
794
211
214
443
739
559
946
299
823
510
357
996
43
738
794
146
104
211
394
372
829
84
319
193
576
334
251
714
957
939
68
103
150
282
899
242
194
845
541
17
355
250
365
751
988
159
897
445
722
291
169
903
728
488
97
656
174
700
722
132
639
791
235
142
425
486
736
619
331
277
637
39
527
2
790
868
514
687
313
236
331
482
140
411
323
589
67
497
289
790
629
280
581
217
422
6
703
158
626
387
787
615
426
667
969
216
887
483
255
552
72
586
386
212
997
709
153
417
207
442
207
188
722
140
757
497
146
461
7
124
200
147
739
626
166
709
194
53
544
449
957
616
388
343
180
385
53
333
154
612
775
361
800
850
501
558
347
0
371
354
124
571
853
216
549
19
277
743
72
821
544
29
790
932
725
970
670
778
656
824
390
783
186
542
633
39
452
980
39
823
687
516
746
540
84
295
560
361
390
984
534
935
366
324
219
91
647
889
221
303
714
963
86
252
505
72
643
958
404
35
133
91
551
232
984
987
879
896
348
270
232
234
557
950
559
776
393
206
18
614
861
84
577
299
336
435
371
331
393
776
366
878
219
269
110
203
256
990
451
956
612
684
191
169
634
750
297
380
308
315
994
521
399
924
172
87
359
544
419
752
672
137
630
891
407
93
447
15
83
898
972
47
934
515
216
921
265
865
301
925
533
647
798
932
571
970
372
930
866
791
34
538
928
17
782
687
110
229
55
545
479
27
592
766
542
160
39
159
377
340
436
910
339
586
843
911
556
215
841
423
358
876
313
638
893
95
678
355
324
733
900
156
112
844
922
6
4
961
165
733
653
953
644
992
539
487
255
447
54
97
222
764
325
536
402
570
631
80
925
308
165
825
816
277
21
738
283
377
51
800
110
56
105
754
400
996
593
656
444
999
105
666
763
430
554
166
0
186
598
277
846
764
454
662
393
475
752
677
852
155
829
314
211
935
69
963
931
662
619
375
14
724
394
777
506
948
295
858
486
246
135
684
10
589
346
755
64
98
432
268
605
614
583
816
549
4
132
480
666
751
208
32
828
954
810
334
254
105
545
741
351
680
425
713
270
124
821
686
574
253
955
180
219
890
348
768
894
480
601
912
232
809
945
412
115
755
98
369
212
643
110
916
324
888
981
946
364
802
632
938
408
939
118
627
829
819
396
723
299
997
988
883
158
933
295
273
40
394
642
252
389
105
520
713
345
502
11
61
656
644
999
64
935
470
692
765
289
440
840
940
789
828
824
299
113
471
924
153
217
918
758
607
23
278
672
720
132
684
781
789
680
133
205
615
603
249
380
244
689
573
184
830
753
360
129
867
832
53
372
49
972
130
656
347
761
329
68
245
365
201
386
45
686
592
660
641
841
393
885
883
318
422
713
71
782
843
290
614
248
663
16
220
145
672
568
906
353
988
504
718
541
890
115
228
834
776
869
28
521
107
263
839
881
976
262
663
171
553
630
420
568
646
992
713
670
912
972
24
900
828
94
794
70
210
374
905
338
243
285
859
702
548
50
583
876
664
599
48
569
581
820
137
227
812
203
897
725
527
273
977
355
368
771
425
930
145
682
268
741
967
479
795
867
881
731
744
545
330
792
115
911
612
604
490
776
159
739
501
686
13
479
41
381
602
467
663
100
501
931
193
469
762
988
336
643
719
80
540
401
224
7
664
188
612
154
965
771
894
818
458
907
649
851
640
252
670
303
704
172
586
897
993
348
885
681
991
957
762
883
710
338
891
375
527
503
881
492
626
775
662
436
34
312
640
26
564
310
681
268
834
267
517
827
967
402
509
958
711
623
194
422
961
85
797
840
940
678
684
566
806
347
355
192
659
995
219
575
657
900
195
492
520
712
671
487
466
180
798
178
155
992
952
469
77
749
309
17
779
994
935
937
341
290
130
352
637
701
927
295
601
122
787
121
834
458
961
300
991
759
830
146
751
782
615
828
883
925
197
663
271
132
952
964
775
82
316
412
783
243
707
737
365
846
210
551
305
171
851
648
930
34
794
33
816
762
213
700
39
410
715
310
895
667
274
670
102
942
82
237
185
790
974
902
636
537
453
293
708
656
941
991
690
88
24
507
850
238
559
241
0
274
551
895
293
177
565
747
119
0
985
656
142
311
558
130
848
11
424
909
19
717
252
710
157
276
569
359
866
128
600
219
754
503
466
399
32
384
147
151
384
484
159
526
795
717
8
996
80
784
257
100
502
509
162
11
137
83
371
356
211
971
575
317
475
393
68
507
777
215
11
161
51
170
39
199
240
48
195
672
184
804
124
686
665
286
698
154
369
421
510
932
392
437
601
219
831
670
727
608
237
90
122
289
612
513
488
204
913
35
877
98
839
353
136
856
992
186
10
713
607
521
646
0
310
599
219
493
269
298
102
859
740
576
148
353
89
636
909
355
23
786
453
862
492
589
70
484
776
80
197
383
953
195
735
264
795
307
757
416
605
211
275
698
139
775
51
229
763
960
584
786
99
389
0
591
978
70
75
754
151
624
490
104
820
225
720
967
532
478
735
490
41
363
188
181
138
591
410
902
903
346
40
2
87
41
945
65
111
372
172
262
997
14
719
169
239
439
136
124
917
223
966
959
586
506
140
77
449
902
331
352
600
371
707
687
412
652
104
524
377
628
138
726
642
857
895
234
297
383
358
566
606
676
877
545
534
369
622
983
623
305
335
575
676
394
614
89
47
719
965
776
347
455
502
342
313
749
576
962
132
286
880
90
962
110
987
496
831
961
831
455
266
166
382
943
561
997
384
960
68
701
88
767
156
590
109
821
339
685
135
823
971
16
913
285
478
901
133
309
862
964
116
129
483
499
424
396
848
160
708
916
213
796
35
369
386
145
543
77
182
678
900
506
694
813
791
172
66
277
834
281
241
950
762
76
801
186
472
649
698
180
917
911
328
305
632
66
802
175
143
984
854
43
490
900
209
634
425
627
911
259
908
504
561
670
581
363
208
405
364
258
938
634
169
266
939
154
333
741
681
476
725
535
872
568
788
433
202
213
60
465
824
321
969
385
991
902
100
552
308
465
810
246
99
332
864
38
486
197
779
167
26
856
55
898
424
843
683
978
408
95
443
232
416
765
969
760
667
70
312
327
535
474
573
634
806
790
24
644
987
155
812
365
363
219
615
140
414
298
118
822
394
914
406
810
31
375
922
698
797
234
378
332
709
303
318
515
93
694
512
81
849
324
446
213
895
62
353
309
712
823
483
106
89
241
269
120
616
191
171
766
778
549
98
487
852
769
354
946
463
866
379
665
542
177
230
789
591
935
98
304
758
933
762
200
174
31
672
143
575
195
909
353
96
359
840
949
128
546
247
944
765
978
609
659
507
839
449
99
774
899
403
884
833
165
436
359
549
109
502
124
304
763
477
753
123
669
702
603
567
301
547
332
631
508
992
138
347
793
237
473
692
992
710
525
510
146
885
59
607
739
183
264
503
12
17
978
33
71
581
600
724
481
285
707
989
629
845
689
422
435
514
114
427
224
992
937
723
877
996
682
968
531
946
471
895
315
801
280
386
735
233
462
216
518
169
557
499
15
246
273
802
761
387
229
337
731
519
60
608
867
743
929
399
41
400
646
357
554
927
95
289
160
910
505
30
79
62
529
446
661
802
248
422
541
830
759
273
349
172
233
216
267
162
967
308
915
966
17
821
893
113
110
405
23
615
435
454
29
316
253
690
470
501
464
11
683
576
636
32
748
222
601
15
736
920
675
3
886
693
824
131
158
934
536
533
901
971
339
931
639
592
973
109
446
438
473
129
366
461
514
114
683
115
481
772
387
508
775
274
553
600
757
711
886
294
596
788
617
936
71
257
528
44
366
974
834
191
456
200
653
970
666
688
437
499
460
824
8
588
450
561
188
208
625
74
502
221
214
471
509
285
728
38
330
447
364
516
990
820
717
643
142
735
684
579
235
144
404
595
84
206
156
272
414
133
699
268
355
913
740
216
551
820
606
233
619
971
749
610
143
818
605
286
554
289
217
141
786
973
736
870
180
892
495
946
26
546
215
733
811
307
949
362
479
908
595
451
879
697
61
374
515
18
12
421
660
230
562
798
203
298
20
735
543
515
682
921
413
249
654
225
556
955
939
387
863
887
838
94
584
251
821
451
270
185
225
930
415
787
80
971
86
100
706
981
968
388
902
381
637
908
958
545
215
898
933
431
137
123
877
73
375
698
524
997
884
749
279
651
889
359
974
327
459
681
308
427
421
210
161
59
470
119
956
685
369
241
116
506
365
994
579
92
44
456
441
280
557
720
284
446
431
258
125
242
291
433
22
713
995
183
772
465
654
728
503
24
970
971
882
687
317
814
779
362
622
572
994
179
644
630
978
75
889
103
669
180
537
691
893
884
226
17
702
881
98
205
257
420
176
139
107
494
305
238
208
927
810
554
459
454
185
437
881
426
540
550
606
429
242
852
666
820
221
368
701
319
925
958
739
101
450
198
947
755
788
507
35
598
62
494
404
599
931
637
25
823
188
983
605
782
835
271
602
57
991
656
728
916
966
820
369
416
18
317
524
807
176
559
757
590
53
514
189
336
151
214
159
691
550
116
825
737
387
428
146
730
436
875
646
402
695
368
819
65
37
695
224
213
254
334
804
307
200
345
643
703
912
154
395
462
271
220
199
10
0
346
741
788
221
739
191
268
459
362
685
496
57
262
62
311
596
866
970
796
211
613
499
475
119
246
937
390
819
137
753
171
835
494
960
408
585
151
676
45
513
713
893
570
975
955
233
571
173
203
719
737
168
571
212
287
817
150
678
988
639
431
160
474
277
120
882
214
271
910
611
136
623
505
58
951
812
291
874
986
494
946
723
662
517
935
301
686
437
979
675
76
762
187
902
391
307
784
606
930
46
569
66
22
426
476
973
239
767
847
225
613
793
948
627
662
235
928
701
25
260
376
101
374
915
4
766
222
140
724
504
187
293
570
561
720
46
534
311
165
733
536
778
879
836
405
541
423
685
594
448
945
322
902
320
237
258
438
459
398
162
963
937
807
885
498
879
283
384
190
800
118
726
578
349
914
335
242
338
21
837
786
966
159
40
638
397
298
76
208
697
590
524
986
398
761
837
629
45
221
820
197
691
898
776
392
813
463
635
503
484
824
641
803
983
682
793
732
980
870
293
29
460
817
16
210
578
205
840
975
778
660
525
822
558
301
214
723
116
201
578
953
25
220
756
361
902
549
445
882
771
738
264
232
907
632
794
838
837
634
165
615
294
690
789
205
343
356
280
460
557
859
413
935
79
521
648
333
422
93
567
194
184
831
778
91
463
572
929
300
207
95
268
853
137
409
410
481
765
691
941
323
550
706
610
981
227
258
314
649
703
233
195
887
65
325
331
528
898
260
181
457
707
801
662
197
210
73
678
976
764
971
651
666
677
261
999
904
871
665
905
574
898
453
814
963
778
145
844
28
757
377
485
817
178
148
14
740
221
44
716
337
15
719
355
44
980
354
300
851
19
205
778
917
658
592
233
789
89
77
817
198
806
655
15
984
803
381
76
376
425
793
65
792
512
420
836
845
774
136
48
793
342
826
62
352
770
647
493
211
724
311
410
882
966
425
218
121
159
295
849
584
88
914
377
952
334
213
149
460
350
198
605
44
376
667
748
499
315
594
710
391
905
120
274
223
898
492
344
57
787
545
993
227
459
370
532
145
936
681
605
638
879
210
34
608
229
134
107
544
728
817
288
633
290
914
208
540
758
552
949
898
97
942
477
908
665
9
53
953
43
10
591
922
220
977
882
450
111
989
346
840
159
986
825
801
900
34
341
659
938
642
909
388
584
386
648
601
396
702
554
439
64
497
713
285
474
596
87
586
937
785
778
448
772
955
249
672
341
942
683
632
584
592
372
521
979
20
122
727
74
29
518
139
526
231
776
1
179
863
939
469
648
69
917
420
24
167
445
366
461
480
998
398
425
722
919
404
742
393
483
817
422
1
308
949
584
84
302
116
947
241
585
947
310
854
368
686
21
165
52
835
645
402
233
70
124
152
826
219
897
661
388
320
14
696
621
951
780
923
67
79
516
4
26
826
858
746
864
232
263
269
67
261
671
652
683
148
156
862
719
53
523
107
373
890
155
994
841
935
269
260
366
785
264
392
963
474
491
828
58
754
97
477
367
120
129
51
620
285
913
339
339
436
446
64
326
601
59
519
888
680
779
254
466
395
999
429
870
842
257
928
948
354
406
316
475
887
367
95
173
632
435
864
420
233
928
99
187
339
618
427
20
398
34
486
793
385
915
15
227
525
944
527
879
702
195
706
589
914
154
114
546
589
978
967
174
907
66
713
598
36
141
618
786
527
456
932
912
724
947
491
249
243
18
480
297
214
539
887
128
693
353
27
634
332
994
808
591
412
874
541
800
367
160
587
894
968
519
806
692
818
297
293
62
667
126
359
233
665
598
362
358
952
389
992
636
735
152
579
499
378
120
299
745
280
238
991
601
109
797
645
928
446
939
990
466
417
701
699
82
652
413
792
956
802
136
592
889
640
171
740
19
291
392
116
924
630
108
877
740
257
522
668
704
461
10
522
230
63
221
312
715
635
104
671
789
240
615
31
881
786
771
252
430
163
368
706
146
476
583
886
734
457
906
790
271
268
664
501
331
885
814
47
872
270
70
662
863
686
45
96
824
816
348
606
332
716
312
478
545
247
716
631
705
974
773
976
242
437
477
573
322
643
972
195
914
395
209
777
81
254
225
257
422
573
864
754
641
528
584
186
776
652
169
833
626
942
161
868
379
638
794
54
634
766
601
548
161
810
677
594
416
902
852
838
827
68
945
468
596
881
7
724
534
528
557
160
471
718
381
202
709
175
256
343
941
857
243
455
19
272
401
435
526
253
626
353
673
923
173
270
804
532
994
690
61
552
203
884
622
584
86
331
759
343
26
52
552
269
507
572
541
909
359
67
514
337
772
188
260
946
458
417
830
804
107
891
708
310
775
331
894
862
14
5
557
41
58
109
662
565
33
556
826
393
975
341
730
748
881
343
46
691
760
876
495
867
120
556
530
247
239
776
461
605
782
18
998
840
480
661
757
513
217
584
258
544
277
341
292
510
684
338
201
444
567
48
663
39
956
193
286
195
322
748
153
104
118
151
296
950
812
53
464
381
989
74
278
618
415
570
128
99
261
681
895
180
82
559
219
38
104
505
586
426
605
739
882
76
890
178
26
55
232
842
788
573
269
66
192
684
989
320
136
250
354
31
430
436
942
649
826
47
506
412
825
464
151
60
892
394
238
270
801
822
465
589
396
734
8
588
770
997
260
906
247
614
290
29
50
232
30
877
631
888
641
809
704
145
869
596
539
107
219
340
930
36
281
678
770
289
266
892
286
526
151
885
493
441
266
895
673
296
124
305
185
766
114
241
911
983
190
802
442
409
142
724
445
775
402
567
65
668
811
703
547
962
941
392
403
207
287
429
856
412
86
41
178
200
282
441
535
472
243
329
233
737
54
30
864
808
949
281
829
761
985
376
723
278
120
479
837
407
908
693
171
994
86
701
546
721
142
433
545
737
114
779
826
168
161
691
977
111
972
806
872
309
534
947
939
654
426
777
413
686
470
937
680
557
638
578
278
133
363
823
222
478
954
49
646
116
92
975
227
64
133
451
726
19
398
665
25
177
794
439
215
265
728
248
174
366
826
452
851
190
627
74
20
582
475
666
50
567
994
629
983
479
80
709
499
830
727
524
359
521
315
575
786
43
823
312
762
1
764
613
543
744
687
563
678
162
582
728
81
928
709
65
407
141
126
906
971
853
431
683
727
98
610
865
142
433
178
904
786
294
869
330
38
557
245
68
71
827
148
153
755
857
570
163
998
696
421
322
550
204
5
629
303
615
494
797
400
672
53
538
967
922
220
5
831
466
74
903
645
222
408
401
432
330
916
430
26
689
752
928
894
109
557
549
76
52
346
828
724
399
367
691
321
587
49
153
405
475
408
51
49
168
452
481
498
720
264
524
409
368
805
655
830
362
204
906
766
550
735
491
301
454
534
623
393
935
128
799
410
536
850
812
704
654
645
202
726
909
78
487
630
883
143
460
246
699
366
364
602
453
855
903
259
742
526
653
677
6
452
440
542
654
604
598
308
249
800
34
159
231
521
789
114
16
601
712
716
967
77
670
773
284
573
32
26
452
37
56
458
489
848
353
143
452
951
803
701
752
189
212
983
63
353
449
79
954
162
147
274
239
817
47
875
743
431
902
195
469
310
5
310
158
358
806
610
310
609
663
414
151
876
397
214
229
198
645
536
360
793
810
951
962
209
827
57
640
81
252
109
743
610
420
901
968
226
863
278
187
526
44
338
754
793
552
336
992
198
872
352
343
682
656
657
243
835
715
883
268
319
993
11
929
765
912
250
343
127
880
530
653
925
869
760
718
773
96
710
323
968
415
666
2
71
676
245
258
391
480
526
62
825
889
344
590
153
594
933
280
474
816
285
399
685
45
118
810
493
180
134
461
595
800
815
18
828
412
628
219
893
154
634
718
395
978
661
548
924
946
828
398
762
466
150
447
511
620
610
5
800
744
818
748
896
986
118
725
750
747
296
995
253
930
66
649
260
727
197
184
673
378
935
436
844
437
235
707
57
845
64
209
941
235
309
838
221
428
563
323
175
859
319
428
790
385
77
402
464
275
587
489
5
874
277
849
311
865
908
368
62
973
929
4
208
239
842
781
667
405
456
842
264
775
622
406
512
700
809
976
327
748
818
332
622
95
533
933
960
441
653
23
766
582
27
326
173
869
459
840
626
916
34
890
43
657
649
908
709
458
236
388
206
54
72
180
150
605
113
110
398
118
133
517
700
512
843
226
733
655
418
359
923
805
250
966
462
251
226
523
709
463
911
267
517
983
447
667
940
912
130
690
30
615
207
82
128
403
308
861
58
727
221
981
532
823
299
346
74
526
221
135
989
484
402
858
819
201
526
759
113
656
801
143
623
361
577
751
764
886
965
174
965
186
507
849
361
158
547
435
684
768
922
25
252
324
884
423
877
762
182
990
770
335
485
393
696
414
497
460
300
462
986
617
0
493
466
361
652
365
148
688
133
70
66
737
746
302
160
623
416
694
965
186
382
802
931
78
216
780
891
869
242
877
838
594
723
305
307
727
22
807
767
156
229
833
245
975
487
758
950
903
804
267
441
186
421
373
265
990
153
508
211
748
385
49
694
460
706
2
187
729
809
307
237
39
492
834
366
980
592
669
235
749
288
677
935
62
402
552
52
555
60
615
655
798
664
350
258
371
704
798
100
865
457
689
256
949
523
623
929
116
644
165
865
284
842
152
346
596
705
750
503
117
365
159
915
382
861
526
753
565
676
205
430
133
894
687
82
417
662
364
885
658
529
102
942
723
607
641
319
312
391
822
781
109
333
697
491
194
575
596
111
251
801
894
736
47
581
818
816
595
534
702
253
63
156
547
138
763
188
809
427
580
984
209
41
317
258
532
864
833
128
327
436
281
221
172
328
154
342
144
749
877
198
354
292
707
902
783
470
442
592
250
374
928
811
415
598
69
299
814
254
427
141
42
708
715
566
388
869
260
885
971
137
83
677
782
790
931
565
613
374
509
215
748
438
26
516
36
447
815
850
701
595
343
95
655
58
661
44
280
921
929
251
411
364
928
193
507
212
110
472
586
619
687
686
57
713
202
445
512
370
647
565
965
991
660
620
401
673
16
681
946
945
932
357
662
213
902
521
425
12
993
363
984
32
49
393
97
604
839
609
974
838
174
291
829
186
911
231
859
928
264
805
225
197
515
239
762
769
760
539
134
105
902
118
137
951
511
586
907
702
195
233
541
369
524
722
907
436
953
766
716
570
924
293
767
791
533
881
560
645
420
46
751
322
164
240
625
28
827
533
730
374
118
271
96
643
994
3
431
299
770
147
869
46
792
988
837
325
221
749
323
641
796
426
315
312
666
941
340
845
826
423
220
944
46
316
587
392
319
370
44
441
869
265
487
662
606
676
339
827
426
662
469
574
88
136
886
755
77
579
952
255
354
172
552
400
840
491
145
160
862
189
953
731
454
441
393
60
117
733
240
895
395
61
469
836
197
708
943
627
639
895
882
993
420
786
745
260
278
890
772
140
431
726
871
886
519
617
298
988
350
538
884
97
599
705
933
149
765
876
776
404
124
10
749
544
797
847
804
75
89
929
567
521
7
438
759
526
407
57
514
109
948
750
207
899
456
492
48
573
721
176
978
197
187
79
741
984
926
897
411
16
826
978
889
833
768
648
711
176
57
578
637
357
328
196
257
136
689
657
710
762
834
40
959
373
471
52
709
398
949
120
766
128
450
7
313
218
7
25
746
64
955
736
422
635
932
31
772
973
40
834
735
874
226
46
599
697
98
308
447
48
428
565
528
230
572
841
801
579
218
899
996
173
635
770
809
568
153
933
541
193
119
629
420
345
675
19
394
774
328
842
174
108
759
54
339
332
895
140
263
466
39
611
991
675
381
800
595
534
85
488
728
204
117
148
901
793
167
648
919
847
842
445
956
601
499
295
285
746
787
901
212
178
512
556
205
894
708
800
780
794
289
508
350
758
8
604
903
528
252
822
375
94
619
683
47
470
978
333
217
117
234
781
296
746
689
501
992
398
654
773
192
295
633
894
53
994
498
957
522
102
131
249
548
751
933
596
573
263
281
142
381
515
276
677
613
965
530
958
363
184
83
907
479
716
802
885
62
652
842
584
755
973
834
655
76
767
251
650
382
532
144
763
399
420
792
365
386
323
323
101
859
758
9
691
826
811
576
889
463
770
825
570
743
659
226
172
778
829
174
161
714
318
276
113
739
69
830
477
744
505
578
955
263
587
998
442
750
574
331
566
696
156
136
792
168
714
964
298
896
490
811
610
808
88
75
899
509
258
728
605
763
307
560
379
246
559
821
997
485
504
563
182
12
51
974
532
118
290
831
366
780
994
328
940
434
403
840
943
13
568
548
777
227
461
508
474
20
681
823
857
185
386
39
197
789
365
730
259
7
913
625
787
907
953
80
694
709
920
637
722
840
538
851
68
351
359
542
723
40
365
580
577
103
972
127
244
689
857
856
697
122
481
836
29
787
916
723
848
836
713
922
677
603
774
97
954
485
639
677
878
356
609
455
811
581
582
407
271
791
263
968
913
97
804
295
236
73
370
84
909
83
6
938
38
132
35
992
618
26
21
848
734
631
303
897
212
238
305
835
381
568
803
295
17
960
942
253
33
312
337
294
396
344
585
786
476
972
131
446
351
152
294
85
135
950
983
700
540
640
535
921
560
691
568
578
651
510
831
36
823
169
682
571
865
267
357
693
240
840
492
591
993
786
28
480
88
363
180
628
3
68
550
564
759
470
494
762
333
325
150
156
846
832
79
711
100
788
757
692
629
249
635
974
387
663
806
476
379
339
104
382
407
6
298
518
829
792
280
162
470
782
318
316
614
749
380
714
537
137
406
518
738
41
844
125
57
651
601
436
990
58
170
397
64
821
267
893
965
899
55
435
681
725
104
295
826
484
10
716
973
768
234
711
162
79
188
571
82
790
7
72
200
177
821
616
350
88
862
316
987
917
751
668
995
855
963
821
691
325
889
16
446
124
727
608
555
268
179
637
410
538
709
610
67
530
226
418
970
88
734
957
358
837
625
705
693
940
878
736
266
768
753
712
892
832
672
799
100
203
436
862
741
497
472
808
379
51
226
349
491
312
658
849
150
283
906
195
575
785
931
841
553
36
905
797
869
577
948
321
780
384
536
873
233
8
682
612
411
260
313
903
573
971
752
723
606
659
918
181
796
201
23
701
238
280
498
459
210
798
132
990
534
668
216
767
29
898
731
792
510
44
695
83
15
800
158
621
811
428
154
607
630
177
308
220
810
158
31
20
956
515
362
842
184
578
609
565
476
340
357
339
736
405
422
751
205
581
724
16
361
878
975
991
408
635
563
218
145
594
590
453
110
952
295
646
531
904
563
359
596
272
698
332
677
121
435
234
54
511
602
767
389
577
759
149
564
322
719
709
269
309
514
379
262
809
25
793
65
940
504
13
212
203
345
890
676
780
124
82
643
79
849
385
656
960
534
573
283
606
634
552
915
149
283
529
958
660
674
376
600
179
389
812
382
87
54
410
219
531
492
863
610
693
248
618
654
782
191
937
388
826
841
656
975
476
537
285
136
212
13
736
743
403
900
477
490
955
887
709
838
731
572
448
424
172
66
78
955
610
367
695
436
208
703
763
684
241
400
820
805
414
908
548
169
809
25
11
116
912
72
954
995
645
754
419
169
820
498
124
430
865
172
218
426
227
333
110
820
86
283
625
500
543
173
21
704
550
32
820
814
104
126
809
101
880
229
271
53
727
747
835
944
271
406
370
499
739
481
319
825
116
297
677
11
470
50
716
373
434
888
187
891
15
997
344
247
226
615
300
305
715
488
249
338
894
620
189
985
453
861
163
921
158
840
932
980
243
648
353
677
537
541
568
904
890
913
503
468
880
804
773
947
292
374
286
538
994
827
523
799
688
686
720
846
879
653
827
122
653
180
151
542
73
72
446
963
337
950
783
569
106
556
517
750
931
155
288
277
982
163
429
671
850
149
869
81
154
696
203
160
229
706
702
654
778
149
970
115
451
753
685
909
310
554
659
593
61
299
222
43
814
651
66
664
153
936
745
307
984
300
467
213
7
522
868
137
671
838
605
474
943
290
383
253
196
394
198
257
45
421
652
859
424
719
876
577
7
973
237
991
626
56
557
633
578
777
122
601
967
727
427
910
369
810
516
565
556
714
174
953
487
827
165
912
898
41
841
905
366
78
248
992
487
805
625
65
582
100
19
549
827
446
812
197
609
328
114
165
42
289
471
882
116
636
794
366
677
987
623
395
418
871
388
905
29
365
322
963
465
693
865
293
140
677
842
749
5
956
266
399
245
737
281
713
725
427
431
754
415
54
150
185
278
538
90
307
903
764
622
369
458
487
662
950
516
504
699
521
812
317
273
58
407
554
123
132
982
555
239
749
609
389
934
239
927
376
898
182
492
521
551
950
360
565
900
877
421
951
750
234
621
23
644
380
930
119
864
264
674
103
13
636
492
299
875
771
27
774
954
519
295
857
822
7
775
74
884
548
378
987
134
999
362
778
731
292
898
595
556
924
699
921
560
543
572
436
315
599
562
621
119
857
830
293
216
605
367
453
506
745
440
640
96
802
771
827
447
21
423
3
945
474
277
858
17
849
646
332
801
208
305
272
417
136
565
633
93
932
86
951
30
526
592
478
681
715
658
480
736
81
835
33
555
112
891
924
314
537
609
115
745
914
387
162
402
952
148
848
236
234
799
618
113
743
97
146
458
755
626
546
188
461
580
95
926
823
19
240
361
980
355
458
895
94
973
649
398
121
497
634
707
649
605
820
392
702
318
203
809
944
749
349
758
329
796
684
153
167
924
866
148
631
324
43
725
649
692
475
122
542
109
830
543
714
2
935
768
321
138
929
265
888
630
23
569
426
59
722
594
983
588
742
966
265
137
43
266
829
518
389
723
628
571
266
694
573
554
815
894
44
96
512
284
727
887
854
153
947
928
99
282
869
841
249
134
978
292
752
160
811
141
883
791
712
502
837
638
408
4
532
452
101
396
737
180
284
591
685
583
519
785
865
388
626
114
874
605
759
627
117
570
120
352
713
833
854
902
823
262
907
355
67
360
104
804
540
740
395
225
323
266
10
188
655
989
303
881
594
414
508
711
984
981
415
49
814
270
951
637
884
858
344
951
218
800
755
110
540
502
336
863
121
698
52
776
687
707
9
633
121
870
696
457
851
112
858
17
734
809
6
618
20
350
922
590
503
29
701
43
884
37
907
5
87
311
133
775
370
142
408
843
12
105
652
863
217
510
880
951
319
238
921
691
589
843
282
92
225
983
487
109
372
394
114
459
57
247
234
779
741
995
622
754
452
626
969
669
136
202
972
808
440
245
499
381
441
781
825
666
116
313
127
488
59
241
948
469
840
534
248
581
881
223
687
333
849
9
354
986
211
326
146
3
924
997
737
365
131
562
31
247
875
158
736
287
751
36
756
591
922
4
524
804
227
212
489
429
221
844
415
784
522
913
139
446
910
876
811
41
439
194
289
666
704
377
953
807
765
61
398
687
66
275
843
645
839
333
74
412
529
841
196
51
754
335
498
17
212
661
410
3
856
51
669
912
780
975
720
545
36
470
585
454
745
780
100
936
465
526
348
994
368
544
46
474
232
896
843
796
557
254
799
765
657
468
678
438
443
750
983
832
220
920
286
318
701
386
254
166
265
955
161
633
499
559
459
83
455
655
879
364
909
678
130
918
147
160
356
942
910
692
774
482
612
61
152
313
799
759
832
64
714
345
49
565
904
861
649
711
516
528
75
777
207
557
695
706
717
404
0
979
96
127
814
708
540
966
374
339
77
558
756
791
903
157
357
159
370
358
870
886
886
297
15
445
855
63
503
572
467
504
904
915
631
718
975
171
36
701
862
114
259
618
257
514
128
966
673
498
324
895
737
211
193
104
8
48
167
512
972
986
16
876
901
999
594
229
170
983
930
32
97
542
3
354
56
483
321
82
981
997
977
70
208
170
175
569
570
342
81
543
681
449
419
934
448
366
163
618
349
446
2
798
988
357
504
44
840
825
126
174
823
456
244
383
626
419
304
549
114
385
92
795
834
863
81
634
229
597
252
930
43
607
728
31
964
233
427
157
410
906
331
585
362
575
321
340
995
625
889
461
363
333
256
549
197
689
184
778
286
788
709
329
747
789
712
712
374
492
221
137
398
552
74
112
127
747
804
474
725
46
935
88
731
543
989
928
233
525
707
519
314
768
201
61
909
265
125
284
757
346
773
507
250
847
971
730
595
128
204
320
174
140
760
905
35
101
186
620
627
245
140
941
365
693
354
274
958
832
558
68
530
331
575
781
531
899
511
478
27
67
150
201
559
910
458
595
363
996
215
990
241
707
283
606
752
990
881
63
822
791
131
704
475
58
837
358
957
700
836
984
768
986
537
679
248
348
626
611
696
194
954
938
253
237
896
6
227
129
421
401
273
552
458
100
962
295
458
272
348
646
608
468
632
498
147
232
846
774
843
542
968
149
832
221
387
81
579
966
562
0
720
835
904
178
935
219
825
745
491
525
391
99
993
375
949
141
607
795
267
803
690
587
952
874
160
339
307
92
658
870
92
730
705
349
908
993
568
85
90
411
611
482
862
956
857
812
97
817
959
716
620
1
655
572
876
168
264
183
260
922
405
704
652
463
53
912
456
973
349
898
384
312
732
599
269
942
411
718
759
370
435
379
372
442
951
600
610
567
135
222
841
541
927
845
4
332
757
812
306
459
62
42
771
795
641
40
737
404
111
496
775
898
227
499
340
530
451
303
98
586
525
939
479
452
785
835
137
894
647
795
353
710
189
477
857
183
869
594
587
980
442
714
878
669
213
571
199
664
874
297
603
399
237
82
204
374
918
693
268
917
488
974
979
677
451
836
860
672
782
800
653
224
514
883
893
728
454
93
744
680
742
347
80
979
782
636
705
52
681
326
969
169
300
949
198
103
137
411
127
920
211
780
144
77
16
390
805
470
483
902
151
225
601
583
557
383
571
262
435
252
940
757
773
592
58
323
47
195
86
175
467
649
307
964
727
323
354
884
146
837
786
649
414
388
584
971
123
155
586
911
759
878
668
532
471
726
207
518
273
294
693
741
943
1
705
670
676
411
555
822
248
693
823
14
433
407
986
557
562
924
820
673
802
488
205
625
214
765
144
839
59
189
580
2
542
637
25
219
48
580
393
648
625
217
663
59
624
1
968
539
277
788
212
431
628
770
57
194
535
201
33
594
742
966
948
285
955
325
856
4
257
249
4
883
818
19
294
443
372
262
334
649
402
546
81
30
316
138
224
203
691
257
149
433
575
450
70
531
775
926
535
33
176
891
916
346
911
210
141
283
824
475
285
226
22
366
256
690
856
832
894
899
89
395
684
665
845
755
548
621
681
435
654
209
326
570
556
589
132
697
225
956
173
510
182
547
228
790
237
84
622
483
335
63
879
19
80
724
774
628
345
456
63
351
665
390
273
573
331
405
271
556
713
444
66
895
343
294
37
580
730
659
416
65
723
295
437
155
371
211
784
69
19
847
420
37
589
694
610
921
451
881
477
165
677
896
412
20
542
450
953
273
461
369
690
536
16
127
692
739
691
476
808
710
675
581
747
265
627
710
538
78
591
367
595
621
615
8
993
158
810
298
783
271
19
825
808
35
953
852
127
644
680
935
706
355
516
454
972
495
164
862
574
107
230
169
80
197
529
426
355
339
724
490
963
744
316
123
131
269
975
258
265
655
194
971
362
62
777
687
558
293
549
484
753
131
5
185
329
535
611
36
874
336
527
837
432
843
960
563
464
287
822
729
294
368
52
657
782
182
344
692
827
893
176
580
377
534
766
706
69
729
742
295
417
621
133
849
464
445
413
928
85
587
9
379
307
414
36
89
596
732
134
423
626
662
356
355
196
474
61
265
203
155
561
621
777
46
822
593
843
235
522
928
174
883
308
481
297
696
923
245
429
57
669
407
719
25
762
916
499
823
533
54
330
94
27
459
492
850
53
336
437
927
616
612
810
924
445
460
621
368
705
402
777
374
809
497
751
571
765
602
746
298
9
76
745
36
536
237
886
941
925
676
868
542
288
678
818
85
490
791
454
196
193
231
922
2
80
674
925
845
628
671
496
637
100
593
26
988
182
264
929
108
940
797
2
580
827
820
666
318
964
472
866
157
55
788
512
136
814
437
333
795
461
181
432
913
774
810
901
957
75
182
417
15
331
419
596
158
591
262
828
555
86
694
713
141
835
577
277
649
366
963
444
827
496
229
92
271
39
345
580
114
527
997
482
858
416
78
369
7
692
549
563
778
244
628
271
79
205
901
80
571
864
877
751
360
106
843
983
497
189
563
964
68
560
446
927
976
876
648
336
920
197
899
698
793
527
321
224
84
222
657
655
86
534
406
799
640
602
782
489
791
698
453
859
258
899
138
587
775
138
923
695
688
174
745
481
53
419
58
137
641
715
144
728
249
551
879
241
153
13
730
296
711
184
507
970
83
998
909
211
136
832
258
824
358
356
658
411
775
716
548
416
783
44
496
32
595
727
273
100
741
3
748
452
539
256
774
975
254
683
186
742
867
796
919
225
504
577
636
279
645
536
48
428
581
544
812
528
624
85
981
365
440
729
817
980
985
944
955
591
979
493
686
847
289
605
72
794
534
61
425
179
597
473
959
530
370
771
59
994
208
40
711
648
121
880
980
459
824
287
402
804
780
88
3
422
693
75
568
579
136
345
110
86
171
69
616
893
192
27
239
400
419
950
401
541
830
733
352
7
21
754
163
153
843
166
927
888
241
847
468
730
193
578
168
364
0
136
257
192
164
848
945
935
798
698
828
980
431
180
987
804
935
150
310
778
316
589
666
910
437
486
992
982
65
512
698
417
648
307
609
164
155
906
100
953
956
928
933
740
109
273
544
44
423
206
174
92
796
840
354
585
327
346
919
744
858
617
161
858
924
122
23
79
381
123
384
337
51
669
77
512
942
974
556
718
180
730
810
328
923
164
265
602
862
184
346
72
801
859
930
77
333
305
156
714
428
892
52
832
562
129
696
856
455
605
574
988
335
384
316
610
900
934
564
114
118
262
538
272
121
821
349
455
126
858
169
907
102
573
739
664
55
435
873
510
40
447
498
728
184
167
690
84
101
255
551
571
517
89
195
991
262
545
798
389
755
319
296
857
893
387
874
300
174
747
810
567
194
661
647
378
180
337
815
281
944
718
204
814
159
400
805
422
297
603
163
52
922
459
261
167
198
135
467
724
234
630
291
781
291
938
511
471
628
678
104
572
396
660
738
556
412
543
330
709
498
493
113
773
304
727
292
502
214
760
226
449
742
870
230
33
160
93
856
788
772
312
713
168
972
451
76
385
347
406
446
845
251
912
970
555
639
263
409
853
375
988
654
117
210
236
502
370
330
710
159
102
22
224
270
346
675
699
83
374
457
530
572
709
794
542
616
433
805
378
638
532
718
293
649
928
529
151
298
859
861
809
961
235
33
584
582
61
635
17
435
92
547
359
153
693
902
122
126
59
852
765
592
922
410
593
850
939
97
500
151
958
662
112
546
47
48
480
108
683
497
896
128
397
255
633
90
509
107
217
921
959
334
513
881
744
458
83
35
555
936
186
866
598
651
412
645
51
892
106
87
389
354
215
138
961
200
229
471
308
798
744
619
132
257
853
228
715
936
615
623
224
802
489
822
805
901
820
856
145
278
943
886
632
510
25
945
63
254
768
371
404
512
342
536
121
195
116
189
484
83
812
708
885
301
883
42
554
55
899
51
333
194
937
317
705
314
262
768
568
31
491
972
543
185
860
665
381
328
854
217
412
666
277
649
319
512
44
873
567
943
924
252
489
213
569
546
528
832
666
448
863
157
773
758
695
985
423
76
666
629
645
430
647
274
79
966
787
123
191
706
418
467
959
260
681
880
806
561
712
473
361
927
982
134
686
677
472
461
105
138
443
750
568
90
377
999
57
164
475
600
222
893
68
181
505
101
62
312
14
126
785
375
406
119
862
92
797
334
905
902
824
348
5
392
439
734
391
848
898
218
800
472
464
868
654
969
321
68
281
335
546
418
63
952
538
925
396
335
611
302
589
435
2
946
827
793
680
570
993
930
789
794
403
253
14
409
574
336
829
856
23
727
274
438
680
164
363
76
851
974
730
441
409
85
739
588
878
772
511
872
54
300
666
457
905
32
218
831
720
399
687
744
127
314
182
807
478
898
235
330
224
318
123
634
403
214
574
281
986
85
505
41
385
523
850
642
556
69
474
276
820
513
372
947
179
907
106
658
805
342
340
381
660
815
15
63
29
590
696
368
675
202
409
413
725
611
407
633
32
233
910
853
747
634
800
278
541
907
936
698
601
628
80
613
443
447
676
825
389
724
193
417
278
954
830
356
565
589
989
598
823
251
451
922
886
603
200
779
510
489
830
463
469
910
76
265
709
104
90
99
829
635
516
107
589
698
463
154
639
805
752
462
56
555
736
942
159
289
722
21
130
904
485
599
814
561
216
875
666
306
326
495
941
194
954
882
892
770
37
532
575
141
346
983
49
435
926
208
76
0
229
206
904
66
157
70
628
374
297
294
32
624
141
326
818
447
208
63
569
597
595
144
739
293
128
788
728
406
348
156
758
929
362
662
996
520
84
976
246
381
270
278
5
763
604
176
562
813
239
132
410
186
628
501
479
108
641
560
866
341
716
624
271
431
638
619
303
722
595
549
104
217
179
461
980
784
637
894
949
228
26
711
414
7
565
246
115
558
806
982
900
874
606
171
305
245
790
960
319
385
509
423
954
41
237
934
177
226
180
478
455
207
189
869
214
106
115
681
665
273
663
565
148
622
88
805
219
878
118
538
615
979
314
569
20
903
855
197
129
35
675
584
594
217
806
160
675
273
842
340
547
857
257
47
479
345
204
50
223
322
589
190
302
255
759
322
158
966
872
287
2
899
224
948
116
30
109
792
303
303
484
202
160
742
249
992
87
806
42
663
128
631
853
782
886
965
457
396
931
329
684
285
228
908
234
697
290
695
841
945
998
325
148
510
67
749
502
507
555
545
170
36
528
23
818
767
988
627
163
920
956
199
557
537
459
791
586
749
838
779
695
836
104
195
347
524
944
201
31
852
98
201
888
979
576
58
98
565
686
261
837
994
813
394
883
272
538
469
374
376
248
69
565
705
616
264
229
560
465
612
412
916
165
652
895
741
711
993
306
397
606
495
391
419
890
627
44
428
96
418
156
697
487
721
754
455
985
335
15
803
947
780
719
112
432
614
205
495
959
864
244
565
359
988
337
601
615
381
29
63
799
538
760
638
259
866
93
597
201
460
400
148
592
471
612
377
85
818
872
396
682
117
961
41
105
298
643
720
31
24
783
830
914
896
820
174
762
913
123
964
726
875
464
318
346
77
695
783
247
568
179
929
37
492
322
142
791
317
214
174
694
349
5
608
597
177
134
712
91
257
28
817
132
492
487
830
921
183
613
168
751
792
449
788
285
124
282
428
793
848
602
487
549
959
96
147
137
582
859
580
840
239
749
324
731
236
155
5
419
768
525
522
913
327
662
550
451
296
330
244
144
284
84
46
244
180
193
733
762
404
313
954
995
414
279
726
650
786
731
422
906
609
944
819
936
959
721
387
255
51
983
752
688
67
798
932
599
343
17
714
99
682
668
94
96
299
172
98
437
256
520
344
865
817
515
801
776
589
540
383
992
523
135
680
943
285
612
542
628
981
608
79
663
629
173
759
280
346
210
718
954
82
62
819
251
929
620
27
518
160
763
511
35
250
191
978
536
156
873
516
137
481
596
153
462
121
264
743
819
474
461
773
557
875
592
808
804
564
188
675
76
303
186
112
553
729
442
89
237
667
958
375
501
554
528
963
27
792
706
847
619
167
620
528
42
565
336
199
481
876
874
558
179
412
22
85
493
464
174
731
484
484
458
985
38
338
300
66
482
7
265
101
526
237
629
921
802
318
120
284
546
346
194
78
110
216
163
955
32
689
686
516
174
144
853
564
482
154
982
317
513
247
418
39
485
400
960
639
70
432
275
616
130
469
694
592
37
209
548
70
899
234
938
73
731
792
989
565
298
972
882
811
219
653
850
56
53
163
696
123
595
323
739
78
793
786
670
182
995
218
252
246
805
191
671
888
335
661
453
633
633
688
796
852
341
646
909
746
809
957
869
757
280
960
835
425
98
505
608
446
76
212
692
233
755
364
121
90
25
926
75
658
614
871
862
307
870
123
53
31
80
274
788
713
235
975
138
685
833
98
131
909
311
824
142
66
188
615
509
565
541
936
575
508
160
437
815
30
561
869
61
993
143
202
706
730
177
845
416
362
943
547
623
606
723
117
25
263
732
886
180
274
822
755
782
334
193
949
364
106
818
778
99
314
332
158
44
861
3
812
224
298
712
847
257
435
965
282
51
697
520
231
323
342
987
457
677
532
407
393
990
577
523
441
891
855
599
288
717
954
100
941
605
812
788
862
600
105
496
3
803
16
234
478
710
573
936
739
457
695
133
799
272
656
241
164
864
192
452
581
147
552
522
752
717
662
614
669
768
462
672
923
478
258
753
188
184
689
928
993
736
413
793
9
421
386
173
285
578
977
218
725
881
740
829
950
755
795
619
875
257
643
150
87
902
903
628
86
945
908
79
681
321
224
690
94
610
215
732
189
192
950
266
426
43
448
376
798
243
996
25
853
639
175
940
893
78
568
331
23
476
411
705
149
987
747
596
598
963
328
139
507
278
757
933
321
205
662
471
801
658
496
654
649
671
946
543
750
867
874
125
343
637
830
845
977
930
441
575
893
769
66
752
399
823
38
721
381
700
544
182
710
41
188
359
712
486
254
814
353
481
940
49
470
122
894
447
52
687
374
297
808
440
50
207
616
88
280
349
140
825
883
850
218
423
209
282
909
816
97
263
297
389
312
767
511
558
567
916
597
941
213
405
734
615
964
702
55
597
51
195
774
286
45
992
709
607
274
618
423
723
233
720
112
897
839
976
807
406
892
404
348
457
161
434
425
126
136
480
723
539
676
849
825
721
841
534
680
115
504
103
191
738
175
303
635
15
279
443
773
523
199
473
333
361
907
758
487
395
238
562
934
914
411
759
988
604
645
20
71
150
124
262
240
651
566
875
18
197
670
792
73
870
617
406
583
525
164
422
920
402
984
207
669
747
966
9
351
612
29
774
114
505
37
354
157
955
581
175
152
252
319
577
474
937
983
57
814
499
479
86
902
815
293
923
914
260
284
617
224
665
391
690
523
780
44
680
735
625
207
240
229
527
817
55
816
801
464
630
300
295
716
554
110
10
829
376
622
465
993
198
483
737
888
6
517
284
38
253
261
245
845
843
124
662
898
292
815
363
922
468
10
639
374
121
1
556
849
975
21
195
173
504
932
413
862
449
49
900
54
310
498
899
153
974
914
404
267
729
767
541
549
129
180
924
250
533
480
452
860
853
647
385
358
579
798
572
380
847
825
787
510
323
38
663
649
952
67
916
34
186
810
583
316
990
507
918
876
339
370
736
193
369
122
903
948
272
475
681
472
300
468
982
975
506
997
625
811
417
893
845
603
703
780
271
46
640
542
274
979
264
362
172
634
836
75
582
109
903
615
581
203
435
915
531
294
912
508
105
329
401
302
285
457
82
908
855
722
450
481
54
715
843
226
349
680
654
283
141
557
899
722
112
686
989
643
980
253
151
85
583
905
739
220
714
822
128
921
896
579
402
950
646
245
529
995
277
183
630
418
92
881
492
204
568
481
200
548
735
703
986
670
608
725
242
674
899
722
595
148
653
349
98
299
947
979
646
224
162
277
643
254
158
487
811
726
969
11
275
56
714
261
78
675
338
320
349
238
42
297
386
696
646
836
347
945
816
994
170
978
271
165
585
429
652
396
508
973
759
135
381
473
396
459
500
86
131
202
324
526
499
62
222
497
899
921
443
715
915
965
45
186
130
982
968
134
730
476
108
489
611
489
315
359
301
815
445
432
369
122
958
220
184
532
70
435
454
513
150
721
830
548
908
312
530
228
446
613
704
906
102
667
396
769
378
49
937
175
833
306
297
792
527
834
676
597
269
482
462
772
204
292
320
464
604
202
692
402
815
748
309
270
767
57
39
497
106
976
672
939
635
970
83
162
804
112
111
425
946
573
197
150
217
869
966
821
72
10
223
239
110
884
861
877
941
253
374
399
229
399
339
216
369
774
378
525
886
489
302
833
414
500
335
631
369
654
804
793
664
380
33
127
264
894
356
206
147
83
605
729
482
296
945
203
423
676
80
661
517
382
846
932
882
534
915
604
188
720
397
204
100
782
331
716
677
688
274
176
771
880
257
253
528
555
456
303
583
888
965
100
270
811
384
153
345
300
109
533
372
506
738
472
289
421
188
318
109
463
846
880
695
456
485
575
11
293
879
946
181
196
398
452
7
135
957
353
435
66
238
159
924
328
631
213
750
171
883
211
986
730
444
33
186
929
961
549
223
192
495
756
388
245
560
395
380
517
100
167
935
691
326
212
19
309
425
121
833
309
333
171
391
777
557
577
706
870
478
281
62
325
390
802
570
950
549
951
820
650
470
107
341
797
319
712
458
745
834
291
406
167
463
797
944
372
726
2
242
204
636
656
529
26
458
451
328
7
754
148
9
225
256
702
374
927
415
832
672
601
124
430
768
939
227
64
311
305
418
905
509
406
561
390
784
19
842
113
378
596
613
388
821
221
90
195
149
857
28
173
458
504
604
578
795
183
642
458
489
413
363
998
819
924
741
604
295
583
69
673
179
682
413
353
904
856
900
53
65
280
226
524
784
182
102
931
366
97
389
855
510
752
205
681
28
946
285
323
881
354
349
413
389
114
766
293
322
18
698
388
299
924
264
435
107
366
367
825
815
756
680
677
509
237
359
889
184
996
213
65
703
914
830
92
380
596
737
703
967
435
91
266
711
355
53
170
73
420
995
241
529
27
918
390
265
629
279
801
978
844
218
681
110
49
125
491
997
862
194
964
649
637
230
360
344
636
883
417
56
878
10
937
906
929
327
523
910
607
324
240
803
894
921
914
943
398
405
293
612
951
257
261
588
840
974
284
476
857
53
884
735
64
822
993
345
149
868
255
108
544
496
912
439
769
178
734
520
583
27
132
886
285
394
826
477
368
110
953
225
163
189
312
227
11
658
572
513
526
180
973
71
28
237
862
149
415
596
669
350
976
802
236
261
548
414
90
268
524
43
845
40
584
157
619
596
167
544
461
694
724
434
117
104
672
979
253
439
927
923
790
903
77
378
516
977
793
606
245
669
1
90
709
586
599
329
534
767
873
995
813
949
781
930
53
805
261
658
245
188
581
35
444
10
765
960
987
558
919
232
580
920
674
289
506
274
970
40
393
195
387
206
144
169
488
549
974
101
208
219
641
141
606
85
152
372
398
491
282
317
76
862
237
750
504
744
376
474
136
769
670
524
327
166
45
815
716
19
268
276
591
910
417
197
995
921
921
393
765
556
710
841
418
300
591
922
396
320
749
532
89
771
408
769
937
453
936
5
825
205
281
768
115
51
317
110
324
239
856
89
147
918
930
565
218
874
840
614
194
589
147
635
360
907
404
649
713
341
655
890
898
288
658
13
691
975
475
368
566
331
809
713
250
92
631
468
318
823
83
512
764
582
499
476
841
256
125
554
949
132
796
847
773
454
860
816
782
335
184
700
19
346
766
269
438
397
89
756
220
524
620
336
458
119
812
300
727
937
206
676
422
3
523
195
809
735
11
943
423
548
644
442
246
410
63
684
159
504
792
731
29
412
67
487
883
879
139
611
816
698
287
238
701
163
785
862
250
149
806
673
49
450
115
295
212
530
331
371
35
123
102
416
535
169
903
770
48
395
381
216
93
21
807
146
184
592
360
434
93
166
460
142
968
927
789
180
458
120
551
493
243
653
909
130
822
164
901
222
911
634
439
356
655
246
854
191
190
215
978
284
381
438
426
702
717
568
882
175
688
434
20
932
439
281
414
614
798
315
188
709
302
627
418
957
225
272
501
416
487
479
52
221
269
830
923
986
398
157
514
87
943
534
371
383
816
785
349
966
453
537
675
755
517
445
64
742
718
565
510
205
396
562
778
665
393
53
4
791
211
518
230
154
404
601
889
572
739
238
538
192
128
566
947
645
11
363
387
81
929
250
639
325
812
417
343
205
471
699
349
682
569
579
188
973
181
78
898
920
668
436
464
796
354
763
793
718
126
181
799
55
783
438
733
595
208
428
153
679
127
502
713
48
81
253
373
262
331
271
534
352
60
998
148
766
761
942
484
888
475
284
295
258
74
380
205
282
808
358
961
287
860
26
335
942
280
709
556
963
332
443
315
392
441
816
159
555
110
995
795
937
279
442
195
354
823
752
988
983
111
950
271
971
328
958
265
608
19
174
924
352
617
239
96
410
55
607
317
517
603
112
454
234
907
649
940
730
402
929
65
865
231
688
836
559
647
102
520
18
628
444
722
245
35
819
655
443
778
973
960
381
437
415
968
344
416
908
426
170
837
492
35
68
532
224
628
531
678
500
550
306
944
272
551
979
443
558
422
574
883
383
307
321
150
275
17
566
184
444
737
373
288
124
442
820
348
422
352
26
274
902
332
218
526
235
549
322
794
324
248
677
59
555
998
209
183
16
775
719
812
864
92
100
989
886
920
689
660
624
716
934
878
400
504
757
636
54
79
430
378
679
107
437
234
458
646
417
826
773
136
638
638
581
90
979
467
362
668
480
987
736
414
865
137
919
622
773
973
53
203
703
732
662
140
319
472
138
88
650
911
577
640
901
158
730
232
977
445
253
457
432
989
872
649
126
143
624
899
468
677
454
171
762
469
663
433
941
801
521
592
64
98
584
318
608
315
550
586
760
803
43
544
793
267
193
919
762
817
171
230
847
625
401
961
94
416
746
388
217
619
332
634
718
916
952
678
583
502
264
695
658
660
239
803
279
785
74
42
954
245
624
153
223
378
466
317
794
212
57
364
832
389
998
902
658
950
580
241
804
197
937
814
209
528
617
840
665
692
234
620
937
859
773
160
589
240
830
383
804
239
747
636
629
97
538
287
47
471
880
204
20
169
18
229
698
988
421
363
680
656
335
969
867
461
482
456
53
664
839
857
903
939
494
532
36
384
171
436
207
404
992
227
573
10
456
623
998
878
339
30
886
26
0
753
487
834
209
540
498
400
398
401
691
244
286
728
980
809
516
188
213
508
415
139
870
224
114
221
454
453
251
340
832
603
93
319
437
654
212
935
406
610
337
98
206
623
178
186
432
694
374
998
554
142
137
424
366
251
997
820
57
249
512
241
204
957
560
642
963
772
929
369
734
266
819
940
241
997
479
26
43
205
376
949
347
513
726
65
116
723
885
525
324
749
766
529
706
679
523
669
803
452
391
538
719
210
830
312
208
309
690
603
867
66
553
214
931
279
280
48
2
517
925
327
619
44
208
325
723
731
347
526
183
738
416
254
948
247
567
508
908
257
112
775
324
665
342
255
944
974
655
298
843
933
625
462
977
833
140
52
564
487
930
100
577
347
354
525
594
921
34
854
531
498
630
207
163
972
814
459
946
822
757
141
755
735
604
84
568
744
136
485
231
66
585
160
765
291
685
711
213
71
566
96
569
196
303
84
520
469
543
818
291
301
959
398
388
915
482
956
659
970
793
242
389
730
402
154
22
440
866
587
511
432
35
433
980
690
517
852
159
413
22
803
66
981
201
454
249
684
762
908
6
908
503
395
638
905
550
12
697
416
951
209
200
338
994
532
28
863
384
540
276
406
343
342
739
544
148
988
580
911
249
939
819
752
334
809
9
884
174
707
652
125
268
204
464
262
736
844
125
120
384
402
878
727
96
618
624
245
958
556
508
207
495
327
311
182
136
673
66
662
380
71
788
648
275
604
262
364
448
739
484
185
493
363
912
590
333
888
187
643
797
695
203
292
22
514
474
510
187
893
173
919
316
313
919
943
269
181
307
69
273
144
254
766
859
167
356
192
407
895
187
204
590
390
849
964
905
675
827
444
920
352
364
588
17
635
532
286
169
191
355
442
335
610
208
194
129
917
738
888
812
926
93
755
668
294
71
573
969
250
370
242
602
86
830
971
721
714
257
890
906
965
684
241
575
893
788
56
810
878
944
974
156
389
81
825
35
153
750
5
755
120
599
710
558
429
681
280
496
939
522
402
256
207
995
831
452
135
239
614
14
535
588
170
925
22
347
312
175
98
317
282
218
268
992
777
50
674
409
546
965
283
948
221
842
943
404
294
431
643
260
445
530
849
967
807
871
315
120
398
413
789
680
983
58
673
112
108
699
873
654
664
157
954
885
351
249
641
998
680
636
258
125
166
459
445
974
682
760
94
80
525
235
113
508
293
138
973
401
837
846
407
853
355
361
90
707
611
731
57
291
719
315
769
885
775
214
211
457
326
657
890
851
893
355
711
186
493
684
940
682
883
699
887
238
61
977
297
24
60
354
667
779
22
436
16
797
2
228
606
680
885
848
883
778
203
595
317
696
631
609
730
514
308
617
753
721
946
50
97
6
757
765
137
779
553
154
928
908
382
534
588
267
383
472
398
938
67
67
635
50
676
717
565
336
687
318
58
633
720
155
640
829
272
777
608
826
931
536
734
665
423
322
285
158
794
683
96
213
102
83
264
778
153
181
114
840
851
524
473
571
32
113
753
304
243
361
130
526
250
864
192
25
539
477
183
685
512
631
251
614
715
867
744
868
48
210
708
899
87
533
822
119
999
575
423
242
289
906
120
539
122
312
564
661
141
99
699
5
82
950
971
797
817
715
17
865
926
77
116
13
611
938
484
610
514
907
204
155
165
324
694
288
989
610
301
130
61
0
488
143
950
459
293
119
175
662
336
453
92
452
818
703
743
654
665
609
561
221
764
79
545
458
367
886
420
668
369
833
669
857
976
971
316
621
443
843
284
779
648
376
584
818
431
327
472
448
936
34
669
700
113
566
510
832
805
282
500
174
115
521
383
443
845
699
65
288
895
349
67
543
77
651
362
860
330
834
308
266
220
329
966
685
247
476
517
52
758
370
578
225
243
961
669
88
13
734
376
908
435
796
803
864
799
517
724
130
352
384
748
924
713
715
962
312
543
479
717
654
201
295
879
445
257
900
885
622
634
262
882
421
410
685
285
561
203
9
43
907
393
792
183
458
507
145
771
402
977
488
408
178
135
640
975
744
540
861
366
175
475
248
948
885
286
234
798
489
243
842
748
989
634
931
447
493
77
570
895
406
410
304
584
546
296
560
642
836
421
9
363
248
609
312
133
895
546
931
736
141
125
484
130
759
768
930
252
197
852
500
603
615
156
539
513
452
99
155
288
872
516
652
472
126
964
605
373
862
889
110
3
366
946
134
126
66
416
730
263
268
230
218
883
386
758
396
190
209
904
831
434
420
483
906
546
799
864
920
661
105
382
664
471
328
150
597
395
918
680
10
539
910
229
774
649
339
523
839
548
427
670
334
847
505
241
746
656
457
18
317
914
400
334
385
728
836
335
475
107
15
486
646
277
67
420
926
758
943
118
306
722
140
993
570
998
586
668
654
43
686
324
957
86
10
694
166
846
381
642
953
396
480
951
26
899
372
952
657
667
422
315
390
915
308
312
913
894
332
567
289
18
243
598
104
253
293
622
452
674
264
757
423
96
709
449
995
433
753
652
100
176
968
842
443
628
506
356
523
838
275
164
208
519
763
664
124
408
287
576
434
903
334
209
0
43
658
347
476
764
0
928
292
320
123
735
300
629
91
175
820
718
340
380
237
455
45
714
863
684
290
649
587
624
859
587
19
869
287
495
633
639
776
277
959
899
12
611
880
455
787
700
174
127
433
763
582
478
477
797
162
120
798
749
744
9
689
764
879
976
611
864
967
387
142
926
286
154
537
519
962
676
571
488
803
4
251
737
482
81
886
996
201
685
98
297
694
139
61
925
115
25
790
434
412
284
360
51
438
249
922
752
926
493
240
81
498
844
819
332
925
57
329
478
94
427
775
789
566
837
66
33
214
856
467
626
140
179
29
931
780
951
35
58
797
276
140
295
120
311
627
397
720
308
875
815
87
650
956
653
839
22
38
53
231
857
32
723
388
413
6
169
717
42
579
514
318
71
809
790
382
788
187
455
97
62
270
184
712
226
190
552
600
580
605
831
790
989
555
178
403
561
699
120
955
279
634
273
702
795
63
437
583
250
892
32
664
162
569
377
740
111
281
340
43
238
172
833
228
79
364
631
992
63
103
948
694
737
573
397
532
637
834
467
239
78
500
904
240
421
633
980
532
914
672
575
504
844
761
732
275
125
715
268
540
818
216
587
555
141
336
439
778
522
907
370
600
759
626
840
180
611
172
64
877
844
991
381
41
752
466
316
229
181
936
122
0
504
709
907
646
45
699
424
567
606
146
167
717
124
359
249
735
531
665
612
727
656
346
768
761
812
437
342
993
373
464
345
878
173
605
524
570
304
300
137
262
799
656
979
923
367
580
11
250
245
975
978
253
321
98
366
485
535
61
831
261
525
528
139
51
133
15
621
437
667
111
699
466
119
30
742
487
962
753
737
559
80
67
165
754
166
883
239
53
944
422
314
470
951
805
873
84
172
494
874
840
957
925
658
77
956
400
564
270
505
653
830
938
721
347
692
887
230
283
292
175
706
607
997
657
764
870
741
937
716
967
129
674
893
787
103
201
540
667
471
397
320
653
335
393
0
379
632
231
663
925
758
721
532
755
378
648
625
471
585
693
439
714
367
332
854
470
885
394
489
356
143
162
362
831
555
362
210
188
945
225
465
703
946
349
810
676
997
787
500
935
481
291
649
200
975
855
23
860
601
864
568
745
26
930
928
934
293
138
474
590
716
939
646
14
288
456
43
285
596
543
220
429
186
222
629
513
77
4
373
31
869
941
128
895
872
56
181
517
546
655
459
262
594
105
629
234
914
672
872
510
567
92
939
105
666
920
618
96
925
991
127
146
284
255
41
508
311
575
377
857
230
837
472
177
942
101
763
208
125
635
718
44
728
9
149
746
282
767
842
559
110
969
705
746
576
98
255
887
673
632
97
256
469
921
433
764
374
548
972
851
184
43
895
912
404
44
10
686
163
853
597
273
822
302
19
751
401
626
990
426
259
87
682
80
360
467
844
734
16
169
585
200
212
832
464
616
876
474
655
391
327
252
16
502
907
36
253
308
14
243
86
625
683
769
706
395
236
902
482
252
71
419
804
635
252
268
252
480
743
259
872
422
511
888
276
770
276
529
78
291
125
165
916
160
286
974
555
522
877
37
127
300
457
283
936
61
552
540
541
647
799
413
69
662
654
346
433
930
227
863
573
704
380
842
864
666
816
772
541
45
809
20
346
618
303
634
679
207
174
221
854
325
986
276
987
640
974
772
923
553
988
496
258
368
338
122
387
507
894
280
552
56
652
250
26
307
884
706
515
410
279
721
735
617
997
75
258
323
199
533
877
187
29
135
908
720
609
295
579
504
927
483
912
579
734
938
886
970
996
753
733
275
475
820
893
824
895
503
148
95
36
25
634
417
512
542
489
121
837
420
625
116
904
889
695
990
828
934
312
176
39
45
452
514
866
697
339
113
552
839
560
940
216
195
709
728
737
551
849
927
971
827
43
875
716
91
217
896
377
530
73
416
927
877
283
793
926
974
907
478
813
819
770
29
14
479
109
104
30
958
383
2
785
426
229
854
869
799
750
598
329
175
367
256
52
650
402
330
624
661
808
789
480
578
170
495
410
279
951
440
589
334
794
375
112
376
581
982
175
331
932
504
859
299
112
263
949
514
594
925
175
402
66
656
333
236
503
743
867
454
535
457
788
330
184
900
706
765
234
881
448
167
737
307
818
849
571
120
364
517
45
539
919
112
547
604
700
50
699
920
856
235
729
644
565
913
897
623
30
131
504
478
650
241
138
469
442
61
941
806
578
986
698
849
450
245
806
503
648
505
423
504
740
152
149
657
417
46
280
447
529
136
277
532
729
767
353
172
180
294
330
758
632
28
960
83
274
766
938
922
623
713
426
364
865
927
373
634
325
6
433
207
494
62
739
224
182
92
748
362
386
78
473
18
107
433
453
733
551
743
7
174
456
785
890
673
713
264
307
390
622
92
597
116
155
336
692
337
780
440
699
166
519
524
537
978
309
342
63
860
86
70
387
542
855
629
216
920
245
875
311
867
968
908
984
123
597
676
812
377
469
863
896
340
388
785
318
697
127
381
910
565
803
649
460
658
278
28
931
524
903
242
743
223
502
727
698
99
756
510
829
225
726
725
917
114
510
235
163
989
968
425
555
123
426
15
781
705
43
64
581
298
658
324
522
161
404
220
612
512
83
441
89
809
518
6
275
380
593
790
370
913
216
925
36
642
292
169
699
335
234
632
985
892
309
507
53
65
80
18
577
515
811
666
324
682
24
951
62
617
741
432
530
957
709
566
952
1
735
651
688
321
636
674
214
945
181
619
10
613
989
939
128
801
605
804
483
981
755
545
598
497
330
480
806
39
398
758
41
485
762
729
807
398
755
373
695
289
992
57
902
982
996
383
135
601
187
618
934
295
515
532
792
197
364
950
237
114
709
278
599
823
359
758
573
115
131
268
404
124
325
658
458
321
41
593
274
581
563
208
876
430
92
20
628
808
970
865
922
31
495
521
854
206
280
779
673
763
399
429
887
724
88
697
397
481
290
23
62
853
583
290
636
27
310
264
835
281
129
757
664
976
631
519
182
263
650
856
26
50
637
266
126
725
963
524
207
254
899
621
459
835
912
95
862
222
711
698
855
192
807
520
168
790
391
703
53
41
911
432
443
548
698
570
626
13
446
185
619
345
806
431
180
718
878
395
293
590
445
500
782
604
372
303
395
115
358
800
509
269
584
952
169
634
522
795
648
968
980
267
666
139
698
198
209
577
593
502
519
38
355
653
643
727
956
390
843
666
190
352
287
127
304
457
761
827
604
409
147
937
29
813
76
727
12
285
656
957
140
527
996
495
181
991
574
489
733
417
156
275
121
443
402
778
252
164
957
857
573
104
146
602
918
574
682
282
211
690
239
703
218
587
198
751
578
125
240
663
894
396
939
16
192
341
794
444
505
751
653
431
207
151
385
125
725
419
759
289
110
999
992
680
586
543
431
517
668
23
180
562
772
471
930
964
813
76
760
670
179
766
453
387
917
839
864
995
258
624
284
720
623
276
400
561
819
183
78
487
207
611
402
979
82
332
295
247
409
55
918
940
821
723
327
91
562
192
86
821
168
370
541
791
646
294
704
818
477
135
305
684
746
59
15
180
392
310
428
153
366
698
93
539
421
773
982
336
317
68
157
485
790
50
628
437
696
332
255
174
467
912
210
565
972
226
746
716
536
526
221
254
224
666
146
997
439
128
333
756
549
842
593
339
245
221
776
941
906
383
467
373
648
678
939
972
904
685
688
792
563
909
399
139
927
545
136
367
25
822
475
574
16
69
914
613
642
42
555
548
778
374
274
426
52
213
398
308
250
438
453
813
699
852
952
626
397
440
345
774
262
173
349
631
242
263
244
236
657
151
137
435
526
411
861
930
624
611
239
226
401
692
391
452
544
343
431
293
135
776
419
750
949
768
381
543
383
977
132
41
129
269
828
655
680
690
937
656
653
176
882
407
220
273
859
116
968
290
761
103
419
181
205
720
949
586
264
685
564
396
78
45
17
906
52
697
948
989
353
602
166
587
361
738
212
572
855
180
863
968
635
634
149
841
354
451
779
970
136
695
366
214
740
383
472
792
432
421
782
785
375
300
724
736
38
936
308
245
468
523
214
104
157
715
297
864
166
76
834
654
772
553
220
864
936
693
657
721
114
791
858
489
91
583
577
481
519
237
79
988
761
645
444
270
360
741
134
879
169
321
533
293
874
106
158
162
799
167
883
265
958
742
106
49
325
683
882
196
920
961
536
33
958
980
304
319
73
790
550
243
111
83
888
337
189
46
500
340
565
383
605
523
477
711
924
154
394
807
351
667
120
239
700
79
220
356
750
293
499
300
888
962
735
777
300
925
175
152
265
741
887
223
616
365
934
541
519
681
700
222
348
820
462
400
251
34
109
1
679
608
301
568
570
37
697
222
314
224
374
931
317
262
154
934
979
441
827
850
122
527
73
822
347
887
574
599
273
683
952
952
291
254
872
214
643
569
788
309
146
515
240
463
777
747
749
108
188
928
958
662
455
383
484
155
270
410
106
543
94
58
848
737
664
720
951
659
642
92
968
788
607
209
603
736
308
705
844
496
633
802
158
89
186
994
596
808
404
702
704
850
112
552
588
129
272
891
788
914
983
109
54
942
670
658
678
978
715
522
474
348
677
984
789
863
330
385
23
86
439
727
937
552
279
525
33
552
768
821
818
752
282
873
694
952
883
725
930
598
599
756
298
276
740
88
491
422
825
515
509
265
242
446
169
522
323
202
426
91
375
244
195
658
469
242
962
704
967
893
302
566
649
601
195
742
41
686
516
866
201
25
483
444
823
4
966
498
206
744
942
934
340
137
944
810
731
906
866
50
151
169
969
153
122
164
247
515
850
763
381
52
141
217
848
316
221
166
815
780
910
757
66
250
246
10
412
330
268
279
380
420
800
349
573
274
513
820
789
716
935
522
768
76
91
616
393
313
782
560
93
44
669
511
646
915
521
59
597
141
690
978
561
842
679
486
116
545
658
257
613
594
131
381
22
575
349
415
888
483
975
333
879
644
844
525
912
717
936
509
858
626
839
772
468
871
610
936
768
269
545
381
215
29
114
237
604
815
653
844
298
980
529
529
977
725
54
889
794
991
750
4
969
942
776
790
813
739
78
581
8
624
962
575
5
428
812
961
243
817
805
893
798
686
422
775
411
828
16
557
819
766
561
141
60
338
931
873
429
9
806
437
985
120
12
990
548
176
951
791
994
108
36
144
146
458
919
909
287
287
466
458
53
28
599
466
718
530
339
147
892
498
936
877
970
300
220
871
476
523
14
822
984
51
966
130
509
237
40
148
524
858
607
930
886
206
396
956
89
87
455
981
937
391
210
908
691
782
779
520
306
145
342
642
196
309
772
706
546
164
854
423
23
813
353
261
20
749
570
461
188
25
794
126
769
4
34
460
139
165
332
797
310
675
439
859
984
563
917
882
728
123
305
103
937
658
716
957
759
286
770
948
664
564
426
433
920
812
245
59
329
578
856
991
605
295
850
589
859
767
823
939
891
129
394
828
139
110
137
251
749
907
551
765
823
977
198
743
141
795
155
470
725
363
461
330
11
312
919
870
431
95
161
322
576
555
502
715
17
639
318
118
898
869
883
73
198
433
169
339
229
324
161
954
687
623
285
698
287
556
920
718
651
433
41
579
340
543
295
358
535
965
828
785
187
712
211
737
145
380
77
726
704
590
681
743
213
318
794
500
226
66
219
878
500
612
457
840
507
104
550
42
422
731
180
609
443
391
346
940
771
775
19
827
366
52
570
931
370
716
784
596
783
3
826
283
967
636
475
474
92
378
869
866
109
49
475
904
792
174
196
563
301
215
742
19
619
664
303
341
381
87
290
164
442
116
799
409
104
626
883
549
356
752
415
465
153
243
721
945
769
270
508
422
837
250
442
457
915
745
798
648
184
88
812
626
557
963
35
13
589
270
562
946
375
330
763
528
925
837
474
694
107
334
116
296
937
910
753
204
7
904
852
191
992
16
169
901
979
556
915
920
827
829
218
554
511
334
82
436
171
908
482
630
243
599
926
532
861
32
736
869
936
588
412
280
956
582
534
935
490
449
207
317
630
778
223
142
112
306
930
635
214
413
617
809
12
895
341
225
927
429
446
215
17
859
848
973
793
382
260
283
183
820
953
165
598
176
307
710
834
238
697
401
3
314
210
367
209
904
592
489
333
39
56
703
250
904
28
43
638
641
326
821
461
631
987
411
808
646
473
642
236
170
43
239
836
606
606
45
862
199
886
195
590
943
250
840
199
279
883
838
272
561
11
85
193
350
496
353
997
969
347
233
139
391
825
975
349
431
372
211
982
611
758
924
554
361
764
105
992
999
943
264
561
307
349
106
657
845
459
654
166
806
240
305
549
65
632
250
848
356
813
183
967
924
107
873
285
224
979
277
223
274
893
136
581
242
242
239
439
53
245
605
212
485
262
761
902
894
364
103
602
177
638
570
101
745
443
386
969
422
15
545
697
908
681
630
150
276
869
941
329
115
546
893
952
160
7
207
54
371
310
9
548
300
579
2
45
22
740
367
797
756
264
494
664
945
124
167
573
346
108
255
813
7
148
765
167
155
324
574
526
986
583
427
286
162
429
684
536
169
403
333
925
667
827
942
964
304
109
538
2
569
793
815
576
941
932
744
449
257
670
975
243
253
754
530
767
183
214
303
705
617
637
982
636
816
924
600
472
385
490
474
955
283
289
883
577
574
979
26
831
649
353
426
254
460
956
21
995
522
677
700
491
314
35
127
482
311
80
955
697
570
429
4
206
71
239
135
645
219
161
828
220
866
254
827
326
563
848
674
85
877
374
929
191
761
408
26
73
488
981
122
411
762
478
617
185
717
752
182
288
265
10
861
483
265
688
162
180
536
836
265
766
562
546
309
324
955
335
397
795
668
871
206
783
349
175
320
418
927
503
59
544
865
920
380
482
608
542
662
496
378
280
262
292
826
572
616
781
907
365
929
928
236
135
711
937
663
31
708
590
886
767
487
752
687
867
234
295
761
897
143
139
177
406
783
355
978
400
489
237
117
418
165
354
905
228
643
568
612
351
511
498
118
998
250
805
217
837
452
978
86
596
469
615
354
252
970
684
4
459
921
122
229
439
828
135
19
471
703
631
823
214
482
293
212
732
451
781
921
903
759
359
851
580
974
205
833
297
889
837
108
163
959
338
954
787
473
973
611
176
957
786
391
439
79
955
523
530
89
797
786
848
156
989
429
131
195
614
780
436
451
888
951
763
226
905
902
51
231
865
228
188
651
971
979
83
278
502
613
367
299
751
568
456
741
997
939
288
963
719
724
766
959
676
881
538
933
136
589
164
1
817
704
653
140
35
736
419
538
701
138
189
805
706
997
546
55
288
834
370
359
910
137
319
938
18
857
224
154
798
740
156
968
445
161
108
832
249
879
370
302
370
912
107
76
261
653
484
550
839
854
909
102
991
580
40
362
789
616
516
588
357
24
556
154
537
16
986
786
896
709
89
266
621
196
694
882
202
530
784
393
385
46
495
728
978
888
90
768
504
959
708
861
983
616
367
521
632
354
659
880
63
100
498
36
649
193
918
851
723
703
596
460
101
92
189
79
332
631
199
836
590
907
50
574
523
417
447
508
123
106
388
186
207
239
222
856
432
493
59
507
548
655
320
649
99
509
728
431
140
928
620
731
187
22
657
63
439
456
571
915
914
311
101
121
550
676
329
334
169
740
194
717
396
514
718
847
23
446
631
515
726
251
598
266
273
607
329
64
63
252
979
978
915
433
451
466
109
133
152
278
873
346
347
621
860
65
821
235
863
452
103
942
703
53
208
328
661
889
744
76
141
76
406
56
509
210
874
618
343
27
248
568
373
595
190
586
12
11
173
875
463
276
817
518
330
377
198
343
266
942
419
407
18
178
816
879
388
690
497
731
717
97
651
443
44
841
29
56
204
202
284
19
831
101
889
161
479
87
856
745
382
275
505
400
805
321
280
193
11
129
276
81
579
928
524
623
121
905
32
678
459
316
697
290
417
939
803
248
378
659
346
760
287
851
513
92
524
145
286
887
626
562
968
205
842
844
829
964
749
213
642
561
529
691
851
298
630
7
547
361
666
245
121
953
96
986
398
972
131
36
859
110
950
828
315
793
24
496
109
774
709
751
335
238
794
538
537
777
545
436
138
564
681
611
869
129
598
267
101
81
303
960
191
254
140
507
399
517
355
508
291
65
611
978
655
405
868
544
182
766
980
672
330
13
284
199
142
882
467
595
963
122
556
155
728
48
14
479
565
369
987
208
786
598
538
442
356
759
986
890
525
319
563
855
332
847
406
827
81
225
422
44
348
330
551
428
731
565
908
296
935
247
857
73
198
747
515
554
858
854
444
383
525
359
590
209
206
997
36
287
574
459
684
922
789
235
703
520
801
611
169
88
210
378
513
408
477
29
962
336
235
759
71
112
118
662
321
677
11
710
964
585
169
648
860
310
236
563
183
389
526
704
829
736
82
342
145
559
723
459
247
958
218
319
422
689
981
96
366
344
806
682
281
327
683
141
637
919
56
172
308
934
876
137
23
310
479
520
222
203
979
469
513
550
140
288
239
473
384
957
817
190
639
99
869
322
592
858
241
1
31
901
935
259
38
310
570
870
830
144
425
162
613
290
712
754
578
303
227
314
260
397
504
251
848
725
574
440
584
815
441
615
69
729
874
459
39
796
329
222
940
106
384
906
397
448
12
327
103
591
642
363
988
498
614
188
224
540
629
808
708
422
775
777
503
1
236
895
150
918
117
90
376
853
348
773
653
360
453
756
304
95
471
644
945
85
833
169
978
814
329
686
588
104
815
92
458
51
339
608
321
808
698
698
661
399
823
666
111
276
422
415
723
893
60
669
330
893
838
308
59
520
346
647
624
161
91
434
213
430
42
534
590
93
584
603
492
408
269
603
684
691
371
408
584
431
77
915
676
267
575
735
139
922
734
116
83
826
550
648
608
593
183
199
686
119
802
178
527
72
133
212
763
504
972
700
287
401
615
963
20
542
50
160
464
785
276
548
963
826
196
571
419
731
770
105
851
573
635
730
997
121
942
760
977
266
460
265
667
427
580
688
322
631
848
786
768
124
686
731
950
235
654
722
966
425
179
169
350
167
900
347
288
194
459
265
461
272
882
128
699
463
168
21
446
16
160
566
492
846
297
795
433
303
517
400
728
696
921
78
215
173
777
503
368
237
121
181
509
3
661
560
818
830
934
264
198
94
830
43
292
479
838
726
783
707
478
863
755
751
294
971
925
71
474
645
660
947
178
169
951
839
730
769
21
16
386
220
462
216
615
754
48
453
832
831
160
662
694
915
414
988
886
691
412
713
688
72
660
866
242
963
705
324
85
727
692
471
299
154
39
914
260
87
719
93
270
879
107
965
146
521
305
385
564
717
450
252
142
462
118
384
778
176
60
863
255
752
686
554
906
725
820
166
165
539
611
435
770
719
752
268
592
410
653
509
127
103
761
269
918
232
5
696
408
417
559
663
169
597
569
427
674
389
946
839
280
909
627
402
980
731
670
925
141
324
434
269
779
547
890
49
779
248
745
187
665
656
202
187
253
771
966
280
512
912
119
144
174
98
546
154
830
217
79
971
893
865
592
24
413
835
74
192
83
819
732
100
476
934
639
81
58
606
361
922
870
833
67
44
931
613
551
113
182
982
437
75
848
29
100
261
216
174
805
651
345
889
752
821
824
391
255
234
349
616
508
220
801
575
264
85
541
815
198
723
150
987
151
998
369
251
611
585
777
416
237
122
306
341
296
482
84
551
68
434
519
576
654
321
504
270
406
45
438
956
120
588
944
271
586
313
522
549
250
299
317
839
774
623
532
70
457
617
621
877
403
140
454
409
813
958
31
571
355
469
528
475
57
824
747
995
489
621
544
739
273
214
931
47
837
463
117
647
80
90
524
835
230
330
244
396
640
276
967
995
97
847
471
507
23
218
502
512
839
399
604
464
613
535
511
802
350
628
801
783
718
678
618
301
8
215
49
1
843
16
996
940
216
467
799
591
37
302
104
229
53
60
693
18
947
205
172
297
185
974
80
256
4
51
557
364
618
606
365
461
974
362
753
542
181
553
134
571
207
590
800
612
2
845
630
949
402
154
598
588
128
31
196
484
82
753
849
700
711
214
513
37
576
618
932
758
523
66
329
730
656
481
694
10
678
676
959
81
831
909
21
311
940
217
796
374
322
645
426
385
859
291
774
788
910
706
898
433
772
579
516
780
60
210
790
90
887
101
171
70
363
544
381
303
113
177
30
787
174
808
172
34
100
299
822
362
5
720
795
778
299
663
910
711
226
53
801
465
154
325
535
517
221
268
173
335
446
555
474
620
363
647
6
815
946
180
177
303
252
325
433
903
988
344
614
566
397
768
31
903
445
566
773
666
835
298
353
633
853
828
605
568
827
964
384
125
144
561
428
397
886
862
300
227
558
267
793
307
387
177
562
832
743
687
850
930
985
556
915
838
736
873
407
563
837
143
40
981
704
820
730
943
34
383
170
592
650
315
251
389
492
814
573
588
501
423
870
839
979
786
29
715
659
788
630
848
931
22
181
636
843
912
931
877
647
101
822
649
768
425
38
261
239
611
201
93
386
71
932
718
209
313
785
220
102
416
68
33
790
250
21
633
514
952
863
513
405
685
162
174
110
552
787
702
163
988
147
901
59
431
619
269
744
405
489
846
173
910
232
963
512
253
949
26
206
812
891
611
497
53
137
959
605
924
661
120
912
160
373
972
591
993
593
336
750
434
534
275
344
766
238
856
20
539
234
578
351
125
189
200
530
327
160
487
603
173
959
516
334
333
840
925
326
433
613
428
219
148
703
564
914
293
772
934
833
7
864
536
484
54
737
15
733
897
502
336
422
462
852
756
795
44
682
473
829
295
901
49
795
956
965
710
249
737
996
434
744
861
971
229
267
708
596
352
957
98
688
379
912
893
136
59
937
170
532
119
817
785
168
613
741
133
675
343
222
23
129
967
236
100
548
503
160
144
855
117
594
896
849
507
789
337
566
78
507
451
197
676
236
717
641
330
202
316
25
777
692
154
96
928
607
644
432
767
140
639
237
734
535
86
593
676
423
512
107
282
963
656
958
551
374
600
233
928
268
610
705
312
765
801
241
724
797
25
491
289
16
728
24
552
166
969
580
589
481
687
871
796
344
182
348
70
134
933
998
754
544
56
67
661
209
308
385
7
685
228
296
701
309
672
605
475
994
186
65
475
873
288
624
217
822
972
639
956
905
638
711
449
46
778
110
255
438
847
614
475
76
263
176
385
935
134
860
281
320
277
109
545
918
733
763
740
57
402
697
962
392
760
764
790
890
226
46
328
74
12
803
502
275
331
887
563
465
99
844
137
377
953
683
647
38
798
387
95
552
436
58
945
548
174
735
438
752
133
766
178
146
921
680
773
605
567
336
422
19
181
560
748
486
243
395
525
41
134
620
593
923
30
890
471
556
978
910
309
463
28
487
961
950
520
735
907
87
71
329
458
604
889
206
91
484
601
968
877
736
940
471
11
971
713
482
879
43
392
188
507
773
28
468
723
548
203
982
987
627
311
446
231
553
652
674
389
606
642
267
694
583
90
705
906
803
187
785
847
932
326
706
705
706
174
780
254
730
762
593
357
425
39
588
330
44
263
72
650
257
339
344
192
781
401
98
584
588
236
783
872
914
489
929
620
16
709
226
746
823
819
103
601
211
43
283
255
658
355
257
916
46
601
108
827
2
559
764
942
147
547
167
61
389
96
33
757
806
611
503
981
430
958
582
641
353
218
248
12
573
505
280
620
458
740
799
812
299
563
755
798
463
274
211
204
370
596
961
176
207
816
158
638
126
92
631
479
310
232
491
236
737
123
208
548
864
7
360
515
571
467
314
386
741
877
590
112
474
903
640
681
719
150
319
845
595
303
676
905
535
520
493
624
643
701
524
507
709
237
23
632
704
689
18
798
566
960
262
40
863
254
722
582
405
393
779
0
48
455
257
935
975
751
912
971
804
436
478
513
673
501
497
730
542
867
528
109
827
142
149
42
396
223
976
153
969
755
153
17
563
763
953
890
514
865
861
670
301
692
536
327
545
33
57
88
253
937
197
432
79
698
475
827
922
451
981
891
559
134
260
474
249
565
364
115
430
578
786
84
270
322
411
815
707
820
903
960
757
452
393
188
151
868
15
425
671
996
668
230
483
928
704
732
494
421
848
276
351
634
712
621
308
475
788
15
295
44
328
52
496
721
240
999
941
608
424
964
604
444
547
87
725
251
172
571
24
372
847
375
6
560
348
666
35
489
681
683
533
9
735
381
82
328
733
375
288
157
340
892
954
887
332
679
490
504
250
867
876
449
594
234
361
295
252
397
784
285
432
669
295
519
50
729
847
783
105
135
293
797
380
599
684
64
278
526
920
528
393
148
329
988
382
691
283
986
440
67
271
872
88
918
391
490
648
591
626
105
78
919
902
458
870
938
522
148
464
442
28
858
942
357
198
676
48
481
662
488
900
934
360
988
852
752
478
852
343
104
957
421
375
211
232
245
149
106
745
966
901
773
824
843
483
22
520
531
855
182
372
755
468
732
95
321
836
925
173
531
30
483
305
757
694
889
355
844
995
100
162
896
226
986
92
709
360
612
240
567
146
612
674
615
697
769
288
885
694
813
417
76
296
722
186
991
611
541
187
958
993
349
207
219
687
299
280
399
263
521
966
761
485
640
728
534
409
16
420
455
182
837
884
478
911
70
821
874
963
8
184
956
709
391
528
748
42
808
147
657
681
113
419
519
105
499
53
866
516
825
322
698
14
558
528
925
628
350
151
591
710
336
899
772
727
779
520
770
588
668
427
621
133
198
140
239
698
546
457
566
371
131
616
386
689
144
663
317
846
815
260
557
503
160
681
230
939
201
352
879
221
132
501
355
682
993
946
380
891
403
298
263
535
266
1
576
763
664
894
609
831
506
518
334
18
199
917
958
753
269
189
974
753
42
329
436
388
627
168
279
31
819
894
918
85
895
494
848
912
740
810
743
247
328
430
265
880
347
575
633
968
117
607
722
159
289
510
899
916
678
179
299
849
73
569
935
321
64
135
233
156
945
328
755
626
758
373
858
105
300
491
74
417
450
148
929
739
658
828
656
688
7
307
538
433
877
825
754
941
960
339
449
906
667
557
884
778
930
742
883
230
233
309
0
35
457
929
775
115
109
783
156
469
90
694
902
967
871
8
260
831
699
62
89
366
619
973
144
901
67
380
131
652
689
483
688
499
412
815
966
874
598
122
343
40
168
597
8
39
605
620
223
656
682
312
22
301
638
519
202
705
251
686
710
292
521
398
791
934
213
110
160
163
232
503
203
753
100
563
144
57
184
367
713
218
680
87
872
670
958
426
727
209
112
437
502
986
835
645
272
400
755
432
563
988
935
119
93
387
682
237
444
218
605
509
437
637
596
309
307
555
735
386
764
200
824
618
186
659
264
810
412
19
242
327
359
177
446
452
916
481
690
360
699
647
869
488
284
817
797
943
372
885
329
489
437
153
107
975
165
371
785
929
743
379
256
102
556
703
907
472
184
949
184
235
948
405
724
232
222
873
527
595
758
208
436
547
714
543
874
231
267
11
160
362
390
416
464
298
119
723
122
655
24
306
891
972
63
615
556
286
488
83
233
599
292
669
498
358
564
373
589
183
736
749
545
127
165
362
425
637
85
548
644
110
206
535
434
622
502
991
908
343
426
493
294
70
514
792
428
430
517
17
614
254
766
159
381
284
521
158
273
959
58
917
421
617
805
855
239
659
198
499
2
625
344
296
695
858
441
476
288
958
493
254
212
612
414
945
248
287
104
521
598
514
790
19
131
595
227
370
255
425
221
609
402
565
906
98
423
699
926
64
657
419
670
222
383
436
167
631
76
623
504
674
138
295
46
621
242
273
344
849
50
565
459
453
483
717
903
258
416
829
674
73
600
345
647
984
781
815
967
857
790
472
532
280
767
930
902
9
203
598
211
605
515
670
410
998
739
665
257
155
846
931
580
447
628
228
783
410
395
750
619
537
222
503
818
341
433
72
703
988
670
914
594
537
936
4
888
675
670
145
182
516
428
762
315
57
342
98
819
89
201
438
627
423
942
797
117
727
869
820
716
891
86
310
428
22
666
316
697
688
813
231
557
594
345
872
3
40
323
174
129
524
612
108
299
906
905
768
634
774
588
702
17
26
12
798
48
30
466
97
719
280
328
628
226
26
852
229
66
175
403
195
51
367
304
703
626
561
471
612
336
412
314
705
790
678
503
839
708
970
288
779
602
969
759
828
995
612
409
413
139
164
608
191
883
264
246
509
826
69
473
514
481
787
219
624
465
75
815
526
45
103
657
647
424
417
827
771
29
588
184
168
752
145
711
635
409
309
497
587
379
970
453
212
110
25
836
575
100
651
453
497
107
463
496
883
880
675
655
261
263
839
781
367
336
845
354
98
154
851
685
885
174
491
450
284
516
286
211
968
290
665
817
397
480
313
280
360
340
287
973
603
479
106
970
815
951
324
913
458
528
951
343
702
442
145
986
310
432
197
630
74
214
447
823
694
112
455
406
452
743
731
407
222
838
377
389
789
53
303
599
581
606
295
635
48
440
621
710
872
171
340
298
737
139
121
432
603
577
190
55
672
922
814
246
760
191
635
901
596
290
501
530
896
796
165
944
588
139
6
813
310
346
111
47
837
233
831
440
162
374
847
834
648
661
80
760
852
67
661
801
358
514
331
606
662
848
551
251
987
909
64
649
256
527
49
445
760
232
886
274
606
733
460
606
395
892
366
599
960
380
752
670
894
83
276
909
284
179
512
623
89
576
625
697
455
674
142
568
258
380
842
217
466
303
823
861
195
190
812
507
570
565
529
816
0
806
725
284
337
237
260
778
165
885
475
621
559
970
189
169
702
383
386
168
38
210
29
586
752
194
93
674
759
623
490
759
781
568
396
470
157
656
249
675
541
724
648
452
46
189
621
749
572
8
917
611
570
299
197
322
493
642
996
604
617
838
715
750
406
111
221
916
119
470
591
12
546
239
464
593
428
438
694
352
798
963
315
368
614
512
42
459
507
390
63
124
580
779
227
339
242
448
255
362
918
846
374
816
437
191
761
217
629
807
569
427
771
885
147
737
749
541
197
608
931
612
85
511
743
312
850
986
112
457
700
382
303
74
198
92
617
960
309
598
767
231
377
890
468
524
980
569
417
177
178
348
141
615
212
885
927
414
871
39
872
571
421
527
997
619
620
615
931
281
565
51
864
943
293
332
819
273
254
237
450
784
937
592
399
149
477
326
916
700
717
788
271
138
667
268
109
639
235
393
921
801
444
137
96
89
822
915
363
76
152
165
860
442
757
259
591
586
937
859
638
654
999
909
792
667
530
253
306
117
998
579
270
794
717
366
884
539
282
247
967
786
412
827
228
522
438
172
460
375
31
99
29
31
360
173
50
890
778
708
360
777
288
630
571
357
997
455
248
631
702
215
417
467
394
998
989
832
170
449
559
553
900
588
936
261
113
986
151
891
695
863
668
335
494
592
44
843
47
292
474
102
859
891
569
253
889
910
437
411
711
348
965
612
288
901
873
401
240
376
644
287
240
665
622
734
257
18
577
656
310
51
758
169
294
679
774
536
589
563
299
301
263
264
913
551
518
138
304
758
514
300
397
754
965
371
840
574
389
417
231
699
820
341
220
467
21
346
355
962
261
654
263
524
271
528
427
141
666
83
251
181
383
648
287
349
19
128
923
408
897
506
459
70
848
31
537
221
377
244
183
990
250
799
866
521
679
645
662
346
728
913
879
111
913
518
460
932
646
736
340
544
594
151
966
442
182
503
15
911
99
551
901
349
350
119
223
381
764
237
727
492
503
958
604
416
477
416
349
475
152
41
371
747
545
337
541
727
192
909
639
291
460
892
641
162
12
216
543
128
453
271
621
956
581
577
373
58
993
74
886
146
467
257
245
12
595
138
740
787
47
731
79
507
975
72
669
339
288
213
468
93
836
441
50
417
18
775
828
11
201
714
509
668
971
754
33
566
893
125
706
940
208
785
800
183
209
469
523
497
682
343
590
870
784
992
288
802
767
468
165
320
534
675
341
505
429
374
424
674
499
130
967
707
267
767
242
476
236
117
325
271
460
267
493
596
260
133
750
379
601
916
700
135
591
41
993
372
767
769
47
266
251
366
325
518
133
919
346
721
37
23
344
849
290
838
446
550
971
548
930
573
464
982
60
407
23
405
780
790
174
179
408
777
545
85
647
30
4
993
751
41
16
96
243
307
286
41
209
257
589
139
182
54
473
595
461
496
0
593
638
527
772
398
304
669
483
952
699
840
297
803
233
314
251
476
973
537
517
182
794
107
674
329
513
147
924
326
996
924
920
986
803
692
385
108
714
220
60
413
60
709
568
294
23
819
770
348
356
640
883
503
99
557
832
612
56
108
938
404
384
210
391
188
903
128
648
969
348
60
734
409
769
303
703
793
122
825
493
831
465
376
686
564
285
870
528
694
978
819
98
362
29
841
902
284
969
550
253
670
610
988
79
380
643
134
525
765
311
18
948
129
747
634
45
384
856
574
78
834
745
529
549
774
370
451
59
692
354
664
362
316
652
793
696
295
279
573
413
942
944
713
71
691
700
469
75
556
395
506
743
140
35
292
914
757
95
325
449
801
990
163
118
994
308
166
642
939
740
407
882
36
120
305
727
172
774
154
729
169
12
824
661
47
116
576
157
563
253
958
717
243
122
835
590
782
1
232
722
93
639
604
129
111
261
208
284
36
715
13
557
727
837
219
127
305
147
636
220
400
594
937
996
68
124
938
851
478
170
925
923
809
881
53
272
142
613
556
178
328
569
88
408
758
307
887
415
454
523
988
206
117
925
554
186
402
492
389
232
662
314
155
823
195
208
448
337
822
4
868
502
926
956
910
684
263
797
452
69
320
440
627
790
717
182
976
119
26
365
351
41
679
507
216
874
67
664
563
241
669
431
744
595
387
6
631
2
804
83
71
476
523
51
266
241
585
594
712
611
311
416
652
342
275
221
568
342
885
132
936
906
563
32
501
303
38
485
305
194
568
729
23
444
780
641
37
365
236
749
328
547
165
333
890
792
554
458
135
791
942
423
698
506
455
551
161
493
388
466
40
309
195
63
753
327
704
790
44
940
891
725
840
57
58
82
849
964
892
336
107
835
111
157
693
566
61
854
412
449
672
452
758
220
867
511
547
571
653
944
864
545
669
56
954
79
138
155
43
382
844
150
569
955
308
262
874
369
468
286
170
141
90
929
361
957
792
260
528
446
204
744
343
225
800
297
304
290
452
699
673
296
202
242
604
510
857
478
231
325
764
753
818
206
682
179
163
827
792
43
625
348
788
968
574
940
617
230
231
421
930
256
718
132
498
674
994
707
152
577
33
916
330
203
474
365
383
637
192
175
680
169
875
820
137
449
761
106
32
344
527
962
600
597
446
450
271
792
158
423
721
543
691
51
746
165
768
481
802
312
8
835
481
884
7
970
333
768
76
365
464
604
679
64
201
477
515
473
269
673
896
342
568
588
746
314
105
514
796
260
827
804
95
308
688
102
631
374
223
707
91
687
311
123
104
513
600
619
338
222
644
234
564
212
174
310
878
632
825
674
892
4
831
987
664
519
441
295
245
16
3
337
56
666
460
160
179
412
131
869
634
127
456
551
339
630
861
217
262
38
244
506
394
75
493
59
946
287
706
192
655
709
881
63
728
693
575
259
105
706
129
92
833
585
643
524
567
856
94
182
247
338
688
641
413
182
52
711
821
759
903
828
820
136
892
548
829
467
160
287
526
289
731
711
874
374
236
441
582
330
623
829
668
664
823
433
846
875
144
19
986
400
199
159
888
91
59
718
911
219
357
437
860
88
500
734
814
736
528
396
418
503
226
438
167
401
871
365
628
368
736
615
120
936
126
8
379
185
78
290
757
435
79
617
875
580
704
689
316
232
86
87
87
664
525
607
417
749
972
45
469
61
12
589
997
138
597
376
676
676
667
433
463
746
402
339
678
106
380
995
690
818
434
778
834
959
385
251
60
709
297
529
770
309
118
119
800
68
496
476
96
515
909
559
613
311
250
292
770
983
639
460
801
73
590
636
384
327
887
445
37
536
974
159
198
445
279
998
865
127
474
961
642
735
872
255
398
475
899
168
458
538
629
611
611
571
247
348
899
487
793
936
23
119
447
221
916
726
219
781
853
45
94
847
780
319
103
179
794
354
347
604
893
328
215
856
900
815
204
799
302
997
87
677
469
886
899
385
613
470
167
818
516
613
666
296
932
121
827
726
475
175
682
720
855
898
577
755
713
133
906
367
483
345
44
952
232
943
337
197
766
856
15
282
470
33
930
402
154
758
481
630
285
163
350
140
413
279
248
478
413
506
845
896
204
242
848
788
537
537
985
303
746
352
937
216
386
220
970
892
978
803
874
615
967
225
755
732
856
355
211
269
214
408
517
418
650
717
206
188
255
543
843
353
247
781
569
985
1
891
878
331
695
752
946
14
329
53
746
186
409
309
807
623
70
325
393
72
42
599
260
649
494
456
2
741
237
923
727
590
815
957
921
510
709
219
876
391
272
622
577
33
284
736
656
354
61
49
426
456
0
39
457
494
495
460
588
84
735
667
674
902
624
947
764
685
166
640
76
790
263
5
824
547
742
832
253
803
234
679
611
234
718
69
81
213
881
21
297
968
688
323
871
664
270
635
349
788
276
778
931
891
783
755
790
525
939
43
681
173
74
292
760
793
713
193
358
594
214
8
563
254
331
786
918
954
421
267
742
49
45
673
292
181
780
434
706
72
477
739
245
552
32
357
697
97
550
55
692
764
63
607
370
747
393
288
701
166
908
795
568
305
821
860
486
601
647
545
673
124
284
271
28
668
628
77
766
531
133
810
295
548
769
18
295
514
306
996
32
214
792
600
872
613
813
358
566
460
255
592
936
540
215
317
560
843
394
326
726
527
488
374
428
609
392
723
123
698
72
508
265
216
108
137
181
273
495
99
85
103
691
22
643
258
339
203
454
85
882
180
613
722
554
393
332
946
468
807
645
892
315
262
108
776
399
641
49
246
741
487
349
784
509
344
43
200
900
497
285
782
29
250
856
584
995
540
530
464
348
527
356
15
789
817
791
540
458
193
139
551
680
488
336
541
833
731
93
85
580
730
867
609
981
75
545
976
616
428
792
316
955
149
683
97
318
475
989
128
20
128
680
52
969
368
945
154
99
38
239
31
768
458
992
101
533
538
430
501
966
222
817
273
723
853
722
41
680
712
170
700
192
202
104
161
570
49
315
21
87
554
52
207
12
44
309
546
934
739
399
900
961
569
526
37
422
248
78
102
312
600
802
505
802
906
666
372
307
982
745
394
888
797
953
901
194
262
799
480
353
198
733
667
767
259
704
189
859
782
291
172
735
445
29
537
703
695
262
10
29
7
756
918
157
710
171
703
324
970
535
678
168
268
345
288
879
49
477
739
183
121
263
918
566
292
808
270
987
422
632
369
429
389
639
938
99
810
993
775
780
529
453
300
149
150
588
29
199
418
768
735
539
383
5
457
675
813
79
14
235
712
383
17
101
22
307
552
184
301
327
964
182
133
617
331
283
557
360
835
327
480
570
218
863
575
676
890
741
755
905
328
467
640
345
920
15
5
472
199
658
152
516
840
637
133
171
920
42
884
755
370
716
677
588
580
605
616
822
346
724
727
674
191
368
372
464
735
729
288
934
387
792
450
227
429
935
750
350
330
634
457
52
351
487
992
283
92
609
105
790
685
185
816
876
905
540
692
640
269
981
926
656
773
377
235
555
664
986
905
346
972
714
398
675
201
391
310
645
352
768
435
37
953
252
265
210
792
310
850
62
291
776
70
416
505
306
971
522
644
228
868
616
295
619
644
496
362
306
142
66
74
929
103
379
181
720
589
326
30
791
740
673
920
810
442
777
468
765
299
112
994
520
81
289
491
77
137
853
383
631
919
458
913
374
189
94
446
779
772
829
570
512
502
842
675
296
620
143
62
919
608
408
791
41
697
634
118
186
487
501
170
758
311
83
484
501
529
931
280
654
112
202
166
614
45
193
911
17
337
325
936
297
733
80
338
782
714
456
320
554
309
490
664
621
925
501
474
455
784
106
461
896
308
627
862
705
821
125
722
510
450
11
159
183
443
497
965
509
953
286
415
614
128
80
235
54
581
709
861
365
815
322
261
476
301
475
533
474
601
608
336
51
619
495
587
414
992
552
923
297
190
339
912
671
771
499
725
352
561
938
69
728
612
682
556
913
157
90
740
758
698
76
162
669
572
749
435
916
301
358
566
844
49
830
515
820
329
592
524
242
530
945
971
494
627
527
407
137
969
147
895
19
576
57
688
500
158
123
416
460
834
334
656
883
164
523
56
846
115
580
88
997
526
59
491
505
939
250
642
908
750
890
928
326
299
968
178
458
444
594
270
278
281
926
513
445
449
569
291
916
502
732
265
380
143
108
885
434
710
880
343
460
770
623
138
69
943
316
527
387
263
797
665
544
75
531
341
524
452
985
792
954
69
409
686
212
869
924
647
580
804
342
392
574
317
883
995
260
551
523
648
814
672
665
710
748
196
404
624
1
741
769
307
810
178
994
374
48
918
21
980
74
715
372
0
32
255
995
293
159
870
941
973
543
958
36
643
155
792
267
156
533
36
815
695
567
809
69
615
79
443
595
153
158
319
505
191
927
501
484
86
723
777
411
618
735
799
261
890
591
529
398
476
917
214
523
484
375
593
451
455
36
398
960
194
718
466
385
645
319
221
83
42
998
494
661
734
294
922
976
237
803
727
66
721
293
589
557
668
534
9
475
570
407
788
117
477
254
854
474
925
76
557
967
74
404
980
160
50
255
137
287
58
864
705
131
509
295
689
177
829
50
5
752
809
793
869
287
399
723
113
324
151
23
643
226
427
624
386
477
879
875
116
289
91
174
421
600
469
462
130
650
864
487
754
673
280
623
312
31
699
426
355
850
801
998
428
228
974
167
57
853
42
525
143
486
699
916
438
520
730
568
523
594
407
277
267
687
253
580
70
304
358
425
154
159
776
935
739
750
102
148
956
496
673
451
334
725
719
773
245
449
693
120
43
101
750
662
788
3
242
211
307
952
636
813
463
764
748
202
867
202
350
823
51
24
274
385
101
993
158
346
794
852
819
837
953
569
499
93
924
94
304
231
398
293
396
862
57
497
64
924
699
415
747
750
791
373
136
244
718
646
942
512
498
761
701
451
330
553
545
254
647
201
837
45
494
586
259
552
83
324
476
134
91
576
237
234
301
725
478
372
371
420
884
870
182
938
673
864
491
570
471
490
772
308
887
618
246
147
170
329
471
999
816
914
927
53
148
228
778
978
600
149
398
837
371
932
775
397
149
618
967
620
108
91
280
995
710
527
142
232
208
965
231
24
231
158
77
731
739
207
709
691
357
460
528
80
744
655
477
245
273
797
865
733
888
498
729
950
25
223
183
585
541
766
610
772
925
39
856
16
247
917
707
604
377
588
36
474
595
866
719
221
663
937
954
903
435
35
854
812
259
389
397
152
155
359
276
432
399
132
448
646
50
508
602
779
448
638
253
395
504
325
616
519
262
923
775
49
958
981
213
569
370
962
721
525
322
998
310
721
482
758
719
532
618
321
664
418
311
269
814
168
594
782
687
208
705
462
609
664
443
822
585
165
785
307
43
459
657
353
532
139
463
251
24
82
572
688
852
883
957
666
51
904
801
91
464
506
905
74
522
701
248
108
866
33
415
909
844
424
262
376
915
726
627
291
160
551
979
364
435
289
31
838
545
832
281
9
690
187
83
213
888
332
321
106
717
88
368
562
864
982
290
779
60
918
71
220
469
402
585
256
43
968
447
588
152
728
598
194
267
33
407
507
717
80
614
787
520
982
701
736
316
991
516
377
261
939
597
731
693
534
339
737
854
786
677
358
867
627
553
134
661
312
642
730
745
608
517
265
942
570
2
258
562
870
635
823
161
585
906
206
471
598
943
326
736
973
684
603
600
589
738
613
902
732
344
647
340
213
264
634
784
618
892
698
840
880
873
1
465
132
208
288
730
503
614
466
476
651
422
429
592
160
42
494
244
738
493
936
304
758
570
440
728
814
138
569
46
363
570
511
495
130
800
225
986
766
44
814
769
466
243
362
978
638
208
574
376
702
510
32
812
432
472
540
598
610
109
645
974
32
508
821
162
660
399
148
779
443
315
548
261
558
910
591
196
119
517
925
173
27
957
985
811
430
525
761
392
635
406
718
19
267
540
181
927
939
682
706
734
997
607
995
907
869
938
456
988
455
381
513
834
690
498
997
472
376
758
865
363
517
583
382
784
475
915
63
414
597
122
148
946
729
495
206
598
433
662
939
888
395
452
74
85
951
71
558
327
830
775
690
347
710
424
483
186
339
546
600
289
668
749
235
749
244
793
700
30
455
639
270
850
443
345
288
746
416
846
425
246
973
467
945
683
891
428
869
231
975
822
520
995
571
107
97
167
901
797
549
708
788
820
559
231
165
847
330
581
45
755
180
18
223
125
53
114
554
923
697
881
745
217
228
668
677
325
187
930
474
737
638
614
909
549
198
74
748
528
7
793
283
187
163
858
665
569
973
219
844
22
452
589
592
680
609
269
358
148
199
832
237
189
799
146
739
997
220
487
525
580
633
808
119
148
667
784
717
992
3
561
366
455
502
958
488
463
579
846
612
778
30
849
320
829
996
59
826
568
546
351
148
531
512
268
680
531
404
397
875
408
311
241
215
813
200
703
277
779
901
241
910
932
90
230
113
86
289
940
7
187
643
507
719
507
127
751
38
532
148
913
940
811
507
507
977
707
563
606
838
464
847
100
748
937
330
862
376
971
154
383
511
797
242
582
305
370
333
695
902
833
961
194
645
468
701
622
527
616
580
365
433
427
818
181
716
148
395
444
472
549
179
983
699
422
917
356
792
250
51
694
83
12
888
80
832
941
54
359
558
634
77
991
61
895
172
130
395
920
574
219
821
754
202
520
176
471
228
320
721
280
14
805
644
254
885
477
195
292
188
753
926
617
96
340
512
621
470
260
541
396
479
362
502
34
235
30
505
463
350
227
95
716
384
92
970
621
921
166
913
109
271
840
727
720
532
591
341
354
851
882
750
683
596
253
717
183
283
222
647
634
801
94
702
537
186
673
159
107
191
424
569
814
616
296
534
148
239
875
502
443
109
605
126
58
858
843
241
493
417
240
479
571
335
182
108
873
855
619
333
398
44
902
212
660
550
99
161
789
974
15
232
436
620
710
494
830
905
87
324
675
328
155
246
15
337
706
240
544
326
573
294
722
475
507
734
377
958
895
167
284
911
751
720
883
814
566
714
719
654
38
394
334
545
992
701
883
699
941
779
377
867
74
451
694
933
185
72
891
81
239
175
344
342
896
227
156
814
941
876
820
331
622
154
229
615
207
112
666
501
243
395
368
317
846
62
250
31
486
493
464
77
669
808
420
917
388
928
731
681
156
552
365
779
58
594
746
618
58
764
119
301
159
839
971
5
253
573
388
740
67
853
817
88
13
589
5
753
518
88
435
674
992
152
805
403
98
551
21
156
315
492
809
826
331
780
831
936
354
572
28
421
425
198
861
790
787
866
544
305
306
331
332
299
483
137
702
581
41
75
89
708
567
898
535
250
31
718
538
385
642
567
158
67
765
19
210
552
237
754
210
543
85
894
842
920
383
896
853
776
323
942
837
242
192
724
492
223
442
383
960
437
950
118
504
67
489
714
971
726
820
533
622
257
427
816
177
163
65
30
939
388
324
776
631
517
500
475
92
295
858
53
732
160
523
588
227
13
655
199
91
475
84
65
733
864
882
262
27
947
645
318
335
969
95
318
838
947
794
931
594
652
984
678
165
507
267
392
872
274
943
964
749
28
381
834
892
263
449
271
210
94
589
898
415
36
568
254
984
362
537
930
367
521
609
532
380
876
924
253
150
220
569
251
600
950
438
492
214
239
763
776
333
704
26
100
741
595
354
77
309
243
7
676
764
616
560
145
844
837
750
346
57
319
950
657
621
740
501
835
979
616
964
664
320
342
764
61
289
471
490
599
714
498
627
831
466
188
976
311
25
726
9
82
397
959
91
18
699
592
206
30
208
522
694
528
864
459
942
506
282
432
105
996
282
84
827
749
272
155
412
297
233
421
731
630
733
822
1
432
766
207
815
974
81
509
855
297
968
149
803
602
933
260
599
216
345
778
965
617
934
729
267
167
150
350
150
883
525
151
668
291
710
483
618
791
344
473
88
665
974
244
267
907
504
866
123
201
645
440
819
931
169
438
98
672
788
600
907
665
751
927
957
813
762
575
604
107
400
45
772
374
289
39
281
793
258
757
995
255
549
166
186
71
956
636
95
96
237
2
762
340
930
719
154
44
646
110
151
46
155
923
420
796
315
53
942
573
810
289
828
712
807
366
783
763
2
878
211
591
232
325
284
514
396
790
559
42
900
710
88
408
986
860
204
301
914
498
226
76
787
406
788
594
772
923
709
126
153
273
718
738
598
354
252
995
144
163
389
396
226
478
804
212
690
361
865
604
859
443
33
999
849
173
593
621
449
655
99
602
928
169
692
526
523
297
873
667
460
263
416
686
93
220
250
783
933
467
740
793
910
773
792
111
946
737
84
747
392
184
702
672
353
394
551
229
691
424
248
504
39
664
542
132
885
145
268
170
612
8
963
875
133
107
986
431
197
71
179
941
607
881
614
312
627
165
541
319
941
790
823
981
454
717
465
691
862
733
862
475
93
177
702
226
637
40
10
834
463
189
775
70
422
741
383
49
906
924
368
200
66
543
181
521
613
998
564
475
732
426
302
177
956
4
404
593
397
414
779
860
955
906
931
377
648
666
426
906
590
147
106
9
42
639
530
655
638
446
483
722
873
785
899
181
142
303
774
539
69
905
399
376
811
682
105
459
348
884
718
291
31
176
300
425
816
182
433
806
628
916
528
853
53
427
34
195
83
808
86
504
65
486
881
877
168
986
688
517
870
406
808
253
583
460
31
751
642
464
557
270
732
85
124
785
512
158
333
947
319
419
452
384
905
685
261
426
671
950
295
894
708
455
499
291
915
530
42
557
346
951
827
78
36
303
864
901
462
549
848
133
968
652
517
226
337
131
652
361
433
947
607
141
754
106
785
669
989
179
578
335
131
757
414
519
61
630
420
523
179
621
656
499
625
525
725
315
656
377
676
441
676
635
583
430
93
368
451
82
899
29
770
30
787
536
550
848
518
322
723
49
295
731
548
921
608
274
236
265
3
264
58
680
251
641
462
344
361
266
779
261
647
549
643
434
437
545
634
955
868
709
4
515
792
552
436
401
178
24
18
182
288
76
214
539
70
28
236
431
294
15
44
942
916
688
728
353
233
715
308
453
776
312
969
569
216
757
970
747
782
340
929
422
416
495
962
486
523
550
270
818
565
314
112
481
354
192
834
940
907
494
745
684
158
714
605
374
824
575
121
606
267
402
380
683
897
694
522
773
244
792
591
809
458
55
642
813
247
476
753
155
322
498
191
480
565
796
207
741
723
680
347
990
83
79
25
332
774
547
105
18
691
48
828
150
455
822
963
703
651
68
210
973
918
753
454
483
901
661
576
624
341
923
966
776
355
991
461
129
891
918
147
582
967
327
732
422
150
47
477
801
115
39
126
386
792
580
221
693
593
798
669
287
73
635
415
428
979
876
557
870
795
705
804
114
384
537
888
534
936
718
687
404
757
166
790
550
746
11
595
692
809
265
331
883
252
746
311
231
975
869
453
122
926
258
236
310
147
476
197
83
194
236
487
304
402
629
206
501
641
801
545
450
418
876
685
671
974
997
254
949
218
708
423
496
318
11
158
465
488
707
900
34
296
740
338
698
369
544
551
10
698
448
813
116
324
498
787
651
847
394
952
417
102
376
265
420
387
776
237
227
483
137
262
779
229
952
830
599
849
381
961
547
830
126
663
506
977
803
157
824
549
462
594
651
838
211
423
225
987
12
805
471
501
419
602
731
371
432
330
220
166
643
119
348
770
135
854
747
290
364
923
839
826
869
842
16
81
265
593
68
277
398
891
778
817
494
861
541
278
543
113
444
187
233
792
957
720
999
56
10
715
979
201
541
201
43
909
282
660
502
702
289
901
946
419
70
440
281
611
70
824
77
515
363
310
307
672
382
658
728
744
373
60
945
266
261
340
175
895
0
30
949
289
283
895
60
353
687
341
317
758
518
394
273
881
56
932
906
438
591
634
182
316
694
127
935
307
467
110
202
819
492
152
460
775
399
520
129
87
214
798
845
84
192
470
317
248
402
223
38
345
858
220
14
904
699
949
564
518
411
766
689
904
270
149
679
670
21
160
109
587
310
954
671
502
424
989
102
178
212
492
524
422
64
890
679
763
839
243
633
250
361
674
506
984
823
538
6
197
698
115
784
361
421
456
863
845
797
318
375
361
810
899
136
875
141
815
990
980
410
976
583
771
650
89
755
826
627
761
375
678
228
159
39
649
967
254
846
116
924
222
478
735
473
614
962
615
781
304
595
191
280
530
962
283
972
70
461
599
183
836
629
412
347
20
413
315
627
260
431
551
482
261
638
955
227
600
570
8
257
518
551
889
400
866
172
372
936
985
324
471
821
953
235
521
326
649
836
953
909
619
856
743
233
495
698
460
447
621
821
704
491
724
946
891
590
118
264
878
456
588
350
277
893
937
798
571
586
986
876
847
958
733
590
191
580
289
3
379
262
176
436
105
901
382
996
491
852
612
722
308
552
424
938
798
361
736
369
948
75
246
795
385
331
738
576
911
379
931
290
641
108
726
98
361
460
94
204
313
59
926
621
611
350
559
409
64
648
779
12
75
377
159
460
708
249
388
971
628
319
261
621
779
340
