662
131
939
616
360
526
606
491
236
77
859
184
969
940
42
851
412
178
648
26
797
386
451
747
822
349
244
648
967
827
252
981
310
191
598
670
70
556
514
658
985
725
194
954
666
236
157
78
766
806
104
916
544
908
663
718
609
260
718
928
87
971
262
398
514
212
420
936
768
934
946
105
660
140
411
678
376
568
756
495
726
213
411
271
473
74
989
434
686
708
715
126
31
977
876
545
189
296
834
309
583
780
414
595
921
825
625
649
393
733
144
472
298
555
743
771
982
84
558
668
792
273
146
175
250
22
73
439
671
907
100
606
687
514
201
960
339
826
610
84
911
106
556
210
14
651
981
996
736
539
16
880
164
163
56
414
185
129
205
208
388
305
814
427
171
367
388
510
545
350
947
457
808
855
667
822
507
0
818
243
892
187
123
56
350
531
823
887
12
380
96
400
686
262
180
209
630
920
720
527
270
19
984
78
874
651
253
381
652
71
976
896
258
452
952
960
335
775
200
348
156
648
100
194
910
280
403
892
200
475
420
822
494
756
253
721
408
506
454
412
929
783
308
540
235
612
852
570
740
52
270
896
700
371
442
611
3
845
855
556
673
275
730
519
32
335
240
792
193
47
556
475
830
216
15
417
828
867
339
568
920
610
816
972
333
258
583
688
456
791
596
481
418
327
0
450
14
593
594
208
640
502
683
822
718
50
239
899
269
578
819
189
540
636
162
873
246
97
914
54
240
510
535
659
189
888
461
204
481
56
764
473
910
799
295
629
849
886
880
118
816
699
660
709
335
174
934
934
623
848
340
864
711
876
523
900
764
336
456
597
744
220
422
655
371
69
284
572
955
164
43
123
215
703
832
903
229
767
837
204
615
177
68
326
405
943
579
521
632
35
470
376
608
892
31
331
961
667
904
268
183
947
392
399
2
576
302
231
343
491
435
311
20
856
989
426
151
920
299
783
308
122
160
916
14
543
247
976
211
503
596
394
450
988
793
452
917
447
35
260
938
471
923
311
679
265
89
182
185
388
966
493
510
478
761
877
21
361
853
584
864
801
979
315
790
124
119
59
924
155
319
214
978
595
525
657
860
614
839
397
3
157
891
865
987
652
742
9
13
947
945
230
749
276
545
891
401
16
950
677
171
621
891
501
568
417
158
428
31
350
826
386
859
69
604
847
721
698
208
87
998
153
317
747
430
214
990
183
582
292
860
754
265
751
607
834
520
118
614
904
468
792
642
679
861
246
526
935
945
734
22
943
240
691
42
670
257
384
853
839
28
65
945
293
168
553
479
689
671
94
593
491
886
235
170
748
834
697
683
779
783
57
74
23
100
468
45
357
852
898
196
880
963
142
525
484
695
5
173
718
99
118
209
337
705
379
437
539
428
120
670
212
529
96
587
629
564
633
986
416
883
535
648
199
677
174
683
724
531
856
442
630
326
651
319
31
382
757
923
811
229
593
375
111
42
962
740
606
595
79
375
479
614
23
678
643
549
361
367
80
569
161
62
895
164
382
278
546
491
201
709
720
147
84
831
189
47
924
147
994
3
522
473
617
546
503
612
95
864
331
176
785
492
238
680
8
972
311
906
463
864
616
536
11
700
367
552
99
291
700
94
646
574
919
615
120
423
227
568
639
558
744
425
402
334
457
410
659
768
317
122
633
933
10
996
985
378
549
85
21
601
531
668
175
450
635
648
873
863
216
513
421
312
938
176
998
395
586
657
516
903
132
149
188
142
145
526
872
46
963
246
999
494
266
527
296
901
175
170
116
743
35
538
407
325
714
405
72
652
415
588
908
899
89
96
393
587
622
266
633
585
864
985
431
130
512
728
383
39
250
500
134
637
38
541
962
104
298
386
108
713
975
16
964
416
113
358
3
87
976
989
25
840
974
456
322
838
536
705
229
786
205
715
423
595
256
737
51
554
124
160
620
451
528
584
867
641
294
223
81
270
212
458
462
538
266
784
728
803
842
309
941
47
24
717
643
632
454
46
186
930
206
158
733
87
743
601
728
389
176
161
660
388
619
474
278
238
611
6
41
453
315
334
852
691
403
495
323
210
894
861
140
452
20
874
539
115
827
620
504
3
781
516
743
753
991
21
343
954
27
736
407
694
70
259
737
474
107
60
684
1
921
176
805
293
402
345
408
229
965
265
232
98
781
975
203
124
348
546
78
727
634
837
421
705
97
510
531
556
570
567
557
844
743
362
137
498
59
898
727
376
515
312
475
296
639
30
773
988
929
203
715
563
41
489
620
490
999
151
46
922
70
955
118
166
669
255
664
729
505
391
105
20
55
932
669
695
315
794
683
244
997
750
807
390
239
428
880
591
931
278
513
354
233
631
520
903
238
184
984
96
927
441
116
983
726
137
30
41
931
65
285
281
815
444
23
55
224
256
646
508
534
511
862
120
142
382
375
732
918
359
828
845
152
297
180
878
434
562
919
718
627
556
351
443
1
374
850
577
630
496
85
517
359
947
637
501
329
12
585
247
723
414
445
875
711
977
754
497
540
25
567
167
582
918
962
935
645
812
512
627
660
598
144
19
545
781
872
227
145
458
826
868
872
623
744
935
601
850
784
493
875
352
12
809
622
975
744
619
787
609
247
448
559
743
819
104
877
692
683
22
150
510
891
374
485
987
309
86
837
445
931
64
149
944
874
772
919
970
743
58
579
342
858
138
86
678
595
963
370
630
337
520
492
228
246
978
567
907
416
404
352
348
469
502
644
343
626
563
665
369
973
597
712
832
87
150
510
682
465
232
665
802
752
157
383
350
487
950
257
904
355
609
252
176
111
248
519
89
811
536
459
136
133
523
968
221
673
830
255
138
62
920
940
814
430
675
516
917
626
773
821
333
383
425
509
846
673
380
936
836
916
395
973
50
270
293
271
943
124
878
81
186
799
373
353
229
401
869
498
27
643
320
712
378
97
221
224
123
953
160
959
221
907
284
271
529
578
894
472
702
773
905
240
924
631
593
505
32
463
3
59
106
323
123
484
773
696
60
896
649
573
207
870
480
844
494
10
774
740
834
828
865
740
68
789
371
662
294
403
125
298
814
583
973
937
419
98
633
479
346
634
52
906
856
885
750
350
247
876
443
81
704
308
173
772
450
896
434
96
651
911
746
465
494
720
754
913
170
739
745
517
373
797
423
582
682
525
932
281
401
375
715
105
36
888
229
486
785
664
582
788
927
329
254
422
401
360
687
923
452
432
792
177
230
215
759
264
92
692
546
845
419
261
302
807
501
532
293
638
548
228
427
475
909
33
249
662
393
937
585
845
721
378
23
303
945
782
568
390
826
466
587
598
79
890
405
580
774
51
571
322
631
998
149
892
31
751
554
776
688
491
974
409
221
997
65
519
131
633
909
310
451
496
908
530
738
665
462
512
68
33
186
699
383
688
591
414
439
497
543
479
989
517
240
210
866
305
81
349
938
990
659
389
839
919
271
929
937
734
442
5
119
980
705
503
668
648
269
107
146
812
586
135
681
179
697
547
484
779
897
423
121
908
164
312
180
788
242
469
874
36
474
993
16
531
848
37
532
118
496
678
282
435
165
964
614
214
863
98
993
112
873
467
373
38
131
905
826
373
374
700
761
200
45
130
732
894
167
616
364
663
294
998
98
459
962
64
673
178
163
19
642
36
838
15
426
969
920
252
695
646
304
808
847
702
938
931
948
105
547
312
121
841
310
219
652
625
284
677
155
799
48
797
835
238
813
262
560
85
866
255
732
523
63
579
225
354
862
173
459
409
837
580
602
499
152
606
124
788
283
279
587
684
429
774
922
242
388
482
679
607
89
411
130
505
342
707
859
204
232
670
965
421
251
567
920
755
173
45
895
809
676
834
493
105
608
767
699
349
250
379
956
339
142
86
196
837
145
55
393
729
726
359
150
329
278
70
436
804
467
331
613
496
165
458
953
125
225
653
474
475
384
430
167
878
868
715
715
13
771
461
742
849
820
244
530
450
315
966
254
782
649
867
630
814
677
584
939
903
589
766
730
973
196
249
203
417
965
271
430
88
732
525
937
904
769
819
354
436
137
609
571
786
828
201
600
506
785
891
409
726
657
491
51
206
741
255
623
706
526
405
794
610
282
83
514
404
902
868
840
39
829
763
177
658
965
777
516
102
20
925
181
30
416
232
236
157
487
211
215
365
968
9
975
251
444
841
655
698
62
847
89
243
963
266
901
280
395
417
382
416
694
915
446
463
148
34
972
635
597
188
353
565
549
680
816
994
522
823
44
936
23
134
179
986
752
433
266
148
850
0
916
897
916
714
360
64
748
684
51
697
872
404
262
774
437
431
120
959
254
164
247
277
650
426
615
403
859
881
551
62
234
467
311
150
181
23
214
281
707
617
978
932
374
240
706
811
671
826
770
278
342
369
907
993
147
523
396
359
756
299
421
990
766
84
140
299
107
706
932
814
676
910
98
50
502
804
861
526
982
983
804
325
352
63
318
499
938
66
858
695
365
631
37
483
67
530
782
174
588
714
341
264
976
439
314
478
596
527
356
578
510
160
903
214
576
573
714
514
639
924
209
4
908
599
487
975
129
621
502
717
687
195
982
15
634
648
846
582
176
202
161
686
715
416
253
291
990
319
805
629
243
367
986
503
966
825
479
447
447
333
164
486
528
498
502
514
147
348
97
675
902
610
713
617
26
966
260
16
285
66
998
881
785
984
384
103
809
215
902
608
548
66
95
428
917
949
295
416
649
392
91
551
354
804
521
380
123
781
749
408
199
99
289
984
83
26
439
244
241
341
853
142
760
300
922
677
249
217
445
250
961
536
801
315
692
674
48
815
456
797
576
655
896
217
992
331
243
783
575
837
477
780
331
237
80
253
266
681
823
711
931
784
599
85
100
643
759
148
811
567
297
739
575
545
956
919
228
200
702
155
389
531
936
720
768
16
325
386
50
148
449
981
933
400
418
385
44
178
885
207
97
534
946
672
431
902
591
659
454
646
814
195
529
750
267
650
119
593
36
169
93
838
502
26
238
921
763
634
451
648
193
548
534
139
573
965
394
516
976
200
514
791
396
44
893
663
694
12
608
82
533
702
920
36
80
511
309
196
497
760
196
691
660
731
182
233
696
576
750
673
129
616
816
877
660
709
892
354
74
501
437
959
555
709
347
987
220
656
183
718
768
380
761
429
111
943
662
159
872
764
184
1
381
0
878
393
62
770
748
488
623
537
799
178
246
147
166
819
803
701
537
924
81
650
353
544
593
367
704
817
484
240
818
865
593
48
610
655
171
710
495
146
247
294
325
846
793
843
665
949
544
554
873
978
204
226
522
149
593
578
967
77
819
137
294
412
538
257
67
709
967
914
207
215
560
532
413
354
727
78
303
624
984
176
602
540
754
476
689
699
55
8
129
874
146
423
286
36
32
705
745
0
619
952
567
179
837
980
885
916
410
188
892
394
364
494
934
470
323
975
170
378
336
299
252
482
74
890
518
107
595
615
107
566
919
674
97
108
654
983
377
64
171
269
810
888
116
96
358
439
423
528
817
759
179
421
241
254
311
111
361
258
78
468
824
350
494
921
458
148
256
835
564
428
457
726
668
573
822
378
12
245
907
181
5
86
954
598
692
617
62
53
875
492
873
699
842
367
972
653
867
229
488
783
9
297
509
677
870
683
55
234
281
314
767
638
753
721
236
797
338
650
851
213
143
724
264
985
444
589
638
311
170
479
447
179
776
956
208
999
992
615
233
273
282
1
911
387
74
499
184
413
150
35
978
645
112
595
982
556
184
973
219
354
452
18
885
580
975
93
931
967
708
165
592
342
518
503
729
592
2
914
357
152
949
688
149
413
283
132
969
819
105
541
525
909
559
410
489
886
855
773
205
915
938
797
258
808
652
987
400
655
901
110
159
203
798
309
616
81
441
938
900
546
831
777
807
742
187
296
981
394
421
538
309
359
688
919
167
340
907
920
995
160
30
507
363
180
816
332
261
609
622
513
155
453
290
962
547
829
610
528
223
32
67
884
743
107
804
263
447
711
535
795
223
917
302
939
97
470
271
358
79
245
223
586
698
865
900
597
694
510
126
269
894
545
153
990
652
957
253
451
20
140
598
596
57
900
535
154
722
158
864
801
403
87
387
453
952
287
50
998
150
528
267
396
425
772
386
429
730
991
233
102
131
831
698
188
84
585
342
806
743
206
960
498
645
347
951
597
987
354
947
489
234
214
885
660
987
624
441
69
967
674
523
99
506
222
639
590
159
334
748
903
892
708
401
538
408
705
487
395
411
435
236
645
1
473
657
988
97
451
409
417
125
933
868
983
507
507
573
666
193
674
921
86
382
675
976
790
732
463
537
143
250
773
140
252
247
150
592
696
601
2
113
78
287
981
62
146
841
987
164
34
661
438
472
44
113
448
186
845
912
724
340
162
497
832
766
96
982
359
793
935
713
258
14
352
592
428
850
433
415
366
819
429
804
292
825
269
740
11
466
4
735
806
519
585
639
285
681
973
996
474
909
61
85
275
765
677
703
615
462
470
982
633
251
138
925
76
408
18
88
874
22
175
33
893
760
672
531
442
997
527
268
258
941
353
533
706
382
588
674
844
411
656
478
662
146
755
739
554
773
827
429
148
354
462
41
115
486
572
557
835
452
177
94
393
531
979
99
913
568
125
110
979
133
588
641
280
695
732
834
469
911
615
617
266
429
10
381
267
583
290
103
35
819
197
780
350
176
231
616
96
357
78
427
490
18
421
770
713
153
957
182
65
572
151
331
354
162
64
621
97
706
76
484
525
273
264
228
802
495
196
250
852
274
678
695
292
99
465
357
604
774
892
669
347
43
352
53
557
416
674
654
474
751
490
352
376
754
580
530
250
128
133
454
754
811
149
398
262
967
755
866
741
647
536
440
43
240
493
600
9
520
607
483
623
97
187
999
852
119
882
454
247
15
260
1
178
410
399
440
729
155
658
470
154
546
911
197
787
756
798
796
276
757
631
899
854
819
251
58
938
485
864
186
500
125
539
678
887
291
470
616
798
128
438
952
27
349
150
814
458
300
962
734
57
593
986
263
412
237
674
703
722
538
241
574
15
780
604
902
423
74
870
221
554
309
174
581
10
324
747
468
976
709
555
33
303
541
648
67
130
322
770
204
213
363
130
228
144
734
483
567
160
353
141
66
662
315
0
25
991
747
493
967
809
48
352
464
941
0
531
71
323
654
627
536
17
757
116
513
491
599
433
651
305
574
70
967
241
70
344
584
817
838
551
978
886
255
442
828
255
974
251
930
980
879
466
349
636
935
215
480
534
648
483
839
574
553
159
815
623
503
751
793
693
302
771
932
557
214
112
164
540
363
95
520
594
913
221
231
848
436
63
735
436
546
574
10
100
85
177
75
941
928
868
634
582
640
566
491
206
678
656
746
394
103
618
988
368
191
571
569
628
634
304
64
181
230
427
281
316
956
356
609
885
577
243
819
569
162
311
775
840
319
873
234
774
843
223
142
34
794
711
14
781
367
431
962
598
858
595
266
814
951
875
51
880
118
871
449
280
534
576
473
205
449
59
331
644
634
473
31
429
537
45
210
256
476
524
854
686
119
120
501
422
347
904
303
818
127
104
450
661
681
923
218
482
983
549
127
617
375
510
398
264
555
960
520
384
836
375
70
955
847
923
730
547
828
33
365
955
137
815
969
170
91
539
653
426
89
132
395
816
642
146
432
549
458
952
933
295
679
356
250
879
279
980
426
459
365
791
767
855
958
88
25
49
627
30
475
68
162
223
884
156
369
316
58
827
621
343
122
652
699
725
531
331
57
957
142
775
100
909
630
411
997
7
460
625
38
288
45
552
511
930
61
232
598
119
59
571
462
534
224
514
611
755
197
668
65
339
443
517
601
425
928
950
433
741
927
823
29
973
375
892
255
436
476
205
555
535
777
370
421
1
236
32
108
785
53
173
476
848
691
77
274
971
380
59
712
307
882
93
632
257
985
887
46
813
93
601
349
870
323
122
223
911
155
331
696
208
857
525
56
900
954
682
871
334
741
584
994
623
677
626
233
15
514
279
828
959
232
529
829
556
652
404
819
159
735
868
367
944
393
775
844
347
458
716
34
199
652
28
175
681
654
408
48
168
687
877
127
919
758
308
827
410
64
999
569
152
867
288
96
260
64
941
959
874
9
993
73
13
21
600
694
28
8
743
548
695
972
28
967
730
336
146
493
753
145
414
905
12
55
1
624
119
294
584
993
655
929
418
668
303
19
715
331
379
810
879
427
782
907
394
864
596
540
357
349
686
124
606
50
179
607
675
650
254
611
643
909
540
413
930
843
784
997
526
164
807
406
591
589
665
337
453
613
229
163
962
267
287
568
318
466
528
993
116
134
956
111
395
496
876
325
692
13
674
570
529
481
976
472
422
994
809
228
607
390
391
922
658
30
842
976
848
370
321
316
504
277
779
900
125
7
577
169
20
604
740
549
85
68
21
508
414
182
88
22
573
831
296
583
861
138
559
61
509
232
729
365
861
860
617
338
867
547
508
240
151
600
789
588
20
163
448
435
697
536
457
622
367
753
205
580
243
116
641
752
348
722
470
561
582
439
900
450
338
760
690
841
360
831
430
380
346
878
815
396
415
624
18
782
729
576
715
973
692
708
77
393
431
899
954
13
339
206
815
29
966
857
871
678
41
301
411
739
179
226
135
946
203
506
81
932
82
796
257
126
856
335
871
287
586
826
653
277
384
820
307
351
678
178
381
71
831
792
810
362
371
298
309
574
156
742
858
590
538
116
716
394
803
588
34
741
766
687
19
150
859
326
853
889
856
235
960
39
379
123
401
750
773
62
324
929
804
183
871
694
651
587
89
806
527
475
547
645
514
566
796
373
244
1
263
452
588
575
843
968
50
245
718
823
307
395
104
464
930
975
158
581
915
599
739
442
74
638
88
588
557
236
314
801
589
929
606
178
504
449
498
555
46
216
730
706
611
187
170
541
514
680
474
429
280
565
224
706
204
664
647
761
252
961
914
193
890
872
371
746
674
869
653
720
438
736
426
401
275
948
295
789
981
121
571
261
687
147
319
243
163
966
356
415
279
270
960
521
495
332
268
169
553
273
241
343
9
20
97
284
968
392
426
949
865
997
562
904
144
882
147
659
200
855
426
480
478
386
1
973
718
621
142
624
895
383
319
256
755
416
893
724
160
319
25
26
316
940
282
812
174
782
471
374
637
897
206
115
283
208
88
354
181
582
330
428
318
649
685
73
418
578
149
578
897
527
956
565
467
239
377
641
21
200
367
658
97
574
126
732
134
566
86
315
149
416
96
819
418
781
244
836
711
746
414
960
273
371
877
92
962
254
85
983
806
452
993
255
26
119
987
160
686
426
828
187
842
924
6
612
57
602
448
120
700
215
80
973
938
957
417
900
563
502
235
369
955
228
624
333
348
963
846
34
389
26
221
584
950
579
196
359
533
997
479
234
564
559
559
854
868
977
754
431
831
341
152
138
569
128
824
269
443
670
303
833
696
876
417
998
807
965
357
341
962
836
927
878
747
486
732
615
815
838
398
999
179
902
137
749
382
313
18
825
983
674
658
31
902
427
29
710
393
738
51
707
574
978
586
321
816
670
936
984
509
686
983
688
588
472
789
970
786
160
796
121
186
806
153
88
234
534
798
979
273
201
686
199
531
624
521
348
647
809
332
156
496
667
196
436
139
338
407
925
850
555
47
36
361
552
476
947
86
627
926
711
828
965
911
712
941
432
60
588
593
744
96
441
411
293
878
550
983
637
828
833
544
227
221
257
779
49
205
865
676
131
577
857
448
488
569
390
272
981
978
217
77
427
11
840
720
241
742
55
878
570
240
774
797
813
31
576
862
236
794
891
720
723
100
520
563
669
910
835
2
241
404
79
668
415
271
740
656
13
147
886
584
387
660
733
200
44
662
414
632
456
657
352
179
757
873
94
778
135
281
780
376
685
211
396
453
482
488
461
848
635
348
784
22
360
517
574
756
179
989
389
987
646
93
518
404
966
612
534
454
893
315
182
931
878
579
384
713
67
197
561
55
897
345
77
610
214
652
366
746
993
755
733
991
849
604
747
167
568
282
973
814
949
156
745
827
87
481
892
506
678
453
561
576
150
639
186
365
643
904
111
988
660
196
979
861
152
727
380
721
361
354
535
310
862
632
137
949
465
30
455
495
835
369
423
986
360
961
351
3
866
814
991
878
10
322
739
163
401
471
236
762
825
123
72
687
107
562
988
572
944
444
419
779
165
843
117
525
804
820
528
22
634
871
900
997
545
639
512
947
111
100
709
288
223
134
328
682
696
316
254
640
760
25
771
277
868
241
802
25
61
682
47
48
905
948
397
451
939
261
750
402
713
459
691
936
945
19
618
641
335
224
633
448
601
757
725
470
998
528
495
411
210
894
811
468
842
560
919
134
821
669
536
534
480
227
822
426
598
792
419
286
368
53
734
970
162
811
792
512
691
639
275
254
533
87
722
728
999
993
862
821
662
398
707
494
978
882
920
928
26
692
214
747
745
300
69
259
464
861
771
155
500
46
409
385
485
483
465
485
476
327
658
138
78
717
985
408
951
905
688
978
597
903
725
694
555
794
305
19
7
428
175
859
827
936
244
312
420
62
149
896
389
807
387
819
877
372
227
828
629
916
806
579
171
883
625
78
29
931
98
388
359
625
247
186
913
844
851
333
906
0
582
647
808
321
467
685
45
46
865
674
314
24
253
837
259
231
916
641
162
366
29
521
991
629
60
256
473
911
942
731
911
524
730
71
197
197
108
242
596
974
268
262
998
874
100
257
105
368
898
267
734
280
140
77
909
200
333
734
111
275
817
375
151
547
446
348
97
555
942
693
881
211
955
879
85
407
488
542
775
739
809
509
19
301
938
280
502
272
366
965
547
183
692
699
82
139
399
179
46
342
224
927
905
532
158
342
939
646
884
67
737
45
576
108
346
515
388
200
139
106
518
686
641
210
737
724
701
489
903
747
183
480
26
440
12
184
782
303
183
18
370
920
63
299
29
761
814
769
314
305
876
184
343
517
746
81
593
448
922
849
547
105
329
926
545
693
110
679
996
645
697
367
566
112
666
947
225
832
68
891
137
296
75
480
814
822
913
759
622
835
608
521
292
937
447
189
630
558
868
979
555
917
346
473
29
12
420
607
844
841
498
333
137
574
813
303
748
727
63
370
914
671
891
559
961
339
748
943
249
969
922
804
886
268
630
268
632
50
875
828
243
373
161
381
299
327
684
47
406
747
769
320
771
661
879
84
352
980
27
953
949
302
109
187
922
739
455
907
142
682
735
385
408
249
766
707
576
803
107
982
902
876
654
25
889
886
109
593
866
489
546
167
143
656
354
65
395
162
972
537
196
60
275
604
309
41
664
237
196
771
219
99
999
225
124
241
111
586
834
977
75
733
496
218
389
203
635
136
365
960
26
913
20
301
518
681
342
534
918
891
657
489
990
656
714
466
249
826
404
84
155
831
817
4
401
558
207
37
694
924
349
720
837
721
21
707
402
716
241
672
607
898
513
949
907
579
767
156
757
172
240
265
355
409
269
757
319
828
794
14
752
495
86
941
216
460
649
970
176
890
994
135
141
507
436
48
86
555
204
844
79
797
461
435
558
730
192
878
558
338
244
662
833
682
603
401
142
252
371
670
495
365
157
988
872
593
36
310
149
592
506
580
741
967
15
300
697
559
530
607
897
126
269
82
808
225
483
951
477
854
621
324
219
779
312
443
724
700
106
225
645
612
806
386
580
821
38
629
381
920
589
630
46
210
713
855
435
548
158
265
403
779
589
974
910
254
770
987
306
876
212
951
840
370
690
772
544
80
754
925
1
343
907
47
553
972
254
989
521
412
254
276
544
195
602
806
801
372
793
108
600
358
411
441
728
101
213
272
182
967
549
535
310
457
582
216
781
189
205
302
601
811
930
497
358
533
304
160
257
449
268
858
807
679
299
536
133
512
160
667
832
710
202
142
519
136
710
652
325
267
307
279
78
237
776
437
122
432
597
380
882
217
238
689
248
889
577
381
753
738
48
585
800
602
80
671
739
790
323
64
58
630
695
488
220
472
277
342
904
226
722
786
443
312
828
692
201
405
425
955
495
826
892
295
428
972
966
167
763
642
584
173
272
279
661
844
103
939
187
360
165
261
146
961
574
326
5
127
732
430
434
227
608
327
875
37
651
841
556
766
835
492
939
108
772
601
952
227
892
491
587
409
753
734
370
679
412
727
158
144
510
945
724
118
624
599
507
275
792
416
42
628
908
981
88
32
934
392
260
178
884
847
588
989
933
310
668
346
38
178
490
548
123
566
18
747
165
526
375
958
942
417
586
202
750
674
235
37
66
495
215
302
342
155
291
628
818
311
974
208
490
816
756
613
383
126
713
548
652
88
858
946
857
796
149
607
822
736
996
889
231
212
543
925
719
835
553
889
498
527
97
988
696
205
954
79
332
19
979
336
107
190
635
964
986
136
923
809
872
920
50
103
484
593
380
555
780
934
445
279
813
542
619
861
748
573
940
432
592
272
768
51
814
403
367
800
891
291
609
763
563
11
218
47
605
599
954
737
885
399
16
50
294
636
912
394
561
204
826
154
476
946
557
290
702
925
443
593
568
404
357
131
416
575
530
373
526
484
110
411
236
127
462
530
115
374
924
676
578
102
182
407
48
740
49
750
17
492
344
937
897
53
420
665
628
302
38
155
138
500
918
374
979
380
256
94
106
532
123
685
634
305
444
35
397
493
137
766
986
833
55
235
886
475
252
867
777
642
374
916
142
292
642
122
25
899
568
131
783
43
168
770
701
612
805
450
106
942
217
444
776
272
31
14
100
283
881
877
925
255
145
67
900
788
541
925
39
462
56
822
505
225
592
206
189
749
657
295
44
226
739
820
850
770
186
950
405
68
828
330
675
325
750
575
113
643
500
152
105
909
975
963
486
919
521
675
669
530
971
713
756
62
885
959
185
71
909
590
491
89
273
167
415
23
742
880
18
595
33
124
504
360
439
342
631
960
17
300
843
340
365
951
403
602
910
940
26
820
530
517
261
155
36
28
530
131
909
549
726
942
25
582
654
464
924
285
776
293
938
619
634
655
571
37
610
481
977
636
653
859
505
915
367
542
943
897
25
204
446
751
146
471
685
152
287
961
438
64
254
728
683
888
383
606
277
993
88
254
981
93
466
487
360
185
381
656
82
406
860
529
509
359
352
546
511
640
507
301
56
761
29
739
2
765
698
279
758
786
534
740
231
352
579
944
537
312
600
971
718
812
852
579
171
205
125
35
197
984
336
253
745
366
344
747
131
42
379
241
180
265
333
412
617
912
356
506
224
308
477
294
120
682
225
644
887
350
679
436
686
15
689
784
381
385
883
864
428
262
106
608
527
791
372
144
704
80
2
280
740
832
927
861
514
152
857
753
503
536
189
541
551
230
325
285
615
209
501
395
471
959
4
999
751
728
495
807
161
498
87
901
682
14
114
196
167
971
949
22
507
490
563
411
72
889
696
687
450
197
83
921
157
439
920
260
519
768
67
680
266
154
934
300
521
48
848
40
20
149
62
879
639
977
290
711
218
338
750
668
536
833
942
45
624
862
657
144
630
724
176
248
230
110
900
751
511
748
791
883
897
205
762
536
535
405
599
105
743
350
126
631
535
68
28
512
930
685
8
913
409
184
513
640
647
414
743
158
162
535
41
60
92
803
948
979
560
900
85
304
250
211
935
137
279
964
649
561
649
657
826
411
842
340
51
841
106
146
999
620
681
40
32
126
195
981
105
756
233
542
412
483
753
347
620
384
663
622
946
665
279
124
76
473
816
479
314
922
625
665
895
659
57
927
137
253
260
242
361
493
785
125
328
890
472
301
275
488
923
573
153
202
697
581
28
514
412
342
788
389
8
683
48
65
963
537
670
223
780
383
69
917
508
397
159
333
698
434
821
621
359
326
176
57
259
556
923
671
898
63
60
258
99
461
676
62
998
698
637
130
434
58
47
294
456
559
979
506
993
152
480
705
478
656
114
737
564
389
760
814
452
821
73
903
282
101
317
280
151
307
763
937
365
162
232
173
721
211
680
67
364
160
772
194
168
886
284
732
275
44
546
79
865
971
983
499
424
652
132
928
959
895
865
325
57
97
850
779
661
530
846
25
42
970
571
562
856
855
294
483
900
193
914
765
516
249
265
941
902
749
221
861
644
86
538
701
536
389
480
197
271
678
574
314
648
145
876
856
1
523
691
253
716
606
18
584
855
635
877
109
384
98
971
380
185
861
82
73
602
914
270
874
945
196
188
593
341
416
802
694
939
493
947
7
451
318
592
659
305
469
768
690
920
91
422
105
953
504
178
907
771
800
781
716
996
969
661
689
738
463
384
677
309
683
37
760
1
629
771
307
450
540
349
370
631
123
827
936
628
357
844
751
509
977
467
857
947
128
547
685
944
283
714
605
318
751
365
320
732
137
979
183
29
680
905
12
803
85
301
783
794
145
534
304
122
353
513
421
482
60
458
778
695
525
383
14
276
100
686
361
589
665
896
618
697
153
983
852
238
284
636
385
781
522
41
255
876
554
677
710
967
487
488
662
12
223
676
641
323
362
354
265
379
250
883
428
403
218
281
642
502
269
379
283
791
420
539
19
974
568
729
293
55
569
956
420
792
632
413
468
347
767
733
726
17
968
507
772
187
788
414
689
409
145
973
200
565
864
220
892
432
301
185
839
871
493
611
663
126
376
131
825
143
216
903
512
185
410
285
372
550
51
413
959
549
738
160
114
602
732
358
34
385
896
226
256
389
837
272
867
214
755
692
709
972
948
574
509
358
211
233
909
614
646
868
163
385
380
630
339
464
988
374
850
236
600
458
626
789
730
845
355
486
538
65
810
486
639
319
196
202
552
457
816
550
326
980
935
58
962
275
523
950
1
725
539
953
183
165
742
914
362
98
752
252
515
914
90
506
233
287
708
137
744
524
687
422
856
975
481
818
602
356
121
603
81
660
908
264
177
2
530
539
452
634
792
967
548
882
473
133
521
533
622
266
410
310
40
266
637
521
85
239
877
558
194
958
218
102
575
747
104
457
638
909
92
430
876
992
665
702
126
186
235
748
804
645
410
845
264
47
718
701
638
596
259
832
906
829
286
833
576
743
291
214
652
735
997
880
727
14
582
205
552
170
954
357
167
716
554
783
116
272
484
754
220
95
939
479
924
577
312
500
320
955
67
972
690
64
205
418
78
139
623
982
661
929
339
181
998
245
964
114
870
801
220
442
896
159
921
821
737
586
673
409
893
740
734
584
156
939
354
586
78
329
569
92
259
260
273
609
858
237
723
80
390
943
522
287
455
796
108
544
734
133
305
627
226
39
211
734
330
917
321
761
247
242
853
858
854
126
467
64
715
190
144
106
485
19
393
292
815
853
188
549
338
494
528
564
533
740
299
864
657
972
625
904
566
478
114
772
956
581
837
671
771
981
129
609
0
522
901
167
727
442
68
66
936
597
630
469
689
281
685
346
605
310
603
171
140
717
944
448
299
133
120
422
114
249
383
467
124
637
986
851
79
55
269
15
652
252
836
341
533
522
39
491
184
994
662
677
64
958
125
715
91
597
489
558
847
873
377
323
862
363
526
941
418
796
308
422
400
144
115
285
18
155
776
555
501
439
584
565
749
709
280
841
307
770
399
506
995
776
181
857
491
707
798
910
855
458
684
255
954
800
541
325
307
317
880
808
108
464
374
858
525
6
51
184
776
802
690
771
930
223
980
421
931
778
683
786
588
368
394
543
520
935
868
827
604
100
987
65
564
713
923
441
720
974
626
848
776
316
972
706
892
952
479
823
83
163
961
671
883
707
566
403
994
786
582
599
886
921
664
802
635
939
244
707
265
870
907
393
538
879
99
430
184
930
605
267
93
567
290
976
626
209
731
621
995
313
220
234
235
236
388
222
175
632
929
440
854
188
185
745
68
284
175
252
566
133
871
660
52
161
988
678
370
720
299
718
385
519
952
972
107
340
546
634
325
475
426
531
664
611
276
84
247
804
688
814
937
559
826
989
72
814
667
443
886
967
513
624
838
465
948
298
157
495
932
834
322
359
366
338
970
642
422
218
446
110
32
735
21
858
724
94
24
744
889
263
711
402
887
901
219
835
199
376
330
132
211
653
843
929
343
813
571
766
31
370
228
415
105
602
625
830
696
2
574
585
265
637
339
152
890
558
339
442
286
22
926
497
27
769
778
370
582
350
488
966
72
69
733
177
671
359
359
367
361
285
304
978
274
643
130
517
201
821
959
487
195
885
337
222
654
467
945
236
817
433
554
241
502
288
771
173
999
130
892
360
768
196
338
394
191
820
911
744
993
870
584
189
755
273
411
761
740
708
350
910
142
904
151
996
544
922
170
543
405
414
255
173
963
945
567
154
765
479
899
111
701
835
300
809
108
63
570
848
772
272
758
914
529
910
262
73
184
432
617
589
199
872
114
162
818
34
316
935
513
567
46
566
402
698
375
510
762
298
711
886
922
469
152
451
731
414
525
916
199
494
505
398
718
620
560
888
654
228
176
519
148
574
437
902
273
165
413
387
815
476
273
737
945
777
189
677
191
66
593
390
560
450
140
278
422
52
519
428
281
695
299
429
269
737
331
542
902
96
281
717
572
906
806
870
683
995
547
227
61
492
969
973
294
462
604
717
514
123
145
795
818
797
576
87
886
260
982
140
708
615
209
633
874
15
503
909
11
402
136
424
246
458
398
540
920
2
257
434
477
755
582
295
904
158
734
790
770
68
930
479
36
139
112
910
154
967
819
517
721
308
942
967
766
692
507
38
46
117
472
523
224
54
170
128
565
256
918
335
677
848
166
713
987
278
623
493
597
794
11
318
102
305
637
220
997
145
258
395
614
83
918
838
489
440
318
406
696
236
742
373
436
908
438
775
539
413
268
488
208
631
807
662
936
796
235
285
293
845
680
907
928
950
97
770
742
415
176
439
3
270
164
439
531
603
566
70
368
187
910
928
818
69
591
107
866
178
744
159
23
777
67
304
727
516
74
822
932
250
613
287
521
777
727
52
732
645
474
101
832
384
381
3
806
972
110
672
150
854
831
526
631
250
830
711
767
904
533
51
506
146
338
379
275
417
783
360
63
609
813
895
346
194
898
152
167
360
824
669
215
7
547
198
258
377
909
377
633
794
428
140
940
766
871
568
184
655
928
247
264
741
494
962
935
745
114
454
105
290
124
672
298
23
871
908
401
132
285
34
927
713
526
219
831
398
787
15
405
715
614
21
456
461
984
392
206
450
846
663
741
322
336
39
698
559
299
99
691
584
485
618
649
12
838
480
762
977
496
167
693
462
540
149
923
524
893
481
975
92
497
68
766
185
459
464
744
758
915
787
342
401
758
991
765
948
823
527
925
319
46
618
134
586
120
409
463
365
891
790
457
740
858
576
925
317
40
669
75
956
808
769
709
566
112
474
514
935
353
792
607
399
410
741
337
882
502
800
248
745
942
57
485
800
633
410
469
26
431
896
334
240
665
43
158
129
517
25
417
870
817
24
621
579
117
958
462
619
111
62
717
53
119
202
854
753
613
675
131
396
572
465
988
589
508
147
719
377
172
488
599
341
864
220
920
981
530
734
952
641
796
669
47
268
224
901
373
189
576
504
585
500
969
574
90
829
73
809
558
597
649
157
938
513
729
210
494
259
945
798
253
93
820
300
361
44
553
734
233
481
238
170
982
559
744
72
740
169
233
298
766
882
455
704
395
184
915
241
796
212
391
401
305
563
701
19
959
606
753
544
87
344
715
421
255
811
845
996
981
430
294
747
312
102
452
59
638
719
652
434
931
396
835
588
959
888
607
271
494
713
815
934
57
530
355
312
694
201
660
675
631
955
422
296
57
226
707
695
297
712
482
228
108
669
169
419
558
776
690
404
489
858
338
898
388
694
563
434
247
223
109
878
530
884
174
587
462
234
635
760
946
469
340
406
138
509
825
48
638
868
453
479
78
791
378
818
837
941
253
84
516
362
315
47
246
489
986
709
75
973
821
21
442
161
427
933
23
605
333
661
825
786
140
903
930
870
721
119
163
974
204
680
689
519
79
287
360
417
348
788
391
169
809
185
683
589
470
706
546
804
367
723
942
859
978
872
730
699
344
893
26
548
925
67
419
4
354
131
422
703
919
165
224
81
702
907
22
173
613
568
329
332
643
271
544
621
496
274
672
840
167
50
740
93
117
511
449
824
994
871
879
914
388
103
347
91
363
369
616
328
289
945
661
284
216
205
905
64
831
577
904
998
980
644
443
97
155
893
921
150
116
800
416
857
256
115
300
619
836
916
947
477
213
960
761
781
517
666
846
348
595
102
699
575
747
494
25
254
739
298
756
856
451
524
65
707
639
365
678
827
633
625
304
198
938
65
979
455
83
177
156
679
280
855
606
379
349
983
985
89
282
742
297
85
618
714
792
610
79
822
437
64
447
742
262
737
159
593
193
243
771
701
274
403
556
232
782
257
216
767
698
850
861
347
935
832
61
79
442
492
901
231
908
700
325
522
790
485
116
983
80
239
36
706
642
592
938
776
201
506
895
252
708
109
599
995
941
13
426
735
857
327
966
118
380
292
640
170
129
756
505
209
347
541
915
989
485
205
117
38
64
13
290
772
122
242
768
63
607
546
798
464
226
116
934
606
408
575
128
889
683
985
450
31
878
717
20
715
923
138
753
987
503
396
111
625
638
231
40
597
778
190
413
4
306
348
962
67
923
442
956
606
427
759
637
657
476
10
372
399
500
477
738
3
873
202
980
863
433
20
460
563
562
874
919
868
222
881
287
145
675
596
103
102
355
741
111
831
103
483
583
603
961
673
958
834
875
938
698
661
310
510
224
872
384
496
740
606
377
380
103
53
976
559
507
331
300
619
514
755
454
97
358
415
123
668
602
998
606
652
659
916
162
236
140
899
732
232
505
461
612
961
866
588
520
726
271
172
697
786
279
151
235
637
919
358
305
521
357
263
525
368
531
687
956
671
586
40
903
444
502
516
757
720
456
629
446
728
153
143
514
432
647
101
421
566
460
78
439
169
341
964
889
224
3
198
895
942
238
150
738
92
666
847
813
123
476
611
203
629
755
69
413
402
170
834
320
982
912
759
151
605
75
393
829
78
591
76
372
829
226
110
274
245
957
87
720
785
50
923
766
157
992
179
559
162
365
231
497
629
990
0
234
65
393
415
496
336
843
868
518
70
331
792
315
640
231
35
778
281
310
544
439
302
76
350
816
441
582
313
423
924
314
9
342
59
425
190
396
268
410
914
690
741
58
357
734
289
744
512
922
54
408
713
356
484
64
173
278
998
838
701
274
504
62
968
916
487
158
312
108
569
578
150
662
988
508
748
629
252
260
551
307
669
617
15
505
681
540
135
31
379
188
657
235
251
626
151
738
136
463
198
57
393
701
720
381
209
820
362
813
81
914
472
102
531
488
959
564
28
95
947
407
635
956
995
886
582
146
977
71
962
527
128
707
228
200
441
789
21
803
603
454
69
75
908
600
563
219
516
944
666
815
351
302
772
698
188
706
845
165
777
807
693
258
514
273
458
955
63
831
111
666
637
180
93
897
781
657
117
649
601
135
817
304
437
589
3
978
647
200
143
777
359
188
35
225
462
845
533
525
29
644
543
666
824
636
916
957
645
33
607
598
168
776
255
958
365
610
936
364
810
431
141
169
972
176
746
786
374
279
663
403
923
206
421
748
194
337
705
840
722
664
438
243
440
45
201
157
655
489
874
817
920
15
338
244
544
85
30
918
364
693
673
288
899
446
388
94
784
445
286
506
110
76
749
902
122
302
412
129
791
286
947
64
653
285
308
197
722
339
467
87
384
492
727
636
939
115
82
75
560
368
933
22
796
683
277
918
337
41
48
481
679
347
545
332
984
205
882
707
896
701
794
281
194
873
917
485
988
999
560
900
719
493
275
515
528
904
786
866
945
186
699
624
533
244
956
517
801
190
224
698
892
370
331
86
243
248
923
583
599
483
836
670
328
463
185
857
367
323
75
664
509
774
288
394
370
596
912
171
787
488
221
31
211
552
469
454
152
392
390
103
875
226
773
555
41
311
412
408
634
839
72
144
613
712
538
335
308
802
859
447
643
80
478
854
633
947
660
137
691
50
241
566
628
14
122
669
325
886
429
312
726
853
456
691
565
346
27
226
149
886
673
792
966
504
998
951
803
658
441
495
61
682
413
41
48
887
63
726
774
492
38
852
346
846
543
263
192
922
489
693
808
515
837
127
371
835
430
174
846
871
21
907
905
435
948
306
322
11
32
448
856
422
652
554
620
196
817
812
470
659
858
279
526
47
758
897
883
188
423
81
60
445
988
317
232
288
623
906
652
655
707
860
429
359
414
49
907
583
214
378
242
424
9
120
471
767
369
706
955
793
787
367
590
127
685
822
416
660
80
420
316
787
280
97
499
46
147
406
629
713
136
224
137
145
344
608
912
714
315
220
859
454
587
801
582
624
975
998
285
55
770
953
195
50
402
694
96
549
452
77
614
589
301
751
86
998
712
351
64
379
571
923
833
510
724
415
487
699
765
124
106
535
77
301
937
479
995
385
381
800
463
347
389
116
451
827
466
163
178
530
894
101
805
727
964
881
495
451
932
260
575
39
148
4
692
437
835
40
823
568
840
638
916
581
106
367
760
573
882
939
103
776
392
261
503
356
494
350
159
427
963
86
818
111
442
510
548
278
902
723
846
742
361
114
675
468
481
436
41
363
727
496
139
119
109
995
828
604
345
339
31
308
426
201
771
220
63
672
498
966
395
697
60
757
811
736
577
645
524
970
8
251
818
500
722
928
847
550
532
192
242
915
853
20
468
976
240
531
648
91
849
44
140
910
153
951
998
730
596
874
52
957
125
870
457
847
798
304
750
682
848
344
949
53
364
417
382
604
301
30
695
502
426
835
764
579
139
762
661
87
988
713
396
113
584
853
313
734
509
415
417
710
759
718
115
123
488
497
79
789
880
127
291
306
314
56
238
453
170
251
893
159
965
289
624
901
495
289
987
356
704
756
66
463
475
534
938
963
31
18
104
263
497
747
570
811
155
160
617
326
411
862
837
728
151
813
981
998
103
969
707
807
725
773
623
552
659
913
515
691
283
971
954
780
719
876
592
874
388
561
552
800
423
741
880
926
555
862
925
658
831
632
817
908
757
440
461
417
354
328
460
989
300
766
770
371
995
714
597
383
275
502
535
698
243
416
624
150
630
901
808
813
885
626
721
995
418
534
764
124
863
224
114
515
342
884
238
689
598
835
73
225
337
608
923
933
376
899
83
6
801
244
819
38
222
893
33
640
427
797
117
642
373
231
157
68
467
395
757
417
583
830
642
272
791
917
205
519
168
641
878
321
885
697
360
107
942
393
99
370
191
216
364
916
799
522
984
618
269
742
35
204
924
29
477
67
298
682
587
467
675
465
788
560
514
148
19
457
894
119
179
437
687
543
353
487
417
690
105
39
432
493
243
356
874
720
776
173
755
363
992
430
180
780
991
694
281
362
151
527
833
682
964
521
226
669
360
643
359
817
34
143
662
278
852
537
998
628
62
753
343
54
184
523
834
527
217
467
241
721
994
75
403
310
948
981
980
660
977
691
477
11
835
140
289
39
29
288
667
91
393
10
145
929
533
331
808
102
799
50
823
145
477
227
456
425
560
436
85
537
479
914
549
666
406
838
705
435
478
724
878
872
734
375
801
619
707
962
722
858
12
897
3
489
124
459
266
37
247
351
574
727
265
123
745
24
314
451
459
792
175
690
664
262
65
818
881
772
780
955
630
144
853
986
633
329
445
251
366
45
602
941
124
219
416
869
243
730
320
55
523
848
745
539
110
810
709
343
583
841
299
565
985
504
551
970
833
349
221
552
394
175
845
518
395
261
387
990
992
60
45
867
260
790
758
370
601
468
65
536
309
716
453
647
220
357
617
406
706
191
310
100
366
155
970
761
416
709
752
760
769
149
627
29
940
738
751
893
206
169
781
867
885
234
866
458
943
484
216
649
27
526
101
393
681
423
507
449
133
259
210
902
408
189
284
700
927
387
593
485
556
726
705
442
313
571
252
256
407
468
906
434
994
359
180
27
783
687
476
916
298
686
170
58
228
454
759
155
194
704
993
750
783
698
544
96
621
796
352
29
616
258
815
962
970
995
989
753
682
818
21
332
856
191
391
84
998
502
592
192
206
585
942
989
283
839
437
256
635
790
285
604
400
453
566
370
448
908
475
483
726
496
815
582
688
206
19
686
708
611
230
267
196
524
608
831
363
46
87
351
188
725
955
588
178
873
959
978
781
434
461
859
283
629
442
971
835
813
9
896
424
239
515
972
763
475
155
479
873
594
830
61
319
137
2
849
10
313
828
144
99
641
3
382
270
797
353
458
610
714
706
34
953
573
358
69
48
513
900
274
108
82
687
779
571
689
629
581
2
809
77
102
450
81
836
73
230
190
531
841
904
237
227
210
162
938
631
210
451
531
836
559
965
524
339
536
213
320
469
568
129
547
22
931
980
858
4
210
400
887
403
305
476
983
867
638
921
850
201
372
381
37
284
346
561
975
234
127
647
703
695
128
250
69
59
582
927
416
793
328
303
548
985
132
883
204
770
804
54
323
529
787
361
165
485
274
140
719
401
787
422
448
267
25
517
326
607
797
94
752
125
398
301
462
882
184
666
4
341
72
328
870
859
689
35
344
963
527
415
365
666
837
165
933
862
683
611
822
832
706
574
957
456
227
771
338
412
437
342
105
861
670
975
720
711
362
416
675
889
831
392
907
20
909
840
235
944
451
57
776
157
631
733
613
859
856
303
623
645
646
728
506
668
55
226
380
417
994
407
658
825
799
565
846
708
405
433
653
208
490
781
366
473
867
331
332
723
635
307
369
281
35
875
301
90
454
681
859
448
88
517
274
239
82
472
300
839
905
305
48
747
86
766
220
953
97
553
677
732
212
398
365
600
273
667
42
727
700
902
528
789
771
154
380
854
978
680
45
235
337
445
982
776
211
202
729
309
107
758
393
320
156
111
920
782
778
962
861
478
216
389
619
988
895
0
194
873
32
239
108
722
37
90
498
248
293
227
909
752
338
303
72
494
766
344
628
544
659
490
374
875
879
994
215
775
346
409
0
730
1
109
452
38
199
950
286
844
530
548
597
868
203
21
714
969
366
343
513
377
833
239
252
64
233
468
191
931
229
192
662
230
301
466
620
852
417
907
697
947
807
646
167
10
667
881
979
385
224
844
114
409
83
719
474
669
187
665
600
768
209
614
999
510
81
971
715
850
230
764
149
37
410
316
47
429
197
26
167
774
870
281
183
954
0
9
975
539
27
575
660
236
542
11
99
975
982
814
825
213
578
974
250
340
642
298
769
191
676
288
317
899
922
501
205
274
862
180
166
889
755
826
126
649
837
225
624
819
39
801
384
969
127
635
309
769
285
430
313
313
71
630
212
993
483
417
619
346
949
785
235
57
963
361
706
800
586
683
972
977
484
356
298
612
343
607
733
980
390
46
294
461
677
858
806
160
628
425
506
577
563
94
986
526
455
693
679
394
376
651
723
860
359
22
824
55
629
558
35
371
604
681
184
633
892
990
794
872
768
652
801
331
746
788
209
554
833
888
948
209
891
671
421
603
693
598
658
675
156
45
46
112
79
583
746
323
573
540
195
693
544
996
376
291
136
586
197
969
826
145
530
718
816
304
321
862
902
979
889
410
376
287
522
455
870
268
778
444
160
325
489
57
322
866
348
810
452
897
132
278
42
662
348
210
318
669
424
220
0
313
982
377
601
505
832
471
125
963
267
286
288
757
343
962
623
43
773
427
940
905
57
334
919
406
544
238
75
321
810
76
634
793
805
235
650
637
59
775
952
326
413
241
435
108
555
58
503
680
837
795
937
895
129
857
301
26
447
376
347
257
804
333
402
609
921
404
599
980
180
551
658
945
144
94
406
52
504
909
732
342
57
670
589
538
879
890
916
326
618
615
935
423
949
690
384
870
94
983
202
626
887
860
572
383
306
978
435
163
239
168
505
296
190
446
187
69
336
103
747
954
719
34
729
20
724
114
890
171
97
444
797
984
304
721
368
963
699
155
126
291
323
983
939
865
429
126
286
765
230
33
71
301
420
801
321
496
915
563
667
364
7
465
701
663
186
421
626
238
576
104
881
252
87
820
117
516
947
404
633
529
789
57
830
209
210
151
706
477
714
373
841
721
190
894
736
729
315
363
319
892
467
200
496
907
20
613
775
319
17
761
848
159
818
30
368
28
181
426
505
247
800
698
320
342
593
57
423
260
420
94
504
239
294
0
146
667
614
922
986
983
683
187
142
853
217
863
881
751
289
738
998
441
788
319
784
733
376
559
994
796
654
498
387
300
851
534
967
465
808
306
800
491
493
295
344
62
158
577
813
447
667
812
889
455
483
25
541
859
936
535
7
590
385
394
891
236
280
210
53
88
516
206
579
361
501
275
776
659
852
589
458
871
753
699
679
236
76
220
447
13
107
454
955
492
201
198
81
481
409
486
570
277
692
501
991
545
777
767
556
981
708
15
853
814
714
532
402
143
104
850
156
211
656
111
703
857
310
136
339
71
623
261
348
315
762
339
213
539
106
769
873
167
784
726
981
851
610
383
994
714
233
502
277
890
613
980
99
275
469
790
346
92
51
47
759
814
386
972
353
845
742
578
364
878
304
345
81
266
728
75
332
314
929
609
556
543
942
7
170
411
798
869
855
849
916
966
663
654
939
369
499
33
947
863
263
604
560
345
222
641
420
907
955
350
516
863
245
810
870
767
573
668
636
428
870
904
395
533
559
686
254
410
71
554
626
334
158
186
679
732
827
100
639
134
802
156
349
399
318
572
166
892
592
155
320
462
59
67
348
618
753
602
29
176
156
7
511
666
193
190
399
373
642
38
859
796
546
209
195
865
133
714
757
725
221
429
188
280
497
536
251
602
490
632
779
647
639
642
665
184
832
64
557
827
455
417
623
1
978
171
218
111
885
327
188
106
757
728
738
606
616
989
560
107
973
691
106
612
333
771
797
518
188
706
345
643
123
968
996
453
491
215
916
376
542
457
834
651
185
925
609
802
914
522
909
888
213
367
852
899
138
649
769
326
356
114
321
831
434
318
637
926
885
905
654
779
362
841
431
548
766
392
702
32
914
963
272
480
330
125
731
468
126
500
147
834
966
468
18
400
138
7
678
23
912
685
803
627
526
586
527
644
330
229
28
597
192
301
77
874
778
160
342
256
660
841
443
978
310
813
378
800
820
409
824
84
94
627
63
972
565
590
616
895
171
996
492
715
297
921
589
427
81
284
36
93
125
479
71
787
292
802
588
464
211
764
548
657
391
612
629
308
554
597
203
78
593
696
793
243
617
735
670
51
19
58
144
496
537
568
284
181
370
224
645
933
988
546
590
731
510
219
39
64
816
242
142
761
290
288
4
260
375
27
311
746
85
807
242
975
727
878
156
97
102
154
30
442
52
620
173
562
191
212
978
359
807
473
121
449
761
477
709
488
504
372
234
942
532
476
917
259
355
425
709
809
931
739
252
983
712
425
545
255
990
876
615
149
349
88
598
462
565
660
950
70
32
184
364
564
12
281
176
367
58
885
529
342
976
781
325
688
558
223
296
900
99
911
49
448
999
0
910
564
660
212
986
44
396
702
961
408
983
137
128
394
22
657
736
998
790
413
39
348
636
335
249
87
598
650
887
949
650
149
865
662
361
852
707
757
554
668
518
890
805
998
636
179
655
372
177
797
137
568
145
126
255
746
213
853
749
453
802
399
602
668
62
316
872
121
425
778
789
943
668
594
941
656
773
948
380
302
745
518
871
243
644
126
341
209
332
90
662
134
842
617
802
256
933
26
377
358
805
166
654
825
112
947
482
237
896
862
539
993
732
762
236
376
241
578
938
573
20
952
59
862
569
214
118
854
240
847
565
45
13
571
871
477
518
705
714
766
919
606
112
652
368
700
380
961
278
318
534
651
271
594
513
192
160
984
47
400
831
964
798
197
535
669
674
405
726
389
524
645
347
636
297
715
336
678
677
967
348
563
618
619
509
483
812
669
467
211
422
299
527
220
848
62
241
522
819
967
263
343
964
610
331
262
678
668
292
707
987
640
270
957
612
132
440
776
153
260
987
575
911
514
795
759
928
36
281
747
355
545
443
320
155
774
582
185
794
226
892
781
218
163
738
830
647
531
606
800
791
593
376
702
459
171
461
739
560
742
487
915
639
282
235
147
56
169
332
851
395
225
632
614
740
723
796
387
254
403
539
397
348
915
99
160
439
560
899
999
654
738
266
646
20
502
145
77
671
477
928
419
54
912
385
146
987
181
885
241
584
425
638
285
692
89
445
483
1
344
834
8
83
101
654
103
603
151
180
626
980
460
397
35
725
782
533
712
316
419
306
900
196
296
537
240
386
982
724
739
327
558
747
410
659
753
865
614
904
398
241
885
210
990
272
935
773
805
0
89
576
306
341
772
602
879
13
340
213
89
80
540
647
179
302
307
933
168
273
189
918
514
74
128
857
698
64
630
504
64
71
432
722
764
205
676
995
570
369
209
659
801
749
658
980
404
317
265
924
591
455
842
457
881
970
314
580
386
296
436
450
367
868
524
132
425
201
127
347
570
336
358
371
438
17
703
842
686
969
766
277
776
608
735
657
930
401
589
317
698
377
119
417
598
644
549
375
197
29
723
119
717
433
842
507
450
545
349
489
866
467
766
994
427
853
652
358
255
593
27
305
323
498
722
921
494
624
296
691
5
371
162
722
805
4
582
607
902
283
96
120
751
215
115
530
68
119
240
675
64
619
980
387
118
55
660
612
679
309
304
684
680
818
758
485
175
692
445
429
976
541
549
79
756
16
609
177
135
202
852
200
821
185
939
939
240
952
552
271
261
208
307
941
378
417
779
553
110
224
982
86
765
532
165
874
548
126
51
36
680
903
588
502
440
879
793
680
831
697
303
92
257
610
34
636
28
813
189
138
389
172
576
506
56
93
380
956
219
431
992
900
687
932
754
127
812
899
160
643
597
463
736
854
74
122
490
102
287
32
592
676
556
168
182
612
261
915
568
832
346
913
84
33
197
190
513
9
90
673
5
687
136
93
893
562
567
736
16
854
768
608
882
324
128
416
288
741
331
208
574
678
473
658
63
671
201
576
32
291
601
389
330
738
482
223
652
49
959
669
255
79
629
137
403
758
554
43
499
237
252
425
267
725
436
331
396
637
259
781
928
861
170
258
951
653
833
603
54
145
624
310
224
254
799
980
12
353
23
863
943
275
289
210
353
725
893
749
362
153
882
642
366
53
252
669
706
85
624
112
230
249
422
807
503
222
787
867
927
162
730
870
438
371
81
143
96
974
892
810
479
775
804
845
180
56
866
886
142
491
998
724
740
773
531
243
995
670
462
922
833
192
145
623
564
578
766
12
904
10
175
384
137
979
581
317
36
448
555
530
939
906
254
31
679
138
626
26
808
88
300
993
632
445
616
196
23
734
561
928
745
736
664
882
715
245
552
103
45
107
633
336
13
240
367
692
730
993
718
890
433
19
884
66
816
852
614
192
587
175
472
684
263
136
918
331
733
470
786
131
930
772
467
943
12
187
988
94
532
58
984
966
429
220
32
246
73
998
790
12
174
262
48
789
398
966
120
483
789
259
614
719
31
82
662
395
269
2
489
153
61
825
119
842
46
503
440
471
502
230
835
28
492
883
817
242
849
290
726
638
549
692
709
580
774
724
975
395
726
816
549
139
641
20
982
39
524
774
510
26
5
345
54
849
228
223
92
430
513
170
420
414
862
130
346
989
854
321
736
932
489
285
72
131
306
406
170
182
180
33
208
537
378
614
387
959
189
831
741
703
353
161
469
567
643
816
556
849
489
293
782
979
930
206
462
588
964
984
770
496
17
330
34
396
296
421
707
486
604
448
541
957
961
10
524
957
178
433
158
668
78
292
999
8
498
461
597
814
797
719
311
815
50
345
563
346
118
270
832
74
70
373
31
383
384
907
692
914
692
851
582
770
143
933
779
994
746
728
808
544
447
471
359
497
816
922
844
286
544
28
360
966
402
743
701
138
651
394
52
343
245
987
466
740
920
245
86
19
973
895
563
420
366
922
270
535
196
466
821
92
494
182
58
248
925
759
738
928
505
143
624
102
482
90
843
754
687
929
773
12
176
336
432
895
610
54
430
158
520
603
250
15
137
660
615
63
772
354
343
277
849
967
380
331
409
575
85
96
856
859
108
33
547
893
280
158
947
62
316
468
665
919
835
803
579
450
218
703
156
561
981
5
881
713
336
290
640
774
739
848
633
199
881
180
444
513
690
392
575
359
212
241
278
399
44
209
849
614
913
358
175
246
363
56
311
52
699
303
826
790
151
811
989
385
991
434
898
34
178
474
393
742
67
23
141
463
584
342
77
849
700
604
95
416
661
758
468
712
61
646
502
565
457
843
950
800
277
848
186
807
674
579
549
93
954
690
556
539
33
985
388
733
590
836
501
603
594
969
315
8
967
169
573
776
12
523
929
642
723
115
449
750
695
999
843
1
689
400
540
74
385
929
160
327
765
661
930
711
983
597
719
950
766
644
727
131
519
656
773
243
123
222
993
170
573
836
172
263
588
712
337
326
641
497
653
758
511
936
470
494
533
541
444
652
538
523
783
57
531
556
300
655
130
645
825
704
834
997
319
422
710
8
100
703
858
754
814
369
690
636
863
575
529
659
227
67
183
362
125
66
918
425
721
401
423
899
457
257
896
776
679
958
784
780
14
994
886
828
363
928
816
226
503
345
886
83
413
421
445
538
487
716
315
561
117
738
460
574
995
708
702
27
667
838
807
33
833
693
213
196
973
29
775
476
374
13
911
139
786
357
677
273
73
345
186
542
83
998
468
79
707
170
106
726
360
265
759
193
310
972
390
283
353
517
111
79
530
23
219
316
380
896
941
805
241
480
699
677
478
167
108
185
689
566
911
49
831
22
243
493
346
985
128
699
502
239
779
384
614
350
52
346
246
993
151
840
825
850
869
304
369
977
489
58
543
753
108
726
127
351
219
474
688
699
525
190
938
304
926
553
654
978
899
253
323
403
445
149
605
666
453
975
643
294
33
538
47
141
616
527
844
187
1
532
886
526
74
176
183
0
729
189
978
981
794
302
384
591
451
989
257
256
316
252
550
350
142
950
843
758
477
688
297
478
572
183
356
647
360
539
999
441
81
978
422
875
632
158
467
435
500
724
691
816
977
593
166
119
543
362
230
372
50
527
850
622
63
559
621
423
450
621
216
531
951
991
407
583
501
226
18
1
302
61
170
279
654
688
751
198
50
333
570
452
860
773
75
275
684
48
698
134
669
267
666
620
258
425
555
759
3
573
113
305
634
635
937
289
323
40
839
374
373
761
826
585
534
253
861
570
654
911
705
323
178
723
296
788
500
851
900
503
777
13
808
763
648
97
404
323
137
243
49
510
5
228
96
891
481
957
462
487
868
519
811
399
242
459
187
94
310
87
597
439
452
757
203
452
855
607
128
344
203
177
855
560
405
951
803
239
260
617
726
480
136
889
879
730
348
67
824
11
506
773
450
311
883
5
763
90
613
891
434
816
69
289
728
826
592
531
65
204
149
792
685
285
681
564
368
382
983
544
393
490
318
195
801
553
201
916
643
166
160
429
982
581
71
710
407
15
593
825
220
742
617
905
380
650
821
748
384
805
292
129
647
962
325
448
515
878
716
158
44
876
940
378
809
11
440
217
26
33
42
246
776
11
503
156
13
325
256
398
130
548
879
129
511
204
929
26
82
645
537
478
874
477
856
683
840
296
252
866
330
294
113
458
657
968
614
23
293
222
773
775
770
652
904
633
209
833
12
643
831
901
122
57
730
978
740
570
627
993
436
957
639
901
767
649
222
733
672
515
955
797
643
725
449
547
711
10
733
723
654
916
624
776
973
354
106
65
276
733
410
64
42
50
318
809
51
540
542
75
55
497
872
50
575
673
950
286
684
683
361
338
951
985
466
924
691
924
989
319
10
400
383
52
802
701
214
205
241
108
280
649
958
504
699
885
177
649
523
213
684
884
551
635
221
369
911
264
294
901
583
304
653
966
708
455
20
274
12
261
735
292
910
693
148
962
930
325
611
453
891
648
337
794
283
558
164
195
174
810
448
757
466
101
723
174
908
743
801
920
357
536
564
619
581
712
581
511
389
545
964
280
193
653
427
828
563
591
375
737
753
823
494
219
276
569
745
536
665
546
456
22
434
372
993
15
436
927
878
826
472
842
458
17
847
885
197
410
828
573
147
581
748
993
800
377
563
898
913
580
796
722
954
231
446
947
598
883
874
477
61
698
671
519
67
519
757
617
281
937
542
429
519
290
774
671
19
689
569
933
269
366
7
223
949
453
523
547
336
397
376
397
448
48
269
867
919
378
484
200
315
26
981
834
669
756
858
688
445
779
973
67
145
980
290
446
786
813
994
474
563
370
224
363
770
493
230
41
223
715
242
538
741
575
725
410
683
583
451
129
362
424
196
860
757
838
658
543
4
652
17
567
375
593
282
497
86
512
539
309
227
133
200
321
708
925
83
392
860
534
873
574
959
421
786
716
611
445
611
615
449
980
534
176
574
816
674
12
329
565
674
908
698
874
229
758
799
665
502
659
199
727
585
510
500
372
578
112
817
189
727
266
170
614
443
96
430
469
108
759
34
782
20
732
656
601
842
807
266
345
818
818
72
404
328
573
776
907
37
945
448
116
211
618
730
6
66
161
475
175
272
509
957
292
593
966
246
436
773
512
133
592
330
557
996
11
482
124
918
519
69
718
636
632
689
366
639
755
527
466
930
152
976
240
796
921
206
42
709
979
907
842
923
237
752
271
600
234
395
870
754
816
589
742
449
278
108
440
33
988
906
964
140
234
556
936
156
762
331
217
741
238
412
17
827
164
288
428
398
36
298
504
852
887
246
653
517
355
93
551
695
352
867
835
586
423
123
94
537
454
312
278
44
724
647
872
240
936
300
638
972
950
143
176
838
389
182
707
96
275
258
791
979
477
626
566
900
102
12
437
908
324
68
953
400
67
825
640
3
477
631
327
427
774
856
265
515
38
325
612
665
583
403
645
413
382
211
313
484
223
103
744
900
523
697
652
942
874
645
946
351
276
625
779
402
481
396
917
871
721
881
537
657
285
182
70
19
745
735
503
320
190
599
572
65
649
225
8
523
222
306
227
850
931
6
604
765
754
873
636
476
755
173
485
392
707
555
411
452
290
914
773
833
865
345
898
514
922
906
38
144
212
265
346
144
623
950
261
377
824
897
205
579
423
690
971
130
245
382
583
888
648
356
721
513
53
619
380
976
878
770
120
90
387
467
586
10
769
199
739
593
97
297
524
872
987
847
2
585
229
937
473
229
645
546
95
699
517
475
675
395
597
147
838
984
966
424
346
736
624
437
329
73
734
206
945
722
53
299
307
635
237
132
864
882
30
311
581
547
138
608
295
735
756
133
719
722
909
417
458
885
855
140
310
589
346
255
663
751
907
322
386
144
806
251
378
836
562
312
736
701
920
31
788
676
164
860
751
425
277
561
311
484
701
621
74
399
229
89
151
136
412
537
632
218
140
362
407
55
674
143
108
947
526
896
975
42
756
726
467
386
288
778
870
341
752
296
93
333
386
244
469
150
133
453
720
626
815
127
681
842
622
141
789
148
37
764
190
146
843
658
884
483
788
754
824
892
403
917
225
141
513
694
643
647
499
363
273
667
843
306
861
465
447
650
614
836
766
156
334
961
166
218
444
955
325
269
847
80
538
425
221
52
471
864
51
971
579
324
990
422
982
851
888
781
853
854
617
971
10
952
933
177
522
377
484
847
998
683
927
537
108
500
589
580
364
640
903
944
316
893
366
650
96
606
431
949
460
400
920
823
352
853
352
227
583
188
74
581
223
354
470
684
854
411
616
571
403
519
867
719
764
585
721
860
192
152
809
4
905
729
179
609
935
531
836
870
71
911
451
295
617
274
979
471
685
947
42
89
466
909
160
582
495
882
442
39
386
603
43
291
684
223
901
619
106
89
489
530
0
293
825
617
567
156
441
604
103
483
693
921
745
854
503
240
88
297
279
826
900
674
118
584
249
371
556
356
460
397
886
813
690
63
782
609
571
223
214
26
59
259
947
804
465
802
396
553
99
27
380
999
701
850
935
951
221
491
659
33
889
897
846
931
960
629
893
883
204
459
909
615
718
856
419
184
658
167
89
109
194
821
108
248
671
43
551
244
887
562
278
128
459
476
59
771
457
304
654
14
763
915
629
482
123
49
18
781
568
459
242
763
281
350
363
304
745
266
901
632
828
531
760
287
7
172
410
817
476
416
831
592
331
460
74
454
861
444
587
430
255
829
545
536
531
260
193
276
526
94
261
354
625
373
993
984
897
403
801
726
171
984
318
854
445
744
308
658
188
247
88
795
428
985
332
959
245
877
587
771
323
200
125
948
926
470
284
823
873
438
549
396
422
219
250
867
963
910
878
503
157
318
299
585
304
983
896
549
860
836
673
183
388
150
483
314
621
767
490
494
205
391
243
628
611
493
847
574
404
725
78
561
44
377
499
700
360
747
601
572
935
274
755
324
425
590
990
46
357
480
892
915
872
135
895
835
629
94
761
33
820
839
946
216
568
797
916
280
897
517
204
832
144
959
508
569
901
499
615
259
979
859
526
203
995
421
390
624
515
152
9
687
343
307
255
912
457
523
544
354
393
749
186
537
60
695
106
962
194
73
573
525
932
451
81
279
872
471
255
739
623
264
779
967
924
34
231
381
558
127
735
303
876
273
840
289
320
298
251
866
371
176
392
655
627
825
935
851
296
190
590
272
807
721
591
83
756
174
464
666
301
551
969
530
176
161
819
497
459
422
363
830
598
107
837
225
932
124
428
581
315
370
205
474
92
796
557
200
322
373
218
623
924
539
153
100
700
324
949
159
746
313
341
344
772
178
921
705
303
701
638
970
72
843
796
164
991
705
364
313
78
934
288
354
473
442
806
173
118
756
332
865
421
25
561
193
555
835
250
210
536
240
532
608
435
328
124
426
33
840
91
463
774
380
169
247
174
976
420
292
84
104
509
857
129
423
402
37
258
653
247
794
245
780
755
681
460
879
107
846
720
551
309
494
283
479
94
809
807
514
453
243
971
963
100
452
386
854
489
644
859
89
790
105
869
897
786
329
129
245
175
849
796
837
695
431
668
789
240
475
656
694
70
979
657
522
431
395
376
273
391
236
362
533
341
231
431
479
912
560
724
440
761
873
629
808
304
297
598
897
124
606
591
546
585
600
68
16
995
796
641
738
32
3
271
725
586
702
204
851
614
281
643
727
506
272
536
162
921
134
59
45
92
650
943
677
250
11
45
597
807
687
335
192
42
607
917
629
661
474
480
628
107
123
355
613
747
891
127
668
377
187
65
469
189
8
498
792
371
896
389
178
935
77
370
977
36
640
606
49
466
438
677
925
561
33
890
660
276
17
328
654
204
745
475
394
753
326
186
124
574
927
655
509
4
25
838
392
17
797
442
835
235
119
760
149
504
650
161
781
20
490
787
224
235
614
970
341
940
508
465
866
436
120
727
792
498
566
537
867
715
979
703
302
98
815
803
955
818
965
736
838
807
875
62
42
489
385
383
782
893
201
648
681
673
728
826
523
646
363
391
361
694
446
15
792
613
819
747
431
784
835
269
591
710
684
985
552
69
721
334
314
274
334
348
947
62
526
823
60
241
566
421
935
364
437
79
977
608
179
409
392
366
678
335
77
714
672
981
135
393
667
802
667
353
150
967
768
28
142
828
621
708
250
556
72
39
987
401
647
166
810
391
533
841
78
962
555
750
295
43
144
962
845
163
315
347
482
83
375
976
264
348
684
514
904
108
905
243
862
904
762
672
295
295
865
725
609
773
475
256
816
971
218
661
487
885
8
969
321
735
946
585
83
982
451
339
443
708
582
305
612
344
329
259
991
195
984
952
968
459
208
784
783
778
797
270
664
805
239
337
892
537
922
975
872
725
666
667
433
600
972
397
297
301
656
640
848
640
593
816
451
153
952
234
284
101
856
300
258
96
637
150
985
911
477
209
636
143
876
421
744
848
818
393
502
474
33
350
466
978
519
269
132
823
856
416
925
712
716
535
160
705
686
498
616
515
707
604
659
584
25
755
784
195
500
286
21
533
989
487
512
860
108
996
683
964
412
960
29
480
848
189
537
534
687
153
401
747
109
412
331
486
167
467
681
667
754
702
553
95
541
65
955
649
61
990
966
825
303
347
657
151
888
194
37
928
347
438
675
808
851
358
294
370
825
975
390
931
29
295
26
570
360
333
571
773
676
889
598
331
588
255
834
477
449
223
405
148
13
80
956
216
790
602
939
615
929
681
899
958
976
277
880
336
611
803
109
639
45
59
322
633
314
156
110
115
379
867
263
744
947
571
961
89
173
900
705
102
581
604
412
557
881
644
245
844
799
706
835
844
765
157
478
431
313
940
546
44
808
161
789
107
84
102
197
257
2
254
711
935
210
475
844
91
471
89
288
270
147
123
115
264
633
945
695
298
885
593
343
45
106
484
153
190
586
702
799
940
956
862
227
166
337
71
609
808
512
249
78
659
725
545
923
358
490
970
656
728
563
351
773
21
187
278
211
773
980
10
65
288
872
292
454
561
363
416
721
227
665
151
238
742
697
161
100
539
483
109
267
398
812
41
419
0
671
982
773
652
992
191
940
216
483
747
129
199
515
850
426
180
2
665
275
51
178
375
590
14
836
858
412
649
251
832
649
922
814
774
926
159
965
219
727
801
966
857
352
833
59
778
13
413
795
640
464
326
16
407
340
204
617
752
205
220
936
854
142
103
981
421
614
298
640
341
99
958
550
451
791
610
582
156
375
729
797
192
55
165
599
747
721
568
500
927
788
788
781
282
243
114
703
857
413
695
551
864
653
101
668
796
63
602
953
791
683
102
983
739
267
934
838
988
502
338
915
642
479
49
924
722
515
980
932
280
675
483
497
681
936
165
477
0
119
782
791
802
884
126
893
503
412
732
844
914
422
111
908
901
512
184
976
28
164
908
308
192
743
805
873
679
322
702
679
793
837
822
596
73
300
841
577
712
573
773
978
348
884
886
601
749
71
577
777
587
837
437
779
580
595
4
260
269
59
291
63
896
466
11
969
766
852
898
831
778
671
809
126
908
48
727
657
471
657
786
58
494
223
190
75
170
546
687
440
605
978
855
501
444
866
823
563
70
721
394
200
745
555
326
5
603
406
14
426
415
800
837
909
375
27
336
546
573
23
338
531
354
193
384
150
411
207
713
481
281
459
682
378
367
360
383
322
118
397
749
533
549
586
795
924
965
483
822
890
507
512
421
213
705
806
363
468
365
429
302
646
888
336
376
255
696
759
578
167
508
679
52
57
265
847
334
582
331
508
472
190
21
246
755
78
404
118
547
121
547
849
768
788
185
144
395
233
256
973
752
116
4
805
174
621
4
860
203
687
368
28
229
389
626
984
468
30
455
367
151
2
216
271
142
753
768
538
338
376
863
443
492
868
600
18
489
604
878
693
644
247
73
873
988
699
210
456
81
665
823
232
667
391
856
810
496
624
700
187
0
563
630
844
431
230
863
273
186
741
318
830
340
391
56
329
90
266
137
171
931
961
755
950
704
611
112
201
587
812
740
939
376
370
784
159
952
647
432
138
388
102
969
81
493
25
410
583
291
547
106
574
860
862
524
565
825
637
118
765
449
858
704
177
580
840
337
532
487
121
670
228
224
991
309
69
16
719
5
659
618
111
233
479
325
758
396
503
395
866
268
196
76
324
374
656
165
63
188
4
536
210
232
760
202
893
182
570
964
187
230
583
650
815
414
328
925
810
831
672
28
451
869
104
127
595
760
292
658
300
649
194
510
233
307
712
127
489
283
91
28
865
26
678
680
440
358
958
602
189
630
630
992
851
734
120
446
846
764
456
146
765
651
657
999
310
721
126
151
4
569
179
221
596
209
902
36
568
860
639
109
842
621
454
694
708
926
492
554
42
949
53
808
600
710
807
262
783
933
413
788
854
944
9
450
505
263
487
425
475
478
887
670
99
341
364
807
267
856
714
309
805
767
117
757
829
276
371
612
561
136
752
416
432
114
866
938
729
705
715
205
535
602
875
635
943
591
794
562
799
860
224
957
627
693
66
456
970
438
421
531
574
173
299
7
639
166
297
369
223
12
926
759
615
153
746
910
744
892
825
895
753
49
852
732
742
919
189
712
357
962
596
283
487
895
290
127
413
587
496
637
600
774
396
567
927
142
477
23
34
302
918
139
703
771
872
446
690
413
510
399
375
106
682
214
354
973
341
767
912
189
756
864
963
152
431
242
646
261
265
33
915
184
172
619
307
396
65
997
809
927
748
536
386
430
751
740
755
92
859
668
634
616
532
949
120
316
192
767
929
457
152
844
993
324
463
300
721
880
649
882
160
397
419
546
828
522
638
935
614
497
603
600
465
488
550
586
156
94
353
85
551
505
929
897
181
745
197
254
977
199
489
137
596
908
683
776
430
673
712
396
171
667
349
636
155
251
222
663
345
927
748
248
784
30
145
318
127
695
924
104
894
413
594
490
673
629
619
103
303
331
852
826
998
201
814
506
804
389
521
149
316
622
397
453
652
895
771
131
590
47
587
484
461
181
326
134
163
945
590
466
628
442
644
979
995
458
485
799
847
358
300
164
980
697
969
632
592
92
115
182
139
703
18
600
236
697
735
751
994
677
217
623
119
213
602
466
672
439
617
519
797
917
35
778
966
4
762
559
96
230
93
588
285
464
188
521
513
275
625
507
952
194
482
423
408
84
241
80
875
210
599
25
127
635
155
446
991
917
357
440
499
802
28
784
266
568
658
779
196
283
639
148
477
121
924
885
206
165
965
433
376
917
458
855
552
613
653
895
883
10
335
382
813
363
167
431
284
177
211
480
460
850
628
937
971
904
823
529
422
140
315
150
57
125
5
961
91
11
857
974
21
192
708
186
908
227
618
192
404
829
672
864
31
652
154
354
557
977
236
979
117
551
129
527
28
486
488
119
849
345
445
871
538
506
57
798
733
675
990
490
856
14
706
239
666
860
594
575
189
182
906
659
85
387
186
113
226
674
585
75
20
30
946
910
536
356
708
622
383
698
464
240
712
170
831
730
383
777
306
572
959
212
231
44
600
417
510
826
444
95
901
464
477
200
374
366
556
434
340
291
132
156
531
196
326
715
926
61
492
232
986
452
797
569
848
749
339
710
575
783
157
828
599
987
380
973
353
288
407
45
580
891
201
463
87
879
178
365
941
671
950
927
475
747
848
675
848
187
386
775
970
895
603
569
882
984
894
235
272
653
280
204
544
833
668
983
713
846
701
654
517
651
933
344
750
133
20
598
321
758
373
643
653
328
213
536
664
459
771
937
113
404
141
9
237
161
345
302
8
46
956
877
697
241
222
799
375
594
397
48
352
122
691
5
450
256
893
115
716
17
404
181
421
897
190
10
59
887
313
419
933
621
296
982
215
870
133
942
464
882
990
168
4
33
526
807
290
419
274
358
436
30
539
209
927
81
220
338
969
885
757
254
858
406
589
73
276
722
367
93
605
709
613
961
743
139
768
33
911
394
743
699
424
282
909
352
363
481
42
684
718
800
939
576
558
528
2
186
250
369
279
207
79
245
169
174
736
289
559
647
684
302
347
460
584
608
164
299
89
207
984
807
359
923
735
917
803
737
103
405
459
735
613
538
332
134
64
68
775
623
68
811
925
767
272
861
375
436
160
816
995
144
975
706
419
710
623
222
800
79
628
259
166
593
797
498
727
213
918
502
836
986
666
113
753
938
326
480
726
486
296
74
983
271
780
402
334
756
977
134
187
605
393
353
198
542
203
277
755
473
131
943
460
797
56
565
87
382
46
814
220
694
888
555
318
20
958
652
776
287
138
963
892
531
668
442
73
223
719
180
697
850
123
509
648
531
74
735
265
472
901
837
167
141
393
837
162
703
489
290
990
627
606
234
510
274
676
935
498
395
115
547
597
590
56
597
121
482
685
738
955
586
575
474
80
320
311
594
375
152
884
365
779
490
599
641
117
627
576
967
374
691
514
972
281
922
569
754
404
254
844
359
193
771
185
625
92
496
219
467
648
455
185
779
298
136
420
767
764
996
734
138
39
600
462
672
522
32
426
926
638
270
638
183
394
823
808
486
320
379
305
320
187
842
452
837
979
224
604
743
221
690
233
612
290
696
285
812
80
711
738
70
334
728
606
80
552
766
566
224
146
223
544
685
66
348
874
45
573
478
140
146
168
725
758
810
773
43
622
205
107
712
628
793
441
234
873
345
0
791
569
498
14
465
183
432
814
409
829
387
887
321
885
407
47
643
569
172
39
543
378
146
256
358
291
49
592
164
394
592
955
963
443
321
780
978
106
594
388
935
333
627
609
218
35
8
214
956
180
253
500
910
751
756
268
42
157
212
206
903
805
513
218
600
186
998
578
292
593
966
580
278
594
189
497
981
549
63
937
81
316
437
992
419
545
612
461
702
825
19
957
982
532
175
582
70
174
160
363
767
479
295
45
425
836
894
406
385
309
695
466
977
133
810
396
30
775
857
85
600
876
42
934
760
218
868
183
392
380
546
511
859
193
908
284
29
155
42
766
464
738
584
442
223
747
838
253
522
48
338
474
276
381
408
37
951
276
220
343
8
118
854
868
663
762
504
44
269
899
810
734
637
746
176
860
493
14
465
367
62
804
841
339
537
601
728
488
229
300
831
238
770
37
458
433
151
962
477
421
861
639
155
850
737
683
62
583
697
528
950
112
332
792
803
221
745
883
709
975
535
892
213
305
281
23
90
432
337
919
205
551
910
712
401
647
395
464
230
445
344
181
909
28
325
712
249
422
947
310
397
482
202
962
787
835
985
229
619
323
148
825
874
58
889
627
705
637
443
288
82
787
821
991
815
498
55
416
920
354
726
318
836
280
632
975
115
970
204
87
645
352
912
519
410
153
498
467
790
942
755
224
729
576
567
897
426
622
313
347
328
40
17
164
672
649
491
788
971
695
875
616
399
139
135
809
644
986
629
435
928
736
659
9
665
227
906
91
201
572
438
530
612
807
46
636
457
890
776
780
585
3
397
985
142
884
146
139
870
127
574
798
864
585
808
529
164
66
620
718
638
411
600
602
218
646
239
675
536
15
456
474
19
205
811
513
89
309
652
960
437
578
110
653
516
918
182
680
337
802
398
975
213
998
930
432
997
169
459
885
536
267
711
555
472
522
421
914
184
425
874
973
4
984
626
520
255
808
552
592
962
951
919
176
301
201
960
298
370
771
536
259
391
247
814
215
122
587
129
306
13
355
279
369
340
905
241
947
713
793
891
675
96
810
203
750
12
515
400
734
639
936
993
382
536
160
949
658
99
79
964
112
786
595
833
478
500
74
425
565
220
316
592
668
479
148
770
491
663
171
577
654
459
923
36
995
83
986
653
534
417
969
647
203
564
832
682
64
907
459
629
479
776
574
499
255
722
270
98
385
793
27
392
252
950
780
248
385
766
253
920
535
223
919
91
787
751
125
204
10
584
185
841
360
759
341
967
481
963
65
219
756
93
963
360
395
743
608
781
862
214
701
397
437
620
488
576
723
965
780
734
550
318
575
910
77
268
230
911
231
295
130
339
740
93
700
136
188
660
917
50
874
970
448
311
942
288
240
665
254
20
399
156
690
327
66
768
595
648
679
827
944
161
166
36
606
866
172
794
527
441
197
753
763
645
417
705
285
657
371
891
29
122
47
720
449
466
840
45
114
519
224
410
32
742
447
990
961
971
136
840
413
333
593
176
330
10
234
616
667
605
859
49
79
907
769
529
373
609
926
487
480
150
898
864
892
697
854
205
668
342
45
81
676
639
610
358
649
196
326
669
801
186
718
232
445
839
761
818
448
39
657
280
541
907
144
786
604
350
991
625
692
37
58
720
676
668
431
677
864
757
698
17
295
416
250
740
255
363
558
55
755
568
335
296
827
831
82
784
181
426
409
226
463
467
298
491
488
729
168
352
839
867
722
134
635
324
875
243
39
785
650
794
705
986
443
533
169
877
317
703
303
726
929
766
545
579
609
33
309
778
738
148
997
460
634
984
136
509
227
175
647
878
322
352
216
117
885
385
994
554
88
298
632
369
416
178
949
26
563
610
156
301
110
505
113
744
841
249
254
69
777
253
299
451
605
867
568
843
604
914
397
693
564
382
414
981
912
715
359
475
325
867
777
435
724
242
180
565
492
786
986
621
39
285
424
996
504
344
839
109
258
589
154
823
971
568
156
883
284
867
358
609
86
487
397
810
730
929
727
574
715
714
547
106
351
971
102
856
667
942
317
925
883
471
100
854
39
608
737
675
475
447
637
913
935
34
75
665
963
803
591
30
869
138
136
220
109
590
428
128
884
745
53
767
216
506
621
608
114
710
283
942
158
920
855
445
306
283
462
621
86
53
651
955
191
139
527
652
730
308
780
614
53
185
734
622
691
707
582
158
418
217
452
928
490
659
373
796
942
835
418
28
888
421
335
431
561
863
83
643
171
863
257
576
400
343
550
92
51
132
602
821
350
54
749
840
713
474
988
656
661
758
36
549
180
372
332
741
235
415
384
758
630
993
686
30
689
237
474
92
721
76
913
423
130
14
263
196
488
604
852
149
362
888
50
894
260
382
987
847
149
723
957
131
69
644
513
758
233
988
850
954
64
115
378
547
129
993
743
617
597
947
118
312
187
168
558
448
902
546
647
403
269
605
534
690
601
47
448
834
387
650
788
804
765
166
351
894
512
446
863
461
393
333
773
932
501
684
380
755
230
380
510
851
337
44
542
938
444
342
772
831
345
912
635
110
431
986
357
943
784
572
404
529
906
530
462
759
214
194
867
444
574
377
647
263
422
189
201
866
884
325
697
229
238
685
691
21
671
400
964
808
973
368
337
231
250
151
990
464
346
857
260
272
235
908
888
9
449
89
227
685
767
276
266
357
961
958
378
985
358
342
793
683
62
482
914
665
986
257
129
332
466
742
956
701
2
844
62
803
286
289
489
405
918
755
762
879
65
492
216
776
834
361
459
248
844
726
265
182
983
395
514
449
489
822
503
491
19
917
294
657
559
783
62
477
891
824
708
956
316
925
732
502
286
192
102
482
270
368
664
605
115
530
406
604
705
261
95
724
179
741
381
738
525
443
567
416
619
627
724
287
552
457
789
191
1
243
25
271
611
42
228
78
924
634
682
629
896
129
705
427
871
438
517
748
233
84
164
852
711
240
491
616
697
280
159
698
876
184
321
839
578
549
918
503
184
952
132
432
82
190
859
305
628
376
53
862
812
569
66
523
809
558
491
507
190
650
557
66
187
879
258
765
780
176
620
316
128
105
748
562
295
607
867
275
335
920
137
147
489
556
23
299
466
866
158
656
869
715
75
56
946
333
173
727
861
794
43
989
899
144
552
546
103
771
821
439
692
311
938
533
219
313
184
685
180
342
693
49
410
120
457
708
805
630
787
666
776
183
8
27
327
912
573
782
683
747
573
727
410
512
261
629
177
797
314
357
492
359
758
902
480
567
962
285
198
750
304
326
285
312
706
612
224
631
746
259
378
320
987
788
184
600
417
361
397
83
71
889
795
181
143
275
749
106
912
299
208
216
625
493
880
331
457
456
963
203
716
693
523
703
834
707
303
603
421
52
687
844
942
482
25
85
109
774
543
373
73
751
942
51
244
822
734
53
279
49
257
995
743
132
50
929
192
705
532
965
757
571
809
699
405
834
785
514
609
680
240
34
432
182
85
28
4
820
82
283
869
691
630
964
175
32
893
367
737
778
684
495
349
493
546
755
328
683
621
289
364
861
675
796
43
761
176
400
933
258
35
154
301
666
471
477
698
716
196
788
494
881
283
844
726
829
951
54
865
572
695
229
434
371
25
829
484
201
229
769
812
265
923
465
283
746
942
333
463
491
121
957
724
756
153
450
938
104
857
803
677
904
32
463
627
409
644
111
962
226
880
126
491
156
592
126
902
886
811
717
729
933
27
453
41
180
256
331
285
465
486
314
721
870
129
349
279
773
812
594
999
693
720
842
201
312
320
455
199
132
525
928
417
552
734
458
732
342
142
369
159
628
683
880
499
164
229
130
290
42
724
641
87
797
836
640
109
156
95
660
288
620
941
705
172
27
516
257
721
10
626
880
638
662
760
489
178
342
620
468
384
696
462
823
493
298
463
955
454
910
967
95
531
260
152
55
287
20
664
360
30
291
240
669
305
1
158
483
343
130
304
79
827
766
902
672
64
365
627
870
275
595
965
158
207
470
566
847
490
230
207
521
873
448
542
178
801
52
14
496
183
318
575
362
84
829
34
500
194
662
370
821
609
688
332
816
158
250
663
648
832
871
521
706
671
415
236
472
468
250
320
3
920
895
365
4
76
751
856
622
765
227
443
374
915
127
543
73
377
558
73
562
781
595
268
452
362
856
276
830
459
596
185
379
843
902
736
919
654
592
541
419
171
337
146
86
816
689
511
546
599
937
108
381
884
728
185
246
584
814
77
395
762
614
127
958
517
215
229
171
159
771
590
331
460
736
769
276
777
633
822
729
570
282
462
454
10
647
700
947
813
129
342
928
744
821
886
261
36
115
432
196
238
374
879
698
463
648
327
592
281
501
321
203
784
783
657
794
783
358
741
596
839
436
876
583
257
762
196
646
230
980
842
468
355
73
519
818
721
846
762
355
347
84
910
483
867
568
278
2
278
371
951
469
159
827
53
769
590
601
415
820
582
609
640
937
682
159
107
755
357
869
462
57
953
373
540
173
293
170
175
571
894
478
40
405
306
445
174
896
47
589
68
629
550
60
918
232
572
25
340
929
246
802
338
552
527
231
77
820
401
604
743
647
83
136
53
389
933
579
637
980
521
57
961
71
117
231
304
689
256
644
971
855
798
661
407
326
892
836
146
646
440
890
293
523
378
698
912
311
278
901
644
799
958
605
870
76
837
526
117
445
522
440
300
321
102
59
647
994
895
145
640
688
387
286
211
765
984
476
77
614
377
721
413
688
678
636
116
867
514
585
313
37
26
965
710
480
377
709
474
624
854
467
312
594
105
876
359
89
352
788
56
81
861
821
121
540
457
237
407
324
823
72
361
201
390
423
681
767
132
507
391
338
974
704
932
79
580
644
521
284
784
929
717
646
750
839
538
560
76
297
884
251
370
597
804
760
20
485
879
504
993
270
842
319
326
127
399
906
123
272
542
907
201
260
553
951
451
443
863
879
741
747
131
463
344
935
223
716
773
102
220
766
724
415
85
51
894
836
309
17
460
204
924
13
464
478
965
915
921
180
794
14
928
277
477
624
565
52
693
338
506
265
456
231
680
893
634
574
730
943
943
542
147
868
556
963
698
873
230
971
53
377
986
333
654
463
958
571
516
3
909
22
268
365
605
301
259
239
227
341
535
171
235
34
39
791
998
737
664
228
60
718
957
46
403
612
862
361
535
730
716
445
104
985
162
710
286
773
949
865
466
484
36
702
871
75
493
869
164
510
449
225
580
407
623
983
371
485
697
906
567
413
703
672
398
866
382
36
991
683
902
458
520
290
160
391
718
5
260
234
515
61
459
95
820
435
79
191
272
776
450
840
189
153
512
940
371
894
328
363
577
582
821
449
873
333
840
591
338
100
825
206
514
637
301
334
72
732
526
696
508
328
536
50
481
400
342
205
294
670
568
224
605
741
673
478
426
866
69
116
318
246
322
832
883
624
167
307
356
45
356
217
373
892
619
206
293
313
411
939
983
331
515
940
424
541
418
850
407
839
967
725
86
289
910
321
265
429
981
974
474
337
543
199
229
162
757
874
475
521
166
810
204
681
751
629
574
521
479
981
361
798
59
799
88
969
120
705
750
453
679
576
790
222
127
372
736
884
598
211
757
764
374
962
798
125
591
372
998
422
706
359
221
765
158
661
86
631
366
836
436
46
764
227
620
891
951
357
775
549
568
885
666
294
847
464
771
790
188
770
212
894
129
785
11
640
446
97
623
813
285
59
211
49
638
831
940
941
188
68
491
109
953
509
403
152
973
175
942
161
945
506
408
426
292
419
418
90
517
393
255
154
453
466
556
443
650
848
385
838
916
228
299
221
737
55
373
62
230
667
575
527
174
983
305
818
403
724
908
272
117
516
778
922
982
334
718
984
183
455
175
451
35
474
673
772
529
46
186
111
714
113
990
240
97
296
58
852
372
318
476
841
834
254
116
169
941
834
153
476
641
328
927
676
155
952
800
684
351
986
148
417
451
138
657
548
786
67
752
158
385
580
352
572
835
468
93
128
654
246
604
295
927
883
323
82
836
123
118
187
461
618
604
264
757
613
813
895
680
917
406
417
498
758
341
685
578
434
165
232
681
121
879
960
4
554
394
192
677
512
731
490
131
687
754
240
300
919
487
332
189
893
102
39
651
443
724
229
878
241
813
559
362
44
871
718
598
265
911
627
129
994
469
612
682
224
204
334
495
692
19
36
585
121
75
589
564
799
170
442
40
336
353
754
380
224
473
979
841
384
958
971
730
428
583
412
4
788
99
499
832
470
888
769
591
963
710
507
115
881
950
507
569
655
262
949
232
735
280
73
471
239
44
201
19
980
966
23
120
417
874
304
887
762
73
830
726
784
337
841
17
287
348
586
943
962
887
175
697
520
600
520
111
997
722
130
977
40
153
449
457
27
753
344
142
178
174
868
962
511
61
331
151
761
269
446
724
157
973
773
677
573
294
140
570
16
270
899
56
775
700
865
802
453
561
296
984
735
164
298
598
577
630
101
339
899
547
63
408
872
836
437
446
130
577
16
498
847
268
906
622
968
771
777
774
332
73
758
419
590
56
370
167
38
823
506
938
371
921
698
595
758
136
41
240
713
410
739
561
678
997
535
998
769
312
772
453
738
882
873
328
939
595
847
977
418
354
267
141
275
966
737
385
454
778
626
167
188
717
80
218
66
616
217
835
280
341
289
18
224
514
698
515
109
546
844
527
252
112
669
527
430
406
265
884
536
243
403
77
312
484
295
378
100
864
214
380
206
855
751
782
721
449
297
830
347
141
709
599
605
730
479
35
488
744
271
25
987
675
102
299
159
749
677
611
966
243
343
524
450
94
306
171
896
603
353
243
744
63
195
702
145
674
737
634
418
361
659
757
36
113
56
547
214
85
158
180
681
501
56
131
948
362
655
196
317
8
791
414
423
986
116
569
660
205
555
430
566
214
187
954
679
595
501
245
681
11
426
714
513
482
197
813
197
852
9
514
213
152
280
988
139
396
909
799
602
464
230
520
30
417
475
61
13
976
307
46
988
85
112
853
567
309
18
116
514
379
983
727
531
263
67
670
12
977
822
614
793
404
134
824
173
961
885
538
938
544
584
278
629
696
483
549
358
501
665
872
880
648
951
411
264
18
434
276
347
256
242
493
660
728
317
185
690
554
724
980
99
660
258
80
709
93
629
67
594
295
939
826
295
242
589
911
612
23
187
960
631
781
453
643
510
122
829
552
28
553
884
479
213
142
560
922
587
189
341
181
836
632
359
484
874
948
395
487
324
935
799
955
68
604
951
930
78
780
834
106
685
718
938
250
212
850
525
799
39
866
980
228
499
339
64
373
640
811
212
964
98
363
919
167
967
870
97
397
2
932
856
687
650
794
290
863
644
815
14
35
681
995
615
532
686
679
258
326
843
470
642
941
186
562
108
153
784
558
903
139
842
759
178
844
905
468
59
549
635
74
936
317
421
904
201
459
935
459
138
778
282
780
720
468
694
180
973
479
738
876
970
932
987
148
777
892
617
836
793
252
262
82
921
683
986
475
495
921
934
633
700
568
413
772
36
108
952
362
939
43
238
909
975
226
57
104
470
26
293
264
631
555
346
904
591
332
379
86
605
666
719
657
234
132
429
623
592
734
985
531
777
575
792
752
801
202
857
624
228
150
888
211
57
234
116
648
918
847
86
875
513
157
533
100
642
314
723
234
48
708
118
825
283
910
930
437
112
139
61
693
641
301
904
698
887
372
699
157
572
137
32
85
295
917
537
937
232
260
171
280
320
289
458
956
552
388
393
664
879
806
709
520
459
966
570
346
338
621
855
910
759
887
348
54
157
237
991
389
498
514
669
818
156
479
126
708
867
871
724
98
677
434
618
488
400
541
186
90
162
41
353
921
281
53
975
438
290
318
827
788
833
848
959
989
328
85
49
547
957
773
646
986
207
616
827
959
157
13
50
672
407
403
593
688
456
921
478
98
591
305
239
424
505
198
765
185
635
814
85
944
940
83
283
147
51
110
459
209
475
509
233
882
264
826
922
72
99
400
170
691
57
409
467
915
959
233
100
947
399
537
891
339
620
526
839
672
988
298
233
464
159
466
698
423
644
621
495
744
21
17
435
431
427
902
346
738
487
446
685
887
984
929
578
956
455
417
628
444
67
213
260
226
679
958
1
676
931
496
420
953
866
207
384
293
461
82
383
949
528
69
188
864
998
766
173
805
536
153
249
603
367
861
830
398
820
831
74
103
680
494
56
898
701
792
543
163
874
926
464
755
995
652
971
345
770
144
151
306
298
400
910
17
614
92
415
786
275
490
889
307
336
298
205
38
90
748
553
317
675
369
424
22
373
395
368
143
892
519
450
542
271
360
559
885
804
974
671
79
816
913
387
153
211
944
543
653
693
448
970
720
817
394
94
190
142
462
333
386
333
135
280
605
495
839
842
651
165
866
731
334
779
470
487
990
414
382
643
459
830
966
179
999
712
274
189
206
88
874
592
422
10
872
379
857
63
221
861
581
87
592
267
218
62
754
208
828
488
204
288
318
522
819
317
234
445
858
441
534
84
385
308
446
610
687
656
25
260
517
958
348
461
225
918
875
331
479
703
819
683
991
137
557
163
806
791
608
16
584
494
101
970
154
899
932
193
555
957
454
72
916
154
885
493
72
760
825
551
464
644
586
807
134
143
970
940
287
579
957
871
425
410
193
580
309
125
773
865
435
227
289
351
733
175
844
806
935
21
709
751
666
296
559
800
439
529
92
726
460
401
950
238
811
143
818
121
621
943
338
56
523
979
759
256
506
955
414
794
977
124
545
995
420
104
147
211
986
239
290
798
641
592
36
804
735
206
277
708
150
967
764
673
947
875
281
805
831
696
599
160
172
497
155
592
601
654
155
939
893
797
738
886
389
126
43
477
333
320
185
483
288
302
508
587
177
141
744
360
837
344
520
9
841
27
953
794
681
461
86
927
258
176
813
0
302
856
477
635
529
662
470
817
964
330
756
142
472
500
502
661
196
375
671
389
402
976
536
436
789
622
363
48
798
528
48
100
385
877
88
914
539
558
83
856
241
191
350
713
43
852
374
592
579
397
981
334
726
869
770
515
843
133
563
641
661
963
94
398
840
534
664
732
444
99
588
685
642
938
398
686
142
125
630
74
522
963
408
248
833
178
764
676
663
679
670
676
995
116
75
187
650
91
919
94
543
859
132
185
797
882
223
292
7
853
366
882
817
774
482
2
304
598
30
967
630
700
643
625
816
70
812
818
514
84
265
57
943
749
242
741
631
466
385
991
671
751
873
840
525
707
842
181
306
873
148
288
925
143
913
94
566
77
264
80
161
529
137
105
630
379
198
262
197
583
253
221
686
478
61
563
537
256
744
195
481
244
483
406
387
396
852
953
826
117
33
339
998
522
444
629
902
994
243
451
929
848
672
615
678
86
530
215
342
274
411
823
518
894
581
258
643
786
211
821
255
597
160
253
119
957
234
373
951
829
825
233
677
849
200
355
935
731
571
629
5
334
804
876
228
738
134
223
524
697
44
779
294
205
384
766
162
971
139
465
800
316
698
830
166
251
185
453
982
108
83
339
442
887
215
23
977
701
246
501
751
291
632
45
848
369
163
362
340
303
827
492
971
878
322
137
129
860
943
111
968
378
802
763
265
370
786
595
71
384
96
174
27
81
220
875
450
735
237
142
38
417
634
10
647
309
499
776
521
794
239
841
172
41
604
790
763
742
385
187
127
481
361
154
562
581
382
364
669
971
506
707
388
493
69
35
154
921
163
675
715
402
868
888
796
825
678
559
567
63
746
46
896
108
553
811
41
935
175
710
906
34
770
295
879
191
682
33
112
846
60
180
600
928
68
396
105
98
956
25
161
54
71
409
162
624
572
556
559
748
618
818
134
388
113
13
580
147
398
44
993
458
224
594
738
292
342
844
742
298
869
255
705
292
665
219
917
237
775
828
337
394
646
823
782
111
836
714
259
234
759
604
44
335
550
135
980
893
331
722
543
552
978
248
844
995
468
113
232
595
294
922
989
940
745
124
404
934
190
663
520
949
619
917
637
170
52
617
63
383
339
958
935
669
207
131
664
27
245
249
622
539
171
964
831
268
88
235
554
278
250
75
580
870
992
217
392
44
834
807
779
525
765
714
195
324
845
859
351
442
108
326
333
631
290
165
252
730
752
806
8
3
881
940
225
225
509
617
269
343
776
400
221
893
114
416
218
312
627
921
106
88
599
440
719
889
957
971
619
709
778
980
712
11
920
289
237
430
906
858
125
34
259
346
928
725
114
146
37
94
419
496
182
19
936
253
908
893
577
880
602
355
860
667
718
132
956
955
562
215
814
40
249
73
738
177
798
205
675
188
299
447
36
833
466
972
86
726
217
663
958
171
370
818
190
89
303
147
396
865
362
562
257
963
987
996
493
138
553
520
326
852
967
714
685
785
686
123
512
255
139
470
778
509
641
969
950
944
116
699
161
830
261
419
145
249
767
638
387
320
511
65
524
478
779
209
264
817
684
128
424
823
598
202
333
591
171
635
535
639
334
49
821
948
468
967
197
587
957
936
907
468
353
783
299
132
344
915
301
28
43
725
852
993
279
537
585
451
172
472
442
859
521
264
807
989
583
356
928
892
292
187
713
645
970
12
129
314
927
430
343
970
507
195
315
786
84
900
589
256
373
32
467
894
648
274
236
231
630
164
475
274
704
188
919
674
200
400
989
479
830
684
801
337
231
117
476
315
17
65
923
390
97
743
637
97
17
225
680
0
389
156
626
93
344
898
120
897
298
461
376
481
145
178
818
376
295
646
43
664
712
318
407
161
61
44
259
431
269
939
431
10
95
409
456
792
307
576
689
606
37
65
87
534
595
257
262
890
904
305
555
968
623
962
129
685
358
740
116
979
680
899
989
127
308
797
919
968
373
960
574
762
378
13
296
973
270
558
216
526
863
771
494
839
85
624
876
795
364
344
774
396
595
115
876
255
913
147
223
638
108
149
401
486
162
49
459
433
608
675
311
823
798
806
14
235
782
890
382
498
586
508
895
181
624
771
789
889
918
12
879
378
162
280
864
676
330
676
109
290
351
773
113
502
579
128
89
361
370
472
859
309
980
106
842
956
229
631
197
500
996
77
878
158
709
743
834
391
771
296
681
474
421
147
976
0
627
66
713
349
890
572
658
870
31
501
179
260
132
376
760
128
805
991
638
515
734
825
906
857
473
940
331
894
87
308
246
714
726
959
63
616
883
74
838
914
575
369
527
59
98
287
188
903
278
178
418
364
3
677
221
828
617
553
722
704
213
968
770
291
279
185
259
163
259
97
429
186
819
956
246
917
596
786
820
226
964
591
591
320
268
164
500
237
69
575
293
634
895
415
925
175
600
184
690
212
634
119
398
805
76
996
722
672
782
894
898
99
485
841
771
105
358
271
342
779
198
635
414
94
50
691
621
3
228
311
567
214
430
965
19
506
314
741
530
448
987
781
547
473
974
670
930
684
294
273
464
492
260
230
938
663
273
559
18
501
870
585
715
301
902
86
159
216
179
42
665
167
175
564
640
149
587
922
186
881
547
2
725
808
232
664
823
857
223
841
359
94
426
426
747
680
513
258
897
44
300
914
211
475
830
203
977
417
126
515
298
673
517
376
833
101
40
656
958
615
849
669
61
275
448
808
956
313
67
205
357
719
471
569
195
301
772
524
719
898
39
369
924
908
745
757
9
137
414
967
753
615
989
814
891
437
975
199
750
42
756
107
113
227
676
660
528
801
184
599
699
575
969
975
483
714
733
844
204
499
164
957
114
153
123
357
590
98
908
692
492
664
799
606
243
828
266
124
629
803
723
680
378
692
656
214
759
389
58
963
888
574
272
354
727
395
712
669
846
620
361
338
637
513
944
880
341
563
4
970
366
80
650
96
772
306
662
883
47
721
198
287
647
822
642
375
218
706
396
64
326
110
754
315
623
51
196
316
614
552
286
332
984
288
428
757
947
443
992
994
516
543
634
163
365
276
890
583
982
287
999
660
397
106
976
372
157
524
688
123
428
326
807
413
614
587
522
913
30
866
908
546
409
894
710
775
522
600
710
856
239
62
516
988
520
844
360
29
720
400
152
501
726
311
266
341
898
140
606
929
6
514
475
768
760
537
895
282
490
957
138
729
371
7
718
891
851
430
920
924
831
424
777
557
735
43
250
634
183
857
915
541
723
742
661
836
280
556
118
770
514
257
851
885
264
569
777
467
352
49
743
183
474
520
92
209
563
695
195
98
904
110
992
979
853
653
815
485
210
934
255
76
543
458
961
159
380
90
626
732
140
722
267
966
242
711
527
158
406
723
256
662
185
248
642
38
902
809
875
112
95
130
188
638
941
501
797
321
944
776
53
436
498
320
402
740
31
929
898
790
4
507
452
190
755
446
580
9
608
456
473
703
938
13
342
879
867
491
200
811
619
253
247
117
925
1
210
309
930
460
99
287
319
903
477
75
702
409
436
310
865
910
13
156
275
707
35
142
551
588
953
170
193
552
640
119
553
202
428
836
662
879
123
982
134
952
409
836
361
197
498
227
459
512
735
735
571
770
877
122
358
183
645
552
735
285
23
289
839
803
477
501
682
600
835
168
552
596
5
265
794
503
844
253
367
579
340
939
350
570
413
60
753
410
612
488
47
987
129
886
790
606
740
824
558
927
993
462
524
350
728
670
205
572
275
573
152
616
864
854
186
629
914
291
40
879
131
87
866
261
326
9
219
66
833
130
993
826
592
869
528
320
539
734
245
167
307
397
135
523
603
321
504
517
964
544
396
95
984
615
708
310
624
280
728
457
410
73
636
354
943
164
675
834
250
272
1
909
669
136
432
272
809
937
141
773
833
890
869
169
505
929
831
481
209
559
290
619
633
926
974
576
443
1
762
693
625
764
603
294
252
387
918
62
676
411
187
510
301
408
679
158
338
511
639
547
422
930
519
55
208
845
983
3
198
746
49
823
862
4
469
114
391
739
528
68
150
716
578
804
124
609
962
814
472
954
362
895
236
233
302
796
430
638
152
628
384
201
803
598
205
272
64
596
363
593
16
513
309
594
669
785
556
984
600
28
938
314
923
526
899
226
674
329
864
826
957
600
27
112
550
232
384
614
181
99
207
197
612
868
144
634
6
700
618
958
80
908
272
4
786
171
582
460
500
798
287
809
750
666
921
300
251
657
266
432
756
826
981
720
46
125
354
52
177
324
10
258
584
282
614
370
805
196
831
657
346
470
466
96
136
739
748
739
748
14
171
504
192
153
577
239
630
283
291
808
960
302
418
544
936
32
915
94
580
98
751
926
920
570
374
408
309
122
148
410
488
671
914
681
824
843
920
807
127
563
967
87
217
385
631
506
417
898
600
997
348
703
275
268
273
649
29
935
123
177
345
611
848
611
644
25
455
916
832
934
480
799
21
697
536
4
555
953
255
155
302
603
211
577
224
836
578
253
771
701
430
468
312
630
432
309
7
887
225
839
173
705
990
546
755
878
902
310
831
157
818
485
113
381
414
337
217
992
590
341
693
372
161
358
354
593
667
362
832
892
553
5
950
896
551
705
774
806
367
606
963
537
443
76
918
858
765
136
202
707
829
248
431
990
606
786
584
625
500
416
869
53
774
819
949
677
876
724
483
596
682
447
133
477
875
404
687
993
892
890
700
721
138
484
711
96
270
647
73
770
64
942
175
190
114
477
867
990
201
351
938
235
150
424
712
377
828
400
370
720
290
71
793
780
555
504
228
177
504
301
299
568
243
826
110
709
303
977
700
504
328
990
91
478
414
804
856
242
556
578
314
846
1
107
978
556
964
206
85
820
859
736
740
454
563
850
164
866
827
216
723
156
206
814
986
621
618
194
215
174
125
882
372
126
341
702
35
657
260
120
477
119
857
217
574
772
67
738
638
895
954
361
403
512
176
741
133
146
288
701
321
413
583
45
539
276
748
574
934
8
47
411
480
256
981
54
28
48
144
666
295
450
380
698
962
556
792
448
702
432
149
375
845
84
421
736
360
521
663
294
881
710
58
713
318
39
119
346
87
263
364
735
65
744
785
28
652
577
476
707
361
977
82
206
61
855
295
421
728
958
68
610
20
478
675
338
517
795
684
956
58
400
691
124
145
829
504
149
406
980
856
768
957
939
326
370
146
621
143
875
931
563
837
951
41
512
641
558
307
325
867
718
78
910
194
575
739
698
724
498
30
581
618
339
872
944
709
370
918
204
597
849
768
434
153
809
299
794
720
958
472
587
676
902
497
222
477
237
920
201
87
302
134
705
641
358
649
702
729
919
907
326
121
675
113
274
484
412
420
556
370
244
143
399
146
993
621
623
582
894
177
669
196
663
374
838
22
23
892
103
295
799
429
416
826
894
42
663
306
814
219
29
59
363
780
205
356
753
181
938
647
358
959
196
21
333
386
395
708
278
498
3
430
280
419
256
174
813
919
833
628
139
214
687
502
346
244
210
99
425
500
99
135
459
647
509
792
33
904
852
663
755
856
93
35
627
350
561
441
269
394
421
760
960
108
262
306
704
824
758
130
676
857
617
487
504
126
631
889
383
484
552
138
340
646
525
319
996
86
112
617
833
533
378
793
993
992
100
698
169
858
828
845
67
797
333
923
924
316
812
659
800
716
797
492
362
322
812
710
760
276
680
593
810
58
387
803
402
839
501
571
49
681
769
116
479
454
391
755
770
203
414
923
919
563
415
634
237
579
696
997
856
376
943
666
786
330
821
189
521
323
112
570
356
233
38
835
39
429
942
810
984
708
85
255
271
500
241
860
432
938
210
288
666
153
306
453
835
127
994
356
450
458
278
807
692
668
994
731
449
289
893
785
997
978
392
621
831
634
481
263
924
691
551
590
196
857
395
31
336
389
739
787
200
369
946
892
389
292
975
838
581
221
623
579
551
16
552
382
2
33
645
926
77
548
516
625
757
912
657
94
653
748
233
853
118
531
97
507
823
425
698
757
646
673
688
197
41
240
932
43
625
929
969
54
830
838
680
587
102
689
33
755
437
618
961
907
149
410
767
325
835
465
434
833
490
122
31
532
714
315
575
339
244
897
746
74
735
426
14
837
467
399
944
904
18
257
164
167
668
931
844
503
748
278
337
590
400
720
122
466
387
50
806
631
947
904
58
34
682
424
223
149
823
167
53
841
777
569
361
445
500
205
948
600
836
637
191
236
709
665
703
96
715
861
80
662
117
490
696
799
914
919
948
737
439
1
931
216
923
292
13
423
849
961
376
685
951
919
274
660
584
329
109
652
542
189
314
659
679
363
458
945
634
406
682
425
759
965
641
682
609
654
458
811
968
186
496
271
457
122
283
41
803
392
693
345
933
360
4
964
75
814
909
709
572
944
135
684
909
128
718
871
135
176
682
103
714
530
726
171
5
9
565
808
754
258
154
687
970
510
4
45
677
913
755
249
857
242
933
119
370
652
990
857
180
24
312
247
554
38
418
559
400
983
720
154
594
874
193
564
736
197
962
413
463
69
663
320
311
948
791
33
600
133
891
133
157
203
380
64
594
798
623
994
134
343
500
80
569
693
644
306
243
958
71
706
27
734
378
690
35
522
724
635
655
967
120
813
522
500
877
116
651
852
110
137
548
610
217
469
656
213
127
251
172
199
309
199
933
39
242
968
561
966
956
217
285
428
382
807
929
611
276
932
815
386
69
715
349
286
185
357
499
312
608
671
511
269
223
797
308
465
117
870
783
425
439
420
854
173
227
135
136
503
419
951
242
488
667
943
126
204
300
625
516
260
649
380
529
224
177
837
41
646
59
824
72
850
244
278
375
823
765
511
679
184
815
273
672
834
568
798
38
868
775
554
480
776
934
361
352
463
198
393
462
610
569
886
812
165
164
540
341
929
51
372
113
218
645
137
52
213
287
90
433
414
997
265
543
283
626
895
747
176
641
561
138
562
447
951
728
611
491
69
892
894
793
357
465
790
494
517
3
133
960
788
899
309
405
442
592
31
690
691
207
331
252
346
893
699
649
973
662
492
394
554
738
187
911
203
977
757
73
332
242
385
472
142
694
877
936
286
908
626
330
468
309
582
166
203
634
167
528
296
659
923
851
749
462
114
953
440
224
378
124
466
763
597
960
457
474
897
95
735
523
425
555
185
360
73
740
994
240
268
290
899
191
493
0
6
608
953
446
832
683
570
650
446
519
611
255
346
508
351
433
383
128
988
920
840
61
660
834
301
929
477
552
472
970
552
478
578
858
276
762
541
847
413
340
718
24
595
64
884
298
497
619
779
837
540
619
898
552
806
551
481
283
455
306
253
360
784
832
570
61
594
463
260
359
803
978
735
751
395
971
401
892
591
532
730
483
152
980
35
310
884
869
593
339
175
846
51
311
30
621
372
977
85
984
688
240
315
424
991
710
395
745
954
338
277
36
821
781
17
209
91
901
78
684
592
605
883
996
916
265
617
641
594
54
977
283
295
292
707
638
354
454
735
661
793
13
697
966
794
66
527
238
319
957
274
912
562
157
260
831
775
877
472
721
284
801
4
931
94
63
569
800
870
305
461
663
670
511
981
816
577
509
54
897
818
329
161
381
838
421
564
613
650
36
335
934
837
691
865
283
107
787
436
977
444
249
992
114
760
973
930
338
834
337
587
653
666
748
386
504
169
950
470
819
338
157
106
527
200
971
163
307
110
599
284
554
848
628
20
961
602
303
299
788
640
886
441
658
986
179
162
155
129
984
326
819
141
784
347
694
756
862
1
218
461
638
125
661
266
497
622
220
800
273
9
792
511
802
450
497
982
965
4
111
949
683
283
443
467
630
137
575
492
490
794
305
128
271
318
747
768
293
319
569
566
328
713
430
131
164
927
465
481
284
928
430
967
211
225
786
193
714
362
685
205
508
342
685
779
661
784
547
954
104
468
872
432
182
302
915
698
582
380
179
218
661
961
185
872
539
971
66
253
685
103
810
193
798
496
972
459
280
872
765
736
340
989
169
522
292
436
572
226
169
751
444
830
65
981
702
604
304
120
857
990
224
668
535
374
516
860
833
148
732
950
885
72
939
406
947
583
842
519
809
363
623
605
545
688
586
600
292
891
720
501
233
296
521
768
670
37
628
855
186
360
805
423
785
97
829
732
32
23
251
842
387
874
447
284
562
386
884
206
629
605
60
862
253
581
982
924
971
611
131
509
323
289
932
108
386
761
192
418
136
444
612
875
670
412
160
585
150
44
791
779
1
851
641
255
785
623
531
756
586
662
265
262
951
197
722
689
310
915
460
798
711
424
674
381
836
186
966
986
230
758
117
232
961
758
839
746
734
370
854
672
384
119
286
336
668
9
377
978
924
837
777
987
614
803
368
450
989
335
789
571
445
906
155
758
17
994
857
103
716
711
775
101
831
62
789
499
423
166
830
699
356
959
686
970
762
54
772
103
741
913
674
538
172
830
297
189
176
154
292
893
865
419
994
48
833
783
548
256
301
730
307
9
689
993
979
803
400
104
258
493
17
284
32
189
114
329
730
291
835
22
184
52
794
530
101
627
665
1
236
966
731
895
976
772
241
307
927
641
763
537
134
781
821
518
322
936
847
53
579
34
427
115
87
573
645
188
553
310
189
141
628
272
36
956
396
277
264
323
270
27
860
405
160
33
923
483
969
123
888
900
509
667
15
596
593
12
136
146
674
677
287
303
949
675
259
345
953
523
20
575
903
232
332
63
266
608
898
587
731
138
488
592
158
855
189
751
868
325
249
542
3
888
845
304
563
105
2
868
980
374
444
235
607
776
299
225
736
549
812
467
40
652
60
198
508
601
301
376
278
902
918
281
790
116
938
705
573
940
574
553
314
370
141
273
498
792
498
235
341
663
54
733
315
466
283
823
419
584
551
698
486
470
331
628
586
269
334
511
561
260
64
876
630
557
501
480
349
0
67
43
663
474
776
330
940
60
506
360
996
57
58
835
879
389
463
817
11
797
328
572
57
745
800
39
302
302
872
652
302
939
695
317
413
471
999
706
883
505
418
880
915
828
715
794
569
530
612
580
328
940
505
737
685
305
129
988
607
353
992
261
644
687
930
410
158
930
116
42
787
534
274
702
714
341
497
283
871
461
864
199
401
369
289
439
674
770
779
634
123
771
247
767
458
178
177
968
460
645
362
599
531
636
302
245
977
151
529
849
612
393
400
365
114
41
804
140
163
583
774
286
706
22
406
164
552
583
133
12
581
847
611
112
836
265
710
813
416
239
14
380
984
767
98
98
160
902
590
324
838
717
610
896
739
368
61
643
304
546
7
885
393
970
349
229
236
59
395
4
650
761
737
634
880
835
84
41
89
675
365
279
392
327
176
483
48
237
478
352
135
485
237
880
455
938
462
691
998
209
48
648
970
785
635
851
620
719
244
61
746
961
341
490
640
517
325
688
106
803
40
241
288
629
121
744
568
935
787
918
144
835
918
115
972
553
318
592
273
562
654
371
875
347
862
515
864
187
204
970
991
596
563
279
226
36
375
146
972
515
64
116
350
982
231
323
536
901
267
161
815
273
532
690
972
394
206
836
934
762
158
925
358
721
556
584
110
284
730
82
799
794
198
149
129
782
824
665
683
444
178
499
69
710
189
42
457
747
230
391
509
389
668
868
462
224
452
572
860
535
654
659
681
205
161
810
987
337
475
22
781
653
873
203
716
415
597
173
162
827
916
24
568
584
892
383
160
696
307
21
231
962
32
265
519
193
75
506
531
903
880
664
908
754
219
624
169
816
149
331
996
417
355
564
353
599
299
866
648
607
887
231
569
271
496
440
465
572
298
348
827
178
12
735
932
232
712
453
400
213
137
396
631
492
313
984
444
612
850
92
219
89
323
140
713
820
580
178
744
878
526
571
409
890
658
693
474
370
147
227
936
284
623
919
128
288
255
572
901
458
16
120
547
692
613
612
512
193
790
608
424
668
531
833
911
189
878
737
912
25
964
200
309
588
119
790
228
374
362
129
832
731
602
732
423
215
344
287
760
135
895
184
155
426
369
66
967
600
804
231
625
120
431
287
60
550
77
289
925
439
418
757
522
372
841
945
587
186
232
700
673
127
884
828
905
606
247
225
206
403
456
183
523
240
470
584
790
547
225
67
339
643
177
861
16
18
159
955
204
391
655
877
871
892
706
776
850
305
353
408
708
162
591
583
402
414
519
192
313
744
612
4
740
789
218
756
807
377
63
12
768
71
241
991
315
299
120
165
604
473
925
664
635
868
248
37
282
767
582
948
512
194
952
252
983
170
360
142
899
775
506
20
846
748
11
513
47
131
678
652
957
603
316
592
472
916
982
106
36
916
54
900
462
359
152
797
881
864
939
781
991
446
153
190
194
164
703
241
648
734
245
605
689
914
549
513
830
531
620
218
799
26
118
261
737
622
58
619
486
998
752
830
796
905
20
342
69
75
935
717
809
181
674
499
447
224
12
629
755
984
848
555
363
966
816
100
589
227
71
427
225
823
257
373
80
629
715
150
57
650
219
866
831
894
717
630
118
82
260
225
66
108
132
781
74
301
882
663
528
305
443
105
129
700
478
561
682
545
711
739
195
283
605
379
529
675
9
999
757
269
576
175
377
709
957
804
362
191
819
890
496
262
347
977
963
177
539
997
722
602
736
917
237
693
648
766
368
658
117
477
279
694
653
9
755
962
813
117
153
984
359
1
247
58
331
562
235
222
559
957
824
295
226
414
988
875
532
709
885
650
186
164
696
191
525
803
153
690
920
658
675
631
660
922
689
343
484
276
565
43
585
741
690
811
155
30
38
40
739
275
690
278
792
738
469
317
541
623
8
813
281
683
796
293
605
485
636
441
113
553
836
698
295
526
861
802
556
252
842
648
527
884
926
319
622
747
989
515
370
997
680
4
32
476
649
989
313
638
430
426
191
266
124
838
144
338
993
700
590
835
348
117
72
626
789
694
374
778
562
96
127
242
452
159
719
454
148
32
92
930
811
635
548
287
826
692
625
819
744
567
6
93
685
78
71
826
125
797
604
687
894
731
281
698
242
352
152
742
737
596
672
548
584
220
835
762
264
813
581
8
380
939
453
417
18
525
243
495
322
199
534
568
282
815
619
876
168
123
618
257
720
290
805
656
862
992
418
126
805
351
135
186
290
588
955
660
465
199
507
140
750
41
60
385
209
679
261
729
803
880
986
875
522
791
531
385
783
301
863
941
652
350
479
294
939
434
307
756
985
814
896
88
208
957
473
417
988
734
498
791
614
484
666
137
627
549
874
762
850
89
703
854
440
534
501
731
969
160
487
306
326
736
394
534
45
867
303
33
954
801
177
920
285
843
57
264
745
283
27
947
373
82
154
165
617
655
896
586
167
383
892
493
471
639
28
516
858
331
550
812
485
727
733
122
922
142
387
19
778
414
967
151
496
473
316
113
128
564
51
295
947
296
788
771
935
168
287
793
852
837
606
337
916
691
459
191
833
198
210
611
612
529
114
461
2
782
574
130
346
626
777
646
274
918
417
209
438
704
354
290
894
312
979
162
3
791
353
837
989
564
800
602
445
915
415
448
49
989
930
396
967
60
42
593
978
811
802
768
867
157
59
761
469
390
276
825
181
629
14
523
545
814
477
991
81
892
439
131
233
721
879
553
781
273
146
111
84
949
880
951
458
291
65
279
681
341
104
215
322
118
738
220
285
215
211
718
107
2
201
692
723
80
245
857
705
392
968
141
341
848
445
151
139
862
430
821
203
887
388
877
357
126
97
642
693
660
713
152
662
914
844
738
347
90
595
404
482
563
546
175
412
991
326
903
853
108
76
408
347
464
637
705
942
735
699
635
395
412
787
410
679
984
500
26
74
95
782
908
10
328
435
774
671
113
678
876
221
754
636
569
571
274
626
513
361
325
501
108
90
640
518
769
624
18
147
50
465
929
958
828
610
745
954
633
858
984
510
432
91
498
353
662
772
979
175
485
656
28
594
746
669
112
867
293
483
366
344
300
648
654
480
258
400
435
891
610
419
753
42
510
252
395
524
376
726
52
862
383
80
456
481
749
920
349
395
755
67
739
408
715
745
888
973
497
675
217
108
447
322
502
309
574
898
834
951
624
886
165
359
318
621
841
68
893
542
463
649
609
554
409
677
299
297
2
149
325
219
257
772
542
759
81
468
9
915
771
986
153
936
345
472
909
538
892
155
432
707
804
394
261
213
71
912
862
73
413
187
645
22
311
539
134
393
359
143
660
131
129
166
419
827
990
329
717
882
484
150
941
640
544
554
205
615
818
419
40
232
959
37
254
270
576
388
15
288
884
676
419
365
194
838
192
184
519
910
66
3
412
359
995
956
913
552
923
731
972
315
963
931
353
570
553
281
310
569
569
194
597
988
560
791
179
104
975
698
366
393
54
778
104
401
734
17
954
9
748
926
325
64
209
678
986
762
311
296
683
881
843
632
221
403
423
752
507
750
803
874
495
209
652
599
610
739
968
564
748
69
842
425
133
403
455
471
518
767
119
201
648
962
186
221
365
609
974
225
712
129
451
559
338
103
511
948
194
479
865
295
548
59
720
33
463
176
504
981
943
624
534
943
938
720
516
304
682
842
881
746
971
332
305
309
787
168
610
982
648
475
629
548
534
349
582
349
877
438
682
172
414
217
467
353
289
984
9
971
178
890
69
502
222
727
811
9
895
421
343
895
248
972
444
135
674
378
484
551
168
167
724
583
736
543
288
25
879
649
349
58
539
418
560
113
145
723
474
41
497
818
936
97
790
732
232
464
110
717
368
279
236
444
214
972
987
854
997
867
503
346
277
394
765
189
859
262
912
333
303
761
151
592
859
294
324
91
110
787
160
478
66
396
922
632
368
262
486
718
129
341
416
758
87
533
947
946
796
859
279
451
973
783
43
832
429
720
923
539
507
436
370
925
832
644
909
553
906
395
623
387
88
39
145
175
573
444
121
721
656
752
172
629
887
568
461
316
288
736
208
147
172
930
424
357
574
333
910
833
80
533
572
168
572
70
695
497
514
168
218
170
920
743
799
808
311
612
476
951
349
36
450
521
966
874
230
893
559
140
726
991
25
298
159
950
720
206
447
235
374
18
405
294
761
557
454
72
169
283
375
870
319
825
744
286
51
974
179
610
115
257
601
492
907
112
442
628
670
890
863
44
260
620
690
21
529
497
445
51
780
172
921
99
997
665
737
400
992
268
362
107
525
315
951
433
779
394
61
449
636
276
493
896
248
183
269
778
680
66
829
460
238
750
912
587
768
1
987
760
270
701
219
795
16
170
228
795
564
641
244
200
269
737
448
518
272
69
296
305
135
477
765
725
579
29
312
347
31
651
459
301
704
678
96
720
201
677
515
765
670
111
318
940
200
118
458
473
188
106
778
675
583
895
401
162
277
65
862
660
69
321
961
773
0
409
494
201
438
361
318
109
825
988
49
25
107
859
850
647
965
980
322
548
228
723
62
505
789
924
165
858
598
478
631
950
239
477
503
678
839
821
139
16
162
540
41
269
399
244
268
364
224
590
264
452
314
678
309
455
955
826
665
553
656
296
503
896
126
6
926
965
179
65
981
341
605
374
962
356
618
230
72
195
173
688
647
487
366
309
294
673
487
959
226
144
255
729
392
381
87
318
698
267
735
31
960
692
758
275
400
728
505
472
923
678
160
923
517
878
232
811
552
71
122
778
215
730
860
959
463
299
629
162
918
364
545
879
408
655
154
808
384
11
632
307
42
792
230
911
23
814
75
575
886
197
705
453
927
917
413
391
217
394
905
135
759
802
366
519
458
872
680
194
884
312
501
278
105
84
189
480
250
616
55
488
814
112
942
93
30
707
836
247
453
741
734
212
896
453
84
354
325
764
548
561
76
401
839
533
837
381
13
88
349
420
576
515
533
870
609
563
929
445
162
383
539
248
947
435
701
31
141
27
147
689
940
576
442
132
109
280
865
475
368
214
895
296
730
428
519
339
343
448
136
505
831
675
754
131
110
455
514
251
834
662
292
775
238
87
259
699
367
124
174
87
338
70
735
68
850
254
759
194
703
896
51
886
571
805
369
34
613
884
637
799
546
930
926
136
17
185
835
736
309
10
175
648
432
910
68
634
165
828
828
220
724
880
458
647
37
828
33
650
712
671
802
610
953
728
746
970
914
581
58
223
943
233
223
727
143
292
362
660
120
542
232
196
422
691
195
812
519
229
462
583
252
616
193
205
345
939
527
611
872
585
186
168
818
410
895
313
54
257
326
526
152
558
74
574
601
269
386
472
850
201
55
102
817
600
307
514
539
834
125
764
419
312
932
589
74
179
255
128
789
933
654
941
843
728
515
445
349
254
917
200
807
325
654
976
925
962
843
817
148
968
581
920
632
865
861
58
44
116
186
833
401
192
774
245
272
642
690
974
248
959
526
407
284
180
383
210
494
226
27
643
547
608
563
531
825
776
590
869
893
128
55
646
673
181
891
945
823
581
271
423
541
797
830
825
978
214
387
824
792
414
467
339
374
382
871
199
159
813
421
404
941
476
50
614
657
942
912
833
875
183
256
768
333
439
946
663
653
333
487
797
100
307
489
474
41
360
26
200
173
447
956
466
275
359
81
932
653
345
117
528
880
374
649
213
165
595
876
818
280
716
967
380
23
456
207
64
168
585
617
693
32
925
160
659
284
593
591
937
938
61
818
818
787
467
32
952
414
260
122
46
976
89
779
351
546
986
416
714
571
385
408
955
310
920
614
595
513
557
884
451
970
702
269
757
521
653
709
287
914
831
334
890
273
113
242
819
451
10
885
374
395
645
681
705
565
647
652
78
556
537
529
527
239
151
284
113
804
346
400
718
529
86
961
802
551
555
973
354
565
211
728
312
856
761
369
774
760
22
204
317
911
86
844
150
237
480
615
393
178
368
112
60
454
425
862
6
332
188
712
249
399
793
561
607
554
282
733
315
304
938
984
215
24
180
718
613
660
685
6
191
53
470
251
508
247
465
866
579
653
578
828
404
371
741
364
278
24
449
945
680
387
929
248
763
109
318
728
121
3
735
312
57
557
915
565
805
381
783
736
34
361
565
791
85
658
507
715
682
956
660
715
696
589
963
811
50
281
540
171
284
627
484
341
536
751
258
341
132
41
430
519
755
347
310
840
5
817
907
688
125
567
403
821
508
718
633
558
999
525
729
635
152
565
977
688
669
235
382
801
629
812
320
384
159
982
576
516
151
483
204
277
402
959
450
262
29
83
820
28
960
901
664
112
819
993
153
488
580
535
289
209
699
962
945
210
944
521
726
96
356
283
725
110
594
175
372
624
259
192
652
571
446
668
684
617
661
189
105
594
76
746
803
775
60
749
337
5
622
63
453
331
698
178
441
293
353
166
917
964
710
921
536
156
942
572
773
955
761
230
549
837
329
353
612
389
454
301
746
428
364
199
759
63
729
553
708
83
719
977
47
429
898
935
938
192
507
63
148
268
646
697
105
975
402
69
716
208
370
815
637
87
366
748
502
96
653
562
179
372
539
578
154
789
866
92
982
373
507
482
994
153
179
451
128
934
873
197
494
595
12
483
682
730
232
536
826
237
98
357
962
989
288
116
779
154
560
113
879
67
595
873
221
126
325
701
412
198
250
907
793
614
390
828
345
974
716
523
212
167
881
174
156
169
642
287
675
202
752
554
621
699
428
194
826
105
248
590
303
498
497
448
113
240
276
810
214
345
333
778
512
214
952
20
735
946
308
410
148
412
317
122
112
745
316
290
850
564
880
505
415
730
953
528
970
582
690
536
927
23
667
791
238
619
811
325
918
471
88
66
884
405
540
996
150
209
286
352
773
518
857
540
248
810
420
570
744
110
107
671
134
774
462
724
745
626
49
663
97
137
82
981
542
974
329
44
183
967
396
309
486
253
849
734
416
270
305
512
380
764
184
514
890
998
590
635
976
640
651
74
129
85
407
672
59
89
716
243
56
465
552
542
70
753
629
486
23
286
351
756
50
535
622
292
885
213
927
862
205
930
288
334
15
695
6
427
784
75
670
193
892
574
735
962
327
716
801
703
2
152
811
404
39
433
696
276
998
976
138
203
906
778
890
274
474
248
701
610
323
723
803
567
297
891
530
976
959
331
31
962
835
194
718
874
980
415
150
978
743
641
534
1
419
424
275
245
672
328
208
348
51
363
915
700
254
797
29
566
480
412
880
315
607
598
541
587
365
692
917
108
685
451
462
456
227
89
702
252
418
262
600
821
625
867
874
232
665
903
798
497
315
678
813
274
276
354
861
994
398
779
454
83
582
916
892
810
6
594
62
776
856
14
597
833
233
471
65
898
726
863
396
394
541
561
668
170
915
882
164
666
661
970
101
595
887
993
757
245
939
171
21
147
185
970
981
771
442
46
669
520
910
417
914
803
330
583
973
598
465
489
264
478
460
717
425
699
711
183
944
650
706
317
150
244
287
131
15
81
177
36
602
439
454
516
243
136
451
568
734
268
410
998
746
870
716
524
921
779
707
865
781
413
534
931
9
821
62
24
903
592
61
857
31
867
725
626
3
177
547
738
445
957
88
544
179
804
68
100
935
127
317
717
892
851
648
902
24
63
926
927
655
987
136
38
854
862
17
858
39
564
948
836
873
36
380
404
193
800
504
128
927
173
845
820
24
846
74
48
909
0
328
564
340
464
954
546
678
971
756
717
887
704
906
760
741
286
164
934
439
20
414
366
193
612
538
569
458
964
618
719
965
298
635
657
114
589
203
793
561
960
862
448
16
768
561
757
407
725
43
846
98
810
564
291
422
455
861
232
419
831
951
736
481
586
745
595
175
949
740
88
261
955
889
629
75
450
739
482
175
782
680
273
944
597
917
366
52
130
598
823
961
901
560
794
839
657
389
367
606
482
455
219
437
344
849
512
794
588
347
322
722
379
947
667
976
216
385
380
346
336
204
659
237
116
453
429
773
195
796
732
677
251
303
466
948
504
330
742
444
29
416
519
409
716
538
737
932
923
118
279
259
674
290
849
142
744
278
267
939
426
351
968
677
655
434
625
511
116
720
956
146
488
475
907
204
13
644
489
288
114
120
900
788
410
749
282
154
379
550
93
157
901
413
834
908
847
812
420
316
884
376
814
372
203
721
929
568
365
418
856
832
890
756
620
300
857
255
455
588
805
900
745
58
314
580
967
513
744
739
829
628
467
643
352
670
716
633
238
434
51
94
266
293
851
238
594
60
493
401
649
298
301
394
357
967
326
676
481
70
415
662
50
882
658
755
904
374
388
142
808
792
588
74
85
791
313
679
852
158
432
501
457
734
247
166
53
574
194
534
996
961
549
399
843
207
154
99
933
894
241
742
38
181
168
124
325
833
155
177
992
588
30
801
674
629
319
727
203
513
614
552
474
163
951
669
722
457
768
655
703
361
749
742
542
270
218
219
103
725
748
447
313
130
248
339
760
919
419
315
432
33
867
906
548
170
575
270
979
695
277
683
56
27
777
951
297
995
170
752
720
919
552
386
49
800
725
161
720
144
477
504
529
696
763
77
219
690
699
198
386
977
233
442
356
10
745
5
357
916
757
78
187
309
464
236
462
541
398
534
38
227
390
919
923
153
997
142
844
48
693
230
25
926
24
733
289
770
738
646
38
848
724
225
509
540
813
971
434
563
857
824
790
248
743
66
753
92
208
597
141
253
179
518
180
556
252
821
678
342
467
68
190
544
293
700
436
458
23
870
22
233
694
164
833
790
230
586
882
791
536
23
44
67
894
576
623
498
397
653
840
217
721
383
761
366
83
549
177
458
420
199
691
466
715
876
256
298
463
139
89
351
514
133
418
760
710
394
258
459
47
451
676
121
834
789
487
269
339
664
727
111
215
771
577
283
647
186
581
462
677
670
813
543
155
584
304
217
978
562
677
377
13
353
498
199
495
338
468
834
2
548
945
570
319
874
853
318
412
434
133
89
456
946
633
611
882
289
829
860
203
506
238
569
211
88
768
706
426
237
892
781
137
189
351
808
64
556
126
828
990
259
918
798
558
903
409
440
192
590
653
747
96
891
316
660
331
85
718
758
674
963
539
811
152
242
619
568
798
97
397
140
709
667
938
267
570
347
59
114
938
712
861
386
955
530
398
287
967
469
45
641
432
936
804
584
178
775
505
976
224
902
468
933
569
406
552
491
105
612
957
395
324
170
134
632
700
532
919
19
353
316
12
785
252
816
722
782
943
579
110
520
481
578
805
402
984
358
245
441
970
554
837
646
724
323
278
777
207
549
796
561
865
809
698
469
977
420
251
273
999
361
793
832
291
598
586
627
308
831
69
630
737
258
277
462
581
907
591
788
809
387
349
674
548
48
496
878
820
99
151
172
461
296
356
104
246
943
732
907
126
801
537
864
59
166
678
992
426
269
780
235
8
482
261
557
882
757
435
54
857
938
226
670
586
583
774
184
526
506
91
4
659
981
868
70
147
546
62
573
815
843
160
176
677
422
733
559
531
520
613
740
810
192
410
748
775
537
932
653
395
376
9
407
357
878
477
856
776
540
430
944
735
590
120
412
364
205
323
896
77
936
636
887
480
399
987
607
288
271
612
35
999
622
442
356
500
920
213
628
460
995
572
195
937
44
959
302
249
282
198
678
570
186
917
51
585
904
658
225
176
271
261
175
245
703
884
97
623
449
725
435
444
650
982
381
694
941
683
296
223
233
974
794
420
892
197
357
796
207
583
324
830
844
852
75
547
88
172
523
537
898
958
333
900
293
66
594
234
102
242
810
687
217
956
107
461
153
817
609
712
400
286
543
244
138
970
143
578
143
18
467
393
329
800
293
622
218
239
856
320
482
18
8
51
974
467
512
479
284
473
192
36
759
87
280
249
57
776
827
552
794
294
297
475
446
590
97
665
182
306
337
16
324
697
419
651
517
283
130
153
756
674
190
516
761
822
765
171
598
945
723
745
239
21
220
38
963
318
703
497
976
392
513
300
442
932
951
311
215
434
464
324
108
654
840
222
477
957
393
427
902
468
172
494
489
745
532
805
415
587
302
391
331
168
43
773
100
347
84
668
781
549
992
241
555
184
463
32
493
856
460
396
325
984
242
166
81
774
323
496
713
626
239
44
794
283
818
246
630
254
266
763
155
610
4
711
794
468
95
640
676
907
388
353
892
630
520
973
756
843
822
469
821
61
513
967
344
331
214
326
938
832
441
93
443
446
156
589
266
252
229
294
159
617
648
403
599
520
729
355
363
551
824
537
612
338
504
309
21
70
987
959
903
429
405
698
227
561
287
845
813
869
139
325
838
787
728
438
307
457
793
23
360
618
912
325
308
416
986
329
839
973
641
94
754
398
792
333
959
431
178
125
300
318
802
491
457
530
929
117
340
74
140
700
44
52
377
352
820
363
34
659
689
27
105
443
425
897
777
384
681
307
861
333
977
663
824
435
546
753
552
238
180
44
290
224
448
668
929
268
31
963
280
720
990
385
516
415
635
645
151
316
952
365
649
930
380
826
717
926
579
621
516
111
665
807
336
113
475
265
733
858
580
13
931
570
751
447
337
386
444
840
702
396
205
703
678
586
529
747
864
461
368
381
572
385
188
260
850
15
877
584
873
457
597
156
379
348
603
68
86
47
909
788
796
114
844
826
700
373
574
917
186
294
298
759
680
486
371
530
501
249
114
726
58
64
883
438
764
838
506
851
238
415
991
386
882
187
212
934
561
786
851
99
433
149
858
113
987
582
995
840
831
110
919
889
526
802
679
642
992
186
493
230
953
837
616
835
24
829
770
937
967
973
37
752
123
247
865
462
829
861
303
660
323
222
902
201
376
581
843
368
119
689
951
73
526
567
260
902
748
382
840
68
356
229
820
831
476
38
645
306
899
948
318
574
522
572
775
250
154
618
619
625
307
570
50
185
489
311
88
590
45
280
10
753
509
830
584
985
220
582
643
119
530
314
45
405
886
820
655
392
791
626
370
450
548
420
636
390
83
76
980
129
356
990
882
865
172
819
202
393
401
846
864
283
512
910
40
750
82
48
143
225
674
513
676
575
285
664
965
369
740
297
850
96
287
84
961
811
255
515
204
656
713
421
292
225
683
684
976
117
732
471
343
759
984
19
334
269
683
299
990
423
948
840
871
235
925
832
398
180
699
955
189
413
376
833
638
59
517
614
176
602
437
519
361
421
890
47
43
925
698
385
700
646
226
571
881
503
755
631
683
455
586
224
868
962
57
858
373
927
825
902
529
262
773
242
684
664
289
79
941
987
464
642
633
42
565
866
545
673
497
581
128
84
805
348
398
215
206
772
142
31
674
23
294
447
265
330
463
554
761
757
893
577
751
526
620
316
744
517
989
241
98
469
677
256
817
76
471
376
200
965
407
226
988
53
25
253
383
841
159
144
598
52
74
349
930
694
17
674
563
359
915
662
180
945
918
350
373
741
726
573
706
485
151
694
539
176
299
922
17
810
419
967
862
493
668
144
539
686
818
102
397
85
116
577
30
386
927
403
127
5
328
185
491
479
879
30
656
530
304
25
340
75
993
554
920
661
698
811
699
516
914
96
954
382
26
984
769
305
740
896
311
420
434
154
900
665
536
908
196
840
933
536
268
278
443
540
940
141
352
991
658
266
440
964
648
466
948
769
123
40
18
786
461
452
940
713
117
828
621
313
669
554
202
289
185
645
829
477
138
181
468
148
799
908
112
800
726
413
921
202
453
939
988
266
391
281
979
509
109
600
174
130
507
728
419
44
725
601
521
864
134
989
364
286
250
477
438
328
890
359
530
695
299
871
314
42
152
293
903
613
246
78
744
105
158
515
149
236
468
22
100
603
363
464
241
613
293
679
294
183
38
176
231
689
47
545
732
551
190
635
165
436
65
909
893
224
776
42
460
245
64
912
200
428
728
441
393
22
120
39
557
510
216
788
200
263
685
284
815
876
919
980
312
985
241
206
561
369
600
373
614
17
637
166
797
365
607
190
739
79
230
649
942
446
789
494
61
475
778
876
351
49
208
15
386
801
573
947
171
526
672
137
543
309
304
340
27
263
882
766
695
464
767
637
262
557
131
676
32
261
904
735
310
113
102
697
266
676
996
437
202
669
927
97
330
231
789
357
846
23
476
541
488
243
178
102
800
661
778
184
922
683
919
585
148
22
282
414
50
278
204
604
947
131
53
278
362
842
987
560
865
463
102
705
59
632
160
211
646
938
396
920
973
667
505
121
689
787
888
91
418
92
695
365
223
748
995
937
942
335
497
160
150
951
865
209
584
377
421
230
668
169
150
641
836
656
115
878
795
3
969
213
447
665
931
670
765
278
959
708
613
456
868
764
760
85
325
344
815
98
926
483
267
76
124
104
84
591
982
232
594
303
445
41
320
728
63
86
7
22
146
972
831
366
88
943
803
766
287
618
864
213
101
132
641
578
588
78
169
922
310
116
225
107
509
546
188
573
984
195
947
130
519
130
848
608
73
651
374
712
622
238
277
723
722
271
653
662
349
823
584
11
291
810
470
800
708
658
725
692
205
673
174
725
155
374
685
581
377
59
293
999
649
923
75
724
194
728
386
895
903
323
906
194
133
728
995
193
387
720
237
944
745
763
669
253
137
354
186
514
765
831
866
767
754
941
843
948
669
581
843
925
904
101
119
389
830
466
582
569
539
819
513
636
582
535
889
71
889
427
586
7
259
804
126
13
745
969
314
766
550
157
691
807
611
163
196
793
629
779
714
520
950
227
157
533
114
398
604
356
826
542
363
85
698
841
98
443
162
764
210
64
922
253
871
885
416
68
30
398
847
744
918
797
323
427
682
438
826
639
794
4
533
157
89
232
350
539
27
512
304
589
576
578
843
448
815
611
868
845
9
67
589
280
216
912
707
899
350
885
890
496
889
775
5
330
7
355
870
387
867
526
976
796
456
819
244
271
431
112
468
792
531
57
72
747
321
132
646
24
17
888
520
259
664
526
589
23
881
811
410
101
689
387
897
145
206
493
768
989
957
236
782
488
645
206
235
967
338
882
991
708
122
863
319
786
389
908
162
623
72
572
76
761
311
973
259
870
466
27
859
423
616
993
911
261
552
146
228
242
380
571
950
855
787
269
641
528
530
155
151
602
728
579
715
391
552
326
261
370
706
473
793
322
466
56
935
370
555
164
613
935
87
563
790
226
185
784
755
715
939
258
669
19
838
736
411
390
63
24
761
121
497
906
443
316
963
378
686
518
894
299
805
334
863
948
560
400
732
315
467
23
926
136
43
764
224
806
506
287
830
267
408
328
526
203
644
841
934
330
359
180
982
516
866
197
464
779
597
548
446
64
572
372
200
967
136
776
125
643
64
955
262
824
635
788
380
631
629
666
314
340
198
296
857
65
493
673
844
90
222
290
506
794
15
58
761
151
834
886
146
250
193
761
75
181
549
807
812
531
825
126
871
23
774
80
88
267
754
284
709
976
927
215
122
942
273
235
445
460
473
944
710
666
705
137
847
606
944
12
137
769
490
361
145
265
793
585
884
547
870
946
875
149
513
997
443
787
584
240
599
57
184
309
76
889
447
275
496
743
287
985
865
130
346
10
395
140
595
631
39
817
577
267
966
91
616
409
230
201
650
829
610
834
138
686
76
937
962
924
681
601
909
546
731
608
908
478
100
503
110
491
321
687
758
639
778
727
49
360
280
51
189
890
237
680
577
313
969
891
589
650
492
499
548
576
107
456
54
559
312
164
50
985
204
161
624
334
888
25
695
168
76
236
410
314
268
987
979
238
230
569
240
75
420
141
651
879
949
57
438
261
222
840
598
778
1
223
112
889
248
159
409
677
396
820
343
16
159
674
254
390
595
495
817
15
636
820
246
937
877
36
199
451
877
797
229
878
372
694
120
973
853
881
650
601
701
993
618
213
667
872
955
263
719
772
630
707
592
229
645
821
265
196
273
142
993
854
373
718
548
845
691
402
726
341
3
780
686
973
993
705
846
948
320
917
72
951
625
16
180
270
837
797
818
462
292
811
317
665
881
217
862
572
971
588
265
327
720
951
300
713
9
146
13
329
64
437
632
41
453
164
311
291
962
129
753
254
292
70
271
526
640
133
98
611
73
364
938
146
667
239
211
28
385
225
358
801
662
342
842
468
507
505
759
821
986
512
427
631
935
50
157
575
535
607
186
608
323
125
106
343
716
318
371
453
895
81
255
909
424
449
377
283
955
136
104
293
1
883
924
288
933
433
863
468
41
401
428
364
878
535
707
594
853
431
48
100
512
655
9
936
104
387
219
411
523
675
705
876
558
981
164
843
415
27
663
808
781
92
172
11
979
232
606
184
15
6
284
527
661
293
816
765
680
387
177
556
415
234
432
325
215
949
169
982
328
832
790
109
276
315
121
255
899
79
791
914
85
75
441
98
721
609
215
753
997
744
661
412
978
446
737
194
395
258
528
723
443
319
185
719
634
306
327
533
385
118
799
822
546
240
920
619
202
135
372
199
232
386
963
210
832
52
756
227
311
285
302
106
604
487
825
590
145
152
475
882
623
274
704
521
866
976
140
68
464
864
619
696
250
934
906
434
987
15
13
650
300
316
756
256
155
933
198
301
438
673
183
61
947
240
934
813
216
426
882
32
290
501
728
893
436
987
327
775
2
341
425
654
9
533
262
164
466
460
817
904
133
1
317
80
593
251
893
809
677
127
842
320
629
922
213
417
909
892
544
263
585
969
917
946
854
179
111
672
639
280
577
124
633
246
204
226
850
98
36
879
577
230
551
206
152
764
975
414
9
519
677
594
840
947
541
694
126
4
719
118
636
296
242
270
894
799
496
96
249
884
976
826
114
527
385
619
644
360
385
5
232
62
951
72
9
844
119
488
848
838
958
837
486
552
107
732
351
603
829
952
488
805
779
954
684
164
925
680
876
310
685
108
373
637
533
734
481
4
574
682
842
884
519
680
437
626
412
140
581
593
445
69
750
224
376
435
740
301
115
968
612
153
429
337
790
962
71
623
966
998
305
160
882
176
192
671
154
956
164
736
550
961
157
300
185
533
735
277
835
203
245
799
708
26
136
850
988
559
473
306
557
131
818
792
307
10
815
814
967
331
550
869
292
59
169
829
593
257
106
780
812
704
579
520
730
67
370
71
626
195
729
536
326
900
680
986
262
495
800
581
827
702
450
471
761
620
301
706
877
759
486
41
463
417
561
546
484
283
969
463
478
50
999
157
950
679
143
213
526
295
146
705
997
597
177
110
569
478
817
798
237
303
839
53
73
400
951
909
683
272
372
513
322
723
670
625
754
813
190
281
460
336
338
457
933
515
568
854
345
737
652
935
392
491
340
465
243
291
375
926
915
99
792
237
823
462
862
929
628
52
562
88
741
901
898
26
768
818
881
114
555
533
401
947
25
741
413
620
384
140
899
299
591
691
536
766
153
751
696
781
155
258
870
896
511
768
275
280
586
156
394
493
689
795
440
66
888
205
687
272
697
938
571
289
629
459
55
134
562
103
916
718
362
138
966
225
258
241
505
196
749
251
689
439
398
481
857
286
687
896
558
384
834
481
25
815
293
81
950
855
184
866
925
898
356
244
124
966
837
629
162
587
881
203
378
631
684
587
918
371
484
828
108
670
662
133
838
955
214
788
810
751
6
88
649
362
332
125
328
521
107
842
108
340
45
838
971
729
426
889
453
262
70
561
284
732
694
122
687
261
910
849
364
916
289
365
630
621
491
310
495
598
504
603
938
549
442
909
279
220
151
84
482
221
645
766
305
691
241
992
304
151
193
668
420
483
34
402
456
525
65
951
475
569
907
413
119
701
674
750
921
825
834
403
398
831
521
703
522
114
47
827
266
593
495
38
428
881
792
884
758
857
188
233
427
95
998
898
796
673
648
69
850
834
824
249
665
345
304
539
460
704
366
78
297
214
468
725
447
260
609
206
470
149
791
897
244
790
147
392
815
147
461
665
981
285
266
646
983
571
185
795
627
904
225
924
470
45
649
917
305
610
123
127
112
915
376
356
57
523
101
872
670
914
537
3
552
156
1
887
79
539
682
706
443
259
630
265
304
631
182
961
593
658
89
705
925
817
414
982
341
515
854
363
781
743
367
333
899
368
220
978
907
254
36
702
865
666
967
169
649
150
483
243
808
924
948
85
741
362
67
434
877
921
798
11
16
165
344
916
885
917
246
793
523
283
495
389
301
815
910
951
965
745
194
125
669
142
210
763
505
629
197
734
902
347
745
918
512
442
186
750
359
785
543
882
68
390
623
721
557
534
24
874
279
218
999
301
713
561
64
570
542
613
656
444
961
754
363
825
196
901
575
907
686
470
141
106
213
765
828
770
651
204
645
282
423
996
583
488
910
999
58
452
613
66
249
926
820
964
751
368
865
679
275
552
149
769
10
714
886
190
485
537
395
482
171
170
830
755
658
740
106
68
545
71
134
794
997
307
758
101
675
975
780
951
879
281
72
890
348
958
80
833
495
827
667
666
997
497
773
655
590
880
75
135
951
562
281
301
869
391
402
544
366
534
847
598
167
919
488
515
877
920
700
724
748
367
743
97
217
516
105
807
748
180
294
52
742
927
705
611
318
107
508
36
993
707
634
160
627
474
676
856
395
728
581
495
96
676
592
665
192
697
824
293
230
118
697
972
45
402
936
715
861
796
103
854
503
738
366
482
564
394
339
311
123
272
806
571
948
751
236
492
800
60
785
30
530
482
355
927
236
643
642
97
791
745
303
294
835
670
777
400
64
116
711
187
740
870
758
688
973
346
180
125
406
318
508
288
152
215
215
389
858
857
838
649
955
142
295
790
812
424
542
228
892
606
416
632
828
526
320
801
225
853
926
983
523
786
272
675
1
487
416
211
345
607
212
652
749
508
442
913
932
337
141
177
943
909
809
771
788
482
924
13
335
202
996
210
989
268
237
990
108
654
554
805
613
766
457
362
626
251
627
911
588
768
88
883
30
249
654
818
731
578
183
418
781
179
628
122
800
866
464
908
872
18
713
485
137
170
199
763
421
826
26
362
946
466
245
976
716
900
146
447
830
329
866
963
509
846
85
661
712
550
569
936
920
282
773
57
804
972
173
577
150
551
939
97
18
537
425
734
789
572
533
619
901
751
935
762
598
372
423
310
274
992
599
195
626
372
604
782
345
129
712
495
681
651
944
51
540
370
785
329
942
670
301
195
422
236
958
20
960
733
682
235
78
281
782
704
6
386
839
351
516
551
198
549
554
143
600
95
865
737
776
159
407
77
354
181
665
664
201
978
398
236
213
476
869
995
532
875
381
371
578
249
274
777
798
829
272
750
276
489
487
404
648
247
482
2
428
499
19
982
477
417
218
42
893
87
37
777
963
771
149
541
372
775
670
523
956
294
273
584
783
761
989
431
8
823
786
788
322
805
770
152
574
988
194
467
428
584
244
743
707
745
636
79
873
307
602
829
601
228
414
385
989
403
168
349
226
954
137
900
111
908
52
685
248
599
504
676
535
101
419
242
846
56
673
719
715
276
901
668
856
315
53
845
70
574
546
296
528
35
196
992
295
601
677
896
552
534
572
87
635
344
681
833
752
354
905
467
982
806
135
838
473
541
35
543
115
933
839
995
969
387
339
616
340
369
512
244
903
437
683
538
781
364
371
885
71
276
352
53
434
839
244
907
732
631
450
199
565
641
547
886
381
886
854
721
255
367
966
158
804
1
48
937
366
420
822
789
48
526
194
483
717
438
742
450
422
193
1
987
834
548
225
567
787
79
289
42
798
607
553
954
608
601
243
326
373
417
115
774
943
662
257
13
100
351
463
874
544
816
861
731
365
438
298
152
870
939
546
668
546
451
975
507
53
218
185
778
636
653
552
579
315
161
944
767
513
759
642
409
576
855
140
293
294
791
445
164
730
343
184
629
795
159
488
200
378
673
978
14
678
883
945
993
396
890
113
261
1
755
671
577
962
163
870
256
954
667
772
37
11
309
666
158
468
154
358
198
179
688
212
858
923
510
203
320
752
316
581
753
423
604
683
386
768
553
994
74
221
119
111
584
428
129
742
896
635
452
95
815
140
659
25
64
521
228
736
625
897
669
731
672
274
414
58
394
319
405
820
892
876
284
476
304
413
570
552
49
22
999
216
163
11
593
579
532
173
315
510
70
336
241
743
962
655
153
356
974
910
529
219
786
813
695
442
578
266
995
979
640
346
195
803
357
788
734
242
962
401
752
384
738
993
479
700
0
985
409
326
895
938
545
34
103
241
476
681
859
823
661
499
170
208
655
527
349
389
769
663
791
521
47
881
866
527
933
866
864
342
193
759
632
738
793
87
331
622
769
542
445
782
42
615
342
49
495
691
438
264
354
581
138
754
814
4
633
748
223
497
442
416
608
75
506
402
514
190
24
635
732
821
417
126
437
112
175
284
803
966
548
510
899
38
264
66
395
249
814
618
746
256
386
354
683
244
108
198
434
484
185
519
306
603
997
95
67
525
379
870
491
279
732
742
318
348
808
65
597
974
683
695
583
421
402
266
17
862
816
804
347
2
323
5
957
672
452
24
197
831
246
40
462
979
783
780
327
943
197
277
270
232
972
853
653
374
119
671
589
288
475
936
642
150
293
951
822
745
975
20
576
573
60
38
904
195
171
232
491
368
509
761
601
833
614
606
560
85
629
149
725
456
437
367
606
730
318
781
475
645
801
403
219
213
441
123
761
964
707
252
685
568
365
638
754
979
596
314
416
226
463
142
682
900
509
289
982
180
422
457
825
223
860
396
788
653
872
901
970
579
505
655
500
870
293
254
201
241
568
618
467
383
112
150
635
973
791
617
153
213
426
979
788
286
727
928
291
599
830
261
531
335
916
383
206
561
637
759
803
557
729
622
292
841
772
927
815
915
896
968
480
322
299
620
960
379
549
251
978
731
865
861
66
133
244
624
47
881
384
850
790
113
824
82
307
949
361
122
864
257
442
697
931
94
317
243
473
218
847
803
949
712
665
16
845
909
640
892
143
376
94
933
842
919
368
149
868
729
271
84
339
65
781
270
159
451
866
984
669
713
788
619
425
453
635
270
362
627
515
505
356
609
791
198
880
159
347
100
888
970
185
579
35
318
202
547
121
68
531
791
781
319
762
558
772
749
828
487
376
695
344
84
657
135
282
537
646
981
638
887
951
175
466
339
845
668
238
967
736
769
110
517
441
872
75
565
621
256
404
997
303
749
434
960
236
716
850
235
50
488
122
1
15
588
692
860
257
282
179
993
404
289
863
845
161
290
762
782
898
167
132
202
268
566
162
856
634
12
91
684
852
213
38
219
802
82
432
59
365
611
404
769
901
619
614
414
910
728
197
808
895
329
362
515
247
877
372
881
241
463
918
94
677
956
665
831
38
97
242
403
709
646
172
962
266
138
376
528
867
925
688
114
606
51
630
853
928
2
87
169
817
5
615
494
313
281
677
703
378
919
459
439
918
983
753
184
122
130
64
341
55
752
807
662
803
437
867
731
791
954
253
609
311
868
455
976
501
133
680
232
52
139
671
970
122
425
506
596
907
922
937
314
675
745
328
830
534
196
562
678
502
167
287
166
387
94
142
889
227
822
121
632
313
144
954
436
569
813
32
828
735
322
143
762
419
823
593
305
371
507
983
226
674
622
392
61
717
886
950
296
709
423
928
22
568
235
810
489
400
195
318
135
517
813
250
288
636
843
593
360
350
577
586
24
199
978
437
916
864
740
565
925
163
845
300
731
80
110
221
832
305
891
968
174
704
570
462
692
413
56
52
763
985
638
139
184
968
576
453
185
316
370
110
480
215
762
563
296
225
784
128
882
27
448
57
731
18
871
776
783
279
828
546
264
819
685
801
139
614
606
324
282
976
787
114
191
901
678
839
126
814
320
9
842
120
418
573
139
289
701
274
569
882
821
833
53
858
634
192
472
592
869
755
568
8
869
760
909
899
599
36
714
271
397
556
392
815
481
883
104
535
157
673
417
978
859
470
189
845
14
661
438
883
768
6
243
990
118
153
241
70
541
955
341
290
863
733
105
697
616
561
232
774
587
1
104
446
471
293
291
485
307
81
721
75
88
964
417
558
469
659
628
362
966
970
4
830
55
109
879
672
23
463
798
610
464
902
56
935
196
699
772
855
781
493
282
221
810
700
779
631
711
408
346
677
730
350
859
785
460
90
809
483
553
607
445
17
510
501
304
58
552
77
913
333
922
195
554
84
247
686
716
958
94
414
988
824
764
199
609
576
290
419
411
843
378
856
213
240
709
517
298
262
946
563
947
869
111
854
305
358
540
373
669
634
787
9
810
552
560
771
128
850
542
540
46
921
748
259
161
458
128
812
720
75
727
19
296
838
873
601
549
413
975
570
399
762
579
209
314
139
333
795
342
875
687
388
148
435
999
310
893
127
474
965
202
201
337
498
40
210
452
589
976
427
159
375
189
90
937
856
581
270
3
923
145
690
663
294
477
14
956
723
142
430
688
696
631
377
547
23
588
999
964
916
426
475
291
967
565
228
175
499
850
178
774
348
220
790
642
698
804
950
421
298
732
461
995
363
839
542
739
779
893
703
695
319
179
986
638
96
567
814
595
769
344
722
117
565
512
111
263
316
61
684
615
793
497
610
509
336
504
248
115
397
303
162
68
834
149
706
931
68
872
878
837
217
600
955
782
112
66
397
429
480
433
396
273
930
358
134
619
862
382
86
611
38
249
31
872
750
89
803
818
962
34
7
531
634
314
665
99
381
62
880
861
495
276
486
777
634
621
396
848
355
835
811
393
84
842
266
834
283
421
4
245
807
11
776
442
326
441
541
59
855
421
272
702
49
110
480
683
731
228
883
439
415
694
832
499
888
450
685
171
224
689
769
31
53
897
825
731
691
718
790
546
491
414
249
540
524
81
575
608
661
810
47
77
856
231
576
744
34
614
268
258
303
389
641
708
286
467
439
977
537
581
524
29
347
125
569
872
206
497
832
219
307
231
296
164
814
225
260
848
839
880
458
494
269
452
203
908
271
994
885
808
576
761
837
923
886
759
147
444
256
331
664
915
562
312
431
729
889
692
929
728
924
740
575
546
192
130
454
463
124
339
623
700
101
461
624
339
220
123
136
828
455
800
95
369
464
527
98
354
571
28
434
495
120
9
393
312
139
847
127
616
539
750
316
992
563
292
331
135
416
467
315
871
619
411
240
436
938
691
790
861
71
224
356
191
586
102
855
77
949
334
693
488
436
10
480
0
654
164
135
70
631
451
293
603
862
534
39
152
577
181
13
648
757
721
839
343
823
46
773
125
380
466
613
816
828
446
816
483
610
304
905
593
107
199
196
321
85
587
473
662
120
838
310
878
911
501
573
735
547
346
860
279
165
825
95
993
271
264
828
881
568
86
475
675
637
23
348
722
963
821
736
83
11
398
313
922
899
887
9
798
233
221
77
398
47
524
744
670
788
924
552
708
362
379
735
999
754
83
73
69
256
809
505
267
207
818
190
458
705
199
608
291
421
37
689
820
562
785
490
702
62
394
763
424
125
498
776
880
934
849
301
190
659
806
458
218
625
0
677
682
199
285
973
972
323
15
792
237
152
635
291
214
29
54
991
155
553
767
387
487
616
40
29
627
847
487
846
824
839
523
858
391
160
832
363
835
199
508
424
351
143
716
566
524
770
909
31
675
676
770
514
292
811
544
272
10
383
118
186
223
993
44
614
153
228
329
341
427
189
765
131
332
833
49
209
604
958
240
631
634
11
498
278
174
394
550
184
129
20
722
352
13
766
318
167
347
0
860
126
189
625
257
874
459
658
83
415
616
675
398
602
38
896
233
212
290
135
748
420
156
822
124
169
941
795
688
288
147
548
766
688
526
376
562
337
34
997
104
3
673
502
605
63
751
190
628
393
326
728
165
834
551
642
3
492
789
44
780
936
944
546
624
822
274
187
159
309
536
615
312
561
118
269
625
221
460
253
614
786
981
780
620
532
774
975
24
563
371
156
499
316
55
123
138
329
662
650
990
551
265
302
112
735
924
737
956
384
342
923
522
676
55
494
560
829
469
937
392
841
93
891
509
500
366
999
830
381
649
172
932
915
475
396
2
399
134
311
135
828
234
657
504
289
151
65
470
972
2
862
165
447
105
26
948
823
26
130
556
675
302
488
942
129
885
297
880
371
608
367
551
842
24
56
483
527
473
953
852
827
167
17
626
272
396
926
447
422
56
4
97
711
844
392
192
729
689
425
452
297
792
4
491
169
412
326
48
237
279
900
64
446
270
42
70
666
969
517
88
377
873
537
440
718
281
633
447
322
410
252
619
202
256
462
723
20
788
772
257
419
24
673
217
294
715
287
312
684
157
752
62
30
290
502
748
923
487
548
246
249
800
217
452
408
680
527
780
820
651
37
240
676
710
457
322
777
97
635
462
254
387
876
636
29
730
385
953
570
933
199
819
85
416
623
845
448
151
625
621
154
14
861
830
76
318
153
853
767
788
667
21
527
895
658
557
978
395
510
548
680
61
719
765
829
343
962
630
846
587
251
0
953
112
183
29
782
336
882
550
476
902
923
3
797
933
560
775
328
422
675
360
483
395
125
665
90
439
295
936
378
546
288
331
658
471
360
792
159
595
694
635
497
618
991
294
903
903
422
232
326
97
592
161
844
70
826
934
861
121
870
240
19
511
571
29
334
284
822
494
879
516
481
728
486
824
22
390
728
796
974
406
894
918
919
738
340
746
25
202
219
247
442
239
758
365
620
445
649
442
939
880
311
772
608
149
949
983
539
677
131
865
435
377
784
354
468
124
452
493
678
672
740
120
263
499
838
883
944
839
678
235
72
989
359
680
138
660
15
30
689
147
247
124
524
31
479
992
508
283
837
186
955
578
659
570
429
849
806
725
688
484
960
760
825
671
793
315
332
160
697
21
659
945
498
536
328
329
528
836
612
366
375
920
296
386
490
725
235
296
450
923
132
762
36
309
785
181
625
117
341
322
491
1
619
341
537
948
670
417
136
282
135
511
202
431
249
45
508
484
341
958
760
826
72
148
135
858
329
112
327
670
435
818
23
406
159
912
354
181
682
491
464
817
354
666
601
604
711
461
440
405
420
200
583
492
348
718
350
29
183
30
700
970
848
75
376
360
340
83
541
22
926
357
839
280
376
792
236
439
254
29
196
26
229
779
870
930
850
573
959
33
603
11
3
803
439
379
515
779
462
409
801
388
766
992
21
142
137
609
934
391
638
130
769
220
910
639
502
112
564
461
145
167
825
500
971
264
231
838
395
694
247
196
434
14
540
807
508
677
769
442
420
407
925
189
979
835
181
481
947
745
295
444
913
472
944
236
88
175
74
483
221
674
31
8
688
571
167
548
249
936
343
669
696
268
859
675
455
40
509
754
137
156
198
50
628
494
638
716
21
65
551
243
739
582
603
779
153
770
679
402
59
22
72
755
642
283
782
97
675
291
203
812
799
753
215
427
247
853
495
621
270
46
216
9
628
819
788
134
941
468
536
0
842
960
755
485
243
890
934
918
533
138
83
333
243
298
112
843
503
608
464
774
6
680
783
987
499
924
121
792
392
657
793
586
618
900
71
213
790
358
132
324
848
215
9
91
865
121
934
368
729
750
142
736
430
926
723
281
850
196
74
594
853
867
180
823
767
604
37
910
962
521
586
162
736
595
605
953
716
540
321
798
290
464
886
73
742
961
354
592
157
428
538
10
647
718
186
767
322
223
677
636
744
263
150
832
210
756
785
926
296
106
724
938
922
962
11
664
923
718
608
80
146
146
443
794
217
629
561
891
852
590
528
948
205
678
132
415
434
917
341
82
375
418
373
650
380
736
314
656
454
275
736
953
421
531
99
990
160
12
882
364
602
762
664
159
440
796
574
227
65
267
661
441
685
386
443
418
123
757
426
929
384
514
882
158
46
333
148
558
345
30
923
299
792
939
458
585
736
384
164
801
652
177
594
689
564
37
107
39
147
533
968
531
48
203
689
446
536
190
4
234
220
279
885
365
219
696
302
307
80
818
108
732
995
703
422
911
92
881
950
239
767
919
771
167
474
812
613
10
2
617
596
575
249
482
292
820
178
594
127
258
764
587
991
759
290
765
671
383
646
621
974
413
892
745
580
366
910
545
729
912
515
325
839
764
807
483
584
337
77
63
596
193
650
939
953
293
56
976
28
702
949
2
468
194
100
400
560
10
298
289
274
813
967
114
929
126
597
865
464
27
928
412
572
578
703
525
223
759
853
251
813
155
254
633
349
354
34
261
364
332
903
638
497
870
104
426
996
54
291
812
433
219
224
5
149
927
883
373
38
88
624
852
243
230
485
592
584
871
854
300
555
757
291
52
979
395
478
975
801
769
140
586
340
364
592
842
644
827
215
682
915
191
886
159
422
372
751
358
595
957
659
151
66
950
203
45
697
34
373
851
155
513
437
496
229
381
690
225
208
257
260
124
800
146
283
222
870
386
933
466
696
592
617
762
894
820
808
943
206
533
794
362
398
232
210
627
613
900
853
174
157
113
298
957
611
581
532
482
319
465
948
15
409
917
130
655
737
290
598
296
823
393
658
221
977
868
848
942
120
53
116
629
518
414
938
130
347
822
964
19
639
912
386
48
829
516
55
918
806
654
566
629
399
224
850
376
444
51
670
564
456
787
193
327
553
484
809
253
306
773
272
946
37
658
346
218
527
402
488
333
56
55
963
455
631
165
183
76
568
853
640
25
992
186
704
546
22
513
151
328
638
423
626
675
433
973
245
960
375
733
294
783
140
609
590
772
126
773
848
695
978
840
72
971
378
776
869
400
641
20
81
279
443
707
954
228
680
551
541
407
284
187
542
777
796
132
549
922
257
749
969
236
589
41
207
320
169
76
720
810
96
801
89
891
861
395
471
893
946
12
301
583
199
843
360
347
328
909
622
585
10
591
821
599
985
28
919
154
456
992
317
904
145
406
795
6
154
267
900
100
631
553
35
831
748
395
178
76
656
152
662
666
744
835
618
729
216
889
235
672
881
552
577
27
959
724
385
465
343
637
565
975
190
953
806
939
700
336
367
709
489
29
727
585
217
345
314
433
235
549
457
468
102
386
847
413
111
233
878
454
870
795
429
61
100
587
352
801
276
719
510
117
101
237
54
318
935
368
103
522
269
560
990
723
299
838
488
410
423
718
216
293
514
646
706
614
585
410
767
213
130
277
682
583
867
736
253
802
456
356
324
726
268
314
801
567
504
642
329
927
360
546
573
226
544
631
193
481
42
960
695
172
590
377
107
457
114
360
259
570
68
935
648
688
601
802
608
106
444
937
385
156
835
958
383
379
942
576
213
984
888
908
508
478
637
615
935
103
975
546
26
395
833
26
83
435
180
691
893
624
981
630
133
816
941
516
548
883
444
761
867
332
21
375
163
10
990
98
114
317
997
492
64
830
518
147
617
699
839
510
675
820
493
808
988
434
676
536
317
120
649
184
805
22
911
968
33
253
418
499
922
415
991
986
598
861
133
567
560
324
430
588
496
923
396
485
357
425
373
674
545
375
210
702
397
121
670
430
726
441
929
648
208
272
634
806
134
119
726
46
444
156
634
940
79
383
777
436
160
503
462
705
878
672
760
275
145
782
58
871
223
339
871
432
612
505
590
98
624
316
496
420
472
483
713
903
218
842
339
378
345
801
435
223
825
195
499
322
978
909
545
201
248
416
985
212
273
928
310
250
244
807
22
69
290
735
972
508
578
664
886
275
817
321
499
643
869
350
317
847
259
215
400
859
983
386
72
257
314
382
859
910
541
881
331
831
969
304
691
899
320
929
174
137
603
673
132
472
375
450
319
986
17
71
846
0
809
918
257
475
652
468
386
194
350
69
377
671
373
421
570
45
350
744
183
953
770
315
425
497
117
96
484
134
168
682
135
329
600
744
805
604
213
191
150
915
612
528
586
338
301
508
383
651
252
566
957
374
882
734
872
999
183
708
486
703
390
621
32
342
365
837
946
930
380
97
197
993
977
135
331
630
643
714
281
248
633
590
622
515
677
494
866
860
202
352
915
944
325
947
286
43
137
233
973
869
682
171
214
659
658
545
289
302
612
922
550
597
865
172
464
894
19
330
754
573
35
21
870
712
320
156
755
457
389
81
679
71
604
893
82
262
791
723
564
755
998
114
352
215
639
816
109
10
498
215
935
885
236
805
598
556
962
353
366
703
434
45
127
38
290
561
653
81
637
217
836
987
684
540
202
675
356
311
37
207
878
972
92
114
130
690
22
444
396
388
499
182
785
978
573
76
540
226
509
177
443
698
516
479
238
718
154
947
381
191
506
259
516
598
725
998
641
747
794
389
488
293
571
273
272
144
701
164
722
563
693
166
261
209
997
851
927
152
150
660
695
656
919
563
607
644
913
600
743
707
989
231
353
912
857
625
57
910
141
779
473
834
297
86
43
295
290
322
799
792
982
846
449
253
410
408
249
323
360
344
383
349
576
736
261
785
713
670
47
854
802
873
40
451
959
435
98
601
757
897
394
91
744
195
696
506
603
945
181
963
289
916
664
217
652
277
354
717
300
402
571
102
275
963
553
586
398
652
188
155
901
582
598
997
129
294
855
84
591
37
399
233
953
63
450
958
692
805
675
992
207
599
94
834
562
0
420
961
4
608
468
257
542
419
255
671
713
462
755
657
499
154
890
805
569
692
115
262
497
790
254
56
741
701
890
656
53
663
617
409
271
437
666
166
856
273
837
922
736
945
579
587
451
821
744
21
513
859
635
363
2
241
771
743
942
14
399
347
677
368
756
300
158
423
466
14
48
656
288
784
601
219
372
52
392
116
425
906
976
60
621
330
302
744
73
596
758
825
944
787
545
52
88
703
827
906
70
876
562
358
660
515
930
384
568
322
501
345
580
829
406
201
159
60
298
584
656
56
409
952
196
955
357
636
10
184
542
80
60
105
791
73
972
721
457
892
395
958
238
976
139
996
529
298
56
827
883
64
236
644
369
432
951
726
68
962
262
962
42
323
419
833
748
392
906
205
284
302
516
522
630
655
870
159
306
926
339
541
343
927
185
712
359
137
790
779
451
52
741
493
727
513
679
475
905
585
33
541
239
549
64
869
556
286
29
214
213
720
755
556
647
941
620
358
430
410
137
881
814
230
726
542
743
757
369
0
343
402
542
582
303
958
452
212
244
833
426
809
905
182
717
552
475
337
910
257
99
399
490
266
629
568
808
725
326
177
77
669
932
619
603
235
929
407
447
174
240
226
335
145
408
53
49
235
742
959
492
842
358
334
108
340
902
268
417
228
797
494
249
81
466
853
317
395
260
116
921
853
694
609
350
454
662
400
689
404
711
533
598
70
867
58
762
122
326
531
350
476
25
600
557
843
805
226
591
65
695
864
270
389
473
621
844
135
373
885
892
84
419
490
506
638
549
620
760
227
151
111
55
529
63
613
372
868
191
315
285
238
180
556
980
653
529
824
141
902
61
33
986
480
523
845
471
72
465
231
652
617
694
707
146
757
672
870
977
216
186
615
454
366
171
434
19
52
610
160
954
672
193
292
504
69
137
975
493
603
559
145
220
253
205
718
363
877
588
692
445
774
307
900
140
830
686
512
882
297
24
836
969
570
481
825
639
618
801
484
221
712
630
793
965
187
511
680
64
100
373
862
226
32
762
719
863
448
231
745
745
607
934
66
177
415
244
168
33
397
653
607
109
635
400
426
822
264
107
238
716
832
100
942
864
214
13
727
15
244
473
760
204
407
179
733
822
775
254
207
172
907
814
281
894
567
59
68
831
166
658
899
998
111
841
215
677
207
942
692
451
767
805
7
526
336
741
700
111
995
908
283
254
74
916
500
641
327
920
824
494
578
723
844
41
917
411
719
124
354
763
927
473
568
935
0
904
676
700
15
23
608
650
277
683
918
129
676
246
49
501
92
979
224
288
21
493
700
92
617
406
855
545
879
776
832
879
680
860
932
48
883
892
50
512
927
321
641
604
919
42
457
363
21
681
651
394
527
703
838
144
109
46
41
989
822
873
220
854
85
152
902
968
397
305
832
324
626
825
928
897
867
385
260
889
419
911
635
946
615
474
442
76
520
836
417
342
61
638
196
147
142
451
467
539
108
652
864
86
477
144
983
345
882
243
586
301
506
221
599
473
47
393
902
567
229
319
261
643
957
458
142
452
261
609
343
369
261
207
455
91
704
790
436
586
33
374
239
891
947
838
717
995
583
619
562
165
938
824
808
248
634
950
700
247
911
395
616
525
955
423
616
659
213
404
245
598
778
484
841
725
674
558
72
257
177
987
422
468
811
582
716
797
884
768
44
148
163
12
673
118
787
641
129
0
45
726
950
175
210
791
252
236
702
325
846
231
312
620
699
475
203
767
624
439
887
20
587
403
384
612
521
171
605
3
523
650
729
825
177
292
616
430
528
670
107
374
902
771
995
953
598
550
721
222
341
960
594
929
363
978
893
237
149
499
240
672
501
969
497
679
261
465
461
142
488
920
516
390
43
863
695
641
765
768
215
107
729
809
388
92
787
281
329
936
132
921
960
634
891
809
665
504
626
478
998
114
750
515
856
793
730
552
786
496
320
1
955
401
810
343
494
597
976
175
885
109
97
845
95
340
6
112
196
632
590
195
747
692
62
603
485
144
507
271
992
180
272
947
581
434
290
427
31
267
603
916
728
52
113
823
744
119
935
292
751
877
839
850
569
901
454
406
398
313
29
390
493
653
338
75
87
980
502
470
599
457
386
327
861
851
502
957
970
437
250
73
314
89
924
235
343
730
641
741
43
670
483
889
675
173
964
762
154
818
232
105
628
970
433
841
821
935
799
791
725
49
217
39
490
141
627
185
871
268
926
266
291
762
155
966
935
471
81
89
290
313
195
270
636
980
111
457
267
910
601
992
311
818
384
154
959
11
339
182
631
618
448
922
380
604
241
315
427
322
405
717
987
952
339
623
284
451
433
551
713
34
544
377
204
928
531
515
939
222
49
570
840
497
845
220
453
438
888
881
760
645
950
99
597
290
723
881
93
156
432
158
542
328
535
98
256
418
613
547
993
662
470
833
511
667
406
317
105
294
198
217
291
500
316
888
142
39
121
587
547
905
746
441
234
633
539
842
404
152
390
397
166
212
582
678
879
988
995
984
634
545
201
925
397
517
165
540
909
638
127
808
544
225
250
130
859
789
972
615
294
714
12
460
926
594
490
157
935
837
493
921
382
694
199
132
564
716
672
825
355
151
633
251
377
235
381
588
25
353
203
671
420
567
131
698
513
974
856
800
811
349
74
546
396
273
678
312
989
702
137
696
853
122
947
582
358
328
522
383
34
77
54
454
996
537
152
510
511
360
662
675
710
736
221
106
361
899
418
351
601
907
399
806
29
347
741
387
675
615
122
61
693
528
515
41
418
20
903
281
380
566
956
442
654
177
900
16
428
670
719
29
577
118
188
959
465
281
698
493
896
173
554
941
53
422
983
471
442
886
753
174
804
61
969
459
239
869
827
667
892
546
49
469
664
589
780
482
870
479
975
118
4
529
60
57
951
395
529
745
633
634
272
790
695
241
249
286
462
76
306
354
974
707
824
638
648
956
120
870
787
95
988
791
977
400
849
280
795
730
26
781
364
650
571
411
891
172
50
353
600
708
708
574
415
884
564
63
192
37
933
980
484
273
771
461
674
620
742
821
350
120
954
66
770
525
830
13
49
880
366
649
588
426
575
355
662
140
770
855
177
55
835
661
328
606
475
354
579
569
528
281
41
482
348
811
8
530
824
57
410
542
59
350
969
634
57
983
126
827
838
655
882
673
669
562
632
144
269
211
65
797
492
106
279
192
917
639
722
93
49
484
987
108
834
308
94
891
292
573
70
130
228
304
156
897
219
788
393
488
351
458
637
843
564
268
388
833
908
110
278
309
595
266
769
781
926
863
25
218
436
95
349
17
752
857
914
971
645
660
811
996
118
448
191
35
716
579
220
976
42
499
285
637
117
54
770
43
918
795
614
706
243
315
75
347
172
990
318
817
650
481
165
120
929
356
155
997
288
728
974
330
579
259
319
696
666
89
91
936
237
705
642
832
20
718
179
544
60
849
713
62
330
878
182
611
587
690
608
227
770
934
557
349
546
228
397
212
669
488
148
258
546
142
90
918
212
621
463
272
822
176
686
504
407
221
467
346
263
428
573
33
362
130
382
908
358
779
472
379
619
620
638
517
115
80
436
327
702
899
952
876
427
638
733
186
211
200
532
474
628
105
507
991
587
241
251
945
372
76
677
344
696
315
861
811
395
649
491
449
548
443
326
328
433
411
514
645
611
47
119
240
152
979
583
740
572
186
37
297
262
66
641
959
381
854
122
129
504
613
578
404
408
256
732
842
667
599
487
279
998
958
871
502
937
454
594
862
640
984
159
903
50
152
214
432
6
688
561
510
654
491
267
62
748
351
256
767
950
743
46
300
702
269
803
991
723
397
853
716
733
364
619
784
516
185
568
523
873
129
385
527
972
652
942
72
4
198
840
306
294
238
607
996
508
762
339
231
511
545
947
245
909
918
29
426
103
597
301
329
78
686
856
50
691
798
123
47
349
315
705
643
553
312
991
61
426
330
645
938
227
944
183
137
215
564
915
670
161
568
999
591
606
856
993
297
6
468
696
707
783
402
350
337
66
341
750
493
24
395
783
251
692
318
740
907
882
7
577
395
575
577
986
182
785
979
831
143
800
528
203
583
282
553
272
348
247
23
193
271
770
976
874
462
294
967
721
528
326
651
923
902
580
261
436
717
241
619
212
393
499
415
976
781
969
249
482
216
624
675
839
394
4
65
209
650
32
282
179
359
933
102
613
513
364
401
230
957
20
443
350
872
210
678
653
179
927
487
747
551
163
586
298
519
652
507
169
36
789
348
747
75
803
360
940
519
113
523
828
486
318
530
358
528
208
363
708
488
851
455
391
366
394
689
885
46
548
406
434
690
107
182
117
910
542
57
781
8
580
609
494
898
139
852
427
699
215
135
539
418
942
931
784
336
972
669
734
873
76
169
915
183
351
32
445
245
89
226
253
670
187
747
568
678
951
995
729
519
482
269
937
777
552
722
113
524
743
200
749
171
369
664
706
72
696
151
317
786
729
923
456
268
22
376
298
974
724
28
493
558
297
782
335
849
504
801
725
600
1
827
771
370
491
478
442
188
981
111
974
63
34
782
683
57
158
982
383
234
10
228
793
659
10
128
860
867
929
937
467
930
764
238
652
256
68
446
444
402
558
770
817
944
552
500
353
62
482
88
297
492
316
442
151
327
570
363
194
500
301
13
782
65
603
435
321
672
233
117
426
143
887
243
88
791
743
793
206
226
882
503
70
198
297
574
877
867
937
423
719
238
436
502
304
40
289
977
64
522
95
842
666
982
85
106
126
828
899
332
406
781
187
477
332
484
51
209
351
340
633
71
579
421
925
235
813
566
212
877
88
307
719
106
642
156
564
768
337
464
100
743
597
287
572
929
771
975
491
474
316
124
545
247
897
822
482
711
388
46
940
829
706
12
287
348
168
852
468
505
668
568
601
265
207
173
547
978
501
38
804
817
514
350
416
411
524
250
474
913
296
415
94
354
427
381
702
595
585
522
453
253
90
54
871
649
579
418
979
80
456
784
249
322
134
665
733
10
915
208
275
564
975
369
918
402
103
973
349
688
495
802
294
938
208
165
587
788
583
567
220
391
351
470
713
837
487
798
847
755
358
475
319
333
844
589
735
299
562
437
340
410
239
634
348
800
151
287
940
86
854
160
477
557
982
542
394
470
340
594
225
699
69
896
384
265
485
120
917
400
557
257
162
148
243
510
300
394
149
240
480
4
753
309
561
735
851
308
205
543
902
782
242
323
30
627
940
516
99
857
268
8
114
430
508
709
292
809
103
441
49
935
797
802
244
711
538
95
19
95
991
273
230
233
596
260
212
888
128
663
746
396
671
212
178
180
922
470
341
377
264
390
313
61
193
909
772
83
357
791
530
348
416
760
933
364
373
146
253
501
161
999
250
185
211
428
717
485
251
58
863
515
448
528
928
993
437
701
428
794
844
959
142
261
71
76
625
444
574
230
298
735
229
548
272
793
328
989
278
579
399
141
446
200
669
375
193
107
428
974
253
272
933
396
885
356
472
863
153
398
93
451
485
323
351
758
116
679
99
746
611
499
240
409
699
909
136
244
368
564
218
622
837
503
370
74
860
194
937
13
592
31
816
77
706
167
187
174
198
287
920
809
138
160
571
189
422
707
433
142
272
4
764
461
859
486
535
719
680
825
84
272
208
900
702
914
419
889
440
618
528
712
779
666
873
350
855
647
410
641
789
682
997
906
495
856
392
30
928
425
207
364
49
415
617
751
329
36
641
121
654
521
834
786
188
707
488
395
706
898
388
847
580
737
753
75
946
498
458
874
275
665
590
324
433
207
76
114
244
69
236
250
590
70
36
130
129
525
878
835
775
266
682
356
356
788
783
302
638
593
528
913
611
118
237
396
326
665
510
570
734
746
820
677
816
209
807
945
86
685
132
861
304
815
569
660
955
705
314
593
650
842
858
613
960
95
9
286
113
520
856
847
266
29
876
83
590
684
380
676
721
513
889
377
680
459
389
635
516
703
580
166
545
438
780
506
885
789
792
350
309
1
198
928
382
74
11
324
110
743
352
184
256
241
561
936
52
303
923
568
6
503
87
552
293
867
410
531
8
554
881
670
907
431
598
641
858
961
965
320
704
317
504
313
911
418
601
963
721
525
884
727
380
971
631
26
838
393
909
198
300
790
868
207
574
818
849
432
131
166
752
836
484
609
501
747
27
102
710
748
979
594
827
360
565
811
738
755
556
647
306
856
789
174
64
363
345
265
147
476
431
252
664
267
861
165
14
240
268
77
988
599
671
167
959
589
330
697
696
887
344
2
95
134
177
159
849
874
776
997
350
208
601
15
827
462
532
194
702
800
271
42
400
942
561
711
883
244
761
580
131
457
582
578
943
111
738
793
337
866
142
688
426
743
55
254
557
587
448
611
740
71
5
140
365
566
203
249
810
964
181
293
422
115
872
717
227
962
510
564
180
4
604
607
747
659
213
656
247
661
267
987
84
272
479
449
191
34
698
353
351
879
999
125
995
223
842
574
537
353
490
717
357
447
324
457
106
537
113
705
550
733
692
986
5
523
436
548
558
134
902
909
366
253
34
713
476
876
639
13
581
481
82
939
928
759
748
387
648
861
92
551
594
137
537
952
660
973
852
218
460
106
479
178
359
513
891
187
742
882
200
323
715
635
262
644
394
362
383
42
224
475
593
170
612
483
474
625
456
327
843
916
433
675
446
145
188
689
332
930
571
885
254
287
520
868
283
266
231
666
660
807
493
606
329
458
89
804
83
545
483
278
814
268
953
260
413
494
950
746
424
873
983
30
512
503
251
795
121
834
813
781
993
307
387
322
765
476
478
200
374
961
478
188
230
432
800
995
926
102
741
702
976
724
85
488
579
336
636
700
522
801
834
515
460
221
837
225
698
316
777
72
629
256
612
859
40
764
855
318
867
948
20
195
25
105
683
956
793
671
9
315
473
843
182
933
64
20
511
114
688
288
186
317
896
150
177
936
915
384
606
134
684
627
329
709
84
364
666
230
388
675
897
861
518
80
146
934
452
9
49
140
650
587
457
546
738
986
835
5
722
441
491
407
420
820
116
857
536
134
87
924
809
336
137
679
416
636
614
220
645
663
360
295
602
170
194
340
508
29
697
231
822
540
990
243
360
458
452
249
593
539
525
754
227
663
786
644
299
752
864
296
767
577
592
369
99
786
62
607
167
759
190
989
300
532
584
12
991
36
613
936
927
139
690
155
154
476
151
805
580
367
101
347
944
693
717
395
479
779
3
998
890
545
988
542
78
924
907
421
961
520
357
888
11
47
395
165
876
546
970
808
914
72
156
210
765
873
606
597
4
961
947
894
858
935
437
936
860
344
709
173
216
66
413
228
466
809
393
694
707
716
502
621
788
658
184
905
883
142
854
887
103
802
134
961
89
923
250
301
619
959
474
835
378
888
415
844
697
809
890
404
877
392
378
665
403
562
922
286
704
129
526
159
931
660
472
372
583
722
674
202
34
148
389
412
36
805
608
85
966
498
842
843
242
220
860
645
134
782
284
190
911
810
701
194
822
173
567
405
248
593
959
282
741
348
46
130
505
6
215
471
856
57
314
98
629
174
96
115
309
380
657
572
542
358
119
364
532
38
121
780
631
80
414
372
780
812
502
286
818
70
757
26
127
424
476
109
950
572
224
259
304
234
184
198
592
303
562
476
341
35
256
972
115
22
696
896
834
199
534
4
269
643
30
748
67
507
209
18
431
786
629
88
20
165
286
612
468
201
89
161
236
697
133
704
72
830
952
906
381
486
263
2
129
645
750
549
504
960
567
936
746
548
376
118
714
662
730
534
215
171
696
452
869
181
156
941
363
108
199
96
946
814
98
75
460
201
624
964
161
543
252
259
444
628
729
510
643
459
44
858
631
92
310
852
626
818
145
989
278
696
86
224
511
184
652
323
737
628
287
898
172
892
509
968
520
238
478
163
50
874
22
33
967
684
237
593
503
382
934
133
78
372
358
941
557
10
264
294
638
904
545
162
796
406
482
668
997
960
832
399
187
206
432
154
242
669
99
745
403
33
231
833
406
589
775
315
951
391
961
941
295
858
456
443
617
938
112
966
251
296
365
438
502
149
944
744
818
43
842
573
428
73
406
186
14
533
853
317
277
167
610
924
377
66
368
994
357
832
960
608
128
677
398
982
826
342
78
996
737
920
569
517
345
328
704
711
213
909
380
490
76
991
415
454
57
135
800
414
319
113
374
447
790
124
429
969
466
859
965
555
132
887
73
477
567
777
541
780
38
921
623
115
912
390
921
322
877
721
88
196
834
463
643
977
939
424
946
406
635
263
961
767
502
34
245
69
163
138
202
202
411
825
669
324
567
590
998
444
311
86
640
498
901
635
475
841
411
421
247
46
36
560
814
539
947
411
960
110
549
162
664
960
339
333
636
906
923
634
350
587
73
990
85
974
977
560
815
388
333
414
787
721
327
601
260
274
12
221
736
913
735
401
225
75
86
214
981
362
848
332
949
273
674
386
248
652
298
415
392
983
830
179
704
509
132
965
783
496
538
519
409
273
272
987
348
711
201
330
73
401
14
374
675
40
112
275
44
410
690
437
393
872
968
449
381
101
766
164
597
304
36
359
930
660
346
278
723
899
960
796
652
326
522
327
367
986
602
411
396
645
200
141
517
169
591
899
622
357
63
571
14
451
930
944
112
628
222
835
527
535
984
180
861
858
859
228
845
814
992
593
459
192
87
976
713
678
875
335
387
291
907
401
742
189
345
206
818
920
394
697
807
730
229
668
588
89
249
785
903
241
379
714
785
466
690
499
496
918
834
235
209
93
637
303
283
334
510
101
606
904
150
413
986
380
434
574
469
35
712
724
628
443
790
413
261
480
264
757
750
99
344
311
544
981
615
827
668
125
280
274
381
431
40
719
163
826
293
632
861
357
708
841
800
498
254
61
330
519
170
81
970
515
392
866
848
359
694
516
836
326
143
569
109
183
288
272
361
934
256
222
291
316
415
92
166
669
505
497
540
28
930
862
895
674
729
743
34
775
612
870
101
755
792
563
290
80
187
3
14
796
577
306
112
992
750
279
13
607
128
554
635
58
768
530
84
497
626
470
624
238
693
78
345
485
641
987
565
180
990
580
976
567
238
441
911
340
720
924
947
200
478
583
610
599
465
694
448
91
165
73
681
858
151
26
695
144
365
260
324
707
192
653
626
782
94
537
122
814
462
70
366
292
5
976
891
470
670
340
562
187
765
243
397
916
622
92
412
339
705
736
47
249
389
673
384
835
211
506
649
25
928
367
317
933
343
209
404
366
901
318
553
666
561
303
934
535
747
346
875
452
434
922
54
176
947
438
11
510
296
13
535
225
380
853
158
724
414
914
90
667
232
995
685
794
298
619
681
46
317
556
850
103
830
904
631
778
694
643
640
991
8
176
568
388
381
726
464
795
993
906
814
225
902
499
371
552
470
53
950
139
961
801
242
792
57
874
922
104
869
562
95
877
90
15
617
471
93
82
618
86
340
432
312
242
931
35
147
753
440
97
892
402
898
135
546
308
9
820
412
230
734
859
107
825
874
724
296
967
158
915
54
499
699
718
741
631
753
240
736
194
338
629
948
236
764
494
896
125
666
308
355
400
167
814
225
393
538
522
361
697
789
767
196
840
485
289
823
590
530
560
784
868
189
84
456
953
930
705
430
596
13
137
997
533
951
222
926
489
96
639
538
237
406
86
78
891
376
901
482
258
461
618
126
2
55
934
955
985
639
737
934
5
874
931
890
825
505
168
667
954
808
205
543
214
292
621
458
20
875
292
278
688
262
756
691
317
42
998
655
34
736
589
39
962
872
929
788
377
97
807
683
257
364
227
824
656
848
282
28
75
926
658
764
188
414
807
858
809
805
865
843
541
806
234
504
678
163
644
407
612
803
91
222
167
318
46
176
518
680
204
594
606
863
710
146
629
517
356
438
674
221
281
568
27
515
72
57
30
68
465
995
871
556
217
38
226
263
214
744
943
771
690
901
634
752
47
263
269
404
702
296
625
335
864
5
851
288
62
233
356
879
228
579
787
445
969
13
60
536
110
355
307
800
256
293
905
304
556
526
708
610
822
685
946
686
42
149
974
105
382
682
984
963
261
124
760
583
137
821
119
247
176
778
400
433
71
657
89
979
183
149
942
6
834
240
692
877
389
19
334
123
701
670
86
315
794
847
250
284
20
721
883
548
499
283
333
570
292
422
901
476
571
843
482
758
83
526
987
824
897
673
948
951
343
386
618
490
585
868
774
957
589
657
506
88
293
191
10
585
614
911
61
537
107
895
647
190
774
986
367
23
659
315
974
3
53
592
845
991
460
619
948
49
628
806
489
273
998
851
859
964
115
272
853
222
520
853
764
646
839
131
669
499
798
644
854
204
236
51
195
49
22
495
450
650
654
940
276
4
791
487
320
258
759
173
480
631
378
245
629
218
728
299
69
527
295
275
731
883
326
278
932
348
125
383
350
779
675
626
135
818
113
455
77
225
629
909
208
359
506
838
929
235
489
998
762
784
625
845
667
303
475
600
3
600
335
354
732
362
332
867
532
798
323
961
375
304
871
583
663
377
773
593
612
262
943
726
46
569
923
714
872
398
666
876
351
353
582
83
67
914
302
599
64
625
561
439
281
784
23
297
161
796
890
126
411
185
204
457
106
128
523
979
878
541
207
229
246
141
664
313
407
967
265
472
944
178
911
226
962
286
523
475
435
765
953
846
950
158
655
57
638
531
388
516
72
595
98
319
88
762
984
495
81
249
967
26
779
231
252
741
517
127
569
304
892
522
502
194
32
158
251
670
689
991
539
113
938
637
784
26
751
769
522
833
370
489
211
150
720
815
243
590
942
812
894
186
687
749
380
719
907
984
742
948
975
281
61
914
270
846
940
373
967
462
206
337
304
769
487
376
584
83
966
526
895
213
712
934
962
445
6
221
429
748
521
404
381
582
670
3
780
611
376
747
425
935
437
729
704
276
106
289
359
424
167
607
989
232
541
303
29
547
524
458
647
397
214
380
980
885
383
112
496
760
212
273
47
649
3
751
925
461
392
285
885
912
892
227
496
785
530
525
685
407
983
684
804
549
65
136
434
800
249
282
912
461
556
959
462
911
63
387
372
455
24
609
719
268
188
215
54
719
740
91
478
75
775
282
625
192
419
411
993
20
46
257
833
602
217
295
865
280
34
589
87
59
198
807
327
739
22
733
458
115
824
936
542
952
570
519
496
341
931
841
713
977
99
546
931
316
841
148
948
228
737
35
287
287
842
966
26
217
700
484
684
876
772
226
180
695
746
29
36
29
870
750
358
969
648
641
637
842
789
585
70
526
973
709
813
167
675
840
736
727
676
420
604
801
647
136
848
745
165
884
126
36
986
484
357
987
125
347
829
266
284
251
792
257
960
605
777
635
797
513
363
826
934
319
627
933
455
475
30
973
711
156
9
50
992
718
37
117
65
218
735
702
469
527
959
429
484
88
416
634
602
779
460
888
450
87
173
906
914
203
231
625
359
592
27
703
310
416
172
728
634
907
430
455
434
741
236
270
830
653
904
784
784
364
672
235
803
845
493
717
48
724
695
759
316
722
462
978
491
634
706
125
893
488
933
327
230
169
597
412
174
854
196
959
218
868
546
22
65
391
91
465
115
786
576
783
861
38
113
352
24
172
829
917
660
762
596
242
284
545
6
458
399
202
769
970
422
667
344
487
58
435
952
525
574
528
660
435
918
774
787
294
946
616
563
958
731
159
553
15
57
559
825
808
762
947
778
184
614
122
24
673
910
976
550
484
857
211
919
127
985
58
422
283
26
985
241
757
497
146
124
554
706
302
362
468
249
493
4
863
967
28
888
877
357
791
361
566
2
632
693
339
690
467
974
717
805
567
826
302
714
951
208
420
253
922
240
854
415
244
69
383
625
310
260
334
101
974
900
455
606
945
794
297
413
120
366
218
687
192
872
753
143
80
173
748
354
413
602
770
10
672
505
635
982
117
969
435
91
221
890
698
166
36
347
579
156
713
149
195
257
21
949
401
453
122
501
808
888
104
930
898
128
435
885
462
552
206
897
996
427
787
46
593
823
393
525
331
458
26
526
715
400
475
468
853
950
970
13
838
426
295
88
906
730
973
368
635
531
617
631
958
756
677
903
931
422
780
262
232
807
788
299
559
616
768
412
566
90
778
404
868
73
492
774
156
817
494
791
348
111
774
658
867
803
913
798
577
694
412
809
853
200
460
412
168
580
176
734
22
306
490
890
732
334
16
888
151
510
31
851
973
805
861
192
960
775
342
537
821
754
698
26
307
158
790
475
739
966
210
761
625
52
4
357
387
20
245
538
883
276
742
856
433
955
401
393
730
743
930
903
850
980
929
157
138
719
984
229
38
546
343
663
599
347
20
986
719
617
876
602
245
618
811
678
926
212
71
656
307
353
912
157
333
193
666
823
913
651
405
303
197
748
318
796
447
690
134
166
307
11
121
552
981
284
230
907
496
653
916
155
358
828
313
43
21
979
218
286
982
623
941
180
371
259
328
818
949
463
337
608
474
810
160
807
94
742
715
942
747
631
97
457
811
762
852
184
742
71
823
76
694
116
256
418
376
937
588
677
400
925
286
226
735
798
33
181
893
748
123
992
731
221
450
894
983
302
431
77
373
254
154
68
370
762
838
98
699
426
128
451
352
766
677
439
564
63
621
457
163
744
450
247
317
252
141
301
554
572
730
280
178
884
700
901
999
538
999
50
964
479
502
668
245
531
108
810
594
81
619
758
177
421
5
495
25
498
148
932
423
878
212
601
115
264
502
114
802
854
164
118
333
18
787
931
550
247
741
496
680
712
606
857
486
611
352
511
462
852
443
885
731
7
838
198
271
341
312
425
547
828
544
232
199
683
163
749
930
256
245
962
321
204
819
807
815
524
670
629
376
114
514
459
473
353
657
745
46
321
522
945
502
66
177
701
749
693
450
31
301
47
993
622
251
165
429
419
689
452
400
417
918
915
229
391
620
886
488
18
208
11
963
710
429
492
763
179
185
213
562
487
612
908
461
216
73
243
987
114
695
387
883
613
654
112
4
274
999
845
292
559
856
607
621
285
100
384
816
285
949
731
124
913
639
586
129
64
829
116
530
876
856
413
489
510
526
845
137
877
690
429
788
546
37
409
184
137
145
0
774
94
83
251
7
722
189
489
138
370
957
668
246
813
434
735
676
312
932
813
189
623
594
329
521
631
738
705
120
235
58
247
681
141
850
688
216
39
529
706
409
487
375
7
652
809
742
328
121
674
141
662
649
736
991
171
719
81
228
192
668
638
791
349
132
641
389
348
680
919
406
441
758
781
448
410
942
542
91
415
568
584
77
218
672
420
741
744
853
969
936
521
608
727
870
740
720
260
440
752
531
846
193
289
980
993
51
274
887
142
690
455
79
119
25
751
540
766
495
393
736
431
267
696
510
137
788
230
749
580
982
280
778
527
569
110
872
621
385
759
115
75
215
194
194
592
946
86
359
793
832
95
577
99
143
439
588
283
670
338
863
4
618
993
884
540
104
756
513
489
516
628
916
83
175
110
675
121
549
34
266
733
481
843
832
976
283
772
259
305
110
474
309
81
468
545
621
572
302
134
61
170
114
977
253
289
439
280
762
340
667
29
73
500
224
257
477
507
30
88
164
140
563
826
573
31
371
546
603
673
680
16
843
147
345
448
436
136
81
551
477
748
580
902
600
804
160
77
664
190
518
828
682
81
6
608
464
378
154
419
403
187
435
599
334
132
399
122
268
480
673
97
580
605
0
181
762
512
610
426
54
128
606
736
561
613
696
25
343
851
444
746
38
231
345
724
715
745
846
336
225
872
433
158
477
785
339
239
649
949
17
703
78
624
792
991
589
488
17
932
339
813
678
729
397
376
453
112
473
652
448
698
524
234
856
1
371
547
593
21
497
610
76
927
234
868
918
175
357
287
107
48
453
138
778
850
866
231
962
339
883
763
389
759
349
246
761
720
145
354
93
642
964
170
921
551
38
192
726
395
831
186
444
284
676
574
134
542
805
449
881
41
564
270
800
913
868
913
985
14
619
79
8
936
249
282
839
287
474
565
35
657
103
831
942
779
405
428
673
562
229
554
955
793
177
108
58
45
373
44
411
993
123
772
281
724
54
120
11
880
685
398
537
141
229
831
272
986
612
946
901
841
852
208
987
29
316
397
427
690
441
190
35
916
962
316
640
368
436
4
600
473
402
490
614
984
321
887
322
933
185
223
127
37
432
466
67
100
863
846
142
657
36
177
925
999
845
566
719
281
570
320
107
324
810
721
308
483
960
631
769
497
206
248
535
638
714
602
91
929
448
233
938
836
411
864
187
608
430
907
890
352
579
997
676
741
70
985
224
383
968
345
880
174
593
415
165
659
369
256
589
169
841
527
358
252
743
545
861
173
804
103
877
383
452
554
124
874
891
701
257
859
46
490
385
640
257
550
299
979
158
240
500
0
120
858
604
863
404
817
389
208
272
266
944
724
820
68
599
63
121
208
922
168
50
660
160
308
210
811
639
721
52
139
721
524
998
677
387
402
495
128
962
767
395
906
844
567
327
795
631
800
3
905
968
406
565
480
66
128
292
705
849
344
844
922
868
842
599
607
596
446
736
911
566
131
169
410
50
848
205
681
649
560
587
969
318
504
450
384
632
742
89
833
438
934
755
306
128
707
913
77
505
649
340
71
132
509
481
183
710
38
216
711
951
155
680
269
660
482
654
644
224
95
478
662
381
585
320
510
644
586
939
150
587
279
221
720
140
55
255
202
445
471
913
396
627
594
666
639
76
672
283
653
767
113
667
149
699
988
11
695
574
950
845
161
581
419
881
73
474
488
276
919
960
189
668
939
135
334
578
564
358
861
217
125
975
884
626
26
872
637
721
798
939
567
960
520
986
193
594
812
682
222
83
994
411
751
933
899
437
511
463
795
372
32
273
699
916
899
725
141
537
447
939
476
366
251
349
704
445
295
516
479
517
599
473
280
703
406
179
140
269
994
288
641
26
561
693
295
812
418
436
701
217
727
530
583
331
231
639
776
526
155
255
395
107
80
27
810
486
559
302
755
553
590
748
932
503
793
227
668
564
15
369
781
94
899
717
425
130
356
201
8
864
808
403
971
240
431
133
726
990
435
833
895
378
934
827
881
79
54
549
643
421
271
777
516
522
846
941
5
554
495
13
418
655
769
741
896
552
874
974
894
662
160
789
40
446
969
273
525
23
175
169
797
446
298
313
968
144
254
973
698
101
339
469
757
108
210
653
12
437
627
906
99
139
695
491
585
664
764
111
40
939
632
837
737
930
502
706
426
756
31
476
858
722
945
967
830
508
620
842
297
599
100
748
739
148
239
324
164
355
787
204
647
419
393
384
701
895
442
479
4
474
956
214
196
253
181
379
113
153
573
410
104
674
510
843
822
749
520
986
457
307
543
104
79
288
488
132
536
931
964
540
757
272
106
953
525
639
684
991
144
258
753
248
932
264
444
106
365
964
92
822
623
987
926
54
276
767
187
812
698
503
704
455
775
810
760
652
801
445
643
945
55
397
545
339
13
989
445
378
953
889
553
929
229
831
983
505
598
522
317
648
25
373
455
152
535
568
805
336
365
800
633
420
549
178
111
562
168
908
293
473
149
198
402
378
29
738
883
980
260
552
980
638
925
788
790
812
356
947
500
721
748
133
493
297
664
956
860
832
864
505
657
13
703
412
392
