270
50
528
179
407
802
436
407
791
987
107
450
485
648
89
429
698
43
644
174
295
66
486
752
877
546
588
638
90
51
767
712
453
648
891
861
450
680
620
593
19
79
44
504
728
485
285
778
529
930
952
824
996
439
576
225
337
516
216
427
920
983
140
725
631
383
938
434
63
559
27
434
638
423
939
718
909
576
497
438
506
801
614
854
592
191
80
929
59
648
357
331
631
849
57
615
584
995
49
0
906
428
434
545
852
725
615
113
302
464
551
808
266
517
15
858
708
447
788
120
95
497
451
726
698
860
693
282
208
94
634
114
523
69
11
727
794
627
840
448
91
743
609
709
260
624
568
321
71
708
793
166
205
596
244
255
457
290
537
665
384
172
131
259
593
143
338
739
122
530
188
565
273
797
275
886
773
843
559
844
903
352
362
108
300
958
363
757
600
252
774
985
776
906
596
369
401
935
461
523
465
649
88
91
798
715
329
571
558
888
767
461
592
481
921
892
791
636
650
392
241
776
729
17
34
325
739
435
612
200
310
78
201
751
521
999
466
850
922
377
738
689
190
330
522
464
222
313
100
224
705
693
353
434
711
387
112
802
175
724
354
837
154
555
588
675
906
407
525
828
136
615
869
326
945
391
142
520
704
595
744
762
288
449
548
351
837
660
153
364
385
507
201
891
414
142
567
320
901
92
500
37
708
369
715
5
760
858
877
817
453
974
579
93
423
127
445
260
788
598
976
525
458
530
416
872
672
335
545
573
780
45
962
840
415
29
845
527
887
723
344
692
49
923
786
472
51
231
85
191
181
61
68
991
591
836
216
615
172
761
540
304
158
502
144
925
532
341
453
771
416
149
816
465
73
954
938
476
537
23
19
70
436
87
62
28
275
278
995
799
391
536
103
901
390
247
827
274
589
632
46
357
781
214
823
854
168
761
682
705
136
701
775
572
140
189
952
768
819
948
567
210
484
671
464
874
270
291
501
211
275
547
569
56
113
392
263
281
505
945
338
641
999
465
565
491
655
518
259
474
818
827
37
302
850
501
528
472
792
29
684
419
928
605
475
41
349
738
674
854
36
364
847
35
830
764
526
485
282
138
311
100
965
348
754
167
849
635
639
993
16
675
412
945
280
888
338
981
978
365
187
366
729
386
401
559
151
280
396
785
418
708
238
735
56
992
254
258
979
893
251
996
921
16
941
553
256
631
535
586
996
722
953
726
109
706
637
612
986
34
397
756
742
635
843
150
980
97
408
959
343
12
955
264
28
896
817
636
880
352
222
876
427
175
954
888
882
592
500
220
626
897
329
720
885
172
870
865
622
631
824
965
643
780
581
23
28
750
659
260
103
233
137
882
409
91
770
643
35
622
863
661
871
544
733
756
69
604
621
691
235
798
8
230
930
941
253
310
691
264
571
146
497
708
28
258
151
150
901
187
124
117
200
996
661
934
104
82
890
78
125
477
876
485
707
158
426
960
468
118
576
39
616
73
99
997
332
603
499
585
790
624
54
342
972
68
628
76
150
518
154
276
995
382
761
702
540
188
14
9
658
590
400
626
16
500
623
700
103
123
285
245
99
340
939
71
408
568
147
910
86
302
186
434
684
300
488
577
488
503
586
498
445
986
124
813
838
100
513
293
223
151
890
322
843
830
393
603
750
892
513
836
194
700
622
231
352
111
808
192
966
746
690
411
84
166
225
923
266
90
568
841
241
459
163
84
289
908
687
39
801
553
227
347
605
202
930
957
313
738
149
279
836
191
42
921
357
619
196
976
710
764
817
303
223
333
740
864
241
779
255
394
332
835
742
937
37
672
894
702
763
395
981
951
586
375
872
944
995
420
920
57
185
89
360
760
422
100
977
664
232
584
410
564
419
152
854
808
177
100
510
940
496
843
891
82
571
116
378
566
536
650
975
73
740
335
186
162
788
163
178
20
747
589
936
519
93
790
327
270
891
190
562
387
385
806
469
956
922
848
522
810
850
849
884
590
185
422
105
325
585
283
697
684
224
633
203
318
424
883
588
315
73
503
54
458
309
523
415
231
723
289
393
574
139
629
516
676
51
621
353
636
257
50
673
481
683
876
151
107
759
92
774
184
595
828
995
904
704
410
487
779
51
880
705
542
510
222
218
913
843
571
902
100
973
575
934
657
803
85
116
915
177
243
99
124
71
94
28
127
856
867
907
260
100
964
802
962
186
373
875
382
296
777
834
270
704
768
927
508
206
395
423
735
638
874
860
62
321
240
189
177
460
448
789
560
413
592
522
599
317
397
333
613
527
168
883
231
936
162
739
494
558
514
230
548
389
442
610
710
682
800
239
142
600
29
54
13
973
576
965
290
326
298
903
853
466
139
436
755
301
528
249
211
42
479
760
783
921
370
845
956
522
85
450
123
466
505
136
439
81
453
81
759
752
336
964
570
475
401
325
777
929
927
340
323
406
100
107
680
471
952
988
345
389
438
468
855
295
957
646
729
410
79
488
514
416
453
85
891
206
762
20
135
689
361
810
448
813
269
480
636
222
468
982
963
258
802
171
554
759
817
283
522
897
771
388
665
576
825
556
782
588
929
269
629
642
432
429
807
701
909
444
275
377
778
239
636
580
410
542
692
579
825
214
828
948
954
493
525
780
402
659
720
331
929
349
325
361
779
132
414
40
928
690
418
706
929
406
287
339
948
979
918
125
545
99
73
499
592
598
279
994
610
351
677
891
701
354
604
832
487
18
224
767
708
642
474
637
400
761
328
700
92
599
825
637
698
899
488
642
849
120
637
459
471
666
350
524
21
954
356
860
325
581
627
33
575
101
23
328
214
703
28
306
302
854
295
352
105
784
995
306
904
984
766
727
650
468
252
23
775
960
883
100
893
863
485
821
964
508
149
531
564
529
189
218
383
485
571
840
621
918
147
877
902
265
604
552
733
208
576
860
169
811
312
62
674
798
883
991
658
32
522
574
562
711
793
297
548
364
490
521
282
637
750
536
254
707
440
987
915
16
200
84
180
864
147
854
14
30
197
673
415
719
599
329
783
392
978
331
108
468
205
742
457
955
278
711
662
719
699
578
87
251
14
267
115
161
474
130
544
671
155
311
391
754
640
526
147
618
209
607
87
414
350
544
722
628
256
384
347
307
314
787
910
681
54
25
194
880
507
738
552
14
49
295
769
41
821
268
660
30
875
99
797
577
995
519
206
603
255
905
262
922
692
172
603
99
550
797
979
409
888
531
424
289
178
545
331
999
813
343
382
40
442
179
970
789
50
176
393
305
433
655
227
126
828
182
225
730
980
556
139
868
88
563
157
266
108
840
618
273
183
0
666
625
531
636
767
581
164
160
238
597
815
466
75
995
0
300
725
980
857
217
200
297
780
710
915
241
550
533
514
734
885
532
711
768
168
478
701
684
990
940
282
158
758
357
153
758
10
231
739
219
448
291
868
580
1
783
821
904
669
688
990
906
572
701
675
741
532
376
425
874
316
59
32
74
417
186
833
779
769
924
998
569
567
866
149
569
1
323
825
670
363
815
577
935
868
604
28
752
980
806
627
649
865
659
75
634
845
260
413
966
184
763
535
752
981
37
673
983
360
498
5
75
665
934
10
533
890
391
286
871
197
913
872
62
572
947
49
770
560
462
88
744
578
624
848
559
661
873
894
373
723
252
800
388
186
810
274
77
201
560
300
750
825
524
813
749
823
862
519
383
676
608
480
254
584
328
166
597
554
60
970
629
312
122
18
851
932
644
280
486
204
932
236
381
456
401
130
279
615
2
663
644
962
143
250
546
823
416
143
729
829
465
359
493
587
729
344
871
373
976
709
929
908
298
310
716
51
792
996
19
794
11
663
756
154
913
654
329
682
149
59
511
966
770
4
905
499
701
129
872
29
838
801
938
488
463
654
540
255
2
559
402
13
574
510
519
487
165
201
521
666
260
32
633
30
37
890
881
90
19
753
119
210
906
409
50
721
416
590
328
418
501
730
432
427
593
303
267
110
504
788
776
116
821
761
146
210
652
379
652
23
132
771
585
390
181
636
463
597
578
792
367
432
874
151
859
467
455
126
577
311
915
354
428
88
467
926
650
471
306
302
495
790
73
80
181
606
68
644
555
647
788
275
79
663
426
290
130
233
417
708
545
684
414
973
124
881
899
774
353
205
76
200
996
501
632
529
460
701
525
15
348
314
290
779
977
69
69
107
302
838
167
847
874
933
820
998
167
72
772
872
277
200
72
625
702
56
154
162
757
680
529
457
994
172
588
323
593
658
430
895
848
950
743
723
235
915
73
402
987
846
274
617
398
698
242
100
755
749
614
864
429
496
322
775
20
262
98
613
920
880
860
121
182
603
844
418
871
917
820
858
115
447
475
866
145
70
966
252
819
933
117
600
781
439
727
801
53
825
766
974
57
626
447
240
582
643
658
453
912
478
663
380
277
491
246
423
561
564
675
732
497
792
332
630
583
59
783
637
236
549
963
293
176
762
885
110
405
543
563
317
374
578
697
651
69
295
426
982
860
454
714
709
246
398
340
182
809
123
171
397
25
486
43
201
248
928
663
653
472
226
322
198
804
372
201
226
667
628
208
879
82
275
589
680
25
929
214
835
404
737
232
429
223
275
982
471
204
645
476
28
871
151
578
28
875
131
606
894
111
814
774
545
441
363
226
467
292
792
302
696
530
886
478
105
514
460
577
70
106
405
450
329
908
28
709
783
159
315
678
623
482
452
168
923
815
746
390
459
539
44
507
421
283
985
526
797
446
455
867
904
861
317
585
121
697
295
905
208
610
935
831
444
387
0
368
554
746
110
13
285
507
872
58
790
858
585
939
656
40
806
912
253
123
497
375
172
792
632
380
755
567
212
199
954
212
919
860
310
382
873
948
241
97
6
31
955
591
970
963
984
128
875
589
603
373
964
775
517
596
155
272
515
719
824
469
931
95
329
242
477
554
190
718
4
548
101
959
492
423
275
476
551
150
65
154
875
382
929
393
330
437
17
846
156
193
667
440
289
349
34
118
903
576
837
259
124
290
219
616
714
846
444
265
348
510
420
224
244
701
969
574
138
338
420
295
532
88
735
173
437
121
291
692
697
128
952
821
419
523
790
485
369
234
750
69
96
170
293
340
224
614
915
362
305
687
9
837
127
96
362
916
217
653
609
914
134
913
88
905
788
878
390
509
112
140
578
209
663
224
901
887
838
168
601
143
856
611
332
335
707
694
252
925
700
213
191
834
478
279
739
266
157
129
775
622
621
353
183
636
929
84
523
768
253
125
263
461
88
948
796
795
994
400
72
694
613
264
528
91
895
619
709
405
100
484
379
74
190
562
710
119
998
234
239
603
711
855
64
799
803
213
946
797
965
371
844
579
635
724
22
882
344
732
287
444
568
666
518
110
580
581
582
579
815
821
182
878
28
599
29
831
164
327
981
129
698
825
60
685
549
435
568
245
519
207
690
87
226
560
550
806
141
132
737
308
305
920
538
334
871
919
517
35
247
498
516
297
675
929
983
225
364
903
470
883
110
512
322
688
425
872
847
918
356
584
579
14
856
469
700
727
389
217
114
988
68
983
285
743
912
268
320
628
171
143
511
634
7
185
322
784
410
169
703
766
106
634
132
962
103
832
42
492
402
508
480
470
491
766
565
403
386
238
31
558
381
894
544
740
80
218
525
842
740
228
960
846
862
93
160
317
277
202
810
679
711
642
501
202
408
67
958
795
305
341
705
38
588
601
778
20
819
303
862
559
883
822
757
97
267
918
415
545
472
225
224
183
219
78
738
628
145
48
775
802
741
832
192
329
785
970
701
604
626
915
516
509
90
625
959
357
543
374
902
16
951
479
551
170
909
641
150
54
689
277
208
431
461
400
112
246
722
166
203
700
81
719
210
171
344
169
881
240
895
783
608
846
614
159
368
523
801
871
929
842
148
489
625
962
241
90
208
964
256
411
664
689
482
226
861
179
747
742
419
994
877
27
192
844
538
561
719
691
432
649
534
932
490
159
894
732
249
455
48
857
218
64
547
701
643
760
880
390
502
651
737
731
30
929
927
568
490
647
260
274
648
146
559
138
305
805
870
555
260
270
412
479
335
311
180
330
71
412
72
925
415
809
657
445
739
584
365
581
231
977
856
231
123
767
370
781
572
592
336
833
863
100
312
550
412
844
880
835
608
304
761
23
114
418
820
853
354
185
434
938
515
642
169
990
409
891
771
334
484
459
167
699
912
831
249
676
27
481
511
635
785
272
658
251
42
830
104
397
367
891
687
882
885
856
873
295
748
996
981
584
456
148
283
368
331
884
44
358
717
555
993
854
828
3
106
870
833
210
619
200
453
306
435
339
515
308
986
615
304
967
199
112
467
834
480
798
718
876
156
787
432
501
641
612
504
747
834
337
310
806
889
763
112
324
102
979
984
88
946
641
407
497
753
874
331
586
672
401
462
180
188
246
681
830
210
185
929
45
874
239
851
764
355
315
88
457
295
73
898
593
66
305
91
819
532
422
405
204
824
220
385
364
466
66
546
677
604
476
74
478
67
925
594
422
592
683
232
239
108
482
833
174
139
924
345
671
346
751
228
522
323
965
239
789
31
785
818
987
261
892
466
681
169
60
455
762
95
687
1
555
521
834
81
661
110
427
684
809
530
912
331
853
877
570
994
261
708
813
248
321
705
66
2
227
479
458
989
926
497
342
834
19
529
915
32
639
342
716
448
224
981
132
429
210
54
424
471
762
237
72
84
294
490
438
873
969
896
862
248
746
557
82
765
86
997
149
725
692
217
526
268
198
10
698
409
64
122
232
179
711
656
263
357
147
701
231
468
950
445
716
696
2
150
813
88
500
314
166
192
531
44
812
730
54
510
491
118
984
75
297
695
732
912
405
879
966
988
699
268
785
768
316
788
918
481
228
418
795
746
962
326
790
775
408
196
285
251
667
270
327
316
317
59
229
74
290
547
62
989
815
200
757
483
988
28
964
568
446
759
667
409
437
809
184
198
6
821
449
673
443
128
341
761
187
570
187
829
469
602
819
636
802
928
119
142
956
435
710
755
546
729
516
984
539
700
534
545
873
983
570
317
112
911
430
651
834
617
481
655
219
652
292
373
932
763
515
241
199
226
996
745
955
512
81
494
564
615
391
789
951
313
458
63
577
888
66
411
858
899
66
429
551
710
803
836
474
318
77
673
896
425
770
852
289
852
698
853
467
442
994
770
107
453
833
684
341
252
95
551
151
514
981
55
224
784
891
50
454
320
723
351
745
846
555
34
698
605
239
517
47
233
288
155
38
473
191
380
77
287
283
229
153
264
284
729
400
527
780
855
847
855
558
944
701
113
978
399
718
569
269
118
154
909
625
193
734
816
925
812
455
208
41
608
825
677
338
225
204
470
432
403
325
342
347
27
455
677
778
526
598
47
644
752
308
269
945
43
437
222
855
893
431
896
501
256
925
191
833
481
661
618
884
987
960
231
366
768
260
144
294
858
544
290
610
852
911
908
895
348
130
102
241
913
350
95
521
275
286
707
756
300
677
640
639
637
223
5
757
835
149
403
693
45
693
656
250
604
916
497
305
398
600
898
312
950
993
185
226
632
892
334
284
921
975
923
559
550
928
668
386
429
72
431
827
765
439
77
722
355
574
379
754
174
277
418
477
623
955
703
607
200
37
891
121
364
166
32
267
446
701
5
227
773
788
54
890
228
483
612
583
58
343
689
584
621
459
61
596
415
116
555
967
154
798
88
870
964
121
137
762
174
494
989
947
283
396
837
511
879
802
446
937
497
488
522
470
299
935
66
714
52
621
33
558
419
122
428
735
595
918
497
769
764
839
68
47
235
257
910
114
411
709
52
909
197
926
379
496
861
446
563
265
419
596
823
191
70
604
926
665
522
776
786
286
615
854
686
850
112
596
964
523
657
368
432
854
646
812
703
508
610
618
125
29
214
949
220
637
553
499
302
427
275
441
65
890
295
751
92
759
700
56
283
357
425
67
564
71
879
267
931
841
237
409
223
451
358
795
440
263
294
95
690
921
536
755
163
831
507
255
591
559
312
226
916
89
293
480
512
525
99
796
366
336
205
941
140
915
737
580
178
31
675
868
305
211
623
468
395
482
724
986
41
388
212
958
477
857
790
341
382
242
137
101
578
694
42
718
609
779
651
787
163
678
655
468
890
631
936
285
465
12
623
507
400
187
817
877
44
959
219
427
201
708
528
780
403
570
850
12
702
501
152
865
532
807
333
422
790
621
59
256
634
34
115
34
221
932
264
265
891
835
44
93
543
924
225
946
495
75
311
197
929
463
62
461
622
747
235
765
720
646
21
354
680
488
741
253
420
5
870
663
840
915
108
735
839
333
34
686
761
345
883
42
160
297
855
782
396
442
547
117
88
920
823
120
408
564
373
180
921
243
844
113
510
304
849
350
990
883
36
103
580
272
145
740
569
352
874
318
794
774
435
234
694
258
706
455
175
79
635
96
674
831
562
185
488
411
535
478
646
923
581
578
195
78
670
117
430
544
787
576
670
222
162
365
832
868
172
359
947
807
808
973
991
370
158
479
133
45
957
779
969
890
709
516
968
379
985
750
275
772
678
946
346
840
663
179
708
835
890
7
994
698
980
985
68
139
816
201
536
125
332
857
15
41
726
335
772
711
437
48
484
115
346
830
955
9
361
663
844
604
670
190
302
3
176
371
494
344
572
30
470
905
240
837
298
966
173
71
677
610
471
513
726
817
696
33
826
409
697
22
13
719
212
316
722
740
39
216
85
611
599
555
868
839
392
167
157
917
590
186
528
61
700
606
878
748
639
56
157
688
78
523
760
290
191
834
31
230
403
468
193
2
375
62
193
119
581
350
37
523
536
917
584
588
523
814
336
514
870
846
555
948
721
315
238
912
149
621
142
552
441
687
906
816
749
451
936
682
801
325
205
690
242
789
630
117
603
319
631
473
517
538
773
238
853
364
502
355
337
996
259
779
683
166
595
433
969
883
467
123
208
673
813
802
814
795
919
770
114
903
595
983
441
369
221
647
85
75
2
422
71
613
201
755
131
149
540
101
384
7
224
593
32
389
395
199
184
667
321
651
570
916
634
363
637
208
10
74
283
364
497
355
978
698
462
109
199
2
562
584
361
786
529
746
175
276
945
360
943
618
11
865
886
997
229
876
205
591
950
489
956
447
196
286
498
658
747
697
12
310
633
373
96
514
471
272
791
768
984
86
386
347
304
273
344
533
149
550
476
451
391
432
899
587
70
397
245
170
446
609
480
432
982
928
946
454
552
89
222
536
528
961
235
832
586
580
717
735
482
193
538
873
978
437
812
48
186
409
570
985
18
50
417
0
979
363
806
883
805
381
420
333
694
655
517
280
587
234
367
69
779
905
942
757
343
754
158
529
163
728
514
181
131
283
534
462
999
692
345
804
425
117
489
119
125
6
399
712
240
766
134
371
672
428
129
367
535
639
248
50
367
115
584
850
398
118
312
397
162
658
553
588
127
42
59
252
400
459
317
640
577
803
12
601
231
493
968
766
132
217
817
851
684
401
54
82
871
366
832
33
376
737
973
504
780
33
108
180
844
777
173
773
580
537
375
164
382
695
930
866
264
99
69
948
500
123
383
723
490
567
757
218
304
82
74
436
467
535
617
663
664
142
437
245
31
164
761
765
859
691
631
124
791
700
72
643
176
807
367
18
374
476
236
679
558
663
115
378
198
84
41
862
578
830
459
609
994
220
374
854
264
357
978
55
58
402
50
586
210
417
604
584
893
840
615
804
503
731
534
53
815
575
916
394
758
727
355
752
948
82
606
564
439
936
971
849
691
21
435
901
439
391
837
684
232
453
840
87
184
374
493
351
302
761
97
60
488
805
812
788
887
771
352
678
707
323
528
398
697
315
651
488
707
489
524
291
942
365
730
478
91
575
181
393
336
279
805
177
84
970
317
323
741
670
1
800
345
881
551
394
549
554
882
608
395
407
899
689
124
981
167
215
557
349
961
893
980
118
422
416
88
740
739
181
762
92
334
107
326
885
854
875
791
736
483
187
495
734
876
619
715
396
835
624
97
148
870
429
266
292
845
707
32
936
888
794
380
222
254
706
459
108
933
251
196
416
790
692
502
666
311
218
414
498
194
511
646
64
940
265
357
137
972
389
73
212
536
454
787
790
512
246
250
446
849
446
214
991
138
717
10
802
287
424
300
481
288
299
546
580
916
903
718
240
644
143
804
532
949
591
674
462
190
924
260
39
723
474
31
213
191
41
15
478
817
668
960
105
319
506
686
587
761
756
827
757
899
983
290
201
575
316
15
765
241
275
156
316
749
539
529
941
580
897
419
750
917
731
207
588
237
893
175
350
1
354
460
253
337
102
454
264
418
469
29
659
744
538
327
845
77
209
786
658
106
558
760
375
289
967
315
527
213
842
229
214
548
689
819
237
791
273
502
210
94
883
221
190
421
901
36
499
110
822
509
568
380
269
943
670
236
610
549
801
452
130
16
0
172
835
237
315
461
739
525
907
623
99
98
396
0
134
895
110
308
404
30
41
25
325
63
262
935
964
415
387
94
431
387
618
619
976
934
432
716
459
339
691
910
437
439
262
923
335
724
584
91
754
977
117
79
40
731
14
4
146
753
450
930
492
69
549
469
3
333
537
814
672
580
77
462
19
691
737
354
416
321
446
170
298
563
602
690
646
968
46
792
722
849
722
214
270
623
35
625
956
572
791
629
152
868
443
172
560
180
878
328
854
676
498
504
591
452
195
237
421
593
30
495
442
104
61
712
80
97
337
36
21
129
17
526
349
460
50
261
993
928
589
847
605
440
703
196
892
250
786
665
844
168
160
286
272
574
351
352
23
40
741
44
521
758
570
223
571
620
484
564
901
74
763
506
514
466
54
758
717
840
424
561
8
936
199
633
510
902
337
885
943
78
930
816
837
852
39
760
825
524
324
78
598
87
936
464
553
990
222
622
183
998
183
543
935
735
176
797
637
514
683
932
944
965
749
133
169
788
893
346
312
217
424
262
656
360
78
562
351
301
184
886
651
368
429
586
103
958
736
92
472
771
25
416
88
774
550
257
562
795
604
227
13
380
841
669
741
920
231
444
573
416
330
576
136
111
515
591
69
251
683
893
374
708
310
462
482
212
71
397
7
675
976
372
408
817
394
149
89
977
593
14
393
275
591
881
386
106
472
456
709
156
349
435
864
11
897
699
575
968
96
935
996
424
307
404
241
53
905
683
31
498
49
776
125
992
658
863
450
130
671
511
638
373
946
855
736
843
554
312
164
2
599
160
426
258
916
19
312
821
54
343
671
104
119
148
96
777
11
899
260
683
410
250
56
357
105
792
200
11
456
716
13
55
876
791
314
144
811
626
965
865
321
988
321
440
136
770
570
148
669
182
831
79
432
239
788
890
383
341
901
840
57
267
895
934
58
561
430
221
187
396
439
860
736
760
301
873
882
223
373
903
405
556
335
189
795
123
79
178
464
333
18
522
600
266
808
10
827
238
232
367
986
671
227
723
783
880
948
18
103
321
921
508
877
608
50
24
732
129
202
548
814
573
422
414
839
230
425
18
821
9
385
159
32
965
234
167
845
182
185
949
855
459
809
84
67
211
108
151
341
663
700
507
236
122
922
427
705
699
445
878
60
183
37
92
500
272
611
345
806
797
646
14
608
808
98
675
19
559
179
712
222
879
220
458
353
494
237
58
545
34
936
605
217
326
49
69
950
660
415
108
809
413
122
417
573
573
445
593
132
624
657
706
855
877
516
208
723
753
619
268
787
907
225
357
233
274
426
535
287
841
644
448
607
118
866
180
43
663
125
527
639
783
233
494
12
749
702
736
502
673
4
290
581
582
999
166
208
425
702
495
619
698
944
226
816
162
758
212
825
884
739
464
667
973
310
679
722
12
767
577
38
124
219
619
706
218
137
914
643
839
410
614
889
706
840
58
220
951
270
45
835
9
861
854
334
171
885
409
535
5
986
573
129
557
544
835
775
682
749
770
873
511
737
763
569
577
821
789
880
443
186
67
452
47
273
139
570
159
548
458
164
886
31
293
443
928
480
570
610
581
692
835
93
429
598
14
359
771
804
239
566
990
307
371
390
580
510
312
91
58
770
607
944
802
252
739
82
732
309
692
314
1
879
759
783
478
773
142
601
577
381
168
920
40
891
662
621
401
974
64
811
745
672
755
899
924
494
981
9
155
25
675
508
904
434
291
734
559
433
336
137
167
856
409
207
747
71
180
500
45
245
311
142
269
66
41
545
912
22
554
419
47
229
927
952
15
219
38
575
4
374
64
171
582
473
379
681
896
911
181
293
156
492
436
777
910
477
323
174
852
877
593
899
459
873
203
474
92
242
401
96
968
465
620
903
290
999
584
538
262
118
832
771
962
268
548
873
97
871
399
949
101
345
201
560
218
404
386
310
998
140
758
319
605
378
222
248
729
158
786
992
276
618
763
239
238
663
464
688
535
215
637
636
560
838
548
778
595
286
440
945
426
551
264
384
929
838
632
11
997
770
355
273
741
470
864
979
133
680
667
668
896
657
656
808
847
556
587
794
195
379
740
973
930
356
357
212
195
341
575
544
112
930
169
205
400
386
536
885
66
556
906
314
213
562
123
412
471
62
207
666
441
299
639
724
655
349
288
202
690
863
98
154
793
268
711
545
654
248
430
72
804
336
387
17
251
510
429
74
572
988
92
365
287
83
441
295
784
729
849
827
592
948
981
737
568
693
634
222
293
417
294
97
105
33
114
708
543
895
134
467
236
226
185
523
662
626
170
446
708
20
273
652
320
607
742
888
652
728
462
945
145
108
42
603
142
508
311
37
755
446
857
991
24
42
867
38
20
37
485
80
409
110
733
729
717
475
969
369
203
783
666
701
892
708
304
386
568
967
775
324
765
632
315
790
26
534
180
399
572
665
479
981
776
212
63
845
39
32
215
243
816
233
944
60
942
600
798
510
567
573
186
333
206
854
475
584
388
7
983
312
673
463
294
801
27
709
646
67
741
213
662
909
447
958
321
741
558
119
603
477
693
790
162
251
996
989
835
384
997
171
49
670
986
343
823
13
404
821
80
497
35
742
407
834
700
728
575
610
200
530
88
893
672
250
496
668
240
331
405
589
502
454
611
488
149
434
854
905
255
934
402
642
29
809
476
81
890
403
692
90
286
780
335
958
382
831
979
974
514
384
563
369
190
174
209
691
608
63
596
216
350
998
858
379
160
687
460
402
90
504
492
728
284
179
687
19
10
666
993
876
402
909
245
944
83
455
987
44
518
935
260
220
933
470
599
445
157
412
847
600
916
691
328
553
870
367
924
232
33
917
109
787
826
706
83
262
161
70
306
32
5
918
252
291
388
204
88
546
968
936
498
236
979
826
141
202
194
65
786
579
335
247
367
513
954
802
775
467
873
433
851
230
351
456
873
740
660
962
638
980
250
136
216
581
962
358
783
508
775
922
88
110
169
807
624
475
609
751
943
834
185
794
65
536
250
290
276
262
604
914
242
854
50
811
436
365
521
571
873
296
493
313
407
663
120
383
138
82
134
433
916
319
580
333
856
830
624
484
445
228
751
39
435
153
850
223
518
723
794
744
20
640
57
427
655
530
810
145
612
296
579
880
616
511
214
824
341
190
308
138
770
59
178
205
565
380
780
83
104
927
179
124
567
589
903
574
119
65
719
83
713
650
963
329
161
529
153
855
719
814
993
490
225
523
47
790
256
828
226
360
755
405
836
322
994
91
248
465
508
967
900
221
970
864
903
483
745
56
338
465
870
684
307
96
559
354
238
815
182
464
527
289
870
715
963
216
806
211
34
666
179
934
240
501
150
143
984
896
199
675
713
422
359
20
870
270
726
108
86
261
573
965
550
795
681
514
11
839
77
397
506
608
332
746
109
834
889
94
730
440
121
795
214
832
167
436
102
246
545
540
507
470
506
409
265
187
275
628
26
353
26
884
961
710
982
423
544
223
517
627
664
990
422
230
822
942
667
924
188
564
817
695
34
323
456
651
862
732
279
240
437
657
125
750
719
459
173
264
683
42
243
699
32
17
929
854
959
948
131
147
512
948
194
898
623
3
549
485
87
181
725
524
190
202
274
910
14
800
174
697
842
417
396
875
434
677
81
746
978
564
893
490
512
440
389
135
443
290
972
530
471
50
406
14
604
32
924
618
832
98
667
675
867
63
902
653
93
335
399
71
900
645
913
764
437
654
900
880
945
224
762
768
274
520
782
231
552
706
849
385
156
869
412
23
932
666
29
377
1
428
800
901
425
714
666
862
368
918
94
665
494
856
434
121
728
216
352
281
275
553
18
431
422
430
807
707
448
836
84
449
616
237
703
42
951
369
256
671
639
351
337
133
559
123
254
288
691
958
921
966
512
939
750
934
721
557
993
169
745
430
618
713
667
321
107
970
42
364
641
33
67
330
167
626
453
773
266
145
732
187
463
596
126
213
882
847
122
876
16
867
658
987
581
325
308
688
647
703
404
640
736
471
971
255
98
776
381
364
273
465
552
737
61
30
950
295
878
73
523
246
292
181
233
225
858
894
914
505
597
670
146
685
142
117
293
592
245
26
308
519
491
212
256
904
243
558
199
121
983
75
719
276
256
953
501
115
847
767
620
796
438
766
833
580
235
478
524
833
504
832
352
995
45
960
251
288
518
803
761
502
878
480
778
134
785
631
601
984
399
574
132
837
692
966
769
928
796
645
761
301
477
465
296
874
425
900
514
943
703
275
797
581
108
927
67
245
559
669
230
958
243
714
147
935
32
268
215
829
913
328
130
742
793
778
617
570
678
483
514
381
759
663
314
219
591
382
816
150
403
398
460
646
113
607
933
145
227
149
326
492
829
456
234
623
587
203
193
617
687
59
351
798
75
665
369
666
47
185
816
450
936
628
448
49
235
382
546
814
883
225
306
712
33
540
687
620
96
233
590
783
644
941
581
719
606
302
385
6
839
553
808
775
181
609
176
768
991
75
582
226
300
240
938
333
781
978
306
229
211
896
12
855
837
945
927
795
247
664
153
86
570
962
214
103
571
390
872
914
465
806
492
117
47
430
451
180
760
109
409
971
5
773
179
194
70
458
341
317
122
495
755
692
809
321
796
732
712
20
998
529
178
490
647
577
272
450
757
33
559
518
4
564
643
535
110
713
993
451
30
468
298
138
512
107
811
660
191
523
32
189
405
211
31
52
788
304
502
898
337
413
768
693
329
412
581
439
125
574
242
508
394
541
998
907
0
809
919
544
685
952
85
90
163
117
494
303
421
348
201
110
761
970
803
90
382
736
529
507
663
123
15
57
664
13
316
17
175
236
561
860
188
646
950
351
763
444
654
536
792
208
646
905
530
802
995
912
538
876
771
201
999
139
611
664
504
927
33
679
163
594
539
351
240
489
54
356
285
61
892
77
269
891
334
799
45
329
63
583
205
834
137
205
325
748
221
830
675
254
509
191
200
401
894
440
890
949
148
176
10
393
605
631
284
940
782
329
621
845
264
827
31
401
384
357
501
957
539
529
211
400
720
411
801
966
203
692
915
704
220
277
97
177
260
381
469
42
62
443
239
326
622
623
80
6
332
933
315
871
462
878
271
534
641
425
501
196
469
768
900
41
46
997
570
658
378
40
701
792
835
292
119
457
915
551
815
247
484
130
470
947
360
94
833
1
519
334
197
988
103
98
29
501
95
599
159
826
991
212
618
826
505
89
635
772
640
450
372
125
932
842
424
292
936
257
645
455
592
843
795
47
941
824
900
388
776
59
214
767
624
185
946
481
274
581
253
915
384
625
392
668
820
816
961
756
73
606
564
17
801
359
64
94
536
964
483
312
376
49
431
0
586
377
833
861
959
438
776
695
416
520
363
236
336
676
344
409
635
908
427
436
620
843
883
156
808
718
468
536
767
899
536
354
629
721
567
940
159
695
635
575
215
350
811
551
27
156
312
14
416
739
450
36
935
685
544
743
403
364
279
523
264
167
877
245
888
796
185
399
491
172
975
706
522
138
609
901
646
921
915
63
13
718
451
948
403
996
43
807
360
674
330
976
841
559
221
81
355
758
832
198
930
159
904
805
298
865
706
296
138
974
711
151
692
163
451
95
511
846
902
871
520
232
200
713
791
773
794
498
884
979
696
814
138
952
971
788
817
30
85
308
4
796
811
696
311
263
791
822
109
46
46
982
278
598
695
422
371
842
272
255
821
969
422
959
273
745
748
443
775
185
751
779
333
562
827
645
177
619
819
287
17
865
621
295
815
316
69
187
158
694
794
979
15
568
291
288
314
391
731
441
576
482
573
909
397
400
906
574
371
726
213
388
943
834
36
759
151
457
298
309
151
444
641
166
365
932
455
679
675
538
472
603
373
45
864
770
446
771
344
817
849
910
558
792
744
594
903
247
51
553
557
203
998
550
721
363
834
528
394
509
67
218
112
792
264
976
562
710
99
258
879
948
168
437
93
265
383
996
512
435
902
421
990
252
971
63
967
157
592
713
666
11
931
130
803
195
107
717
257
558
975
489
507
496
278
600
761
662
948
625
449
202
47
439
454
370
854
421
528
446
134
546
809
66
677
964
613
136
681
871
694
9
712
201
505
990
153
618
652
454
243
101
656
642
892
111
365
747
884
893
545
371
791
707
789
468
671
402
956
353
625
651
362
337
204
219
328
710
837
332
164
432
786
172
427
678
283
792
777
520
37
675
891
828
382
32
649
405
434
957
110
412
608
824
101
165
43
781
227
232
114
743
17
900
915
444
930
551
236
60
71
273
87
314
453
821
346
454
226
132
412
337
896
372
161
998
537
557
779
116
789
245
859
806
497
775
250
780
326
838
840
749
463
279
63
917
100
761
371
678
893
135
367
790
508
529
140
45
438
919
162
227
517
373
386
14
148
988
794
474
827
986
223
642
617
638
911
717
399
635
748
645
770
115
787
278
644
927
676
434
198
190
662
715
563
400
82
712
388
228
538
567
567
762
562
184
752
473
254
152
108
2
149
879
117
936
157
114
863
833
548
413
375
562
481
939
314
915
651
55
143
189
622
62
303
184
599
56
10
853
560
118
207
709
349
676
645
507
790
860
692
691
625
68
605
106
359
920
373
10
975
517
551
949
931
207
486
530
263
496
735
823
966
942
884
316
971
881
175
761
741
219
804
718
639
762
825
998
682
198
360
9
67
912
958
351
119
796
881
734
292
617
909
611
911
793
927
882
674
454
996
767
673
152
485
313
914
662
663
948
213
24
957
280
288
916
631
759
64
865
493
709
834
402
320
97
547
247
980
573
701
328
340
726
480
177
391
747
840
55
695
405
79
653
685
367
921
669
126
985
886
971
694
720
725
14
817
272
613
149
197
666
829
889
745
662
66
136
409
258
191
104
663
622
109
701
989
382
722
467
368
608
790
414
680
515
781
497
139
746
999
336
765
828
225
510
490
644
646
251
902
190
356
918
812
817
971
154
200
693
973
920
653
764
686
333
279
467
182
419
566
181
755
331
10
981
841
852
977
839
104
879
29
812
149
194
629
120
348
181
813
321
453
466
85
140
151
365
959
334
136
525
515
891
856
877
224
49
82
201
241
186
433
622
350
582
816
979
55
164
513
868
838
966
687
923
106
838
640
66
524
776
943
40
20
800
269
596
201
351
150
794
889
935
417
239
869
233
571
924
750
84
793
588
402
832
511
861
22
504
279
547
280
222
939
652
374
208
249
576
912
751
370
801
686
139
41
555
373
612
480
475
48
625
63
450
809
926
311
831
430
590
378
711
813
317
715
539
878
316
115
790
67
838
943
753
329
984
661
702
948
141
177
996
118
592
799
927
519
110
110
949
53
489
12
218
158
728
757
388
44
225
530
464
415
474
569
744
458
230
799
759
723
328
755
193
921
906
120
792
369
231
741
422
72
106
640
582
186
749
323
582
326
853
46
741
327
616
486
138
198
637
249
922
965
356
115
238
263
588
30
632
171
124
54
595
230
46
177
416
147
852
998
474
706
397
215
385
13
53
875
211
42
124
485
8
481
953
598
744
541
629
376
712
753
782
307
335
180
836
103
679
689
101
153
747
850
721
132
863
126
360
427
169
484
264
529
965
217
127
61
758
108
789
822
213
923
129
548
103
318
651
783
7
105
288
754
955
9
238
171
488
598
950
657
435
214
538
752
784
665
814
542
126
955
717
339
879
846
240
334
164
891
469
523
996
758
629
304
119
220
475
607
170
777
616
605
343
154
358
127
172
524
22
650
479
739
989
710
937
229
45
454
473
866
977
821
624
959
125
96
531
952
55
701
729
24
307
425
530
17
552
702
893
574
352
724
665
694
435
603
275
832
57
748
698
386
570
323
697
47
771
228
0
178
930
81
202
589
506
733
958
411
787
851
337
492
575
3
538
362
958
813
194
15
562
893
753
132
568
803
531
691
31
883
869
313
965
424
254
823
157
212
586
296
415
924
140
343
279
678
705
237
492
252
604
54
145
709
538
713
512
421
756
896
305
625
561
622
49
816
445
558
380
384
855
148
308
347
491
587
26
548
176
518
800
780
924
297
489
814
362
2
235
118
250
540
96
811
162
145
979
960
704
360
696
911
860
4
258
351
943
636
251
119
154
404
251
430
53
740
596
416
742
832
886
344
724
982
156
887
128
135
199
184
847
895
447
707
251
57
410
546
694
14
17
200
418
268
983
823
8
579
239
103
411
126
447
136
460
955
375
940
91
926
476
290
173
923
998
424
333
760
322
379
774
339
579
544
607
914
368
967
494
607
422
257
85
222
745
898
177
472
838
620
398
315
911
571
590
261
347
923
21
669
654
796
360
234
340
967
500
60
287
994
20
709
252
105
931
349
355
461
822
194
81
220
861
344
144
451
605
491
727
627
513
381
775
873
967
467
193
820
528
480
814
548
541
418
5
825
768
713
286
590
907
719
162
120
64
306
923
669
150
650
648
15
384
775
888
703
243
433
523
123
265
690
23
807
108
380
632
228
93
270
818
352
989
333
472
53
991
396
75
141
398
75
508
134
851
749
838
446
182
713
921
448
403
944
607
864
324
239
92
770
861
263
122
850
948
595
256
939
343
331
433
741
406
941
876
609
690
66
55
873
131
976
673
887
920
280
103
597
871
547
367
732
810
489
934
110
436
190
50
779
873
483
521
632
424
749
241
467
167
297
692
650
625
365
537
898
997
640
847
220
188
214
304
350
55
238
461
492
781
511
623
6
346
496
638
122
597
232
589
764
881
281
415
506
998
952
404
995
945
251
567
133
817
871
835
225
110
296
69
243
159
692
249
857
189
240
980
786
472
569
903
705
203
318
211
201
622
968
549
919
571
116
404
741
988
240
966
450
888
35
45
400
79
646
257
268
886
237
407
710
159
310
415
362
980
979
915
954
947
464
226
870
933
630
611
273
222
577
723
111
964
120
863
44
766
472
664
653
62
71
715
221
733
483
583
65
462
850
372
409
667
598
631
600
580
243
873
803
172
948
266
137
68
481
533
834
953
197
839
15
621
907
236
706
390
171
124
852
22
848
613
41
798
244
641
378
839
866
533
12
814
799
501
234
280
34
420
586
583
612
601
204
519
190
263
909
713
739
113
87
587
726
128
385
322
769
763
162
635
297
174
801
448
27
387
81
61
808
667
644
420
620
201
939
810
816
200
524
555
313
611
142
39
740
879
713
861
994
875
849
643
401
2
92
428
390
525
841
550
544
838
322
164
39
261
327
207
813
851
762
126
814
256
517
906
487
230
120
481
458
969
125
211
323
569
640
713
446
481
615
990
319
937
154
710
550
481
269
363
684
31
489
851
639
358
757
478
941
877
960
399
198
437
610
522
358
602
587
804
436
555
794
107
492
300
818
43
134
87
406
818
471
248
669
462
958
779
941
899
8
253
298
207
42
261
81
400
215
20
556
651
575
702
759
68
2
929
463
488
368
869
307
191
469
328
6
428
107
299
327
468
904
978
27
946
591
108
698
806
480
254
810
56
308
921
476
662
850
939
151
570
160
810
114
630
138
120
410
598
419
89
66
323
67
93
621
10
553
319
817
33
925
979
441
233
900
917
895
102
208
398
672
369
208
786
351
699
906
113
649
677
202
67
0
622
512
621
632
417
292
801
802
217
780
244
802
680
513
50
134
74
448
807
795
9
945
498
60
204
611
709
881
813
128
234
787
640
207
420
409
500
573
211
69
354
455
224
386
321
274
521
395
74
680
190
435
625
688
495
829
651
556
63
816
684
297
604
676
856
24
85
708
597
649
130
303
104
354
42
777
628
563
524
54
595
714
490
572
754
985
402
757
894
817
574
578
466
178
607
322
554
44
383
151
693
513
807
150
867
849
927
847
764
452
901
711
518
391
283
625
729
37
382
623
854
956
553
320
486
160
995
40
557
730
544
602
243
351
752
462
552
32
309
668
836
210
379
706
954
662
331
683
700
66
306
906
374
859
579
861
372
574
253
281
656
149
883
899
852
988
361
404
20
22
72
208
584
803
914
538
466
598
221
518
16
879
424
390
91
3
603
815
929
209
96
585
358
331
836
211
319
549
967
691
571
392
899
156
195
166
694
661
116
268
179
132
147
604
874
590
959
830
405
889
39
501
474
749
833
311
960
504
860
280
196
784
672
447
940
867
613
986
881
81
606
60
213
106
16
440
696
976
622
102
865
13
955
691
762
140
354
75
645
567
355
193
351
27
640
643
246
606
981
127
687
588
188
253
694
556
693
390
532
667
844
749
680
152
441
442
644
795
517
641
362
224
834
65
603
827
708
850
433
690
977
472
630
517
725
324
74
770
66
958
437
263
708
117
415
501
560
411
296
429
53
11
6
887
76
609
66
137
459
499
179
437
972
809
306
49
485
380
820
551
339
609
166
47
727
933
548
639
345
196
420
398
559
426
637
988
36
704
477
847
555
656
636
879
817
943
929
302
323
101
205
14
710
372
413
789
657
313
428
2
510
201
752
421
627
742
409
15
798
886
863
705
894
499
585
711
442
866
365
118
967
571
132
29
295
546
819
952
859
599
307
721
152
411
143
780
505
904
147
303
791
362
361
685
214
946
749
8
164
114
126
131
37
611
512
332
509
683
637
368
283
296
442
435
59
937
567
565
841
67
220
984
429
581
22
643
879
771
652
43
237
778
526
275
741
39
959
250
722
596
971
357
244
413
145
304
702
64
869
543
131
441
880
561
23
902
556
902
25
208
298
614
339
824
889
80
863
849
331
938
797
654
647
394
419
792
698
121
209
919
16
340
360
896
253
383
150
810
638
527
18
936
142
357
112
383
790
976
584
473
266
734
127
913
128
546
58
826
667
267
745
35
959
457
932
213
193
434
375
831
314
393
119
808
103
231
191
245
559
128
718
177
862
197
443
990
743
501
168
762
120
265
797
431
722
81
996
915
516
371
98
182
117
569
990
572
153
181
817
712
309
887
890
523
84
685
513
179
186
681
941
658
946
738
441
21
172
438
936
40
809
387
222
278
956
212
850
109
745
19
174
407
906
416
930
342
101
444
521
639
477
462
297
424
553
738
445
725
528
733
765
338
472
339
968
429
551
819
890
648
838
64
55
97
832
986
791
933
782
313
572
259
127
221
35
32
312
832
109
840
566
226
530
38
565
499
819
468
670
710
117
860
126
172
309
959
510
101
244
292
766
169
904
245
390
939
278
54
772
739
247
338
966
777
728
883
628
900
352
298
610
821
511
88
345
820
399
856
921
644
500
687
813
404
285
555
344
915
962
468
654
209
158
972
986
886
856
967
786
560
617
748
733
128
189
78
949
588
286
222
584
139
262
749
543
547
657
239
462
619
707
116
828
217
89
166
104
297
133
242
857
751
343
590
231
532
20
180
472
307
403
57
446
665
158
341
564
815
933
26
434
640
142
614
858
583
781
314
880
266
908
89
369
251
31
601
135
52
781
608
711
536
17
157
553
527
850
117
343
783
143
129
424
638
744
634
573
877
300
454
143
208
895
513
812
927
114
947
331
247
907
42
784
924
199
689
452
49
807
147
185
302
628
961
940
724
595
866
601
247
672
745
807
567
258
619
846
724
919
177
971
826
219
107
103
770
797
907
172
956
406
357
258
34
318
551
759
265
417
712
512
89
457
319
8
67
291
855
791
562
32
115
740
604
574
195
374
723
102
546
679
860
903
290
247
221
841
6
838
610
718
350
51
528
22
59
595
665
914
739
227
299
206
967
903
780
163
277
504
617
176
535
478
431
825
725
5
666
83
843
628
153
194
679
33
568
739
981
233
5
720
460
304
278
779
559
58
942
189
914
912
365
450
742
796
275
819
153
294
254
997
922
407
191
954
793
111
45
774
344
50
494
804
707
124
935
618
182
230
807
97
142
524
899
884
673
174
55
826
820
309
823
743
68
366
49
861
477
94
635
173
496
481
329
203
605
265
174
140
495
981
589
637
858
488
873
531
14
928
709
835
589
885
578
657
603
979
871
81
73
506
606
569
340
936
125
297
201
299
437
696
632
26
685
490
866
910
373
881
190
83
716
779
968
646
788
571
625
659
4
50
518
611
619
858
547
96
155
100
395
945
148
380
971
185
870
190
95
244
71
637
679
787
416
999
785
556
922
410
568
279
460
86
890
431
296
789
528
451
241
275
396
389
655
720
574
526
262
21
122
333
658
153
472
426
152
257
982
426
667
550
705
479
988
947
910
284
736
790
88
329
66
836
718
721
908
644
599
170
665
73
503
675
226
975
101
730
232
436
157
251
338
862
730
327
810
993
963
898
783
51
228
849
888
298
923
796
943
874
967
960
948
822
636
526
798
89
609
382
525
766
986
216
980
68
895
142
61
858
41
197
910
621
398
798
271
673
946
566
548
913
527
848
736
515
374
886
604
983
620
482
101
606
698
82
27
593
576
440
803
969
637
713
590
388
863
862
61
810
780
961
75
307
809
163
174
536
401
779
871
374
613
973
332
311
407
359
256
983
800
59
953
789
125
895
529
988
109
591
150
890
904
578
197
714
93
724
250
495
503
473
869
116
446
201
779
205
913
387
189
65
446
494
854
571
389
384
912
499
327
414
389
583
344
938
297
438
662
899
285
517
373
506
985
171
59
764
377
972
503
918
37
950
412
244
873
801
980
137
300
659
904
41
242
248
980
540
686
994
791
971
512
516
829
497
688
889
614
417
861
117
335
251
419
747
495
645
548
475
782
201
486
38
242
728
287
574
620
973
569
412
297
433
280
478
282
968
367
896
737
581
366
72
832
785
819
679
782
720
506
565
921
992
603
163
720
242
90
341
568
11
105
217
444
385
695
726
706
63
975
443
644
341
516
828
478
687
507
261
407
13
178
328
5
133
844
77
376
286
770
944
297
875
161
741
613
856
819
319
271
146
114
267
487
982
95
318
670
602
579
77
967
109
758
972
242
954
402
970
240
172
914
537
48
427
630
13
636
449
684
907
596
798
175
435
133
270
105
803
225
36
232
192
145
342
517
388
296
919
710
536
91
625
425
491
404
55
504
40
857
188
948
805
339
475
592
472
97
698
627
322
734
211
867
880
554
384
620
850
303
330
739
746
307
516
238
64
572
94
104
781
635
404
586
974
231
178
798
329
228
425
3
963
636
870
195
542
254
167
745
909
849
484
656
157
0
894
573
924
988
677
705
623
434
643
949
665
174
99
346
402
524
350
717
513
220
912
407
827
431
152
736
281
636
392
790
989
638
363
265
979
392
971
954
826
966
256
844
140
355
190
543
232
540
612
745
113
877
152
940
308
657
676
589
645
421
379
634
411
742
252
390
487
575
697
313
541
953
509
682
308
700
577
540
592
189
637
705
66
142
997
727
799
26
316
796
447
696
431
210
790
35
953
277
610
650
943
151
955
452
185
615
504
762
508
97
304
145
154
722
639
152
449
790
530
118
587
977
166
370
539
956
405
492
586
15
494
881
518
801
333
704
417
190
818
925
639
474
422
793
197
62
297
998
204
827
468
143
156
634
513
48
943
270
540
529
285
387
410
804
188
95
860
605
637
678
882
276
153
305
422
702
719
71
52
923
899
521
67
407
155
932
455
98
203
348
979
840
87
389
996
275
837
856
233
474
887
115
103
40
772
525
94
491
596
146
767
847
667
186
607
175
470
62
273
673
762
605
866
201
346
862
477
183
71
62
10
958
529
113
350
654
638
444
145
586
942
264
434
610
802
41
137
273
455
762
298
570
367
164
771
714
27
600
249
450
662
259
408
544
724
110
198
714
554
695
301
496
960
87
458
762
128
947
387
935
710
686
505
77
850
629
143
229
229
393
679
244
4
439
788
81
901
338
795
807
33
448
656
345
535
114
460
15
414
847
303
124
533
160
553
736
789
697
965
19
442
997
615
798
788
755
879
42
93
675
849
478
475
505
824
11
972
636
26
386
483
681
510
369
842
415
457
631
112
422
2
906
771
617
705
912
724
584
954
817
611
803
296
87
661
472
98
633
108
476
371
943
158
233
664
352
648
121
983
761
896
986
19
667
955
724
931
680
309
237
849
272
41
497
359
54
969
809
687
429
638
58
725
148
643
389
500
291
511
483
404
407
821
424
426
129
148
358
161
809
595
10
82
988
860
793
42
181
955
81
611
593
491
688
741
134
77
593
426
588
428
182
347
602
606
774
731
107
132
892
268
79
254
350
420
114
496
814
648
451
896
611
44
739
299
137
874
376
82
652
317
510
186
664
112
793
438
843
252
922
87
520
2
694
223
774
160
719
588
808
522
484
419
918
576
718
407
450
447
489
454
764
999
640
428
112
785
867
307
389
789
747
910
143
793
133
917
953
204
506
114
78
342
533
996
918
604
403
720
51
892
526
815
243
519
243
707
656
462
367
46
604
114
956
747
907
441
17
212
997
875
326
75
569
212
71
488
816
826
560
219
70
87
34
313
958
629
21
614
444
740
660
48
854
968
147
113
761
164
325
758
391
4
833
961
216
256
801
384
82
361
603
152
800
989
818
110
618
839
725
414
931
737
462
785
58
610
250
819
126
927
930
518
931
763
831
499
372
984
883
454
345
486
607
498
475
425
608
446
616
685
860
899
775
675
684
833
637
286
4
763
213
934
633
497
50
816
996
422
800
880
228
498
718
187
996
194
964
956
992
932
994
204
831
769
879
515
954
516
153
310
632
719
245
617
216
647
434
212
421
234
92
649
732
811
837
80
357
801
37
701
734
383
905
565
152
137
433
458
5
586
768
989
305
365
607
521
364
41
86
785
275
530
435
360
693
272
440
50
73
829
103
807
212
361
725
716
498
158
174
855
744
295
845
402
12
452
275
377
845
361
162
472
892
597
832
585
869
273
988
295
102
91
102
667
452
827
383
302
337
910
510
434
205
355
836
217
159
463
594
356
825
757
828
69
706
661
6
576
286
346
871
388
438
325
407
242
505
791
897
842
701
407
276
258
762
464
827
273
928
774
981
105
883
809
174
589
470
532
517
108
879
388
849
317
66
256
911
571
399
808
765
100
215
394
710
329
858
538
954
786
664
935
891
547
745
417
136
567
950
654
676
829
394
877
498
460
133
409
383
533
218
501
985
785
895
48
115
753
938
421
540
602
357
783
149
454
201
285
373
151
291
401
980
686
278
478
498
412
239
234
297
809
735
282
947
630
682
414
383
620
835
275
222
544
59
371
998
612
9
724
763
652
125
95
338
756
925
189
520
164
423
817
326
158
451
273
140
134
687
523
754
522
151
329
419
210
700
417
822
61
493
937
714
619
32
404
727
957
593
247
473
368
416
151
878
867
424
18
353
463
542
460
338
693
789
757
255
841
526
429
903
20
366
969
991
750
373
718
707
319
965
532
687
733
684
566
600
460
936
306
924
478
766
262
523
907
19
130
748
545
559
3
565
925
972
556
27
698
626
734
369
943
619
408
676
655
326
629
115
263
935
39
93
53
301
617
960
672
99
60
570
659
64
135
936
388
44
964
438
22
50
807
966
669
568
642
324
894
271
792
509
558
831
603
611
485
572
923
509
671
984
79
330
400
567
619
140
611
583
579
985
985
738
951
7
306
594
331
553
217
123
62
776
307
17
739
144
589
663
653
261
647
733
943
399
300
562
539
263
497
470
248
483
209
200
842
867
146
525
772
715
1
187
491
308
204
583
452
794
246
457
55
245
542
350
644
842
913
535
457
762
6
706
597
567
258
439
434
756
965
559
471
966
746
315
626
950
898
430
744
496
887
151
741
430
502
737
624
767
272
82
529
630
140
479
197
750
918
984
858
883
543
681
201
641
996
827
591
246
257
688
94
145
839
187
927
693
924
551
460
549
985
342
531
125
821
729
227
739
65
85
975
960
767
176
601
115
356
544
362
613
232
808
110
424
996
37
117
272
941
930
821
926
272
705
404
445
434
631
184
851
717
511
811
484
40
412
599
396
308
313
9
541
122
472
317
470
509
434
742
450
716
916
729
988
621
133
785
407
764
970
258
833
833
69
317
873
833
269
621
141
582
631
34
56
103
351
878
964
138
621
767
854
889
496
195
510
629
980
269
745
302
527
579
488
948
896
361
133
517
983
626
100
966
13
508
421
364
387
385
854
360
152
61
249
0
608
111
629
588
380
727
243
259
306
731
559
554
444
692
72
779
670
172
745
683
32
518
400
419
256
254
131
760
667
380
761
275
491
742
864
223
469
459
482
775
542
393
330
986
437
402
766
108
926
863
791
958
382
543
730
638
150
861
398
817
594
511
93
437
254
309
661
723
768
495
499
310
889
829
648
326
583
766
786
509
630
930
819
364
473
901
354
623
115
104
441
61
616
886
498
870
195
159
593
315
7
92
977
896
273
625
574
856
744
361
717
374
643
537
90
116
790
444
92
257
548
533
318
164
771
817
34
966
328
628
281
335
72
610
583
346
587
510
202
331
223
920
705
866
809
147
982
951
591
74
209
492
959
879
656
730
48
43
48
377
23
681
64
447
291
648
793
879
510
348
210
733
620
268
599
781
767
933
732
359
360
293
203
671
173
211
754
573
254
802
950
629
484
15
77
127
15
222
358
877
570
921
610
190
189
561
971
956
846
56
667
206
701
870
230
226
82
984
800
688
138
750
670
974
117
747
102
484
969
460
361
892
381
323
434
922
884
406
231
83
814
250
289
515
473
519
94
555
855
894
595
994
996
265
968
114
364
422
950
686
883
664
930
616
987
364
891
224
122
122
307
936
724
948
804
197
820
898
104
675
792
700
21
788
317
990
254
34
764
205
72
999
221
2
616
208
366
859
784
489
333
91
777
57
392
581
255
212
831
359
239
623
411
261
764
729
603
370
115
367
927
187
367
148
189
335
709
555
194
493
396
879
937
174
936
329
107
191
893
939
903
132
914
314
745
30
395
348
401
510
68
328
697
787
829
886
474
538
794
20
31
190
899
320
716
835
649
824
379
542
763
282
27
677
596
772
708
992
473
461
854
893
789
552
32
970
790
506
508
936
878
892
479
777
212
195
964
214
19
343
108
782
977
135
812
926
260
872
270
733
333
124
978
474
676
10
445
819
516
953
755
394
197
234
523
410
430
487
624
801
183
84
936
160
220
748
438
832
972
708
917
305
833
895
131
861
905
576
680
773
882
788
519
79
374
42
841
156
881
817
958
416
902
894
929
474
994
367
306
966
76
223
271
909
118
754
770
375
331
803
148
565
943
667
996
317
61
838
474
294
655
432
711
909
678
640
383
672
359
41
638
435
616
261
696
86
367
819
461
50
622
961
615
565
628
612
234
41
802
708
336
809
492
399
719
522
391
454
194
750
848
184
538
464
797
234
551
165
53
364
567
27
326
183
944
306
147
179
348
949
239
36
110
84
435
181
958
178
988
505
280
836
689
818
652
839
53
203
356
458
920
923
838
246
458
782
552
605
313
252
906
905
288
369
341
75
550
299
253
538
804
534
726
846
704
379
37
109
934
745
568
854
20
758
100
479
892
5
436
558
257
695
463
546
64
156
973
614
807
227
505
964
113
231
810
169
962
199
279
897
944
199
103
964
957
204
795
849
561
232
407
818
927
222
364
991
730
338
957
538
917
814
502
382
398
664
551
360
863
182
609
159
381
713
475
690
269
623
892
830
855
651
648
134
874
365
477
956
55
434
846
324
601
348
706
999
364
609
359
579
792
321
90
525
386
566
216
655
189
108
837
396
759
837
530
985
554
359
294
609
793
140
285
746
841
343
745
205
305
457
785
97
778
875
974
164
793
542
171
334
2
8
730
114
197
612
451
104
971
745
65
117
886
351
863
727
694
609
284
999
66
421
448
196
297
775
360
442
317
883
777
320
243
859
434
440
824
885
544
147
983
610
264
221
313
480
948
7
89
584
359
507
6
159
55
655
934
415
449
252
298
578
924
893
438
710
333
614
947
230
761
930
192
26
151
505
506
451
864
947
388
223
806
394
383
861
401
669
628
850
273
278
429
197
171
219
259
856
833
207
86
594
489
630
972
993
135
830
796
0
129
536
575
287
930
310
500
683
980
128
534
253
758
963
803
281
534
414
138
367
973
576
313
463
207
286
808
694
468
956
46
950
493
622
237
775
284
738
459
616
218
345
870
329
660
25
610
194
439
100
913
413
677
226
228
236
864
388
282
333
344
329
635
189
303
872
965
939
610
776
556
181
121
778
510
133
803
120
327
594
221
240
359
250
818
939
838
683
327
472
368
24
153
3
565
808
875
882
748
838
658
304
371
131
82
881
264
237
353
943
831
574
183
543
176
354
482
366
37
162
191
405
538
344
760
103
153
987
986
901
825
996
557
196
480
639
429
96
876
783
40
59
709
575
954
238
929
789
604
966
951
147
723
841
492
835
944
645
823
282
898
0
631
455
549
111
446
978
207
674
761
599
85
823
175
40
61
456
829
17
775
132
165
498
973
657
334
269
654
509
904
904
509
535
711
58
998
157
37
205
831
150
805
268
973
332
308
386
788
489
756
563
621
921
414
946
930
100
568
936
609
472
840
118
359
903
529
357
60
566
914
243
68
71
511
394
403
172
780
544
661
536
107
635
809
873
581
739
325
501
27
934
973
867
405
684
122
934
41
182
852
308
777
272
379
289
666
783
461
447
327
122
335
786
757
145
660
691
236
985
192
264
272
518
483
29
202
606
315
596
140
519
904
918
791
635
207
458
418
20
257
97
494
592
884
252
89
896
295
326
233
839
942
857
357
777
886
912
383
553
860
876
72
116
794
864
751
353
322
522
373
931
619
867
523
855
471
965
103
118
643
337
958
585
546
315
714
785
579
98
338
439
326
411
907
120
275
659
473
949
181
198
880
152
65
755
8
889
720
463
7
715
152
317
652
699
985
367
484
564
817
822
356
143
233
263
263
860
274
88
161
455
286
393
960
703
149
320
944
221
783
304
937
936
621
941
635
606
308
471
523
125
293
231
268
879
494
883
91
121
971
605
576
609
998
888
313
499
208
609
73
992
913
362
280
535
303
267
493
612
738
368
89
383
599
358
614
446
593
58
567
917
663
495
526
661
384
191
161
592
801
234
936
714
596
568
601
899
835
447
863
573
815
953
309
415
663
923
861
608
981
428
525
644
275
404
658
659
947
171
604
748
757
892
815
705
461
768
956
296
215
820
222
31
125
883
446
788
158
659
396
140
439
274
136
714
678
146
374
625
317
330
726
74
222
541
779
35
309
736
684
877
908
258
908
33
141
354
821
299
365
569
791
804
843
928
518
873
74
244
851
744
574
577
170
149
470
950
184
131
38
220
8
946
478
916
979
619
622
152
271
987
73
62
143
269
342
662
142
417
258
345
513
833
922
683
334
744
985
870
876
23
91
236
321
921
153
652
541
127
804
164
467
230
226
610
499
569
272
993
338
883
339
851
68
613
534
402
358
872
624
234
895
67
822
217
989
975
869
882
455
26
46
922
256
272
532
107
193
157
100
531
40
791
734
108
405
621
862
763
493
838
349
388
906
171
957
895
499
179
129
954
205
527
876
813
799
760
920
345
269
372
876
309
164
611
769
569
232
983
684
725
822
385
465
728
908
423
975
407
954
456
713
511
983
589
324
782
702
596
127
971
320
356
633
484
967
402
405
551
386
441
628
560
826
93
288
87
868
615
494
822
71
208
333
54
149
9
188
203
957
668
175
278
24
808
114
343
562
872
246
300
665
874
860
844
967
500
931
188
115
425
362
186
985
696
240
135
57
781
338
15
449
865
645
825
25
759
168
588
983
766
240
649
640
101
493
959
601
776
147
717
201
862
255
539
910
848
26
967
629
716
334
78
582
979
255
607
91
775
547
426
541
788
75
181
889
920
492
842
48
992
911
250
854
167
141
764
15
167
731
644
883
418
74
465
397
681
425
840
456
324
267
997
112
694
530
353
967
22
196
15
14
107
617
220
626
758
984
641
277
68
637
161
486
63
978
235
744
755
76
200
80
695
197
192
741
79
898
708
102
94
76
468
553
45
689
180
156
673
821
433
93
811
594
579
874
925
167
619
680
243
171
760
290
721
953
31
800
851
92
254
297
520
723
850
565
412
382
73
437
556
507
531
367
453
110
593
378
277
564
59
872
736
819
514
809
124
898
609
327
342
864
624
214
939
827
779
351
561
205
788
117
712
671
836
165
134
430
896
411
346
955
636
434
126
502
243
251
400
205
578
94
421
555
308
360
734
440
63
295
645
851
413
357
875
601
874
9
383
770
772
730
77
760
516
204
263
760
455
15
317
385
110
738
940
418
450
674
858
513
970
855
716
735
564
591
336
791
600
720
561
373
802
991
485
318
195
748
430
650
764
747
387
226
837
328
644
639
354
855
152
324
62
869
411
627
812
100
418
765
172
331
138
974
322
975
644
517
724
75
519
840
174
907
66
364
587
62
3
941
269
508
618
332
729
29
311
541
129
729
306
301
412
796
627
735
772
624
604
496
51
124
688
225
383
754
941
970
816
297
911
438
805
529
770
534
911
81
427
392
162
734
46
574
530
25
661
654
649
266
502
700
742
190
278
125
944
219
95
113
868
358
551
673
240
673
559
503
754
987
895
268
73
293
842
955
319
856
610
968
122
112
669
864
303
947
341
247
518
788
712
387
498
263
412
738
936
324
241
42
663
489
310
736
782
505
691
101
361
301
70
835
414
91
51
69
38
744
668
556
532
381
295
30
996
60
121
933
384
714
327
47
203
990
783
338
847
826
791
560
128
213
395
894
304
798
963
342
542
983
251
74
364
898
456
713
958
577
998
342
292
325
741
847
315
524
537
162
351
329
722
831
542
469
77
847
619
392
541
161
375
144
587
92
43
396
805
1
973
803
696
617
480
437
817
796
962
354
310
665
35
385
848
930
206
925
777
826
317
670
339
692
815
927
784
858
323
941
211
648
744
907
618
225
345
787
373
659
493
35
676
529
772
524
459
979
449
588
157
766
610
496
810
425
775
947
635
450
888
199
451
985
106
69
562
803
208
935
814
701
322
490
582
95
366
393
74
815
333
583
933
944
79
96
369
855
43
357
657
283
556
108
620
14
529
182
818
737
117
984
791
440
475
373
887
841
119
313
9
452
896
294
396
327
390
118
534
785
475
192
421
383
300
41
397
182
224
567
919
693
552
710
485
379
436
724
572
555
37
933
7
933
228
756
613
970
874
147
108
701
339
881
84
992
922
481
174
498
401
445
544
305
508
381
684
944
106
608
851
143
542
210
429
122
966
42
92
840
189
552
541
881
433
625
873
708
459
399
558
212
844
454
517
352
836
553
296
942
161
499
437
55
710
866
177
676
908
622
517
450
526
410
331
312
388
556
20
199
955
930
411
151
385
280
504
573
833
152
515
346
652
952
402
362
171
931
390
431
553
259
881
80
670
564
392
410
472
764
609
779
46
20
931
783
652
435
356
485
587
871
183
591
176
585
953
347
869
696
130
422
955
12
854
625
928
598
35
753
714
996
532
761
16
463
544
20
250
901
505
190
124
41
781
652
626
87
999
847
783
482
270
738
494
476
716
774
427
751
527
141
100
412
254
468
875
151
489
478
52
346
668
528
387
449
181
366
888
532
213
671
14
483
762
860
312
478
987
739
581
866
232
681
278
487
150
506
638
639
984
42
985
652
922
373
453
103
91
342
988
304
13
354
140
775
567
452
605
554
543
187
420
775
220
51
262
370
557
252
361
541
294
699
545
569
424
998
672
515
340
12
819
706
367
959
833
934
763
439
840
306
978
612
82
198
663
696
921
220
301
282
113
947
981
658
516
405
657
541
920
349
553
92
55
272
51
889
558
815
328
398
121
658
11
555
856
674
604
777
247
905
60
360
852
393
371
369
151
380
910
423
729
815
515
785
88
919
26
646
734
706
397
207
364
408
115
220
434
719
350
681
976
762
394
828
155
765
549
658
145
811
82
874
627
597
11
715
516
389
713
602
95
110
162
459
870
629
32
305
700
734
338
676
496
732
856
3
497
406
662
994
217
744
221
196
693
232
911
562
974
977
516
69
87
678
881
958
307
265
615
7
999
953
35
847
686
892
850
535
650
512
882
867
608
103
64
302
687
327
864
661
656
380
731
744
411
964
54
70
229
669
430
228
974
465
427
660
709
277
548
359
790
430
227
750
885
643
52
572
322
268
234
979
1
317
75
412
281
129
834
862
150
264
442
476
82
869
489
791
146
37
151
288
819
730
39
704
725
443
628
399
712
862
378
65
531
805
829
164
286
663
26
436
280
468
913
362
689
754
505
836
791
656
476
962
738
515
18
463
311
646
863
375
861
593
440
392
399
269
909
685
284
935
474
564
756
739
278
445
493
784
633
636
792
110
598
531
625
616
994
288
262
209
663
475
803
103
220
202
724
129
239
9
64
713
925
172
452
556
970
297
340
603
933
132
713
531
15
691
499
362
979
114
571
643
589
726
98
809
280
823
938
520
184
355
585
461
879
38
17
849
335
709
453
621
194
166
152
209
209
4
571
189
118
495
832
707
221
282
869
502
105
159
374
289
514
959
103
394
349
120
595
37
830
48
658
376
567
162
585
776
166
509
317
284
4
501
344
225
784
565
79
889
724
453
531
591
413
634
337
762
106
932
799
288
333
809
664
900
972
250
28
138
759
698
775
115
199
471
340
983
388
420
225
112
225
108
703
638
94
392
753
200
325
904
841
10
714
505
262
38
107
290
176
218
988
303
333
540
126
26
875
514
798
100
627
23
208
682
14
654
427
119
855
104
375
48
114
441
905
376
479
13
18
656
583
359
311
269
899
438
647
774
304
445
227
283
820
435
318
186
90
745
657
297
849
33
697
963
474
602
691
954
967
709
962
903
68
625
172
319
415
819
94
720
616
321
3
788
108
321
327
550
66
984
199
267
369
896
230
844
851
273
150
818
983
464
721
403
89
245
723
505
416
817
225
32
490
580
173
598
902
500
501
320
836
700
588
206
949
170
402
800
444
904
618
779
368
340
182
809
585
905
314
2
722
891
386
212
472
911
163
726
763
664
46
600
364
986
158
313
157
560
113
953
464
84
732
184
776
914
993
713
820
660
67
894
551
454
459
375
717
622
101
481
638
148
81
354
486
239
20
643
151
485
948
967
569
680
151
345
947
496
59
119
156
126
365
60
932
824
435
650
798
537
131
436
37
564
143
523
803
163
519
306
648
467
273
218
500
776
563
799
624
974
918
133
101
283
193
385
460
980
35
258
869
518
47
258
82
190
782
237
353
653
543
353
472
168
571
324
944
487
123
569
813
393
702
266
29
247
652
489
227
39
99
449
558
146
707
992
688
841
230
393
494
125
747
319
294
670
643
590
509
119
511
323
864
213
589
893
812
241
734
40
281
834
841
191
332
548
183
21
390
765
766
236
891
865
907
537
536
903
127
45
22
991
720
886
204
310
132
369
903
866
761
536
700
602
727
33
150
263
406
892
28
172
129
271
390
36
808
926
291
288
323
313
279
44
552
835
706
36
204
961
902
965
498
955
919
577
340
70
840
98
962
221
622
443
492
12
832
301
938
123
941
614
789
572
10
693
407
68
729
964
29
983
281
879
290
201
457
982
271
649
80
585
870
703
381
363
715
565
16
6
688
309
972
829
881
982
874
640
402
955
604
431
939
886
311
581
439
120
564
62
121
644
647
344
699
380
707
767
945
75
125
986
384
97
167
617
431
42
257
833
997
862
616
288
100
279
870
539
751
786
953
873
782
600
217
482
333
276
249
278
703
726
616
439
175
784
56
606
826
313
791
175
527
759
464
979
39
686
870
142
472
823
15
254
776
584
88
109
212
689
739
915
415
356
354
590
140
762
548
318
428
691
845
955
451
309
287
842
347
157
984
171
981
352
778
109
288
866
218
501
908
957
768
323
665
123
266
157
237
166
475
665
858
321
973
661
982
260
855
682
769
839
853
750
543
983
211
832
202
429
333
110
739
101
785
404
576
51
914
166
218
389
831
428
62
804
441
397
416
296
431
186
487
636
288
31
620
500
863
822
281
548
284
20
1
69
777
930
473
691
96
43
432
279
471
847
84
912
596
852
560
27
38
47
663
327
78
635
827
293
457
108
193
741
481
195
163
610
477
636
301
573
679
85
204
502
932
640
414
528
493
326
907
531
373
571
210
804
206
37
97
16
498
643
109
331
190
272
941
667
908
594
592
939
679
796
441
964
437
207
492
930
533
752
813
259
323
24
63
881
413
512
897
263
155
359
594
345
631
887
364
892
481
956
183
513
753
625
477
542
832
321
824
718
73
637
977
396
13
392
630
427
904
879
42
412
238
989
109
222
876
474
466
710
430
649
575
535
626
52
77
459
373
253
529
447
891
506
195
256
898
825
35
154
705
78
566
295
419
676
869
647
502
335
357
932
337
932
820
963
336
249
774
710
503
303
509
746
161
704
2
59
882
38
214
939
468
132
234
887
160
456
534
662
791
892
947
480
176
767
796
513
368
570
575
871
226
84
617
387
140
972
447
22
10
13
961
478
497
548
365
658
4
899
320
147
143
619
628
672
386
424
185
755
346
112
978
572
196
948
960
336
920
759
711
930
124
672
760
621
220
125
279
576
376
952
724
872
571
352
544
310
128
729
417
474
193
395
399
741
343
711
77
615
470
788
545
946
813
657
567
33
134
199
962
511
503
686
383
74
390
279
736
518
360
153
344
553
901
95
294
244
806
723
860
628
512
757
574
677
767
142
62
901
693
24
764
196
710
499
270
100
778
359
970
138
512
667
691
413
114
985
10
921
61
222
901
925
331
476
602
98
970
664
0
663
689
764
859
751
616
481
204
394
840
526
533
705
545
576
118
660
914
128
933
975
702
834
900
34
310
502
132
280
518
484
943
559
249
154
311
217
988
515
611
180
393
496
885
939
73
4
599
339
484
532
314
187
366
566
221
677
68
705
309
938
190
605
498
791
111
809
8
99
676
971
280
69
468
165
8
893
521
607
232
6
491
898
545
858
464
118
887
884
823
196
822
13
153
320
804
265
481
164
364
509
136
996
579
604
514
939
849
35
899
433
393
390
331
938
600
147
408
839
383
232
388
205
597
541
878
402
806
359
566
523
221
54
871
800
10
385
91
859
421
990
644
166
733
975
105
685
474
865
525
857
97
913
415
695
454
293
449
613
4
367
488
225
422
359
377
432
745
469
644
518
811
288
684
544
616
141
230
90
7
755
300
104
20
715
151
826
360
600
439
364
968
279
590
742
639
967
526
384
788
170
254
600
811
938
144
427
80
726
869
87
833
521
543
853
236
695
32
596
647
471
313
615
103
903
709
742
222
236
478
363
406
732
963
569
22
459
996
102
538
218
541
371
739
85
577
976
132
609
924
779
432
237
747
535
492
456
629
67
692
107
430
451
191
393
20
214
204
369
668
742
587
210
466
326
647
43
654
779
4
931
910
788
520
657
676
13
114
305
432
158
765
862
609
956
607
982
522
811
351
191
906
938
753
372
616
400
767
271
531
123
202
793
911
74
451
587
87
917
893
519
75
10
733
37
966
340
19
841
504
370
384
410
308
137
134
924
889
253
547
772
376
101
565
287
176
16
875
615
285
120
135
361
130
220
750
448
561
769
641
417
139
25
179
799
162
313
75
51
566
623
175
942
76
741
581
252
109
808
868
395
928
355
756
410
575
858
211
488
627
852
905
118
230
84
917
392
749
344
796
667
967
971
961
396
64
543
648
174
351
868
569
632
575
677
394
503
535
957
991
162
162
249
280
392
685
549
136
787
893
284
454
213
608
416
961
672
311
609
846
14
830
415
646
757
444
393
260
979
350
604
493
512
205
125
256
890
674
393
29
920
677
484
485
285
252
446
958
915
407
156
929
589
572
576
347
368
321
607
348
23
563
193
536
768
319
144
11
345
537
392
265
567
876
102
852
480
548
162
395
308
319
325
897
243
253
244
611
926
204
311
949
119
505
837
240
824
982
251
521
519
643
139
86
872
241
291
704
142
453
452
450
772
129
699
367
382
296
979
308
852
642
257
971
147
95
211
323
429
814
845
948
810
984
387
34
577
678
90
719
483
542
521
608
671
221
975
405
517
306
713
369
949
323
692
448
770
904
772
199
70
969
499
232
305
886
266
882
916
357
602
400
899
123
8
923
696
983
328
213
642
394
934
591
69
627
39
191
883
163
390
305
484
241
538
789
480
156
672
396
513
626
148
765
101
508
688
150
844
368
363
486
762
650
429
831
629
820
374
864
984
116
169
820
358
59
610
838
216
634
586
81
612
87
198
65
595
886
215
439
607
931
277
369
933
706
553
562
527
927
778
863
44
299
683
754
359
645
944
927
631
882
8
595
969
207
661
917
445
228
708
52
159
986
774
92
692
679
6
571
606
784
434
2
84
470
756
443
115
52
722
99
935
82
694
256
289
355
173
87
936
234
491
95
220
265
540
264
944
546
836
903
331
622
905
415
92
14
210
208
418
932
659
353
14
353
962
656
61
135
95
997
369
586
92
941
204
984
206
500
531
394
403
862
16
661
629
461
27
191
669
445
475
328
151
841
33
113
849
94
600
944
443
322
883
888
263
439
872
821
939
403
567
695
617
936
356
598
397
735
789
418
532
264
98
683
106
131
148
955
578
749
252
21
71
487
909
686
926
782
860
865
537
779
560
155
715
268
105
112
355
895
530
888
511
980
923
969
112
72
277
690
821
529
63
244
16
973
282
294
107
494
511
644
274
72
799
989
692
257
454
400
152
336
288
15
317
563
985
781
635
262
823
808
143
886
404
511
859
687
805
966
181
316
963
807
740
114
797
785
371
251
537
875
939
825
891
256
740
876
37
376
490
860
536
985
747
941
496
958
980
653
277
513
321
240
321
62
706
470
199
78
73
736
953
12
913
844
621
653
72
658
381
562
871
270
547
970
563
395
928
543
48
557
408
370
149
81
784
856
551
335
934
624
423
887
989
336
84
610
341
156
620
75
71
491
345
970
461
908
366
742
803
766
299
211
136
449
293
272
657
196
959
591
173
382
830
162
718
266
124
412
423
744
487
494
236
184
464
49
444
182
791
247
949
91
810
437
892
455
62
549
4
21
492
177
404
674
691
474
941
815
238
364
911
725
210
499
261
26
549
705
561
340
304
510
783
467
299
27
922
361
576
278
383
420
455
139
95
498
965
36
313
204
752
577
929
314
76
543
692
625
248
605
318
905
115
101
372
767
129
646
128
57
925
863
830
380
2
925
879
968
313
544
524
417
121
453
83
198
348
127
175
597
733
493
502
200
947
874
967
428
520
96
837
445
311
667
178
666
944
409
986
609
305
510
378
427
315
461
977
664
589
504
261
674
350
115
874
297
341
842
77
213
290
914
11
953
934
189
619
230
950
605
840
255
115
218
34
431
32
363
95
621
868
708
647
218
175
521
867
516
715
944
729
357
210
740
311
496
281
282
727
583
888
567
839
355
137
225
138
169
589
585
142
457
293
789
27
820
663
246
336
378
542
418
88
104
510
399
601
144
681
328
727
921
247
566
277
736
792
767
906
733
353
48
542
646
190
569
819
853
167
155
583
709
925
671
813
436
422
414
580
456
94
659
377
693
578
6
430
370
774
336
455
127
736
997
125
278
918
944
131
85
452
67
794
729
738
959
517
513
374
449
969
820
109
698
514
687
705
296
409
831
984
864
310
720
861
787
351
131
84
482
216
536
901
362
617
640
321
135
153
47
584
474
220
693
172
734
732
229
30
141
60
14
5
722
86
218
510
437
701
594
272
917
482
173
631
99
165
305
586
670
704
171
144
924
216
317
658
949
898
40
442
311
406
800
33
845
370
895
634
72
489
906
341
323
432
973
775
949
630
361
620
334
884
764
259
453
433
269
754
332
310
196
643
68
348
28
913
719
924
548
791
765
806
132
441
590
457
216
540
87
929
160
774
166
276
33
619
710
302
725
394
964
273
37
385
622
417
650
341
341
550
132
459
357
616
900
299
426
116
839
865
397
999
639
563
276
672
534
338
327
259
732
643
885
121
380
507
538
31
848
232
581
332
691
290
300
591
590
726
59
429
592
456
781
583
20
409
256
906
747
935
518
479
930
403
600
311
262
490
342
462
722
275
794
413
566
446
4
156
525
415
937
117
872
718
52
244
127
308
150
874
595
20
705
878
423
657
189
685
148
883
147
870
510
293
636
76
92
992
584
617
408
522
86
632
240
138
876
368
799
378
594
746
399
652
624
174
309
165
212
809
400
711
32
911
5
668
339
449
12
924
66
420
446
504
52
38
642
280
758
793
659
353
540
410
5
516
584
666
682
796
476
434
508
508
697
865
528
37
314
540
313
732
313
111
588
717
149
582
998
908
376
9
613
916
771
970
784
355
636
818
504
464
253
364
972
950
229
852
339
895
393
652
979
58
763
567
775
913
149
125
173
525
486
786
793
257
108
930
965
744
748
469
209
1
833
533
304
414
386
643
309
131
296
288
189
59
207
964
324
708
90
497
234
576
635
379
186
743
661
151
840
410
620
401
411
805
934
715
219
672
359
528
803
7
168
992
66
727
957
743
435
399
240
21
327
228
753
513
323
414
16
515
824
636
916
588
793
203
303
12
875
14
540
679
21
60
671
440
787
980
183
575
731
775
596
59
3
349
924
679
764
293
194
940
281
111
528
75
314
184
87
541
198
980
220
572
392
244
12
180
576
195
107
308
322
703
719
326
405
995
357
521
288
551
461
570
662
990
645
328
526
84
870
76
64
442
648
457
686
12
989
263
559
96
923
882
151
994
560
556
989
917
77
630
468
891
552
483
233
197
163
759
633
33
835
698
476
836
507
514
848
496
129
408
944
52
642
95
398
202
4
388
119
433
18
939
324
570
422
557
119
586
316
104
971
504
802
799
340
661
314
188
509
795
948
453
200
590
901
598
144
905
986
263
338
356
555
15
278
329
572
749
915
241
854
239
97
8
38
437
670
704
977
179
500
278
985
700
868
886
298
365
143
637
628
833
345
535
848
624
865
773
725
132
14
579
371
111
940
410
900
962
466
877
493
966
507
478
666
376
716
317
93
211
954
73
45
299
609
245
275
474
18
1
606
384
932
330
847
224
92
747
186
558
977
680
525
484
510
543
212
227
212
305
438
166
379
835
818
340
81
445
814
99
798
772
836
731
102
683
307
546
783
494
105
112
526
982
596
36
525
161
615
90
818
406
256
549
241
426
889
674
872
55
126
670
828
962
753
282
645
61
829
780
907
286
892
785
268
489
173
145
2
141
235
820
547
844
722
140
270
611
815
494
19
941
165
847
903
270
481
900
683
662
681
942
948
573
79
568
414
253
714
768
394
301
941
293
145
663
433
768
626
248
262
645
541
779
844
796
402
326
697
85
340
730
380
289
303
459
857
70
712
923
838
458
225
131
751
722
794
537
490
421
137
105
418
679
884
263
475
286
941
172
724
281
254
104
922
910
563
132
980
628
407
170
86
984
302
190
707
448
727
197
221
864
302
640
895
539
255
371
177
196
895
901
829
150
357
104
60
921
588
392
901
995
914
339
980
216
529
687
17
608
236
238
825
539
878
720
430
485
91
607
681
339
861
863
841
218
967
901
491
555
645
392
902
559
732
882
128
613
921
145
222
158
735
47
49
966
119
479
451
211
438
485
902
299
348
743
870
667
996
361
222
641
754
476
552
838
359
32
451
280
529
25
438
265
72
839
231
192
318
34
755
757
519
9
408
867
752
278
886
100
992
460
93
746
937
997
936
296
30
739
928
559
765
367
824
189
206
407
733
877
442
840
986
961
849
746
181
953
25
67
53
17
528
498
115
465
496
403
113
526
142
41
85
907
760
262
97
319
21
182
548
463
23
534
777
872
632
310
178
657
729
583
26
257
82
493
74
578
896
539
456
391
581
893
298
693
507
747
12
529
930
560
344
305
446
121
529
79
783
707
88
513
291
467
122
725
960
549
655
209
88
111
600
21
4
250
715
512
350
79
393
632
992
737
937
790
211
466
221
994
526
310
507
169
129
982
894
441
531
901
650
971
12
602
993
368
205
60
232
555
491
625
187
835
363
476
626
574
294
847
568
820
509
428
341
990
762
587
432
645
488
434
616
852
389
961
221
594
373
453
149
865
79
688
700
794
516
678
368
810
878
288
983
739
68
676
730
830
264
162
475
104
596
444
957
337
405
178
931
131
983
432
348
414
472
48
208
988
79
576
151
957
217
134
696
285
810
426
116
426
940
943
531
889
739
840
226
145
370
510
628
353
942
976
768
415
376
328
755
455
257
906
764
474
392
461
759
555
239
227
981
532
523
864
421
262
704
999
759
74
509
387
780
804
363
900
219
92
228
326
547
837
585
312
311
977
125
423
532
716
2
866
600
525
82
21
140
787
373
899
213
882
639
345
686
354
245
257
446
826
936
346
663
521
10
975
498
135
398
383
203
752
601
804
278
683
177
418
822
902
669
388
785
308
733
823
663
979
433
461
805
369
807
820
890
817
795
740
304
545
475
860
298
76
16
928
112
545
698
286
448
367
26
585
676
760
408
691
91
841
504
248
562
312
68
452
481
216
545
786
113
20
646
411
449
662
691
913
207
389
551
7
757
578
592
785
690
1
828
133
194
332
733
757
996
801
561
478
369
458
264
483
831
262
246
280
276
938
545
835
327
96
843
436
26
435
221
716
788
49
201
983
734
934
92
730
88
5
208
457
816
824
940
647
86
187
927
362
477
472
550
804
920
393
241
947
828
814
15
617
216
217
952
950
151
396
32
239
753
241
49
569
417
341
216
504
880
495
218
357
319
768
162
240
513
755
539
694
569
906
311
785
475
615
87
627
363
120
218
116
713
619
686
130
961
254
986
841
750
557
199
69
677
713
661
191
820
200
885
741
459
548
879
934
515
966
913
878
438
484
346
151
103
384
634
64
639
620
258
389
177
809
810
855
522
472
398
694
24
283
435
835
183
314
770
698
281
683
928
719
519
274
223
623
659
857
39
298
829
649
39
359
458
201
214
980
25
964
674
402
247
462
237
782
776
359
480
57
395
408
129
914
34
704
889
693
913
929
343
742
578
734
101
37
936
667
369
313
631
396
715
230
858
305
12
986
664
844
396
59
252
877
974
639
581
863
332
846
144
676
940
75
762
42
464
50
61
833
364
45
581
79
627
791
736
640
778
401
836
174
812
441
51
786
80
984
2
412
830
498
440
770
573
203
164
37
253
578
223
617
623
156
49
602
948
785
594
78
538
431
604
351
872
7
489
952
991
491
364
173
342
157
943
915
360
460
305
965
38
880
935
13
36
336
967
336
473
562
766
12
993
370
363
865
377
852
817
720
696
181
893
38
690
189
305
402
1
962
368
391
842
655
404
879
991
723
567
464
285
334
828
278
704
543
143
434
748
960
154
444
494
400
834
184
941
491
587
942
454
307
333
648
962
89
879
305
812
447
121
98
781
950
728
837
845
872
271
593
184
778
37
678
530
223
215
823
67
802
765
873
461
450
521
775
891
401
80
55
200
553
505
333
855
234
170
701
106
794
294
290
924
684
321
806
259
536
629
326
690
746
199
151
196
73
926
439
826
358
494
26
911
0
359
767
234
881
468
692
27
762
982
951
798
303
109
58
839
738
736
881
484
288
32
32
361
310
471
539
668
318
565
580
670
276
347
904
509
815
596
537
929
930
840
728
234
950
138
425
40
874
307
525
162
691
909
875
2
733
414
670
51
331
250
721
959
597
977
469
764
925
358
46
855
550
126
441
852
264
219
893
138
526
770
653
569
679
528
923
412
943
594
815
626
196
888
586
146
217
407
910
142
117
308
998
667
434
791
520
698
10
413
189
888
183
842
458
214
722
381
979
17
327
146
644
524
35
230
670
604
989
932
747
106
241
97
773
27
888
645
726
899
58
267
787
593
461
597
160
183
331
139
201
658
285
845
182
672
427
204
277
416
489
24
522
730
473
295
757
361
941
835
612
351
102
752
297
563
349
809
99
32
948
300
691
585
145
225
258
924
782
887
340
271
263
862
353
736
509
462
449
802
298
62
506
752
166
155
668
867
964
767
900
912
67
943
849
564
520
107
488
302
346
828
573
609
42
278
697
551
741
147
354
39
561
212
791
727
367
811
594
331
578
846
595
645
789
444
209
310
904
697
612
250
877
538
212
919
816
909
823
909
408
529
948
969
741
92
48
108
903
995
791
482
841
386
479
983
182
41
293
86
90
257
689
968
147
901
887
316
162
62
225
571
591
526
892
332
970
293
792
225
288
583
59
481
321
539
464
504
580
109
942
670
719
631
990
218
884
230
534
47
292
112
970
884
990
214
216
960
507
361
537
147
296
597
629
618
488
445
474
420
907
768
442
626
752
433
196
988
663
731
35
307
195
357
191
185
572
760
145
79
121
682
227
417
631
208
387
119
5
213
891
912
982
334
890
734
767
87
722
782
170
110
89
365
819
633
902
391
393
47
823
866
81
402
635
65
962
23
536
967
236
428
232
570
762
122
656
881
561
731
663
83
841
104
448
660
737
350
404
482
749
579
700
183
981
336
600
295
711
136
262
299
564
494
222
678
969
878
559
882
609
222
966
802
679
766
815
768
469
219
603
570
150
303
105
483
991
705
778
54
194
40
706
758
887
928
789
208
806
348
90
416
923
56
218
602
823
33
722
644
604
325
214
754
981
320
237
324
377
15
379
571
408
437
682
647
365
471
855
523
819
945
291
742
354
510
696
177
895
771
173
852
96
387
958
77
707
548
754
85
915
485
8
675
922
690
322
287
161
177
162
981
123
454
75
477
316
124
6
563
895
179
415
343
918
726
773
978
274
527
415
541
12
423
217
934
114
539
573
275
717
87
608
192
541
36
21
857
160
379
421
407
910
188
750
828
914
523
158
540
402
573
82
414
997
651
700
111
190
625
386
259
713
995
803
254
31
176
464
543
907
885
302
817
425
52
998
340
928
156
232
330
730
666
97
727
317
149
190
860
127
576
471
840
923
627
446
306
803
262
201
711
147
503
880
573
908
230
265
836
739
497
518
469
516
967
548
833
117
90
45
244
666
517
436
942
144
234
600
299
497
802
362
996
305
595
921
213
825
186
401
564
36
272
385
552
239
285
737
356
375
783
952
394
652
388
688
148
975
288
799
472
90
162
820
748
757
742
313
934
928
67
499
316
339
236
868
578
522
958
287
249
93
239
643
745
980
331
893
955
972
692
779
414
206
599
162
315
341
828
250
622
247
749
938
586
337
159
516
859
469
803
109
562
43
104
307
375
436
552
682
760
596
813
174
155
764
689
470
458
517
720
80
116
821
370
702
159
881
218
370
350
374
479
912
417
584
571
144
372
123
826
132
72
639
658
227
403
347
697
861
216
418
293
332
591
664
386
750
897
605
121
248
979
952
160
748
888
732
892
260
207
70
744
279
61
403
858
464
102
556
678
319
326
323
651
917
339
38
20
237
995
141
485
326
445
997
426
334
81
670
946
641
740
691
920
801
446
779
617
900
687
647
219
13
971
223
282
310
613
302
899
960
795
384
286
241
734
64
575
167
734
873
808
474
916
81
627
714
860
596
615
899
596
834
264
567
409
546
229
22
201
129
982
348
865
620
589
951
684
516
119
418
390
927
244
306
8
223
373
220
172
988
471
768
174
735
687
584
634
268
958
835
749
293
535
967
265
477
918
950
993
389
720
735
317
317
394
677
892
767
898
416
107
369
536
281
457
575
865
91
844
176
278
945
469
813
912
734
290
183
36
636
572
109
723
889
426
469
919
670
588
817
87
695
538
975
977
995
551
194
438
395
370
716
340
191
882
605
926
524
788
314
160
360
423
236
602
201
57
521
224
646
690
311
341
580
638
670
928
189
217
366
584
939
435
277
131
317
234
409
841
374
723
354
734
499
942
688
700
999
561
924
997
603
587
691
184
226
361
112
415
930
830
352
870
265
981
1
582
567
410
776
941
485
482
27
984
776
68
37
775
629
961
773
585
901
464
769
479
177
233
246
108
63
950
330
329
283
331
263
850
93
391
791
930
225
171
915
1
239
304
129
220
617
254
805
518
70
574
349
599
159
596
59
223
546
389
904
830
720
519
32
165
911
824
448
488
347
363
842
586
19
971
806
636
225
612
155
647
538
504
246
698
452
306
273
999
695
177
181
768
696
213
285
959
389
733
800
736
448
642
322
467
613
481
104
190
445
611
189
983
467
435
681
920
93
306
271
789
483
452
909
532
665
194
843
55
928
995
143
376
637
818
196
602
299
300
144
744
263
333
79
730
769
113
2
214
419
273
3
255
725
912
787
743
459
982
150
387
978
293
115
967
463
663
570
762
315
714
858
578
48
938
309
169
51
663
383
470
937
739
725
14
3
864
757
462
199
259
201
529
553
669
496
16
332
66
131
648
781
989
226
181
279
887
702
330
903
437
153
840
176
230
854
180
447
964
994
646
223
196
527
128
217
23
497
901
90
628
549
223
969
128
756
601
367
458
283
270
895
436
462
424
19
317
604
466
281
950
464
856
498
991
985
715
14
482
617
456
462
518
679
783
998
435
384
718
245
20
988
141
456
451
565
827
120
521
293
753
823
109
609
322
452
946
389
467
780
358
275
594
229
307
730
227
742
466
945
340
486
286
481
943
89
398
770
561
271
416
314
94
877
275
768
330
574
510
149
354
868
424
301
97
731
31
677
826
497
974
166
984
260
999
279
701
749
401
262
372
169
928
466
47
556
587
377
130
97
878
836
317
302
137
767
386
168
444
212
18
770
730
354
31
729
985
84
478
738
347
850
908
627
668
307
183
607
36
313
56
914
150
726
568
287
493
954
808
289
166
826
59
896
532
442
977
517
527
807
255
226
9
515
853
30
822
37
637
210
702
46
124
852
772
693
492
265
999
652
906
166
478
965
414
10
408
392
879
935
199
134
161
561
650
366
591
824
403
580
35
106
626
511
310
398
556
802
15
556
806
921
722
284
887
488
646
647
880
877
934
432
12
447
993
14
813
584
838
569
164
873
675
143
385
337
541
941
492
909
849
298
830
571
935
69
412
933
68
292
811
354
76
823
801
421
837
967
5
675
536
522
901
563
17
638
900
910
579
744
819
429
43
2
352
978
423
764
911
492
409
722
198
837
897
0
259
86
319
616
762
855
138
15
770
507
653
22
418
584
767
237
365
810
591
718
140
15
834
51
859
595
126
57
433
375
409
692
462
728
308
224
583
799
591
705
306
244
728
724
828
495
314
194
657
905
264
797
272
450
200
131
398
678
541
831
54
950
875
516
679
183
92
614
982
683
320
641
279
400
717
459
895
31
653
904
937
269
53
209
72
605
693
470
284
234
653
690
184
528
206
215
711
650
830
46
685
502
39
964
902
756
423
149
788
429
405
77
50
458
638
474
63
331
944
699
917
949
389
102
477
947
669
541
597
851
939
282
705
978
598
959
734
22
108
522
803
865
951
853
675
590
680
739
273
624
790
191
926
180
645
403
127
314
944
77
518
883
711
223
213
310
183
948
684
643
822
839
509
774
44
184
716
724
275
989
701
66
180
627
246
825
30
725
492
327
154
10
562
866
233
776
528
416
724
564
60
898
403
921
672
447
457
388
524
733
730
225
799
910
852
397
88
234
474
580
913
629
590
476
495
175
604
375
944
680
939
4
578
342
277
603
141
734
343
17
467
73
242
618
984
446
367
424
33
842
4
946
471
946
422
318
473
378
693
417
58
632
773
989
326
50
592
819
137
935
837
956
361
431
575
697
230
942
121
263
136
125
209
607
423
984
925
896
362
618
314
773
602
87
762
928
490
354
100
627
641
937
583
2
720
510
699
950
453
820
213
941
297
423
549
72
759
826
969
121
445
635
894
399
74
656
328
564
362
428
543
356
717
479
358
789
989
410
740
794
582
953
736
880
728
285
304
487
463
625
961
260
260
855
660
687
864
340
603
578
768
147
934
837
626
645
626
967
407
718
762
989
24
498
221
752
135
526
592
598
151
553
859
764
760
519
803
976
859
406
555
979
905
841
168
883
838
146
851
245
865
965
235
889
463
456
993
950
334
585
548
838
138
759
602
251
278
757
227
489
163
134
820
421
976
340
304
166
487
507
412
352
472
647
593
287
455
586
237
142
172
786
980
662
897
934
913
176
691
493
17
854
627
190
627
955
530
932
474
17
791
886
721
616
885
314
903
692
901
493
834
425
631
814
439
528
748
705
56
439
198
74
646
177
264
273
485
794
557
959
164
701
845
885
317
82
552
572
774
805
65
609
582
696
775
21
225
876
726
281
667
276
707
665
454
971
291
291
118
848
250
634
901
447
519
218
529
423
791
655
228
208
616
810
905
392
832
130
620
910
763
287
187
471
305
993
794
596
284
912
796
886
898
698
333
418
268
214
193
411
869
422
620
486
232
525
230
416
7
850
327
770
489
866
593
794
211
388
390
495
652
539
733
551
237
66
321
857
280
514
269
149
936
889
987
521
766
217
937
125
67
616
247
557
834
841
703
45
581
446
892
233
985
625
784
574
43
457
431
323
972
52
825
260
293
812
781
59
30
71
536
449
39
784
358
226
977
62
623
558
508
516
791
845
493
928
771
537
737
202
860
709
607
37
322
900
850
455
312
232
878
848
681
270
984
40
496
313
102
119
871
962
987
15
159
481
295
930
18
32
484
230
94
91
268
768
992
118
223
656
350
454
504
383
724
841
423
572
154
877
691
378
191
31
393
702
512
688
632
882
72
469
112
518
560
380
286
904
850
510
912
552
964
769
936
40
610
711
612
116
941
655
494
132
686
887
835
550
927
819
432
352
288
897
870
201
629
157
457
480
19
370
384
335
139
672
375
749
384
339
217
325
994
712
809
681
951
996
583
231
816
16
583
456
265
805
657
894
314
115
726
685
837
111
20
976
783
747
77
519
86
294
196
433
358
6
114
310
354
49
541
170
65
476
627
682
281
636
577
948
103
303
633
940
414
6
268
550
753
345
421
192
992
618
625
350
976
91
12
330
140
905
501
558
381
480
240
15
468
817
963
924
473
596
864
239
602
485
789
708
182
211
900
174
181
525
877
157
968
241
487
108
147
340
666
528
172
259
543
641
76
506
917
901
103
133
141
57
618
282
765
801
493
665
327
26
542
556
183
510
798
671
971
945
363
637
473
536
248
369
529
325
875
446
578
330
579
719
388
550
2
153
351
847
171
30
874
713
587
57
576
385
80
547
330
444
184
155
332
433
524
861
110
752
659
40
82
590
760
822
140
114
328
491
961
499
522
187
212
109
245
788
846
677
687
528
473
224
683
805
657
560
18
119
312
677
159
746
268
271
921
408
385
249
252
347
748
774
886
312
235
131
453
433
161
140
961
634
364
644
440
373
556
458
844
220
488
356
967
756
627
888
516
365
137
768
64
237
894
950
549
129
434
2
914
595
495
875
229
859
872
21
585
428
832
429
1
320
785
968
76
765
208
592
130
697
361
194
934
607
144
835
89
578
190
3
525
685
879
755
896
103
128
481
883
960
263
884
280
400
852
708
165
412
301
295
461
14
841
747
973
338
583
62
268
125
66
794
162
297
549
410
400
29
244
283
990
507
168
622
907
372
331
425
137
984
72
598
350
914
346
323
604
281
386
872
406
452
666
920
749
567
330
501
597
574
784
939
433
304
561
341
29
892
766
166
876
190
116
226
104
462
550
60
95
288
933
501
740
599
773
841
519
104
342
116
678
478
55
112
135
616
805
164
861
923
682
737
113
798
316
570
261
218
630
708
506
563
562
246
515
335
439
34
439
133
502
470
963
557
934
98
525
739
262
386
662
296
476
127
95
792
49
356
10
680
64
516
595
978
114
462
314
905
848
753
38
350
223
1
259
157
452
785
248
66
523
262
363
999
742
458
143
791
166
153
823
582
21
419
561
487
233
875
392
82
628
430
432
204
784
44
713
236
829
314
302
704
576
665
56
318
475
199
110
641
705
933
224
78
704
785
566
290
12
958
372
640
389
156
196
525
200
262
761
381
576
415
86
152
81
494
823
908
45
285
550
102
218
774
181
275
911
747
565
923
57
289
915
798
445
464
323
646
78
84
27
654
500
465
158
933
311
981
841
357
618
743
459
837
869
640
464
132
739
381
55
797
670
323
595
115
139
919
113
217
355
493
871
207
958
381
492
270
715
686
979
333
429
438
522
651
431
338
783
170
719
191
319
389
514
267
857
5
186
970
222
893
463
445
101
774
826
593
396
893
631
375
227
61
165
101
712
948
440
495
119
159
38
790
901
552
57
758
557
595
80
131
489
896
576
942
670
755
887
418
648
519
145
227
932
310
329
996
611
769
843
730
280
882
872
181
434
930
291
344
877
372
827
718
268
404
660
290
511
900
708
159
419
205
387
703
867
68
699
478
189
542
560
469
424
433
651
211
715
942
555
944
666
734
663
286
138
675
576
1
575
636
161
346
841
900
49
61
320
748
539
509
291
100
978
715
885
981
926
600
276
833
544
942
920
559
229
410
235
157
412
810
146
925
157
987
177
206
48
497
307
940
6
598
40
336
665
277
318
944
229
594
129
125
888
49
685
469
460
920
627
872
82
773
797
239
112
974
798
513
823
105
453
829
55
845
165
72
122
835
16
351
429
498
828
670
547
513
139
359
433
766
583
868
891
380
107
356
706
257
869
529
714
674
710
121
871
228
194
993
63
562
696
845
412
524
515
960
390
654
671
175
773
255
43
664
987
503
20
694
760
241
575
827
915
638
948
786
866
494
131
281
57
179
126
469
56
993
781
798
648
805
973
773
60
17
437
47
520
810
93
280
403
21
459
671
659
408
457
877
902
941
158
311
472
637
133
880
630
266
678
630
71
652
403
131
21
193
531
541
355
624
173
758
997
633
429
656
393
239
885
295
532
44
959
356
33
92
589
15
358
267
998
430
271
753
561
644
298
444
185
653
69
711
764
418
696
545
75
441
136
960
736
668
356
695
377
741
139
966
757
498
585
107
928
857
860
841
501
159
286
39
164
707
102
280
125
150
826
552
591
962
865
679
983
573
375
360
315
866
678
424
364
263
531
644
120
743
486
974
254
124
365
419
183
467
699
660
969
877
565
560
840
430
239
175
3
966
887
670
833
565
94
197
828
977
842
301
73
680
627
327
156
992
746
339
811
798
351
780
675
916
692
867
698
283
42
702
250
929
724
435
846
819
984
675
148
178
328
221
858
955
549
366
947
647
705
110
797
409
242
825
325
286
692
376
569
87
430
819
368
154
606
215
325
591
890
474
769
218
695
980
525
596
346
824
596
404
934
393
813
528
570
490
814
263
866
383
702
296
555
70
451
161
285
776
752
527
602
874
97
650
854
622
246
200
798
194
604
732
588
417
612
510
908
426
773
126
162
827
423
717
898
874
230
535
2
335
415
605
209
864
255
63
839
853
263
637
48
220
722
988
637
334
498
897
113
624
24
627
451
799
344
701
25
926
589
27
261
356
632
470
220
239
885
411
93
501
49
141
721
123
129
710
809
627
960
922
603
336
549
55
135
245
756
160
524
697
187
785
53
172
608
274
411
845
37
856
346
86
997
419
561
478
130
371
458
442
645
61
778
547
468
913
792
577
425
668
274
612
454
328
136
414
954
900
259
991
756
606
430
106
25
991
936
507
362
394
949
8
808
727
555
628
992
699
205
417
368
480
382
174
808
870
940
114
770
199
105
879
157
535
337
535
879
273
394
241
20
344
601
180
423
508
808
768
560
14
537
280
494
271
454
654
142
746
768
264
945
225
495
455
761
832
990
992
106
384
585
126
80
187
658
856
47
466
624
607
480
513
887
974
785
693
980
927
439
748
543
737
974
39
192
87
871
534
79
329
270
16
807
351
555
465
207
603
932
183
562
764
696
450
91
833
495
71
760
935
820
656
672
146
47
216
585
918
750
16
600
20
32
407
723
588
225
282
191
509
817
753
273
514
555
364
347
51
788
460
338
960
468
362
106
515
930
43
785
680
59
385
52
91
145
776
679
722
410
222
231
228
328
504
94
883
221
793
286
361
605
976
321
73
338
779
940
268
822
726
300
881
463
353
972
960
481
652
682
243
226
913
471
554
770
565
790
343
711
76
704
316
53
25
390
743
804
682
364
978
408
664
859
224
369
831
184
202
835
867
446
62
780
269
968
902
835
758
245
898
187
949
214
240
326
956
335
482
639
699
460
399
716
319
623
437
503
808
640
338
675
438
752
807
707
73
710
894
831
307
792
18
609
359
610
935
315
298
418
954
349
878
706
65
550
329
855
53
137
495
743
164
285
848
972
344
921
34
239
104
693
383
123
302
742
85
238
410
735
8
716
85
238
422
502
788
752
357
841
241
204
937
406
489
785
730
834
706
764
425
162
457
160
285
112
255
723
350
665
458
358
381
543
948
804
46
737
556
403
930
797
960
867
555
449
4
285
635
62
401
412
225
211
573
862
323
828
937
25
493
396
735
226
291
683
30
689
420
938
445
703
88
405
922
643
206
927
281
842
341
682
254
566
245
179
781
568
359
718
945
852
114
680
431
758
364
461
447
136
752
892
191
840
649
114
835
856
393
116
698
86
151
304
5
396
836
786
317
195
504
262
400
971
295
831
81
11
644
528
499
396
773
691
588
774
157
424
630
550
892
680
988
395
337
993
144
173
779
461
368
636
75
120
959
370
951
40
733
596
920
233
344
693
924
933
468
81
709
450
983
953
131
971
349
468
317
493
993
96
306
713
732
733
834
691
456
137
83
189
733
4
422
430
697
698
715
517
131
424
320
114
377
451
438
78
271
107
923
264
203
229
977
288
315
163
331
771
301
415
960
386
419
735
816
468
433
531
338
565
307
658
31
37
461
821
115
732
928
39
348
132
620
677
772
935
841
455
58
142
222
19
528
993
754
345
814
187
228
152
104
536
162
136
573
975
957
40
59
886
431
407
370
52
84
494
339
277
949
398
419
172
769
300
165
523
997
979
62
225
483
167
113
997
303
686
972
612
727
31
498
158
790
220
562
227
714
254
504
664
652
276
188
773
576
705
296
925
37
710
502
520
877
616
870
532
654
194
145
733
578
995
244
368
216
806
947
930
412
804
946
416
80
486
189
8
192
485
285
229
548
787
101
425
403
971
310
58
166
455
791
744
802
35
464
18
194
412
301
606
216
247
23
648
734
212
8
278
50
293
507
598
80
608
375
484
932
685
542
450
492
685
194
295
721
10
313
915
774
614
873
990
214
896
990
300
109
998
578
511
291
437
109
372
397
484
208
329
522
102
779
14
787
325
309
860
688
975
127
462
941
1
805
155
249
795
807
710
146
737
221
437
526
330
161
924
167
721
605
689
823
737
703
963
414
365
175
102
340
303
917
281
656
722
789
905
517
948
968
663
686
189
453
212
872
966
488
391
40
446
80
215
183
135
178
597
500
706
52
192
9
969
474
17
43
615
274
560
563
242
576
601
784
381
166
8
699
654
399
739
100
831
955
635
966
485
585
819
191
989
363
552
958
189
569
1
804
196
913
720
790
841
321
574
574
487
582
274
494
333
13
946
164
320
582
483
806
167
654
997
508
17
550
466
559
471
819
715
19
84
435
810
278
757
736
852
596
319
126
90
4
492
37
169
812
971
4
970
138
10
320
646
379
222
464
938
45
635
654
65
71
89
875
349
198
611
202
795
282
328
885
287
172
274
808
337
245
812
307
735
822
979
733
201
201
549
492
247
184
146
312
256
587
539
605
786
150
159
581
433
488
818
72
12
93
232
349
338
44
9
426
218
988
159
771
542
709
615
789
245
761
453
853
349
992
811
487
494
970
68
279
810
886
351
823
331
583
524
22
979
885
448
549
226
607
673
768
668
288
909
914
402
362
119
103
354
930
590
848
901
658
128
711
896
831
886
580
767
411
602
746
296
50
648
522
9
321
642
678
961
551
944
363
913
63
466
619
994
408
820
247
418
300
958
315
483
845
895
250
608
849
349
256
899
997
779
908
670
421
938
983
325
234
699
238
650
165
210
996
926
30
243
344
682
553
659
165
750
906
768
358
755
117
615
6
466
746
267
488
519
557
471
844
792
170
435
442
688
645
790
614
27
33
958
61
586
970
226
337
228
994
47
984
463
662
342
929
760
609
417
280
167
241
124
311
411
559
753
99
556
543
713
935
928
24
996
866
994
575
555
574
569
603
910
385
617
253
666
378
862
84
10
381
325
134
692
88
46
797
188
954
692
253
890
972
629
886
839
975
461
394
550
383
349
460
768
319
713
434
697
928
870
707
309
547
193
354
636
591
503
176
546
196
781
436
168
411
322
359
738
136
106
288
519
455
749
639
774
814
73
823
742
296
882
404
843
76
110
831
667
613
359
565
809
141
1
330
904
676
689
642
812
795
931
331
603
32
970
729
846
395
553
941
43
435
697
887
863
807
70
883
420
430
448
582
923
802
264
827
478
305
821
642
453
104
325
56
136
295
137
335
42
690
628
86
478
677
325
693
484
395
576
256
177
377
190
100
179
454
279
9
760
101
651
565
557
976
621
46
623
110
733
17
801
361
455
631
38
780
324
874
528
253
130
57
630
321
158
161
127
789
522
239
242
173
804
800
501
777
846
476
888
579
493
41
292
949
672
330
81
348
556
961
601
686
19
583
359
529
96
839
318
970
78
561
143
235
713
996
12
559
472
900
138
318
293
782
619
965
112
700
666
668
14
619
706
33
555
418
562
651
257
232
622
687
145
117
922
858
466
935
769
290
187
259
608
833
41
227
150
153
280
816
173
294
436
232
679
343
2
241
346
259
825
320
298
971
438
221
829
256
508
599
546
47
858
507
880
252
86
31
405
366
199
931
12
987
515
691
330
517
284
677
128
110
997
426
433
787
999
614
43
507
565
942
907
776
449
139
28
535
170
785
254
722
68
618
709
583
662
40
100
298
69
228
760
66
7
193
206
6
808
249
514
725
543
773
501
344
912
529
880
435
315
486
157
383
456
218
319
118
258
419
769
679
0
529
746
7
723
952
365
883
553
879
608
449
4
110
793
917
991
25
352
306
863
861
42
320
79
361
790
690
132
559
369
484
89
115
491
164
419
857
47
325
88
7
774
445
469
567
362
461
593
66
119
456
927
161
128
6
874
919
48
359
830
418
843
271
885
687
787
657
896
834
982
336
194
108
781
663
675
143
124
620
561
244
429
488
757
557
847
984
828
247
343
11
665
538
282
551
225
70
208
121
256
542
458
802
650
591
466
677
87
942
650
648
538
79
489
648
988
688
632
169
935
327
532
601
865
166
504
443
236
64
564
845
606
374
999
608
318
465
285
405
760
935
53
650
366
542
298
707
582
282
228
518
961
760
471
827
926
975
622
515
39
538
712
997
913
711
605
231
177
890
988
289
178
41
939
896
936
238
603
518
872
831
388
834
943
859
13
870
186
635
385
225
173
97
222
438
808
827
21
337
70
9
978
248
403
918
496
339
508
100
209
380
283
598
566
227
809
579
449
996
566
186
573
92
635
148
530
795
327
552
485
397
913
463
997
316
733
494
7
241
946
217
974
581
167
540
160
976
472
609
324
390
147
898
482
782
398
13
930
725
917
415
475
830
230
472
499
964
318
506
205
616
723
531
198
242
72
358
571
896
320
895
286
467
145
769
602
543
134
532
621
51
299
96
233
529
568
732
493
239
591
51
855
666
582
53
909
6
764
480
902
84
727
541
903
225
662
857
768
796
741
389
847
40
485
432
922
406
517
767
645
108
818
852
774
401
906
35
759
22
867
14
458
595
555
713
820
217
571
940
365
664
682
564
57
519
996
979
925
865
746
922
973
917
775
100
318
33
487
429
407
355
443
865
302
350
578
122
919
501
414
284
166
96
848
223
616
845
554
893
710
652
816
36
569
943
488
239
976
975
669
735
330
464
600
632
815
530
106
734
32
521
19
550
969
219
125
585
64
31
479
127
683
647
515
253
590
3
492
918
978
513
653
661
978
605
645
145
135
104
879
519
977
250
421
946
470
546
884
886
577
363
365
613
362
880
866
952
235
710
222
566
576
227
579
554
832
224
699
319
680
930
191
657
533
612
604
355
511
488
593
88
203
959
53
917
191
919
869
427
982
443
993
558
670
572
464
854
148
515
173
829
445
364
838
330
329
794
685
840
634
631
280
189
590
334
106
133
253
327
560
587
770
905
145
792
829
609
646
330
124
172
511
922
888
349
252
217
496
290
57
130
921
338
320
863
672
426
348
277
754
261
865
876
518
362
669
348
972
667
30
448
839
541
370
80
242
975
297
738
617
707
869
890
397
541
753
421
967
453
698
73
714
915
950
233
278
971
933
602
638
963
50
830
856
773
910
98
748
559
189
365
266
410
255
15
951
360
436
270
813
487
696
880
754
646
113
384
617
46
986
607
361
389
437
217
162
347
667
262
907
856
979
525
618
234
541
569
946
329
192
111
168
888
991
923
886
104
307
855
502
646
462
215
35
900
784
549
599
452
811
858
660
790
384
279
376
277
200
674
958
392
785
127
632
777
50
870
233
709
725
88
355
540
303
742
792
88
291
391
892
454
602
552
596
986
183
972
615
384
998
573
128
784
52
113
561
102
983
146
164
709
234
519
249
890
262
393
330
905
784
222
360
386
126
956
724
310
281
691
46
279
617
174
63
669
287
976
124
623
475
288
332
709
159
933
951
421
678
281
327
462
503
39
201
630
995
277
292
628
321
338
260
938
864
323
959
504
652
83
127
127
723
811
188
883
96
140
656
774
773
983
588
277
374
141
259
370
771
903
350
92
593
610
30
457
286
989
961
290
425
440
769
148
603
957
31
699
449
40
825
575
23
766
204
750
259
815
120
30
718
822
122
311
433
504
120
71
846
434
361
271
874
130
771
478
439
155
529
889
195
707
816
570
473
20
320
732
835
792
115
553
615
237
216
400
94
336
471
940
770
832
563
997
962
334
827
401
489
708
642
36
415
458
607
240
830
927
325
665
72
440
570
687
29
786
439
123
123
910
63
245
94
626
242
56
313
421
809
154
130
804
191
545
614
798
138
445
77
463
462
149
903
33
188
932
819
627
408
294
889
471
540
983
450
134
391
115
556
201
269
686
357
460
583
323
610
721
768
688
184
231
189
439
264
730
724
435
357
132
82
599
955
974
582
757
108
974
872
16
527
494
54
236
306
638
559
917
711
680
957
248
911
146
39
527
876
763
314
586
247
396
185
555
370
119
664
831
445
889
847
324
383
254
560
689
892
120
958
955
800
915
203
63
414
243
942
642
358
256
228
606
5
765
513
727
237
177
558
682
66
758
7
801
12
567
491
256
39
449
211
191
717
767
254
131
10
548
773
368
157
354
326
162
471
839
241
708
369
800
743
435
910
102
589
274
669
432
530
61
233
93
252
950
860
859
433
222
407
207
591
564
913
269
78
736
461
320
445
830
472
540
617
382
642
206
656
663
638
538
724
224
631
329
174
844
188
608
66
947
167
9
864
432
631
942
168
92
614
965
922
438
505
891
820
499
450
828
163
440
718
239
664
702
920
839
898
108
799
964
408
318
326
272
750
957
566
270
49
533
236
323
971
93
214
144
945
664
324
108
105
43
699
121
97
620
312
995
80
463
311
488
781
637
112
883
594
679
154
995
564
742
318
535
187
885
679
132
901
356
592
358
751
292
480
848
912
792
843
344
256
154
833
389
144
297
273
738
976
779
86
892
873
404
428
60
641
459
193
543
815
785
901
918
429
381
766
693
526
961
38
782
116
223
171
612
520
796
350
849
575
436
741
800
193
521
861
834
981
406
377
148
543
631
67
973
12
185
666
538
147
56
672
615
279
196
227
800
992
929
649
920
718
742
720
911
264
581
97
245
987
827
745
531
458
164
856
822
350
522
361
849
931
385
464
210
581
43
10
574
972
11
494
690
754
566
953
370
500
403
967
487
230
712
370
40
229
578
862
931
453
575
780
384
961
244
594
894
287
957
468
611
320
314
654
426
881
607
796
381
10
763
220
592
828
943
984
57
873
847
988
326
774
768
710
735
364
657
630
3
614
450
966
286
117
620
713
350
228
509
83
590
273
655
535
101
598
519
510
824
718
498
150
493
618
213
580
334
870
562
689
836
13
655
122
482
276
835
832
856
697
915
798
322
570
685
775
521
205
285
345
923
783
847
768
753
60
349
439
930
911
128
118
276
135
241
758
411
428
590
619
477
857
770
799
780
455
574
301
12
859
998
936
994
845
56
99
906
405
538
188
669
18
659
945
154
252
56
917
680
998
537
510
856
659
309
636
114
236
289
127
447
287
415
794
484
471
893
742
229
784
283
898
802
942
195
308
194
251
226
226
250
115
736
458
774
398
446
240
634
735
367
433
374
134
227
858
958
473
601
187
609
236
437
763
178
632
72
372
236
298
950
838
765
687
296
891
437
94
131
423
829
851
856
203
985
436
413
943
909
366
482
518
602
919
281
780
552
705
504
788
3
455
978
120
494
274
11
931
368
143
354
549
346
210
104
331
646
517
627
907
884
109
777
838
29
411
971
933
116
475
73
472
282
51
592
128
325
956
59
45
99
765
946
445
976
50
128
974
567
755
234
803
217
11
642
246
422
613
531
891
440
604
363
75
655
955
203
332
911
615
377
362
380
323
159
708
373
640
683
292
395
269
448
964
632
90
562
55
55
93
946
847
697
661
922
352
616
126
684
880
741
413
594
473
88
754
182
461
746
217
106
141
486
554
458
118
996
20
525
51
114
823
898
811
484
173
516
453
651
552
333
744
966
279
217
54
385
399
868
131
616
974
625
454
880
83
573
876
103
450
279
569
274
529
733
758
702
249
211
705
801
896
449
767
176
19
174
913
418
42
45
387
368
670
841
248
105
766
476
208
217
755
778
491
636
863
601
691
112
813
396
265
61
846
385
589
865
559
503
635
601
548
22
321
570
216
921
675
982
397
235
551
504
365
394
140
228
996
831
692
161
580
958
222
778
343
164
995
902
667
630
855
567
5
176
137
573
97
164
907
846
399
459
702
765
853
842
345
201
26
38
362
958
996
937
736
339
101
731
593
120
713
800
39
70
976
528
643
425
692
551
623
443
362
325
560
567
519
906
769
545
944
483
855
292
420
591
983
873
674
576
345
388
376
384
458
704
912
454
481
604
5
104
48
719
429
608
286
948
866
407
846
810
891
701
454
663
645
437
537
319
13
882
707
741
267
518
797
179
972
278
136
329
382
536
48
163
496
686
464
363
94
662
525
985
363
980
648
360
769
537
680
783
772
739
876
391
609
674
922
581
952
58
262
687
946
310
202
443
997
666
158
443
328
35
780
44
367
780
404
137
318
84
272
442
176
148
833
785
822
755
719
127
166
981
166
112
292
368
907
641
35
417
436
715
453
216
759
172
996
164
309
666
600
581
460
128
82
293
914
256
401
633
383
567
966
901
31
610
270
291
251
657
60
39
372
513
255
132
38
604
648
347
622
248
281
83
729
715
728
643
971
129
628
707
48
594
608
432
205
230
75
808
887
135
200
260
649
807
392
39
411
40
386
386
640
19
821
369
734
549
364
58
31
992
765
79
939
725
511
496
956
938
656
843
74
856
103
75
664
847
114
427
887
500
165
880
872
986
249
958
888
966
16
919
310
781
998
601
859
862
97
815
800
106
10
874
962
114
949
978
961
415
758
201
268
923
81
140
910
682
98
798
0
115
717
311
248
67
912
107
281
362
274
82
468
285
308
782
399
610
761
712
25
519
913
293
442
346
433
704
381
884
854
381
351
923
44
599
343
957
59
624
319
333
706
787
970
367
569
721
977
682
434
2
201
699
296
996
398
81
52
131
317
259
512
668
182
557
268
525
866
679
150
185
12
208
324
335
575
245
56
552
280
490
907
833
542
555
181
292
636
234
423
954
493
935
622
27
844
242
905
710
921
407
247
286
615
923
621
543
521
677
447
153
520
354
986
414
261
168
706
250
754
129
556
247
416
178
626
261
773
531
323
46
290
923
684
906
198
305
801
71
335
600
224
207
307
563
621
568
731
327
818
485
808
374
84
224
905
710
837
30
594
161
76
884
436
761
142
986
418
295
58
753
896
634
312
203
197
933
123
928
612
942
765
420
668
849
645
573
912
834
603
858
347
32
742
783
145
237
770
563
532
180
669
780
814
981
983
364
915
459
292
879
401
410
300
69
611
297
995
523
131
950
733
479
982
476
614
127
65
736
691
949
916
712
730
83
693
65
447
960
524
91
840
277
501
492
347
113
141
694
988
624
644
722
103
627
550
70
106
615
806
149
916
75
861
646
510
555
712
309
867
588
400
59
866
254
551
565
719
44
259
59
669
903
781
124
882
683
194
989
650
353
138
567
780
0
213
290
907
277
951
774
866
351
186
732
957
737
297
676
134
908
736
803
811
869
927
694
553
474
35
203
179
525
770
959
877
336
601
784
613
552
911
831
255
97
563
565
186
212
241
320
120
329
123
284
551
403
330
456
229
365
659
408
890
782
719
768
118
320
904
83
224
167
915
831
616
830
396
803
43
990
475
515
319
951
799
222
706
129
678
935
846
690
695
89
472
414
209
942
86
465
25
310
633
940
141
249
771
890
404
166
880
232
681
199
183
833
774
241
314
452
176
161
142
223
250
966
637
811
908
75
276
286
737
909
226
230
511
349
120
267
867
0
851
549
552
34
734
326
627
48
130
803
209
625
26
811
591
15
974
852
442
251
138
179
512
716
410
375
418
530
643
285
883
846
834
435
233
568
761
860
969
243
16
530
868
394
694
812
410
668
664
852
919
154
384
432
870
794
159
288
676
154
574
559
1
760
994
234
681
107
94
650
351
110
180
571
505
874
383
267
543
47
119
814
201
503
598
424
649
758
712
326
912
638
885
913
399
232
147
80
339
242
82
42
704
262
614
209
489
349
476
384
397
948
550
950
803
149
374
453
907
439
131
171
429
368
437
828
600
584
260
292
178
342
334
883
957
300
444
798
650
273
182
399
573
732
701
376
233
428
181
492
219
664
664
648
33
101
477
633
37
89
277
568
432
964
803
741
616
247
539
266
872
73
17
445
157
719
822
391
147
355
883
366
20
899
366
405
352
843
38
390
933
668
958
717
632
761
458
248
360
349
867
233
422
236
678
931
955
852
322
454
560
558
172
932
809
539
337
162
734
727
552
19
395
862
736
379
975
546
980
335
895
847
920
669
83
951
953
391
155
275
197
715
185
722
647
995
613
336
157
347
64
61
367
459
275
455
839
250
2
819
937
249
18
210
271
453
161
224
196
668
851
394
384
37
468
383
384
81
720
893
428
136
306
147
595
581
603
786
183
957
957
120
206
327
682
829
781
843
405
329
512
257
75
248
646
543
983
382
624
55
275
53
191
581
552
139
162
155
925
697
112
235
169
671
562
852
500
695
695
906
25
559
515
452
159
513
996
143
895
620
550
170
25
742
103
578
233
617
85
158
314
550
745
483
221
308
335
73
355
383
331
732
294
198
185
454
711
181
949
606
153
499
128
179
593
231
109
178
848
194
337
162
744
434
998
317
742
333
391
450
68
74
182
363
273
367
817
984
900
118
943
406
969
71
937
915
303
46
93
151
592
782
666
689
217
664
358
959
997
101
761
66
176
944
781
449
663
950
785
916
68
728
322
37
800
259
952
103
657
398
606
249
180
272
290
397
936
649
709
286
750
470
704
278
766
485
79
430
435
865
698
855
945
20
244
745
631
549
200
288
947
807
889
127
431
180
525
720
181
586
6
283
56
62
562
823
547
641
605
334
858
303
541
804
675
785
901
306
334
454
594
633
613
835
761
44
15
638
764
548
224
122
832
280
184
746
455
83
739
60
769
598
715
310
754
390
448
7
696
134
461
642
768
74
478
529
471
845
519
587
394
743
710
578
375
246
324
183
330
63
243
451
13
959
762
119
701
562
127
750
696
588
744
464
15
222
345
486
420
864
425
166
959
135
744
335
734
420
518
416
835
113
867
201
424
981
320
126
543
447
228
240
388
972
704
755
547
50
593
967
266
18
133
226
506
229
913
240
1
783
656
188
896
523
389
673
505
710
151
48
157
379
640
897
351
345
652
898
747
245
217
13
264
702
591
770
931
504
362
284
287
18
473
536
893
862
209
750
924
360
799
434
91
439
331
442
136
336
341
235
581
558
601
197
261
192
319
544
49
681
181
336
51
654
224
945
868
785
695
793
497
846
579
588
638
910
31
774
246
724
362
180
634
963
377
247
155
697
144
204
378
325
893
430
331
117
727
551
255
422
696
752
269
275
341
907
538
724
33
136
448
395
316
434
358
694
34
866
743
178
70
121
855
315
903
186
785
630
89
40
405
786
792
674
413
485
933
303
209
318
440
9
714
756
796
424
802
830
642
545
8
65
19
863
380
274
401
165
257
490
557
662
628
702
688
394
187
621
697
749
939
137
110
5
246
906
782
400
736
424
298
96
841
669
311
222
943
712
739
552
555
649
214
535
351
902
281
890
875
979
639
167
468
102
172
66
8
306
467
97
83
117
193
924
786
857
498
81
569
238
634
476
239
848
12
590
103
645
480
978
624
472
145
445
574
670
511
934
976
330
383
411
447
929
336
233
786
834
315
355
424
949
184
663
149
548
605
252
193
438
231
818
262
376
263
188
398
126
474
375
457
858
138
904
787
474
138
573
661
805
280
437
106
464
453
255
12
410
508
206
848
739
376
462
467
991
650
218
117
125
945
926
983
83
831
122
558
321
695
571
126
975
360
232
792
813
839
804
224
347
362
424
438
90
887
258
81
537
476
551
14
421
477
997
504
660
471
414
981
166
337
459
494
698
43
286
863
883
442
439
582
157
864
21
247
751
631
329
640
107
232
655
880
709
4
736
370
828
151
703
994
840
515
840
538
558
126
754
793
921
193
376
78
57
749
677
160
380
6
153
487
590
160
719
300
516
455
22
344
958
77
339
799
592
179
689
151
658
443
296
931
637
672
9
46
421
686
207
801
45
360
640
987
520
359
639
36
167
661
733
125
91
72
276
683
603
966
186
613
761
483
544
398
155
905
797
929
944
4
730
341
716
723
328
588
434
968
976
601
981
709
79
72
133
355
108
89
673
294
702
435
129
247
185
637
504
334
566
448
338
648
789
406
371
118
994
806
86
323
759
419
32
838
492
518
546
600
607
219
246
309
6
376
908
544
13
413
878
931
861
569
579
3
327
951
121
322
109
559
997
868
978
29
59
470
899
605
422
506
176
21
816
535
397
724
431
762
489
309
693
703
230
624
706
558
927
827
232
36
738
229
257
716
610
668
539
510
273
313
16
801
334
184
336
731
261
767
845
102
429
890
805
11
515
511
569
794
690
153
183
428
734
440
145
697
108
36
559
733
349
927
534
684
112
223
767
725
342
613
827
771
855
633
783
722
144
704
517
835
210
700
263
944
492
760
993
952
796
552
37
498
480
923
182
592
146
949
669
489
914
496
612
122
129
747
844
626
804
713
813
14
765
428
310
257
541
304
561
689
208
950
187
688
874
369
632
372
671
301
213
585
150
826
707
279
925
904
257
729
617
422
95
383
203
406
992
744
62
906
433
622
856
621
311
730
990
943
103
661
597
316
599
747
494
658
378
420
914
988
149
532
410
245
267
613
3
259
357
417
165
143
39
22
764
702
104
106
998
559
120
595
876
71
342
722
729
72
142
644
60
644
528
823
241
795
436
244
406
146
13
924
289
404
946
405
107
402
511
105
962
631
700
190
702
394
912
784
818
55
780
879
699
660
702
292
807
490
536
213
988
901
137
629
305
435
34
412
190
898
869
152
881
921
342
584
667
254
720
486
661
852
717
712
512
771
4
319
261
892
884
602
145
374
231
451
161
618
215
351
516
85
503
397
358
197
333
26
804
405
512
817
257
229
530
121
0
886
792
613
779
677
215
924
403
799
727
564
417
295
916
285
732
771
34
90
321
720
116
125
477
980
942
87
561
824
208
561
711
353
527
842
30
742
118
433
893
198
349
662
493
265
299
225
389
334
315
710
406
784
187
883
764
481
322
326
306
883
239
369
236
766
563
266
861
33
51
106
231
400
769
724
18
68
949
759
754
617
469
512
753
8
396
869
489
70
547
147
953
787
516
189
905
431
807
118
465
210
225
696
963
994
421
333
414
722
92
169
691
561
681
444
569
429
314
410
500
861
558
805
0
74
995
906
506
154
376
971
365
601
19
328
595
440
661
10
515
105
531
558
666
212
3
587
994
669
997
846
882
907
651
235
982
646
493
840
153
869
163
518
471
182
198
418
975
211
428
842
316
311
400
334
524
755
273
870
776
622
716
659
530
367
246
864
366
739
56
519
608
219
389
79
753
587
498
80
150
278
274
466
590
675
152
466
782
425
688
559
399
404
570
929
123
816
793
489
907
849
360
515
420
749
947
526
688
797
958
838
75
233
656
17
260
160
835
42
585
523
953
337
279
523
266
403
691
412
244
598
613
605
466
386
354
413
912
43
210
870
233
637
103
890
7
363
50
194
758
988
70
711
677
349
587
943
104
278
707
349
229
673
954
695
59
308
108
323
703
670
193
289
659
649
531
666
364
581
213
474
921
283
186
598
984
125
894
89
755
953
438
984
626
744
679
685
404
139
8
108
161
554
749
173
555
280
839
271
213
404
746
135
687
284
85
24
409
331
113
516
285
903
501
911
647
532
949
51
24
309
511
537
863
260
710
770
892
902
42
106
306
140
593
346
776
30
370
537
362
835
53
999
738
906
910
737
439
211
140
463
521
4
352
736
264
63
507
157
965
901
615
271
393
208
969
169
238
339
58
600
526
111
599
616
18
862
353
809
73
494
624
946
498
976
683
114
39
190
623
4
443
238
628
836
798
597
357
37
289
415
637
815
878
589
432
896
803
137
705
228
631
681
175
481
658
858
948
697
400
923
54
843
514
34
31
312
983
388
349
272
803
339
440
681
280
872
930
83
9
987
663
993
669
838
826
679
48
126
728
448
50
782
643
916
168
674
228
152
414
578
424
569
269
216
251
549
88
533
984
450
520
647
795
541
838
973
220
886
452
949
687
502
83
330
770
252
357
998
404
123
928
180
693
549
397
296
98
837
829
434
639
701
82
786
595
272
760
815
158
212
116
845
66
200
528
836
804
237
186
560
712
467
92
405
16
489
701
467
679
882
901
318
936
335
105
531
607
217
698
766
781
167
963
847
719
843
35
523
432
221
435
145
688
527
550
57
369
604
524
48
838
425
718
774
761
175
657
368
744
708
486
525
227
802
372
946
645
759
821
430
981
256
575
21
135
477
78
504
81
602
904
920
380
623
46
141
150
56
861
895
116
700
420
343
502
145
289
499
904
462
929
237
70
504
611
205
982
689
710
415
644
614
687
24
589
734
517
740
142
730
987
258
430
759
601
284
256
242
784
513
704
713
750
774
570
361
331
552
403
41
319
399
656
7
775
597
93
292
689
235
374
676
493
805
788
446
441
44
688
225
557
744
939
660
870
509
21
201
413
776
243
732
175
251
91
950
200
184
594
890
419
969
566
912
126
706
358
567
751
398
793
308
494
84
968
364
945
342
918
710
470
513
794
646
116
886
948
316
70
543
206
490
864
125
754
990
831
465
909
934
863
702
243
710
138
563
74
435
257
992
145
728
857
940
726
973
178
674
290
248
217
848
738
81
973
845
423
157
310
333
91
525
387
686
235
878
602
662
313
859
6
811
939
864
103
665
837
281
340
479
529
909
328
620
343
301
817
118
810
127
451
902
4
191
588
592
69
190
254
734
402
612
545
341
476
0
7
666
281
699
145
163
960
473
135
303
127
952
422
937
431
225
839
435
416
780
27
837
322
633
572
724
246
469
418
74
470
777
740
103
476
238
266
436
63
401
92
190
705
866
480
136
91
319
924
860
451
303
697
774
937
621
850
535
91
620
609
561
397
702
664
873
292
283
662
355
36
106
898
742
972
378
230
415
697
154
275
501
458
325
627
747
946
477
634
37
98
595
950
847
649
967
73
941
250
735
297
286
841
195
380
165
573
963
580
622
117
208
475
927
533
102
26
479
932
660
869
382
256
819
229
905
138
302
199
388
389
848
27
582
43
759
747
968
722
680
942
192
888
418
471
421
872
850
252
804
510
121
538
118
293
768
376
431
422
575
172
164
423
551
746
818
310
846
138
385
526
432
577
414
850
400
187
75
250
439
231
113
561
770
231
206
890
959
989
664
886
161
828
309
64
575
479
727
421
969
112
299
402
41
65
604
441
252
679
692
691
911
805
604
33
388
810
923
348
800
587
234
313
416
896
378
343
727
105
116
697
569
415
99
610
480
703
51
732
735
95
775
646
252
380
679
993
542
954
693
694
893
927
8
661
175
738
4
255
195
120
952
764
887
403
726
719
458
129
803
193
225
579
191
829
311
870
822
853
176
515
548
70
795
908
731
322
998
88
577
545
560
881
661
448
284
387
519
743
516
323
936
93
902
128
275
213
350
97
418
879
965
318
949
112
578
32
434
576
120
12
121
33
893
782
833
530
521
352
273
38
675
561
483
929
689
758
494
392
208
913
271
173
231
572
637
810
956
71
738
429
435
212
462
681
346
295
211
868
647
836
258
675
397
741
604
439
852
99
831
60
364
454
585
595
378
574
757
334
645
848
763
433
60
225
466
758
872
677
626
872
865
236
547
262
330
503
53
182
954
236
594
318
690
531
266
68
105
375
755
102
223
518
535
635
96
1
394
968
30
372
840
247
609
739
510
291
595
915
825
549
152
419
220
194
302
486
615
759
213
370
861
437
888
749
72
984
102
818
305
485
191
145
732
152
237
594
443
832
510
268
733
14
39
953
208
341
791
823
452
5
193
665
442
434
414
866
770
869
37
75
354
228
221
86
732
810
33
175
642
543
795
727
557
834
681
117
527
824
941
979
829
486
644
623
272
411
842
43
280
879
118
986
459
691
424
191
853
457
718
495
352
865
575
909
699
608
379
578
432
672
909
614
158
905
237
783
316
431
826
948
662
296
286
121
340
711
664
193
168
734
41
521
599
616
782
650
224
161
228
8
833
137
622
344
43
860
479
711
643
657
12
306
953
298
779
645
9
796
839
530
530
232
403
482
848
537
132
424
699
713
432
884
850
55
580
245
267
59
309
910
716
321
568
22
971
348
667
333
496
858
863
26
90
618
860
290
155
993
714
206
58
147
91
260
554
23
506
821
435
167
83
151
840
4
525
811
704
193
144
200
403
359
578
494
977
439
784
133
784
851
339
842
350
782
102
904
806
960
77
241
479
160
744
319
516
270
131
220
815
627
420
218
987
999
712
964
438
849
97
574
700
789
768
50
571
870
306
729
183
383
970
662
895
67
334
412
337
465
632
504
444
53
722
431
404
787
396
194
988
845
768
40
634
536
442
206
758
748
935
293
483
258
956
378
325
290
142
14
107
127
870
551
532
944
335
936
731
731
130
71
576
250
111
563
786
905
769
896
653
56
190
488
666
498
219
343
140
361
709
599
488
579
150
20
524
485
308
607
568
438
679
497
688
142
60
826
48
181
723
53
589
265
542
256
763
761
599
903
474
309
502
315
240
4
687
764
842
996
724
410
434
403
259
475
897
671
301
945
204
376
351
794
641
893
402
404
6
353
659
832
14
161
147
255
518
835
371
360
831
95
122
617
850
382
92
748
405
746
45
610
122
748
756
116
993
158
520
999
511
180
832
878
693
331
485
211
166
856
571
997
304
46
967
154
428
59
254
185
805
652
795
280
400
551
396
746
61
268
745
925
800
929
803
494
261
288
57
779
496
981
777
800
27
96
307
807
155
913
992
313
565
788
945
318
691
341
64
105
961
161
30
762
443
185
256
56
825
313
835
321
294
964
474
673
60
781
480
216
694
473
881
612
613
826
282
656
519
698
761
480
211
143
242
654
328
850
710
153
516
898
827
162
862
301
836
923
82
316
491
128
141
724
92
106
902
726
763
421
424
524
253
988
668
848
642
348
698
705
502
566
955
329
729
817
982
917
92
64
585
935
544
727
659
637
833
913
363
948
334
140
473
940
128
493
788
122
193
838
179
695
405
134
376
486
304
358
403
396
774
988
684
671
67
343
660
253
257
375
201
943
515
26
235
995
871
23
118
65
214
649
112
971
784
841
457
88
551
212
836
678
552
520
349
972
216
9
225
825
384
778
768
252
805
4
247
676
379
717
93
945
719
206
916
503
47
725
943
950
937
779
628
842
652
977
814
868
338
391
693
75
169
813
327
974
169
926
3
549
996
96
846
715
654
763
570
53
488
513
4
426
644
632
620
296
962
434
164
300
825
209
727
994
23
54
321
192
333
676
93
329
124
940
44
779
703
614
832
543
479
188
321
123
173
941
420
135
375
936
787
552
146
515
899
521
921
572
713
254
248
159
583
372
99
979
503
154
945
336
697
776
876
19
900
49
960
672
184
688
960
324
592
458
839
843
979
112
415
45
367
15
204
302
388
655
634
891
809
931
579
858
708
456
877
960
505
190
984
42
230
296
366
174
755
557
18
734
669
433
131
388
449
335
43
189
990
677
432
151
608
364
10
668
820
239
980
677
781
964
71
363
261
437
538
368
346
556
454
368
341
586
108
142
921
151
331
264
828
116
415
789
480
777
809
652
17
790
681
150
106
753
514
719
542
52
87
241
608
894
609
949
480
69
444
753
221
775
17
401
243
785
542
75
562
352
727
931
494
409
82
600
514
596
320
56
648
759
297
608
653
258
909
485
328
353
239
549
481
608
302
724
745
845
800
660
549
879
591
43
640
25
643
154
621
315
563
621
427
860
229
80
119
139
566
799
844
157
348
325
117
2
50
863
847
202
523
748
433
466
791
74
492
787
580
465
102
143
87
529
356
668
962
475
159
880
274
4
37
974
329
506
328
731
369
528
933
244
276
719
711
420
145
555
207
725
20
661
221
459
543
577
128
505
404
287
737
30
291
126
356
621
632
684
704
354
564
638
598
841
357
661
261
502
216
468
579
589
481
152
48
24
81
176
529
485
816
266
867
107
392
575
80
377
260
785
731
176
775
329
17
484
343
630
338
559
98
269
500
932
422
549
956
503
77
838
341
893
456
208
353
201
784
433
578
396
570
309
572
697
990
942
181
333
572
871
245
23
141
745
955
915
646
911
418
724
749
759
617
558
320
970
759
456
756
337
852
678
998
776
376
988
70
909
674
643
781
919
666
274
16
973
189
663
884
959
739
986
719
356
544
391
679
655
847
787
992
51
465
342
179
841
682
250
103
356
893
236
627
911
510
644
884
51
659
120
10
398
458
81
106
354
472
137
9
319
924
353
370
390
695
550
583
378
800
686
86
45
274
714
956
784
710
192
187
721
664
198
471
123
279
577
477
752
715
839
71
991
192
794
381
240
344
317
970
496
355
56
893
630
122
201
766
184
393
954
905
409
504
376
532
783
306
362
887
373
201
959
364
393
105
98
633
801
415
955
297
122
12
542
104
486
743
871
671
488
177
928
897
681
305
430
816
963
144
704
336
345
15
700
90
120
798
724
921
565
31
570
40
43
112
144
882
855
367
553
695
544
481
592
577
138
374
394
101
518
98
789
863
113
490
306
233
640
30
506
558
413
76
598
457
540
742
691
747
462
244
442
6
77
34
936
568
761
330
21
279
780
811
495
245
301
801
478
293
183
336
851
596
764
449
405
304
544
96
51
6
692
493
364
122
879
652
42
640
982
63
272
114
874
767
359
527
920
189
173
455
525
24
51
289
826
809
945
722
257
996
80
302
489
796
424
721
449
466
361
783
881
985
898
108
752
609
987
24
799
160
479
676
537
883
318
715
44
263
437
301
260
517
955
101
665
379
822
114
197
536
250
431
521
500
539
626
109
526
650
260
39
482
937
576
717
255
291
761
518
80
414
130
949
370
232
614
101
406
81
651
294
331
82
816
831
973
794
292
499
796
553
890
278
490
818
347
97
109
108
615
541
523
98
490
245
330
105
346
88
538
997
383
869
431
551
52
404
345
344
904
141
897
146
772
739
965
119
836
426
580
804
968
455
902
458
700
584
915
46
24
453
396
407
674
827
958
726
232
655
423
488
149
672
634
921
412
951
392
248
378
972
404
346
427
306
156
479
242
424
878
267
229
274
674
904
453
985
982
685
992
757
525
141
430
512
414
842
463
159
442
841
131
847
539
911
505
48
390
748
824
268
367
53
894
393
309
348
378
644
385
723
401
911
216
831
423
631
25
238
142
468
432
273
667
971
536
172
371
279
272
195
899
639
601
794
33
910
494
763
554
879
486
308
142
703
139
917
686
165
156
828
985
588
453
652
911
342
824
635
621
97
182
872
88
783
18
121
46
512
885
952
744
723
260
238
778
400
156
816
917
664
996
902
604
802
554
867
144
378
502
117
827
685
989
268
820
360
389
866
872
626
819
968
702
79
207
832
831
715
649
748
379
997
650
983
799
204
850
295
935
705
412
114
742
754
734
562
114
476
781
338
102
952
307
156
383
866
989
567
581
990
315
960
339
318
295
491
874
497
786
161
202
551
628
944
657
362
859
123
838
992
461
293
296
120
449
679
986
790
246
567
132
914
879
824
232
174
315
458
672
101
620
874
4
248
171
661
962
382
784
801
374
598
446
670
718
895
701
57
38
300
624
522
214
504
346
798
30
13
256
702
115
228
929
471
828
100
133
791
834
269
944
208
219
390
230
938
637
283
995
27
583
971
550
797
827
248
947
858
262
556
560
729
784
489
200
965
941
685
108
775
307
52
335
526
794
917
464
783
201
811
811
784
135
713
934
962
961
881
172
575
437
733
304
574
574
857
539
868
542
647
995
849
51
331
376
845
600
192
628
801
356
791
586
491
504
520
805
466
753
978
393
191
63
698
117
989
555
656
857
449
655
205
651
706
888
379
903
488
571
883
290
279
675
228
770
179
100
928
997
853
258
391
396
321
441
865
662
996
521
872
797
176
77
448
234
965
179
489
453
751
373
95
382
48
323
505
579
775
433
577
981
691
968
729
364
409
595
26
757
116
898
906
645
975
707
231
292
886
721
98
989
94
193
372
494
869
877
73
996
662
650
977
353
970
707
69
731
302
95
840
770
994
747
415
321
806
999
966
692
720
64
682
814
609
406
660
478
635
733
827
297
736
804
2
58
511
71
790
165
166
982
936
512
81
703
186
887
702
152
580
422
568
614
588
177
372
248
8
7
982
835
304
718
639
306
776
503
377
918
668
895
253
604
760
334
308
946
222
10
450
154
785
18
120
373
195
492
622
203
851
956
38
155
674
30
813
802
533
542
73
553
789
326
158
549
660
818
847
234
180
649
740
965
667
212
339
215
704
313
770
907
269
161
414
295
191
227
97
76
121
522
629
911
848
139
812
861
957
660
447
490
309
188
455
329
400
146
544
457
811
666
364
80
827
131
375
370
710
825
446
832
699
76
95
