544
682
998
809
50
254
559
512
408
738
607
639
158
84
572
293
569
728
862
803
26
468
34
469
724
557
820
839
482
225
114
26
907
112
187
957
366
98
821
126
836
780
117
346
865
689
639
786
769
854
589
795
322
976
265
398
533
437
590
15
662
704
393
921
168
932
230
534
30
52
12
219
184
129
565
49
171
205
187
292
59
777
88
733
753
353
484
638
142
74
5
156
778
398
77
946
682
307
832
64
711
196
283
896
677
201
297
200
406
485
493
817
614
581
902
719
286
386
357
428
460
362
584
590
112
661
888
794
320
72
210
32
268
494
280
298
695
577
498
453
414
991
622
28
572
524
99
858
911
456
286
723
170
870
666
282
883
554
428
204
979
639
588
599
485
868
897
180
797
396
985
212
387
607
592
960
131
692
818
394
500
457
470
671
679
136
305
915
42
734
471
21
725
59
621
210
279
518
742
76
266
79
640
654
686
585
966
169
629
784
916
129
593
386
152
625
522
810
540
564
896
11
938
621
422
911
183
701
781
925
129
48
4
122
702
42
59
668
563
688
804
479
169
750
865
674
375
739
484
915
656
380
278
946
353
700
857
536
753
638
813
234
686
169
356
740
563
415
408
126
455
565
606
625
315
823
299
42
563
783
957
571
515
587
517
868
287
374
404
40
364
569
274
51
738
983
791
301
750
552
427
206
469
385
183
784
209
482
178
124
617
135
695
132
722
564
352
361
938
108
753
302
677
379
705
767
362
849
420
465
401
847
671
870
585
854
6
794
688
184
270
657
671
965
789
745
529
493
106
819
601
211
473
278
590
179
45
305
28
465
770
781
664
793
3
601
999
361
395
39
545
665
696
568
982
837
665
863
330
771
34
931
334
508
561
924
39
958
581
67
775
351
200
439
496
203
393
847
564
788
886
461
806
582
381
140
771
46
356
101
169
390
384
503
898
297
427
937
255
361
356
30
712
556
822
561
111
215
408
675
355
295
488
513
229
869
6
353
267
362
454
436
752
191
939
651
488
719
940
96
80
297
478
144
205
300
705
317
867
466
344
223
113
833
88
342
54
94
695
322
456
502
758
561
45
50
212
885
769
504
981
201
153
460
345
359
112
51
28
980
869
372
555
982
557
995
676
964
90
372
286
898
226
396
459
623
798
23
508
567
528
842
768
33
654
466
392
766
869
772
98
738
145
5
720
54
353
396
18
443
120
656
693
698
405
153
321
203
528
182
771
408
376
891
442
30
357
186
148
578
959
599
316
456
956
388
510
309
785
529
104
905
537
798
956
942
303
277
146
831
811
269
240
187
160
682
569
870
220
718
800
179
669
117
635
625
505
498
935
642
379
39
900
916
189
856
859
492
485
5
324
649
626
564
836
138
598
758
360
818
476
161
350
497
278
337
122
135
835
409
778
214
801
30
483
990
886
342
483
723
699
807
372
325
723
209
463
673
967
824
843
795
985
193
644
615
531
766
102
718
528
232
285
329
262
768
671
500
462
154
224
161
313
596
838
388
157
653
61
476
477
905
623
814
450
267
781
333
386
884
404
914
468
689
595
731
809
266
231
271
773
807
784
86
404
622
475
913
275
888
742
105
145
365
919
948
985
53
281
371
937
685
637
405
726
584
488
535
850
72
806
623
879
590
62
635
564
889
549
192
129
643
297
275
8
568
223
993
621
856
716
910
894
705
668
620
289
508
508
492
580
314
467
812
257
529
447
173
770
348
365
900
991
14
175
352
583
750
697
556
958
414
819
852
471
839
825
113
347
333
605
280
999
72
92
608
954
891
782
724
240
147
624
231
162
151
935
97
901
633
5
212
399
824
64
870
15
241
983
715
926
940
995
278
13
439
886
319
330
20
43
570
520
668
154
34
819
89
131
73
722
136
285
473
313
701
344
328
295
679
395
221
620
390
851
985
829
90
304
512
110
347
82
630
367
588
664
539
30
147
612
104
636
897
578
301
950
274
981
245
953
377
819
925
119
670
910
301
760
214
813
223
914
247
853
281
836
870
820
866
369
784
970
357
681
548
658
984
822
992
229
128
369
48
53
840
71
964
141
831
530
954
54
444
202
260
726
38
482
898
256
203
683
578
561
716
479
571
700
653
563
282
781
284
682
187
125
753
151
266
937
33
573
343
478
775
603
556
165
437
806
421
641
489
351
202
558
830
773
258
484
689
892
265
973
575
804
450
328
307
717
265
341
290
609
171
417
564
727
582
354
885
355
995
375
706
549
285
537
674
543
373
363
788
638
689
363
443
139
691
750
208
309
443
850
270
614
267
186
693
201
540
579
556
535
306
615
84
591
504
759
486
877
474
274
867
163
637
662
655
681
765
863
990
208
714
612
823
333
798
868
535
339
447
91
874
753
58
311
696
562
422
183
439
896
457
307
412
447
321
419
128
86
282
470
295
348
82
470
682
232
338
569
571
138
12
798
243
71
461
940
633
883
475
425
131
284
84
895
731
405
314
211
492
949
681
139
297
115
609
331
348
299
900
271
437
913
69
33
336
530
973
969
765
448
746
897
84
830
792
816
588
459
379
80
408
61
571
705
528
180
389
228
831
641
500
269
554
569
302
890
452
627
212
217
427
310
114
511
493
259
679
81
70
59
513
478
472
84
535
0
616
924
229
447
566
81
68
472
650
722
715
102
349
279
672
128
589
138
640
434
397
671
515
467
730
380
297
554
464
833
907
80
757
488
528
675
569
948
148
219
671
863
674
20
142
346
149
83
484
141
518
234
164
385
53
895
766
351
801
230
184
708
663
293
196
543
969
765
491
469
337
162
332
363
535
826
709
36
261
545
177
131
779
693
517
185
588
283
536
742
865
72
450
880
365
999
423
686
116
915
155
805
429
839
168
964
17
229
0
279
775
529
410
906
223
279
91
163
914
627
905
132
51
708
12
769
707
436
455
175
703
963
981
132
802
149
449
820
379
449
451
154
331
213
412
906
493
504
421
407
483
679
539
535
387
904
656
446
340
463
621
395
426
954
527
581
104
328
753
835
130
204
341
461
417
753
719
262
257
140
22
93
819
913
980
558
817
636
4
509
99
978
904
526
932
784
459
388
112
212
575
594
416
916
55
185
670
126
448
279
267
822
372
438
735
704
997
905
340
1
414
440
331
671
318
616
455
777
356
919
989
932
514
757
848
921
942
870
48
742
502
667
564
226
105
652
931
102
557
271
456
323
63
787
994
733
755
449
862
112
721
851
44
587
960
892
508
255
115
908
349
617
575
266
843
681
918
774
135
827
398
591
150
461
731
145
195
486
946
57
598
19
261
642
606
573
887
115
828
2
375
530
971
951
796
814
984
66
941
119
893
339
711
395
800
442
540
347
280
839
757
879
858
370
873
817
943
760
284
124
114
659
6
85
962
802
252
946
868
193
66
113
532
129
508
684
923
401
32
203
592
141
434
450
863
308
619
806
420
903
282
535
563
288
972
525
442
224
824
662
417
242
775
301
371
636
986
646
37
370
201
629
863
636
431
726
944
51
884
364
954
167
251
869
807
224
747
602
800
571
264
570
813
392
871
536
28
209
182
417
579
383
46
442
19
829
168
315
232
53
680
187
572
283
408
731
859
155
333
12
726
950
582
539
342
805
75
722
15
609
139
946
993
537
389
364
366
909
680
599
314
712
138
238
347
546
322
207
54
7
219
132
957
153
672
651
958
99
373
973
61
864
920
406
401
661
770
768
922
802
719
589
866
209
179
214
755
501
773
161
861
344
294
170
497
318
822
807
769
547
781
830
764
53
236
165
66
359
285
340
513
4
281
380
213
461
946
321
314
71
834
175
415
128
698
264
798
872
71
568
419
204
750
535
609
987
701
27
698
986
368
211
343
649
591
908
462
889
581
129
960
416
656
727
896
354
991
695
226
415
263
998
619
13
533
581
352
234
608
50
573
976
614
268
978
205
176
792
447
110
921
759
526
930
487
422
284
830
469
511
245
84
861
217
450
394
798
802
981
406
205
554
735
819
174
65
376
350
209
823
812
131
583
338
61
422
113
697
252
582
560
498
19
421
67
469
816
865
271
797
623
828
703
710
647
877
775
376
579
985
551
392
468
486
82
881
908
547
578
161
482
139
11
501
560
78
970
728
295
593
877
270
422
580
981
421
809
756
797
389
93
349
133
913
835
215
794
96
763
725
257
245
216
620
746
128
50
68
857
345
661
734
615
83
667
948
857
476
57
654
865
150
355
998
64
543
566
210
639
329
935
248
926
503
220
24
632
270
92
841
967
753
575
934
189
594
883
46
71
940
52
936
442
760
287
858
655
853
69
646
534
356
894
812
860
466
836
492
736
928
333
703
33
260
637
222
855
520
620
926
812
25
214
255
137
853
113
792
58
534
790
944
891
684
756
103
502
592
595
238
520
280
293
906
892
930
480
99
803
453
377
967
478
944
222
967
797
336
111
208
870
901
152
113
937
909
216
439
853
163
677
726
795
322
632
688
252
112
787
407
917
517
375
747
461
597
714
610
285
825
818
508
78
971
973
15
232
190
806
437
353
835
163
501
157
147
189
762
612
328
169
529
845
544
277
658
494
991
269
131
169
87
991
599
410
965
615
994
507
773
432
860
609
947
713
766
95
902
528
707
583
50
588
780
946
865
439
440
209
60
924
730
147
267
329
910
232
296
904
739
70
688
952
31
636
665
797
83
920
678
142
855
728
730
635
26
596
426
819
157
486
743
887
986
10
216
896
595
513
152
334
935
841
638
966
829
656
115
912
576
793
54
431
873
136
418
900
84
845
719
241
683
814
480
669
176
697
565
771
562
718
458
849
911
96
815
740
104
930
652
680
76
58
463
301
194
882
553
631
79
624
224
762
438
705
432
615
754
349
738
316
419
196
165
330
645
332
70
749
262
74
782
690
132
597
992
679
479
545
662
910
170
886
673
960
591
457
927
345
158
666
13
578
214
178
908
211
862
979
313
477
405
447
167
538
44
511
569
876
409
231
786
579
117
459
891
709
268
171
406
427
189
420
5
403
950
265
967
813
596
632
290
2
79
809
892
123
321
461
351
730
44
138
661
161
949
552
222
218
723
629
997
912
401
354
668
351
619
987
516
216
619
806
218
50
968
110
525
289
923
877
371
967
15
32
128
964
936
703
534
12
684
531
276
85
885
296
788
857
283
305
73
254
463
643
304
431
753
830
72
676
707
443
995
74
827
475
38
764
178
925
128
214
456
404
651
694
53
440
551
688
97
976
943
912
619
599
696
372
429
768
400
488
564
395
562
391
870
953
507
401
878
635
615
686
392
619
380
445
59
283
485
508
611
428
420
230
28
116
954
809
237
706
298
801
101
212
192
324
165
52
77
43
687
44
730
431
663
462
228
74
98
714
582
709
494
3
940
874
471
894
684
708
601
334
861
54
546
406
730
712
458
159
755
497
204
837
929
867
300
157
942
398
223
876
107
718
231
47
592
703
294
628
763
247
962
625
653
861
31
384
925
841
543
680
338
99
870
267
319
170
777
261
920
352
489
27
422
721
427
367
776
73
995
539
320
310
516
325
523
899
709
448
740
605
480
431
56
350
698
375
520
827
988
792
532
478
172
954
199
599
321
975
24
669
866
696
331
735
21
854
986
83
302
727
40
782
510
96
133
208
824
5
388
812
798
920
642
970
226
841
921
548
168
297
217
387
993
900
474
14
754
460
449
56
539
489
190
49
938
675
610
762
681
350
926
831
270
569
153
848
762
426
396
283
723
965
670
68
865
496
434
971
956
884
27
496
373
570
897
663
245
507
425
926
857
352
109
479
273
614
328
35
392
724
318
115
42
340
535
259
836
970
231
145
854
610
641
579
180
538
243
426
398
20
704
255
724
814
735
997
780
63
33
173
139
703
640
533
396
176
793
232
146
376
377
352
986
370
931
167
261
526
945
659
899
649
266
623
815
353
973
596
768
358
121
908
61
761
793
457
937
938
42
435
314
771
787
653
494
71
172
755
597
117
766
496
766
32
472
934
386
445
530
506
803
651
414
216
764
560
26
702
850
68
137
517
191
277
170
685
348
342
792
945
811
910
794
577
295
266
511
33
63
393
539
866
396
306
434
161
866
460
215
716
880
704
585
72
981
755
109
329
449
902
627
260
164
421
190
459
39
53
492
454
799
384
320
195
690
754
708
908
567
923
976
447
628
562
519
961
317
629
291
119
883
270
379
47
43
921
859
434
975
703
888
774
87
208
321
777
314
30
685
881
305
14
329
285
576
200
247
245
829
890
364
64
160
744
464
555
17
323
989
344
26
877
470
114
437
792
243
751
174
281
985
831
295
666
117
871
866
716
116
48
606
481
464
118
577
928
673
946
603
662
291
630
539
761
96
976
905
691
79
79
972
416
911
619
82
380
490
301
96
959
349
702
792
165
820
721
94
493
667
697
507
310
679
398
72
127
374
977
819
805
409
143
222
672
763
656
52
605
957
148
916
658
202
708
824
22
781
918
867
801
967
726
111
647
124
535
126
850
865
945
655
274
89
229
946
204
886
350
809
195
498
726
854
700
786
678
74
568
948
293
369
267
19
832
266
143
368
393
345
233
338
0
507
779
230
805
983
468
155
793
663
5
871
517
57
657
547
131
225
847
776
946
467
795
779
733
290
147
126
635
380
817
987
239
948
569
396
932
37
903
77
701
908
300
570
317
957
470
448
183
669
576
481
136
723
260
870
365
407
348
352
139
517
339
730
466
909
478
750
298
381
179
351
641
479
274
958
436
744
758
971
765
334
453
902
409
713
124
774
473
472
126
964
342
466
47
808
727
525
558
377
907
737
729
900
216
355
859
4
451
969
976
216
656
781
470
65
846
594
840
671
419
966
636
761
784
683
569
863
560
479
593
467
568
674
720
136
29
579
140
480
900
468
48
556
601
519
622
448
113
814
119
884
132
107
645
917
790
566
132
351
397
725
170
965
399
890
453
428
821
594
260
74
414
309
630
16
180
604
464
293
418
935
178
551
43
175
820
185
742
952
888
491
30
411
457
429
653
910
210
475
856
822
549
623
483
531
639
663
136
455
309
906
742
839
809
785
14
629
323
108
934
211
600
964
622
409
745
276
319
307
103
528
130
4
151
613
887
142
277
375
949
586
282
691
425
443
829
791
73
152
900
359
715
852
323
690
261
420
318
932
728
421
460
858
777
963
823
664
457
100
392
758
38
26
450
815
469
631
607
542
135
859
901
850
711
576
540
324
997
210
256
77
983
69
287
760
32
110
777
842
563
169
600
953
195
402
769
664
33
728
559
168
587
812
371
650
741
263
974
738
474
582
167
457
651
454
570
684
564
699
878
479
220
478
433
415
881
202
431
266
282
342
435
869
507
158
871
248
773
197
986
247
779
505
57
431
959
979
467
875
678
345
355
898
823
788
665
56
342
448
323
624
791
758
845
298
268
68
546
41
265
884
641
44
389
50
827
700
29
294
575
707
639
930
957
815
70
622
871
412
70
194
388
213
304
233
863
572
301
409
966
566
645
959
963
386
9
790
86
38
437
14
97
428
296
54
243
367
28
467
131
450
661
520
664
318
753
527
242
407
289
208
325
286
167
288
673
528
431
111
918
220
125
15
648
422
421
244
141
801
711
272
252
724
792
916
42
898
795
285
305
84
845
630
371
365
271
396
893
702
859
812
274
337
179
922
111
953
518
252
754
581
524
6
306
669
274
700
567
70
337
872
506
183
502
229
548
773
625
793
827
837
605
101
174
137
376
285
90
246
537
844
828
413
203
134
82
477
834
649
899
524
873
406
707
728
987
607
853
613
752
33
450
710
486
976
847
862
261
937
109
798
133
937
563
688
423
646
166
609
647
417
133
873
823
192
601
163
151
454
776
904
487
578
614
326
906
813
188
167
102
649
317
235
938
880
924
713
878
442
323
878
859
808
751
35
353
704
550
504
510
326
760
350
256
374
676
162
539
864
681
641
866
998
229
156
230
505
870
109
299
545
339
510
705
90
897
58
794
447
563
304
773
323
654
381
50
330
895
941
547
928
583
765
278
164
273
509
669
143
970
968
40
309
478
746
751
376
156
545
823
719
201
949
395
208
682
797
890
930
90
789
858
673
906
137
837
180
998
858
675
968
826
716
277
657
814
380
33
970
925
208
42
478
157
789
38
192
586
281
122
676
422
980
702
329
469
891
509
467
750
184
787
928
252
416
585
66
796
970
389
73
179
431
904
336
220
942
528
158
575
2
186
998
335
240
327
804
132
188
624
234
724
763
162
329
180
100
747
976
70
136
402
601
919
306
290
139
600
170
649
176
173
836
174
508
76
853
664
208
393
640
794
117
404
309
798
936
409
546
912
831
34
666
433
954
972
75
93
573
245
743
101
418
579
275
278
7
480
943
568
873
935
362
342
339
671
141
275
432
39
540
616
73
206
401
27
531
476
473
456
721
216
557
140
147
832
770
154
664
713
74
537
1
437
231
340
460
724
968
245
763
860
861
837
66
614
216
949
90
689
405
811
257
962
303
404
146
426
911
810
139
985
699
140
774
931
833
587
655
801
832
771
661
45
960
79
659
176
381
101
218
786
264
475
749
568
880
895
994
143
58
485
480
757
978
255
688
163
194
696
316
26
819
329
423
131
760
82
307
141
535
877
928
799
353
29
719
585
924
713
728
334
551
208
92
881
815
132
396
9
180
712
387
999
393
810
130
153
244
790
647
779
667
575
579
20
956
298
957
232
364
685
567
267
246
659
500
413
791
896
423
972
960
162
323
705
325
454
210
569
596
857
701
263
784
632
636
740
282
593
973
998
631
540
617
229
551
117
642
342
365
417
666
677
580
990
734
905
796
945
826
392
802
527
7
587
511
995
679
794
941
4
144
924
544
762
153
95
231
795
790
597
565
456
626
145
798
361
402
594
306
228
338
460
108
698
399
619
693
79
765
986
83
910
910
980
24
63
427
255
211
569
204
776
378
831
273
176
544
675
123
202
903
461
662
11
511
62
983
205
493
100
191
928
10
102
908
386
517
688
642
80
257
846
856
635
29
129
812
573
156
287
775
60
748
438
423
260
852
758
817
345
859
360
273
221
814
534
608
332
222
250
764
479
96
621
115
126
102
279
51
259
566
827
671
666
617
94
278
821
853
95
166
64
808
791
285
622
677
893
306
251
143
71
731
592
44
198
70
498
829
121
757
395
300
780
413
269
227
692
90
432
139
608
496
947
400
781
922
429
675
228
681
170
651
764
762
695
962
832
194
791
306
303
538
606
84
951
228
311
995
318
743
135
927
239
434
679
20
356
108
47
937
141
218
588
905
980
284
219
165
830
362
471
133
900
429
217
204
657
880
199
976
623
686
255
214
121
934
587
829
394
634
766
536
852
707
441
185
343
661
702
173
375
525
658
276
954
228
480
964
108
31
292
84
718
547
298
839
833
885
20
227
872
139
763
76
846
557
261
189
570
315
714
945
840
372
573
795
952
53
111
61
437
755
497
155
302
795
346
487
33
366
714
257
505
830
333
703
387
947
244
309
262
958
606
103
683
180
250
635
585
713
48
22
468
545
177
770
693
875
257
78
594
323
335
99
153
668
155
892
967
399
553
230
710
160
685
745
340
935
732
925
648
781
300
116
678
829
238
723
705
847
153
299
522
488
750
28
509
905
920
476
657
826
58
719
986
743
464
678
30
196
955
678
329
255
146
360
85
736
435
142
583
589
441
458
77
543
486
938
801
758
415
458
584
473
529
922
569
993
600
599
541
908
278
223
163
776
935
600
513
370
94
448
959
887
906
389
431
744
327
232
503
742
42
87
568
923
362
137
268
962
736
809
870
366
384
386
495
319
338
360
690
433
808
1
672
67
390
103
163
718
687
666
812
81
106
732
4
468
221
272
782
310
434
5
28
818
391
523
138
81
883
180
866
44
181
539
463
924
994
626
994
682
293
806
763
751
891
120
219
112
392
353
422
826
358
451
997
101
326
487
183
210
667
401
606
200
940
69
124
287
695
118
969
340
277
84
443
168
556
662
632
949
368
407
127
726
858
124
828
536
611
363
98
630
764
704
831
57
773
307
344
821
778
665
513
407
101
957
927
658
971
559
959
339
966
86
418
176
211
246
713
174
609
811
805
725
868
988
782
993
295
478
814
425
495
680
832
597
989
111
607
312
671
566
652
989
4
422
166
567
668
231
742
629
42
547
354
262
535
489
256
182
319
70
960
815
102
144
764
91
256
371
756
279
289
408
268
293
182
434
861
850
17
955
831
60
502
537
322
389
26
578
571
698
1
883
513
455
28
629
899
284
352
655
563
641
415
831
286
597
618
499
799
635
454
630
47
308
167
722
697
546
652
621
244
5
504
109
461
532
90
712
168
442
367
731
83
782
915
721
731
533
221
530
520
27
512
568
336
679
642
385
577
294
6
173
300
863
634
113
395
724
825
564
166
544
647
601
678
914
323
409
799
544
291
320
923
803
240
259
834
882
645
764
528
3
937
180
866
572
645
614
648
470
530
815
366
177
416
44
92
91
805
891
987
96
563
911
251
803
170
438
37
167
202
566
171
139
98
37
63
744
3
712
566
533
879
933
711
647
329
155
739
135
398
726
583
314
637
187
117
160
625
507
327
827
425
850
966
523
240
382
619
243
446
186
777
325
471
840
324
800
347
63
935
97
142
871
411
131
58
881
291
683
388
971
510
165
821
828
40
413
210
660
657
8
198
786
333
669
626
10
469
325
425
757
422
567
628
834
51
686
715
694
721
455
665
583
620
839
411
660
252
974
672
261
982
870
47
668
539
673
678
361
998
103
118
421
23
746
607
426
784
322
120
857
129
786
440
101
977
203
113
229
177
786
491
512
8
538
532
548
564
210
909
914
665
379
687
40
125
294
466
261
968
587
118
449
725
910
550
702
113
664
283
643
802
774
155
810
665
687
710
581
249
971
495
266
350
183
659
827
829
477
88
798
64
558
599
141
468
150
843
582
814
479
225
616
253
732
426
270
771
489
851
372
460
699
990
811
882
649
990
63
127
79
213
543
989
813
685
458
963
880
392
129
359
969
745
965
701
523
587
824
364
439
548
825
490
538
988
724
188
978
787
667
409
1
562
399
166
599
209
129
832
601
610
191
570
355
508
623
230
96
447
595
887
347
772
729
885
760
453
425
90
240
444
500
593
7
251
759
606
460
240
438
61
850
982
631
557
842
606
140
290
405
87
529
752
859
258
637
619
711
415
61
304
859
561
249
866
812
361
825
272
601
615
333
804
949
316
713
792
922
853
434
679
940
964
431
799
574
69
770
638
836
832
942
695
745
543
914
558
904
91
182
858
706
868
662
656
184
375
800
459
581
234
138
521
550
922
673
125
343
443
763
179
627
705
874
373
248
140
283
505
231
465
363
290
333
377
298
870
752
98
681
333
332
171
207
235
93
880
360
436
675
123
967
655
180
194
28
780
334
311
285
918
128
648
208
814
25
506
684
130
604
717
815
288
888
374
523
334
254
235
770
282
358
90
937
538
284
317
319
618
980
956
536
460
957
96
274
334
602
958
464
558
27
632
199
916
6
74
602
613
662
724
895
20
814
184
911
98
853
582
717
833
538
605
293
495
54
920
830
8
878
646
919
258
278
470
526
285
896
128
250
558
852
497
579
667
33
842
765
886
424
834
71
962
792
716
810
846
636
992
206
867
638
125
125
269
595
651
906
492
779
156
50
631
653
981
650
686
823
416
572
247
602
995
562
394
711
372
592
700
716
799
567
354
924
44
623
872
695
529
716
826
685
766
809
690
100
460
376
923
228
300
523
830
295
437
577
359
161
521
59
877
320
978
231
597
22
207
821
717
736
537
895
774
655
704
816
755
516
545
31
96
845
906
279
493
343
856
204
504
377
263
381
50
241
964
999
615
171
820
332
260
357
579
386
12
635
202
120
152
747
151
600
945
57
879
438
400
735
642
256
465
257
637
867
850
601
866
465
773
38
149
385
395
728
771
759
715
973
879
219
73
382
820
18
791
699
808
543
435
802
799
252
59
436
119
261
390
337
726
515
375
227
900
122
307
23
233
22
348
113
242
421
847
62
439
639
113
599
182
548
401
982
152
460
770
623
73
512
960
799
27
687
378
279
809
685
302
43
60
651
508
302
424
707
716
216
346
829
815
881
730
217
215
234
29
985
858
103
850
170
254
877
858
633
509
19
670
811
414
730
814
274
384
591
982
100
807
680
282
622
561
364
839
128
598
869
466
456
324
316
979
578
545
837
563
54
208
234
218
975
964
384
249
701
975
583
801
782
264
435
757
177
799
596
658
398
817
124
206
493
440
185
72
985
374
987
40
935
221
610
910
538
994
511
239
970
95
392
104
711
180
861
240
331
810
898
729
627
22
288
473
814
825
545
800
552
884
192
487
106
802
397
996
796
260
587
118
707
331
223
418
511
436
11
843
246
261
924
226
284
564
699
450
390
596
250
942
480
794
781
938
596
530
934
745
790
873
215
498
205
790
268
68
227
279
263
473
541
188
699
177
104
398
627
846
994
230
140
475
24
921
765
973
451
700
70
594
925
285
92
482
76
360
551
655
992
166
128
885
354
180
62
811
578
41
657
925
271
798
400
648
719
165
621
523
217
43
117
495
328
209
977
756
921
880
411
913
47
892
798
753
72
212
564
2
606
574
927
877
372
327
877
443
845
850
966
414
893
83
909
222
644
239
330
566
471
94
831
518
338
982
624
410
546
188
412
152
762
340
382
486
19
259
930
216
110
248
983
3
332
244
577
328
483
260
894
955
354
78
825
692
412
449
454
958
990
218
111
104
558
493
591
930
752
873
146
214
121
481
218
453
726
147
134
209
407
380
516
761
458
694
805
870
143
259
829
133
830
292
238
388
785
181
670
889
54
169
104
175
650
674
981
376
821
115
938
229
495
806
342
306
500
500
528
644
111
709
129
941
1
719
330
138
900
352
28
954
521
484
482
524
158
463
900
979
930
190
560
777
997
903
83
849
403
964
493
866
673
975
808
27
694
490
165
595
842
545
901
716
29
383
240
539
198
140
871
128
683
431
258
32
686
693
881
441
657
727
308
683
702
116
710
396
958
875
343
800
773
245
516
802
980
756
694
179
249
565
659
284
348
269
316
387
963
197
828
972
924
488
655
978
956
365
375
914
593
70
67
366
667
583
520
648
692
566
179
293
131
190
577
832
460
893
219
423
442
399
395
719
888
403
697
196
120
424
111
713
495
178
431
514
113
304
162
157
870
693
450
354
884
379
186
696
624
405
119
419
804
866
138
44
621
835
241
742
260
704
455
107
234
239
621
347
895
136
857
765
829
659
471
65
39
657
761
15
414
880
434
571
99
572
615
72
760
208
814
20
912
622
479
146
861
100
846
756
236
55
873
66
714
345
131
105
354
893
121
769
125
907
340
576
480
307
1
240
516
815
612
428
437
91
927
650
543
125
758
780
180
984
198
894
681
681
0
35
926
473
804
404
380
496
980
212
804
981
804
320
149
416
100
938
859
379
941
403
504
699
535
684
35
733
931
716
414
931
752
341
756
908
97
136
405
429
349
561
763
153
233
912
570
685
850
781
65
143
536
921
843
71
606
230
804
889
947
571
172
51
264
928
959
361
64
716
790
413
629
553
567
862
817
489
900
20
622
965
163
159
886
358
230
844
589
387
85
888
958
257
939
574
185
250
935
250
967
77
15
948
983
934
163
800
423
63
820
398
380
336
557
618
694
787
463
283
174
548
171
484
158
462
58
343
713
993
945
32
423
961
980
406
895
143
206
671
558
379
69
938
715
626
557
409
765
372
45
292
272
568
776
430
31
835
774
96
180
71
128
603
32
460
361
928
604
568
951
162
299
20
453
14
646
10
775
763
382
172
55
654
741
832
437
124
19
211
220
199
634
700
155
667
160
516
947
116
436
898
279
87
918
84
453
916
94
229
31
828
753
87
482
846
919
919
970
290
482
542
841
117
594
996
136
755
865
83
871
653
333
502
93
603
586
546
871
32
127
902
860
881
989
343
727
260
614
50
550
449
592
392
918
187
740
406
294
957
841
165
963
174
20
56
777
958
602
648
991
730
902
851
611
892
546
690
152
513
740
55
314
333
799
232
872
891
990
166
849
831
683
164
5
55
220
134
14
174
134
5
256
36
856
219
928
755
910
433
268
650
840
582
335
639
166
559
530
156
725
731
987
761
895
344
816
467
478
830
994
964
187
250
0
396
470
281
151
380
66
771
382
906
353
718
897
519
629
779
27
707
511
366
468
758
710
636
578
540
467
572
504
6
822
856
402
292
137
905
24
203
676
407
461
29
477
358
900
458
138
927
165
1
293
633
111
355
270
41
247
89
613
751
447
788
960
850
432
97
107
457
653
784
216
114
165
45
825
418
503
315
345
669
668
991
654
779
698
924
821
946
365
786
49
813
926
9
15
359
459
122
168
112
258
736
578
424
781
403
842
636
70
539
657
738
882
312
870
581
588
43
879
306
829
928
471
756
938
486
467
397
960
635
861
219
371
439
995
504
195
189
140
265
80
150
356
963
814
226
896
754
269
775
60
450
55
531
206
345
17
673
94
330
660
955
549
31
747
544
887
294
85
28
911
165
530
267
128
344
493
376
98
762
503
511
213
559
42
771
256
412
797
351
742
809
658
291
841
405
187
728
51
272
108
963
437
990
230
918
334
76
294
785
190
150
296
755
709
690
527
965
102
676
668
844
485
327
487
678
84
26
759
136
650
219
99
440
210
681
358
896
757
4
681
948
154
329
703
215
20
582
533
122
610
201
319
96
528
158
126
965
537
237
101
187
457
552
979
667
233
689
915
343
46
597
291
200
926
346
768
298
929
653
421
539
854
92
987
735
602
466
52
139
703
153
679
160
705
658
179
290
348
95
633
394
44
924
946
322
271
66
621
552
719
394
443
926
486
431
13
88
897
65
580
952
570
259
113
275
269
644
565
969
739
199
715
135
475
14
458
98
80
79
650
152
473
94
430
311
877
443
399
126
860
331
78
430
590
543
57
860
188
622
181
279
173
897
415
1
911
873
99
343
304
102
495
777
548
277
88
425
720
839
551
932
171
981
362
113
525
419
325
713
394
507
344
919
404
759
920
667
984
372
10
288
474
858
417
374
135
857
799
208
49
702
140
572
683
855
685
208
626
11
273
372
870
618
292
626
729
564
293
714
288
655
354
114
865
772
488
353
981
287
913
30
989
405
602
673
612
288
233
239
651
507
611
873
125
255
499
206
820
144
920
460
151
627
575
369
399
63
722
380
703
987
763
692
392
365
717
5
5
951
596
656
458
207
529
935
815
380
141
635
524
414
95
676
41
22
45
792
86
119
524
789
106
287
833
850
653
551
207
10
854
803
667
312
363
548
599
178
929
92
165
805
858
260
481
251
283
878
395
721
349
920
510
455
559
695
658
212
246
865
575
100
669
242
764
384
142
715
562
423
160
727
229
18
339
62
622
974
941
17
695
290
937
557
98
497
253
108
61
851
973
636
304
994
230
68
378
725
136
940
148
296
19
377
666
359
440
288
333
733
306
381
375
595
938
825
444
543
933
858
747
259
846
51
605
429
471
984
154
607
276
302
255
648
32
922
7
824
562
692
909
868
73
284
816
364
462
260
259
747
470
6
6
317
57
964
98
881
948
252
840
576
906
96
224
290
370
583
114
932
276
23
801
349
660
969
65
474
581
325
221
52
331
580
721
741
544
819
974
844
423
814
420
329
910
997
972
280
580
86
213
208
462
366
558
474
335
975
948
916
300
521
320
984
101
41
77
997
212
51
841
635
217
614
317
128
611
289
760
543
727
325
752
541
43
662
367
730
637
667
999
290
189
319
626
642
361
703
640
925
106
481
561
323
95
878
803
58
519
564
954
598
241
706
492
285
720
859
15
357
527
14
999
716
686
625
710
399
680
350
324
786
184
885
110
631
115
913
690
986
829
996
585
423
702
77
708
774
288
75
483
815
442
483
883
128
108
594
527
789
296
203
927
480
89
37
464
556
303
506
895
484
502
832
907
556
261
967
330
549
395
813
717
837
648
600
317
109
546
196
250
195
399
177
675
840
567
491
749
222
997
644
706
499
476
966
55
89
285
737
638
680
903
355
869
551
308
186
660
206
734
910
401
134
440
429
326
7
920
75
229
918
719
287
769
547
605
177
636
243
914
627
923
817
334
145
721
642
683
733
849
418
996
250
552
436
31
230
443
952
306
24
222
377
663
991
277
621
168
265
864
435
892
139
604
227
284
325
221
968
59
70
386
55
673
290
491
704
520
286
8
178
662
230
556
677
222
833
298
742
450
514
177
343
654
782
922
938
107
143
258
518
566
644
925
591
934
416
295
807
54
656
985
68
886
893
98
460
78
396
203
529
263
380
224
917
162
146
207
622
641
466
492
207
462
418
798
749
186
446
556
241
454
893
661
340
787
759
801
865
508
4
746
771
736
970
40
251
468
599
873
110
65
717
669
528
135
468
277
322
266
185
915
720
78
576
412
217
336
565
435
196
921
181
319
658
152
359
909
972
958
134
82
376
851
752
904
339
572
533
661
190
718
576
262
148
152
674
366
840
240
801
36
161
982
355
171
486
66
432
459
377
918
893
753
122
645
9
461
569
542
122
759
612
698
21
760
202
48
478
43
640
279
431
801
614
139
325
452
205
757
263
934
28
509
687
150
506
696
611
76
590
85
187
554
783
209
667
985
609
145
380
249
777
164
402
743
303
727
547
860
837
163
795
865
672
834
367
530
883
330
606
473
415
794
380
198
355
47
535
316
544
268
565
673
432
319
768
87
47
316
947
236
831
94
453
855
929
820
385
812
150
344
637
917
138
17
467
845
416
354
161
313
622
78
986
406
397
755
493
796
423
441
32
606
887
837
461
816
9
846
980
159
190
970
428
680
339
895
877
756
250
38
69
872
116
407
279
514
514
124
310
937
565
695
543
805
532
356
973
542
203
954
53
745
924
482
778
263
729
655
371
979
694
792
204
162
552
483
28
66
607
339
356
525
386
899
682
918
256
655
812
811
609
218
908
885
700
686
501
429
342
224
761
388
17
965
902
569
800
931
987
407
622
343
284
8
595
318
278
203
974
91
366
935
309
274
821
361
313
674
142
7
898
903
395
267
868
649
188
668
580
176
428
202
519
64
562
114
383
841
669
357
932
35
292
593
310
465
306
623
139
448
982
390
352
729
657
572
378
846
241
959
374
21
513
893
85
76
360
468
917
29
177
201
417
822
146
727
287
452
702
779
252
684
169
604
413
826
529
143
24
770
102
398
143
968
644
228
44
356
49
313
385
226
866
154
48
12
881
688
816
935
467
68
971
636
25
736
814
554
880
839
676
334
589
819
302
233
47
698
589
96
11
327
675
877
481
75
241
715
763
57
650
582
126
622
570
151
710
737
705
590
928
381
277
517
200
579
751
599
630
692
48
641
19
75
871
853
150
112
568
266
170
570
200
648
544
771
799
255
508
504
197
788
237
474
305
789
406
408
388
36
101
788
29
120
863
900
325
14
365
893
632
887
816
832
535
360
955
334
615
815
190
813
603
779
639
909
568
45
317
308
81
770
97
111
243
312
363
568
678
728
814
310
615
630
495
502
990
450
836
958
618
378
123
573
157
762
834
77
808
504
386
241
274
835
352
517
147
716
86
826
796
252
488
764
882
983
266
224
786
455
182
756
833
657
329
343
772
164
420
932
668
158
173
942
993
878
812
493
946
250
671
742
502
159
858
736
495
125
960
633
932
495
389
117
504
70
460
276
234
233
208
254
391
734
549
737
612
361
230
558
611
253
652
465
412
511
201
259
988
513
892
920
8
633
37
513
56
850
789
642
83
350
897
826
84
446
563
48
159
145
606
122
398
610
587
163
473
140
422
461
653
667
733
662
652
123
527
60
973
668
703
408
18
600
234
454
398
150
502
909
295
460
31
46
71
618
209
896
758
983
358
411
2
91
425
7
566
304
67
539
973
770
947
343
722
534
150
472
684
652
381
331
465
412
377
888
30
938
784
140
922
142
904
276
586
681
283
152
986
351
44
959
473
991
654
196
877
804
20
561
809
402
893
274
814
622
162
197
561
946
689
835
441
593
111
27
275
395
531
261
98
575
572
571
919
578
119
148
383
140
710
544
894
955
818
708
577
980
257
138
278
947
325
719
892
437
98
167
184
982
780
282
909
704
205
180
283
677
329
18
169
39
562
63
346
732
123
923
64
381
414
342
680
739
414
572
528
864
92
712
846
224
994
756
929
552
936
564
581
265
934
750
656
848
165
2
580
288
278
644
21
44
338
53
135
104
626
664
969
70
376
167
294
723
923
575
275
212
139
856
829
425
958
838
273
123
192
853
411
470
849
785
866
540
838
2
996
816
666
965
886
394
485
181
117
760
756
744
972
248
952
154
673
910
992
299
385
184
504
149
7
706
934
873
246
772
227
594
941
245
912
827
640
397
360
109
157
469
854
130
717
158
636
742
69
628
41
806
812
546
955
171
604
889
397
850
14
624
796
955
222
708
134
862
105
495
323
615
964
177
97
33
688
733
127
109
361
169
915
525
67
871
697
671
760
446
873
126
422
669
81
644
730
568
858
187
63
182
802
379
711
899
412
399
632
539
860
345
60
776
871
479
647
920
502
759
366
375
886
140
397
319
785
479
887
995
666
302
529
469
681
593
368
93
344
353
985
205
698
45
981
921
877
628
841
379
739
559
755
977
52
504
649
189
983
536
184
1
191
66
470
872
659
191
318
3
544
303
208
594
700
189
516
577
169
709
957
909
621
64
238
673
920
887
862
255
776
398
256
967
464
727
191
123
270
509
479
166
164
687
760
865
229
628
794
398
338
103
659
959
519
898
632
439
785
846
694
561
244
303
880
61
382
72
184
652
933
663
818
98
703
930
315
932
559
461
330
897
565
342
208
84
240
192
876
377
38
570
291
634
225
523
695
607
595
232
611
529
247
781
979
950
712
294
882
271
107
565
520
672
259
728
109
851
920
985
228
310
907
871
296
133
395
992
740
342
576
704
223
823
485
554
774
197
848
8
820
308
925
340
980
184
420
89
35
340
74
616
2
982
487
299
467
234
643
559
929
219
263
152
394
749
707
520
946
907
881
119
567
806
459
548
991
880
989
378
572
416
994
927
750
834
578
217
420
221
776
349
792
392
854
538
141
913
59
439
172
940
558
740
98
18
640
441
250
629
820
822
45
166
749
795
0
679
364
773
900
141
122
44
533
328
583
26
241
994
465
766
286
376
506
384
746
146
178
996
127
998
170
173
516
272
320
869
951
685
642
204
178
116
248
63
445
183
441
686
529
258
452
815
634
310
552
380
808
730
376
936
80
547
461
596
171
781
817
122
818
459
326
348
576
927
763
21
110
204
59
992
463
864
807
97
526
359
830
335
441
206
271
873
105
732
470
276
865
639
751
36
99
77
384
27
356
148
400
467
704
811
811
167
675
618
617
554
330
447
889
123
5
512
997
463
244
819
739
461
458
842
497
909
272
234
936
628
734
688
447
790
500
258
958
527
877
927
81
559
374
970
682
731
482
679
194
78
498
286
892
309
128
741
218
400
975
155
29
61
195
476
852
695
735
162
223
964
441
304
523
167
275
557
898
109
589
93
188
439
379
80
748
507
821
967
260
149
474
289
562
669
765
766
717
852
280
940
816
721
244
691
888
871
601
787
981
190
232
521
629
611
601
730
470
774
49
730
275
523
371
190
544
137
956
261
341
589
201
510
310
798
553
551
669
154
690
2
696
922
523
678
885
476
408
707
603
457
790
230
332
161
420
228
650
729
490
992
318
43
854
980
841
407
883
863
914
573
865
610
847
741
288
84
217
48
792
820
857
934
51
189
95
823
418
746
552
260
90
222
303
296
555
497
703
438
712
969
364
577
580
211
318
220
648
888
269
792
708
126
726
111
668
821
935
86
919
839
346
361
414
1
657
321
498
713
759
210
682
475
140
614
39
810
835
687
698
456
479
759
934
205
222
602
378
157
40
298
349
738
11
115
740
21
436
590
86
547
153
768
23
293
383
62
455
570
101
154
26
580
265
312
785
487
915
163
997
307
813
346
46
177
813
138
550
601
728
636
500
881
404
875
526
139
289
982
709
390
136
87
970
401
752
107
888
19
623
885
326
788
583
372
965
748
510
515
349
591
151
202
472
908
77
999
47
367
333
109
757
469
548
728
222
652
835
462
671
810
700
998
599
635
722
564
384
233
432
85
176
935
287
648
843
365
999
243
732
332
704
841
153
604
569
727
257
757
190
928
567
242
278
166
877
1
83
613
586
867
51
762
802
338
762
998
55
762
593
139
94
649
981
600
253
902
327
862
11
869
143
931
111
421
449
341
774
532
954
360
751
5
474
906
696
237
904
103
999
849
243
445
498
576
45
103
830
725
318
842
594
461
773
706
234
222
47
361
107
353
721
858
359
548
116
407
785
20
510
136
221
105
581
719
33
979
823
864
704
493
706
298
954
479
356
540
53
403
901
160
757
975
371
468
523
487
227
308
860
737
444
81
195
377
153
228
356
328
92
412
821
150
63
127
629
419
667
35
175
569
547
284
544
918
104
419
758
331
727
970
420
523
51
615
252
556
196
961
884
288
373
705
791
788
832
420
208
852
807
735
773
355
371
669
625
475
88
383
158
167
353
578
690
757
546
294
313
742
255
198
382
629
255
173
417
440
946
977
644
105
64
417
460
435
86
86
262
174
821
420
341
527
351
383
284
897
677
949
991
933
147
725
914
755
251
683
547
197
661
191
302
77
608
115
865
694
553
127
220
374
900
913
901
251
296
537
500
325
487
491
610
986
568
524
741
819
208
640
16
221
183
671
298
791
138
163
837
691
643
409
65
543
322
319
794
970
856
294
296
343
137
906
330
705
783
423
525
991
416
893
564
599
916
214
743
54
730
932
745
373
342
163
916
16
482
62
987
338
708
635
34
845
893
716
550
676
491
427
19
907
321
935
859
237
150
602
292
880
534
389
605
228
552
521
245
34
935
584
725
643
219
111
840
112
179
390
141
670
170
512
930
491
448
789
80
598
743
724
830
629
114
435
858
18
308
455
405
243
39
482
238
610
593
78
74
772
820
215
794
990
728
724
833
528
513
266
126
256
990
956
238
456
743
96
827
51
903
232
646
294
714
884
904
307
314
330
431
134
546
225
477
626
302
310
154
815
928
632
424
919
940
662
727
683
110
554
86
365
786
732
659
852
968
563
159
634
245
942
768
791
168
597
769
470
908
275
637
188
259
413
107
199
427
187
234
889
93
320
254
232
404
913
84
724
828
244
358
74
538
479
217
706
76
339
528
336
614
518
525
874
931
984
425
711
171
660
600
617
332
855
849
89
768
933
813
949
177
524
23
716
3
240
774
431
579
655
768
546
173
645
772
456
629
197
167
153
209
768
770
542
975
619
631
95
552
796
44
82
320
67
150
323
660
924
107
239
931
875
137
104
520
909
561
501
107
80
654
668
200
424
210
175
395
193
271
948
990
315
382
310
735
532
986
395
808
93
986
740
320
476
196
840
385
109
693
844
190
348
513
390
124
723
918
520
269
189
820
259
856
202
921
591
86
259
338
894
352
677
986
24
153
183
216
538
644
910
383
834
258
248
577
734
323
495
606
592
684
426
203
540
980
125
484
418
384
174
665
89
851
651
113
4
186
330
895
831
592
630
17
850
878
594
936
201
89
543
146
125
321
349
18
654
474
502
72
211
28
737
652
880
741
765
236
927
447
131
110
39
761
128
241
991
722
178
545
812
73
691
937
394
392
955
400
219
809
473
782
838
562
434
70
303
551
306
583
999
438
693
390
551
821
632
895
544
162
792
708
235
483
997
981
227
305
734
446
466
207
228
656
121
14
726
777
566
33
360
565
823
405
955
726
227
939
973
123
101
765
183
688
600
532
22
828
837
756
626
304
315
207
312
436
221
39
565
787
424
925
704
599
331
660
677
910
951
651
385
405
416
920
93
17
452
115
197
290
223
823
946
538
30
258
327
604
649
892
391
73
170
96
24
853
108
702
115
59
353
500
464
769
420
910
138
224
377
335
514
953
511
812
491
893
71
170
497
72
415
241
146
585
337
522
790
797
224
905
208
577
757
25
699
529
287
837
753
664
525
268
617
36
432
461
929
855
631
779
928
398
20
426
983
709
948
773
506
173
678
66
750
787
91
449
316
378
639
70
395
164
690
12
552
122
825
833
978
809
612
258
207
632
684
191
341
632
316
199
157
347
266
908
134
709
709
451
88
700
873
483
216
563
847
768
37
673
602
367
834
566
625
41
199
309
584
892
294
901
444
451
248
62
711
734
771
421
185
859
473
58
694
690
973
542
810
11
567
412
378
401
331
4
794
882
665
379
774
959
280
570
763
880
632
474
614
404
247
152
615
721
562
310
763
536
204
573
899
123
338
277
876
669
633
670
551
651
49
677
962
329
248
725
561
232
552
528
636
799
680
604
872
594
914
635
130
470
209
29
593
899
659
469
568
644
139
119
295
541
796
258
222
396
335
784
629
887
312
617
39
344
221
911
938
487
899
421
309
460
802
254
359
461
723
927
458
215
398
753
108
546
363
330
295
51
114
924
938
778
893
977
474
467
241
765
306
140
186
616
600
340
870
959
154
946
238
612
513
636
717
621
534
81
951
829
484
418
753
422
548
999
752
375
818
993
140
124
133
678
740
85
370
963
44
524
261
634
136
774
270
206
395
804
639
698
634
123
116
739
545
17
90
297
392
908
642
884
33
775
914
125
860
284
440
256
809
701
890
297
475
512
503
222
669
142
273
655
265
741
746
163
758
837
812
502
745
455
386
130
582
300
608
795
585
48
403
746
102
294
43
929
158
547
504
827
41
777
834
307
518
581
822
277
418
634
779
515
441
518
998
24
818
606
171
755
6
574
853
460
220
897
390
379
796
894
558
837
671
745
496
189
326
318
818
96
305
950
611
746
468
609
770
638
567
941
746
926
868
599
386
88
496
776
819
644
22
730
834
693
475
330
235
801
1
53
897
306
3
860
52
471
822
175
462
741
468
208
667
336
807
54
777
656
182
596
300
205
678
134
250
153
817
485
306
818
891
555
124
894
768
528
718
590
703
180
331
172
388
351
508
547
757
285
203
939
234
856
496
912
990
747
418
159
584
76
977
475
984
453
722
752
982
440
694
37
972
25
209
712
728
70
259
485
355
815
425
941
671
273
206
661
372
976
821
957
52
150
784
388
604
506
140
938
298
834
975
622
212
537
334
940
607
946
778
314
761
203
256
432
828
814
445
201
790
266
510
194
769
294
583
725
153
75
663
451
262
990
74
826
527
760
766
134
706
896
449
819
99
57
251
280
871
697
481
661
315
991
855
84
637
790
809
790
866
824
594
128
815
20
954
342
780
72
477
839
969
278
658
420
335
910
52
206
959
533
867
274
876
74
359
866
865
520
656
731
345
250
211
160
270
517
502
403
941
331
242
910
609
252
683
944
162
735
150
121
621
369
748
849
444
107
715
661
979
724
392
324
974
955
484
597
472
339
0
413
22
594
676
632
846
711
928
361
798
431
834
771
152
582
621
948
689
688
609
21
412
353
345
739
308
182
336
132
873
688
898
895
634
574
879
480
637
160
193
435
591
28
207
95
610
180
44
652
868
653
673
281
7
18
20
667
552
708
800
425
748
698
321
382
624
552
214
261
712
408
48
655
436
607
751
46
139
795
50
8
448
723
641
807
94
13
475
646
721
627
72
469
325
745
203
301
649
417
914
362
825
962
17
261
922
120
660
61
915
710
421
716
786
62
523
880
427
350
526
148
977
950
969
654
47
172
955
697
590
869
411
767
184
780
381
458
901
41
519
168
103
293
884
889
355
760
121
783
110
648
283
440
950
605
94
350
129
50
399
71
271
810
839
455
942
220
265
843
613
785
12
68
430
248
958
785
8
431
920
471
431
556
911
382
513
5
84
994
407
483
66
679
645
257
486
587
829
752
431
794
889
795
862
319
43
172
456
404
604
729
875
35
637
138
769
150
495
853
144
903
336
562
934
981
819
420
921
0
524
352
794
765
499
657
436
894
829
893
650
785
974
525
821
963
15
590
465
511
796
961
414
132
524
348
466
695
120
387
696
997
91
490
762
942
499
199
836
681
444
487
466
770
364
639
733
380
582
198
243
378
159
657
510
683
357
328
731
829
67
427
826
158
269
941
100
121
492
289
802
288
128
620
58
492
260
143
224
842
341
467
220
500
476
82
536
185
763
619
15
830
398
193
341
19
486
441
140
978
82
294
618
210
915
676
55
527
819
279
721
512
99
293
365
575
727
253
113
490
872
480
321
270
673
662
289
512
455
782
490
890
76
461
100
343
137
155
870
309
787
943
821
886
236
186
813
316
791
926
806
663
406
479
933
432
493
575
944
301
357
786
191
433
247
291
777
737
799
999
46
938
295
219
824
531
758
989
199
549
916
6
213
674
837
498
458
683
425
402
984
134
189
175
568
788
818
697
525
969
48
923
907
343
143
83
227
253
73
426
802
341
784
367
367
974
218
826
657
995
228
641
130
769
168
698
910
338
747
435
308
147
359
567
491
854
651
70
459
76
496
613
417
633
981
784
607
551
610
264
546
191
257
676
312
425
726
222
115
825
10
423
973
721
991
816
575
994
886
386
70
734
999
487
367
980
623
326
883
586
590
430
129
199
458
441
976
185
16
92
10
26
515
335
747
858
151
674
204
389
60
274
124
59
113
491
392
89
818
275
675
760
57
804
960
516
597
936
53
613
28
415
639
896
103
386
106
254
60
311
644
120
937
120
532
51
611
924
140
781
551
167
542
609
971
854
477
568
142
882
182
523
649
173
771
752
560
229
7
972
540
3
445
830
123
977
881
86
253
373
868
804
540
762
765
863
968
594
783
462
476
317
985
126
491
108
230
403
338
237
375
878
592
820
60
67
797
941
154
50
666
374
207
558
488
972
773
456
567
557
270
395
874
256
873
717
716
104
120
54
693
496
285
638
316
345
705
466
639
211
868
305
585
75
216
425
48
989
233
967
546
504
714
773
112
588
490
828
44
611
883
737
107
520
375
775
865
81
593
504
644
462
162
230
889
378
7
289
367
241
256
914
745
323
39
857
911
529
37
955
492
272
44
951
792
420
79
658
853
672
162
497
486
324
79
376
54
87
665
422
680
922
688
425
245
727
634
508
608
671
815
101
296
859
404
88
631
483
746
836
156
261
686
994
937
117
370
992
556
36
414
236
310
454
13
907
533
647
415
141
671
582
594
967
793
351
55
425
834
154
613
342
415
651
337
352
769
707
696
325
95
462
914
405
916
927
312
801
575
79
295
598
661
889
917
455
592
324
232
779
478
845
121
245
849
810
950
618
870
646
295
965
109
209
723
377
137
35
179
64
115
474
662
776
715
931
583
308
255
815
87
734
13
560
979
862
723
281
832
945
928
127
262
389
689
985
766
178
21
945
242
488
771
256
616
487
187
200
147
794
367
586
528
732
498
860
594
573
141
778
518
421
258
133
810
947
118
577
125
491
874
719
979
998
975
948
485
514
148
984
308
867
570
189
600
420
401
546
994
894
325
864
316
583
997
478
882
116
55
359
959
282
78
291
280
405
239
117
271
739
101
579
606
23
120
558
795
521
105
789
768
430
6
436
365
3
914
599
471
322
958
431
604
388
722
236
793
313
705
64
52
806
995
10
181
116
921
328
989
26
118
109
808
124
545
525
479
460
124
951
782
434
382
738
822
456
326
967
121
31
31
525
189
378
887
722
846
808
50
836
834
520
945
994
996
843
519
476
303
995
427
437
429
161
527
603
969
853
570
90
236
953
615
425
332
502
147
178
663
549
366
497
70
664
492
66
507
363
542
162
359
321
599
140
834
126
744
803
331
314
245
567
620
212
344
304
67
843
834
730
392
553
579
462
217
423
529
76
787
423
238
498
97
189
638
931
667
734
87
350
401
684
917
21
249
261
325
316
104
511
398
496
64
977
311
633
401
192
709
540
967
299
390
64
840
28
348
859
115
787
209
516
471
126
889
720
739
566
388
195
77
786
44
142
116
355
775
517
899
837
409
866
136
799
283
329
179
631
188
294
418
398
162
241
876
51
962
616
969
702
811
47
489
207
541
605
562
316
474
813
505
235
680
994
386
963
323
565
594
511
212
364
261
726
605
138
130
919
754
99
622
917
146
463
125
39
420
39
356
894
853
861
481
533
855
867
848
530
784
794
42
996
510
655
75
115
793
205
387
547
304
361
817
803
824
294
842
244
333
550
490
538
764
323
423
971
190
271
502
974
417
896
323
927
551
398
395
345
955
782
244
259
143
413
414
319
707
257
563
393
159
405
931
923
728
355
895
270
978
749
244
396
645
919
323
548
317
718
245
272
852
490
884
995
903
298
314
963
907
229
356
67
986
287
342
714
994
589
984
973
338
581
721
335
500
396
884
170
115
129
794
319
971
678
667
227
329
981
190
236
563
898
655
549
537
998
616
532
587
952
857
278
885
578
613
738
974
849
908
441
979
702
761
302
733
428
529
414
761
71
650
676
321
658
578
859
8
546
743
595
498
600
873
736
530
839
474
856
688
382
650
19
436
411
322
521
191
203
935
304
627
938
333
948
596
911
807
604
457
550
551
307
502
777
43
384
616
517
241
656
251
891
676
40
654
350
561
197
905
497
501
532
435
834
481
383
97
288
987
554
191
890
862
45
667
257
430
635
127
671
292
378
914
320
770
568
22
332
765
927
181
618
460
616
805
941
351
902
581
338
809
124
580
23
170
248
280
952
883
759
623
527
490
889
847
260
457
869
592
574
149
773
544
609
741
349
902
92
604
835
782
765
960
363
788
482
963
420
434
198
180
409
726
670
298
925
930
107
147
875
681
296
0
577
257
742
927
159
186
883
994
321
648
306
36
788
788
999
208
574
197
388
983
275
410
281
553
693
388
700
568
421
348
568
999
605
662
278
116
201
513
110
522
513
769
910
301
909
909
509
484
458
250
819
86
660
101
639
353
841
691
921
615
39
842
966
644
504
596
112
57
109
574
931
622
343
841
923
253
102
432
89
913
34
908
999
695
361
990
400
555
681
322
170
720
516
136
716
372
732
828
430
193
402
361
815
98
203
90
703
657
874
792
570
909
700
921
956
62
911
356
617
592
30
139
664
546
627
732
919
711
912
701
904
315
62
71
765
617
161
468
627
387
260
197
296
312
119
604
726
382
961
695
327
991
834
343
538
461
76
809
172
988
510
428
655
924
499
420
542
12
888
521
400
500
718
48
813
189
653
539
572
966
235
251
957
421
594
495
235
670
656
407
11
166
188
18
91
39
439
985
52
679
506
804
180
576
204
345
766
209
236
690
175
471
293
133
893
887
980
128
910
637
887
921
155
427
939
246
467
730
583
871
762
89
675
294
666
231
639
784
441
875
826
616
699
119
101
944
358
434
424
268
423
663
541
578
91
833
825
910
563
408
781
677
850
808
971
868
39
962
652
832
190
830
801
889
949
902
185
659
688
961
928
111
624
469
690
67
654
867
329
570
275
110
247
477
270
219
345
310
533
997
142
723
179
295
964
480
198
501
140
238
462
68
350
87
889
392
506
544
259
836
114
886
298
713
364
569
932
709
231
818
59
373
541
238
669
858
71
219
359
211
809
822
631
511
261
520
903
119
416
162
955
882
401
606
596
765
175
880
826
406
698
237
131
592
828
152
802
899
723
161
110
533
983
741
44
596
613
948
716
382
462
23
616
215
629
212
980
156
445
159
562
495
396
46
439
224
198
241
123
922
403
585
807
738
678
203
687
292
503
403
26
318
778
642
533
408
207
866
564
652
25
479
499
773
525
939
998
75
180
473
349
935
59
156
26
737
360
713
381
215
468
759
533
246
402
67
6
609
933
571
613
310
402
112
83
927
403
433
2
936
907
352
871
318
860
249
407
572
962
141
788
782
900
673
29
654
740
387
615
25
958
228
335
360
693
771
639
448
204
994
384
111
698
608
781
558
857
541
483
172
682
271
306
934
296
687
589
37
75
204
414
33
785
750
746
478
521
737
926
725
731
663
189
429
271
322
340
480
863
823
4
897
446
311
832
742
998
421
131
73
977
546
459
762
648
557
240
521
294
519
598
378
182
139
159
805
462
499
637
677
674
642
575
472
305
759
567
303
532
698
729
509
596
188
272
596
745
864
117
391
383
716
769
917
207
929
74
669
780
712
699
807
706
626
279
11
385
846
666
917
897
395
778
845
935
50
442
680
915
911
424
650
979
193
920
187
474
994
856
607
58
907
414
116
533
693
127
270
892
146
187
141
541
318
986
477
368
780
509
635
692
933
286
671
479
206
858
305
552
67
912
611
974
326
727
860
372
207
130
616
353
670
757
246
988
95
75
708
876
937
344
568
222
982
591
701
188
802
7
92
869
271
703
195
950
783
55
674
342
186
290
47
208
399
293
196
494
721
904
722
658
600
290
880
582
234
934
122
36
293
215
257
564
270
452
514
53
860
188
747
398
830
794
606
229
440
802
76
161
58
798
819
11
441
51
593
675
337
716
711
630
931
320
547
201
772
413
607
632
954
354
30
784
501
636
366
941
790
442
102
201
240
273
212
681
676
157
356
14
873
419
644
156
739
543
710
864
957
317
496
911
23
879
47
524
867
413
817
10
855
919
563
96
544
775
129
221
932
838
587
158
609
583
314
349
127
24
565
84
693
413
347
717
292
394
593
512
808
763
522
15
682
85
463
579
212
593
152
496
431
739
654
40
322
321
741
449
345
306
885
391
72
232
460
716
627
405
228
787
168
102
802
203
539
266
782
751
211
934
600
642
25
606
34
347
927
776
149
625
434
34
16
506
267
476
223
246
881
803
385
50
906
539
253
445
805
387
549
368
673
501
10
698
107
397
45
387
525
194
12
311
581
28
170
200
856
745
798
89
548
183
139
806
722
744
604
880
483
153
248
156
6
611
854
113
8
252
500
885
798
864
196
379
244
366
579
100
111
729
190
12
912
681
818
987
778
422
867
261
927
115
770
285
78
624
399
438
228
251
323
27
116
872
758
360
590
338
813
54
67
3
66
332
36
236
319
814
11
186
428
938
653
550
224
84
174
975
522
755
578
198
782
694
422
540
407
12
230
220
66
650
575
484
334
611
721
653
778
732
191
558
22
196
108
598
632
634
925
155
389
504
705
523
198
127
64
957
491
646
177
558
648
752
42
982
716
115
635
494
847
178
52
222
375
160
820
359
794
746
514
184
602
571
707
800
50
123
110
542
122
287
452
770
392
846
753
108
962
740
602
161
919
654
383
646
166
556
5
312
302
872
496
904
795
556
56
846
31
166
740
505
806
192
276
198
390
381
306
352
121
260
514
392
266
249
390
432
805
748
744
459
972
593
363
767
501
772
965
884
290
57
390
448
601
18
998
992
399
304
344
520
916
210
265
182
460
7
966
265
755
711
725
727
656
440
847
509
564
164
393
207
222
783
655
175
801
6
167
552
662
864
425
579
426
690
761
886
697
80
504
805
791
581
884
799
373
731
308
938
248
53
497
470
189
504
645
990
510
165
895
173
29
320
752
807
362
865
694
411
945
550
216
88
131
101
887
856
184
547
794
432
601
643
254
790
148
252
132
658
417
27
831
798
699
935
605
61
801
651
473
98
553
689
187
36
142
426
893
679
326
687
463
927
331
718
69
831
322
553
489
739
933
673
889
632
608
846
694
761
850
519
860
403
208
399
440
703
825
333
382
151
372
197
430
55
915
851
886
237
405
728
328
690
401
569
322
361
416
368
123
266
887
335
669
448
734
461
151
911
794
885
415
519
82
197
574
350
49
813
939
806
541
268
496
294
837
170
655
605
539
130
871
426
817
893
874
551
706
377
815
501
262
230
20
697
427
946
47
476
759
986
634
652
606
130
946
796
301
954
401
192
436
625
618
254
870
493
157
576
870
972
429
485
554
801
182
982
748
581
810
859
919
797
512
526
279
810
674
932
116
427
124
553
52
743
159
274
588
668
851
810
993
632
647
547
434
829
881
534
762
692
745
682
489
257
560
120
420
234
53
536
661
177
89
66
272
600
692
860
269
543
23
262
528
670
809
314
852
691
848
614
735
593
648
576
203
560
696
623
146
749
159
160
279
601
226
551
201
918
412
470
814
435
84
694
105
894
8
957
937
856
924
672
801
572
600
356
133
296
979
279
398
491
791
677
444
17
580
645
288
992
468
454
779
552
148
237
798
156
546
735
364
470
759
517
395
359
874
880
8
205
159
758
48
951
787
492
320
367
490
960
712
310
414
491
214
914
80
13
70
627
100
786
97
860
304
492
571
530
372
931
735
884
41
784
187
828
628
859
548
470
820
260
780
586
103
347
501
184
360
923
811
812
710
260
672
366
753
596
896
477
527
983
713
569
119
252
749
748
112
297
570
284
909
351
222
13
50
723
197
410
999
360
574
709
620
599
427
725
195
323
555
74
306
620
995
426
873
97
526
337
394
96
621
304
799
195
669
849
919
218
611
270
578
186
331
550
785
758
628
332
433
183
406
91
803
754
869
676
851
395
365
597
844
338
901
995
534
922
845
805
140
808
75
70
346
406
621
483
516
601
815
949
784
574
40
939
328
910
968
179
657
333
128
853
672
382
849
206
304
694
11
797
854
438
867
201
844
840
684
712
441
852
661
577
426
53
517
754
315
837
285
325
522
413
178
194
795
27
752
452
73
115
249
280
553
116
481
749
957
517
461
750
369
474
328
795
528
197
901
195
386
538
520
908
952
699
455
99
78
207
551
152
323
800
432
228
269
265
330
578
134
791
328
504
618
8
651
146
557
905
693
943
443
214
852
747
265
307
199
343
866
750
847
541
903
631
770
172
248
100
102
383
243
430
239
861
791
242
359
348
147
53
644
943
619
848
690
884
155
889
579
373
992
779
915
247
762
37
771
11
489
873
746
84
303
985
946
446
579
657
795
727
710
791
670
681
639
712
565
146
954
497
519
946
276
786
193
38
823
964
401
312
837
499
749
492
484
695
939
416
704
86
143
415
877
165
96
516
877
14
662
831
511
533
129
139
320
674
529
143
638
283
808
827
782
557
672
619
604
963
35
308
401
530
75
630
695
524
146
924
890
160
108
401
45
589
892
365
264
773
861
254
56
21
434
839
578
106
458
534
421
845
194
822
375
622
452
422
146
950
346
36
462
806
789
507
396
33
873
660
806
734
914
863
755
348
54
685
806
864
571
227
709
765
49
84
387
853
506
885
803
204
273
265
11
62
773
407
447
998
419
254
732
685
469
839
34
523
876
192
387
447
420
448
564
821
532
304
675
390
189
830
594
815
448
605
229
221
364
677
219
783
283
303
469
752
494
855
627
370
47
366
169
819
814
733
993
698
37
20
88
579
850
34
394
650
640
623
871
356
300
442
492
935
97
313
687
943
168
314
313
567
32
482
739
846
568
84
896
605
104
984
536
306
19
930
957
11
906
180
719
558
975
211
494
424
524
181
368
44
848
681
964
232
516
703
431
436
787
327
41
243
664
930
549
35
860
858
46
118
39
765
677
366
329
171
790
205
704
158
250
904
192
214
137
60
269
568
496
56
895
889
651
911
819
200
946
680
411
992
798
802
110
827
168
791
998
958
996
55
117
246
959
661
812
96
721
81
16
217
489
912
106
140
823
926
693
122
958
104
114
108
258
576
936
426
719
286
736
716
341
205
314
301
866
127
749
587
560
766
156
50
30
615
542
205
893
235
327
203
691
794
311
949
370
599
727
442
886
464
158
227
669
472
880
536
951
630
475
512
396
984
914
426
599
456
631
844
44
959
47
735
753
358
37
475
310
764
917
196
228
427
775
250
252
656
138
555
638
965
67
34
949
333
812
900
790
795
744
834
106
143
921
859
854
958
687
164
75
956
360
655
384
487
905
988
495
43
543
133
9
963
519
310
296
683
211
438
479
307
624
585
451
546
797
305
856
836
469
931
792
181
587
528
20
844
868
516
888
412
1
249
375
873
559
671
908
122
462
739
782
86
677
585
632
474
242
841
662
711
124
806
244
63
687
616
908
555
484
148
967
838
397
342
711
308
366
971
783
828
711
917
266
388
502
251
214
744
92
876
807
216
34
403
280
721
19
188
277
856
688
244
694
437
939
757
97
657
728
880
485
439
149
751
179
651
2
393
747
446
621
554
663
656
309
295
377
329
835
654
185
523
251
879
960
190
988
57
847
716
290
684
508
439
787
687
443
142
433
190
588
54
97
603
62
406
250
792
87
85
446
272
960
49
503
920
591
491
330
438
560
972
474
68
763
262
107
206
756
540
749
696
947
846
652
9
252
902
801
692
340
600
316
300
649
820
573
241
663
255
31
575
227
506
643
990
120
751
549
228
643
298
924
590
496
928
600
100
831
753
792
523
353
109
823
355
281
748
948
944
3
979
872
230
837
515
573
309
618
122
889
262
772
166
852
268
94
804
368
277
558
161
800
263
270
976
618
903
724
566
199
80
898
71
310
87
587
235
749
557
357
638
171
129
156
24
749
251
180
118
880
738
631
681
354
253
9
972
156
85
891
355
165
141
427
828
580
366
63
329
275
773
320
447
902
828
823
4
79
3
122
312
94
105
993
448
358
354
420
514
439
663
221
605
804
648
785
737
366
848
418
642
621
90
89
876
919
912
880
350
267
2
662
361
459
7
809
817
361
582
683
153
245
904
110
402
905
895
491
271
743
909
913
365
0
354
241
919
266
473
269
534
827
932
247
286
939
57
103
653
991
786
806
588
690
916
342
947
811
833
219
906
743
132
623
743
839
216
14
105
689
283
991
516
567
239
802
859
648
257
512
639
395
670
579
438
938
922
385
101
755
604
7
850
89
631
945
928
199
959
385
889
595
377
757
162
968
912
21
968
169
885
959
917
555
538
355
493
460
740
946
568
697
954
418
786
937
364
66
136
675
451
377
270
180
135
433
500
47
806
468
568
692
427
837
599
318
192
445
130
285
391
698
982
697
469
120
634
185
538
123
860
341
500
131
874
987
916
374
386
722
195
307
766
974
144
718
292
337
515
423
974
906
473
308
956
942
428
590
127
318
65
340
659
918
471
533
905
739
260
292
461
455
599
580
429
743
650
74
432
165
849
406
423
322
714
379
265
494
322
744
164
387
84
824
305
907
709
563
646
969
855
460
776
806
40
206
901
42
632
334
207
481
92
982
803
807
362
420
653
36
517
818
775
601
994
81
509
703
644
155
25
851
967
801
657
359
359
558
401
991
244
960
824
337
943
980
496
657
400
501
45
917
319
820
871
665
253
732
721
897
887
746
100
855
899
109
214
259
20
968
602
264
928
779
953
223
759
801
232
511
303
277
429
974
98
652
640
351
384
713
601
623
459
53
830
358
163
397
969
535
365
924
151
645
703
105
221
462
906
453
973
561
83
754
536
181
758
528
884
142
241
837
766
52
243
596
762
406
345
732
293
710
8
444
708
711
549
929
525
808
382
498
721
465
605
609
998
363
489
235
858
82
424
624
134
667
572
249
73
918
333
718
980
341
163
688
52
64
617
577
224
352
427
946
169
384
555
168
748
397
755
958
479
179
582
966
847
506
215
272
776
548
991
109
889
154
797
293
218
767
222
795
119
649
741
640
34
648
808
134
45
915
92
525
95
26
491
942
884
58
214
661
606
557
770
847
711
919
140
282
686
362
77
157
363
170
150
749
818
310
883
216
226
327
93
321
353
936
615
238
994
181
251
952
739
373
799
802
292
291
436
331
5
513
840
720
35
990
470
854
301
353
422
879
681
515
200
386
451
167
976
445
348
227
397
87
600
548
890
245
191
326
928
548
192
768
268
227
111
738
433
764
444
207
643
477
722
195
863
173
362
840
970
62
419
719
150
20
619
392
617
810
70
545
710
614
665
979
194
128
69
627
244
513
187
887
342
909
434
206
435
148
398
405
211
817
477
361
189
448
105
806
259
527
703
321
142
369
300
336
849
722
315
94
235
502
333
578
764
768
136
199
268
534
956
479
703
433
192
893
882
297
51
493
825
755
814
319
476
467
655
677
189
322
771
776
177
105
706
941
225
194
140
493
80
96
325
784
882
517
29
116
167
432
961
992
539
127
663
367
594
670
45
135
992
168
264
169
625
970
110
850
517
602
696
597
699
21
733
933
890
762
49
57
195
10
401
86
137
64
454
84
734
499
219
79
667
835
248
645
806
711
847
323
313
543
272
364
916
6
297
807
120
346
864
667
708
266
754
846
682
208
282
417
59
501
848
78
337
96
723
495
159
571
170
825
466
794
189
383
800
487
542
921
185
406
940
894
24
694
92
707
902
374
476
313
227
324
392
916
772
115
411
284
38
933
109
505
728
298
888
880
785
430
153
323
188
94
217
565
788
309
624
43
35
100
356
262
776
100
179
900
216
942
184
254
876
293
111
956
592
999
188
729
781
342
52
322
436
621
887
576
282
511
971
317
963
680
580
91
780
111
991
348
53
176
955
281
469
66
589
413
66
778
143
199
472
547
521
260
169
760
836
451
623
160
121
586
840
53
29
620
164
21
969
569
197
924
203
18
990
144
432
408
922
927
608
746
826
481
6
995
594
195
799
217
355
920
156
195
325
185
167
841
558
136
410
107
412
965
126
403
110
910
163
384
189
123
131
15
957
489
363
551
684
162
120
39
434
276
586
111
814
754
952
372
242
714
832
655
680
310
410
142
220
573
526
761
49
9
128
6
499
491
557
535
5
29
927
791
306
513
902
472
619
854
196
862
921
28
869
601
338
279
743
910
204
621
23
253
983
152
259
482
643
168
17
1
198
296
792
856
810
47
680
429
901
876
643
822
257
512
775
947
143
870
210
348
492
233
953
475
737
565
309
381
733
678
734
283
975
526
491
137
573
171
918
827
400
562
1
9
426
777
956
570
999
518
270
843
752
223
670
489
788
331
222
874
10
956
157
337
835
649
474
408
172
744
587
572
658
589
933
85
718
890
7
717
760
277
913
864
852
583
354
641
915
928
515
277
237
24
614
72
25
440
832
198
184
420
122
195
361
56
632
79
298
639
148
58
268
61
923
120
645
629
113
912
909
980
189
146
5
803
570
30
595
755
228
131
527
351
326
888
759
958
319
57
949
467
115
569
881
390
42
878
19
155
790
929
136
331
427
141
486
998
523
81
105
752
212
632
455
539
520
566
849
839
623
151
658
90
720
891
481
114
121
852
270
263
133
758
594
561
251
80
911
774
161
16
878
726
648
685
617
520
251
818
711
226
969
721
669
42
613
502
156
734
354
426
350
488
536
944
401
139
377
664
914
890
680
144
616
680
182
233
200
785
404
263
364
373
984
33
415
949
535
572
36
241
350
386
81
887
330
482
26
707
146
292
950
178
789
566
858
971
152
410
108
556
673
472
929
658
505
697
607
392
269
643
634
971
381
715
858
712
550
237
771
48
881
721
227
670
640
437
993
144
200
102
700
873
574
981
883
432
678
843
824
299
838
810
271
220
526
481
284
428
70
407
476
952
481
55
974
121
493
968
617
45
70
317
270
996
650
154
428
681
349
605
980
539
415
603
111
293
437
395
73
507
155
550
811
636
605
786
109
450
754
726
847
176
395
118
524
45
624
305
726
325
910
59
864
677
14
976
323
803
723
396
663
878
946
474
866
904
260
975
706
366
53
906
894
800
24
419
846
648
76
924
973
986
335
189
15
702
165
338
857
241
87
520
119
385
995
986
641
607
313
700
974
719
606
868
519
630
639
717
630
715
994
955
53
681
144
421
735
662
759
593
903
198
113
374
584
108
360
225
716
26
925
42
97
531
262
616
513
902
686
495
969
680
450
23
713
947
444
449
961
555
42
216
754
507
590
690
616
303
915
684
681
193
78
778
76
340
746
942
242
432
437
564
464
240
587
178
539
383
979
500
290
373
716
396
880
658
86
848
961
354
884
642
899
962
420
975
303
167
917
897
951
707
461
416
947
400
946
486
135
277
986
426
2
54
822
234
712
261
83
26
967
319
20
866
282
441
193
937
960
463
186
263
170
0
31
117
400
329
955
888
606
293
314
960
347
488
195
411
101
630
789
68
949
810
286
583
251
480
872
563
943
59
178
465
411
210
582
811
891
889
51
850
182
365
810
529
206
5
292
307
635
82
728
937
892
14
872
495
846
97
410
141
508
588
606
919
150
540
82
42
429
134
892
611
499
702
492
57
60
137
717
47
219
445
336
463
811
209
310
10
306
720
151
814
660
110
85
811
2
167
853
784
301
97
747
801
151
592
210
211
729
927
259
300
372
947
115
536
156
425
546
814
145
49
980
805
511
65
968
514
233
173
650
534
270
397
687
774
989
898
985
718
825
596
370
550
544
485
86
52
910
984
219
407
385
551
565
897
617
533
763
202
59
413
88
681
810
128
455
800
378
441
870
555
389
593
105
933
78
543
338
341
879
557
100
265
460
665
514
77
551
277
631
610
690
72
291
500
200
747
652
930
540
875
485
929
468
943
215
898
838
905
591
718
814
692
335
274
709
849
704
260
126
335
222
168
759
866
20
959
965
673
241
505
900
727
786
720
670
353
970
860
610
914
578
424
606
265
699
667
114
403
928
592
90
502
760
850
368
781
161
685
806
403
542
58
482
329
130
152
34
100
12
645
14
943
69
972
560
120
640
27
523
920
619
966
774
732
816
143
865
329
828
23
84
371
433
566
52
563
718
438
15
83
83
30
378
505
354
938
625
346
965
501
266
937
819
393
669
635
888
886
316
716
909
401
439
694
967
843
257
38
634
272
121
69
654
499
926
9
789
904
707
755
405
974
692
224
719
713
211
607
599
879
675
860
280
467
554
248
310
163
286
296
435
759
366
90
610
292
451
399
196
158
506
953
484
550
529
203
263
92
810
214
972
486
426
252
953
980
852
615
143
490
912
931
249
630
373
211
922
824
963
471
334
469
424
171
372
954
374
635
46
537
202
18
375
628
623
680
609
475
647
104
318
911
387
567
541
760
131
816
936
94
287
623
915
63
794
287
369
520
275
768
409
477
138
784
105
761
816
66
589
464
171
907
727
910
826
269
671
957
437
959
403
76
582
319
139
728
958
509
249
233
629
658
710
767
795
816
529
963
882
470
427
405
377
155
316
555
776
339
513
213
650
916
289
233
587
780
313
546
641
562
131
270
573
842
38
720
10
919
683
244
741
463
650
118
970
318
673
98
9
538
311
659
807
952
244
746
84
558
292
78
472
424
348
45
618
738
117
628
9
801
224
750
616
874
220
586
544
246
36
905
784
699
565
943
3
809
690
87
719
334
165
192
110
866
589
728
604
707
708
966
860
933
716
476
159
289
414
56
535
802
961
671
501
878
615
504
40
657
591
759
991
109
951
102
975
541
182
931
600
243
897
460
528
966
288
39
255
54
447
142
856
409
165
357
639
132
861
679
789
804
439
133
913
742
587
240
283
769
172
235
364
421
695
892
739
335
284
994
389
731
488
597
492
654
954
132
786
167
811
928
972
602
61
237
345
648
478
980
769
2
216
134
423
263
378
163
599
14
509
340
746
350
938
590
4
244
722
142
764
886
70
736
488
483
325
185
131
803
166
901
157
734
387
581
349
117
96
948
132
957
641
878
307
931
820
663
175
543
158
939
429
580
27
269
64
353
455
195
508
973
448
666
59
187
599
408
305
695
709
437
4
350
667
664
281
487
327
808
30
837
100
811
418
127
433
482
832
240
29
693
565
478
359
624
665
310
32
322
5
93
759
361
443
426
25
76
266
705
885
296
542
985
460
960
112
245
442
297
485
472
990
50
302
701
26
319
11
410
642
368
504
753
729
947
180
107
376
446
812
261
94
354
246
906
315
710
151
109
359
988
581
349
390
235
50
416
907
413
179
901
781
683
654
863
982
834
970
358
632
782
619
79
136
217
337
451
280
841
561
639
829
494
989
572
82
391
988
341
157
519
242
938
202
896
801
537
83
123
895
715
905
867
146
42
436
484
845
716
325
758
356
506
605
697
78
687
440
419
28
597
938
622
888
141
518
41
30
601
165
925
669
70
144
815
464
933
651
310
649
328
420
357
835
25
406
913
64
199
332
444
796
623
66
36
764
585
78
794
538
243
71
207
313
568
375
130
501
378
440
502
707
212
212
542
238
618
807
654
817
492
99
966
115
165
2
231
102
432
377
641
675
800
848
341
368
575
471
221
954
263
724
661
827
936
555
65
906
362
720
724
206
171
42
321
336
396
904
439
829
281
432
856
434
632
549
802
208
372
24
162
987
100
175
815
388
730
232
294
444
952
370
3
475
412
676
812
161
581
603
342
214
387
198
648
19
100
803
227
472
827
741
812
279
268
627
667
998
859
961
795
164
332
798
991
96
474
803
257
407
758
599
622
145
150
270
165
602
73
744
74
252
838
238
883
106
865
550
457
77
864
252
593
548
402
584
644
228
740
254
636
850
853
610
348
355
232
513
957
658
609
384
262
447
622
146
554
840
48
11
269
912
615
214
460
369
798
457
597
890
711
585
741
916
547
89
272
780
954
581
790
915
965
52
363
940
550
269
780
951
632
401
863
247
615
676
616
765
485
565
656
196
503
749
112
50
838
736
182
144
318
972
59
283
377
774
223
279
43
355
230
675
756
446
274
371
122
242
137
607
808
145
155
663
894
267
713
84
4
248
580
322
572
991
957
949
766
533
581
161
888
811
189
997
257
463
720
731
58
209
690
866
354
845
881
600
465
946
684
821
194
264
495
119
256
452
420
374
337
1
535
578
813
724
575
422
540
647
154
598
857
844
816
211
42
697
812
507
995
848
328
190
465
823
661
73
627
81
447
965
83
334
895
896
59
470
670
951
117
824
901
326
21
717
538
63
766
702
570
761
902
250
303
367
425
964
440
404
46
887
721
481
222
616
377
633
438
47
936
908
224
837
234
245
554
772
308
672
826
230
433
729
832
89
96
257
405
537
13
451
776
735
932
350
703
661
983
142
61
919
50
637
756
284
882
662
409
542
334
235
772
120
316
956
561
765
213
966
302
578
770
430
313
54
781
369
716
116
511
129
36
561
766
144
197
0
159
606
542
845
194
666
317
510
622
878
275
187
197
929
765
967
712
431
21
493
800
89
609
311
570
997
224
336
494
421
688
5
380
230
850
574
248
520
436
870
750
712
57
947
993
175
266
705
606
640
550
758
729
160
69
652
509
645
340
355
418
29
360
798
611
563
372
860
83
161
82
833
225
140
133
218
667
399
276
625
391
826
383
473
338
452
125
848
449
465
555
867
494
916
666
106
831
390
318
914
551
400
99
128
892
584
347
559
984
623
184
375
449
567
848
788
371
325
988
172
791
543
40
637
811
58
743
994
448
413
908
352
814
360
480
706
944
179
618
280
802
154
8
604
74
208
744
797
534
84
970
677
979
10
314
143
68
410
137
868
823
398
220
637
758
53
696
54
232
666
335
387
820
695
343
246
903
439
44
437
523
14
114
854
24
781
997
444
191
135
312
14
533
885
4
643
938
52
697
522
718
384
261
890
79
604
137
983
43
181
772
918
547
239
773
923
20
770
367
563
257
31
577
142
268
933
785
558
985
835
81
55
219
342
298
299
299
787
634
342
968
758
613
867
997
386
790
369
508
509
932
766
540
862
260
809
795
398
367
133
233
800
188
452
495
838
103
794
625
89
488
945
848
101
812
845
487
602
567
348
111
851
466
4
713
726
165
509
124
884
642
709
685
182
162
180
373
617
326
998
707
814
944
907
268
108
104
107
63
671
455
526
523
921
530
236
0
695
97
476
580
91
186
617
626
700
149
999
317
475
997
376
641
293
283
909
754
388
369
817
411
824
343
934
98
226
523
450
273
972
926
205
64
464
822
690
164
323
41
834
798
390
562
792
36
198
53
790
586
422
959
349
599
654
636
49
232
511
499
506
483
777
711
547
242
886
589
758
209
630
592
360
21
155
152
409
353
557
199
291
332
510
992
931
164
628
980
397
139
831
903
623
608
966
522
202
852
464
961
62
446
553
422
819
60
926
228
765
483
779
408
815
289
401
98
454
29
430
203
521
261
458
496
222
424
370
776
629
834
737
43
633
643
465
452
55
743
681
821
578
812
229
394
102
630
844
908
12
275
111
533
888
921
381
110
345
751
239
326
938
976
369
571
971
186
23
379
929
56
200
508
221
781
254
323
764
98
231
128
373
694
13
614
615
394
724
312
145
315
639
83
644
8
6
615
195
382
994
124
790
546
984
11
680
238
334
444
337
917
572
62
611
585
676
226
331
753
891
476
68
530
912
712
890
918
680
85
652
26
562
443
573
898
454
605
137
141
49
826
58
973
888
22
910
565
600
241
670
491
69
738
373
333
803
264
604
835
701
256
861
615
699
786
514
506
391
651
999
792
477
57
765
717
431
675
634
32
268
304
875
338
395
249
23
550
513
627
385
214
884
246
182
935
33
696
793
776
699
792
569
528
850
334
245
633
362
880
665
982
536
541
672
283
142
696
833
655
323
218
221
559
465
403
495
850
451
288
626
150
81
195
678
283
882
276
916
244
508
934
578
44
827
251
328
969
947
513
976
270
732
197
830
549
953
677
399
404
317
377
555
398
925
585
33
807
861
302
403
369
236
981
766
415
232
446
384
179
959
712
802
691
909
984
240
214
13
991
619
330
369
526
81
646
111
114
453
325
768
856
46
4
189
812
419
422
258
155
953
218
867
107
261
129
443
854
695
456
197
314
787
918
192
220
564
656
686
17
981
455
225
27
459
415
192
231
837
450
738
142
20
958
250
634
439
693
488
134
502
685
449
641
604
993
861
168
649
547
538
982
2
763
362
814
178
554
397
367
356
487
862
729
445
112
363
884
157
203
19
659
888
820
652
844
165
513
365
167
61
255
149
415
18
863
581
549
417
978
916
126
818
778
855
263
242
218
500
752
421
871
763
661
43
416
858
208
929
575
375
342
830
877
110
848
740
691
749
158
22
666
636
840
796
491
455
391
61
955
495
834
178
258
847
221
674
705
430
956
632
157
650
462
34
760
663
775
804
412
285
826
430
921
18
579
764
473
322
825
781
817
659
959
75
506
533
102
564
315
410
548
472
60
363
859
173
26
986
977
790
271
803
573
544
821
504
308
646
826
485
427
995
496
739
422
354
272
876
270
939
286
819
411
699
182
622
872
560
608
849
702
879
4
275
775
825
131
435
823
309
920
251
304
768
342
79
123
966
955
393
905
594
212
668
293
746
291
165
306
899
366
9
131
370
636
258
547
768
694
370
429
966
973
86
735
315
165
858
633
120
251
538
66
816
559
359
562
850
876
869
101
242
230
232
612
218
491
159
986
537
530
768
503
855
854
238
523
19
448
156
491
52
47
558
868
606
269
430
808
146
651
909
388
233
494
353
452
337
512
790
874
394
558
729
602
412
320
125
783
768
281
627
820
328
185
688
286
806
471
94
952
474
356
693
60
850
46
512
539
558
654
765
305
565
494
907
977
814
32
113
935
665
740
107
346
277
796
984
83
619
79
36
445
787
729
857
637
127
721
528
37
376
293
342
941
139
601
270
306
985
735
241
651
475
348
349
104
496
333
188
467
764
576
265
551
657
122
540
784
844
68
821
572
713
516
513
853
469
135
159
455
871
752
458
346
100
807
803
949
492
991
416
257
919
33
808
928
156
701
712
352
769
885
924
483
753
789
688
223
924
847
678
795
951
488
494
51
295
649
352
787
640
121
396
911
154
205
839
662
906
903
14
27
788
290
862
894
79
550
117
356
749
147
503
700
635
349
104
282
998
808
69
638
929
466
901
436
23
740
98
281
643
465
308
784
755
523
30
187
73
147
543
175
646
46
227
281
396
683
563
394
492
984
385
421
450
286
857
825
379
308
106
374
773
767
510
880
290
540
67
715
687
962
890
333
9
470
966
405
153
529
151
645
514
536
419
316
175
628
494
554
936
952
280
61
719
791
294
361
331
713
77
371
676
319
56
685
789
23
442
295
904
945
940
770
482
359
439
9
988
933
915
276
237
195
690
957
986
984
670
670
697
747
41
373
419
97
410
560
472
204
855
729
150
796
499
984
507
290
993
495
575
260
124
813
455
814
770
794
798
792
464
847
540
857
573
959
306
335
871
131
540
727
860
690
523
359
26
30
2
371
878
577
631
354
390
438
168
512
584
318
305
400
517
197
257
90
156
916
426
27
47
318
106
907
8
629
618
386
12
620
757
242
198
740
596
940
178
116
453
115
434
758
515
951
955
125
394
463
41
172
842
88
490
949
347
850
930
965
236
294
938
345
536
488
85
484
428
615
600
881
730
386
991
246
690
298
371
436
113
764
608
308
852
98
609
551
948
891
868
536
186
806
881
74
294
966
559
75
581
511
308
664
250
300
910
940
950
633
376
64
397
984
724
601
434
333
152
734
224
20
270
762
179
503
837
473
821
748
900
402
611
209
418
861
509
328
801
811
313
529
227
710
865
951
663
299
284
815
33
861
188
655
623
367
158
812
192
979
560
93
734
524
302
152
385
163
833
539
974
146
68
202
209
934
153
872
585
790
40
971
3
228
626
626
947
137
791
139
468
351
584
554
875
886
59
613
49
244
152
376
742
220
930
951
506
435
176
92
225
216
415
228
796
393
207
95
530
998
234
351
701
819
257
929
57
316
542
459
560
46
835
303
618
117
606
125
552
134
569
778
702
984
358
498
729
917
593
612
915
180
963
969
351
220
898
408
889
792
867
801
838
54
456
456
171
415
933
724
549
854
854
252
190
564
750
920
482
696
532
749
228
847
70
579
419
320
339
308
112
559
462
302
965
270
111
489
685
44
213
235
251
419
487
441
335
589
713
169
637
245
271
865
444
341
796
864
662
488
524
126
399
986
429
364
257
540
853
294
936
418
529
539
189
16
333
525
958
46
694
595
644
317
813
88
659
961
952
673
801
829
799
200
815
580
565
424
472
418
71
761
189
600
300
378
969
633
903
927
680
950
874
324
267
39
764
278
1
717
303
802
898
103
355
65
35
920
842
508
690
913
269
879
513
569
258
834
555
513
113
587
463
988
911
83
27
27
713
380
96
369
535
994
472
890
60
859
162
902
367
852
815
988
732
680
910
342
515
465
855
628
52
671
968
315
106
348
342
819
728
439
188
615
433
12
857
493
224
19
747
943
872
562
932
956
243
842
298
758
659
505
738
63
176
707
730
282
55
72
454
135
863
994
103
649
359
960
494
583
980
242
526
204
804
810
160
47
4
810
157
15
315
896
78
492
955
808
126
10
233
580
497
448
927
600
97
286
561
592
221
893
186
99
97
990
262
609
390
266
419
899
282
86
147
712
578
102
873
57
464
106
637
962
554
916
914
4
554
475
948
775
720
134
227
817
476
489
778
218
755
197
118
389
284
617
102
214
720
975
271
536
433
261
850
339
529
765
343
84
592
291
211
313
777
438
482
254
279
261
824
387
810
294
776
446
912
230
13
984
557
284
520
990
897
371
330
427
488
25
863
80
669
74
745
798
865
228
52
144
841
229
531
651
523
308
98
435
890
111
419
448
747
292
790
997
663
472
776
503
498
639
583
519
713
681
317
578
261
722
75
102
951
606
105
474
266
555
262
157
666
681
605
766
973
395
115
988
220
891
491
718
530
427
237
595
460
906
526
721
628
601
823
579
559
928
406
826
836
668
983
502
701
940
620
27
687
735
15
907
978
859
977
860
638
566
456
98
473
334
819
101
287
994
33
846
274
791
672
110
459
7
965
160
947
937
539
987
673
555
894
3
766
872
864
404
438
320
502
263
6
673
717
293
667
750
139
293
893
164
404
352
171
721
864
471
658
404
458
683
311
704
687
77
576
551
833
367
223
687
982
229
360
699
874
379
801
365
24
694
529
780
398
53
501
615
524
160
19
334
843
682
38
530
111
967
81
296
686
656
983
668
885
695
720
759
426
521
125
450
568
6
231
966
59
732
581
935
244
952
269
88
986
660
970
97
627
404
393
313
60
728
333
298
423
405
57
849
927
534
300
847
541
883
813
952
615
747
888
212
51
509
300
38
169
622
487
796
26
233
461
87
961
147
385
737
552
794
586
831
681
238
678
574
473
844
526
441
591
766
653
642
276
953
32
445
927
520
594
954
105
407
393
66
906
130
155
811
276
742
642
957
332
673
531
806
517
410
247
108
176
900
102
804
205
135
602
484
7
548
438
112
307
183
530
214
665
686
377
942
780
19
251
464
44
135
622
561
897
221
21
73
473
476
230
30
963
832
515
970
732
305
434
39
489
316
605
154
354
982
448
486
2
52
303
398
187
277
960
84
499
981
509
972
809
739
355
772
923
870
94
655
175
880
695
16
197
300
523
903
283
971
742
637
23
45
387
562
322
347
998
173
681
508
146
490
599
853
263
523
723
357
530
250
238
577
619
787
878
142
42
513
465
784
502
841
829
889
403
504
589
402
677
270
262
175
112
213
28
727
88
103
437
619
354
27
196
325
814
426
467
208
291
932
993
145
773
822
387
529
326
976
283
4
598
897
179
710
110
560
438
199
663
227
818
369
254
366
694
420
793
161
628
436
446
621
582
571
796
969
100
474
945
383
478
543
280
10
605
743
922
395
942
585
622
112
307
876
478
1
648
623
515
277
60
313
250
642
884
46
611
985
521
908
720
351
803
353
713
408
96
635
156
390
573
778
502
880
7
980
233
655
604
100
284
664
413
535
658
650
933
621
987
454
529
707
158
332
412
871
92
860
507
248
250
432
27
752
664
386
85
897
393
41
350
678
705
115
213
715
765
498
336
752
953
865
812
111
549
224
982
993
437
841
242
687
625
621
792
289
7
229
187
400
270
889
430
327
4
995
42
770
494
378
874
447
595
686
910
496
263
244
489
700
438
83
739
63
704
531
353
63
760
892
816
382
781
246
709
137
242
751
259
736
481
134
535
428
820
445
276
435
41
766
135
479
849
875
543
906
758
248
969
871
140
785
253
273
32
315
762
626
66
22
362
900
156
249
680
328
694
957
764
87
75
899
567
924
126
462
182
237
710
152
108
202
289
713
827
321
28
589
299
447
611
661
347
119
262
379
448
308
336
212
396
411
463
963
688
590
425
870
179
487
374
639
689
664
352
868
337
733
457
637
180
421
650
879
540
913
258
340
221
947
552
617
358
16
932
398
958
709
621
137
196
995
776
237
11
480
105
349
213
915
338
745
688
988
976
580
253
587
921
827
534
825
444
244
841
729
995
151
438
616
640
635
611
768
224
623
601
330
324
166
597
662
912
637
2
240
217
608
827
138
435
713
964
231
958
157
960
953
661
399
569
653
34
532
422
258
507
23
940
831
189
889
845
453
526
200
694
744
808
873
234
243
587
198
826
897
708
787
850
369
186
771
22
572
655
796
182
163
171
123
346
713
364
192
166
891
744
212
987
904
86
221
499
673
772
325
922
832
112
772
553
298
895
927
870
550
724
53
65
247
528
412
960
244
956
127
135
700
691
474
956
777
696
455
802
820
780
724
652
893
848
557
543
95
484
766
998
560
819
63
808
699
475
768
943
783
247
431
835
939
257
791
68
305
246
223
125
379
299
129
272
500
686
167
595
171
933
593
83
104
9
891
803
836
660
99
620
259
882
455
198
139
599
619
445
845
194
922
576
493
52
200
345
90
368
293
613
301
886
697
406
247
588
561
84
600
12
704
860
246
511
410
386
110
381
183
308
575
457
884
421
509
85
766
952
453
411
917
106
650
614
864
897
555
426
981
507
790
685
719
37
197
130
775
659
863
958
967
439
415
852
212
277
289
330
581
742
742
498
200
392
465
65
289
372
491
623
231
633
308
951
670
857
433
797
869
296
755
836
87
523
40
651
152
329
982
85
423
76
935
624
820
752
41
461
124
884
84
708
517
745
659
188
954
444
985
823
92
93
12
180
968
52
183
472
734
517
557
509
593
844
485
413
597
526
875
73
410
959
781
928
56
440
468
11
236
805
834
329
250
846
861
570
251
44
42
985
562
951
494
155
796
332
921
745
858
148
818
269
459
600
549
516
392
17
527
629
174
361
958
425
560
819
995
811
863
390
796
777
341
642
285
489
974
206
586
185
354
405
454
165
5
3
681
397
372
208
378
546
922
336
971
482
155
319
293
371
709
441
148
402
435
785
244
762
991
830
947
697
235
753
863
592
756
544
342
480
105
720
26
27
57
350
861
564
21
154
287
730
947
788
484
734
573
728
496
917
911
443
614
146
196
829
91
304
374
433
136
831
153
163
858
562
865
719
479
886
225
766
968
524
554
452
258
480
533
107
397
444
902
11
942
451
841
33
755
567
818
892
750
972
407
960
886
624
679
365
862
256
132
830
132
38
634
742
518
519
849
915
963
104
279
258
555
472
643
310
391
462
554
141
434
313
101
320
289
132
686
151
740
170
333
872
208
320
966
79
839
168
994
155
272
625
413
827
97
56
489
840
870
44
981
304
709
434
977
999
918
15
502
658
537
836
882
97
156
849
176
347
17
523
502
289
148
267
116
598
676
605
790
546
1
772
203
63
558
532
62
477
899
564
487
436
752
370
533
260
571
710
608
588
585
110
229
85
730
697
683
406
654
474
304
8
598
507
71
508
39
485
985
290
401
473
726
154
195
260
414
766
322
22
706
259
485
287
344
567
984
380
325
990
206
629
998
156
489
421
664
880
906
2
171
308
827
897
814
22
509
580
140
183
955
846
442
792
133
787
359
469
167
684
459
725
665
810
881
154
231
545
35
138
899
558
798
726
455
964
100
317
544
240
500
499
438
295
643
923
82
2
392
601
38
204
678
704
14
559
210
245
456
597
735
356
155
885
434
963
849
535
280
746
127
780
597
918
75
241
841
509
595
586
462
986
790
140
690
156
51
252
401
508
850
489
216
5
726
650
968
928
537
248
674
17
381
623
935
808
216
776
670
812
362
484
798
504
625
840
660
676
92
414
536
942
903
752
300
981
403
268
909
940
869
935
309
602
911
244
762
127
21
432
291
735
917
441
240
894
633
900
922
78
314
459
372
569
211
672
903
966
293
812
907
514
100
568
116
11
813
878
490
834
663
134
921
932
575
161
826
561
414
748
639
80
207
11
650
771
36
553
737
329
717
996
843
169
565
311
180
378
541
23
564
204
157
485
136
84
999
314
645
413
63
284
493
622
648
495
393
684
400
483
13
118
479
208
287
44
519
820
422
412
195
338
617
352
824
105
436
175
420
82
588
483
718
433
457
366
929
203
50
329
686
415
799
165
623
439
210
494
611
984
907
806
675
876
158
499
981
946
674
401
380
614
236
99
47
694
817
976
897
868
658
583
283
809
748
259
248
310
753
859
647
12
17
322
888
527
173
870
474
199
623
206
813
860
305
212
554
475
541
803
343
199
386
978
8
486
589
609
149
695
820
148
707
838
822
948
365
995
818
191
546
441
398
711
653
55
923
207
530
464
362
225
15
100
556
376
939
145
985
440
840
805
588
900
995
410
848
713
757
18
904
303
811
654
14
465
62
289
24
592
106
387
170
473
487
78
849
426
223
186
218
416
344
806
316
339
568
164
52
325
534
309
980
345
963
346
810
25
636
835
970
94
574
492
567
61
570
417
840
145
955
58
561
299
217
877
991
785
393
395
463
279
704
443
625
20
790
435
397
778
622
719
224
196
211
791
610
133
560
802
279
516
212
840
167
781
70
158
567
815
554
30
95
610
825
720
630
967
507
28
97
482
747
321
30
311
465
640
444
25
794
723
893
359
916
61
140
338
219
707
505
125
89
600
736
915
672
366
234
532
746
332
14
494
5
44
157
470
37
601
496
831
677
741
542
945
802
683
635
374
390
140
499
832
93
235
99
117
602
333
649
348
17
15
194
23
412
351
493
449
305
341
632
334
83
175
631
237
858
266
611
600
406
111
432
499
346
883
617
300
217
618
649
234
634
195
609
398
899
455
199
556
796
831
890
231
358
873
821
568
139
432
521
545
543
305
397
242
189
366
542
406
984
543
992
970
739
602
368
990
409
567
546
557
751
788
789
461
661
610
382
800
394
903
697
938
560
94
532
749
460
74
507
797
618
852
767
709
806
488
699
215
407
245
772
158
33
913
972
46
875
354
846
270
609
895
560
169
990
92
271
802
166
778
951
136
982
71
845
788
559
896
3
966
141
128
477
526
41
449
572
917
803
770
187
764
666
99
285
8
191
556
162
709
687
114
846
669
185
43
458
744
940
813
62
433
293
539
312
335
988
884
604
143
7
143
259
25
242
545
385
433
101
547
494
788
13
692
810
198
736
620
294
28
785
709
461
79
248
773
414
589
10
18
84
369
161
344
746
403
889
131
188
990
678
34
131
44
727
293
242
815
913
889
843
698
598
656
777
198
782
543
787
792
561
872
513
74
216
259
829
457
390
369
799
420
404
282
464
131
575
59
946
488
948
789
539
898
797
316
96
579
860
236
723
773
108
236
848
676
847
29
133
589
399
284
10
803
567
826
934
142
237
232
631
537
373
522
435
170
838
884
750
50
120
473
824
228
62
24
256
261
53
741
851
452
25
213
607
592
39
893
735
629
125
718
166
498
240
602
669
430
486
771
833
958
596
657
538
10
33
794
272
438
535
123
243
912
336
850
505
727
744
592
356
869
662
523
368
254
477
389
684
315
512
517
273
108
526
811
119
911
957
391
350
492
514
593
756
202
443
261
929
187
205
286
409
867
161
129
121
638
518
158
305
382
27
578
490
906
741
609
817
698
352
167
542
218
112
298
420
556
912
350
95
117
988
504
337
501
985
810
139
855
968
796
237
348
726
728
254
467
689
423
517
394
943
59
612
55
709
33
611
621
735
59
739
75
563
428
576
901
238
67
756
207
215
994
907
941
722
513
408
763
936
277
157
879
336
770
935
45
155
898
19
242
957
110
669
873
538
597
774
776
16
530
335
231
524
242
172
598
755
580
362
692
209
871
923
545
993
858
942
500
109
961
742
66
423
763
939
961
360
65
738
376
596
73
607
472
668
131
71
423
63
785
467
272
8
391
817
2
601
112
502
710
425
597
129
849
712
420
162
73
486
900
801
434
326
761
906
994
892
329
769
956
466
589
580
475
332
750
477
933
862
331
996
639
280
125
488
993
897
651
66
383
903
219
169
581
332
76
927
577
757
697
885
576
286
465
51
618
215
880
903
77
563
251
69
844
728
557
837
626
560
255
9
816
474
531
397
807
607
325
384
716
374
621
292
12
86
695
982
302
927
237
731
491
489
800
687
217
710
524
843
622
779
205
438
605
736
188
764
695
513
500
763
239
121
408
603
208
103
585
862
383
822
593
226
663
746
913
881
456
437
76
78
216
633
517
173
721
705
938
768
570
438
532
161
560
940
764
768
395
701
630
778
523
575
4
187
321
917
420
777
706
848
208
274
482
725
448
203
782
386
972
704
824
856
217
736
796
981
856
543
682
486
674
557
414
30
96
735
300
868
865
6
717
73
281
199
150
81
754
284
467
78
340
643
934
557
380
82
538
236
626
572
75
652
129
489
682
578
576
982
446
793
341
163
218
622
714
720
55
821
356
522
899
696
165
186
605
897
268
143
134
246
67
561
898
549
402
581
127
330
915
573
124
256
89
694
230
155
415
285
976
771
159
876
820
325
62
425
574
682
921
60
929
988
621
827
889
375
760
16
706
676
942
182
284
383
876
515
538
643
800
515
767
960
743
939
637
805
364
563
487
285
624
768
626
597
596
867
973
708
884
31
384
178
213
669
561
441
536
451
85
336
966
204
648
709
143
637
866
859
553
706
497
177
474
123
126
422
342
99
131
226
130
515
756
695
536
669
137
72
473
574
761
439
778
761
501
273
399
719
132
952
425
629
481
252
104
607
674
447
59
805
25
541
673
134
237
209
803
726
282
276
300
395
68
430
156
921
703
907
640
187
211
418
817
692
670
273
652
344
720
711
502
746
604
175
232
841
384
35
567
18
664
219
413
84
649
922
5
704
829
997
892
41
415
61
85
437
334
89
134
407
152
988
505
757
163
737
950
899
124
518
918
140
737
683
224
739
605
229
443
787
579
687
180
346
100
617
136
787
707
270
194
211
258
51
968
773
140
919
672
264
789
942
405
526
978
629
265
935
211
61
722
142
748
902
488
201
872
624
988
579
246
534
790
856
585
111
629
77
30
302
341
819
596
98
697
574
80
315
510
643
376
232
785
476
487
625
677
359
602
17
290
848
551
432
705
488
543
686
565
925
340
259
744
937
357
794
511
789
109
373
432
485
958
569
313
445
195
991
156
797
8
798
997
912
230
54
752
774
741
318
699
81
929
796
18
638
590
882
428
51
255
212
536
213
782
849
10
329
192
518
126
553
316
475
817
899
530
569
25
271
239
76
352
168
872
723
159
814
957
587
865
564
799
753
130
933
955
492
262
147
11
740
52
679
216
869
930
746
439
955
369
678
32
73
199
256
796
358
71
105
297
936
670
448
42
152
734
997
644
996
144
7
89
549
39
305
418
969
403
209
277
772
240
661
845
791
917
994
149
988
99
798
277
121
598
319
625
332
668
270
329
164
629
770
713
668
75
484
990
830
693
619
602
933
280
799
724
197
793
225
538
245
375
167
718
974
838
344
306
506
966
987
670
595
757
384
616
184
220
958
14
913
577
968
199
857
120
275
406
265
853
944
862
228
111
581
202
949
277
861
455
595
848
478
542
958
214
158
142
434
468
509
347
45
829
898
254
301
174
661
567
27
957
429
255
69
362
810
370
639
671
826
586
871
656
129
181
870
639
324
304
108
185
3
153
366
902
760
668
428
773
235
807
730
16
414
799
379
224
522
370
247
700
957
471
356
86
652
226
725
328
882
185
513
237
339
232
491
451
252
919
224
839
726
954
855
141
106
234
717
628
957
965
328
914
436
36
352
88
614
429
417
496
615
282
733
306
866
225
109
118
496
333
957
223
287
813
716
745
399
433
725
356
750
53
622
538
441
326
627
55
108
396
551
723
30
637
381
897
214
490
367
710
175
325
285
462
490
353
560
889
139
285
598
889
691
572
428
132
899
407
188
359
155
91
434
185
728
815
434
294
657
802
5
832
479
642
646
969
996
206
210
487
844
160
376
535
733
156
667
984
915
207
343
422
651
129
960
731
944
394
26
953
548
383
785
27
25
783
348
373
990
559
212
834
71
589
721
804
97
740
140
365
948
835
787
599
964
99
330
260
494
708
213
394
91
350
774
469
134
122
194
476
33
407
662
105
348
383
261
797
123
402
162
423
589
302
374
554
401
57
166
247
765
732
642
857
82
416
678
568
890
872
44
924
631
706
29
979
441
290
129
917
44
291
340
634
945
67
540
347
124
58
946
241
790
588
98
873
356
128
441
599
353
838
523
984
544
904
316
338
546
445
255
943
88
947
929
386
14
469
85
490
879
31
732
670
972
182
543
328
311
336
279
664
174
154
0
71
410
668
409
957
465
664
252
906
611
181
292
978
2
377
468
881
408
200
551
380
383
446
61
46
783
340
62
957
847
414
380
257
83
789
566
548
805
818
806
769
351
98
747
353
475
567
235
236
768
138
968
503
585
29
901
720
722
963
29
921
729
410
178
812
199
745
713
5
915
519
774
267
618
873
620
445
440
207
33
560
698
2
415
283
383
316
355
457
631
384
378
361
794
909
525
346
6
238
703
921
110
829
540
80
54
513
525
494
72
911
55
770
265
822
405
648
491
760
458
122
145
188
835
291
97
361
989
103
951
44
377
61
873
269
141
927
782
19
774
855
930
181
625
547
3
31
195
494
143
5
969
640
194
804
284
643
517
273
99
469
318
476
882
543
97
24
823
880
395
949
87
677
130
712
224
485
95
419
332
591
777
301
231
971
457
515
614
975
141
713
796
811
541
678
354
639
54
529
871
449
478
958
126
960
22
350
446
470
122
778
61
251
431
644
222
888
160
188
215
301
254
363
464
147
42
170
786
448
700
9
250
530
967
376
491
342
79
289
812
553
419
873
804
850
517
378
90
29
918
306
682
172
21
146
320
415
317
458
864
369
820
114
899
787
842
742
129
273
31
293
178
802
166
982
652
36
712
95
417
631
401
100
155
774
598
827
190
915
638
54
636
458
520
888
597
362
630
79
988
14
372
166
816
539
501
821
927
565
916
344
196
669
796
704
443
395
531
633
662
169
39
651
979
559
539
577
274
521
656
262
535
28
780
704
919
633
877
198
199
145
895
747
166
691
451
609
438
335
595
453
856
986
104
836
546
995
413
172
516
421
434
404
449
566
460
721
200
337
919
399
482
166
146
648
858
598
609
648
285
556
453
141
543
909
977
89
904
742
613
421
515
47
177
317
965
637
38
165
326
309
564
160
476
63
160
686
13
769
686
298
678
140
439
221
49
769
662
954
863
275
727
379
674
256
696
639
893
734
157
219
395
721
379
871
136
539
909
149
660
596
799
338
736
591
911
137
360
925
443
223
200
522
602
226
778
650
866
23
384
23
594
132
96
325
355
585
216
265
734
877
213
886
567
949
477
831
438
837
756
882
412
309
756
367
535
535
17
401
910
754
776
505
886
225
830
241
810
47
858
896
276
71
782
195
372
259
26
811
448
135
45
861
444
801
228
979
688
597
733
951
351
509
456
237
86
638
831
896
685
689
793
313
761
927
861
485
187
887
296
635
22
693
848
466
847
76
798
535
26
531
838
377
40
294
967
127
933
798
375
970
839
520
636
952
448
497
438
635
384
86
622
759
780
471
577
627
899
375
514
925
906
353
655
299
999
622
778
932
420
153
255
611
674
891
564
474
740
2
109
476
88
83
587
220
906
165
199
158
892
714
435
151
419
90
450
418
712
580
703
484
733
310
448
759
553
12
233
293
366
694
121
806
130
709
27
36
874
226
194
766
292
982
917
711
72
719
482
137
299
537
973
385
847
421
496
752
433
82
397
799
776
518
958
906
227
985
295
101
563
841
220
856
823
489
919
248
209
753
385
860
290
358
245
489
132
94
593
565
176
990
717
304
509
675
211
736
12
858
838
575
699
410
783
875
899
55
123
460
808
860
321
451
570
918
292
702
364
886
620
540
876
337
845
385
364
408
122
728
266
312
303
317
722
439
544
973
846
667
434
6
879
107
457
450
377
102
152
742
340
772
634
216
461
479
954
177
239
428
905
857
92
561
175
166
0
71
139
198
91
925
204
970
384
14
420
114
116
925
208
456
49
842
24
511
674
330
688
913
758
946
771
850
507
298
16
859
369
508
57
460
785
261
783
170
275
555
284
743
480
492
199
882
686
576
745
360
906
785
274
17
731
45
219
238
695
588
97
416
96
506
877
881
768
12
403
395
567
39
139
400
531
690
634
570
266
379
930
525
164
204
542
896
601
761
486
648
349
936
65
797
442
294
31
562
306
434
958
225
826
449
977
357
139
611
279
406
990
210
283
155
766
825
403
720
938
889
368
640
825
433
789
620
727
820
182
385
607
492
611
433
941
588
142
433
200
422
839
542
984
474
697
750
299
452
470
589
342
839
229
519
624
371
491
352
191
26
737
150
518
700
935
812
641
430
245
841
852
436
383
188
910
433
938
561
885
761
150
579
600
732
451
576
455
942
928
998
968
18
149
839
70
84
651
711
866
248
904
718
684
640
906
946
73
197
507
310
958
9
242
910
93
693
486
548
635
767
547
604
137
48
795
207
484
446
271
351
46
175
69
730
167
328
676
592
877
535
903
835
544
145
97
990
838
583
538
825
702
437
781
839
485
576
399
970
22
670
321
68
197
742
150
365
422
178
957
299
713
212
486
610
709
583
600
899
519
490
725
573
928
506
413
765
83
164
735
457
186
408
878
383
151
28
100
925
207
410
225
272
974
63
234
684
999
186
583
518
29
308
91
309
815
856
74
250
20
810
707
206
570
585
942
73
966
394
999
525
804
576
797
779
639
384
815
638
570
398
508
599
59
952
908
226
160
335
476
533
497
183
91
67
121
33
141
87
780
140
612
936
716
761
67
707
497
882
346
68
281
206
19
692
510
280
918
671
615
394
204
112
929
295
531
50
681
672
137
461
164
101
397
880
215
465
940
712
347
638
132
980
844
152
672
355
784
590
378
751
336
582
215
266
229
746
316
910
419
806
371
935
259
121
168
474
938
108
539
637
746
671
970
942
175
642
297
959
585
27
62
921
609
277
539
839
24
208
101
795
366
825
730
625
946
898
452
236
6
343
873
104
14
843
47
542
838
696
853
423
724
916
696
685
193
588
524
217
796
978
12
162
803
95
139
749
993
591
337
352
934
210
456
301
406
503
843
244
552
696
19
276
612
67
961
158
655
838
375
451
816
740
965
619
835
105
720
180
696
57
532
983
619
341
284
25
196
479
621
748
527
640
24
140
708
338
650
715
528
25
519
696
765
484
667
952
589
387
133
638
796
665
973
767
6
609
145
203
88
766
303
967
407
328
459
467
18
109
534
898
135
53
594
252
890
261
205
831
0
690
469
148
355
794
915
714
403
60
269
843
827
572
811
586
252
270
405
622
380
939
520
867
993
114
119
235
375
676
66
375
366
536
523
74
682
791
140
86
851
409
281
30
333
92
616
586
715
21
208
447
313
729
314
658
843
785
893
571
462
959
298
180
847
174
606
530
965
746
968
816
155
249
199
489
694
815
427
409
189
635
856
502
716
522
160
912
307
53
483
121
364
133
654
212
307
260
94
272
7
62
441
514
663
640
355
357
807
134
118
348
770
326
850
838
200
362
750
508
767
585
981
132
719
635
696
26
896
790
651
255
204
92
121
867
84
829
577
891
963
47
592
85
374
442
924
926
157
26
434
276
612
416
760
683
403
456
61
651
598
712
906
154
156
380
22
240
209
951
484
172
998
76
258
724
870
534
651
379
560
437
656
524
205
768
207
609
577
621
260
175
333
519
682
842
899
56
434
108
7
918
632
357
346
890
82
569
776
85
300
337
522
956
213
728
77
773
689
654
394
301
181
79
820
863
921
719
919
356
179
926
626
812
284
325
54
718
894
831
803
194
520
677
503
733
757
580
506
446
234
252
748
767
332
920
631
605
992
550
961
523
829
940
335
465
265
742
183
159
925
338
705
445
15
208
530
773
140
389
571
726
641
671
494
325
592
125
931
936
27
244
459
856
184
147
321
449
889
856
608
814
194
666
259
562
226
141
687
367
530
258
93
172
282
939
849
226
64
780
162
444
25
621
300
209
768
974
11
9
182
971
823
377
637
434
291
864
576
978
583
458
588
28
630
870
968
480
96
384
612
258
828
989
232
481
551
0
807
562
10
989
533
185
718
523
972
9
387
548
339
322
6
928
350
989
798
318
821
895
703
785
505
883
775
737
716
326
90
523
888
452
865
773
637
583
296
961
945
35
861
284
357
220
212
708
209
363
378
382
610
81
167
115
317
942
205
33
620
295
909
508
99
774
634
88
357
282
50
654
318
911
939
27
131
503
735
692
218
114
74
828
547
594
296
216
888
501
250
509
148
159
369
599
285
3
687
642
286
737
649
956
1
940
983
132
795
71
825
14
537
251
842
436
197
490
653
86
343
255
947
843
414
316
442
699
672
130
693
310
219
694
266
220
634
601
705
430
24
882
444
561
133
638
998
683
129
3
769
824
258
716
668
24
384
110
723
56
592
768
718
812
463
336
384
449
938
89
879
314
971
323
876
457
314
226
140
795
229
909
619
839
977
639
863
361
750
938
770
694
58
488
858
521
825
243
971
115
684
202
429
656
526
657
465
192
883
605
987
464
866
958
655
195
598
518
908
700
456
678
394
515
519
605
388
344
848
711
811
884
914
240
892
792
250
357
984
485
962
323
950
180
281
605
375
231
476
284
931
932
314
678
799
833
283
540
529
483
251
340
367
517
933
260
661
183
969
997
668
284
320
970
464
954
928
192
185
756
828
469
40
142
147
840
976
782
732
857
265
983
198
984
853
483
596
514
18
566
512
686
202
184
9
666
490
289
210
676
45
38
497
85
181
996
277
509
778
9
366
395
345
916
731
198
399
328
64
417
246
928
456
800
465
817
466
955
106
29
983
503
67
480
588
600
476
218
461
254
227
828
1
572
96
733
122
848
413
539
617
11
819
425
811
284
242
629
240
700
658
223
555
78
56
144
678
532
714
140
139
941
320
140
866
416
225
340
616
638
231
234
1
51
11
812
335
606
794
575
306
452
151
862
530
207
358
561
91
72
701
230
365
373
723
583
141
948
276
758
939
507
344
292
558
707
457
246
313
251
821
620
55
324
834
938
531
544
499
975
968
552
205
685
277
280
269
418
581
545
528
872
404
224
164
963
932
621
561
245
872
382
217
280
59
403
218
942
299
69
917
267
621
475
953
250
755
574
668
336
471
197
208
875
421
373
190
705
346
751
951
571
486
520
851
897
924
69
839
575
490
757
843
463
232
148
713
339
74
381
676
545
930
236
772
704
961
315
409
308
418
712
879
256
585
82
153
861
503
345
436
993
454
279
456
38
779
169
377
853
902
405
750
833
642
875
889
955
542
298
615
312
363
846
569
948
928
74
809
431
771
597
776
225
229
232
263
8
753
993
214
656
398
316
841
392
543
730
348
85
380
963
398
743
810
319
43
90
745
204
522
517
802
298
742
31
883
358
391
636
351
957
644
101
274
485
494
817
567
842
255
948
157
5
43
319
324
439
410
421
643
932
938
797
582
33
180
817
743
924
454
446
881
450
547
155
936
41
325
855
235
580
803
745
585
199
64
261
638
474
34
633
758
325
431
693
710
963
510
453
887
964
251
769
415
798
276
703
192
601
910
779
533
714
524
470
913
589
83
903
415
118
536
174
795
967
867
505
931
729
310
170
694
561
939
461
359
568
516
903
521
426
683
55
492
207
877
757
148
313
660
916
431
197
442
578
516
661
83
799
390
393
970
436
954
261
897
665
181
765
569
703
544
252
110
36
811
987
146
312
300
158
228
83
355
670
661
224
331
96
375
73
489
697
510
795
959
759
813
140
525
382
195
421
986
305
809
149
645
955
461
297
114
41
733
821
711
394
397
394
843
773
468
332
470
978
480
781
737
293
274
614
27
469
35
365
775
845
514
772
152
328
69
618
369
802
440
433
549
837
179
392
962
647
76
433
977
556
214
67
201
488
681
580
958
69
945
85
266
812
857
770
140
278
389
861
433
181
294
982
370
474
726
333
473
802
766
451
711
980
870
264
821
903
845
131
972
790
216
590
954
425
361
94
55
102
956
488
283
602
822
653
76
548
986
550
703
104
353
414
437
223
30
258
126
875
741
451
18
309
393
972
734
106
419
141
208
727
630
491
329
452
497
406
353
835
308
56
940
13
822
729
588
852
339
66
80
80
517
98
389
263
422
475
369
841
616
578
568
598
421
250
403
270
656
756
106
316
812
398
329
634
127
269
486
466
335
566
898
205
16
287
468
439
762
189
632
730
767
553
329
541
803
732
163
811
488
621
479
300
371
160
286
850
429
124
316
764
691
566
969
59
853
789
850
967
979
483
698
98
388
27
991
543
759
155
706
599
776
185
251
148
697
537
998
126
661
667
242
704
233
212
764
439
1
966
406
332
801
104
431
189
483
422
84
594
577
790
193
706
327
444
206
24
333
556
502
347
223
745
403
809
309
167
600
662
486
6
995
287
463
426
477
946
200
913
541
778
704
86
836
383
883
42
760
568
598
262
915
174
359
319
335
668
838
935
683
324
293
678
612
108
456
441
407
656
354
300
786
410
386
622
146
269
16
906
838
615
520
105
141
232
424
476
252
615
763
935
291
408
613
903
869
421
696
276
78
51
576
864
813
314
839
959
936
855
217
126
470
90
231
963
322
8
791
574
623
906
510
266
667
475
170
536
897
866
164
327
269
740
543
435
406
382
394
342
238
964
468
60
54
700
24
728
60
167
302
35
74
164
301
741
640
823
629
889
42
793
216
311
885
759
98
291
494
845
634
732
809
102
144
215
154
520
943
214
688
245
249
114
762
903
855
402
726
836
643
768
629
859
432
514
970
530
805
464
375
439
548
536
894
693
751
48
213
694
615
253
292
864
367
54
119
222
808
846
410
451
614
39
662
46
553
632
929
711
449
304
502
997
841
396
690
944
445
256
639
412
509
283
276
877
337
396
451
145
594
862
948
208
253
610
607
159
242
536
870
43
192
372
41
385
121
83
330
918
691
321
330
201
604
606
430
941
354
233
438
948
447
386
509
53
348
468
212
942
356
82
986
900
806
27
286
927
462
968
845
154
289
175
355
893
134
137
186
840
722
976
141
522
714
2
575
62
470
787
4
178
221
990
78
27
369
364
307
832
332
504
986
973
32
693
218
166
182
404
358
904
732
499
426
446
501
1
860
323
140
865
501
361
207
580
741
577
296
400
761
981
904
747
306
936
792
525
454
974
281
813
230
14
664
657
812
518
10
25
193
151
242
695
864
449
627
957
378
275
357
139
608
262
238
915
550
30
440
5
356
73
170
587
87
834
596
252
704
606
277
898
109
519
945
326
320
572
283
699
199
641
190
808
255
429
75
805
811
515
162
168
588
332
755
28
519
351
632
575
309
261
473
771
132
418
97
452
342
732
503
894
373
694
702
980
123
777
786
934
644
300
454
584
985
209
964
856
912
948
431
222
209
905
993
341
675
442
794
370
174
649
264
900
343
318
232
818
447
18
105
91
319
559
27
656
769
344
512
33
292
943
255
502
200
600
195
876
394
341
246
569
991
862
821
334
180
53
505
627
424
610
70
95
521
97
751
642
441
615
676
86
558
931
588
759
532
783
987
926
125
585
847
468
447
20
802
979
426
659
606
202
269
676
297
791
125
400
433
919
15
109
5
925
393
593
36
277
728
23
203
205
960
403
673
759
775
828
738
201
487
696
755
109
372
52
252
850
804
685
769
171
147
774
97
540
719
133
817
799
157
372
5
469
127
30
229
903
210
319
456
50
16
212
511
388
616
763
590
421
448
359
944
947
133
41
487
204
175
656
4
684
29
361
153
508
743
734
411
954
54
220
356
70
432
867
810
400
630
401
173
430
760
118
730
246
159
569
802
686
226
806
370
607
167
876
115
263
610
879
217
16
99
925
86
883
144
249
283
774
650
457
556
762
575
286
360
86
856
163
773
434
321
495
41
841
371
508
104
334
387
673
350
486
950
789
369
94
38
5
220
40
462
776
154
389
415
867
827
623
382
952
57
703
448
450
896
819
310
0
505
698
25
856
536
975
997
258
69
387
263
641
779
77
418
933
818
185
152
645
160
534
950
569
590
398
19
486
569
329
839
75
379
864
283
268
192
280
526
613
19
141
255
798
570
25
83
740
562
236
737
722
770
687
291
360
85
310
847
655
991
38
82
723
902
365
991
446
997
869
412
16
362
667
814
932
44
249
672
606
485
409
328
256
97
619
968
182
281
167
189
624
205
271
699
460
988
690
906
985
911
318
353
273
337
519
205
381
769
229
987
254
639
667
862
88
638
831
622
919
998
812
896
204
435
595
664
424
638
922
761
549
593
115
823
930
986
28
664
755
258
3
10
249
23
872
337
661
55
311
933
54
475
829
610
911
776
626
687
414
548
448
964
141
915
787
424
902
167
440
657
777
443
19
26
818
244
715
480
299
27
413
705
502
242
315
765
18
941
452
785
842
253
749
335
168
536
111
422
55
551
432
833
347
803
859
165
47
927
645
699
306
410
404
160
4
72
926
375
365
730
160
207
983
909
543
504
797
6
278
852
558
710
685
257
514
897
422
913
176
420
612
482
830
369
642
187
793
920
562
158
651
722
718
986
631
613
842
428
619
121
632
177
183
318
786
697
215
561
963
391
333
927
225
163
296
219
702
441
140
264
600
143
986
670
481
969
283
324
397
902
797
382
432
980
700
218
30
267
131
993
10
464
920
235
980
569
454
682
362
946
947
962
441
933
984
923
255
267
599
652
522
396
386
954
728
86
524
110
353
656
103
715
120
376
950
452
297
757
135
659
55
82
974
497
367
958
420
622
578
371
627
100
767
13
406
847
452
930
958
157
938
413
873
411
141
823
863
438
932
998
450
988
432
776
485
152
86
257
774
664
628
753
764
747
119
170
594
571
453
904
728
743
318
601
154
811
777
370
602
709
720
52
49
153
180
534
305
266
143
431
931
771
537
47
870
656
218
817
579
23
721
307
766
391
261
273
203
38
643
805
99
363
209
149
516
389
35
173
7
179
957
938
302
494
986
525
502
556
342
81
931
415
740
697
159
1
970
714
391
613
871
491
977
80
992
845
821
27
371
828
558
328
119
213
174
457
738
28
13
80
461
944
847
201
993
6
555
964
72
946
929
943
789
258
375
781
456
548
161
827
729
719
507
848
932
33
305
670
61
670
102
522
966
302
75
311
660
630
627
733
929
557
676
718
167
404
852
623
952
13
802
681
84
309
881
17
342
186
39
755
208
494
629
526
796
705
190
456
687
817
541
968
726
218
687
246
974
891
869
926
256
672
608
340
333
489
709
28
28
749
783
588
595
413
467
391
470
657
199
509
826
93
478
553
663
517
799
637
408
20
563
664
44
523
356
378
13
66
406
393
167
541
333
762
306
800
505
776
809
56
286
636
149
764
189
812
633
340
449
41
712
13
57
757
536
413
135
901
831
893
646
998
434
980
760
741
780
617
869
590
674
155
578
175
271
119
988
904
459
789
297
171
802
354
928
691
120
415
944
951
308
591
302
95
571
62
836
703
32
705
645
706
213
223
881
836
342
221
741
801
11
390
325
165
745
605
208
217
373
153
520
681
96
822
128
19
237
964
722
269
22
368
327
587
591
560
423
934
782
516
87
145
907
764
310
652
370
871
221
743
24
741
776
472
564
905
491
153
221
213
422
595
933
749
182
877
661
958
163
795
474
250
940
381
367
603
385
737
474
606
832
850
700
960
674
616
217
165
769
439
730
191
386
16
292
921
893
305
879
56
101
705
658
393
87
25
348
824
114
822
783
946
24
483
259
698
451
476
215
220
267
298
763
6
314
407
927
207
712
158
615
165
215
273
559
654
299
907
479
765
82
262
64
458
97
323
509
548
799
724
120
419
22
883
425
688
642
352
247
354
862
862
520
77
136
431
732
787
690
563
904
772
825
968
583
274
291
92
174
443
816
646
862
191
881
287
231
523
991
479
229
205
341
749
282
829
532
366
968
223
929
873
347
106
841
930
732
485
22
906
928
191
904
142
734
785
781
965
308
124
444
538
329
138
639
963
967
524
330
288
747
611
161
446
718
354
377
450
191
399
709
471
942
613
613
676
751
746
994
59
870
790
949
551
928
941
515
248
465
197
536
212
808
49
658
878
755
387
329
947
139
390
418
81
355
384
110
106
130
104
518
1
246
467
904
175
408
771
775
873
968
311
437
129
712
448
359
467
835
40
766
974
430
185
408
786
569
518
892
699
974
410
52
220
230
957
395
638
80
522
864
49
833
301
530
897
749
889
717
937
930
483
911
712
668
319
850
589
189
95
289
163
857
693
736
87
2
483
78
83
6
942
484
191
595
366
89
697
255
806
634
537
641
897
602
662
569
452
251
110
547
540
274
405
586
362
492
588
845
570
23
851
864
507
43
812
873
484
509
481
642
495
18
283
392
620
945
313
425
549
424
972
441
50
377
27
412
870
968
257
792
991
461
9
499
856
821
724
340
682
205
334
177
576
969
921
548
267
235
973
816
11
946
257
61
675
637
825
897
605
434
690
596
895
51
447
751
872
172
443
906
729
129
83
305
99
356
854
718
943
179
534
954
477
143
367
153
780
192
50
385
627
92
334
874
143
781
626
367
305
421
273
35
903
708
340
2
65
546
72
8
78
958
315
555
101
682
708
882
875
111
619
854
203
305
728
699
87
706
66
744
480
692
779
383
400
472
737
817
370
809
178
800
767
493
356
868
175
416
102
402
527
74
256
83
379
337
782
818
43
200
563
523
892
694
906
645
518
995
814
889
804
992
41
571
485
397
792
13
166
894
415
45
320
24
128
700
713
262
870
756
463
433
632
707
480
890
704
998
886
871
239
690
863
281
614
701
30
406
714
196
652
481
242
325
857
722
377
570
337
247
679
152
33
663
211
513
553
916
863
791
139
455
834
2
88
800
55
118
558
121
667
210
955
261
887
812
983
264
735
672
512
414
824
897
429
36
410
982
304
625
126
443
80
960
797
168
760
205
639
318
326
306
880
281
567
120
446
902
384
533
575
248
947
751
145
376
787
907
710
443
533
188
886
965
148
36
486
260
241
477
930
567
783
163
201
702
283
999
956
19
532
883
268
831
635
765
207
774
673
269
218
558
458
104
875
958
492
713
571
733
190
853
653
973
368
854
27
651
205
984
23
737
867
291
568
502
56
127
277
81
396
847
639
206
303
515
517
796
228
440
881
771
293
534
744
662
740
124
665
945
108
688
682
327
331
250
182
740
377
811
821
126
658
813
684
961
680
553
757
260
993
639
31
639
525
128
653
266
252
670
211
712
711
246
39
42
496
221
134
226
32
956
704
690
769
740
4
801
294
113
61
639
104
93
630
630
573
635
896
825
306
459
537
17
705
928
411
554
150
546
132
182
854
188
225
975
928
229
776
574
694
837
566
799
282
196
429
855
832
677
32
490
488
921
859
546
850
270
452
0
816
584
534
22
124
111
997
52
692
773
979
387
963
545
186
597
93
615
805
277
644
837
119
132
759
978
678
961
249
130
961
417
714
847
440
190
959
789
595
651
915
574
38
878
471
224
827
916
191
632
546
835
822
665
968
933
644
646
894
245
777
855
14
843
54
806
34
13
596
629
665
511
555
55
741
378
280
568
294
471
201
840
307
375
858
627
308
502
273
202
99
402
409
113
598
463
920
984
829
868
965
494
379
520
549
120
898
181
40
192
5
241
385
664
968
243
291
276
97
916
830
548
319
591
13
917
407
285
253
236
153
218
82
884
738
983
4
988
165
45
532
170
638
917
186
959
512
477
235
961
393
418
509
64
9
875
333
416
160
586
652
314
804
86
198
894
70
555
882
235
952
415
757
590
684
943
549
549
772
137
510
165
555
372
582
916
247
915
333
407
502
337
73
658
424
272
553
494
827
435
81
131
202
190
721
239
485
623
788
257
112
650
774
19
22
356
935
621
272
620
381
126
310
454
784
734
78
689
580
257
125
13
388
679
555
462
918
40
85
58
297
549
709
71
568
83
428
855
705
52
476
86
178
138
892
314
872
971
4
804
228
481
169
617
160
724
79
431
764
516
489
413
65
198
484
985
634
264
840
339
668
668
777
198
806
669
513
30
640
517
186
221
998
355
838
510
79
269
293
195
785
783
608
202
333
445
187
967
61
379
658
730
400
787
928
558
457
793
589
449
662
127
22
12
483
212
523
914
481
168
110
266
951
70
820
637
515
359
956
577
739
967
659
491
754
939
49
563
733
638
365
395
766
387
408
601
600
283
515
433
451
977
700
755
48
872
744
915
232
52
492
971
19
151
814
126
91
863
689
176
854
406
571
972
146
331
573
98
614
440
531
418
770
583
525
818
456
269
85
688
321
578
11
341
81
825
467
524
688
508
700
894
267
624
866
413
307
791
511
922
584
42
692
354
626
217
524
82
486
609
122
159
187
133
852
621
310
671
145
350
180
198
245
447
174
463
212
481
255
723
755
839
765
447
193
743
16
69
825
502
678
299
14
218
784
866
839
94
538
336
797
70
886
394
517
60
857
729
542
112
804
297
303
569
745
848
313
761
917
490
616
948
790
630
166
574
848
357
21
386
45
818
456
932
564
325
992
421
406
534
886
210
832
189
132
929
390
797
690
659
287
658
607
429
640
773
356
489
482
729
227
528
899
684
460
463
361
804
884
768
339
770
330
523
312
462
452
54
611
494
713
251
505
321
32
145
446
388
986
929
117
214
809
368
898
621
831
611
425
716
379
116
838
62
639
502
876
443
556
488
938
622
739
443
943
771
940
741
512
927
22
981
141
831
350
391
804
181
2
582
249
734
698
440
148
690
294
24
133
203
864
71
825
955
866
120
79
807
861
591
86
884
924
227
67
626
970
872
160
324
454
409
410
504
201
558
194
496
583
328
51
447
751
876
755
618
348
834
777
209
777
863
445
701
442
513
328
412
737
488
736
543
249
499
47
803
57
594
651
992
922
702
792
673
930
547
643
278
381
420
487
158
283
933
211
725
798
539
489
535
379
578
78
629
77
477
432
134
71
83
479
345
137
271
371
67
818
14
345
199
787
832
709
422
117
920
148
915
812
989
802
191
567
232
172
996
710
956
483
133
391
962
831
528
233
202
595
51
568
292
602
355
125
311
130
594
583
278
862
395
619
664
587
187
897
759
535
959
716
18
444
107
980
275
988
213
829
583
616
398
876
218
105
353
881
235
299
465
865
161
212
837
178
799
24
427
911
911
386
979
930
182
438
910
810
426
124
639
362
740
389
590
311
847
295
192
82
594
9
300
108
222
137
286
373
513
713
636
424
451
967
354
633
758
617
443
184
93
435
898
185
824
488
496
671
783
41
106
730
402
758
838
976
247
124
702
112
837
338
536
640
658
243
273
416
860
69
952
305
504
851
490
680
339
987
704
475
28
162
205
782
920
43
759
519
519
461
631
708
151
167
348
809
762
973
225
974
42
530
279
898
381
770
931
72
757
635
547
137
797
104
919
69
499
30
588
18
491
219
726
643
738
74
804
853
48
382
827
442
912
107
693
293
229
624
365
338
611
265
475
760
369
746
829
221
777
769
239
620
340
966
263
430
392
420
283
440
802
111
235
714
570
928
7
799
552
724
137
163
341
964
923
63
62
104
284
191
225
523
812
917
841
427
347
234
847
631
26
649
94
261
715
664
189
74
815
741
151
952
256
492
268
531
555
330
987
191
522
212
715
334
129
908
113
829
142
961
460
169
962
554
430
678
570
972
104
385
713
255
337
322
748
605
853
655
287
841
847
809
405
914
495
887
822
609
716
317
922
528
486
884
82
268
914
4
240
19
389
306
274
78
628
374
35
833
30
322
26
877
132
784
143
979
23
965
940
739
282
862
619
120
99
53
741
13
57
981
384
446
639
11
524
619
385
559
805
767
233
183
644
717
967
787
697
990
105
637
81
739
500
700
860
951
105
601
964
162
934
701
608
926
712
484
545
449
395
702
217
629
886
213
346
205
353
395
196
458
33
629
197
885
682
409
836
787
362
152
950
297
853
910
575
917
747
472
367
142
175
936
123
61
149
822
266
854
217
814
312
250
796
862
487
478
623
323
265
986
828
567
635
681
830
210
951
577
682
670
71
209
606
195
270
107
17
889
962
234
55
626
837
851
840
324
681
464
0
299
802
828
866
437
861
696
999
812
625
681
834
697
891
440
892
513
900
261
754
862
847
162
488
684
13
681
361
695
145
361
346
947
541
212
736
402
261
735
567
886
768
401
935
11
194
179
877
94
440
631
956
288
793
796
324
159
477
37
206
974
750
552
273
291
116
361
46
729
96
613
616
217
366
551
228
560
731
105
6
523
89
314
163
234
111
488
745
940
525
303
267
276
207
892
919
324
254
965
53
702
930
21
919
649
925
500
561
8
605
568
883
46
882
47
633
345
887
378
638
412
34
905
40
241
797
960
917
403
277
323
106
560
344
25
209
621
525
770
629
483
690
513
881
573
912
514
270
799
245
908
211
279
813
604
520
963
916
790
366
545
113
472
105
457
850
314
431
727
437
412
210
127
925
92
52
189
958
323
988
203
231
552
834
397
156
707
360
424
497
78
969
610
903
75
419
753
741
850
832
530
263
43
658
540
487
62
730
445
385
718
1
617
270
187
366
778
894
78
202
391
156
524
353
411
599
125
516
692
975
349
223
590
744
233
483
231
295
213
28
681
283
381
650
906
569
16
36
463
94
591
207
602
115
912
366
66
37
882
758
365
231
333
955
975
566
790
558
214
355
939
247
639
320
897
897
889
265
933
705
711
524
912
665
991
824
31
57
214
266
168
579
849
853
886
177
772
677
735
986
32
674
233
23
995
482
920
236
99
206
941
162
730
853
827
74
30
211
131
596
477
651
175
326
505
413
503
277
90
591
263
475
265
848
498
612
682
771
201
781
977
142
943
59
348
122
133
730
333
617
326
162
268
501
841
125
266
344
402
357
287
17
184
905
865
682
869
899
805
70
32
782
213
975
194
561
450
327
291
135
296
969
298
917
822
139
42
88
835
445
797
475
814
981
380
32
16
249
931
821
320
964
956
533
291
150
446
741
829
89
229
126
58
527
395
880
18
437
968
205
234
766
680
49
99
60
433
115
662
364
937
982
680
893
867
972
395
313
65
224
402
294
702
460
173
97
692
543
887
660
749
473
778
781
874
878
842
307
993
856
24
282
838
704
527
705
28
922
18
446
499
772
740
553
584
266
3
276
809
242
288
910
715
419
692
590
297
886
897
642
742
273
277
932
978
156
637
6
431
7
452
930
131
545
835
715
163
838
343
324
80
631
235
796
402
279
738
51
517
987
46
259
261
323
543
239
831
532
597
262
539
402
544
22
299
380
737
462
218
432
786
651
415
373
447
818
652
537
869
521
524
915
132
785
590
675
376
422
207
326
36
98
80
581
120
731
961
209
193
531
641
331
182
57
57
981
875
61
518
96
583
395
364
715
532
306
391
909
80
950
587
117
49
19
50
169
750
11
379
295
894
372
978
77
429
35
410
656
97
929
105
32
676
821
747
208
127
490
117
208
441
56
677
842
75
727
11
177
90
742
472
984
467
451
413
248
486
824
257
935
105
362
967
781
183
67
989
662
909
459
870
702
515
547
544
943
626
908
120
716
2
945
701
469
396
466
718
234
290
975
170
395
689
489
528
224
908
518
886
170
977
109
872
844
8
417
139
635
325
612
351
327
557
404
149
953
871
219
539
513
194
61
909
235
903
789
459
811
307
697
981
636
806
206
833
815
623
324
802
300
936
505
979
845
910
128
150
133
699
690
646
893
751
907
480
654
697
291
818
356
989
151
993
147
357
178
314
332
502
468
984
791
974
964
988
236
444
139
369
144
829
15
389
932
275
222
939
972
513
109
328
854
260
673
354
970
203
20
654
58
489
639
201
463
955
189
699
751
328
68
247
509
435
989
794
710
211
733
34
76
194
715
931
806
740
637
776
944
657
783
354
146
774
555
609
729
744
660
832
73
728
80
934
516
69
728
578
632
813
613
708
7
328
991
814
68
628
942
364
286
725
718
784
499
273
394
580
370
406
413
795
487
845
729
3
266
810
581
898
623
546
958
631
226
950
797
647
930
739
11
568
817
82
353
668
707
99
249
77
505
14
872
992
859
602
347
477
412
929
375
387
827
685
370
54
987
167
701
270
259
712
838
76
146
543
744
854
642
345
931
500
359
804
844
570
758
192
47
522
473
774
909
300
460
280
354
799
799
55
69
58
120
908
486
266
803
231
120
446
928
404
298
288
560
142
210
670
334
258
192
159
384
453
460
196
85
814
996
885
222
417
943
342
325
430
960
481
13
433
279
941
189
577
581
749
719
144
419
406
402
963
565
138
768
377
335
854
544
683
739
766
100
34
460
778
816
420
259
181
205
538
475
394
467
56
143
538
552
914
944
954
229
862
445
998
591
780
852
135
815
943
901
915
977
361
45
794
134
304
975
339
194
450
734
661
859
229
200
411
496
496
718
725
358
163
75
950
295
927
437
462
870
339
377
848
52
775
994
186
79
321
878
274
772
964
935
983
545
487
746
41
984
464
119
342
979
194
644
626
122
82
88
344
773
818
544
825
593
538
364
24
860
594
650
984
558
938
319
103
425
65
497
409
882
616
104
861
810
100
840
284
534
280
629
307
98
173
485
43
64
201
420
276
795
70
612
705
8
931
160
434
996
657
195
878
625
299
92
436
400
284
72
934
564
701
594
15
227
431
58
291
632
478
567
779
901
179
484
909
110
996
695
458
6
891
689
631
190
133
419
942
417
492
229
981
193
175
996
420
606
407
63
238
237
630
17
138
161
853
48
271
849
95
82
207
986
771
839
529
904
610
471
673
102
52
654
648
227
651
420
833
58
836
423
295
466
792
786
980
997
834
251
199
281
685
406
268
808
597
149
64
208
972
737
662
25
392
662
604
395
435
790
453
271
213
100
89
358
886
69
355
72
673
554
354
358
961
974
167
910
123
583
118
95
321
133
472
65
795
77
460
230
867
265
501
432
717
943
790
956
12
146
28
685
52
734
44
365
60
563
276
183
146
746
631
819
879
103
884
675
532
696
257
399
961
111
832
679
54
974
635
66
120
15
752
525
102
148
890
162
711
166
698
209
913
329
381
144
784
265
819
317
314
429
68
275
540
900
306
594
875
293
660
347
661
764
872
763
912
115
925
975
633
975
537
546
304
918
43
441
535
862
758
849
291
826
477
831
79
135
777
306
429
790
5
442
554
230
205
467
345
482
794
978
458
331
877
114
601
920
555
137
134
665
338
778
492
815
961
923
303
739
229
732
529
234
526
83
464
731
902
161
565
49
140
375
732
369
842
334
289
397
823
775
63
161
553
907
329
515
830
632
254
411
716
135
645
242
570
462
325
825
623
242
874
115
618
606
484
460
292
125
209
115
253
624
629
806
883
958
673
65
942
927
476
658
414
474
900
985
288
577
162
263
819
36
379
789
994
215
601
639
693
163
106
946
787
735
104
671
45
778
88
987
57
565
645
472
391
897
809
679
474
971
942
646
359
673
787
705
889
389
344
934
552
451
880
691
538
336
714
584
114
803
571
172
368
217
996
111
466
805
790
293
776
732
939
487
406
78
192
647
467
889
581
371
340
813
63
878
149
129
462
616
932
386
788
652
603
784
763
421
589
553
714
717
638
5
204
396
84
748
395
551
637
976
275
329
141
690
208
642
819
22
258
104
760
46
756
363
182
872
785
123
777
851
192
767
857
748
163
941
497
910
844
134
886
119
464
379
161
24
22
981
398
280
437
159
679
545
874
861
417
11
337
547
863
529
314
720
278
830
661
775
740
505
261
979
977
725
710
138
101
732
471
500
365
908
11
396
454
885
609
223
897
946
122
760
828
437
480
106
619
493
233
711
350
494
690
327
572
401
818
25
485
289
525
202
550
536
598
356
774
208
579
671
506
54
783
334
491
263
440
462
108
673
173
458
520
864
138
444
617
956
469
454
245
347
657
147
235
607
503
9
815
435
680
322
489
463
656
332
78
449
794
538
474
967
997
346
183
135
790
800
443
260
607
40
607
616
188
842
223
691
204
39
478
236
713
319
52
721
651
482
170
445
21
997
413
370
343
948
857
134
101
300
746
708
340
705
324
880
899
547
572
103
938
402
340
3
722
392
725
373
874
247
171
247
244
936
617
940
884
474
426
985
126
172
45
819
229
369
699
128
269
623
584
207
26
276
211
100
20
288
473
246
535
996
494
132
932
463
72
169
938
498
154
416
22
552
235
251
921
935
731
190
558
315
750
584
591
961
36
611
601
510
210
136
858
704
268
791
167
692
312
457
542
818
874
564
370
461
815
292
396
547
834
307
214
584
243
158
897
280
121
498
142
331
987
0
35
607
143
555
300
455
12
194
274
238
759
644
52
926
936
448
825
123
107
40
707
351
198
957
631
319
807
773
651
794
773
38
754
917
593
406
372
958
600
998
548
359
643
600
286
931
401
111
54
508
503
114
859
53
423
842
725
230
615
728
377
741
766
131
658
712
537
382
670
137
733
570
497
376
171
135
659
924
598
66
432
102
180
644
507
955
486
232
185
102
960
562
195
727
45
205
791
582
939
813
72
672
383
569
48
906
56
60
830
654
126
615
108
658
259
616
613
745
200
150
199
161
65
746
240
110
951
31
693
891
844
117
563
227
686
964
134
94
24
316
100
150
931
561
160
542
529
773
640
729
923
191
890
988
938
130
451
889
161
496
780
5
613
344
585
651
660
71
745
684
387
197
186
671
758
698
213
287
471
205
17
746
397
907
87
335
390
538
576
551
386
357
909
999
53
494
650
65
565
747
101
304
944
287
327
703
337
893
342
808
98
359
906
847
619
345
182
9
235
111
912
621
468
821
620
873
667
270
938
584
369
39
241
314
678
568
369
15
461
711
175
912
423
433
759
42
779
294
403
14
405
315
636
225
489
608
450
508
231
388
93
600
779
334
266
809
254
635
176
68
699
703
980
122
136
739
516
267
385
271
634
790
586
622
15
427
230
465
936
461
205
381
414
336
715
680
145
321
668
673
389
367
376
369
841
513
461
709
132
846
980
766
637
918
388
4
346
619
822
634
432
379
15
846
716
82
527
213
403
195
887
793
914
263
514
107
128
975
168
261
174
148
379
163
418
768
167
116
739
341
750
171
721
765
18
789
199
897
354
603
92
593
748
358
209
614
817
337
942
985
950
116
485
330
279
255
450
798
372
189
140
122
360
213
240
730
354
439
627
708
394
71
654
494
429
863
109
598
200
403
935
503
519
420
185
150
676
635
300
400
824
440
522
536
5
114
619
711
906
246
772
652
318
426
147
99
289
608
50
841
11
985
344
882
406
529
32
434
164
332
834
340
125
708
229
482
175
848
194
81
446
318
733
116
744
232
568
33
840
618
226
203
603
571
85
361
452
469
147
617
154
333
309
631
394
890
113
569
90
659
650
537
977
735
5
73
968
573
458
808
543
685
364
499
256
449
860
60
271
360
29
425
693
339
56
439
581
521
8
672
533
10
561
862
746
566
288
66
492
746
226
35
431
590
534
39
40
747
100
311
107
129
88
152
820
496
944
754
369
952
426
902
963
987
117
61
905
405
127
397
151
353
785
935
944
319
326
336
418
778
999
877
260
439
382
80
935
326
186
304
278
612
207
593
951
676
6
209
81
133
958
584
839
743
519
135
415
846
823
833
624
174
711
884
613
445
317
548
771
503
852
401
468
411
995
771
87
353
980
168
839
939
753
678
682
624
165
97
822
340
283
447
514
346
683
127
791
352
675
914
208
879
315
676
291
662
447
730
16
428
251
855
719
356
885
401
980
50
851
803
390
486
602
904
184
637
383
975
990
58
889
198
937
556
226
580
219
673
311
235
453
914
90
172
270
975
926
602
377
129
405
119
967
359
23
151
997
406
478
987
816
367
537
105
275
763
38
494
788
701
729
242
615
171
766
885
498
44
487
875
525
245
994
492
604
369
643
953
127
121
940
295
840
829
401
116
592
439
962
381
140
44
975
107
215
741
992
714
138
831
941
663
428
288
156
385
657
151
338
137
625
631
432
465
460
833
933
53
624
896
786
116
940
761
223
507
502
567
573
992
751
515
656
179
155
164
916
812
667
255
301
292
238
734
110
698
567
43
103
544
291
889
660
583
650
236
91
505
803
664
497
554
531
505
86
686
21
2
851
689
609
152
981
847
886
443
898
806
839
1
350
130
243
362
714
893
598
805
750
754
821
600
660
353
105
746
391
127
101
242
168
62
395
149
262
633
945
160
439
784
513
141
914
756
856
980
650
454
137
752
560
959
352
221
664
458
319
55
937
772
650
105
835
397
606
97
30
551
609
822
687
122
963
602
879
819
934
881
626
72
985
186
383
338
759
399
148
79
806
85
851
456
542
686
853
500
135
884
52
744
706
739
219
21
693
450
193
628
683
171
52
668
709
787
6
469
186
506
548
992
591
399
449
485
438
654
986
925
538
390
22
596
481
241
970
527
43
163
155
726
686
559
394
395
346
753
864
532
259
412
876
203
164
325
688
954
980
26
879
870
416
253
819
898
494
141
425
537
656
932
615
342
843
10
737
541
115
602
425
374
366
301
577
882
979
618
836
311
644
68
181
413
321
352
311
168
493
88
57
149
372
25
491
567
35
581
108
150
183
533
876
901
834
454
136
165
424
972
476
68
392
10
481
66
362
144
586
208
584
643
357
956
668
201
523
55
134
983
557
669
516
434
570
703
240
706
868
664
31
697
84
775
707
566
841
421
62
427
629
647
423
339
955
443
892
831
851
26
814
760
695
683
546
617
738
138
676
958
802
707
655
239
834
714
805
676
136
219
455
117
866
230
808
174
26
700
5
229
78
171
989
125
854
888
743
944
26
419
903
829
478
910
420
312
625
225
340
113
796
148
230
663
378
391
189
756
443
194
985
522
717
327
647
924
567
742
868
593
513
123
774
991
34
194
656
11
771
996
124
568
144
706
583
875
97
772
631
893
318
969
415
35
648
414
959
215
157
180
160
670
303
935
14
337
129
670
700
253
666
824
821
163
883
756
38
332
528
21
225
198
342
992
233
990
407
545
557
916
725
718
938
28
5
952
718
134
974
418
387
993
595
560
156
830
316
546
162
196
567
740
394
910
84
628
252
491
525
810
759
250
880
698
630
885
2
348
371
329
119
111
322
714
671
478
896
340
24
410
536
943
150
931
853
587
911
458
430
436
620
190
38
500
240
668
737
594
369
108
923
488
219
245
554
243
75
450
583
451
212
119
395
715
50
600
302
313
58
732
749
30
922
139
530
514
808
267
109
529
728
384
369
947
630
923
542
57
725
125
509
937
245
256
652
647
856
306
961
267
39
710
649
313
202
180
828
10
799
289
891
879
25
260
179
655
535
721
65
612
847
926
901
92
182
906
739
390
212
700
9
251
763
659
917
965
191
97
327
342
386
570
222
411
830
401
419
717
122
836
329
321
762
582
765
944
488
505
686
53
557
696
304
672
355
573
989
898
670
668
240
408
238
462
820
420
215
591
137
690
427
818
11
541
401
777
485
241
634
523
294
543
219
951
216
926
524
205
824
195
226
417
603
464
231
775
885
447
718
374
489
497
193
852
38
946
629
875
187
615
399
834
159
970
785
727
897
661
284
73
208
510
490
812
975
74
939
212
521
658
586
10
507
131
862
546
77
844
421
617
811
172
451
322
143
236
49
392
249
334
465
458
844
308
622
171
382
561
383
255
571
322
617
79
453
831
977
531
27
750
148
839
923
599
161
418
187
211
810
436
897
627
894
93
287
516
265
21
430
0
276
353
322
245
784
128
77
761
659
104
864
159
943
139
758
457
909
297
668
719
85
917
698
332
10
986
200
627
7
630
980
636
336
654
881
120
782
958
234
441
415
450
952
710
589
62
167
498
359
187
569
445
104
267
129
467
605
329
446
613
312
426
601
648
81
482
768
863
793
354
657
208
804
609
918
745
672
438
243
383
625
812
180
730
432
309
549
37
639
995
2
951
422
603
951
855
438
71
70
231
426
79
791
582
41
61
328
713
499
571
448
125
736
629
207
520
290
756
909
281
103
912
584
525
867
535
732
305
607
803
888
385
882
31
967
923
445
295
988
944
219
789
421
307
770
628
827
60
736
88
342
840
0
278
717
220
814
802
877
773
605
118
158
839
149
477
115
594
773
455
891
344
244
312
651
14
293
830
427
381
918
121
573
271
399
643
491
213
445
720
338
50
838
848
241
340
326
356
934
99
812
177
443
56
490
446
423
135
628
850
868
546
971
442
169
370
85
660
936
530
381
274
932
571
123
525
911
801
882
198
900
46
375
695
454
217
493
877
352
121
727
221
19
698
15
189
421
452
849
709
334
582
983
266
506
458
791
417
259
25
615
511
71
343
558
526
560
51
403
265
524
483
838
544
533
205
733
954
657
934
663
991
869
999
257
375
809
400
144
421
778
112
284
849
455
195
727
367
598
483
632
123
966
822
667
851
27
752
158
684
686
173
675
907
524
284
282
334
37
779
107
815
891
743
16
346
938
96
713
537
579
698
660
897
520
679
748
900
783
258
584
821
432
612
729
956
248
363
642
285
142
101
452
33
845
821
379
783
917
445
672
496
495
684
745
15
363
845
267
498
104
204
320
536
816
49
844
416
764
487
54
907
588
506
292
785
679
24
921
596
821
593
444
316
278
541
683
993
387
951
492
491
155
812
379
323
213
223
739
329
710
793
588
651
652
881
788
331
257
709
280
78
303
724
394
933
266
77
926
5
28
418
496
535
582
875
858
147
98
598
477
161
391
65
164
395
298
952
727
555
662
359
985
317
435
379
250
53
809
528
58
837
299
906
373
881
781
583
381
232
181
858
745
925
275
909
672
926
213
399
833
227
110
819
544
546
550
146
599
359
27
10
549
326
916
274
207
698
857
940
282
391
798
27
668
426
288
340
704
501
92
537
729
202
708
625
748
259
124
700
970
151
710
519
477
978
145
36
28
355
977
310
746
127
689
414
905
977
754
609
831
846
499
912
49
207
537
149
818
13
201
789
164
263
660
993
242
806
30
270
161
359
933
907
486
622
673
744
952
427
353
783
626
852
47
27
412
936
176
230
950
730
19
466
993
680
460
235
486
842
858
999
553
791
258
391
765
931
135
717
358
841
852
336
45
899
363
457
188
540
688
138
622
59
956
615
739
416
203
577
610
61
576
515
204
186
907
969
117
394
39
828
235
243
164
281
495
528
738
683
420
778
173
42
838
129
657
929
898
212
507
860
625
435
376
829
622
283
151
91
29
542
919
265
137
84
898
632
964
988
667
384
767
840
778
957
322
787
886
220
0
745
432
625
533
808
807
507
443
958
598
473
852
870
90
989
306
988
974
270
976
641
654
95
834
784
52
508
571
291
728
571
36
160
197
921
321
356
780
764
314
379
589
166
601
679
507
907
19
481
177
996
123
183
443
309
967
496
817
538
787
897
462
175
409
659
449
730
15
229
847
681
960
788
199
561
468
706
468
487
188
997
835
663
180
279
324
147
127
493
38
266
390
500
793
151
511
242
234
878
824
81
559
784
869
110
698
689
816
166
529
356
164
364
371
696
995
695
844
122
188
234
388
930
734
182
82
245
776
316
123
600
749
34
737
970
144
435
12
312
601
541
21
117
257
392
814
253
440
10
727
628
244
468
559
978
2
993
575
778
661
50
379
410
84
116
732
580
551
744
244
504
637
265
974
247
10
788
852
450
798
579
78
42
47
989
372
401
334
947
180
995
997
911
757
433
379
490
13
282
586
609
786
576
227
760
823
237
900
675
687
698
254
117
92
654
459
816
55
793
763
587
141
112
498
898
545
229
740
910
511
679
520
650
255
747
762
78
336
663
753
23
713
359
140
158
365
951
974
773
745
90
360
886
202
211
136
748
440
877
10
952
556
530
602
163
629
716
241
965
379
346
340
445
57
833
603
423
784
929
548
881
19
908
767
222
471
904
322
912
133
332
216
41
215
170
204
196
886
445
162
618
143
854
63
200
687
18
975
824
947
523
705
967
784
473
541
255
729
863
519
214
547
735
255
762
257
459
959
144
256
473
114
751
327
177
951
367
547
927
191
846
802
896
813
586
721
706
842
802
921
713
16
469
449
623
231
58
434
542
202
42
367
316
793
47
845
745
414
744
24
957
591
826
853
756
413
927
463
607
729
384
320
98
205
121
721
789
180
508
331
734
550
51
51
344
98
248
89
864
993
113
821
584
291
674
692
704
953
155
311
683
892
984
781
97
105
854
886
285
362
218
20
913
621
423
257
719
23
698
583
368
163
404
304
454
430
997
511
384
152
174
419
396
158
200
494
264
406
380
901
769
950
273
34
571
48
643
290
424
341
225
792
856
981
97
310
412
94
821
796
598
996
567
995
506
767
489
122
525
221
24
646
172
649
680
95
50
323
738
474
16
963
266
872
945
363
535
709
809
708
857
760
56
424
107
563
543
596
685
68
169
61
715
693
63
395
789
113
71
527
587
439
842
853
312
139
569
199
848
730
907
57
842
964
481
949
879
24
897
916
93
67
978
160
760
393
907
549
506
978
428
93
418
623
298
82
114
219
281
963
302
540
372
144
856
854
94
735
230
991
652
323
58
982
835
171
375
743
72
233
73
853
326
843
476
976
925
590
548
558
905
850
451
278
346
307
484
440
395
714
784
399
38
842
381
225
365
108
968
438
341
42
291
19
885
119
347
163
709
895
73
967
97
524
597
444
832
81
236
579
795
20
978
833
215
711
411
580
819
379
370
512
773
661
531
659
780
878
174
842
126
247
161
575
772
758
19
956
839
608
887
634
980
865
820
195
576
231
128
747
610
498
259
736
512
790
395
644
20
921
838
146
168
999
74
292
757
93
600
596
53
487
231
34
352
403
581
280
634
709
27
596
560
638
332
424
780
79
68
801
0
259
299
521
258
373
813
16
819
414
964
224
901
547
258
606
950
840
886
584
901
266
533
813
256
865
237
37
945
658
838
297
917
489
818
175
215
632
543
34
398
860
258
299
407
869
257
358
61
144
294
962
762
827
776
18
45
365
55
342
23
245
639
940
87
810
468
302
442
363
336
840
223
946
491
631
167
749
341
228
245
987
543
359
167
319
729
212
36
137
554
412
382
545
352
821
355
172
123
149
536
811
341
759
758
833
390
277
934
83
506
531
71
49
890
238
720
971
450
756
108
356
168
843
253
873
664
609
397
788
110
933
599
452
693
709
637
435
987
923
871
845
454
942
894
696
180
614
667
982
722
128
690
243
971
295
468
635
256
865
775
367
799
727
819
844
788
808
631
775
731
502
620
185
796
866
233
328
832
900
662
555
28
352
150
351
648
618
339
256
483
114
623
282
193
794
478
982
602
110
109
685
964
82
222
761
948
455
89
781
356
752
688
736
456
838
88
456
456
779
713
291
893
688
574
439
483
404
421
437
866
530
475
831
612
697
944
561
153
385
694
861
489
382
949
946
572
389
754
28
168
819
319
414
508
245
853
343
2
274
132
868
156
607
51
769
657
347
682
810
733
376
23
222
110
324
520
682
