934
663
313
16
859
763
1
774
618
561
693
311
466
631
945
35
495
823
529
397
983
385
609
420
609
425
916
269
624
972
881
558
987
547
574
198
662
576
972
280
137
17
943
955
0
889
342
848
64
871
245
47
256
854
819
218
631
736
487
256
60
720
814
47
619
389
597
281
965
922
914
454
939
857
761
292
98
104
492
163
975
89
562
232
296
734
450
927
470
289
183
530
9
350
577
629
739
526
262
56
448
528
862
740
386
623
32
836
727
876
351
703
965
266
287
261
0
89
189
470
378
724
0
739
74
929
720
165
455
983
221
256
863
435
996
249
59
380
438
786
256
789
841
573
55
128
835
407
569
376
877
947
100
229
39
175
510
759
692
966
94
914
574
958
349
570
559
760
302
997
547
558
139
740
131
546
221
318
954
790
694
183
90
795
413
129
322
275
240
14
593
687
280
167
645
982
737
556
742
391
906
641
949
45
734
433
943
955
103
897
745
798
433
187
945
198
316
619
473
909
985
67
596
618
234
593
600
324
149
694
715
407
688
17
804
422
802
748
377
905
997
474
55
430
662
0
628
330
971
454
591
957
521
187
575
107
132
527
783
634
573
851
41
261
220
846
683
22
594
412
279
591
239
335
374
253
687
354
935
659
808
527
968
681
66
895
141
199
422
924
833
995
127
226
609
699
424
644
73
18
57
353
962
648
40
688
901
727
42
188
738
851
715
58
532
134
953
25
685
727
950
518
75
429
96
684
129
521
328
202
891
737
907
205
385
947
893
638
27
936
179
765
139
246
824
23
380
129
49
65
857
351
935
932
780
32
968
261
905
648
464
796
386
371
2
123
671
895
114
698
183
293
815
322
891
991
346
272
121
747
689
330
98
625
614
230
9
582
492
914
582
308
62
968
31
64
444
702
312
558
400
495
203
568
170
94
559
516
718
32
615
408
362
713
385
328
943
746
262
435
12
845
95
74
813
127
491
609
829
803
167
582
650
722
502
820
169
61
688
887
446
303
647
160
16
32
489
312
130
751
99
142
596
195
217
762
674
708
371
503
863
891
437
513
965
939
334
134
353
374
374
799
678
21
959
46
406
800
710
536
552
810
679
500
357
248
262
31
308
986
886
171
877
324
36
842
615
722
329
320
97
703
471
127
724
783
173
482
583
884
19
135
46
50
636
403
650
250
786
958
236
672
481
465
348
517
660
964
240
989
636
689
692
108
816
768
891
341
603
474
225
622
962
623
24
950
26
26
552
812
984
789
837
817
606
185
334
266
501
926
607
138
615
299
598
783
420
489
125
23
315
702
997
277
326
373
579
704
399
132
869
735
273
706
552
879
891
238
146
393
517
753
883
484
405
481
268
177
322
393
552
637
95
901
267
421
274
846
126
25
330
995
112
603
53
16
483
944
254
981
689
123
86
924
608
843
757
876
372
79
269
924
717
716
177
336
490
451
534
616
828
865
963
940
820
368
956
303
664
563
636
354
686
75
630
646
270
388
522
643
467
143
919
536
860
97
224
350
900
759
318
729
976
633
21
796
1
330
452
665
245
88
371
283
515
354
930
786
742
452
429
561
948
700
98
160
797
322
862
698
433
532
779
409
165
152
206
518
482
658
535
79
98
259
363
614
613
293
752
707
97
533
268
397
233
718
557
31
393
419
81
826
303
860
236
820
12
794
338
847
452
226
278
902
837
641
868
802
286
620
509
736
153
777
485
387
848
43
770
241
814
851
67
118
63
655
938
427
801
629
274
605
207
905
508
44
898
376
846
537
997
707
625
502
836
110
241
684
505
11
925
320
214
345
790
277
352
80
705
154
61
331
759
620
236
267
664
135
996
862
24
345
921
649
847
758
759
441
442
265
452
368
937
667
65
79
296
417
511
1
571
573
685
331
193
921
950
210
408
298
424
432
643
346
433
843
104
193
284
898
458
88
618
747
107
683
826
404
101
337
757
672
262
442
355
456
364
658
18
124
956
794
909
600
140
342
795
596
535
431
495
345
519
113
444
979
797
270
383
250
960
492
274
222
935
630
30
651
640
48
775
596
195
36
548
335
379
695
284
266
126
779
964
646
244
760
977
41
31
360
291
343
852
566
565
139
548
596
790
188
996
918
136
543
306
37
879
685
732
163
304
859
294
620
857
538
380
834
580
763
546
223
106
750
141
672
890
41
620
32
581
968
950
718
512
257
755
743
294
487
258
950
698
552
922
555
90
303
741
22
66
287
598
525
38
91
549
280
133
521
312
66
841
615
784
705
224
891
448
518
731
58
821
429
610
743
337
53
46
78
427
465
366
25
342
756
469
891
36
602
412
348
668
605
315
805
311
539
48
111
58
779
170
231
561
132
974
898
537
373
976
965
190
694
342
532
450
811
423
838
765
187
539
786
792
854
943
103
394
991
567
804
123
737
35
684
221
361
934
759
734
262
724
924
957
418
808
759
230
231
598
347
770
489
485
563
343
428
18
89
772
937
245
895
674
280
931
896
994
865
655
728
479
731
5
436
149
813
548
731
397
498
431
519
987
916
434
682
345
453
772
469
390
17
364
417
650
295
665
644
512
672
724
991
403
81
780
904
247
680
988
996
178
419
515
517
335
950
199
32
755
323
853
497
693
217
914
695
864
931
691
728
603
415
72
358
849
852
263
448
884
603
444
62
22
959
931
709
261
482
94
16
158
947
514
851
517
780
546
733
712
237
462
667
4
886
26
205
90
641
653
974
244
97
388
618
409
319
679
22
153
773
39
311
73
905
162
942
37
60
675
101
649
489
769
654
375
147
859
465
788
865
791
384
314
179
354
75
850
33
98
356
807
489
667
232
746
182
174
783
594
849
885
244
691
6
250
66
153
109
884
293
326
27
677
641
207
31
716
409
416
166
765
223
655
785
807
401
967
981
185
561
183
422
157
874
428
407
292
933
869
528
226
195
556
255
836
763
638
905
524
54
71
290
630
79
427
437
480
394
771
17
307
954
791
465
180
571
872
472
504
741
353
730
937
909
337
125
24
975
382
548
30
806
190
660
885
617
449
717
363
220
87
671
526
878
488
706
450
360
531
954
454
884
37
391
793
374
868
169
702
251
717
732
409
260
744
294
229
545
363
593
766
450
616
644
329
104
703
131
464
234
437
918
470
474
661
615
201
882
784
903
485
853
987
894
113
83
540
343
628
903
288
746
706
904
743
35
8
446
518
824
680
955
95
502
782
108
117
335
990
901
590
827
754
577
721
220
12
613
915
992
517
203
91
223
107
834
610
467
280
480
643
312
435
90
814
569
199
931
904
541
832
494
369
938
423
90
510
435
704
425
780
573
628
871
148
87
705
110
906
985
590
550
649
25
640
463
595
191
394
499
733
578
346
102
868
769
544
379
557
600
804
337
173
785
208
673
872
265
783
131
602
373
33
251
751
25
714
346
217
108
197
302
38
543
404
906
665
300
285
222
901
442
911
426
227
119
100
451
384
235
582
986
609
967
237
360
993
303
58
562
763
255
864
801
151
620
707
168
272
345
390
173
787
653
952
366
772
404
817
508
639
752
846
248
719
435
960
64
738
18
626
501
274
842
302
777
462
361
297
735
58
39
260
845
692
564
211
464
968
381
324
608
485
170
208
204
605
169
621
343
187
247
196
813
90
850
942
904
563
239
991
622
278
604
467
970
168
31
786
137
764
110
97
249
280
657
805
237
178
426
932
366
674
128
531
116
330
826
372
894
417
364
516
48
968
335
18
136
718
157
625
482
267
74
83
900
732
889
489
910
315
422
628
341
902
512
809
585
338
182
479
107
898
347
155
866
34
526
354
753
683
332
587
302
406
23
554
138
912
44
401
579
818
29
273
72
893
82
657
231
616
136
691
514
835
846
732
870
372
439
975
55
771
914
710
177
937
264
668
201
660
421
781
478
450
406
903
696
488
560
927
105
49
618
971
884
817
704
106
189
495
81
597
266
348
659
795
637
923
815
839
936
236
972
766
39
378
669
735
218
230
14
675
279
985
647
515
802
703
622
343
198
55
940
464
755
599
611
393
875
427
232
811
663
204
929
54
934
599
789
152
829
804
828
460
789
827
327
943
530
949
286
80
357
227
896
112
178
507
505
405
286
89
216
950
645
146
356
579
97
146
84
278
302
912
738
443
91
417
386
621
719
672
701
76
251
597
540
782
456
398
187
743
839
756
45
485
254
401
416
351
899
500
629
201
764
719
644
855
136
30
828
855
55
881
283
306
478
824
88
287
574
276
30
413
384
427
898
638
828
667
989
728
167
970
929
932
689
926
139
177
956
968
33
11
849
668
670
680
844
110
967
418
738
349
184
122
776
434
760
604
101
101
684
269
71
966
553
112
892
692
290
200
12
675
564
862
695
234
542
540
344
861
310
435
210
494
557
338
281
318
294
382
419
979
3
843
297
908
955
189
953
597
741
965
272
305
179
968
891
73
860
588
934
170
23
496
17
580
834
298
250
129
680
22
460
36
865
757
944
820
298
249
418
391
567
42
697
746
362
940
820
222
528
106
393
903
955
410
836
789
708
86
270
740
460
82
128
325
839
425
498
489
674
916
881
241
310
930
988
673
870
160
895
751
266
640
6
221
50
842
363
110
281
985
203
741
68
331
419
259
756
917
101
783
185
982
24
495
264
364
168
134
876
416
237
143
56
596
716
459
438
431
921
71
417
124
165
837
456
584
448
564
501
549
347
686
883
372
533
147
88
702
634
965
470
223
460
878
819
528
337
258
960
259
681
729
383
846
918
191
430
366
756
283
268
103
321
151
827
855
299
916
909
285
233
379
508
693
257
328
221
947
586
533
206
619
614
941
466
532
485
248
251
241
884
519
696
205
670
524
60
321
792
321
606
25
700
115
70
310
443
643
257
381
177
815
0
143
756
818
676
241
67
279
834
303
798
531
508
820
407
921
494
551
242
100
928
295
567
998
605
10
641
862
743
170
677
744
314
785
914
342
379
333
621
213
636
771
96
145
591
855
418
437
406
660
538
334
307
457
684
912
468
326
774
563
496
451
659
810
237
574
152
968
907
125
181
544
896
630
41
840
485
459
277
892
471
167
578
779
625
263
691
445
941
818
8
789
621
20
600
210
594
104
178
501
582
360
397
478
990
438
670
827
249
300
71
73
467
2
204
444
265
247
241
558
65
602
347
687
622
299
897
216
756
76
69
338
788
819
168
130
257
839
957
859
139
381
932
958
383
136
403
0
383
644
558
801
246
905
488
220
205
737
436
961
813
858
299
953
677
819
83
286
658
393
145
149
774
429
460
157
917
863
157
653
859
715
454
458
620
942
678
177
31
467
490
845
325
789
798
354
961
234
640
971
627
138
121
401
567
933
910
837
796
67
490
7
134
944
817
106
238
496
636
269
315
126
466
992
268
617
346
229
851
338
200
478
476
673
231
396
606
493
233
754
912
723
114
46
19
931
504
257
779
140
878
94
267
345
86
535
962
432
116
165
123
316
995
599
342
578
995
948
71
580
55
983
303
169
29
322
100
885
931
880
378
810
974
645
507
413
532
821
197
0
986
320
316
333
920
10
911
267
311
982
848
366
965
503
535
346
826
987
231
109
867
609
271
194
606
778
607
490
951
804
490
289
125
159
622
397
521
533
16
832
867
864
198
832
368
85
530
546
73
114
655
292
75
279
838
682
57
797
524
9
954
367
650
431
526
273
828
47
806
844
232
26
61
430
858
781
868
389
327
293
503
334
937
578
613
776
612
23
925
137
384
879
856
34
310
382
307
490
781
466
687
13
492
748
796
702
881
16
91
208
309
946
894
598
877
508
726
489
883
652
978
267
883
834
301
546
568
961
36
702
779
75
67
271
175
215
325
56
231
769
264
892
715
511
843
592
371
569
434
254
573
764
521
457
951
174
3
871
487
391
573
266
467
993
889
642
208
215
51
792
984
667
36
51
178
231
996
549
801
782
803
726
546
676
183
849
203
538
721
690
930
646
309
749
639
198
743
200
765
794
344
101
462
732
505
992
964
501
542
765
283
697
491
181
726
27
31
929
565
104
971
847
750
280
596
742
831
340
294
948
486
638
50
300
370
555
293
334
408
187
451
43
236
295
224
962
322
607
243
239
63
215
87
166
847
35
908
30
727
202
979
214
192
381
514
562
288
159
249
48
698
52
91
935
347
667
249
21
627
493
261
690
60
700
856
259
735
116
290
463
670
621
677
862
354
543
777
994
55
26
42
753
78
133
40
778
152
290
799
779
783
412
822
195
112
678
454
848
147
744
311
817
717
340
680
71
235
809
417
290
835
459
396
265
944
436
395
97
726
195
876
861
959
50
56
72
81
863
920
228
959
583
45
677
275
77
100
510
886
518
801
73
329
549
691
274
985
438
371
64
985
599
925
945
650
334
17
731
549
289
311
508
224
708
185
499
138
638
9
24
508
162
450
837
711
493
111
49
283
834
113
269
434
390
214
436
76
583
519
625
872
830
134
96
538
671
947
676
661
956
53
169
471
855
7
534
700
118
583
983
953
48
604
739
439
818
527
515
401
46
493
625
228
627
73
118
650
20
147
312
329
552
481
152
407
488
686
459
959
622
794
912
670
399
3
461
569
530
329
323
928
822
300
156
449
374
274
451
746
421
763
75
973
245
227
732
85
266
543
44
888
338
308
910
89
311
372
658
193
701
333
121
875
634
277
676
8
904
127
106
325
891
182
651
488
761
735
573
379
279
970
267
617
278
530
58
942
254
68
135
307
402
609
182
36
238
858
396
142
337
502
820
228
36
823
68
150
558
642
529
837
964
149
806
242
679
864
184
285
933
672
592
687
281
774
723
871
984
471
14
321
973
186
902
362
9
322
512
567
316
393
405
280
542
211
523
573
428
59
858
713
83
450
400
364
576
123
236
912
946
602
586
271
788
840
633
797
162
497
364
479
891
121
759
433
685
634
359
113
46
217
826
129
20
578
494
948
53
82
861
999
36
799
270
824
639
256
973
153
753
689
632
996
811
744
782
496
730
141
961
776
358
139
906
378
717
752
679
122
834
540
121
222
339
743
398
330
999
371
483
105
60
468
101
223
212
235
71
294
376
32
71
87
171
977
817
240
729
496
362
915
36
835
137
727
579
887
409
930
258
893
35
670
361
489
894
925
724
317
219
453
350
642
540
873
619
357
466
700
854
828
967
242
16
104
322
595
991
731
525
601
976
913
624
689
754
870
966
830
187
186
283
537
180
823
763
800
533
229
852
387
409
820
981
425
276
303
20
620
35
898
221
363
811
197
53
917
67
19
747
255
557
383
792
738
206
907
890
91
136
742
478
546
562
460
971
839
115
992
811
502
242
32
866
405
582
919
322
649
290
421
904
848
804
49
938
363
956
828
454
93
570
285
991
485
97
962
676
212
306
487
67
548
871
933
953
453
204
627
103
494
49
359
694
853
408
632
568
717
460
23
162
383
660
153
220
757
115
896
321
422
735
388
322
606
321
276
412
877
255
515
724
304
226
418
510
987
403
78
704
863
453
866
598
113
19
818
222
486
66
544
908
801
932
583
760
606
859
172
483
466
39
207
771
265
978
281
252
381
711
308
596
165
174
195
630
545
365
853
32
432
397
292
585
681
875
345
639
86
517
123
553
908
682
324
174
12
957
778
393
20
87
990
185
261
537
168
807
902
21
191
686
770
483
272
803
359
969
443
445
839
918
998
747
952
674
273
965
631
52
358
652
491
348
189
104
237
357
263
140
730
454
178
852
938
802
656
297
772
99
94
963
17
93
710
321
119
984
286
103
388
645
107
879
345
296
335
583
6
599
75
88
53
253
941
343
408
597
640
180
48
87
143
417
180
205
738
651
541
25
754
929
22
861
160
367
510
496
302
868
95
377
956
500
983
249
844
391
198
836
923
598
923
66
15
455
623
106
107
165
483
861
446
505
75
607
224
585
455
527
453
550
256
761
402
239
363
246
982
561
435
905
160
358
323
527
814
947
633
273
112
468
134
910
325
561
517
550
146
972
429
951
874
37
65
277
277
428
875
611
341
310
517
501
21
840
381
187
139
366
460
603
835
946
514
160
508
31
62
6
356
491
958
582
881
375
211
510
803
87
121
144
749
638
998
122
831
379
309
970
745
121
574
932
68
88
93
576
471
507
934
179
999
892
762
232
619
973
742
422
412
863
919
514
502
269
636
333
0
946
655
97
67
229
30
487
669
475
415
493
982
350
672
333
594
434
565
214
760
307
988
172
171
907
686
25
528
323
710
528
621
365
626
40
947
656
528
968
483
943
461
465
645
486
799
240
272
716
454
32
24
442
205
547
702
243
572
230
566
634
759
539
999
385
932
298
393
460
267
876
755
80
693
401
566
492
993
839
561
447
223
937
241
428
484
943
672
408
174
590
42
285
482
41
22
414
692
767
226
959
643
333
391
688
86
958
533
79
149
94
526
372
31
768
153
515
63
177
275
589
119
317
874
601
710
248
367
402
15
945
713
10
279
105
699
365
415
232
797
564
326
675
288
709
795
441
224
859
970
851
448
90
168
675
43
878
275
763
633
291
708
346
653
339
451
352
57
218
936
854
782
262
529
423
323
325
216
899
536
187
750
336
629
918
11
672
149
639
787
782
930
496
128
935
835
932
288
244
150
224
98
285
839
980
60
162
305
276
62
193
463
164
529
92
83
893
117
232
532
904
366
814
752
494
749
940
778
389
184
281
966
283
566
805
263
978
319
920
254
733
113
70
898
994
514
333
887
631
917
419
888
283
585
640
129
335
580
908
724
117
189
690
400
107
847
15
85
519
287
339
604
400
761
502
394
276
187
634
907
104
53
147
387
991
788
517
326
720
777
402
837
318
445
589
425
644
956
862
163
243
553
768
643
315
622
390
591
810
24
498
266
429
998
6
772
138
875
98
858
652
853
48
970
650
989
747
294
946
609
458
189
162
578
185
477
200
927
68
362
303
919
981
84
917
987
857
55
862
307
265
866
160
665
188
810
655
935
105
953
896
915
142
410
493
679
888
45
606
308
408
909
579
389
994
496
728
851
903
942
158
521
808
671
538
348
833
545
635
938
498
531
205
993
293
698
672
181
744
279
842
504
540
421
245
534
918
973
737
173
915
248
46
75
919
585
423
752
130
410
43
981
293
248
974
586
299
646
768
43
277
610
899
818
31
144
704
301
117
794
827
384
42
873
459
313
810
234
65
293
644
460
274
937
709
600
875
360
246
995
403
876
605
654
46
989
798
102
642
267
896
821
651
938
47
462
603
857
696
669
502
692
481
776
981
542
728
856
902
975
852
657
203
809
311
249
150
109
703
145
376
600
966
379
890
365
841
494
223
889
515
77
581
996
206
914
539
934
123
793
261
327
451
464
136
762
65
639
872
769
136
600
721
102
980
611
468
173
105
43
63
972
120
996
969
678
263
860
613
386
653
874
713
104
339
201
219
756
192
91
877
328
43
598
783
375
562
251
549
667
646
964
992
118
312
313
797
575
525
410
313
178
284
26
635
975
580
206
84
772
297
961
101
692
912
884
68
474
487
969
493
485
285
485
603
597
798
752
525
323
162
838
854
799
865
841
126
797
47
210
569
696
524
22
740
436
906
160
910
745
129
403
230
766
889
834
364
39
586
889
715
101
727
921
252
944
762
378
741
161
941
663
209
465
685
949
253
592
110
163
337
239
918
920
6
159
754
722
199
692
963
266
145
42
187
397
987
301
128
80
462
69
743
671
886
429
620
139
373
82
654
62
322
572
982
680
732
88
754
283
781
717
901
926
759
88
676
98
389
804
179
203
873
922
226
111
703
198
250
76
281
904
139
955
828
121
987
912
210
741
547
343
810
448
621
921
888
297
20
277
101
199
832
326
473
410
437
529
609
39
605
890
295
744
845
476
218
832
388
780
925
936
123
735
736
744
656
625
394
676
254
847
227
439
174
53
849
963
582
458
355
539
348
650
636
545
126
854
729
867
634
654
155
109
741
891
205
398
516
599
426
123
447
6
562
973
411
411
288
345
870
643
884
570
646
520
468
772
726
197
639
712
204
146
821
945
38
379
695
906
978
474
29
777
480
943
750
243
355
39
588
577
34
824
147
680
345
967
453
423
517
444
136
73
591
309
370
981
688
66
239
19
892
269
796
724
212
547
967
919
938
555
496
972
379
996
653
76
963
458
852
832
254
340
905
197
649
276
530
690
694
770
61
586
391
857
310
603
756
277
523
694
184
371
19
915
367
24
344
683
834
196
515
440
536
421
638
537
49
520
579
743
290
640
329
681
498
639
637
254
916
160
301
452
883
672
367
251
48
63
286
882
259
801
322
147
574
312
685
623
833
264
366
123
257
695
157
755
686
794
361
954
306
14
406
189
38
126
792
86
189
78
968
801
880
643
948
806
955
985
430
788
602
796
264
859
844
773
966
530
567
327
485
873
694
243
414
732
369
207
819
559
637
139
712
517
782
660
676
738
646
106
878
248
254
494
107
98
267
73
981
834
752
466
59
798
709
826
531
431
33
702
342
22
841
54
540
624
714
568
714
712
674
944
960
928
439
419
379
706
844
360
893
949
178
304
747
239
130
630
670
515
684
364
538
526
418
430
502
133
998
216
197
24
512
158
952
951
929
683
10
126
395
255
75
925
559
174
517
42
157
539
909
841
904
447
719
322
229
221
807
579
789
5
603
302
515
908
605
444
591
615
922
339
222
349
264
782
524
781
176
33
321
85
874
225
885
946
899
114
519
707
694
661
64
297
963
579
557
920
375
149
888
298
840
110
647
104
244
523
238
420
556
911
858
783
488
743
81
387
209
600
446
255
261
510
905
576
441
462
497
817
963
737
467
803
847
466
260
92
990
850
864
898
761
722
33
249
817
114
988
379
67
435
634
328
297
891
905
739
354
754
908
669
491
727
473
338
193
85
782
535
935
999
786
696
73
819
297
891
286
637
622
353
424
256
681
722
500
938
813
854
692
73
523
535
800
348
226
345
785
360
881
720
359
667
768
433
838
65
324
124
703
946
477
127
554
511
201
54
449
366
260
494
439
136
381
591
836
607
937
622
968
170
342
327
837
111
760
675
528
436
152
583
734
981
63
641
492
616
47
294
983
308
788
774
444
521
366
632
129
655
254
449
825
597
776
14
60
889
41
940
677
193
876
412
175
939
405
19
555
452
313
890
760
101
665
556
623
31
189
104
38
443
553
863
392
681
229
804
922
270
745
600
464
973
364
991
912
769
10
819
221
324
710
334
777
375
242
752
758
431
208
796
227
761
11
971
795
240
776
717
510
873
669
326
846
33
669
110
154
680
929
728
356
639
414
485
366
656
238
124
440
446
272
19
560
283
990
707
523
118
776
386
991
446
64
189
831
734
299
338
414
229
66
122
220
832
607
587
488
197
63
280
996
336
299
556
971
290
615
847
408
391
233
752
837
297
941
669
31
241
359
797
822
425
271
394
257
879
333
97
76
397
378
72
85
29
980
56
319
595
903
80
987
488
832
176
786
125
197
169
718
556
967
892
333
238
287
942
469
620
40
898
369
770
322
454
799
303
511
471
250
766
903
589
255
87
766
41
212
963
562
283
520
529
175
853
120
462
796
941
435
188
839
804
958
162
259
109
817
122
932
67
888
835
657
143
922
775
536
487
738
99
770
258
980
945
464
452
760
260
394
195
448
585
999
758
99
610
219
268
732
152
336
973
987
345
468
910
472
5
397
210
456
519
821
788
464
285
241
224
897
987
771
697
924
123
455
24
85
26
292
818
178
980
143
166
677
611
428
149
968
177
712
776
696
533
565
512
818
806
89
67
145
860
764
69
335
571
445
421
597
90
591
776
422
734
294
100
697
74
601
666
603
313
442
299
198
7
811
368
165
900
435
662
113
199
84
448
122
529
221
720
971
812
848
394
546
494
846
596
920
799
262
523
113
56
822
663
416
985
32
933
886
819
596
351
371
680
799
493
561
21
565
885
185
413
279
84
259
125
680
179
924
294
54
389
350
876
405
118
214
437
52
452
256
0
803
627
32
954
473
593
327
38
478
513
804
109
597
63
586
277
595
863
571
649
604
273
878
9
392
92
446
796
544
55
796
699
34
828
653
507
773
981
546
604
494
702
713
91
765
652
720
712
515
643
714
119
268
592
129
12
36
927
808
932
334
604
631
369
784
284
228
558
265
774
162
111
476
227
554
594
879
274
658
394
269
372
866
538
964
995
550
352
274
711
284
609
315
267
330
452
552
558
10
169
685
524
633
161
751
187
107
983
814
766
729
83
138
595
973
455
942
524
159
569
235
796
178
902
63
508
354
967
66
716
137
751
240
122
265
344
309
724
679
123
842
408
207
333
356
532
140
298
56
299
867
643
95
397
898
159
257
604
478
676
321
967
779
913
89
396
609
399
121
288
522
963
697
81
648
53
614
788
703
22
88
571
18
535
320
268
46
578
872
525
606
545
492
385
459
582
782
68
333
255
357
207
570
54
641
219
459
255
7
162
629
95
85
999
631
758
267
677
688
140
554
294
685
47
679
496
981
813
565
314
420
274
521
991
680
162
562
139
769
569
301
751
17
739
750
0
497
18
29
185
510
584
479
547
983
510
44
964
676
609
630
96
235
151
439
915
666
1
54
787
923
707
538
292
798
641
644
295
11
673
832
521
609
663
420
944
174
464
908
202
425
890
650
660
42
90
575
60
443
981
847
718
41
738
10
839
731
654
487
742
680
319
615
289
983
35
234
509
500
494
63
925
385
713
938
779
803
513
191
599
847
390
317
888
128
680
79
859
334
566
953
366
238
568
8
573
956
594
434
808
88
497
85
825
210
23
956
366
889
147
965
88
538
634
976
666
314
407
878
1
326
183
367
564
104
727
489
60
321
923
220
410
420
305
587
630
329
544
996
570
691
313
658
229
948
986
248
614
393
478
967
719
661
687
635
765
414
124
177
736
47
397
498
819
703
85
450
384
629
798
306
673
464
964
902
412
950
502
378
695
980
346
415
994
385
402
111
799
527
289
887
926
38
385
98
93
823
900
829
452
698
135
477
162
99
732
926
401
234
657
97
567
3
864
561
740
266
672
539
145
313
427
424
352
164
522
797
987
422
627
792
472
762
269
987
862
1
913
263
236
570
712
803
925
576
716
665
195
388
557
340
54
336
116
406
500
990
203
840
412
830
632
237
945
901
224
807
255
489
422
843
412
135
646
689
63
714
707
258
102
616
951
508
952
67
914
804
410
470
644
174
652
628
411
597
530
987
756
137
829
531
980
241
18
978
282
81
692
341
692
146
957
995
655
909
414
921
66
824
391
62
999
396
691
410
345
573
750
102
710
579
985
690
172
3
668
454
84
360
148
128
858
105
123
513
367
538
435
433
362
178
495
361
926
186
124
272
759
226
726
469
805
711
511
329
714
179
135
150
891
283
279
750
389
754
615
756
292
50
541
7
581
388
720
507
575
196
131
686
422
857
508
579
920
19
260
634
551
396
137
794
31
416
544
420
522
512
528
815
562
421
174
495
810
894
355
385
91
486
423
865
696
931
797
616
303
57
603
854
453
740
648
485
508
545
257
30
57
138
197
971
559
371
819
369
618
174
106
61
12
882
926
708
813
75
325
468
133
928
674
938
20
323
423
528
220
33
558
629
171
756
952
82
479
771
804
97
945
910
510
958
792
789
666
958
864
343
778
997
623
453
936
643
776
711
171
348
96
82
977
619
190
929
702
669
701
506
119
998
768
629
308
913
770
327
871
635
670
1
632
646
454
920
289
230
984
813
930
80
895
259
700
437
541
754
106
594
260
577
592
28
559
901
941
329
580
164
964
250
166
949
248
620
221
890
203
205
703
485
638
950
745
690
387
286
444
845
880
704
423
824
84
334
77
378
663
657
894
980
260
412
929
508
33
502
398
588
708
453
425
698
403
170
388
790
808
832
988
40
888
411
865
324
745
294
702
760
952
597
740
564
9
21
72
394
524
823
334
584
276
760
282
32
282
22
174
91
206
162
131
94
925
348
418
22
643
473
783
947
422
875
511
783
249
935
530
125
110
864
61
387
976
695
771
259
717
945
702
923
460
185
369
385
886
139
760
529
964
895
828
386
770
691
170
371
626
700
496
737
916
557
476
893
252
247
504
321
544
206
596
356
743
965
94
629
457
854
510
421
749
338
808
871
29
330
595
8
382
91
97
298
1
573
543
605
172
47
927
68
605
523
777
349
841
871
330
298
77
841
719
178
531
527
401
913
209
996
921
591
440
18
242
441
943
785
398
115
185
325
535
790
201
312
491
42
535
822
692
612
663
411
142
194
291
544
459
500
540
380
444
980
750
686
773
693
471
172
160
656
849
48
799
50
360
290
444
896
464
136
860
479
900
3
674
191
547
133
43
439
866
487
772
616
173
545
662
645
69
174
653
919
222
452
321
583
95
766
831
559
254
691
39
154
46
65
345
945
550
389
385
768
228
157
737
402
702
399
47
124
573
52
43
148
857
364
83
952
482
914
863
89
957
254
243
4
319
941
949
222
682
686
990
910
843
79
664
898
478
63
22
404
116
417
904
973
133
987
277
968
901
140
57
210
395
652
566
66
945
868
640
979
554
983
242
750
62
906
648
893
970
22
649
438
439
553
411
924
540
40
892
441
180
949
3
927
954
570
346
899
438
986
231
992
969
473
94
384
379
742
277
701
116
926
139
555
479
902
832
19
942
724
812
475
26
815
402
980
385
748
231
823
87
462
168
408
287
262
792
19
357
69
720
473
347
212
381
826
114
213
845
409
289
9
884
315
825
638
647
210
739
879
386
826
693
906
586
981
520
379
352
229
800
72
55
148
636
788
974
103
353
172
512
642
181
748
310
6
386
957
569
477
188
307
303
882
565
890
215
437
621
567
667
421
991
74
569
628
862
544
731
567
68
595
209
249
343
871
608
81
829
529
559
17
188
214
251
753
456
818
190
77
385
209
499
729
635
420
709
849
316
440
416
384
35
978
986
730
849
594
811
678
475
370
48
663
585
299
416
41
118
958
471
855
520
322
584
155
742
645
5
59
85
773
443
472
751
781
202
601
375
366
631
850
736
679
865
673
979
281
67
449
592
538
304
464
860
241
619
602
886
976
13
324
750
809
148
501
590
703
454
318
69
86
520
157
117
386
183
96
19
250
897
611
140
554
75
0
147
47
954
33
375
320
709
125
129
858
979
71
913
785
389
982
223
910
491
341
296
674
789
667
924
687
631
416
241
58
768
388
105
75
773
481
395
835
958
876
45
289
947
958
75
337
940
298
599
783
991
247
458
781
914
734
820
545
151
413
604
919
153
61
994
926
894
741
113
853
617
158
494
565
468
921
254
408
572
853
544
563
100
2
344
14
736
164
912
239
577
868
511
730
929
857
9
176
599
474
381
216
633
875
133
101
797
739
862
369
592
406
932
44
760
629
411
848
145
323
88
75
191
599
157
472
456
518
648
407
993
29
976
978
257
461
431
54
201
293
775
793
51
59
838
163
688
249
12
186
924
452
261
467
51
770
939
859
289
940
267
282
969
595
260
226
56
691
632
257
337
407
51
740
819
241
904
859
842
916
45
766
368
658
233
771
429
524
982
718
464
601
352
434
196
612
12
253
655
997
862
992
404
913
85
223
506
989
435
348
257
480
466
977
491
699
748
920
224
82
990
40
684
694
826
232
658
839
485
313
836
348
658
592
613
743
168
472
732
603
172
341
435
639
318
926
690
418
198
266
500
540
307
536
234
133
769
892
324
606
206
512
954
216
457
920
959
625
392
43
580
916
384
367
555
54
294
246
824
844
864
324
385
171
213
971
657
982
864
981
588
422
846
895
638
303
167
949
280
911
344
860
827
80
579
383
134
873
981
958
70
197
634
807
721
847
778
378
181
642
711
770
416
557
17
406
212
536
707
492
447
51
704
274
131
284
9
617
509
342
927
579
540
914
386
613
761
517
991
295
511
54
417
928
964
434
686
528
970
394
21
769
445
725
43
929
361
405
546
871
99
826
802
991
740
541
604
501
58
947
148
569
354
565
849
318
999
536
846
321
930
219
90
727
297
486
656
658
243
555
881
694
381
36
686
121
577
642
974
987
590
123
556
296
688
758
614
40
294
812
713
224
384
156
951
681
994
960
691
237
515
925
283
896
961
969
17
538
612
343
525
554
466
433
850
507
191
816
547
485
980
612
61
364
768
365
397
762
325
89
351
192
366
635
88
327
956
457
865
920
800
742
474
619
527
676
126
719
844
25
556
825
637
970
541
758
335
939
520
12
380
224
556
746
211
644
73
519
453
290
440
253
384
266
872
911
295
350
982
139
375
539
964
13
509
506
771
196
797
643
560
177
219
116
275
782
112
700
302
565
990
742
170
726
360
395
637
655
745
620
795
121
511
111
486
372
617
609
920
414
604
480
943
824
948
570
606
412
270
260
977
612
354
499
338
715
894
328
722
640
948
517
113
459
629
951
183
598
560
103
365
164
583
660
340
883
231
299
295
501
559
624
466
266
123
804
981
18
132
55
10
432
925
123
243
554
426
426
504
986
529
869
502
464
882
195
347
113
494
994
966
405
618
432
671
94
589
4
112
73
60
474
506
985
949
749
891
375
528
747
713
57
969
215
522
851
410
221
964
256
216
282
662
186
715
685
280
656
690
744
729
102
218
587
439
519
337
682
894
217
429
607
274
750
175
148
601
585
722
917
842
938
200
856
476
267
541
757
923
583
501
4
685
72
592
476
591
281
158
838
498
940
797
124
690
972
625
644
558
347
561
752
285
761
608
113
380
501
870
655
85
724
660
122
148
604
599
91
885
109
929
735
401
727
859
444
51
484
88
961
831
649
713
468
763
673
934
143
175
804
799
612
880
811
734
28
415
685
120
652
795
401
387
548
480
598
992
532
435
80
493
618
730
207
439
845
232
373
988
759
177
139
371
410
302
106
438
69
791
910
721
938
312
460
487
792
411
479
676
846
912
170
464
642
729
903
487
961
276
827
721
806
319
444
216
621
550
6
691
694
917
764
984
581
577
471
725
988
303
402
186
215
924
2
209
653
906
48
614
534
875
687
692
194
132
260
168
34
267
211
728
536
327
713
469
256
536
546
244
839
948
782
406
224
785
615
877
43
663
844
929
539
531
622
85
15
882
605
50
501
168
130
37
496
195
506
752
84
53
349
923
353
483
682
930
268
297
807
663
961
651
593
852
535
567
289
902
449
247
304
951
415
435
340
263
982
199
368
66
252
69
342
957
552
24
887
173
321
47
836
634
50
429
838
585
348
480
488
798
727
792
101
494
579
441
758
914
640
478
980
244
547
322
554
99
698
793
272
372
840
461
358
891
242
197
828
591
29
668
389
756
461
842
602
392
283
712
306
276
190
639
520
737
961
74
189
12
220
813
384
60
274
94
303
517
291
132
108
672
800
849
780
613
691
383
358
326
95
664
602
286
303
475
375
617
901
564
981
121
378
365
182
4
811
837
521
455
969
981
127
122
182
908
735
873
291
93
552
738
110
154
24
765
629
752
382
883
316
363
4
46
80
538
51
892
376
924
699
697
906
826
819
440
734
907
314
377
352
218
116
462
372
492
228
354
596
962
237
913
678
593
311
110
132
714
354
860
639
53
557
897
880
729
337
966
636
3
696
988
221
164
803
946
656
383
652
253
345
241
518
23
834
181
486
318
896
840
178
887
894
736
136
774
817
473
92
453
829
788
793
402
952
596
348
961
331
0
566
677
241
436
52
428
617
538
746
865
379
925
752
625
13
888
751
830
714
843
635
543
984
428
945
936
377
646
249
708
646
815
737
240
251
142
668
869
680
414
734
411
691
839
36
704
727
139
886
441
983
521
336
967
302
634
255
679
280
505
739
278
320
829
518
924
971
538
145
3
953
231
415
644
70
803
701
150
943
587
943
278
109
280
597
411
914
852
442
194
709
533
472
382
362
343
306
333
881
803
337
186
34
104
183
457
259
884
607
554
823
550
184
932
182
781
695
96
986
489
642
695
23
467
77
385
162
735
719
43
890
408
230
925
864
765
382
123
649
341
30
472
891
214
757
426
996
804
874
982
294
517
29
317
336
459
54
498
546
125
893
437
533
475
362
749
240
96
873
889
789
903
714
32
117
823
458
465
627
333
799
921
202
829
590
538
640
997
388
186
122
281
975
8
109
689
757
349
785
982
239
574
237
305
959
355
128
417
172
755
750
972
29
304
153
971
194
793
968
582
331
443
216
307
803
325
996
560
674
134
895
265
60
132
922
19
839
50
437
12
158
539
336
187
844
489
510
390
634
479
973
317
274
541
624
77
218
973
989
244
107
884
510
167
17
432
539
208
835
976
220
993
867
908
532
63
397
42
454
383
873
779
701
147
320
677
224
538
650
566
782
757
450
644
277
819
429
816
380
264
792
600
257
11
861
789
75
610
183
881
994
57
660
47
204
980
724
781
870
375
699
4
132
501
1
409
673
430
225
53
46
369
5
303
733
866
444
808
477
979
689
823
36
701
870
593
681
594
726
903
969
425
259
454
926
260
215
599
42
793
652
88
514
10
391
247
876
187
55
353
167
96
528
555
797
398
148
830
345
874
85
666
651
345
120
930
957
688
529
0
481
534
88
995
544
832
595
772
371
2
478
538
99
6
446
248
757
594
431
102
821
516
768
824
213
889
754
523
929
636
523
762
522
963
109
418
795
704
190
167
707
20
57
806
27
503
406
784
450
837
886
623
706
6
799
271
895
554
794
176
190
669
938
64
633
48
482
428
752
24
947
459
45
5
617
72
860
376
208
662
565
446
285
271
452
437
895
700
991
41
876
533
711
167
597
696
215
431
124
319
455
424
131
500
429
100
924
641
476
132
304
42
930
941
665
383
378
912
435
721
954
663
606
17
830
555
713
397
986
189
69
442
613
200
294
394
652
219
36
481
703
692
875
634
985
892
369
716
805
156
437
759
819
396
128
2
951
841
399
938
30
820
732
644
372
26
38
25
597
426
506
301
470
733
287
456
625
8
172
430
164
961
541
983
709
669
337
661
862
89
951
893
909
35
889
282
413
927
659
11
706
517
312
176
250
599
984
875
607
508
658
123
822
199
458
531
221
796
192
83
885
495
976
794
882
865
428
296
145
87
307
203
956
971
379
206
570
716
434
529
224
92
4
46
291
462
578
512
258
122
948
143
970
924
290
852
142
718
148
639
158
455
842
466
426
573
673
348
289
459
229
514
551
233
560
194
696
490
59
306
613
7
450
583
283
92
435
425
162
584
416
672
391
258
139
170
184
812
518
473
623
100
339
174
333
252
368
381
742
427
688
355
434
490
290
70
934
78
495
96
662
264
769
405
522
260
575
58
424
94
532
47
546
871
221
231
475
589
613
218
369
653
925
155
495
216
225
781
294
73
877
308
337
998
713
211
258
289
270
682
735
154
729
633
377
950
864
853
892
829
71
613
482
996
768
329
564
346
110
858
771
340
518
460
338
584
671
949
225
293
631
960
447
713
945
825
15
809
678
259
639
101
872
473
449
993
803
14
691
265
224
462
605
743
922
296
327
945
245
552
239
228
864
686
293
809
863
309
970
893
920
609
994
793
83
796
138
238
810
829
855
386
643
461
129
917
109
808
862
706
712
101
286
928
140
580
89
355
241
60
249
161
669
595
306
104
391
796
694
553
977
550
940
620
363
421
889
824
582
752
530
294
205
816
223
345
748
664
701
341
724
302
503
746
897
161
850
641
310
897
194
287
447
486
260
162
908
149
986
490
253
516
136
459
684
711
804
785
376
857
126
100
511
981
846
409
495
49
402
805
946
596
92
745
435
704
259
343
206
245
185
459
113
321
918
149
33
75
286
409
284
413
509
796
394
708
557
241
109
959
46
407
907
491
152
342
195
763
685
401
360
222
861
825
544
131
974
577
206
261
986
491
26
847
287
772
907
196
14
16
155
60
423
414
903
927
757
99
690
794
852
50
17
65
875
561
197
202
490
403
815
828
246
841
27
885
613
935
81
979
951
236
392
727
651
295
654
760
394
697
554
599
99
923
664
975
836
861
529
326
617
696
506
863
537
534
749
502
469
830
482
772
419
874
499
422
169
506
182
916
203
88
867
302
12
531
629
848
745
158
527
714
854
33
929
743
919
30
598
388
861
80
513
632
306
364
54
827
870
588
95
73
676
962
728
40
846
357
241
943
868
768
9
74
153
938
818
73
969
768
813
182
848
326
814
506
43
220
685
913
808
781
339
836
95
67
877
293
424
118
236
644
238
245
719
391
536
889
816
505
657
630
687
857
308
853
363
351
425
400
265
585
181
604
421
629
23
650
922
799
768
511
444
358
108
163
750
644
404
566
501
61
548
540
270
857
393
985
208
170
385
473
755
919
429
177
548
804
827
470
604
948
333
48
306
442
563
408
438
967
975
940
380
523
480
2
732
226
987
941
396
372
766
152
291
196
681
191
0
508
662
956
808
995
4
115
789
919
523
228
238
850
168
970
726
0
972
458
578
959
399
975
684
166
479
327
714
160
519
66
20
533
23
829
880
379
944
670
299
819
250
537
670
418
860
748
770
832
206
349
144
958
676
180
476
155
507
190
667
378
608
687
911
631
516
792
11
812
814
662
984
64
551
6
834
411
754
604
596
312
305
740
270
981
920
746
136
779
288
803
158
897
843
421
880
711
213
243
524
379
257
860
443
809
866
277
572
620
234
168
932
539
908
555
873
180
301
361
960
942
517
470
191
360
891
71
71
457
667
947
836
924
807
632
733
673
909
306
645
495
474
930
35
735
485
908
915
138
269
227
80
786
49
271
498
293
695
922
102
362
869
938
286
29
922
372
54
832
678
700
327
504
630
714
239
467
974
507
605
596
86
686
734
488
309
233
781
4
155
883
366
376
173
5
405
96
377
460
280
55
512
959
911
494
674
503
961
0
362
566
596
448
604
331
288
914
916
69
270
71
952
637
799
478
642
205
574
371
17
206
778
881
165
689
375
191
192
688
192
906
606
140
707
211
823
995
477
739
65
747
162
369
736
962
847
730
519
773
101
536
979
879
417
145
569
144
336
113
184
880
20
790
373
79
1
196
74
830
936
139
578
450
861
314
764
708
45
283
482
498
171
813
378
940
958
299
84
647
764
268
879
784
59
252
215
412
449
290
243
737
781
173
187
642
839
304
703
884
587
537
383
759
350
113
699
309
412
136
308
176
404
187
313
815
440
528
580
889
818
175
978
600
700
517
594
539
821
297
424
409
834
159
520
537
272
219
198
36
707
506
212
464
693
877
631
133
406
211
374
576
738
704
528
438
222
123
978
43
772
754
804
959
265
324
496
889
896
694
925
603
200
489
67
245
367
699
731
125
262
457
701
353
162
230
791
384
705
121
779
477
227
584
788
492
260
636
381
156
330
658
112
882
148
531
480
515
582
211
640
845
668
693
198
182
923
341
566
980
463
698
810
690
282
598
535
542
587
916
51
917
927
163
152
75
694
632
942
277
195
934
474
215
627
24
398
903
365
316
235
180
14
45
223
648
996
758
191
583
26
242
852
953
757
356
380
803
340
322
80
887
608
906
103
588
930
853
843
296
169
78
828
536
476
51
184
824
161
727
759
188
321
963
141
78
320
522
882
12
196
314
900
805
221
3
393
503
208
588
799
377
666
980
265
494
383
802
318
545
529
77
733
851
41
226
281
713
748
515
725
297
182
625
102
755
980
847
258
188
435
410
918
453
390
183
948
773
985
618
318
867
48
403
70
441
630
703
154
378
219
231
27
753
209
481
508
189
328
766
730
115
176
648
921
918
183
221
692
521
839
362
740
239
766
810
680
396
513
834
126
84
418
154
837
627
635
697
816
316
464
898
783
992
898
56
911
434
277
955
955
469
317
695
708
435
857
741
831
722
575
310
807
993
464
996
972
451
694
141
119
510
39
903
502
938
959
765
372
589
720
679
58
390
726
118
825
935
859
9
657
787
319
464
132
783
461
105
586
507
246
706
17
637
961
871
575
920
637
299
861
357
330
271
99
56
390
925
991
601
934
1
740
605
465
873
388
278
330
326
785
576
32
154
565
345
26
493
618
663
792
479
372
475
751
472
883
493
749
227
446
35
228
187
640
693
60
380
324
390
58
109
318
91
616
235
436
642
728
406
657
521
886
29
348
989
853
231
482
954
458
928
341
686
115
333
380
527
713
704
269
772
165
939
215
781
175
3
775
903
410
432
776
648
814
124
637
19
356
119
974
814
399
667
853
867
1
233
394
66
289
664
838
806
603
405
940
130
761
715
34
523
500
162
171
314
287
160
333
995
631
659
161
30
327
14
897
328
599
292
394
240
308
585
47
263
342
339
394
455
406
780
978
906
942
501
220
581
13
906
576
644
917
738
675
244
104
924
924
704
568
671
944
228
256
343
492
950
682
238
406
89
370
736
347
312
590
920
246
603
826
174
600
743
912
275
340
17
551
264
73
120
935
17
348
543
361
192
494
395
782
252
836
152
988
184
817
578
104
415
534
282
589
134
377
854
761
717
871
312
334
296
784
621
313
485
517
26
29
11
774
812
615
610
316
603
794
485
534
250
900
420
532
490
554
910
344
667
979
567
331
665
863
116
287
528
953
804
555
982
167
329
146
782
939
463
737
86
948
623
336
201
43
869
691
597
131
35
616
110
602
948
776
465
64
415
993
369
571
900
703
90
581
850
224
873
665
961
959
965
585
647
166
628
868
857
578
999
244
194
462
846
494
590
663
558
357
9
279
928
261
983
18
843
185
594
716
850
555
27
167
492
674
686
121
543
543
51
894
140
597
356
338
92
946
354
2
655
363
282
583
976
617
953
819
802
547
887
4
455
914
171
947
941
857
420
484
753
471
378
245
69
87
583
513
385
937
515
41
652
797
624
629
766
930
800
568
477
688
572
284
954
96
232
895
953
652
731
58
476
110
303
545
197
887
58
934
176
925
975
829
75
952
458
841
882
610
410
711
298
334
996
605
430
228
500
736
232
232
146
708
694
450
605
243
689
15
177
865
941
505
46
16
457
504
209
339
467
971
402
765
306
398
370
88
978
223
824
211
807
971
271
501
773
877
96
462
892
273
679
185
778
726
553
587
582
763
926
49
734
681
167
392
79
889
481
410
112
657
973
919
628
244
772
753
121
868
215
366
494
247
551
624
325
105
564
907
220
490
309
954
171
476
699
603
717
180
365
830
837
338
101
818
934
226
571
408
446
139
774
292
738
677
269
63
782
833
322
2
675
631
309
199
459
8
802
177
540
519
359
729
857
812
899
791
38
823
199
837
962
325
129
52
3
398
115
137
583
437
492
259
421
801
458
880
161
612
409
53
131
120
782
340
933
682
131
323
857
683
160
819
8
642
223
363
392
338
501
976
127
993
587
548
146
45
781
659
657
542
712
140
663
846
480
596
528
963
919
385
646
432
556
7
426
779
370
818
469
223
146
949
216
733
497
362
778
630
21
787
173
85
927
836
932
407
784
812
723
55
550
369
487
106
728
913
238
99
84
59
322
230
8
891
964
858
605
94
488
979
882
13
64
161
201
996
921
985
809
644
41
359
365
880
817
94
146
407
545
230
819
219
812
827
110
128
685
716
223
526
47
457
891
111
618
93
460
539
78
269
535
471
980
901
352
149
995
498
557
540
80
376
759
892
555
222
373
593
290
596
119
337
53
10
800
23
103
260
915
534
529
450
5
861
351
709
11
346
207
568
238
639
296
998
884
851
572
257
444
862
205
915
551
258
278
351
633
733
612
548
267
493
999
625
355
702
334
366
49
894
286
287
533
934
637
769
137
561
26
934
423
231
849
326
841
479
678
475
213
290
375
832
135
374
457
490
77
792
208
478
686
846
117
571
780
107
341
270
668
719
204
444
951
405
770
144
885
800
971
450
442
347
282
578
721
92
68
150
236
629
628
274
475
98
845
608
205
538
230
225
258
434
21
561
839
792
705
76
944
29
526
387
376
161
965
449
253
385
600
489
14
580
115
842
30
960
802
235
499
32
813
109
466
834
670
657
978
727
86
923
756
612
310
132
125
627
582
730
12
534
571
27
466
686
869
497
647
23
84
498
55
897
607
873
732
629
530
62
708
616
337
465
581
647
949
58
626
883
789
639
417
360
666
884
399
887
381
398
910
465
896
317
715
855
190
799
836
720
861
544
689
199
361
622
198
311
680
825
194
821
464
612
182
482
848
581
721
581
979
983
46
227
300
113
434
842
912
270
914
126
166
955
325
528
577
875
839
258
700
385
79
516
349
613
350
197
546
423
778
877
406
177
456
58
642
890
252
555
512
167
681
31
122
358
559
700
233
750
310
286
135
741
154
485
707
505
34
605
928
165
483
687
694
291
97
336
534
702
891
46
869
924
429
343
282
988
395
868
90
57
154
226
799
308
63
858
165
449
463
446
614
298
485
660
942
582
997
476
284
240
874
505
165
304
849
799
292
244
667
735
302
821
313
453
482
376
663
647
177
478
93
144
129
578
804
71
513
153
547
149
394
773
7
559
77
856
710
722
452
378
457
106
199
770
911
33
498
926
681
675
405
126
171
886
57
976
957
570
481
856
71
875
981
78
786
59
934
497
781
739
875
238
197
426
360
109
460
858
35
493
885
792
619
57
678
676
385
987
598
866
195
670
94
177
748
880
588
35
377
369
126
604
959
323
383
319
784
195
529
172
688
766
964
659
823
995
336
560
334
934
779
882
956
873
59
705
753
999
92
483
368
218
439
679
541
822
350
678
17
231
850
705
997
166
365
821
161
53
733
848
339
512
730
296
385
141
353
491
140
445
974
860
15
413
539
908
588
241
586
605
472
436
663
469
603
380
642
116
785
376
964
124
888
46
772
626
187
477
117
679
922
443
539
937
856
430
198
444
671
784
402
143
221
417
613
176
797
255
292
582
983
609
58
872
7
183
850
195
660
967
226
583
410
766
872
618
196
70
415
868
207
169
363
428
586
976
956
735
584
248
317
567
209
727
439
217
910
641
764
571
960
990
506
370
108
730
341
657
153
756
877
360
277
240
788
863
217
96
598
801
344
267
368
906
994
160
475
257
801
239
828
114
581
686
836
690
416
177
347
569
285
576
929
562
816
69
777
33
165
375
186
862
642
907
768
989
67
243
246
220
834
426
334
415
112
523
457
528
700
156
98
338
732
379
900
549
449
678
934
966
405
473
828
48
380
948
389
799
543
635
371
377
61
58
145
173
581
954
53
281
111
151
971
195
883
224
96
332
902
31
298
659
504
479
59
236
427
448
35
323
435
406
52
496
464
197
21
45
504
75
679
615
578
650
162
461
874
259
145
128
642
796
140
146
275
199
734
54
648
769
729
83
527
782
932
992
331
305
389
835
732
420
802
311
423
965
124
649
224
622
130
866
418
270
364
45
469
98
451
469
219
181
905
746
315
837
90
646
494
832
482
227
252
284
538
675
601
14
325
177
636
455
395
406
77
111
451
546
561
255
368
780
436
273
879
751
110
969
749
956
801
231
183
406
868
73
433
821
88
758
999
76
565
394
483
994
506
286
541
67
541
909
200
329
182
79
432
644
400
182
600
554
765
136
960
985
209
393
807
649
504
806
726
421
552
561
416
58
847
309
478
741
570
30
422
104
461
855
100
213
389
700
767
506
188
79
492
398
825
299
47
681
457
125
102
9
686
870
420
886
531
250
627
101
280
401
205
93
608
305
306
997
358
74
856
546
505
348
944
330
999
344
11
456
469
466
817
508
688
237
394
220
839
373
321
119
774
527
564
735
832
871
732
542
945
588
89
802
288
385
133
287
81
496
95
903
962
913
411
3
502
157
223
342
882
544
813
656
423
378
391
608
249
476
150
546
416
591
348
57
329
833
696
410
330
792
313
644
57
76
647
559
233
870
253
115
767
419
124
190
797
867
798
398
695
301
296
112
892
644
521
221
830
217
984
160
9
297
156
418
374
156
978
959
26
583
427
145
2
551
336
151
770
486
901
466
787
197
930
32
194
451
253
24
668
237
536
30
887
44
448
613
200
778
924
579
362
351
724
716
902
412
220
673
899
121
139
38
319
421
70
865
872
676
889
892
265
777
922
504
821
371
117
22
149
42
601
863
393
677
932
648
90
152
673
989
273
812
379
944
585
450
809
457
478
50
349
743
179
624
600
1
995
717
375
496
111
328
360
857
5
292
505
95
444
178
436
69
342
816
366
927
266
527
736
96
578
437
191
757
61
791
110
56
509
485
905
972
813
265
829
819
909
686
266
705
864
703
126
558
519
492
837
137
20
573
233
950
11
424
59
424
216
170
833
77
7
738
401
173
355
231
344
264
917
610
321
134
313
447
692
832
940
530
321
312
455
554
614
818
331
673
243
547
195
428
976
555
166
377
728
873
960
72
137
230
682
458
364
348
257
408
532
549
290
854
861
746
408
475
564
739
501
159
638
48
587
966
603
105
696
331
978
656
755
467
886
790
277
250
490
535
11
22
84
301
876
298
47
637
773
964
728
626
123
367
675
63
685
630
168
381
314
499
390
69
966
276
211
244
879
701
779
890
724
215
191
952
513
591
589
639
555
318
265
30
37
292
445
74
923
966
456
237
465
846
658
431
474
222
27
353
923
158
595
999
374
139
952
887
730
893
878
637
563
496
667
600
788
113
675
63
431
483
652
896
681
663
679
155
885
707
861
160
865
456
160
591
595
464
831
677
709
709
314
273
205
334
225
346
799
252
409
230
735
62
126
768
725
805
276
962
864
137
122
82
945
634
673
541
98
504
570
160
566
885
433
771
219
658
117
18
263
879
600
350
941
726
119
18
883
395
980
748
884
102
182
829
89
855
722
539
712
293
699
278
530
132
401
749
143
871
119
406
750
719
108
691
797
227
61
680
974
41
780
858
495
962
40
584
170
762
476
882
407
175
512
937
660
913
38
803
784
509
561
534
228
21
577
377
249
638
58
575
31
190
786
879
153
826
815
675
940
291
557
348
467
69
637
479
334
676
634
119
185
195
5
766
568
583
143
817
573
553
745
957
744
531
836
249
357
3
924
297
647
833
997
466
254
635
945
588
663
579
59
200
126
65
318
694
648
462
864
573
367
609
530
463
140
718
64
849
722
340
146
721
173
144
187
779
131
132
368
794
63
427
346
189
844
665
235
492
127
99
418
846
708
948
310
200
667
374
49
741
715
548
814
240
44
1
20
175
485
740
321
548
519
667
89
364
332
324
208
811
776
626
10
484
927
320
37
946
46
86
687
113
634
501
706
678
854
726
205
339
818
526
239
337
546
680
53
230
4
262
394
780
240
404
617
167
76
654
113
474
92
152
588
727
5
294
757
859
372
963
550
542
841
789
879
387
469
285
970
826
547
364
958
139
120
575
307
196
581
420
670
674
573
610
401
578
904
510
790
628
473
340
170
315
482
402
54
303
687
24
129
586
740
88
725
860
15
384
56
597
157
79
271
82
689
24
660
946
534
802
926
360
495
449
675
977
851
81
280
890
458
762
828
198
202
905
59
217
290
467
166
447
898
789
529
588
813
541
886
700
696
164
60
191
613
87
168
816
520
800
58
978
914
886
177
116
144
588
686
786
55
204
585
306
994
466
246
159
7
132
859
55
648
271
246
262
710
766
78
231
919
137
561
185
375
90
302
519
678
340
305
86
544
890
392
538
356
638
698
716
122
909
771
770
533
370
384
243
488
815
826
759
952
740
945
679
830
247
551
861
939
856
947
483
99
339
374
807
329
424
523
451
333
647
573
218
369
958
814
857
773
992
617
77
732
914
756
563
161
307
424
452
516
723
935
967
414
661
774
95
85
298
546
771
297
471
989
666
429
803
875
554
796
844
631
880
758
740
443
271
399
219
723
267
294
11
234
708
672
9
803
110
659
701
881
308
525
870
326
306
26
553
861
822
398
844
702
508
936
498
132
688
69
207
955
364
570
542
424
243
903
580
705
562
633
586
222
158
808
548
465
834
101
678
656
851
522
711
712
459
561
844
499
630
51
454
346
622
348
123
217
251
55
922
165
688
860
387
199
668
287
16
503
389
694
511
592
216
222
304
27
783
148
878
766
552
685
112
526
33
587
95
637
642
369
802
683
229
542
882
897
829
898
752
570
944
264
163
512
838
467
892
622
968
770
740
872
455
204
750
489
792
845
126
434
214
280
469
795
822
351
44
4
601
797
574
545
413
89
410
251
909
302
225
877
72
965
101
528
522
851
369
314
696
495
100
262
775
570
409
950
273
453
954
227
602
880
124
367
970
534
619
879
836
196
108
909
514
209
437
36
60
158
702
108
653
802
722
780
724
131
730
350
936
36
577
539
269
701
906
591
236
877
470
72
74
930
333
940
491
122
976
903
280
30
11
285
832
85
66
909
216
148
259
152
537
188
43
806
889
302
397
477
179
219
902
605
149
235
545
992
358
873
895
990
903
258
276
88
343
342
349
911
842
608
63
379
796
459
537
37
761
934
515
292
505
417
898
654
4
795
998
714
21
893
705
276
151
333
716
846
27
65
757
869
25
173
601
821
632
138
211
745
425
726
37
930
495
935
937
499
83
935
566
456
829
271
732
332
604
449
179
631
866
288
852
892
461
453
65
445
944
276
190
369
354
228
299
849
515
236
701
950
524
267
406
353
890
491
37
846
940
568
829
158
857
681
50
670
487
116
468
431
744
658
152
99
238
451
300
106
40
1
56
564
620
463
269
862
306
658
708
246
227
537
756
436
571
807
458
58
275
278
841
19
289
993
118
527
796
771
985
836
124
42
752
745
857
373
607
163
384
668
761
963
205
517
751
776
676
209
186
951
488
27
323
777
372
793
656
169
564
642
5
689
36
110
434
893
835
393
408
219
61
169
182
619
38
933
747
715
495
286
18
335
313
341
464
686
135
120
855
51
114
212
740
150
674
526
395
862
272
803
81
333
324
616
304
363
901
52
430
748
338
800
83
3
142
899
41
629
372
248
680
486
813
773
989
487
299
384
349
571
188
783
257
864
751
561
579
4
965
9
753
655
810
188
11
304
440
52
285
812
653
965
298
466
90
287
953
390
24
655
313
564
790
570
428
893
484
8
897
449
369
2
457
179
543
468
835
983
872
120
795
525
438
445
991
528
85
297
270
109
304
584
673
446
154
453
339
990
461
236
792
831
591
249
362
134
69
550
117
941
22
264
819
460
709
162
341
146
811
611
255
467
547
280
913
54
734
252
44
547
841
836
378
432
85
93
566
154
643
35
448
665
651
619
478
712
781
171
859
945
134
466
412
682
747
326
736
481
930
780
28
771
617
759
555
54
204
473
561
199
860
361
216
511
980
46
224
113
217
435
58
352
901
471
386
648
149
122
481
79
254
862
203
871
973
758
278
177
584
839
728
444
552
944
308
532
991
532
645
208
967
704
912
220
527
298
869
676
772
702
107
27
564
310
250
537
421
528
66
357
719
794
153
271
739
461
155
82
345
801
642
664
857
555
885
736
205
754
764
978
456
871
5
373
534
255
262
307
136
329
664
855
475
817
479
566
631
634
648
976
435
291
641
644
198
526
380
403
632
144
381
440
368
386
813
254
642
76
561
130
757
577
985
232
746
464
799
377
99
447
354
886
90
347
531
288
873
263
692
857
760
425
297
480
812
111
734
806
539
295
936
296
224
273
528
970
738
679
348
189
127
54
75
569
401
958
858
626
574
902
835
686
327
132
166
491
595
900
649
134
547
585
430
771
859
311
741
949
990
441
490
469
847
917
391
600
228
601
578
802
503
413
840
182
898
6
674
493
258
323
980
157
261
762
928
472
73
21
773
416
815
263
237
662
180
628
263
760
229
193
562
84
607
754
267
505
112
293
350
370
968
330
527
581
93
807
53
518
829
178
286
644
441
876
658
974
504
273
734
86
467
649
170
426
403
789
283
516
434
633
238
403
316
118
984
761
925
390
631
106
568
918
102
362
794
761
336
650
386
70
736
853
71
259
279
475
48
914
343
483
900
581
238
216
51
574
329
977
964
960
435
885
230
538
247
376
651
583
27
37
5
115
891
77
374
522
904
775
789
247
610
689
180
848
905
584
422
586
561
739
546
996
624
129
886
871
505
537
806
884
575
811
352
818
240
78
692
144
853
481
743
815
522
276
663
779
860
86
365
773
177
264
121
801
393
8
672
898
897
478
135
472
641
487
642
882
565
687
378
771
168
474
586
43
750
602
822
962
40
188
735
217
452
856
18
845
216
42
95
114
872
582
938
513
69
581
747
987
620
478
110
140
952
48
183
54
650
6
16
690
194
751
259
998
959
277
195
176
319
290
642
543
225
580
409
294
513
156
633
133
986
95
274
938
144
809
992
146
815
8
189
361
111
448
359
71
726
906
599
397
549
241
941
774
821
350
68
687
858
54
172
845
501
446
135
645
608
128
144
423
488
333
137
600
781
848
23
859
755
622
609
304
863
550
78
36
252
498
75
462
904
248
659
406
46
795
403
654
275
547
78
115
880
215
715
14
415
90
873
170
712
834
474
927
384
552
964
988
403
39
803
307
639
814
713
686
609
117
340
236
16
770
352
897
337
419
263
753
510
488
923
222
323
750
502
59
654
466
400
57
857
203
365
497
369
430
535
979
899
875
567
916
998
271
165
335
691
428
88
553
268
364
127
591
466
629
3
120
447
403
178
657
958
895
506
327
677
41
658
577
916
226
845
914
849
10
602
892
790
42
445
58
758
573
2
224
554
5
345
2
760
875
11
718
122
517
45
799
558
56
728
474
634
573
741
483
935
695
376
725
737
821
136
496
746
490
720
653
495
417
7
255
292
18
325
414
535
722
566
93
778
646
919
412
220
12
896
507
707
624
233
445
797
721
293
544
211
13
549
706
783
556
313
75
574
990
842
109
712
760
554
491
406
473
255
978
838
503
486
545
127
71
342
925
792
987
821
3
353
370
61
136
926
726
211
852
716
405
313
428
165
867
271
572
692
879
902
530
382
388
428
862
459
122
139
603
110
960
958
463
682
19
599
960
97
162
812
813
920
125
594
85
344
217
9
36
96
912
919
831
652
699
693
464
173
832
67
283
144
378
98
826
397
49
138
847
564
950
12
484
427
606
921
771
176
931
159
624
195
78
455
199
129
500
663
303
684
83
938
828
461
37
6
210
438
144
409
2
446
422
838
873
380
760
996
556
691
156
181
238
586
988
437
716
489
453
371
525
888
309
354
349
698
712
911
489
209
321
843
7
743
682
881
475
794
877
384
837
385
917
75
972
905
864
40
746
317
763
272
205
424
978
906
475
690
170
964
251
491
807
259
586
841
492
61
635
721
797
472
107
714
899
431
620
764
823
366
433
586
990
991
10
968
897
485
11
67
449
614
910
609
873
848
802
717
262
790
439
59
262
898
774
514
681
394
278
504
112
711
90
455
702
452
423
952
938
786
371
739
401
282
700
626
130
855
344
392
645
135
452
259
385
226
773
66
972
51
922
436
115
364
891
169
816
667
473
106
453
845
198
854
479
898
481
609
105
825
354
750
312
806
10
697
384
783
763
708
187
37
144
654
401
388
175
217
55
1
324
508
846
522
363
677
772
196
286
878
373
640
980
685
798
990
734
534
126
849
242
665
886
739
671
287
127
198
504
182
199
180
42
397
54
757
74
827
953
713
57
326
705
389
363
856
380
97
390
858
946
985
875
832
724
898
119
203
96
976
737
648
156
131
45
211
889
472
390
842
185
799
521
242
188
236
98
920
334
489
130
632
826
5
817
902
903
936
105
352
264
194
0
421
325
397
984
214
869
374
409
406
525
282
649
65
518
747
986
204
588
468
837
414
474
6
316
729
942
773
433
207
967
433
980
645
831
964
211
700
690
620
459
567
902
108
632
773
207
970
977
796
439
166
562
265
172
231
346
467
356
780
26
676
213
358
321
44
322
532
97
364
153
556
931
407
16
915
180
223
886
510
371
325
28
286
942
201
517
288
20
873
68
398
549
634
756
222
30
78
755
127
794
260
35
77
19
51
992
552
627
230
414
350
907
442
636
849
995
505
138
15
731
558
413
280
192
521
855
223
951
610
702
745
222
738
822
241
141
167
145
120
397
559
823
305
2
459
506
997
317
996
365
48
555
130
680
99
652
535
674
603
497
377
701
719
467
875
313
960
42
458
433
792
18
256
449
372
67
955
721
384
304
86
432
859
569
465
958
573
0
985
176
498
362
229
569
829
105
234
141
499
693
574
643
63
830
92
435
898
400
508
282
704
595
67
915
516
532
225
89
884
210
265
734
572
847
656
753
952
890
895
803
935
469
447
998
652
891
785
550
291
294
184
347
241
603
614
757
487
840
846
372
50
463
458
975
310
114
80
614
5
327
418
940
149
865
291
801
108
428
703
400
74
887
99
315
843
714
424
330
554
270
702
956
86
161
283
748
627
364
363
632
691
781
925
840
998
216
993
106
996
696
858
71
936
310
386
779
376
163
109
282
785
164
238
871
677
874
620
304
238
983
289
281
116
214
474
466
782
467
924
778
516
135
849
452
445
588
231
821
751
692
455
888
856
693
760
533
919
732
190
509
67
479
791
183
45
617
1
827
436
925
957
952
412
159
404
209
747
987
382
850
680
837
90
888
531
850
774
802
582
964
312
649
795
455
184
840
72
537
19
508
463
976
461
227
135
217
437
234
205
819
436
885
657
527
773
540
729
899
342
312
863
654
313
658
109
850
850
181
387
869
42
202
198
503
430
685
72
867
272
277
38
708
514
695
587
640
235
317
539
930
981
403
584
646
413
46
496
616
579
236
837
621
438
35
476
868
73
549
87
345
178
126
405
693
173
993
333
761
662
872
691
995
627
627
641
393
673
490
361
253
726
198
226
516
586
703
385
659
604
824
356
782
302
761
475
476
106
160
237
768
385
928
115
12
555
109
757
581
599
118
834
677
669
60
193
255
115
930
266
719
755
622
502
57
383
329
885
490
490
122
610
875
402
726
239
310
835
349
243
786
819
77
463
488
489
8
743
957
939
361
28
46
983
882
455
367
212
341
209
54
815
819
281
570
545
872
880
732
221
123
518
41
552
333
529
393
342
625
702
633
986
731
679
970
613
134
689
177
827
250
583
643
69
864
213
967
737
445
699
958
920
570
351
472
903
881
217
245
858
920
230
844
3
909
166
616
396
207
146
223
457
729
218
879
594
431
846
683
228
897
641
148
467
345
972
723
578
190
320
436
462
551
632
465
460
151
433
208
358
579
784
168
661
2
399
255
786
245
290
14
494
283
515
314
628
487
37
206
29
357
642
491
908
275
308
721
778
94
281
136
25
65
656
686
68
55
293
854
652
583
220
499
867
735
813
495
223
850
702
252
559
696
96
820
323
756
893
101
850
174
590
228
240
246
914
308
654
208
514
306
791
734
805
658
470
970
506
45
172
208
649
732
256
745
904
580
854
797
681
56
971
271
284
211
870
551
519
524
759
33
182
902
120
340
913
590
310
419
635
483
979
284
567
235
382
471
167
588
268
849
644
239
472
281
803
694
832
674
218
943
708
753
845
180
93
758
770
755
529
757
590
860
393
509
448
127
980
615
715
600
816
712
192
289
993
995
983
177
669
554
120
729
659
965
261
104
76
383
859
957
140
802
818
886
311
266
365
644
233
433
244
50
145
788
691
490
135
26
667
157
932
139
238
591
456
500
695
532
883
907
842
376
709
660
262
20
278
979
16
511
412
261
913
557
401
956
399
537
983
418
694
915
557
932
859
14
432
554
898
668
461
740
44
170
752
658
543
382
637
559
246
50
172
159
959
574
468
359
463
451
129
509
718
687
441
577
53
226
484
951
894
945
44
290
468
148
948
363
883
585
274
129
987
447
640
947
373
108
658
188
559
787
697
630
826
490
207
879
716
43
183
962
989
579
252
809
727
552
172
962
138
798
91
477
245
732
424
970
840
434
158
752
574
855
734
400
346
293
280
414
337
815
377
678
394
981
487
473
534
11
436
24
161
527
501
407
611
278
729
804
64
888
908
638
95
642
39
441
935
671
856
624
486
585
302
880
918
141
353
804
504
141
828
666
21
682
425
632
312
154
436
376
394
696
367
490
338
406
931
626
77
139
602
563
76
257
795
347
750
500
151
255
642
332
273
663
14
50
647
678
556
436
54
951
132
421
441
823
179
724
801
608
216
403
523
292
660
318
639
411
171
791
18
165
123
643
180
489
693
827
167
249
263
573
200
748
995
993
923
526
718
724
135
934
479
658
578
492
329
570
255
500
361
625
665
836
268
845
677
313
24
844
562
640
769
115
388
116
460
311
643
178
387
778
464
866
788
43
358
117
613
965
969
326
590
986
514
858
831
191
171
208
387
86
848
156
553
588
273
13
251
268
544
638
46
8
856
186
403
567
656
368
532
625
46
123
612
560
333
795
103
857
3
842
943
203
351
848
143
976
861
394
244
405
384
642
766
593
828
521
512
484
890
44
110
936
519
74
849
205
869
304
62
225
499
357
780
850
205
924
826
66
670
70
824
407
64
942
352
892
463
864
729
353
260
191
642
780
265
843
337
486
499
399
63
998
756
844
200
961
120
26
379
142
448
555
901
512
497
605
757
961
469
486
666
730
677
308
862
294
151
199
780
3
950
196
1
706
40
202
19
512
580
750
6
381
306
260
245
155
865
2
116
335
840
783
417
869
443
631
163
947
182
296
950
132
492
951
190
884
505
561
396
86
311
754
467
969
14
712
125
880
67
593
567
907
728
336
777
172
967
940
119
149
588
421
633
80
372
823
964
878
384
360
316
47
467
783
369
481
847
846
713
914
439
280
174
168
616
951
692
935
243
163
436
832
584
69
912
308
244
229
186
980
589
854
380
408
989
749
890
837
595
603
103
386
236
277
906
204
228
598
140
824
761
576
656
697
998
920
6
594
149
544
575
91
399
307
499
388
56
741
225
3
697
329
389
285
606
296
489
187
894
629
363
8
558
371
705
908
291
63
502
793
608
429
236
7
736
87
395
144
829
973
147
878
654
537
163
612
833
652
799
79
634
514
439
544
885
497
804
177
560
306
322
168
88
558
527
176
645
923
321
826
248
468
56
902
357
219
514
190
224
666
622
210
180
61
754
66
558
558
595
471
216
269
639
656
827
519
833
824
794
506
3
42
974
59
296
332
631
162
874
855
828
848
65
361
910
171
779
820
81
726
291
649
995
283
306
174
802
491
998
596
997
353
990
323
413
286
655
44
448
882
251
629
730
668
342
992
839
121
165
272
199
456
921
194
91
579
368
245
70
718
193
67
72
183
391
837
821
398
233
622
632
484
603
715
152
945
707
343
418
872
615
617
681
536
163
124
116
883
370
538
953
563
606
377
99
349
214
272
747
447
894
380
283
849
447
435
794
154
778
564
379
745
533
412
282
48
536
750
931
258
288
885
822
246
614
273
595
829
897
695
628
144
75
264
993
522
51
140
28
830
704
759
927
590
171
209
638
708
311
922
966
952
159
140
198
773
765
794
954
663
489
935
807
916
199
800
790
250
940
170
432
997
930
360
587
453
921
577
513
233
499
832
537
658
972
735
432
90
881
386
105
722
321
912
990
872
64
132
123
357
303
907
706
585
267
645
38
189
222
552
774
722
384
663
732
708
398
164
150
632
903
255
354
576
519
697
449
584
829
924
293
484
831
999
69
99
644
460
640
218
12
766
940
748
429
673
808
179
189
311
811
444
566
518
21
438
567
470
374
396
394
667
881
577
18
302
676
14
762
668
232
126
786
525
226
215
550
387
395
739
698
558
184
616
428
557
54
995
379
428
744
125
447
625
702
465
279
731
479
394
399
64
520
186
589
99
753
491
486
500
582
536
411
118
152
839
675
559
835
54
987
579
179
435
556
882
252
187
613
84
581
364
148
454
902
89
553
656
580
391
508
162
927
919
281
79
111
308
990
298
363
978
877
894
765
785
776
17
972
741
453
906
458
601
360
360
42
913
368
622
304
877
137
583
148
770
662
259
78
5
557
793
983
786
688
100
923
816
469
248
910
923
154
368
876
866
728
919
779
97
893
435
326
382
18
826
152
32
438
583
37
347
728
372
486
768
472
409
585
942
9
495
217
163
863
93
29
943
12
160
392
258
595
70
640
965
897
145
998
687
80
387
34
808
760
520
929
232
930
514
526
291
361
743
455
576
837
836
519
201
349
912
459
296
334
452
262
231
949
612
918
29
999
305
189
759
825
118
344
107
984
222
399
345
966
206
921
155
394
793
708
743
57
520
40
391
972
302
975
921
266
245
302
265
550
491
377
728
962
73
835
946
295
586
292
613
792
565
120
187
710
829
282
767
349
322
511
673
976
486
946
594
83
600
860
634
91
589
714
53
662
549
352
309
488
996
275
280
913
395
819
624
224
454
743
925
776
254
950
105
92
896
699
176
496
911
162
940
852
876
345
866
777
697
176
265
693
451
898
607
198
69
583
423
523
326
700
652
933
651
109
25
899
808
553
748
72
67
688
924
943
385
791
73
83
319
338
128
122
588
87
320
10
22
743
533
349
796
537
282
447
646
659
346
807
565
94
879
632
134
155
928
520
946
1
955
617
691
435
739
280
875
60
290
897
155
175
246
951
713
880
750
711
892
449
518
457
895
749
441
382
257
369
902
555
370
209
173
62
996
912
694
871
324
336
769
480
863
367
783
576
600
886
640
844
335
158
653
230
260
94
964
517
464
866
424
186
427
597
600
424
862
294
647
186
982
416
18
846
136
802
774
88
688
414
932
375
925
585
957
537
679
922
406
495
140
830
682
568
428
282
344
642
929
991
828
911
760
199
109
248
1
884
336
41
650
268
768
575
853
725
112
884
999
518
380
140
701
62
60
129
696
404
123
625
747
951
889
859
150
350
107
503
234
795
896
237
63
16
812
268
94
277
153
93
147
885
233
848
947
293
329
995
49
452
973
149
756
862
8
258
564
468
114
151
263
362
388
679
379
552
947
473
829
452
918
329
337
152
529
636
797
859
632
199
663
605
348
771
819
708
30
735
176
496
886
792
210
274
471
941
179
418
414
8
223
685
689
560
837
219
549
986
78
181
185
93
138
533
865
309
594
247
44
122
95
283
914
305
909
385
247
88
156
13
449
379
698
138
939
887
357
488
874
787
21
59
233
511
945
98
172
539
697
569
13
792
852
928
449
761
313
696
850
821
62
299
200
112
789
492
0
147
332
874
286
354
285
519
217
582
617
390
473
666
959
487
810
163
415
260
924
80
308
126
902
370
777
102
483
567
594
835
66
927
61
352
633
698
872
202
281
841
592
754
508
903
593
318
66
8
930
343
441
239
821
343
961
599
797
796
518
744
631
584
23
44
936
8
743
160
210
24
2
803
130
862
58
724
532
125
84
463
820
525
702
641
220
15
592
370
812
462
114
795
46
137
840
335
497
583
847
707
959
849
510
89
63
921
165
596
398
250
59
218
127
113
211
700
128
156
70
940
618
536
736
17
673
928
704
522
511
551
229
470
753
92
559
816
13
77
412
411
327
823
629
806
936
192
506
65
700
928
357
319
464
445
688
489
373
744
11
884
295
241
706
400
333
618
569
346
695
333
109
374
157
738
532
445
282
391
862
983
319
220
654
784
17
342
273
391
438
637
627
85
878
686
486
563
304
407
261
351
740
370
725
249
460
257
695
94
648
557
77
320
129
731
104
499
425
729
242
863
366
221
949
596
907
787
159
211
194
772
562
934
142
639
536
954
249
231
49
897
140
478
569
622
210
673
121
987
755
363
203
121
584
504
70
844
291
581
55
837
354
970
123
848
961
659
155
210
890
204
460
383
682
29
5
244
703
126
584
810
841
787
931
777
291
353
621
934
935
29
771
641
999
894
489
312
554
644
523
796
200
983
179
235
364
184
479
419
662
63
229
855
202
513
633
493
866
254
779
801
635
550
442
634
797
284
947
351
280
822
499
833
805
679
68
521
215
899
941
878
315
170
733
517
683
718
363
550
325
142
703
960
45
498
947
842
134
894
545
766
68
44
599
225
723
19
746
939
919
687
169
586
858
254
455
893
973
818
443
298
313
499
610
358
997
557
200
131
803
97
249
871
141
849
96
217
220
195
508
491
882
677
77
92
283
533
986
608
351
781
906
16
280
869
374
629
426
926
112
230
23
362
453
517
211
902
734
783
97
242
275
979
271
352
424
554
885
410
163
589
191
421
957
824
290
332
453
69
610
566
651
986
928
104
503
491
6
237
274
455
831
549
787
102
254
211
8
491
621
171
432
164
945
390
988
587
722
794
656
684
360
307
670
640
764
173
483
122
762
757
578
945
659
365
399
265
576
408
756
549
931
189
713
228
579
54
816
653
848
824
337
560
132
360
200
248
885
683
370
0
792
948
945
803
313
697
68
241
457
177
790
388
366
856
969
297
262
137
302
462
961
991
22
445
351
574
693
589
609
64
589
401
12
886
557
678
583
625
919
40
154
62
781
872
918
750
169
532
887
823
994
848
815
368
646
518
942
339
107
903
403
696
304
416
583
213
446
518
191
365
559
345
427
692
218
697
442
739
581
681
563
575
881
378
295
527
248
589
867
356
492
622
404
149
390
339
362
836
858
553
554
769
899
333
461
117
31
255
208
964
288
771
892
521
501
187
49
750
777
268
458
269
242
862
418
633
554
133
469
412
686
23
533
937
357
994
406
740
601
615
704
241
386
596
762
888
136
163
638
913
431
448
534
674
310
305
659
864
438
128
628
124
152
161
62
861
507
820
601
460
435
657
701
822
606
464
62
742
627
52
655
411
500
541
437
162
846
96
27
284
576
7
761
80
169
175
941
28
995
894
489
431
552
542
605
158
6
19
900
986
423
907
749
923
800
186
85
647
634
464
283
562
472
44
643
993
571
584
373
567
479
862
350
383
757
307
541
763
326
793
101
749
52
850
24
852
388
461
851
374
278
135
937
102
531
580
95
103
516
468
670
347
683
372
730
440
679
623
555
357
416
657
458
820
859
834
673
248
295
524
974
925
11
911
27
543
843
122
646
360
943
316
707
978
40
790
770
71
413
325
428
182
334
238
2
194
72
27
794
719
552
768
645
563
32
672
106
875
147
104
235
442
772
295
420
812
85
190
883
498
867
663
32
202
901
35
748
325
62
542
45
966
662
42
882
694
714
340
570
213
445
157
655
217
804
427
382
889
617
265
740
837
929
124
39
182
159
787
508
574
681
553
892
343
947
126
390
13
467
312
227
264
469
234
833
274
14
215
515
983
481
607
820
762
732
859
296
243
998
804
817
679
709
62
375
656
188
765
670
655
77
249
271
898
483
105
524
497
320
40
481
153
999
653
267
731
513
564
975
863
368
144
543
430
558
270
86
747
35
108
754
464
357
26
362
193
131
887
42
451
279
875
605
278
529
872
362
394
788
689
257
157
833
152
939
392
422
25
491
457
486
245
273
195
271
636
388
402
875
783
206
154
10
163
432
539
387
146
285
176
835
543
685
669
47
624
413
470
1
904
279
487
501
553
683
773
189
423
527
416
206
85
570
217
248
354
108
636
501
746
164
336
289
849
357
336
473
770
158
826
26
438
666
528
991
349
653
532
124
532
948
683
618
870
252
866
224
360
854
77
106
18
414
747
867
771
436
692
894
594
871
272
384
537
152
727
238
805
611
362
690
911
45
308
781
297
526
358
10
381
435
468
751
849
568
971
973
4
15
219
950
886
491
687
423
644
414
13
801
26
376
491
289
773
151
71
423
678
781
785
411
216
253
162
418
173
485
391
529
501
610
480
387
453
519
163
97
933
176
899
311
904
742
601
30
894
24
453
924
805
238
687
21
843
849
791
369
335
182
898
188
144
730
575
598
249
90
47
183
619
298
846
875
41
447
905
287
823
710
563
628
300
250
2
496
451
793
865
786
328
763
326
472
494
254
422
743
344
470
278
315
768
477
191
161
924
448
800
100
159
363
728
459
613
82
307
65
876
172
203
204
936
530
28
782
784
803
525
480
625
156
796
393
633
987
907
909
787
707
9
946
71
90
758
36
172
65
101
48
238
305
604
526
187
985
308
971
140
185
451
765
341
599
510
326
938
417
236
726
477
245
672
900
687
782
936
860
200
390
260
790
47
217
316
234
554
624
557
694
161
8
811
503
960
321
829
898
91
417
624
920
15
649
820
702
783
108
562
983
498
175
773
545
392
89
131
298
65
688
992
227
49
803
82
9
476
263
907
919
681
532
839
696
533
11
398
316
120
313
300
618
488
425
516
232
515
647
530
932
336
874
511
737
677
593
746
505
209
653
425
890
537
264
586
70
276
336
387
748
1
39
718
489
464
586
73
331
234
603
616
922
477
127
659
506
73
405
364
282
410
789
524
948
405
462
370
33
798
109
133
152
148
852
993
965
438
67
296
24
670
912
298
500
392
957
358
817
714
722
451
477
863
975
777
269
437
147
654
587
257
788
739
405
640
733
722
430
152
19
455
174
283
753
674
27
63
33
844
129
107
295
606
971
622
383
592
411
883
246
999
140
386
90
897
378
175
620
809
327
991
616
502
274
369
528
654
784
913
498
914
21
146
872
344
768
608
936
180
491
534
531
983
921
973
880
651
149
852
812
828
843
428
682
470
150
211
124
934
124
974
200
497
472
425
841
241
385
777
773
876
664
656
211
937
629
443
588
130
296
401
959
491
829
641
961
331
204
437
266
681
764
818
178
236
595
20
829
980
149
602
208
813
610
419
750
240
863
691
722
511
92
33
2
273
27
964
605
231
753
223
912
517
41
443
754
989
463
583
969
964
538
530
130
148
949
880
740
164
571
815
675
15
848
678
289
875
994
894
107
99
117
371
617
510
814
723
499
629
306
821
594
196
351
724
697
652
956
437
817
880
252
844
895
453
874
184
328
220
430
787
320
547
159
289
410
325
12
261
955
670
82
901
867
785
977
564
438
933
353
607
813
958
451
61
411
326
597
91
898
28
879
218
927
390
507
337
715
871
599
22
542
33
275
761
819
252
325
609
538
30
216
703
340
667
764
751
345
362
195
244
742
74
814
669
816
674
359
883
545
958
258
439
343
533
200
514
786
877
123
324
908
339
379
248
7
144
352
704
858
899
300
600
325
115
269
141
789
628
376
686
938
634
126
634
168
678
148
306
556
272
982
816
611
361
416
970
857
120
27
715
19
327
667
344
442
937
837
583
917
214
622
856
848
100
842
368
778
990
26
686
614
360
854
578
74
271
548
931
743
927
999
115
255
666
459
49
603
649
633
873
863
607
81
63
707
923
784
837
913
810
524
528
523
378
106
597
1
6
528
97
934
527
212
541
546
23
590
501
672
575
374
535
182
455
951
889
378
735
79
644
897
603
524
772
333
630
369
335
988
250
784
922
129
996
815
675
19
406
177
692
981
551
579
516
359
530
757
89
617
836
733
867
439
257
639
125
239
9
460
228
611
244
502
740
592
318
416
611
724
593
303
57
496
235
573
207
765
331
297
735
519
30
602
959
640
593
84
879
954
896
107
565
492
962
306
84
280
722
47
356
667
351
765
515
938
691
75
703
374
372
790
893
402
744
204
394
338
288
274
292
536
733
210
380
695
516
816
327
590
864
683
609
567
801
476
505
492
551
560
866
923
351
759
678
95
964
72
433
604
346
78
493
80
288
225
127
804
42
455
746
906
490
355
825
291
831
330
783
735
890
1
658
593
761
688
689
77
761
474
33
459
552
878
891
192
104
19
348
146
474
94
404
964
801
229
608
985
911
391
720
153
745
378
747
506
419
788
935
180
614
320
991
519
199
883
711
303
902
60
801
728
506
557
44
660
138
652
645
49
396
365
554
141
95
653
999
514
793
934
46
408
606
38
927
805
921
638
460
175
50
613
255
909
170
299
569
660
952
214
61
700
931
616
841
378
269
840
245
63
126
291
823
732
681
750
890
954
388
702
129
791
668
384
700
190
36
269
851
340
835
912
40
766
528
881
496
150
73
741
565
199
385
388
283
66
490
525
21
878
580
502
21
248
887
721
790
275
342
641
615
529
554
655
647
434
888
144
936
961
885
853
512
270
593
147
689
83
25
710
314
605
212
335
205
451
409
995
726
103
637
693
633
543
348
280
329
236
424
618
197
662
471
61
284
65
209
973
500
234
35
814
191
600
502
396
51
911
743
130
366
732
823
999
627
524
280
957
760
56
927
310
70
398
371
355
815
932
680
668
518
716
482
709
316
336
457
719
247
201
849
966
285
25
965
913
549
597
222
309
6
149
971
76
899
695
783
715
627
464
735
498
532
217
207
848
554
17
919
153
570
769
119
855
146
437
768
695
34
342
356
392
491
328
469
391
375
252
458
2
716
193
852
248
762
60
448
668
429
368
174
999
489
645
854
987
82
975
682
469
317
38
861
161
718
330
904
93
935
714
448
3
259
300
604
21
712
404
42
141
772
216
492
613
861
699
600
296
674
634
765
343
25
978
856
95
661
760
189
596
474
989
599
733
641
555
107
706
960
501
199
84
717
692
698
930
391
650
226
417
285
343
112
662
322
969
757
983
81
298
579
908
639
530
993
281
86
100
339
46
601
890
130
670
582
180
601
325
183
179
94
820
523
207
482
845
176
239
828
609
538
759
517
177
641
511
810
727
963
501
125
917
392
608
587
326
140
540
652
323
72
746
143
595
305
977
792
833
569
972
443
459
731
960
988
372
823
799
452
787
652
929
56
44
537
995
371
678
536
375
353
960
473
849
555
779
826
699
612
747
671
407
206
754
720
195
478
543
346
930
682
998
860
738
43
749
734
766
779
622
141
133
582
966
982
489
745
160
188
710
908
859
117
114
613
837
309
91
733
7
374
415
6
586
154
401
335
888
167
115
510
660
600
444
626
582
933
372
94
121
434
2
332
551
469
297
741
130
388
474
138
114
241
144
700
395
545
388
635
64
855
497
724
455
293
702
389
226
426
483
347
860
838
31
764
307
328
857
789
69
683
927
183
924
423
236
672
320
976
659
384
831
509
460
638
802
515
27
29
941
510
728
154
700
760
918
7
88
775
149
509
458
76
693
734
852
281
406
172
609
66
909
440
575
721
430
729
236
457
758
178
319
487
332
20
599
602
379
39
377
528
549
187
957
594
273
809
227
680
981
836
98
242
628
25
964
58
754
200
515
865
730
186
704
414
558
303
16
938
694
745
818
243
284
775
189
558
936
416
590
270
252
40
512
880
65
828
290
171
29
805
388
111
344
92
526
902
747
542
192
442
288
363
37
572
138
579
482
427
995
72
697
600
112
209
832
529
38
123
53
419
280
441
530
624
886
408
879
633
951
423
427
591
786
817
163
277
396
646
704
743
70
401
343
183
962
528
64
352
651
117
123
283
559
6
908
445
414
139
430
365
562
858
308
701
27
472
978
423
470
34
518
892
435
214
75
749
742
140
454
745
609
929
28
520
935
288
317
702
427
748
419
342
958
728
43
985
552
21
760
374
55
278
266
842
844
694
943
586
186
749
683
795
679
712
316
614
0
633
668
428
733
88
122
691
816
165
28
368
538
140
742
945
771
8
787
615
702
82
554
240
832
237
36
863
949
352
829
950
337
498
730
71
586
852
114
402
369
143
770
907
283
864
852
54
872
991
22
927
425
576
167
609
813
555
472
115
259
302
417
597
800
147
20
386
351
134
788
72
629
910
979
913
126
183
319
350
526
341
277
951
269
797
561
83
704
385
198
964
687
615
913
487
114
933
873
817
67
13
889
697
275
220
962
401
755
633
752
633
327
381
584
596
530
497
679
235
883
229
199
570
196
112
410
662
397
283
831
816
649
720
865
276
292
827
678
399
461
782
32
788
163
969
736
694
466
416
281
701
997
480
624
546
944
34
208
341
669
392
157
670
464
23
947
757
202
977
156
15
759
541
155
922
510
892
968
328
660
249
382
9
81
6
555
25
392
116
718
413
508
228
436
972
251
383
81
805
360
590
821
119
131
328
393
641
220
362
321
232
963
703
242
45
709
149
70
453
265
141
219
125
369
655
450
620
390
531
777
750
121
950
221
604
279
966
245
851
328
567
84
292
622
678
689
684
827
111
137
445
252
708
570
621
363
20
593
753
552
371
855
25
321
428
630
952
395
227
804
75
146
888
719
769
566
408
453
745
520
942
190
772
651
113
746
366
133
339
472
37
62
327
415
384
108
45
688
503
624
492
578
771
732
650
892
650
58
697
396
930
639
586
703
642
699
449
9
185
140
481
574
203
160
989
939
268
386
627
123
11
472
54
134
204
704
26
855
762
75
251
693
714
189
748
709
241
549
718
778
41
551
352
244
63
694
535
332
80
163
455
91
987
509
577
191
565
955
398
328
30
1
373
97
191
473
806
784
22
876
914
63
427
266
660
490
960
195
174
393
710
982
836
697
843
414
241
409
369
639
89
400
641
462
497
184
935
655
968
309
531
234
724
958
852
384
800
813
932
327
558
994
309
394
692
152
808
285
561
178
924
650
930
565
464
779
101
751
434
421
60
965
655
785
275
508
521
75
673
453
754
231
800
63
625
844
568
786
129
129
316
53
132
246
971
948
377
424
700
811
846
112
128
501
249
403
361
771
830
34
576
585
265
376
648
243
572
216
29
701
698
345
107
182
943
430
482
320
854
534
483
700
647
611
554
896
14
915
19
196
950
948
781
567
676
782
162
249
350
191
950
400
888
57
934
183
839
417
503
694
951
338
746
950
949
652
847
315
568
218
512
870
166
645
789
843
779
952
92
130
495
394
882
736
804
817
919
643
586
775
689
889
113
436
840
63
88
687
730
8
257
242
230
424
240
20
619
19
324
63
149
819
809
32
555
613
201
475
609
787
602
298
676
715
734
516
130
175
555
861
535
165
103
766
589
343
786
560
715
110
623
864
281
432
248
837
398
801
664
7
588
266
305
617
333
392
485
464
919
393
325
454
558
780
220
499
476
358
59
191
468
34
407
750
818
656
939
216
457
955
575
398
221
233
367
554
625
852
370
896
597
695
350
155
476
923
654
304
281
65
495
102
99
902
852
270
910
143
838
720
98
414
470
671
647
837
577
624
41
948
520
639
995
222
146
471
145
801
127
779
218
622
881
318
877
85
588
139
228
778
859
678
192
681
349
191
518
278
167
912
578
687
903
574
262
49
397
759
850
525
538
69
147
419
739
376
504
679
516
84
457
375
762
2
57
463
193
927
742
361
191
672
400
94
246
14
144
644
774
346
169
664
767
668
84
506
45
940
537
561
25
347
288
139
349
697
603
894
977
697
607
168
369
360
263
616
374
407
612
500
753
781
165
521
449
601
379
846
541
269
407
918
616
48
58
317
745
13
563
722
62
523
891
783
883
506
751
609
913
363
462
18
144
979
891
946
580
623
792
473
892
552
392
860
600
802
529
697
815
92
772
229
967
15
12
202
521
764
164
786
127
626
804
624
605
48
922
537
671
66
10
563
618
402
775
570
556
304
268
371
748
40
600
68
407
965
270
928
729
434
714
208
412
870
184
369
918
458
906
589
525
917
504
495
671
279
66
228
935
686
951
36
78
904
104
485
869
374
413
950
161
479
510
573
349
695
943
268
153
849
857
30
118
714
526
790
993
944
370
281
630
321
317
60
225
421
545
94
147
310
44
308
789
555
234
138
602
529
758
107
730
616
138
849
330
16
991
675
960
361
956
590
682
625
2
260
46
547
706
546
857
103
206
998
10
440
136
612
321
895
71
52
863
209
253
545
577
244
572
537
957
529
479
991
154
481
603
553
28
310
99
237
413
305
235
423
98
724
35
419
971
106
823
186
668
76
731
245
672
655
135
981
184
614
973
691
448
928
596
828
238
47
66
651
704
653
74
802
377
461
574
700
920
397
886
588
826
969
185
850
625
672
832
161
287
157
204
87
85
800
915
324
847
981
975
904
987
402
706
716
863
632
417
783
382
655
723
560
977
261
410
602
933
594
115
572
751
320
659
189
472
927
513
672
908
840
576
247
242
634
964
458
619
381
241
1
388
317
913
365
578
323
319
863
918
435
788
21
107
799
210
931
726
75
603
987
268
531
234
862
166
198
320
785
931
914
138
320
583
51
37
513
726
357
376
644
144
516
18
603
316
580
534
42
656
490
29
276
21
264
138
539
462
811
676
746
725
814
66
660
217
455
173
944
164
901
940
308
418
310
263
734
891
150
128
899
992
158
175
365
774
313
905
588
124
933
334
201
100
752
861
317
208
34
613
372
288
906
33
706
216
648
792
459
798
920
358
142
430
533
508
204
847
413
793
323
698
479
525
798
232
386
116
792
773
81
516
61
987
901
119
556
550
911
15
700
183
726
843
614
259
351
170
106
116
963
782
814
443
307
613
27
45
81
819
170
514
687
231
854
589
702
410
139
613
777
839
149
503
34
763
763
737
933
221
853
249
3
20
44
662
985
423
708
418
242
878
932
281
462
786
870
164
548
9
130
678
201
279
181
587
394
296
325
679
870
530
280
225
902
324
888
887
747
948
657
341
178
942
623
640
728
845
157
629
855
639
307
408
270
840
995
664
489
672
695
359
203
976
936
105
652
176
345
400
124
354
93
655
296
68
647
25
914
804
6
121
443
313
881
713
505
228
729
994
901
425
353
456
401
290
561
53
818
258
805
943
613
251
950
909
671
597
286
937
402
292
58
197
957
291
263
463
520
344
457
421
121
163
877
874
805
790
280
623
49
437
918
14
688
868
275
712
466
562
649
220
206
60
769
164
351
384
979
871
81
436
644
202
599
521
77
756
664
357
380
65
794
298
79
835
519
354
547
985
268
196
557
475
256
326
991
960
63
970
831
144
406
476
346
358
349
775
114
13
132
846
430
279
497
509
114
16
216
13
353
484
561
910
311
170
588
302
130
3
272
313
147
31
141
846
389
491
621
855
856
106
54
639
385
551
148
851
919
716
864
272
553
425
534
864
947
474
519
77
830
791
391
977
822
532
175
563
375
149
771
584
255
825
223
992
376
723
195
647
440
411
919
345
188
805
209
136
631
728
213
461
872
956
791
46
841
966
610
568
467
733
152
74
558
727
66
286
803
613
933
595
24
204
940
565
9
501
701
992
582
266
454
454
223
245
852
416
563
814
984
383
547
489
457
105
216
876
391
371
489
676
966
866
880
258
431
241
760
132
234
342
398
40
148
973
637
352
389
552
167
374
935
714
863
393
820
431
269
563
155
758
592
121
976
472
380
407
66
492
539
652
186
290
44
686
615
681
38
5
585
205
731
521
920
946
266
92
377
535
7
884
645
599
6
622
72
738
381
490
230
921
142
768
563
186
454
178
219
492
183
804
698
266
325
970
212
943
62
942
478
69
826
476
669
184
450
93
922
831
583
504
104
77
272
667
263
78
198
834
571
733
638
621
0
316
591
212
259
5
506
90
426
333
566
447
517
368
892
792
199
475
648
304
904
921
323
519
999
521
353
922
255
992
543
607
660
486
819
919
843
326
9
270
11
927
69
880
295
962
672
847
789
321
503
694
594
178
213
945
700
919
868
307
911
763
914
923
602
85
842
797
763
204
419
774
483
489
7
779
451
679
978
592
352
481
286
298
659
852
244
711
771
464
370
34
579
636
957
533
722
151
331
485
355
750
612
839
239
619
970
42
650
948
987
355
781
273
653
792
477
897
856
248
713
226
634
293
863
591
826
585
95
509
422
450
260
386
641
851
357
963
246
8
911
233
363
44
858
368
837
336
266
693
936
979
271
923
624
134
514
803
71
961
312
846
412
572
232
405
776
942
369
22
302
632
255
17
677
465
385
866
153
651
559
90
983
182
13
959
317
879
762
388
841
427
586
605
351
171
362
127
113
731
149
415
364
756
432
393
574
817
259
727
821
170
169
804
352
182
115
21
414
230
762
607
657
348
564
8
519
926
136
632
10
637
47
726
746
831
119
672
649
730
399
822
900
569
978
604
103
93
626
869
323
388
476
332
736
392
341
608
319
829
240
681
818
640
407
916
823
526
588
824
608
340
646
860
261
624
464
364
718
442
234
393
182
62
726
271
455
419
879
126
600
471
807
418
463
214
687
287
92
627
111
700
967
758
912
228
382
376
945
452
171
531
198
353
593
276
624
400
695
855
878
295
327
685
65
790
251
752
429
695
732
541
747
699
299
659
280
33
36
225
838
559
756
36
912
701
312
889
454
359
96
332
654
775
370
71
566
621
176
347
317
908
888
64
607
539
724
239
925
112
816
763
23
572
151
935
626
815
176
80
174
625
764
180
400
134
251
318
108
427
666
425
335
554
841
295
446
917
886
371
381
703
134
404
627
637
692
253
452
220
685
626
845
450
806
246
936
409
916
44
837
582
821
524
489
663
171
935
932
58
306
666
761
792
70
388
429
114
994
881
687
679
859
532
481
17
130
770
426
47
814
615
981
636
492
470
651
15
405
935
73
63
601
186
855
24
927
636
138
921
869
177
952
728
710
786
97
192
556
876
591
370
843
573
358
335
43
9
351
801
945
776
864
898
315
720
922
242
708
413
515
578
590
819
658
652
605
756
845
161
632
436
884
475
361
242
163
405
604
866
206
901
994
422
799
309
494
74
903
203
487
418
781
429
238
439
82
195
547
927
709
531
715
593
359
77
187
522
834
143
740
392
44
734
814
196
396
309
270
299
512
757
70
293
538
660
84
620
855
984
899
916
515
967
861
874
44
49
748
230
544
840
622
941
927
436
137
323
745
407
974
609
516
396
254
54
56
691
27
264
675
926
180
190
893
42
417
289
443
517
519
339
358
141
280
285
930
417
960
27
176
934
637
44
331
243
451
739
934
478
3
609
404
536
152
650
930
921
939
725
438
811
64
148
952
345
785
234
114
745
262
643
32
251
687
715
846
490
454
781
968
810
742
725
698
894
375
628
167
666
705
606
477
769
754
782
466
892
368
933
637
982
576
21
233
615
736
80
106
543
213
426
705
955
151
403
202
878
383
369
897
88
327
726
209
434
508
28
326
229
313
315
211
241
337
797
856
425
229
314
968
442
741
25
749
892
780
303
123
163
25
20
603
352
746
165
138
607
545
816
188
858
132
399
99
821
196
307
246
777
622
567
219
363
592
321
607
373
976
730
888
1
102
844
706
201
9
844
160
554
661
348
764
145
747
863
966
296
170
564
73
792
483
645
507
76
318
115
801
294
197
41
296
300
885
2
853
894
198
13
800
211
361
916
356
108
779
674
756
302
591
830
446
74
475
306
502
793
421
303
439
970
345
735
622
582
89
475
477
288
488
629
851
201
546
560
662
677
234
418
331
177
248
130
252
75
436
754
220
209
410
660
179
107
747
154
689
837
629
518
477
470
500
328
23
398
888
685
75
475
104
759
652
704
889
256
132
677
11
352
886
773
364
65
880
464
219
921
301
201
440
778
23
292
458
46
690
347
732
117
822
836
876
826
892
117
83
24
794
446
729
680
219
93
98
451
557
669
724
210
870
516
340
245
808
799
292
498
146
376
616
320
212
844
146
456
962
229
481
108
27
210
789
246
655
239
49
565
908
774
127
131
290
468
376
451
267
20
949
765
396
917
437
960
762
583
417
76
165
250
536
192
460
325
791
467
916
192
384
825
966
512
308
609
980
36
60
599
409
361
364
805
631
801
118
745
736
535
821
253
785
357
446
597
35
589
416
951
781
801
128
100
313
788
61
645
177
473
244
586
834
960
391
465
761
509
210
849
396
383
103
533
93
901
482
480
490
899
783
623
700
264
723
365
52
136
10
229
609
606
815
796
566
559
613
327
420
176
528
817
559
631
702
4
532
185
836
374
84
620
998
136
884
73
853
288
210
863
870
171
469
37
967
387
596
581
66
17
757
594
186
668
226
240
25
110
425
861
485
861
481
835
349
717
908
202
358
470
417
228
642
238
265
961
625
862
542
691
231
651
286
769
320
864
361
345
974
787
206
811
0
40
646
350
109
907
904
467
377
322
695
371
912
961
333
538
175
227
581
758
879
219
879
551
435
240
896
762
379
454
573
380
846
572
82
956
479
986
423
208
660
471
932
573
432
265
463
959
844
396
69
723
616
948
274
51
540
522
813
920
329
739
652
175
311
734
483
142
720
907
350
381
378
282
306
162
899
769
473
96
165
542
819
133
842
446
185
382
968
350
654
297
89
306
825
752
40
308
894
113
567
597
494
297
231
800
811
483
569
284
579
86
178
398
220
20
196
757
755
517
107
409
166
549
716
991
653
108
652
548
221
219
145
715
869
376
867
680
859
788
317
438
875
495
189
447
868
737
204
623
254
663
384
421
564
100
412
218
561
416
766
782
988
263
850
857
639
717
889
851
858
206
641
733
54
182
532
274
920
736
897
174
751
633
595
316
86
360
534
647
128
300
429
116
563
279
973
554
349
215
757
207
421
399
292
827
933
824
101
853
912
350
380
663
984
327
979
70
687
513
717
168
165
498
284
80
130
610
987
479
825
744
686
598
495
978
426
429
154
879
282
66
230
662
729
566
342
61
636
29
926
705
549
92
555
834
524
685
796
511
164
621
608
202
219
103
180
997
532
686
877
167
752
459
181
834
377
523
247
13
905
173
70
454
265
625
640
142
311
436
653
827
57
261
30
629
365
562
978
249
249
207
768
353
18
950
187
395
825
434
760
730
960
830
537
225
808
177
719
471
966
373
298
23
986
328
4
703
891
983
953
492
542
73
845
561
23
385
956
201
171
717
283
131
899
820
709
707
350
428
178
316
153
477
691
140
157
696
843
400
31
148
892
573
222
738
486
597
123
443
150
646
160
434
778
59
254
839
119
604
267
297
272
421
126
964
913
636
12
756
36
43
257
929
968
831
667
455
780
142
250
931
140
410
365
918
821
971
757
940
928
377
590
200
150
68
164
63
56
528
171
93
571
780
22
892
963
41
699
744
535
949
27
675
711
744
946
532
715
55
825
995
432
767
196
934
187
712
349
244
241
873
337
164
653
711
408
617
104
107
713
639
56
740
314
767
484
612
652
551
668
829
547
452
596
95
387
135
159
736
379
752
609
68
917
615
131
677
232
235
785
297
874
193
37
541
313
873
153
317
776
821
146
675
274
94
122
13
229
282
101
961
34
711
381
303
678
513
981
262
748
118
559
975
663
948
516
976
173
21
293
949
843
791
977
469
885
99
834
467
381
935
780
768
998
161
71
676
674
52
938
423
522
497
750
186
797
266
162
970
287
808
272
482
951
249
303
189
348
137
656
82
425
788
850
423
949
273
100
624
678
390
399
200
888
149
386
37
767
901
8
406
61
280
241
12
881
544
201
581
34
209
663
459
997
865
882
299
139
334
923
169
725
674
369
965
175
756
2
942
657
10
700
718
642
941
82
523
486
284
105
872
845
120
331
843
338
565
142
829
900
417
998
625
443
367
590
618
475
592
912
132
955
612
202
597
554
285
121
392
921
578
264
766
50
595
961
388
160
103
569
412
872
567
37
315
287
979
285
762
572
549
895
879
514
449
476
68
734
949
812
655
879
76
774
930
23
735
670
535
191
240
948
63
807
337
731
94
317
368
857
241
918
104
120
784
905
948
852
640
898
664
647
777
92
773
59
115
509
730
2
700
970
950
115
129
288
198
224
957
919
433
198
189
889
318
973
794
266
825
786
516
841
786
646
285
559
705
752
68
787
754
120
757
705
588
887
345
786
463
302
705
248
500
894
489
170
867
283
788
44
422
305
237
208
303
522
767
8
274
188
796
381
660
905
438
248
144
783
387
959
437
444
559
289
691
48
459
910
332
599
955
754
904
544
314
559
419
81
568
45
621
716
426
282
621
864
882
118
999
269
77
436
714
637
725
405
685
536
315
369
136
622
475
392
519
789
952
938
223
520
983
196
588
762
478
561
626
713
679
626
982
757
414
48
746
140
453
783
676
121
153
812
95
980
205
614
122
157
904
697
29
888
893
617
2
724
178
628
437
210
606
771
967
21
820
65
513
625
848
541
98
353
354
546
686
911
160
808
420
65
857
801
305
750
418
307
826
948
287
615
158
246
739
477
619
559
894
132
536
743
673
987
96
379
533
782
642
693
942
62
110
799
215
767
902
633
426
728
934
714
696
444
960
435
274
579
346
168
63
234
263
736
221
712
468
106
494
110
152
789
525
262
940
740
382
842
726
808
923
12
874
619
456
186
406
82
765
752
251
180
338
514
269
560
226
737
666
73
199
818
214
724
433
154
465
815
997
543
975
272
555
850
891
363
36
649
446
154
753
697
334
91
563
603
3
142
692
22
567
892
192
781
616
977
935
433
144
284
976
120
556
531
322
799
247
358
448
693
512
553
742
199
645
657
154
0
799
847
22
718
739
215
499
707
544
787
141
689
423
469
809
332
353
483
131
600
841
932
293
706
485
387
257
482
44
411
483
844
258
857
562
349
424
414
409
969
553
550
658
976
371
819
308
724
302
792
676
495
76
969
201
561
356
458
396
753
222
879
597
832
736
511
182
513
277
591
482
182
493
140
511
216
311
819
941
965
963
969
460
39
291
14
953
999
472
349
752
46
580
701
879
668
213
413
181
842
356
15
25
201
507
536
417
818
707
710
783
23
680
244
414
971
610
367
970
82
68
723
481
0
424
360
21
989
773
202
832
481
218
209
682
725
97
99
896
156
810
31
179
842
627
594
813
237
313
135
672
382
858
153
734
635
513
755
624
638
958
808
119
528
369
801
605
466
252
853
623
414
885
154
256
512
748
69
750
62
205
422
796
415
575
530
50
440
286
27
78
596
187
549
476
557
702
433
375
954
287
998
721
524
153
977
36
253
399
138
315
956
912
111
723
839
642
126
279
280
153
709
876
340
610
352
249
312
785
625
619
72
975
340
596
480
669
985
86
68
475
401
376
388
865
100
579
859
226
211
139
731
272
367
423
883
719
673
547
856
650
518
281
977
210
877
458
880
214
544
300
690
297
677
430
514
129
9
725
355
220
864
86
493
583
861
728
302
534
275
159
536
146
440
514
356
669
972
236
236
868
537
278
517
566
708
32
695
69
757
402
642
974
840
487
557
701
567
212
588
842
371
124
988
163
638
697
184
962
933
420
830
822
50
700
388
110
732
435
180
841
189
174
815
381
661
725
83
228
937
23
422
660
147
763
175
138
460
359
100
745
132
283
568
182
983
308
293
67
96
473
908
285
999
76
667
12
801
102
592
90
125
366
750
624
129
925
762
941
636
863
39
768
498
959
951
481
267
244
548
715
69
808
353
420
884
20
432
685
474
24
127
951
390
877
575
872
154
338
165
791
553
556
911
403
515
214
884
135
458
784
850
879
592
203
651
829
575
83
866
49
459
994
0
202
223
928
426
378
618
943
521
523
500
432
926
15
647
162
150
457
946
1
689
890
204
340
719
132
776
586
181
235
580
534
789
803
462
215
533
432
159
406
955
659
839
881
674
838
395
177
647
341
178
688
583
734
381
303
866
509
241
400
744
173
286
886
976
100
101
862
532
612
268
487
271
459
720
298
649
115
827
649
808
357
337
391
91
70
46
310
579
639
62
676
812
348
562
141
448
15
3
332
628
623
819
251
83
891
901
732
358
728
381
166
85
71
909
529
141
308
839
721
299
253
397
112
601
311
605
401
326
960
733
306
583
904
558
666
795
459
751
505
188
132
23
625
555
284
154
697
592
345
770
892
598
519
356
551
182
961
952
508
921
37
815
504
941
725
523
88
184
274
945
724
758
968
350
666
253
504
363
197
202
485
89
800
356
797
704
538
110
8
398
383
46
213
240
339
938
763
780
475
389
725
199
499
694
901
165
299
758
880
496
960
365
938
112
73
735
816
611
198
177
10
581
223
575
821
914
866
936
694
693
325
772
892
825
818
146
990
117
904
871
613
216
588
551
680
662
639
849
273
837
26
635
418
601
563
592
515
429
528
562
122
854
686
366
31
504
864
21
973
768
244
586
336
833
490
17
495
129
218
120
318
244
108
736
845
671
328
712
452
209
626
574
63
312
292
94
816
157
467
789
277
712
728
966
897
218
983
744
699
201
864
17
797
972
105
642
995
786
706
447
995
333
373
410
645
666
856
814
175
323
955
452
387
35
418
284
253
753
28
304
306
245
321
103
569
779
97
917
565
156
364
560
489
738
322
486
756
178
300
931
853
608
735
241
643
506
877
249
259
258
553
918
855
227
373
424
6
471
341
571
627
58
483
468
148
805
954
904
335
607
187
188
215
922
781
858
428
659
107
40
269
661
958
124
240
683
900
246
154
594
817
133
652
652
953
800
809
908
56
144
515
243
332
82
517
114
940
298
125
400
338
394
413
648
518
653
331
770
899
838
364
68
323
16
72
629
168
881
537
224
377
404
819
61
486
337
527
778
635
652
530
325
398
943
325
268
596
8
39
847
198
403
267
522
772
339
151
940
572
40
517
949
796
336
363
634
25
890
412
12
895
943
337
293
238
14
562
187
23
953
34
221
356
654
95
480
993
598
421
918
990
290
219
786
626
582
420
4
473
185
16
368
128
706
13
718
72
927
905
95
880
292
669
589
946
116
69
291
715
842
209
705
132
429
844
111
11
264
115
836
801
483
204
281
541
570
0
614
497
905
61
378
197
730
319
143
847
388
435
914
231
996
971
715
425
815
826
789
432
293
625
233
777
182
867
670
752
867
284
249
772
346
979
322
428
298
817
627
687
252
541
270
601
865
985
26
32
164
167
464
457
793
50
586
975
917
257
79
784
541
680
908
239
660
582
668
310
400
295
349
4
189
619
605
54
957
984
86
121
151
903
930
296
953
517
623
222
774
702
358
667
383
618
907
395
201
927
705
601
222
55
957
411
26
563
817
983
547
904
456
50
807
387
347
112
904
970
334
30
25
692
697
408
310
956
155
511
883
860
464
458
267
422
221
294
337
39
629
236
943
86
286
750
473
633
862
729
956
548
759
981
240
808
741
902
765
248
766
0
460
230
810
728
4
32
374
341
71
3
577
14
441
216
116
914
201
330
643
157
878
754
490
470
563
583
372
680
831
138
680
292
369
491
20
725
875
746
67
946
101
996
960
543
212
428
809
414
758
805
923
988
559
766
458
474
349
830
154
181
969
187
473
690
30
845
415
905
943
834
851
44
183
163
587
747
591
749
513
701
554
789
689
465
555
147
940
904
329
94
85
298
633
910
340
663
107
108
568
50
294
419
95
477
934
34
577
877
135
90
930
41
879
619
507
434
118
799
691
448
245
128
98
879
391
791
542
498
899
111
901
545
882
996
375
169
382
952
46
870
394
977
911
274
948
770
60
419
569
751
867
815
232
317
694
623
108
588
121
359
51
22
905
934
370
632
455
105
584
501
975
978
830
238
604
779
9
17
198
578
768
417
745
352
86
439
975
547
380
97
906
431
471
163
717
194
147
172
299
731
674
626
62
856
864
666
635
873
683
185
452
804
602
549
508
41
341
484
588
721
933
846
152
404
362
870
598
509
394
249
241
68
875
655
277
740
673
912
965
357
98
769
513
52
319
21
93
660
857
681
381
790
880
885
195
242
107
145
751
502
395
344
570
622
999
847
714
673
112
680
382
562
449
247
966
120
620
412
780
478
445
513
620
325
399
815
567
506
313
671
8
60
15
931
682
367
130
397
392
594
429
126
156
230
373
475
351
345
887
483
175
332
997
796
658
748
963
577
606
276
248
615
336
616
898
371
335
380
768
727
975
549
853
483
779
578
310
130
923
197
614
99
530
963
247
540
63
210
117
669
839
718
636
527
334
534
898
669
267
18
748
242
567
601
77
347
531
388
829
454
585
795
905
467
110
504
359
173
715
477
843
906
547
479
433
881
366
684
902
633
702
2
227
622
955
656
969
486
44
150
940
982
946
198
801
56
702
161
582
769
990
425
675
537
256
461
770
622
145
24
607
847
26
186
469
981
843
790
467
239
293
759
573
239
957
375
647
12
888
229
781
878
6
809
767
615
270
537
589
767
561
197
966
587
735
788
920
578
578
387
818
223
146
743
462
456
118
462
820
358
43
953
588
402
762
355
17
384
892
606
503
805
155
470
392
891
258
312
469
188
51
639
412
550
383
226
6
853
688
178
212
84
131
800
486
246
156
503
982
400
109
486
206
617
956
950
508
566
615
977
106
666
969
870
216
704
97
574
557
137
752
121
573
884
274
59
482
782
562
464
182
24
302
740
641
610
691
501
176
306
830
635
972
799
505
541
503
954
115
413
444
220
534
17
456
808
77
938
590
991
754
125
367
57
865
360
667
556
861
844
214
692
831
539
843
336
80
347
643
547
112
87
767
646
104
575
807
533
513
749
525
268
226
244
325
92
605
344
0
818
540
567
862
371
106
706
60
538
405
703
85
517
790
205
515
246
780
674
780
646
424
657
266
650
901
591
94
858
935
95
29
828
662
891
199
120
597
259
658
2
962
95
871
104
300
387
351
433
61
483
79
485
140
345
488
393
288
582
604
575
29
633
403
43
876
955
163
474
214
173
828
529
269
700
985
921
87
336
706
500
171
137
338
663
834
826
409
122
760
13
50
790
998
805
833
874
760
349
700
327
522
529
208
791
229
193
65
668
882
771
168
53
909
506
717
743
332
126
218
93
491
620
235
489
425
420
715
538
769
416
217
644
297
425
435
526
618
852
194
852
624
362
906
885
221
975
628
553
101
198
998
944
818
585
785
244
6
500
134
127
268
351
771
565
128
559
91
98
411
637
951
387
352
857
272
573
832
253
478
285
451
477
229
270
62
14
866
420
866
0
548
135
703
671
52
831
230
496
281
994
133
232
381
485
441
654
410
625
907
889
910
710
718
491
980
132
857
846
553
76
198
453
211
901
124
615
84
355
111
366
349
245
598
82
82
40
88
493
17
347
734
928
58
452
771
38
584
981
237
489
57
435
942
620
337
419
235
773
774
347
139
475
592
90
557
26
482
998
871
499
345
605
779
403
57
551
442
994
532
679
483
941
114
426
561
803
845
796
577
971
143
68
798
87
510
707
114
992
705
985
844
51
943
975
454
0
526
248
994
410
279
478
703
746
256
264
549
453
61
478
424
556
899
574
996
761
281
462
106
987
447
950
390
742
925
844
743
804
445
89
566
724
919
270
470
527
886
372
980
947
202
756
856
101
330
852
863
964
314
969
951
113
271
341
856
196
537
951
352
982
40
271
707
312
541
529
839
427
901
820
727
104
928
583
205
259
787
420
223
101
741
526
566
12
219
422
561
756
725
913
91
118
536
150
430
77
679
269
857
581
441
584
37
370
519
594
981
658
15
204
111
108
82
677
121
301
452
34
409
177
299
852
295
836
2
725
913
34
347
122
967
140
58
4
510
929
598
491
587
965
47
698
74
129
376
547
782
180
581
544
357
880
396
5
716
399
82
982
785
429
104
752
570
163
756
432
92
354
924
680
672
323
730
746
453
458
293
587
638
874
131
348
106
528
353
823
279
435
805
64
217
909
816
139
72
924
571
517
630
847
549
302
171
279
400
976
90
693
563
728
919
695
428
26
223
781
201
854
569
6
918
786
915
86
277
340
10
200
209
640
48
758
295
571
389
695
547
479
389
462
560
660
157
988
38
732
122
239
586
691
245
856
829
513
294
106
205
656
306
414
649
706
524
944
629
265
639
528
97
380
991
657
393
148
997
431
233
119
671
171
810
268
380
991
133
674
97
338
683
756
104
332
814
628
276
444
894
267
972
991
648
315
0
41
464
997
472
49
469
495
220
631
116
600
623
249
627
72
588
310
828
692
642
995
673
270
791
919
537
115
262
537
431
262
578
247
611
403
296
80
250
868
64
366
469
687
616
448
759
556
758
940
248
752
287
273
22
78
192
911
193
806
449
976
68
379
223
32
782
519
464
385
388
528
751
209
567
719
657
679
275
767
971
876
519
258
501
893
688
694
804
881
500
605
210
921
985
433
305
119
305
769
504
45
650
608
254
217
679
263
896
307
30
867
183
901
477
684
146
165
730
302
399
583
908
609
856
245
42
161
364
699
930
221
744
932
181
350
150
860
613
398
167
995
266
702
248
743
739
394
909
821
697
660
756
957
269
612
202
663
125
918
363
408
139
107
340
672
810
490
885
423
889
404
771
507
107
19
602
198
414
863
19
463
523
776
420
792
740
622
456
866
540
171
274
32
630
614
56
440
457
941
216
346
346
987
205
805
6
807
3
772
671
374
235
194
502
655
339
243
629
147
461
522
318
735
906
300
701
962
741
158
904
957
856
250
944
61
55
302
221
410
75
892
784
310
438
287
318
129
882
299
276
343
821
946
430
79
247
131
42
988
642
946
297
498
548
593
912
955
895
133
365
970
377
149
633
167
788
303
297
670
954
573
365
776
520
795
207
767
927
249
107
569
547
404
419
95
997
331
402
244
816
767
567
545
269
200
713
57
855
10
80
809
935
445
937
807
241
145
574
520
746
33
441
294
789
860
741
138
544
496
383
712
263
950
258
532
502
971
942
709
333
22
518
620
819
808
428
412
305
354
932
51
388
725
697
529
586
791
668
482
287
403
194
550
705
804
435
559
127
729
268
460
103
138
81
922
946
861
335
603
215
619
655
603
345
352
133
283
143
153
765
782
908
311
333
613
116
120
172
595
849
792
56
952
282
489
226
581
350
913
184
565
533
839
521
230
544
6
513
39
511
630
822
419
293
507
384
761
627
908
357
828
700
765
780
334
606
358
915
308
272
100
225
157
291
746
387
835
104
252
227
615
234
401
386
527
908
770
641
887
678
998
715
730
763
847
65
369
205
980
677
829
80
254
986
724
1
373
911
457
977
138
425
211
539
811
91
799
582
732
686
260
82
753
991
845
952
56
566
158
388
595
987
821
849
326
545
202
51
456
12
29
947
437
592
486
248
35
638
830
119
676
443
201
430
786
398
382
194
964
892
582
911
232
755
113
558
300
667
609
757
679
990
704
116
583
542
717
970
532
899
90
209
342
291
991
480
690
725
26
6
618
609
270
202
364
383
760
17
402
721
126
82
712
182
550
647
724
267
617
609
167
59
818
861
351
161
342
393
886
368
751
504
329
21
706
46
756
818
63
159
540
541
593
604
723
143
603
447
411
220
408
930
280
226
791
983
387
485
728
274
854
479
130
535
853
189
933
961
359
996
472
251
537
65
855
612
561
458
412
324
31
820
254
663
47
45
998
786
883
726
412
89
205
895
624
410
436
558
372
795
906
844
47
796
262
254
408
823
65
820
147
448
641
401
111
40
798
461
178
681
187
943
122
744
838
747
507
274
657
879
421
563
75
468
711
337
75
472
512
140
292
659
588
285
412
51
677
563
512
856
596
51
151
719
147
989
818
654
615
475
533
388
390
961
857
454
298
284
926
811
424
218
822
364
856
235
415
533
150
279
741
746
682
892
817
829
233
635
484
200
462
369
589
853
330
798
307
981
82
233
792
506
803
966
870
11
553
637
545
703
268
638
802
950
531
619
131
116
607
967
317
69
337
906
922
19
704
581
0
138
166
144
644
970
111
866
333
664
855
230
720
123
869
522
425
752
493
556
868
100
524
537
522
213
795
796
232
499
378
585
989
544
81
633
866
544
851
200
561
58
782
281
533
651
155
958
755
0
867
624
453
743
513
975
956
309
771
540
160
501
477
150
398
559
135
264
103
987
816
664
397
599
297
931
602
452
241
358
453
108
334
906
203
847
233
511
508
4
52
669
506
881
819
904
440
954
520
896
293
689
560
691
640
858
974
242
662
215
952
115
676
286
373
879
486
606
391
346
963
795
15
821
676
186
77
469
493
597
365
786
638
277
829
278
487
803
873
150
371
825
617
47
464
991
926
302
949
317
648
912
464
16
733
141
202
810
610
695
760
327
834
398
604
663
29
92
819
902
594
190
79
211
589
895
202
515
197
504
185
198
416
649
214
502
142
768
664
104
464
424
783
298
175
388
313
204
832
484
458
426
674
537
637
615
785
192
131
334
48
668
532
464
669
98
318
812
867
983
268
683
407
52
981
934
792
646
490
624
131
948
402
157
838
391
773
623
935
904
309
983
924
842
800
593
292
118
757
511
101
26
194
861
78
527
795
222
174
286
846
305
586
600
462
424
991
587
399
279
491
709
262
767
903
62
361
547
181
118
59
634
496
253
495
926
781
643
148
955
281
346
612
867
946
426
644
290
14
395
569
857
104
183
625
359
246
338
907
779
808
966
765
305
219
261
583
352
256
732
659
537
78
271
404
377
50
400
667
64
796
588
273
900
771
898
612
369
588
519
148
397
837
914
54
408
527
637
761
783
369
420
672
800
44
428
177
446
829
196
510
625
784
135
525
555
34
489
925
974
8
425
371
197
691
425
606
570
415
367
705
136
139
377
936
535
806
465
333
635
13
195
260
797
331
137
705
717
627
630
691
987
407
63
185
99
840
143
669
255
510
375
392
1
104
680
889
910
498
222
545
511
418
157
309
749
647
366
466
274
996
157
613
403
572
150
854
413
293
524
20
155
251
764
157
355
445
398
618
295
620
163
806
390
673
467
139
320
833
957
946
181
467
559
937
39
710
791
804
3
667
825
511
918
589
668
626
386
418
244
681
38
759
488
781
432
307
272
104
141
230
50
322
49
962
611
88
672
403
245
27
70
70
538
341
11
558
319
398
976
563
79
367
674
919
148
107
579
420
563
72
2
614
746
403
576
358
492
600
761
737
979
183
159
870
876
170
428
195
920
757
110
352
124
785
623
624
244
202
396
807
274
751
773
21
154
701
379
998
301
492
87
281
27
246
151
904
769
931
451
689
688
562
393
164
347
17
140
591
571
537
750
846
288
524
219
794
225
950
793
879
794
880
512
821
479
15
725
600
946
177
641
987
739
35
503
438
404
644
381
975
181
131
821
821
7
392
615
585
342
760
464
136
993
976
310
824
343
35
424
641
564
65
628
655
452
132
93
856
776
826
832
309
958
5
130
317
398
97
902
92
210
718
581
203
46
891
27
389
926
803
31
843
868
11
498
321
495
944
529
271
122
361
932
432
367
414
750
117
864
4
209
74
723
790
629
769
681
8
159
960
811
542
155
31
553
653
704
49
949
234
672
72
595
605
504
314
371
606
431
235
611
993
309
334
783
938
103
817
946
614
129
757
508
284
789
414
937
845
463
239
79
487
663
675
444
167
341
816
774
125
51
737
118
713
71
253
651
526
70
950
141
199
59
1
483
200
415
773
46
878
364
125
718
27
152
514
546
846
330
672
971
734
409
89
447
480
342
450
7
765
752
500
316
164
501
800
364
917
925
762
147
289
240
217
668
744
732
214
590
62
887
913
148
648
2
595
129
697
398
488
814
150
340
130
314
841
282
31
110
207
145
610
848
385
827
516
130
559
83
72
974
322
986
122
970
340
70
451
389
820
939
203
322
279
334
989
473
616
20
583
176
165
193
376
903
373
893
33
932
328
457
258
650
443
733
972
784
155
424
525
975
715
729
297
995
63
286
820
31
658
403
559
824
949
936
727
322
181
112
606
509
569
865
511
365
950
483
501
105
907
26
80
623
755
729
970
170
16
790
554
26
545
113
850
846
49
929
168
582
393
127
91
315
344
954
32
294
438
533
751
697
911
831
672
667
912
642
189
928
784
95
307
330
209
157
176
610
439
697
193
184
176
636
851
520
591
883
166
381
768
917
78
680
100
751
699
12
745
888
293
530
984
600
212
545
109
740
507
900
789
700
85
965
689
288
837
632
172
3
13
940
920
91
620
372
194
319
385
292
560
678
174
544
630
386
441
739
478
948
992
268
1
77
585
42
717
423
674
889
426
687
830
699
130
802
71
677
474
808
969
34
838
495
930
468
233
371
560
711
671
552
331
672
981
269
714
698
692
740
588
470
427
770
169
910
924
593
939
398
401
260
432
240
755
362
60
988
85
620
699
757
172
383
781
153
652
848
204
344
588
792
166
368
914
688
630
838
281
569
237
34
829
21
626
584
384
687
572
821
307
623
578
832
6
712
337
658
560
541
354
148
685
873
868
951
561
498
790
194
67
379
228
896
400
855
480
136
894
404
958
201
28
888
385
386
600
723
45
160
616
751
661
654
624
529
605
537
28
747
731
447
478
960
344
231
167
176
719
61
581
677
614
961
918
0
347
518
75
744
31
43
848
692
49
472
573
655
362
953
754
93
401
585
53
745
816
572
273
535
633
206
565
600
167
483
600
515
353
27
611
736
422
459
428
472
284
354
127
646
307
233
739
708
818
145
805
986
717
79
874
703
285
791
303
805
626
255
320
979
282
283
716
704
743
496
176
27
202
655
25
510
241
764
570
411
261
376
750
979
455
624
34
92
415
337
897
393
592
569
372
226
853
440
930
596
289
459
975
491
466
0
353
59
116
924
471
378
300
221
709
107
197
743
551
964
432
449
357
24
370
81
250
223
874
532
171
163
343
498
6
162
498
360
221
967
284
692
697
936
265
406
395
814
501
946
778
933
747
487
309
118
921
911
693
795
795
865
310
139
363
316
301
214
676
874
181
312
919
878
600
184
636
347
351
489
294
481
774
393
969
435
511
242
346
205
37
141
422
347
632
137
663
933
351
692
808
884
356
727
114
309
263
102
656
614
591
302
448
717
696
769
152
559
11
850
116
48
992
538
747
624
28
762
910
379
454
70
616
163
797
730
472
412
833
480
379
776
783
827
846
831
948
998
390
959
849
859
359
193
749
106
817
777
868
727
509
675
149
125
838
946
855
662
711
40
494
442
169
629
621
15
460
569
13
203
528
214
62
887
407
811
993
577
589
213
656
98
888
806
223
78
104
430
740
167
823
587
609
992
216
230
7
677
799
372
880
327
939
942
566
698
105
911
275
694
125
284
144
13
90
719
92
546
150
184
714
973
771
323
965
988
906
324
17
705
48
897
385
987
191
303
686
648
215
313
695
340
597
839
705
39
559
149
586
61
334
652
386
457
327
703
797
233
27
814
291
75
63
676
415
606
979
101
255
546
414
950
238
12
141
944
51
700
93
989
113
779
641
499
589
969
202
386
554
229
201
845
657
616
873
72
223
205
525
830
751
939
780
990
303
921
286
707
974
731
696
87
511
690
587
452
11
789
838
565
371
39
411
380
8
284
804
231
841
329
61
593
620
193
935
276
114
221
983
440
952
31
528
815
73
115
267
84
256
458
2
979
849
413
711
857
49
515
88
891
196
501
836
817
694
771
93
161
344
428
601
296
459
129
464
533
596
83
969
205
541
971
184
391
736
248
248
138
763
689
381
960
190
217
129
237
340
574
398
684
2
999
332
461
481
148
346
77
232
316
634
125
639
171
868
376
419
469
514
182
158
247
494
700
464
623
937
804
197
335
840
551
687
172
13
168
673
711
597
905
379
232
382
19
403
251
747
822
720
613
356
230
860
851
930
324
826
220
480
376
555
672
927
242
196
292
762
869
356
360
774
735
592
509
106
347
760
853
169
832
466
877
414
326
80
696
2
259
916
834
635
824
506
914
66
703
559
829
572
915
541
699
2
133
560
109
480
320
314
1
504
133
878
918
459
959
614
814
570
531
648
205
707
507
471
773
562
382
954
486
297
847
537
652
980
97
761
812
769
427
813
273
560
44
543
20
355
158
186
925
41
186
482
100
693
953
873
607
688
180
94
985
27
631
637
360
729
750
172
498
178
338
124
738
734
667
110
89
177
648
366
570
835
848
670
880
153
896
488
841
428
582
179
807
565
168
167
646
919
692
145
449
382
621
539
116
288
2
557
818
650
923
388
837
123
59
718
628
307
558
470
735
492
1
542
57
169
62
704
440
754
201
241
136
822
781
604
462
135
161
280
137
436
669
975
559
80
45
539
387
603
9
474
95
362
16
504
532
78
560
324
184
761
566
672
935
699
276
750
834
789
30
971
577
51
298
488
483
343
28
222
946
389
696
393
752
65
898
636
495
810
960
680
924
878
704
211
577
333
961
411
474
992
735
52
395
33
892
879
377
920
101
675
662
798
421
414
215
671
402
710
481
714
742
405
593
447
617
170
132
578
582
606
922
669
10
318
702
903
197
431
175
650
459
837
448
880
603
663
551
357
726
384
72
468
142
665
267
759
835
751
689
769
710
964
438
720
634
493
975
831
924
151
833
735
340
282
615
944
297
518
653
375
255
725
196
397
390
815
156
578
567
197
699
277
161
490
349
795
983
325
978
259
828
812
995
168
446
962
464
95
833
118
823
88
843
19
485
586
186
993
164
753
190
215
382
704
705
732
851
688
409
182
300
237
346
295
405
144
609
222
591
442
340
414
530
535
785
367
473
972
360
637
77
903
205
460
607
910
544
810
599
953
992
899
190
690
546
947
834
507
169
426
950
509
192
832
397
978
552
870
950
912
860
27
167
65
487
126
975
31
937
926
336
281
177
526
972
723
474
158
583
643
936
533
505
129
717
902
107
621
124
57
534
336
436
701
401
924
828
729
307
117
655
644
398
833
522
722
908
996
233
491
992
169
376
497
298
446
751
405
67
227
814
953
564
251
7
965
527
835
46
834
304
702
830
54
887
705
129
147
701
362
639
693
531
367
542
830
813
293
587
233
521
402
186
437
653
193
402
180
380
801
366
684
855
549
91
742
254
220
241
955
582
880
1
113
600
543
295
765
189
883
998
62
637
537
499
290
82
253
822
815
54
188
499
909
89
590
3
343
810
245
651
744
477
4
858
77
899
505
195
88
740
545
502
377
82
1
667
517
607
841
332
13
382
831
275
471
774
278
167
936
875
818
681
705
174
891
134
73
748
329
514
489
875
16
866
309
370
886
826
329
727
158
342
109
342
617
933
468
248
100
404
475
270
437
180
444
680
315
517
429
996
31
918
223
400
784
533
770
22
359
99
102
870
793
563
212
411
496
680
11
596
436
486
218
874
19
662
554
686
532
335
682
563
253
258
315
390
791
437
412
502
536
514
372
682
78
584
445
926
616
456
875
53
294
93
279
665
108
185
351
640
521
386
555
774
644
871
516
435
308
929
289
197
795
662
879
225
246
324
152
215
132
27
268
778
472
547
444
580
732
795
220
605
533
776
732
177
999
248
964
307
529
254
856
325
268
735
902
866
411
54
81
895
433
349
674
906
248
118
486
333
265
59
938
799
187
670
328
186
271
645
845
800
251
702
477
519
789
380
385
553
434
467
448
220
168
122
478
417
240
964
102
858
375
40
657
562
63
337
100
686
982
946
486
585
648
964
104
789
696
842
342
482
661
791
702
829
265
180
598
858
497
700
716
872
93
725
787
508
62
887
194
397
185
32
982
833
348
87
975
44
281
317
879
942
460
581
123
78
114
722
936
611
774
4
835
219
729
974
79
791
214
625
188
399
658
523
585
358
610
560
755
891
229
634
185
42
215
308
120
681
382
408
644
509
412
480
80
141
806
160
284
20
785
825
420
795
348
5
154
310
917
261
553
146
895
738
540
462
398
660
144
133
68
788
642
480
620
722
973
427
234
610
799
372
787
219
167
487
576
673
797
845
934
702
344
181
792
884
644
190
545
140
323
965
280
317
446
901
392
771
680
626
733
479
998
520
51
518
359
979
543
156
825
478
210
169
11
2
405
7
193
950
147
868
916
780
186
714
681
578
837
713
556
571
544
555
443
595
425
803
927
968
311
104
798
522
273
810
524
30
817
69
981
317
290
249
97
476
315
130
406
504
195
962
75
739
869
519
687
294
674
614
263
985
718
61
507
343
223
384
725
393
805
706
710
95
307
159
923
974
289
681
479
484
996
906
575
865
425
262
512
451
228
775
437
298
188
296
993
764
32
719
157
838
777
867
285
85
26
209
411
667
242
890
503
238
797
78
456
574
341
968
26
921
95
815
220
635
111
213
399
144
932
556
334
710
775
619
147
153
180
558
820
423
801
323
13
950
402
469
524
95
789
902
16
236
717
236
872
181
802
623
677
734
532
11
796
307
630
943
461
163
854
633
938
655
309
951
605
63
773
481
158
914
736
526
151
453
115
375
986
917
350
663
651
882
26
448
190
9
743
3
172
597
636
110
604
297
413
561
360
538
43
518
453
779
45
956
584
160
683
923
429
33
586
80
916
613
880
458
974
976
813
146
573
801
608
530
99
21
91
459
912
134
978
365
265
375
673
850
887
708
773
668
741
711
748
9
676
981
819
650
957
632
148
882
434
756
412
533
130
504
992
42
990
322
759
256
49
432
458
288
492
583
956
233
646
57
595
675
390
414
325
699
47
826
581
833
582
346
718
64
202
62
106
192
385
865
800
786
649
258
427
141
193
383
727
840
792
322
515
182
88
192
233
487
18
815
320
953
513
38
17
715
453
476
259
838
341
412
976
343
670
403
836
216
139
915
56
283
589
923
818
678
115
51
165
486
218
838
439
731
228
808
798
681
284
410
871
978
822
200
673
844
955
509
60
446
425
468
730
366
391
548
44
859
599
562
345
170
752
136
901
332
944
52
366
229
814
237
207
636
789
232
832
745
741
893
191
518
361
273
885
105
821
281
964
773
195
661
943
947
797
196
280
93
600
998
322
414
587
881
402
377
113
235
474
207
128
17
77
841
291
314
298
464
596
614
589
791
275
884
91
424
81
723
518
33
721
192
448
308
426
850
685
891
85
511
450
565
529
528
407
172
842
57
636
438
672
226
582
299
462
25
724
543
748
594
577
821
138
377
129
564
227
167
808
665
678
258
230
559
786
989
731
629
47
368
419
71
946
353
370
408
378
446
304
478
392
233
299
531
610
429
447
189
948
607
854
978
866
437
538
4
426
269
985
825
989
757
248
935
110
619
696
841
417
352
319
162
585
971
45
547
752
844
88
700
452
943
678
670
380
568
674
158
838
660
336
827
769
584
115
879
555
163
72
973
515
744
487
452
715
532
999
467
376
87
519
180
382
549
850
114
118
877
625
956
889
961
135
658
545
602
537
101
117
962
426
632
706
913
84
421
797
435
240
525
875
759
706
609
308
556
724
426
785
349
734
674
662
222
332
207
824
222
660
942
184
86
926
890
351
363
663
148
150
903
674
25
662
732
987
970
640
63
749
426
764
483
100
426
705
433
985
882
655
646
176
839
84
454
81
788
817
744
288
968
647
314
345
661
46
684
983
687
747
732
113
511
216
213
937
273
998
923
155
653
921
683
844
357
138
925
145
955
21
434
275
20
100
973
681
147
657
665
834
405
749
299
268
965
864
206
591
863
481
98
868
754
782
713
111
272
990
609
579
364
395
855
384
495
180
418
642
189
435
828
594
184
479
863
502
344
421
93
559
254
191
427
8
325
492
119
597
835
728
177
199
123
384
935
971
916
353
613
105
140
794
52
677
273
267
179
617
688
624
528
942
167
956
302
493
800
421
442
635
502
971
186
977
707
122
948
623
827
914
81
968
708
133
645
333
752
824
303
792
800
831
86
967
787
388
812
588
161
607
575
663
578
762
641
638
884
941
613
711
855
694
679
915
179
676
249
283
852
552
75
652
383
161
620
523
549
784
463
711
391
38
726
322
800
719
960
36
661
573
748
868
620
779
136
151
456
737
435
660
289
510
313
24
24
285
899
925
69
362
988
813
753
715
135
905
434
447
942
447
372
42
668
992
821
804
496
629
541
931
290
182
793
955
558
817
240
458
95
661
172
83
474
925
798
961
831
585
408
773
384
781
167
52
125
988
856
621
970
749
904
612
931
698
567
842
867
159
300
962
820
824
398
647
750
548
608
933
133
17
58
870
150
225
922
275
565
131
249
535
880
153
499
164
203
66
358
423
225
658
737
398
482
135
45
584
684
5
517
169
374
927
39
524
152
314
152
718
797
401
605
677
906
105
193
462
171
551
885
749
561
974
499
396
462
544
332
498
901
202
19
276
129
411
800
282
725
304
352
522
57
957
551
964
62
97
778
586
0
15
335
562
989
834
310
451
730
642
301
631
196
321
259
326
732
412
960
809
716
312
331
774
269
234
90
684
331
868
270
332
883
957
246
224
791
908
28
873
902
329
856
99
2
116
425
734
528
737
543
596
49
226
370
670
461
812
354
144
32
624
476
915
581
74
492
724
334
520
949
237
201
806
336
204
922
113
938
802
850
834
398
251
60
121
273
873
933
628
18
966
604
846
233
538
921
725
262
255
245
212
844
799
370
180
3
292
645
293
446
847
127
844
450
188
965
724
413
251
352
431
217
956
278
450
494
551
528
109
158
125
673
3
924
43
535
927
687
533
221
133
380
700
329
831
240
647
555
654
898
259
85
115
567
363
917
414
266
797
523
425
923
548
780
847
591
315
127
630
848
700
115
581
400
444
412
993
91
319
647
341
930
84
456
497
448
726
911
66
523
786
491
446
334
271
646
277
939
125
259
139
825
374
720
577
171
484
922
262
803
569
604
85
654
412
583
454
490
846
872
14
633
364
812
319
987
810
949
278
935
208
418
112
583
138
42
106
623
964
720
778
886
324
864
892
89
799
698
579
645
570
945
630
286
110
950
274
920
899
552
208
459
970
320
394
461
714
500
436
679
221
214
917
897
430
809
338
229
859
270
227
429
215
857
716
325
159
342
598
410
246
806
870
569
478
264
30
193
117
466
224
338
32
141
235
815
302
574
44
161
844
623
942
411
481
658
89
992
352
687
403
599
845
273
168
323
889
550
516
6
16
92
344
400
585
932
215
239
858
612
400
702
235
695
465
68
705
554
61
58
593
464
657
438
89
177
762
330
727
630
689
95
75
33
495
660
317
63
900
175
675
652
229
910
347
695
331
53
601
744
463
195
560
472
633
649
649
747
331
728
730
20
823
805
406
670
817
723
733
717
251
760
370
480
23
69
527
354
474
129
98
937
676
658
761
309
659
410
409
990
490
491
11
665
648
417
336
465
492
421
183
743
182
905
576
205
326
455
911
153
936
9
90
612
19
852
274
678
614
683
20
457
526
383
122
174
152
810
639
645
584
174
740
766
431
668
323
110
124
234
263
412
595
705
25
966
557
299
644
524
334
16
333
212
400
455
386
552
618
377
549
202
552
290
320
335
958
643
445
434
229
708
199
176
414
224
142
323
875
138
199
561
154
532
773
554
340
511
459
958
888
8
160
792
298
480
128
609
475
925
395
56
986
946
232
400
170
374
75
397
512
627
310
666
159
435
573
499
946
384
809
187
392
969
979
43
801
459
4
628
385
751
684
723
698
916
475
220
642
550
618
154
529
280
173
689
716
98
540
662
482
702
201
226
23
181
621
825
992
625
805
729
729
490
452
427
758
927
647
401
830
617
907
359
898
432
400
614
882
293
628
716
995
830
295
18
363
916
195
707
542
1
437
271
843
241
50
601
169
697
354
999
667
614
710
565
398
111
531
633
404
159
701
751
341
996
769
56
913
965
764
807
318
553
430
161
794
480
114
963
529
821
314
196
787
377
113
537
488
644
170
244
156
872
995
849
868
116
906
133
433
22
940
751
575
370
264
369
202
731
685
732
552
351
280
691
728
394
228
568
390
751
812
898
623
159
748
843
276
654
977
709
676
269
813
603
992
77
972
194
808
9
278
712
361
559
755
441
305
984
10
47
87
174
946
710
334
694
905
962
700
234
671
728
504
484
331
496
914
655
42
74
665
321
787
378
232
894
819
889
230
181
288
317
356
234
379
42
280
285
4
332
519
27
60
23
512
743
871
778
399
914
852
416
587
991
794
171
886
965
60
116
147
348
786
855
935
165
897
567
450
253
900
970
280
312
345
144
56
569
274
455
835
127
871
422
118
17
593
4
982
5
473
129
705
259
336
992
776
585
560
227
838
812
549
471
124
246
967
180
815
242
987
650
721
210
424
839
227
369
196
210
726
21
691
784
632
28
776
408
613
688
635
804
500
536
627
625
783
946
805
950
188
145
953
909
355
729
101
583
99
297
145
177
670
836
961
302
216
90
710
830
778
698
986
631
586
613
256
721
559
413
672
100
558
977
361
914
706
462
849
157
111
994
687
133
182
0
435
399
90
498
581
221
196
567
852
134
532
108
856
91
873
880
543
432
857
905
698
915
719
899
425
183
245
112
316
427
112
104
826
555
602
759
776
150
326
628
284
858
88
140
302
961
20
845
745
229
102
795
497
822
46
922
5
291
386
673
719
850
777
897
405
379
657
533
529
335
513
166
546
953
658
848
915
31
45
12
260
148
160
109
322
206
31
327
850
769
0
921
620
130
170
377
509
827
263
391
515
776
909
61
730
567
261
997
598
658
361
211
806
521
320
128
80
704
807
282
825
160
203
445
290
373
175
151
553
438
542
68
214
451
481
296
371
94
293
969
752
655
180
911
528
853
39
960
909
199
242
734
359
445
532
1
171
707
152
724
145
47
144
711
850
977
8
221
423
653
191
175
308
723
86
189
928
478
149
837
677
392
572
36
189
104
37
360
163
541
436
660
588
932
371
439
909
731
660
332
737
203
860
45
279
298
586
207
776
736
397
453
480
321
841
21
425
230
382
940
124
170
600
712
103
323
503
364
407
516
697
144
719
909
541
350
207
128
910
984
864
307
789
696
628
983
717
405
565
451
345
689
622
297
754
77
620
257
441
379
125
490
523
845
399
65
547
959
545
457
295
409
764
436
457
744
419
174
501
337
626
198
378
600
495
484
29
468
742
470
199
219
313
723
64
64
140
964
23
685
421
318
446
538
107
903
634
526
429
136
215
407
334
594
359
182
78
388
2
172
211
201
392
524
276
808
940
768
772
316
453
546
986
251
84
93
506
718
972
936
206
187
343
893
133
703
427
564
443
429
736
654
982
480
530
611
641
471
379
765
787
185
311
125
788
395
219
295
466
191
231
672
378
926
917
512
981
344
76
425
125
164
79
460
997
610
71
638
433
802
403
220
339
67
345
128
462
916
423
280
107
6
305
838
932
222
702
266
919
130
691
44
294
770
504
643
732
927
281
165
730
37
737
69
104
435
549
918
351
972
551
811
978
856
649
263
430
351
529
349
481
220
394
127
342
250
771
75
178
404
592
260
441
682
681
897
117
231
168
820
555
719
631
534
575
280
149
5
983
678
707
464
250
101
592
944
703
715
371
233
119
964
493
913
646
527
162
115
110
330
935
665
49
919
551
976
551
700
982
535
730
41
351
332
142
943
277
197
10
0
431
130
316
276
395
962
803
557
429
913
888
717
931
937
636
482
266
539
535
600
74
265
641
426
950
135
721
579
332
84
579
763
214
896
392
961
210
195
518
992
461
406
709
392
696
697
226
962
236
761
562
663
379
555
441
329
690
514
260
22
598
839
138
164
87
530
125
298
77
644
290
890
402
351
634
450
48
861
764
636
974
678
651
353
233
92
34
923
959
294
946
557
486
436
74
573
966
199
223
395
195
513
286
950
864
920
752
264
781
517
253
108
195
904
813
781
349
848
704
308
494
2
865
332
438
291
258
756
843
481
152
38
347
438
340
563
710
93
828
844
962
81
952
509
337
765
290
686
965
347
994
812
349
212
144
140
503
402
248
346
236
752
737
583
542
77
146
253
522
326
97
484
759
401
994
97
166
636
783
484
983
130
296
685
342
440
177
197
195
425
544
431
530
633
366
72
62
512
325
585
839
774
421
950
175
767
47
694
404
183
178
387
313
826
72
7
266
601
204
813
27
100
596
557
733
962
981
796
827
659
733
666
433
154
968
961
922
16
655
678
551
185
65
864
11
490
871
629
91
75
443
470
528
391
379
261
354
361
409
181
20
142
199
805
649
167
766
923
535
773
601
86
958
18
302
321
508
173
303
952
601
746
422
129
489
802
742
843
515
152
376
535
646
927
692
647
95
459
570
982
232
523
421
543
542
723
216
402
249
519
354
202
617
777
683
107
931
425
302
446
929
679
333
928
606
25
575
53
484
498
388
69
373
809
964
915
532
180
670
133
700
24
335
317
153
370
776
436
148
79
882
77
110
567
5
68
593
933
122
429
431
862
850
804
671
814
72
555
347
94
41
399
470
728
716
624
99
845
60
247
924
295
676
386
862
682
454
807
967
928
237
398
790
439
554
813
606
978
369
953
72
410
352
543
490
420
519
589
265
931
836
541
226
513
927
441
547
734
248
514
662
837
264
453
277
170
266
235
149
987
188
573
749
540
468
240
312
339
829
930
271
18
471
849
883
751
290
782
485
891
648
147
80
912
952
709
82
571
944
583
910
132
509
660
24
329
252
337
669
433
267
292
451
90
141
686
193
784
468
678
27
116
178
107
380
482
817
815
53
761
750
964
246
259
976
622
941
228
311
610
661
930
902
465
21
395
151
214
531
972
245
558
440
775
666
821
257
835
636
311
948
738
627
546
998
603
169
291
831
480
901
844
411
155
309
784
902
813
998
434
785
595
992
225
370
10
398
628
197
386
291
146
125
918
692
475
873
213
766
704
694
19
900
105
174
210
241
76
23
239
862
160
187
207
737
557
217
136
537
415
522
828
913
647
746
605
122
971
819
240
675
865
259
928
322
433
138
563
862
513
154
724
25
341
931
762
251
501
898
788
268
773
617
181
772
715
138
247
687
309
487
714
174
747
994
848
180
132
411
394
997
918
471
22
259
754
137
862
607
387
651
875
160
620
56
933
687
547
180
726
856
667
793
383
766
787
231
947
272
995
693
621
913
164
996
524
271
133
387
878
520
390
754
33
362
162
966
49
61
498
128
270
517
273
653
284
60
236
583
684
583
628
306
496
145
654
373
416
787
760
646
307
502
752
340
864
267
658
265
328
508
393
950
378
666
603
14
79
192
949
115
127
577
773
624
74
427
349
490
214
461
489
874
963
241
566
827
860
577
92
189
437
838
139
815
856
95
181
287
639
130
403
766
60
528
742
134
956
91
977
522
904
466
396
867
59
315
46
920
892
491
461
329
329
952
497
537
399
678
825
390
161
580
157
221
108
251
707
416
695
684
939
599
502
687
819
914
2
865
186
894
356
647
576
37
951
73
575
351
103
752
741
616
332
250
189
792
854
897
209
901
933
148
500
788
835
319
702
190
537
888
84
893
887
12
931
838
85
858
541
541
610
635
157
294
237
699
86
91
596
647
992
881
147
845
669
335
516
723
525
53
963
609
299
202
622
582
41
59
440
934
952
50
569
462
344
159
161
782
250
109
430
595
990
577
440
12
912
308
87
437
714
51
399
13
253
373
595
646
784
35
933
737
437
854
551
133
13
712
915
264
173
697
211
163
627
3
527
539
311
615
329
25
18
80
38
623
805
985
622
589
372
555
678
161
761
229
294
775
293
562
391
466
611
602
982
238
605
861
130
916
476
459
294
846
891
684
822
696
670
444
637
394
351
668
556
112
897
850
239
543
764
630
361
376
232
343
614
189
205
744
458
33
555
752
232
798
436
54
846
458
850
484
853
201
152
761
665
401
963
905
296
728
535
658
104
120
1
70
309
558
167
119
944
74
871
176
873
660
230
719
470
80
555
675
633
707
436
298
461
400
203
757
480
91
767
936
211
121
6
872
679
525
344
623
600
215
151
473
227
381
544
50
813
100
725
446
159
514
97
972
914
652
730
746
743
497
682
306
618
688
531
650
214
875
625
166
442
777
639
670
510
535
720
676
635
797
474
147
311
571
119
577
224
849
323
967
699
5
626
669
46
157
671
612
384
649
778
826
426
769
848
288
304
920
964
292
718
439
439
381
362
558
959
586
760
634
906
811
640
532
832
38
41
504
2
425
505
780
603
931
901
804
571
557
724
888
849
794
679
288
176
41
199
487
980
959
121
886
770
113
770
954
151
163
458
153
940
963
285
543
246
538
347
170
96
424
58
945
218
89
234
746
130
433
585
110
744
707
348
866
820
118
820
324
633
279
829
573
594
467
469
193
5
168
363
101
592
773
47
163
862
633
261
344
418
847
455
162
554
155
380
726
626
200
402
259
831
584
833
426
51
654
971
56
822
686
158
767
811
557
930
25
542
543
369
960
390
176
474
296
332
854
375
958
54
129
569
886
713
754
664
764
408
987
821
231
673
331
350
836
240
632
861
782
175
230
742
566
407
568
214
91
422
589
401
828
71
970
714
784
725
730
549
485
717
722
68
742
53
418
930
645
50
791
427
226
374
521
144
133
89
710
224
511
652
625
691
723
595
406
507
672
488
56
158
558
778
226
652
183
645
583
828
47
726
607
273
100
128
769
233
217
480
809
80
132
434
772
855
382
530
362
406
18
771
564
928
901
143
933
85
140
516
265
187
594
225
813
47
353
582
280
571
414
90
3
546
876
775
401
610
657
116
17
28
887
581
956
788
76
889
225
216
757
843
404
352
68
217
399
421
151
31
344
566
473
700
464
702
475
218
312
485
334
329
513
573
263
469
361
339
711
939
556
820
782
312
524
202
881
275
623
32
659
320
950
132
20
415
186
847
633
499
332
967
180
845
892
443
667
605
135
730
544
691
550
678
355
427
880
236
702
504
620
361
176
571
846
548
986
32
395
971
531
80
290
64
277
182
507
944
787
994
26
332
37
929
10
392
356
891
628
58
747
601
772
275
172
618
823
510
2
218
481
886
650
771
950
928
953
809
224
92
804
251
776
841
180
787
234
888
30
214
298
129
815
70
404
339
40
227
849
43
797
330
929
448
453
231
376
758
40
600
851
844
203
627
38
735
766
624
623
148
838
922
277
6
992
33
345
385
260
547
780
410
229
709
210
683
292
586
441
332
538
644
529
742
272
567
829
390
191
453
539
29
375
168
387
719
202
85
104
814
632
884
224
861
945
434
896
237
372
338
922
263
982
451
357
606
18
186
349
209
639
888
590
14
56
978
86
258
415
542
73
47
779
649
260
724
436
157
314
808
847
236
71
181
687
428
140
57
615
489
266
254
377
208
621
785
538
59
396
953
601
821
352
380
822
613
457
258
122
123
67
969
359
490
502
398
919
642
455
886
131
73
492
860
281
465
998
820
524
394
125
478
567
478
858
389
443
667
648
565
790
67
886
501
557
740
899
828
383
706
714
866
131
559
727
765
24
77
937
901
823
62
379
390
892
589
779
335
257
779
252
399
846
490
901
756
231
152
584
614
859
651
480
342
562
559
107
938
988
396
839
811
459
570
201
351
512
333
39
121
464
291
520
311
134
421
419
365
574
3
331
785
6
163
479
568
75
587
507
63
335
698
875
794
621
76
498
133
761
537
254
226
180
774
889
314
548
308
31
474
663
362
259
670
526
738
590
601
677
449
664
13
500
539
159
121
968
657
254
81
546
860
307
727
634
196
393
534
856
425
8
520
139
619
190
665
710
132
618
739
582
635
104
82
526
264
203
846
273
809
928
172
669
587
251
655
784
644
190
640
421
550
512
561
170
702
578
232
187
197
971
769
184
76
203
710
692
758
557
317
567
837
489
588
424
740
243
560
737
785
553
158
688
65
719
858
120
650
90
307
847
413
76
383
489
279
93
533
389
2
851
956
839
692
544
616
785
139
176
522
277
729
680
965
147
752
823
267
402
265
574
601
30
2
984
872
633
429
405
22
432
608
978
623
301
874
591
86
365
120
960
642
201
640
607
348
744
782
615
498
47
541
99
430
543
435
302
176
865
59
550
649
668
880
624
321
754
216
759
120
336
719
114
537
711
722
238
808
504
205
306
904
747
758
334
642
193
988
171
58
47
721
59
67
602
684
388
708
252
499
180
940
570
295
829
282
17
67
442
521
273
748
777
372
506
111
14
700
99
185
110
147
907
522
566
861
558
307
569
810
806
102
102
377
397
931
11
766
351
453
639
976
553
417
348
60
528
362
112
980
900
574
479
807
96
45
20
6
352
589
816
511
43
270
888
440
554
251
558
257
56
198
233
609
615
933
669
495
647
133
827
547
60
306
706
156
352
726
163
56
668
331
567
711
954
807
504
508
58
62
117
114
612
350
724
579
283
745
427
282
231
254
830
291
561
536
799
265
615
314
321
283
998
889
346
952
696
850
812
107
265
929
221
229
279
297
809
914
43
236
548
626
490
378
917
403
267
716
668
234
31
990
517
29
231
215
333
279
66
145
386
683
74
608
264
705
905
73
971
300
661
871
278
504
250
195
259
869
264
928
103
647
270
972
28
501
187
361
132
605
858
519
640
284
479
905
989
384
330
312
37
992
183
315
848
785
863
107
6
127
387
109
126
657
433
154
510
621
515
643
578
373
514
219
9
993
476
350
729
806
662
118
150
197
434
998
335
649
458
341
128
845
803
254
855
236
408
365
209
275
360
140
0
874
359
9
867
835
359
597
993
373
715
144
570
501
142
257
502
600
599
630
798
754
236
653
990
644
370
552
919
83
692
271
957
403
280
177
590
639
126
583
364
193
727
935
47
222
544
901
174
143
532
324
897
768
977
240
765
700
144
36
783
188
308
740
591
588
269
533
580
747
468
944
941
548
231
340
770
128
241
296
271
125
621
521
894
950
113
11
650
609
47
433
797
355
526
388
296
795
273
228
895
741
524
188
289
108
528
411
236
121
708
859
247
681
380
493
631
845
504
634
454
551
67
251
259
593
991
907
741
264
135
988
358
11
176
647
119
704
59
355
177
119
215
424
800
947
917
783
793
773
417
599
677
485
203
288
430
546
195
523
163
682
511
521
693
39
168
813
95
579
520
273
698
735
697
850
683
967
634
828
92
403
779
769
888
982
409
671
529
604
546
692
638
410
565
332
449
85
497
545
665
369
170
715
105
219
918
140
186
552
320
631
955
99
752
196
82
162
219
963
118
765
7
757
527
572
441
977
657
290
874
674
659
44
742
764
615
660
256
154
564
576
785
871
676
537
419
110
699
990
425
818
108
432
927
635
356
368
964
365
658
190
40
317
586
134
434
202
146
42
356
710
619
141
933
647
678
353
109
730
343
534
900
451
966
827
439
322
195
403
39
205
594
79
874
180
565
308
382
711
351
90
421
322
231
707
969
262
412
78
344
107
964
244
911
930
71
350
604
618
105
643
823
51
75
697
232
640
358
966
704
61
409
125
383
640
184
704
254
596
134
598
704
98
842
615
380
265
965
336
883
422
979
58
474
406
108
58
399
466
24
103
879
785
580
614
426
765
318
680
713
804
631
417
902
473
32
282
91
349
618
326
772
949
385
246
708
845
304
459
663
680
562
542
818
494
156
244
611
474
276
325
630
907
742
532
733
127
166
824
828
136
150
952
437
887
198
145
732
854
956
395
887
518
937
705
365
93
301
976
919
929
301
549
837
44
433
570
523
599
746
351
87
896
304
525
784
854
22
516
61
979
912
300
849
201
357
214
295
658
191
566
587
844
468
776
240
901
698
763
853
444
467
940
341
771
817
477
977
840
993
390
171
257
690
20
459
399
587
106
57
130
672
997
974
492
125
215
746
824
978
599
268
797
891
961
920
709
438
898
901
784
640
72
41
331
444
500
730
31
606
140
161
631
489
488
123
614
703
869
790
33
820
411
831
64
724
751
125
163
1
378
299
642
450
340
325
246
193
55
630
151
547
143
134
388
631
258
3
334
479
145
720
652
556
551
716
281
654
193
796
656
571
95
650
373
787
975
619
980
382
601
132
282
745
266
670
376
876
25
63
708
171
783
712
79
334
780
712
340
973
508
348
544
955
998
917
743
325
888
723
60
490
207
342
235
826
12
611
54
390
674
762
561
457
826
992
143
606
705
484
579
565
832
123
521
183
392
616
860
281
691
920
771
899
262
358
77
627
969
131
17
996
246
930
805
72
922
301
679
979
137
610
545
321
734
418
504
478
34
365
759
725
637
882
976
900
240
53
879
562
537
896
558
135
178
715
559
452
16
590
432
505
201
977
827
287
747
331
765
781
48
525
858
686
407
835
938
0
240
817
562
129
65
472
616
595
187
176
47
556
766
479
61
319
808
888
606
555
572
372
688
972
249
547
658
656
734
948
8
326
117
570
456
534
42
72
129
582
248
177
138
367
8
551
686
169
440
293
724
364
17
765
336
266
312
347
274
398
295
283
724
765
853
180
299
248
605
429
830
205
958
968
572
318
519
611
487
311
256
564
27
273
329
716
891
993
63
165
391
710
800
115
475
6
648
127
254
253
908
84
810
866
52
383
184
923
346
24
587
602
588
966
875
917
682
766
910
745
283
653
808
84
120
635
90
768
762
344
373
670
780
184
888
832
919
425
107
265
449
46
219
37
13
94
954
47
212
216
145
847
221
953
931
341
940
373
462
703
69
835
725
849
371
614
33
642
39
493
259
840
539
478
877
904
924
183
952
136
751
97
336
972
402
619
665
342
993
127
397
414
315
123
616
38
89
649
681
480
494
292
320
34
771
549
290
695
732
594
184
835
43
520
807
445
139
472
140
484
952
537
251
267
660
867
305
101
516
338
581
363
631
901
397
754
450
39
449
534
986
985
369
29
857
528
827
349
1
967
185
305
504
436
572
517
303
229
618
172
920
552
535
551
805
284
305
608
675
106
142
661
444
864
43
301
392
870
650
745
189
188
50
45
624
974
562
280
204
533
452
124
437
339
27
242
975
332
850
650
790
345
664
234
209
707
536
601
577
538
347
766
726
749
811
703
724
726
983
928
611
787
404
48
478
431
290
453
115
493
455
905
838
119
492
47
826
380
648
755
918
347
873
997
97
685
52
821
763
387
101
374
526
857
774
4
288
416
809
755
909
616
12
99
736
504
146
914
884
147
670
155
846
895
504
943
580
908
116
695
295
569
421
173
426
195
529
714
612
338
821
873
954
834
973
42
690
119
309
575
618
331
82
465
226
938
760
159
846
877
854
493
446
276
666
873
823
195
939
435
885
761
309
191
947
634
586
637
753
895
564
724
226
998
541
452
936
301
963
134
530
818
979
329
446
645
554
269
192
845
57
429
958
718
621
905
352
207
895
457
454
459
181
680
810
722
484
746
376
800
233
906
970
212
587
416
858
141
37
402
987
94
832
297
812
805
203
516
364
98
974
818
909
155
850
719
230
686
818
606
486
51
864
456
263
452
224
473
945
614
228
284
60
412
582
225
217
785
741
581
235
715
751
496
223
601
568
453
639
386
411
478
789
627
934
404
79
511
230
25
125
810
661
537
222
243
762
439
28
504
372
615
571
123
464
794
76
32
599
715
770
362
193
559
990
480
315
421
343
897
798
820
707
460
357
929
703
120
720
84
976
92
699
547
567
163
694
643
547
293
711
317
8
256
228
998
88
544
419
431
441
570
603
149
30
961
430
733
433
151
169
409
595
869
308
163
384
2
158
932
648
221
249
656
478
830
6
566
374
777
350
167
347
953
668
377
266
99
463
51
602
984
812
197
853
121
360
590
475
519
874
475
740
475
131
570
305
137
489
31
915
191
199
262
496
219
992
115
318
807
166
920
791
979
470
997
452
830
939
279
701
813
755
794
288
886
716
594
376
205
625
643
748
176
905
245
396
249
360
66
408
878
339
200
857
809
549
661
991
488
941
45
301
48
839
941
934
907
887
662
465
865
305
213
41
563
810
789
164
170
856
573
401
195
125
258
356
674
272
347
514
565
392
815
613
583
108
899
843
996
562
308
861
219
873
902
782
684
44
947
206
900
520
607
447
997
218
803
671
490
502
185
407
895
352
20
830
460
271
25
808
185
333
669
405
207
924
187
243
968
486
449
868
358
57
667
355
627
470
378
117
972
915
876
219
267
248
402
80
519
427
888
705
113
558
110
320
834
649
563
802
136
364
22
846
421
41
202
48
511
932
517
835
848
393
407
115
993
809
547
513
236
436
218
701
346
680
21
532
329
936
686
817
301
60
664
74
101
218
123
964
150
992
799
998
738
206
466
731
15
13
596
604
801
814
305
499
494
679
31
176
967
69
993
268
129
657
695
230
227
818
194
378
162
346
728
252
552
194
336
920
560
932
876
713
747
533
565
593
564
596
769
532
666
115
152
147
124
847
378
352
17
924
730
180
270
810
784
823
5
120
95
917
53
971
630
800
856
195
745
421
144
867
953
162
982
105
309
458
953
39
810
970
964
892
502
586
703
287
761
60
407
856
977
460
179
959
612
36
507
710
457
3
929
762
165
911
867
826
369
172
218
532
495
534
424
997
120
127
636
234
539
396
90
516
208
622
828
173
658
335
883
467
690
812
229
855
75
448
33
796
621
251
328
468
137
105
465
258
584
454
844
124
850
934
992
58
908
820
231
918
507
114
385
197
278
966
404
353
415
438
502
388
41
830
856
531
287
673
141
872
127
985
996
977
919
988
388
180
161
619
98
668
86
484
218
364
802
622
70
569
412
572
957
806
754
165
337
42
191
478
914
670
463
262
648
734
602
388
914
763
7
13
784
445
849
2
810
651
624
232
221
37
156
530
843
262
48
532
304
239
10
570
909
473
184
909
559
787
297
826
902
657
839
686
102
40
688
264
43
665
848
616
702
4
499
897
267
547
781
923
138
791
846
47
616
30
309
175
169
958
1
72
615
192
110
70
584
799
334
628
464
183
596
518
539
95
767
806
642
548
82
780
691
928
180
307
310
841
834
832
799
188
256
415
732
366
485
669
165
171
297
981
354
245
851
894
341
970
52
335
870
486
468
561
766
648
220
77
489
407
261
640
947
517
55
31
883
892
700
401
64
349
734
770
595
938
16
936
908
421
271
131
907
91
692
674
91
265
103
932
24
364
573
971
233
980
2
116
873
703
869
289
52
956
411
647
894
428
935
154
849
559
285
108
650
330
782
742
595
237
674
619
601
599
942
186
580
944
655
453
999
524
94
404
832
505
403
726
285
339
233
486
898
518
595
900
848
729
994
795
967
21
766
920
620
708
107
200
653
762
5
4
638
451
408
471
957
812
549
594
503
134
81
753
653
28
653
853
109
648
1
76
669
767
349
641
476
456
842
481
570
199
837
560
651
246
383
960
410
285
554
913
419
987
666
72
367
319
278
477
319
631
905
340
398
254
982
226
62
176
59
984
375
897
545
378
495
280
338
905
565
245
170
985
232
836
409
952
507
39
429
179
670
334
519
421
941
853
999
355
29
59
340
405
308
237
783
155
517
474
412
83
719
582
68
303
770
829
255
629
869
36
808
539
723
680
312
16
533
312
371
563
723
711
320
31
300
455
186
818
929
598
253
0
532
673
656
302
502
911
931
723
300
92
615
23
772
927
39
305
239
762
220
962
474
540
345
126
348
883
296
629
833
549
630
365
574
286
19
429
549
303
152
201
395
767
224
167
695
615
824
286
378
45
249
204
937
594
330
285
830
979
915
663
528
897
381
455
183
400
884
84
703
36
286
450
156
862
617
203
830
794
489
208
839
738
764
128
685
446
414
515
425
329
530
306
226
911
761
761
312
997
197
367
385
835
818
541
50
787
744
880
581
234
440
772
324
204
901
361
2
667
228
428
996
759
86
574
22
847
687
686
196
236
54
581
72
224
123
474
363
219
354
297
805
794
69
482
350
322
843
352
989
72
132
337
183
218
263
205
417
302
244
613
539
298
195
963
874
670
437
237
241
143
534
47
937
956
529
639
630
724
343
620
148
476
309
683
46
925
889
464
227
485
77
118
783
272
81
9
294
870
246
536
13
133
935
302
89
816
293
719
540
637
691
689
113
353
724
159
278
613
975
857
450
53
976
233
677
409
242
972
280
841
860
645
974
795
300
415
611
593
486
151
230
530
192
695
883
917
207
513
882
182
370
333
235
346
918
265
108
513
237
740
354
97
385
680
892
685
447
855
631
933
6
861
463
551
909
346
468
116
859
702
298
582
387
886
280
306
151
388
819
740
128
525
189
866
557
433
903
4
288
534
289
294
748
753
197
657
451
17
773
663
720
423
245
107
661
525
765
812
266
936
904
746
813
93
964
722
526
868
726
814
754
16
461
854
121
658
511
572
676
636
235
748
60
832
207
73
710
325
886
976
261
790
74
427
236
39
149
762
259
228
577
13
244
390
868
717
48
731
289
76
368
877
176
780
709
736
853
419
61
91
747
674
234
822
101
470
861
251
232
120
479
161
485
75
551
353
792
952
437
433
380
805
310
557
937
372
293
142
791
354
234
539
28
820
361
482
290
574
733
874
694
564
36
531
639
939
885
783
891
674
216
624
831
879
181
768
251
826
910
394
532
496
285
912
668
646
394
958
572
479
185
618
43
221
150
34
512
387
817
756
61
386
380
892
617
913
12
868
739
274
614
623
771
900
535
439
898
282
750
471
761
935
89
805
508
591
839
372
978
9
128
39
395
860
283
12
773
295
232
864
570
846
487
693
98
375
484
997
657
234
468
418
521
909
575
381
853
767
754
831
776
234
223
523
95
858
535
220
154
119
85
724
317
924
769
416
651
253
413
660
840
233
431
713
494
6
95
347
773
201
179
901
435
754
424
882
612
311
103
118
430
540
194
100
816
963
516
820
217
281
480
409
514
911
122
8
918
569
708
43
122
239
297
558
993
721
792
957
33
247
76
815
139
270
915
956
234
783
128
803
64
608
212
578
520
686
939
790
608
647
185
730
238
482
640
231
204
433
540
589
680
616
756
820
239
672
128
473
455
256
628
520
216
192
450
736
878
741
878
838
740
64
569
978
898
209
561
454
642
102
43
675
70
800
847
309
824
975
782
631
583
410
151
799
954
954
888
185
695
766
23
436
182
592
414
433
802
976
887
796
78
283
823
148
435
670
458
259
997
592
890
580
355
394
732
309
348
620
494
43
738
518
479
273
462
246
706
264
222
593
413
652
876
236
152
663
259
962
922
256
555
165
189
262
559
921
571
259
893
418
654
631
288
486
904
750
732
610
367
954
556
132
958
784
720
110
448
979
73
370
236
980
887
425
242
798
698
165
57
591
935
712
574
223
198
831
326
282
441
693
236
349
825
546
134
545
656
582
877
81
304
113
61
544
890
655
342
940
821
752
531
756
816
457
980
366
288
306
648
730
351
236
431
528
782
565
425
790
499
302
872
804
767
285
700
9
941
42
949
762
794
832
870
962
290
850
328
578
508
976
660
211
564
92
91
346
9
517
489
509
171
361
665
939
646
365
300
939
759
250
701
554
82
572
868
724
774
197
303
635
525
315
846
90
407
290
788
769
807
277
278
978
638
295
269
637
660
570
576
419
172
630
325
606
554
194
331
328
743
986
315
268
301
514
358
709
804
147
830
611
776
108
941
767
403
563
404
415
485
332
834
657
314
512
263
868
58
946
549
801
932
864
69
234
730
780
295
534
279
125
497
55
585
439
822
988
354
578
755
839
263
941
848
577
453
463
798
511
410
347
664
694
563
86
928
294
866
575
180
145
52
678
552
637
469
375
977
823
953
732
14
216
674
862
146
479
677
944
343
87
643
7
134
206
93
62
852
311
990
33
808
42
711
361
680
180
736
657
355
41
742
369
610
416
583
756
247
260
700
590
700
695
950
834
253
395
896
106
707
238
491
515
281
554
876
961
86
964
970
441
6
712
162
616
480
745
372
80
5
424
670
705
119
972
891
724
368
140
830
75
378
673
942
659
227
819
972
313
783
295
106
141
359
268
757
840
365
481
920
371
257
942
428
728
915
320
453
635
460
635
710
190
309
4
850
536
175
174
202
311
469
308
452
829
929
562
21
294
43
293
17
301
235
446
29
502
118
834
137
930
470
199
120
779
556
322
667
731
497
869
42
318
530
847
147
459
409
520
753
804
813
123
105
401
569
487
255
39
673
393
321
143
944
441
274
500
116
942
584
613
163
626
283
45
825
431
856
234
951
962
39
117
85
496
518
654
335
773
45
9
518
366
152
815
159
779
667
275
721
251
240
236
230
524
282
55
307
490
290
610
452
681
727
537
177
245
543
513
371
588
522
889
306
26
704
466
805
372
93
878
975
686
467
205
210
101
261
517
591
903
127
44
584
207
581
113
452
125
626
823
65
500
65
724
879
769
542
36
493
635
267
469
321
734
26
883
835
639
752
426
894
232
822
830
439
404
944
891
881
922
67
298
775
484
22
654
253
564
42
99
552
309
920
225
395
946
109
230
938
861
9
832
93
831
663
884
587
607
776
468
881
195
119
656
679
493
662
284
58
705
735
962
366
655
187
762
954
296
344
892
510
353
76
955
185
739
840
124
698
968
593
580
163
64
236
194
557
251
830
967
956
566
929
674
573
117
436
527
765
781
771
275
134
848
231
671
587
71
796
638
39
741
218
554
157
806
100
714
57
930
682
365
848
611
40
422
80
828
301
846
609
73
121
96
273
704
119
212
127
915
850
166
8
420
72
165
579
172
880
988
455
914
354
303
877
746
77
958
574
379
804
536
804
277
632
77
334
751
289
461
19
492
980
379
912
52
897
491
577
777
480
32
43
186
687
920
932
765
230
858
144
34
394
300
664
378
377
998
482
666
811
501
158
791
232
423
196
129
266
773
258
746
157
301
932
844
574
216
961
804
75
457
191
821
757
855
200
134
205
682
153
368
535
663
160
767
86
356
897
705
481
155
451
638
809
736
834
383
304
796
187
379
253
730
553
11
585
753
497
142
435
2
511
322
666
23
89
104
731
338
809
212
846
613
202
655
349
388
390
653
184
577
385
790
308
290
153
245
43
650
740
830
653
603
152
671
978
593
775
709
932
937
273
778
550
827
785
251
215
175
256
752
104
993
542
764
283
47
10
326
697
102
508
702
57
12
725
35
958
853
96
890
790
369
20
692
548
805
943
763
980
199
515
436
545
409
201
828
456
563
507
506
665
15
560
74
380
286
109
338
139
557
580
281
926
600
973
474
757
268
589
89
819
457
525
364
866
726
193
675
289
700
181
306
67
741
380
799
379
841
137
518
398
717
151
676
669
124
502
778
392
92
867
212
901
745
576
767
471
121
794
113
173
975
771
241
69
152
392
448
345
530
319
96
599
470
772
621
947
275
399
691
719
267
903
972
12
832
91
835
305
886
300
479
861
72
72
282
576
464
731
921
346
402
17
298
872
142
919
171
769
318
863
840
937
118
812
301
950
903
489
256
789
789
735
3
861
159
637
437
623
368
711
970
122
80
268
347
222
539
518
343
209
381
183
147
500
347
800
802
251
289
410
392
79
497
747
292
656
385
82
280
105
145
602
228
225
222
927
800
113
445
143
322
179
679
469
679
26
270
833
629
911
244
22
342
741
121
635
398
858
69
30
964
214
984
544
439
558
471
591
671
268
735
993
447
414
815
126
440
437
312
70
348
556
444
691
297
917
678
47
776
747
77
92
961
61
988
752
619
459
344
290
79
79
636
527
845
451
5
637
888
317
59
236
873
855
279
171
773
957
218
549
56
648
993
17
61
981
122
681
792
466
323
871
897
311
398
742
762
404
731
2
721
791
591
947
646
870
470
771
180
40
672
588
688
665
958
750
646
80
783
438
546
458
310
443
770
60
537
884
816
268
887
890
411
478
837
410
700
307
181
232
699
854
821
388
519
779
490
166
859
625
956
757
435
618
200
557
679
89
442
847
357
681
737
121
511
574
531
563
233
712
796
285
566
969
25
86
100
515
604
311
492
912
68
927
531
620
485
562
709
279
761
418
312
499
539
823
425
70
386
659
783
534
944
701
855
321
139
955
836
95
266
680
8
334
607
891
306
444
805
15
75
566
786
387
65
325
562
491
748
301
502
883
187
798
584
43
119
724
998
307
819
617
987
179
303
946
422
610
743
227
977
170
146
763
910
211
441
472
54
541
125
908
424
313
58
360
356
177
436
706
836
608
323
175
787
979
474
210
589
569
789
918
739
935
682
649
499
475
474
905
368
951
814
792
264
872
152
972
402
589
31
590
549
706
766
336
685
592
898
626
161
40
545
252
975
579
254
826
54
728
732
422
31
546
566
296
770
70
620
524
11
651
115
560
710
233
249
395
825
147
22
986
187
919
238
515
498
844
341
904
924
73
678
956
971
244
252
94
666
224
970
678
228
85
590
938
318
839
685
495
339
59
481
526
978
72
393
476
916
735
732
193
160
410
149
484
6
401
930
673
977
900
703
205
986
293
143
656
485
181
152
824
240
985
702
219
409
96
47
678
831
780
871
343
542
20
827
549
773
109
574
750
10
629
956
996
922
451
4
759
632
156
583
225
494
286
444
903
382
843
581
565
975
804
260
518
824
440
419
597
549
345
700
559
974
8
907
248
811
912
8
796
420
591
21
914
877
817
170
611
12
103
176
988
908
789
858
732
229
277
682
778
622
734
338
948
742
245
196
905
157
204
701
930
148
722
844
377
891
14
341
904
118
869
892
378
658
102
462
887
379
144
666
353
230
4
653
324
601
849
230
111
406
283
41
906
358
885
283
249
252
624
505
722
494
397
100
152
851
562
392
230
59
58
935
289
62
588
966
15
790
196
126
548
479
167
454
189
405
89
439
657
66
944
731
912
694
831
416
545
745
808
128
156
866
415
798
280
356
764
296
146
312
774
694
143
942
500
333
347
589
772
356
7
68
439
919
762
622
336
660
367
496
140
524
363
555
322
995
911
438
643
409
750
418
455
893
360
955
578
59
897
350
767
904
771
206
176
885
180
864
545
547
360
37
423
723
593
97
71
856
535
714
266
285
132
721
531
844
677
109
903
926
812
22
830
935
580
358
820
760
222
718
660
583
755
83
658
700
533
729
557
68
444
823
706
576
544
589
421
573
50
676
499
214
51
682
149
631
40
970
744
263
40
404
846
147
839
504
848
372
234
405
793
678
228
851
606
124
440
379
698
490
408
197
705
459
879
206
90
272
528
834
535
568
590
381
716
430
237
564
154
471
321
947
501
549
798
460
25
590
839
723
81
247
273
138
706
504
344
149
776
873
335
311
793
926
44
509
708
282
425
862
105
746
162
607
647
312
419
25
903
258
748
336
858
373
474
564
878
170
65
6
395
401
318
189
679
714
50
739
996
476
953
454
574
115
413
574
780
832
599
683
90
699
19
300
73
845
217
303
15
282
309
411
35
979
600
714
694
2
805
42
478
759
496
405
226
909
331
6
741
930
689
184
981
60
484
54
905
701
357
921
336
19
684
371
998
636
438
44
638
243
87
469
354
935
874
581
197
557
587
290
487
629
826
468
689
663
875
595
716
584
868
52
603
552
776
954
540
214
998
178
809
437
999
516
373
873
97
922
430
36
212
269
665
39
90
355
702
965
950
418
901
818
823
857
722
599
811
262
165
161
792
326
599
792
842
324
17
939
246
800
976
810
69
993
849
511
348
903
828
650
674
730
820
497
939
542
96
750
156
613
911
949
939
862
93
782
538
110
73
784
910
401
947
332
395
148
195
95
52
24
746
726
106
918
575
45
813
23
147
969
636
410
270
927
273
363
709
811
826
135
948
88
888
895
772
635
395
968
731
447
344
829
525
450
747
100
847
560
475
346
882
111
756
504
39
381
868
100
193
46
587
493
134
476
740
907
111
135
875
194
935
219
23
460
21
123
913
220
35
388
566
269
852
322
774
243
704
642
695
249
40
283
94
174
111
186
81
222
321
308
769
256
879
792
69
252
267
334
472
655
722
390
924
926
65
698
169
121
692
865
722
732
148
816
907
611
2
340
833
675
649
602
284
880
747
705
133
366
39
957
21
761
348
946
40
765
644
209
886
689
74
608
421
574
776
680
185
778
21
371
805
22
325
89
902
424
794
35
791
185
345
164
947
693
462
339
810
459
548
696
148
975
656
569
901
432
250
439
562
623
162
367
645
839
809
547
264
603
935
407
789
280
923
88
325
386
779
135
845
327
183
993
654
839
914
556
271
164
995
833
139
509
552
784
348
361
684
612
317
619
371
458
251
295
898
928
681
677
63
526
4
598
871
11
437
785
567
60
950
914
245
89
423
797
226
123
511
910
736
828
881
459
286
132
754
536
60
787
213
475
665
569
73
536
580
862
322
499
274
624
413
519
65
188
668
291
312
179
553
400
7
434
859
645
566
966
181
978
753
746
453
771
316
878
307
248
92
629
748
366
605
513
237
671
702
906
962
366
437
516
766
797
302
977
794
869
943
328
199
49
74
5
820
742
235
479
991
328
109
739
46
714
604
636
737
306
894
52
672
331
920
438
128
222
416
275
91
711
603
643
112
677
648
932
420
883
412
763
563
873
854
610
939
458
598
29
765
492
81
789
823
1
580
304
223
348
579
667
59
182
310
172
211
958
456
983
841
220
746
757
445
600
367
737
59
965
766
176
809
847
317
984
848
897
288
71
245
219
738
657
753
400
181
317
358
989
300
552
210
47
309
655
999
28
744
410
345
510
938
154
357
256
138
557
153
779
629
751
350
719
408
456
472
941
773
830
930
73
734
140
472
395
148
824
775
244
234
120
755
173
626
464
781
117
22
934
248
3
37
598
722
445
54
194
738
827
377
669
253
463
161
725
859
661
901
986
906
136
107
661
661
85
125
442
202
499
728
450
502
766
401
577
563
455
123
654
635
852
323
888
316
836
965
527
498
867
513
404
355
972
417
368
58
894
162
612
394
890
415
896
8
816
473
924
623
949
578
258
801
253
498
117
89
816
644
587
35
510
343
390
482
760
758
892
7
920
505
401
162
272
297
523
88
123
447
63
72
377
674
873
630
524
343
71
340
339
11
375
849
354
117
684
467
875
576
474
147
433
875
310
705
524
833
145
999
632
561
423
9
235
649
991
111
992
414
452
683
425
179
533
780
297
569
247
524
497
73
672
931
300
334
988
824
519
486
176
151
399
599
512
986
248
855
97
592
269
549
276
695
81
161
827
378
730
426
902
227
499
926
510
799
260
851
975
779
337
151
282
736
751
794
722
351
649
171
944
271
721
220
966
802
381
145
532
463
571
786
42
70
713
553
221
973
404
196
105
93
700
387
181
803
182
255
154
183
426
98
806
499
670
124
653
403
269
185
866
840
972
261
262
685
814
835
10
570
384
115
663
84
503
196
887
37
451
41
572
229
492
379
729
514
503
382
918
773
568
136
965
892
397
228
929
563
415
939
133
799
55
148
883
910
344
122
947
795
164
519
25
8
898
106
522
402
488
792
527
408
929
492
300
678
72
229
242
488
169
375
639
576
876
523
486
220
997
785
368
161
304
745
521
555
851
44
309
339
836
836
100
117
680
400
796
753
982
390
593
503
117
232
431
993
107
269
214
105
54
934
618
710
679
140
265
530
536
926
221
724
114
321
194
795
74
342
900
408
732
845
911
849
429
342
195
537
611
409
994
17
343
964
727
374
456
345
256
992
271
477
69
738
151
263
533
577
605
785
985
337
630
248
538
59
590
733
948
553
494
294
570
189
259
649
563
715
994
819
60
618
649
129
356
800
744
241
729
349
378
714
38
360
962
928
771
904
662
720
457
508
366
379
698
977
28
613
693
375
433
105
345
434
586
53
234
330
646
315
31
24
29
421
384
991
349
155
247
363
227
56
872
594
435
570
571
815
183
616
542
968
721
239
402
307
292
988
989
938
303
20
314
332
793
698
675
143
206
274
506
433
330
730
379
117
652
303
933
836
271
827
156
993
67
559
652
711
899
994
650
203
366
964
887
160
15
915
303
573
541
161
6
872
892
738
989
544
393
274
732
664
454
889
657
521
800
662
232
51
656
234
606
22
551
846
534
918
761
837
491
302
351
849
526
243
587
868
139
980
142
224
997
596
465
6
469
617
668
54
668
676
288
275
51
191
121
585
109
234
775
600
888
126
450
415
721
389
283
212
722
777
436
719
726
253
725
547
870
746
601
539
774
242
166
177
433
639
763
543
873
890
495
113
368
297
880
89
39
163
653
113
293
442
184
371
695
261
918
566
7
520
457
134
114
975
311
547
614
426
442
839
316
290
952
684
587
833
125
978
348
779
91
641
573
275
12
268
537
283
186
896
803
995
30
917
970
342
816
584
120
611
423
437
901
376
121
840
561
599
819
909
378
910
551
303
538
915
571
427
198
758
675
353
105
706
622
76
400
439
12
520
402
436
309
303
164
431
143
725
382
962
634
112
225
537
415
115
805
986
542
355
96
217
709
202
275
683
630
27
474
642
900
876
78
209
179
594
992
323
319
374
637
306
486
214
195
901
329
0
240
223
356
688
793
417
890
68
100
872
96
575
515
996
451
945
557
983
540
550
658
211
924
295
869
763
510
65
664
191
417
256
415
125
945
208
894
187
628
995
60
724
922
575
72
373
520
982
708
412
532
366
976
808
662
845
571
524
262
588
715
32
844
482
157
141
690
52
329
319
399
389
395
321
316
820
46
188
802
755
601
686
121
577
494
135
774
66
659
389
6
727
421
202
209
578
344
252
982
673
923
381
414
318
54
730
490
101
918
644
208
871
330
681
800
825
817
575
243
828
316
601
907
737
803
117
667
147
721
650
820
644
383
234
962
790
316
805
243
235
449
451
458
132
132
259
309
301
186
552
482
502
505
389
239
308
506
258
456
227
260
628
223
644
215
186
786
531
343
29
118
144
832
577
276
964
836
585
618
374
489
100
876
994
489
467
303
348
725
111
927
986
739
151
982
954
689
120
838
32
149
956
176
981
533
805
297
721
390
915
447
232
367
675
226
857
494
881
557
220
992
484
558
84
635
892
390
324
12
228
708
513
537
885
494
422
42
143
144
432
411
943
664
778
619
243
987
113
124
544
685
469
29
595
905
16
487
295
341
851
876
49
364
765
286
210
187
328
354
683
113
117
627
129
895
246
372
235
711
849
779
397
318
160
992
575
177
832
222
870
683
98
271
48
863
910
610
403
238
316
86
703
433
713
833
329
311
557
564
23
406
695
420
76
208
764
651
737
596
874
607
280
324
230
680
540
140
642
943
731
959
29
434
392
95
619
73
406
177
989
781
935
685
553
12
893
318
15
982
266
889
589
898
566
171
930
106
312
573
401
395
532
430
181
276
877
801
350
636
330
339
417
265
24
323
277
269
641
293
603
259
534
544
158
100
716
88
558
380
13
959
775
545
742
956
822
619
109
524
607
439
863
25
705
240
700
334
861
341
979
465
952
866
9
110
318
725
551
877
105
564
836
880
462
930
189
284
902
298
160
509
90
23
886
147
263
586
481
477
279
813
942
232
679
951
694
997
29
245
226
134
810
415
367
272
345
908
908
247
206
420
109
648
443
995
795
59
582
629
536
213
442
478
445
473
781
140
822
810
737
49
297
899
464
16
523
809
924
431
409
482
851
518
483
647
865
278
706
799
907
594
13
701
424
810
526
557
950
349
720
40
398
17
939
862
385
463
23
661
246
432
495
450
302
978
449
168
257
507
967
516
101
332
570
877
143
96
434
445
445
154
485
843
523
777
57
908
240
81
921
838
865
417
640
520
747
89
40
356
596
359
873
49
692
795
926
835
891
713
280
689
867
118
884
743
895
942
3
487
375
925
325
592
694
966
464
441
407
504
798
4
864
23
405
556
818
332
391
61
397
23
750
264
141
635
7
36
929
363
523
656
288
201
600
982
519
65
775
926
569
573
282
433
596
688
341
766
372
84
828
769
108
578
33
249
565
393
638
846
756
513
502
396
714
455
730
233
520
505
160
89
79
442
875
27
130
216
794
854
301
622
623
761
552
9
362
470
754
0
668
510
514
523
258
580
978
988
814
498
493
326
939
924
768
814
304
251
383
98
105
36
72
81
797
976
90
159
798
844
512
467
706
26
990
964
606
968
304
772
466
797
98
757
74
219
572
378
822
307
828
927
343
252
360
140
228
450
651
27
294
163
846
0
541
836
316
500
804
620
272
622
770
723
731
844
942
303
574
764
962
402
43
305
654
404
797
234
854
449
613
501
612
459
853
154
647
522
654
803
142
926
777
264
649
509
108
943
164
34
59
127
788
103
432
794
859
230
29
65
679
994
566
291
806
772
797
453
294
451
257
788
730
34
53
731
543
513
675
708
548
734
835
336
189
619
131
48
201
512
114
880
858
32
524
664
804
321
118
450
125
727
239
855
761
292
586
657
157
613
717
705
348
552
394
889
523
877
938
725
741
52
957
599
84
481
616
241
155
734
691
632
813
930
487
926
574
425
583
732
39
300
789
739
204
183
628
80
412
566
805
153
970
762
753
407
596
369
648
103
455
339
735
620
622
222
546
548
999
130
280
38
782
70
129
339
605
758
419
18
676
224
171
647
338
276
54
934
997
54
37
804
393
124
424
367
346
971
916
346
453
548
736
235
970
866
926
576
976
345
946
652
569
469
651
260
98
705
546
447
111
936
252
857
60
28
224
759
351
492
457
804
41
193
392
11
411
318
939
387
664
885
40
585
355
691
197
805
749
744
252
860
680
856
69
740
885
294
851
236
138
308
393
179
502
137
543
265
807
482
653
823
720
45
409
427
736
958
232
837
702
484
50
734
341
119
827
226
765
678
814
904
987
559
435
841
696
978
106
504
461
759
679
181
804
440
608
893
399
192
82
453
676
484
188
17
956
15
595
721
45
762
977
32
321
413
225
370
391
332
226
204
443
905
737
600
346
697
845
97
889
279
550
566
764
738
935
720
105
883
793
151
645
771
535
318
184
761
40
927
445
618
132
240
524
869
840
222
919
37
319
808
317
221
726
81
960
14
153
417
897
946
920
542
717
456
212
253
569
253
181
14
871
665
606
747
886
447
321
805
836
992
966
153
214
692
586
526
706
91
943
955
38
864
849
107
672
62
713
241
667
894
607
890
911
213
990
797
12
311
955
201
656
921
354
870
965
293
748
672
736
691
979
774
907
829
234
931
891
947
172
910
193
131
800
104
697
790
253
709
454
208
910
110
129
617
980
95
262
728
119
998
771
98
125
31
927
359
962
170
658
487
432
203
618
233
307
315
375
912
377
829
121
639
939
602
256
271
697
870
999
168
869
123
619
994
506
898
705
468
69
715
307
501
918
926
86
577
593
462
489
970
291
610
610
583
565
218
854
262
89
206
783
310
329
402
656
187
300
361
655
721
428
963
223
346
241
661
923
834
123
412
157
767
375
119
350
940
689
204
554
130
410
337
440
91
739
96
278
392
809
286
113
589
601
688
935
842
350
858
28
825
623
537
592
350
8
294
290
698
499
196
828
261
534
621
705
625
69
983
17
231
621
483
820
222
171
756
416
521
966
445
699
941
334
291
291
343
586
933
393
437
130
573
50
16
194
755
993
616
91
363
847
712
846
667
935
17
775
351
891
94
148
590
35
835
233
327
178
171
612
923
608
742
496
659
110
43
766
456
659
857
819
506
570
17
525
857
34
301
560
277
747
709
867
782
896
101
461
426
272
74
349
233
168
845
244
631
888
10
87
547
220
906
405
790
923
931
999
309
584
559
587
331
620
806
465
516
907
927
942
532
1
291
765
521
489
361
152
729
371
239
629
591
497
386
733
772
317
732
434
253
292
21
936
912
827
402
781
87
329
723
619
682
367
736
555
208
97
708
937
820
299
918
764
797
305
497
921
974
582
355
228
874
728
164
138
908
918
919
995
247
995
966
281
362
702
837
570
151
897
859
971
196
130
735
345
435
585
267
761
167
622
989
41
351
506
531
259
424
451
606
24
446
572
657
160
626
846
82
777
743
941
748
940
423
836
285
858
421
904
972
588
527
313
981
230
819
512
841
596
315
447
