319
51
554
706
778
784
177
289
131
419
977
920
380
514
765
105
675
977
343
985
785
509
205
317
259
979
737
866
733
117
701
53
520
607
759
298
391
288
587
523
59
565
443
791
431
208
249
459
538
592
444
323
101
2
992
712
981
729
930
66
198
983
471
719
590
583
369
981
223
957
856
635
874
299
426
305
860
675
764
750
267
561
73
720
915
418
784
248
147
714
314
698
49
786
769
639
721
138
973
944
447
829
579
321
481
6
979
693
33
95
443
301
8
868
373
923
286
510
171
786
224
486
484
626
624
605
265
345
95
590
641
543
420
221
216
253
579
195
946
612
291
389
265
299
257
991
223
544
501
746
682
77
584
518
703
208
123
321
905
570
911
899
113
683
120
330
288
51
877
234
15
168
975
281
820
233
624
395
129
125
141
163
202
726
681
258
286
804
579
544
374
842
443
840
878
915
522
166
966
399
401
333
920
728
614
740
313
238
487
794
715
628
957
270
706
638
528
345
794
459
889
521
653
684
713
531
599
235
50
917
634
451
250
554
531
217
646
845
807
133
639
875
762
597
145
820
587
25
165
382
484
406
255
489
90
968
21
41
203
71
310
189
874
913
744
757
482
390
602
289
876
594
164
638
543
661
810
130
686
328
864
522
734
119
12
177
439
385
570
994
808
233
184
34
146
280
791
628
670
746
269
898
340
786
536
883
447
699
365
134
27
230
8
113
701
20
290
141
757
861
487
565
94
671
951
592
951
95
572
974
841
841
872
533
627
761
416
427
460
133
561
839
715
921
952
417
942
243
910
51
456
397
969
902
69
920
846
372
15
418
346
856
259
219
389
239
332
157
666
792
291
579
983
6
852
935
775
794
530
37
198
986
435
167
240
856
87
86
580
103
504
927
311
116
498
53
707
830
562
725
974
205
656
309
212
508
244
339
655
775
377
853
113
164
20
354
372
107
792
952
562
649
231
226
765
729
279
472
911
841
549
237
47
205
546
611
713
143
302
368
918
679
573
383
195
593
89
567
53
882
872
615
531
103
841
648
185
472
472
448
314
21
38
713
226
936
676
291
79
978
12
349
10
585
733
205
179
822
125
584
56
349
199
939
804
393
587
989
865
59
790
531
80
828
596
658
764
272
950
844
603
314
545
613
899
278
170
430
453
647
14
861
996
566
801
153
959
388
142
824
448
284
708
880
112
304
539
229
929
841
425
532
155
970
145
406
249
315
837
54
315
203
915
663
769
716
816
80
105
311
257
905
595
965
137
708
621
676
289
550
869
714
82
24
684
227
783
285
895
620
339
562
175
607
225
297
323
42
377
780
353
986
37
948
951
175
8
925
203
297
475
73
363
558
449
48
137
232
333
384
204
25
946
380
632
172
29
307
566
758
88
919
745
477
219
48
652
228
973
208
877
449
281
241
359
730
641
848
963
974
233
167
351
531
899
983
55
928
291
621
39
731
892
784
208
112
832
213
692
158
421
921
959
54
514
318
784
155
518
99
482
103
619
833
635
518
817
42
799
460
16
190
543
908
974
751
20
158
316
64
316
737
986
275
791
852
945
928
8
816
27
490
919
998
675
906
869
844
949
20
304
965
210
847
873
184
951
246
694
267
662
363
357
0
638
500
853
936
780
213
752
160
55
23
158
730
930
379
575
879
399
231
196
609
431
421
145
734
19
840
353
682
555
62
682
545
563
887
481
695
100
585
855
155
609
366
238
539
745
165
770
497
748
966
106
179
739
604
913
759
796
267
441
351
329
475
896
244
715
730
292
815
315
499
323
924
865
561
815
963
78
937
812
826
255
918
6
995
874
271
754
670
890
547
373
572
22
270
168
737
0
460
905
667
960
580
944
177
493
759
492
571
49
304
397
304
575
755
299
449
379
53
120
269
600
845
841
975
115
10
64
467
470
321
135
782
901
79
960
394
190
804
965
239
109
715
544
684
470
843
133
849
249
605
471
849
451
312
176
918
674
241
386
497
914
521
279
816
952
591
210
142
396
528
382
505
243
278
541
65
121
26
915
370
632
386
572
435
50
748
705
77
341
91
574
256
964
205
424
916
149
634
59
545
162
793
402
757
71
943
823
544
969
90
915
953
828
839
740
878
587
446
307
281
889
233
889
854
439
313
770
588
299
181
485
814
326
887
571
397
182
394
294
503
836
209
809
664
400
901
895
339
347
202
620
589
436
861
443
227
174
565
815
474
747
300
640
425
539
211
823
721
958
469
576
794
678
385
459
430
287
706
769
986
908
390
575
696
603
370
923
778
936
738
604
35
390
596
460
281
807
635
354
117
104
931
912
134
668
723
564
307
429
686
294
689
76
221
386
31
592
309
161
880
400
765
267
142
361
727
424
521
715
778
638
171
61
902
658
730
625
574
37
406
260
683
96
688
257
834
720
201
143
881
81
895
999
348
38
712
427
462
233
494
592
224
18
654
126
676
736
104
602
125
862
863
809
310
551
418
144
623
619
640
505
52
535
856
752
925
568
531
739
154
26
332
378
396
338
856
72
426
312
674
551
175
889
712
485
793
130
982
416
101
974
273
153
509
129
905
787
698
437
526
852
815
210
582
211
900
438
635
326
751
661
878
926
551
942
763
344
425
97
112
526
71
386
680
933
515
937
720
213
374
598
417
541
809
999
752
709
438
739
388
541
401
618
467
304
560
582
0
337
680
112
864
751
498
896
684
366
833
756
931
560
355
349
101
164
700
206
225
490
945
965
31
346
583
850
2
496
433
2
833
465
115
697
216
965
945
253
331
779
9
263
339
364
964
440
880
16
646
458
507
944
775
538
642
359
389
645
207
174
647
392
639
762
442
207
80
387
460
411
166
822
26
505
538
342
298
771
359
296
229
218
240
356
756
883
67
497
880
274
671
527
667
662
642
109
870
722
496
682
485
15
504
864
872
43
558
170
166
917
819
747
135
411
103
244
646
171
741
526
445
765
54
464
427
48
925
649
770
774
332
607
789
188
471
661
583
382
184
749
299
355
496
787
766
600
383
413
123
124
939
568
241
345
385
21
393
662
670
515
436
354
475
577
543
946
591
478
680
775
228
980
130
76
119
248
28
502
661
151
978
953
72
572
298
457
593
44
471
615
559
908
322
34
485
217
333
76
695
13
203
275
345
685
704
816
934
732
670
595
884
649
548
308
573
199
117
518
243
588
133
154
496
455
541
334
24
874
762
720
239
966
347
937
3
51
753
937
784
424
885
20
425
785
328
350
984
797
868
227
385
1
734
234
809
275
568
833
149
330
905
740
648
253
677
652
304
783
941
440
559
826
460
984
612
140
334
948
937
202
528
323
555
262
909
716
537
477
550
38
159
807
130
160
60
160
812
717
943
105
157
502
932
970
838
896
110
524
844
400
726
724
723
633
986
984
350
875
461
252
265
972
411
396
132
472
556
296
541
499
402
698
353
686
668
191
934
779
715
778
179
793
855
254
426
841
590
128
717
403
732
334
375
144
730
860
968
286
156
509
137
910
207
490
948
228
33
882
359
748
13
890
541
868
496
320
61
86
800
130
489
533
465
864
29
195
76
997
834
585
506
971
495
65
814
444
293
847
678
652
596
691
894
489
559
390
809
973
476
610
103
965
495
568
182
524
764
258
521
598
843
379
921
691
796
735
487
90
583
165
94
179
209
989
20
120
379
830
93
208
792
197
173
639
765
707
163
529
318
36
479
513
767
401
204
563
136
43
5
71
209
100
250
770
89
271
890
820
453
984
28
597
181
554
236
298
261
751
180
931
139
659
445
906
412
1
469
901
45
475
972
606
927
223
376
368
846
266
188
651
250
569
248
783
475
836
82
88
587
614
20
726
273
465
632
38
466
453
939
511
280
911
117
207
134
845
927
332
112
468
983
714
37
583
498
512
419
932
600
6
898
972
84
171
437
716
209
256
522
148
119
154
412
589
714
898
434
641
231
546
109
566
613
498
502
463
10
921
747
963
280
645
935
364
816
725
433
378
333
307
878
452
461
290
393
175
541
828
817
772
726
278
690
339
777
192
802
139
466
549
454
98
546
742
814
363
467
247
93
800
906
323
604
368
966
998
895
507
178
712
631
256
343
673
948
120
218
102
259
684
4
66
134
550
808
948
265
275
548
358
427
454
34
383
174
352
733
70
859
263
134
842
520
477
515
468
949
733
922
561
769
926
627
903
477
435
852
742
62
752
453
489
558
839
224
733
191
958
155
402
573
289
244
93
119
759
913
68
845
836
629
614
114
608
518
591
43
722
686
105
826
491
946
384
330
171
469
873
481
624
275
54
266
519
500
737
630
413
157
475
601
139
90
716
747
960
659
791
34
697
896
212
188
195
596
870
366
66
743
199
42
18
253
308
889
105
45
520
519
203
995
472
694
437
540
441
749
552
232
135
249
481
347
790
676
944
12
394
362
108
945
404
478
550
65
368
656
462
240
527
17
587
999
711
25
892
153
126
444
737
262
693
218
609
835
246
905
848
992
267
956
937
24
434
488
89
154
144
903
394
23
921
982
22
632
359
914
137
485
358
875
99
404
445
709
591
44
966
439
36
234
747
326
610
534
166
699
688
662
602
435
685
875
769
59
508
480
974
645
317
684
872
417
440
318
478
32
714
444
823
750
30
571
428
640
457
594
691
497
608
646
932
293
521
53
353
381
533
679
27
851
363
251
268
804
569
98
188
635
542
11
386
573
934
166
565
391
113
257
241
721
903
525
15
424
579
368
806
112
399
185
315
762
436
935
918
358
33
106
993
928
470
731
853
404
250
418
148
363
27
389
84
930
914
99
707
845
819
865
310
218
50
625
333
838
561
251
548
946
710
894
226
532
977
79
288
227
850
436
590
877
177
675
160
444
126
867
641
946
84
951
516
486
929
849
324
490
453
225
788
515
471
15
399
448
446
687
28
296
476
618
526
5
645
686
801
772
905
443
70
989
394
938
827
323
140
151
165
945
728
306
460
551
321
211
0
119
898
380
416
374
998
294
380
996
332
181
120
237
976
542
578
371
832
405
46
972
908
564
917
989
870
729
540
543
940
892
662
191
272
430
565
623
724
297
619
56
831
91
645
807
633
575
530
465
332
929
790
593
493
59
582
363
141
474
906
433
367
920
624
639
351
542
262
427
191
233
836
374
676
481
534
309
409
64
127
741
345
269
686
838
328
268
553
469
743
459
255
462
732
879
101
83
421
716
510
965
301
698
339
978
532
873
639
941
290
118
34
635
387
721
474
68
341
379
889
436
191
144
898
923
24
352
6
797
68
868
762
369
919
454
699
451
327
339
392
617
457
778
605
845
851
431
913
193
810
154
981
1
299
880
924
675
232
282
472
652
503
587
373
422
393
73
873
720
412
265
690
869
395
295
66
247
726
331
792
536
486
773
538
785
653
462
460
237
97
284
889
600
223
263
22
616
336
895
689
100
512
379
321
907
26
740
154
104
71
946
640
909
72
530
46
77
345
858
315
442
143
556
42
718
819
64
687
507
311
376
959
823
107
281
730
485
21
237
589
444
535
581
354
607
112
400
685
809
259
352
251
754
908
645
824
80
61
511
939
372
239
899
547
346
532
629
831
553
866
420
997
754
354
703
713
466
104
750
627
715
102
230
821
363
875
645
443
288
157
734
12
396
633
559
95
165
540
926
70
407
699
420
513
53
123
226
871
579
977
498
646
79
80
467
794
955
113
237
595
622
972
607
370
957
518
465
123
58
744
545
817
795
965
330
200
89
557
423
20
886
273
667
317
353
486
112
660
951
701
255
573
25
214
296
983
84
761
458
494
857
3
312
4
969
994
204
410
903
979
782
789
252
801
107
605
288
219
617
239
920
872
165
946
438
461
281
522
574
739
17
432
742
681
436
63
675
993
825
931
972
960
720
577
761
827
534
49
398
152
641
671
376
806
617
815
619
898
689
193
989
706
977
83
739
414
499
767
759
324
698
83
284
770
660
46
950
195
447
348
347
440
19
723
246
988
890
217
238
580
411
579
638
388
663
730
154
162
497
913
838
547
997
123
317
9
521
267
204
320
968
903
761
339
979
359
328
221
577
918
801
340
498
792
728
513
522
235
675
371
148
513
918
497
988
235
859
861
855
415
534
823
319
647
162
650
358
842
871
287
113
25
627
963
817
708
476
691
943
503
62
443
16
980
293
357
567
152
570
422
567
456
597
238
103
112
888
462
306
112
101
419
137
729
734
954
789
210
997
732
713
59
527
82
39
820
791
958
972
361
733
892
170
330
130
273
794
19
87
101
131
189
872
620
270
607
574
59
169
571
143
235
982
670
317
373
491
108
331
815
821
64
707
991
747
838
617
541
209
56
642
692
597
867
312
867
826
238
278
995
809
773
230
143
444
899
516
287
359
847
454
181
264
162
524
11
352
493
552
561
550
547
253
499
414
565
367
240
803
997
587
964
771
818
107
567
69
975
206
429
822
660
962
86
822
838
97
174
332
2
87
234
901
692
733
315
609
452
907
412
802
846
728
925
16
187
492
86
162
698
515
337
710
477
775
533
667
225
59
999
227
499
585
128
191
319
795
801
123
54
565
925
252
646
850
269
185
342
355
700
392
222
37
455
51
164
340
718
389
751
70
968
250
655
448
794
326
243
947
450
649
864
375
902
862
226
171
48
920
878
748
665
452
137
120
503
301
460
573
691
563
643
11
814
299
460
960
625
55
907
427
705
123
803
959
986
381
482
34
301
712
134
318
164
623
790
19
924
602
592
967
166
236
979
980
887
791
292
512
846
199
940
903
674
95
214
660
476
696
46
129
408
532
448
924
155
590
943
432
193
536
751
359
772
82
691
659
873
983
523
720
534
815
975
208
262
190
221
738
238
619
220
999
152
20
923
659
610
219
91
803
755
843
514
879
925
205
890
151
540
765
223
426
933
198
987
195
740
208
286
979
827
506
330
331
878
253
991
488
824
434
644
931
629
158
810
555
716
52
706
256
170
929
683
103
479
670
650
220
230
288
551
409
146
881
741
24
486
84
513
311
870
157
242
500
315
405
407
31
809
113
640
979
394
323
434
225
345
437
445
575
725
348
984
872
229
77
896
68
513
761
379
384
918
973
236
586
730
643
969
892
108
609
223
502
284
658
79
629
447
877
556
172
225
893
396
807
970
645
875
836
406
606
572
677
931
808
263
662
451
232
554
559
194
777
413
478
787
492
108
586
369
16
759
947
909
507
754
232
152
629
68
911
235
640
588
166
448
851
180
251
435
86
810
629
216
575
108
3
67
568
942
789
584
701
736
846
560
490
78
65
119
498
976
706
490
564
872
938
767
405
541
202
491
351
184
707
278
292
63
345
212
5
486
148
58
574
994
618
64
424
683
535
922
11
593
412
575
818
702
342
223
595
897
714
298
433
422
576
725
837
274
289
842
760
789
252
335
784
870
751
560
906
639
835
917
232
599
845
50
654
539
273
249
788
988
548
221
762
124
298
951
398
587
793
511
377
397
846
513
619
949
425
525
588
260
795
821
860
640
223
514
179
497
763
968
837
311
189
951
788
488
902
186
427
47
697
156
444
895
21
63
197
447
941
785
707
736
958
567
728
182
433
259
31
197
579
868
860
769
171
648
609
73
187
388
472
236
545
916
484
566
331
681
365
272
818
73
360
777
640
88
311
426
348
342
623
927
562
835
48
733
836
9
158
375
398
630
611
295
898
95
213
229
128
579
502
947
4
862
76
996
303
387
422
651
81
397
578
995
233
979
728
421
988
238
796
738
868
759
385
118
207
951
347
335
882
201
282
886
416
358
882
719
97
305
722
178
702
652
173
287
631
253
708
620
843
856
710
63
616
96
181
823
47
881
510
929
82
793
167
850
503
49
569
601
354
291
131
409
944
657
48
927
262
109
899
106
965
610
521
933
58
703
108
105
584
619
386
18
412
553
869
267
954
790
868
661
434
352
70
378
9
470
657
623
579
557
729
897
167
251
830
225
306
291
682
242
910
420
260
674
325
481
941
279
272
162
940
706
514
362
436
875
833
93
498
764
2
580
13
169
183
196
746
841
487
428
83
397
200
695
423
525
177
364
805
801
878
97
507
744
812
295
971
997
740
822
761
743
402
775
264
937
971
11
778
458
791
213
207
992
908
630
869
85
346
674
886
577
124
745
321
936
392
293
933
133
115
46
876
869
821
140
158
144
503
288
954
295
501
513
639
409
495
508
847
194
535
85
771
659
831
444
947
223
89
232
708
556
278
936
425
452
429
935
596
932
223
903
227
724
416
218
134
912
727
333
106
262
418
229
273
249
673
220
825
763
452
533
319
82
822
97
534
251
32
131
183
256
386
763
332
802
981
818
66
60
151
524
322
570
753
947
819
427
519
996
542
971
882
861
54
704
310
940
955
343
71
490
951
457
253
283
612
587
102
678
647
253
203
970
175
308
269
347
87
789
343
629
760
225
843
166
281
153
107
236
496
530
79
799
340
332
83
304
919
537
982
567
142
537
889
318
846
158
17
933
299
360
915
412
938
758
930
219
911
37
808
408
920
887
559
612
571
642
916
843
531
250
410
26
140
651
696
986
161
713
271
461
73
186
873
363
944
155
935
856
545
95
616
465
334
175
429
905
170
697
748
53
947
510
431
439
513
127
425
27
840
49
840
266
235
65
981
532
220
916
740
765
363
708
230
697
235
11
955
405
708
703
811
8
566
242
447
431
370
225
458
562
274
298
180
861
363
162
745
584
430
485
349
146
193
932
843
429
295
798
186
4
854
349
364
772
592
163
203
314
740
662
228
366
312
761
228
676
275
973
612
705
811
313
851
4
245
47
785
541
197
324
897
51
673
613
823
265
128
379
931
869
393
160
235
705
921
463
733
196
789
345
253
600
659
457
956
256
504
94
149
701
418
398
105
91
11
280
709
140
11
992
361
404
152
596
462
425
412
195
973
553
893
579
505
904
36
461
160
892
907
662
945
325
60
50
769
424
683
830
564
694
822
277
99
327
873
913
752
285
108
78
838
1
657
343
257
693
157
418
937
416
432
882
94
492
285
863
916
968
45
832
14
867
109
465
194
335
378
299
620
487
377
811
840
34
506
450
79
15
868
16
432
652
898
526
144
535
741
413
855
786
245
870
5
707
687
552
42
66
851
14
905
580
825
97
966
684
547
45
699
767
413
483
419
663
361
916
199
102
329
54
240
574
276
598
633
964
150
675
382
353
690
287
933
867
736
251
903
284
296
955
403
709
438
823
724
800
739
923
254
420
330
847
346
958
445
980
922
595
655
304
300
697
943
233
917
680
836
820
316
132
775
719
193
566
894
917
718
985
193
972
405
875
171
752
833
616
732
108
563
739
412
215
789
708
800
706
740
636
878
408
768
654
127
313
572
374
583
290
359
128
614
117
3
786
869
836
754
953
944
670
44
709
885
833
769
686
891
509
322
770
917
443
776
396
756
348
770
691
990
482
819
604
599
822
390
820
11
145
773
955
167
169
16
52
3
785
738
246
646
413
368
915
856
496
312
964
196
434
656
186
916
827
791
867
650
533
687
13
30
460
968
197
630
337
250
985
474
340
583
121
753
304
388
961
800
52
278
349
487
934
535
755
761
678
623
763
212
662
776
242
123
97
440
105
786
42
442
260
734
377
733
488
681
122
801
834
174
79
183
13
365
718
769
479
397
744
242
961
406
371
203
881
468
995
338
254
37
132
866
124
510
952
964
543
426
765
377
600
845
912
966
562
983
87
41
380
831
284
693
589
7
896
823
475
244
513
81
281
646
299
757
508
251
721
51
677
487
781
630
684
45
948
246
28
35
640
760
218
276
453
807
283
350
982
110
594
496
191
227
142
842
985
2
446
58
405
123
545
538
105
581
584
53
180
612
440
820
373
658
96
178
818
379
880
800
489
474
296
32
54
790
874
391
792
320
449
198
796
347
88
901
928
672
307
460
637
747
280
10
406
376
540
576
107
421
376
596
895
25
980
301
167
855
44
960
527
846
510
323
193
598
577
473
623
236
934
260
983
566
622
741
295
162
669
402
583
46
351
831
423
331
132
590
538
529
902
66
375
412
741
920
363
318
745
986
906
31
246
242
598
868
983
893
30
5
647
614
51
998
797
826
682
281
416
220
810
319
638
537
83
380
457
798
50
203
784
957
234
382
199
184
602
534
77
633
539
77
599
942
427
748
768
109
29
537
682
840
208
320
377
643
700
187
442
751
390
578
60
976
961
259
161
563
145
590
548
37
667
499
979
95
247
100
556
277
989
238
469
197
559
198
840
611
385
282
714
775
861
774
752
174
385
265
89
531
855
990
920
523
489
899
970
89
351
526
718
340
765
539
537
676
737
730
639
123
364
354
250
225
128
354
751
866
619
841
749
475
183
669
998
672
920
320
113
272
846
831
612
963
370
502
991
460
232
631
583
596
985
185
174
465
540
277
683
159
470
432
634
653
453
984
326
374
304
791
646
503
975
610
818
345
112
810
805
696
441
740
645
778
926
171
595
466
448
279
977
919
63
964
572
517
300
250
891
957
394
889
460
369
499
278
714
964
440
872
12
233
964
657
11
242
180
959
60
629
238
38
900
653
354
824
170
654
75
413
611
469
302
423
838
154
54
904
470
494
128
834
728
445
844
91
687
24
50
748
5
640
786
905
294
492
730
816
146
157
230
110
626
884
533
816
390
939
72
212
786
553
47
514
998
891
957
685
267
8
785
273
0
923
178
294
415
260
463
562
417
45
24
43
929
909
211
672
849
636
884
635
189
283
501
539
526
458
576
146
466
362
419
467
285
949
113
701
210
576
615
627
621
639
23
903
548
586
927
397
222
163
384
763
447
885
302
325
344
879
471
162
241
890
981
878
192
95
579
402
23
194
29
997
833
404
900
734
991
827
131
213
990
868
329
789
753
631
115
449
862
586
612
455
829
593
334
373
40
913
775
64
460
156
61
645
561
313
379
552
140
863
117
482
731
446
272
836
430
739
286
292
325
898
100
506
843
434
879
884
699
6
300
511
163
713
157
76
26
888
628
518
751
97
0
834
544
624
23
326
363
309
970
41
559
70
899
402
504
131
638
556
137
290
67
652
3
224
728
381
465
708
899
568
806
252
403
702
876
426
28
240
87
350
633
646
421
532
48
925
663
39
833
153
329
901
805
685
125
534
66
590
594
966
159
400
570
914
454
446
692
834
38
779
185
23
777
606
556
177
883
571
216
717
724
898
970
530
583
95
416
649
38
10
967
549
763
537
815
569
336
859
404
726
638
941
750
767
547
306
944
782
877
161
851
954
59
821
836
642
269
252
643
659
614
611
560
377
148
727
299
484
586
703
211
576
644
313
343
543
619
287
677
848
448
881
154
859
702
990
853
323
242
497
334
209
108
894
938
608
621
237
93
207
940
656
783
936
969
478
831
940
766
509
140
566
742
295
426
796
285
279
120
880
776
454
89
236
701
27
845
322
265
290
882
557
298
17
494
619
496
677
911
262
538
51
180
280
698
606
77
336
238
197
216
366
3
305
603
704
684
800
379
949
90
613
859
388
630
353
7
478
382
270
92
921
321
273
201
20
879
278
356
469
827
924
836
183
581
439
239
265
239
618
567
681
231
426
421
214
779
780
692
161
50
785
434
371
410
636
743
289
266
451
759
94
727
947
277
308
738
516
574
977
487
141
10
70
567
431
284
698
211
329
211
261
114
646
984
524
634
728
165
900
531
276
994
259
223
623
567
961
492
493
290
331
986
652
401
905
83
686
603
294
15
167
907
481
813
892
357
799
972
874
699
503
503
694
114
726
669
34
40
513
879
682
844
866
335
246
771
770
284
727
65
651
894
324
132
59
216
841
858
188
67
557
44
570
603
510
297
625
896
689
138
776
723
983
642
58
581
765
829
865
492
246
516
738
570
0
149
139
841
7
679
260
917
75
831
872
586
480
497
482
169
988
610
244
323
604
303
904
370
484
769
214
82
637
305
4
637
454
495
830
814
175
90
83
250
921
955
188
401
805
23
922
793
633
167
116
238
822
372
960
658
493
174
92
130
479
448
119
286
944
301
100
471
743
535
73
17
490
262
770
647
285
693
440
270
212
908
508
386
632
468
396
125
995
488
607
826
936
726
464
232
27
916
703
123
451
129
140
942
391
910
941
28
955
734
650
167
642
159
553
627
979
949
752
326
789
360
505
78
438
969
310
818
886
366
941
337
495
81
631
238
991
573
618
947
307
268
466
301
779
20
928
111
321
33
437
463
393
942
541
183
264
203
1
150
921
942
487
768
23
471
358
15
44
976
314
703
597
780
4
728
152
285
839
826
318
629
289
63
571
182
246
187
737
248
337
659
190
177
779
566
648
138
581
44
466
247
99
415
27
455
144
180
740
983
6
410
612
647
825
536
829
424
723
566
672
413
577
214
590
357
132
590
495
65
986
313
312
85
729
340
540
873
872
633
208
878
395
821
525
221
709
706
645
784
272
669
197
202
235
139
559
368
81
54
433
67
367
746
504
96
438
397
321
310
30
530
540
777
703
65
998
412
123
995
548
747
16
98
949
604
589
508
972
671
914
757
90
634
855
595
82
293
344
404
955
374
934
495
151
989
912
502
753
35
849
301
783
866
751
84
470
341
593
794
364
859
551
454
493
759
401
576
404
745
332
360
471
266
855
975
607
768
829
360
155
678
661
290
896
413
375
718
754
320
512
470
179
416
924
673
527
678
601
931
775
933
291
247
551
147
574
158
267
403
518
774
433
531
65
682
944
792
400
50
112
265
520
643
33
797
668
560
827
269
843
602
554
135
201
105
634
775
263
253
530
133
27
964
665
444
998
961
236
398
12
700
15
884
344
48
33
364
960
860
634
804
463
188
291
664
646
925
440
261
530
322
395
557
638
60
354
636
21
590
387
385
643
402
622
339
803
655
703
763
516
689
919
979
230
210
995
876
487
787
137
369
110
884
279
748
296
633
737
670
223
124
55
218
526
677
557
329
685
261
445
201
950
716
532
532
279
527
408
118
315
898
488
777
134
767
525
431
400
614
101
975
738
508
194
265
538
751
946
223
364
391
776
667
460
308
199
739
187
960
857
854
210
345
631
344
112
509
775
864
123
228
840
862
737
34
479
275
137
425
850
854
169
626
873
629
286
72
368
825
384
225
680
594
923
311
939
35
820
714
900
944
295
92
158
32
478
637
659
967
62
861
821
583
839
694
212
125
119
932
950
503
510
982
98
433
294
389
820
466
455
72
410
750
164
920
782
994
557
793
962
972
654
135
907
493
830
120
970
301
404
273
804
914
255
254
347
901
643
520
368
99
592
130
201
109
51
984
103
960
129
65
932
784
201
840
629
383
312
952
684
68
577
840
983
832
95
682
734
90
202
102
541
147
232
743
256
635
79
359
596
208
777
880
344
330
72
326
713
384
278
749
453
855
589
788
39
36
470
125
479
25
227
20
172
812
763
428
447
194
139
43
755
268
924
99
598
996
777
663
733
407
764
538
614
706
678
654
742
500
779
573
525
359
594
49
523
709
829
970
904
969
366
659
589
642
110
540
990
888
555
75
295
320
965
910
26
643
916
120
144
47
694
21
406
288
71
281
349
900
604
605
221
970
616
811
964
727
351
954
967
906
382
614
578
347
876
604
991
792
77
487
840
771
508
598
411
579
880
760
480
484
718
701
806
334
864
122
61
567
76
380
474
810
995
404
158
871
9
501
16
86
988
856
209
496
806
620
428
38
732
260
874
450
961
32
785
178
154
198
745
583
579
571
393
574
976
551
797
337
52
813
423
392
21
984
241
828
956
669
218
688
929
445
491
242
477
628
420
984
826
518
567
757
89
960
331
65
864
129
402
268
942
177
661
964
513
254
144
469
923
714
510
204
159
1
446
989
981
219
973
159
737
540
917
178
852
600
596
716
729
350
337
24
528
350
340
393
604
836
863
527
550
373
731
62
726
529
51
59
100
24
218
189
564
135
368
768
736
964
837
817
314
174
193
194
524
885
588
480
73
803
7
624
528
90
38
606
971
89
665
72
465
883
613
381
371
981
149
107
297
986
276
964
160
470
510
36
707
450
516
781
253
875
757
133
317
795
739
289
236
756
713
701
992
326
434
363
660
583
822
957
922
98
273
82
920
784
471
628
234
339
761
840
215
518
973
532
665
65
173
901
821
886
954
813
565
388
528
225
323
350
182
245
449
808
680
721
592
151
701
178
842
462
18
57
980
344
942
645
761
115
898
582
354
852
748
919
592
276
144
916
979
678
513
780
486
193
501
430
696
203
609
539
665
979
948
998
675
890
995
436
358
894
371
712
98
471
983
43
747
479
311
78
157
824
858
996
370
360
426
66
915
387
957
580
367
906
578
394
796
926
831
154
820
202
218
270
673
553
313
772
32
624
851
542
449
61
538
819
421
316
237
336
56
195
269
775
101
199
169
249
125
0
756
945
554
326
216
227
880
881
352
912
506
555
454
307
616
344
478
38
661
715
726
69
262
995
844
715
547
13
965
672
366
73
970
920
399
538
148
279
419
852
544
277
407
998
584
23
695
62
413
708
130
140
777
392
487
621
108
34
986
425
59
352
498
381
273
897
919
773
529
690
625
73
968
384
423
904
407
118
967
821
826
97
313
603
489
152
576
949
539
563
374
598
267
872
331
540
122
250
665
3
292
290
76
612
674
851
517
434
322
484
607
500
933
920
456
422
424
32
724
963
947
98
913
215
323
244
107
445
846
773
448
139
415
876
103
90
79
620
876
401
456
483
902
389
755
358
164
179
742
888
495
690
986
408
257
309
5
364
106
851
137
554
342
553
782
446
995
862
418
871
615
875
706
517
264
461
227
428
992
970
668
839
660
655
600
917
316
605
633
423
808
771
329
503
676
464
301
671
326
719
894
941
594
600
811
211
413
38
991
757
8
660
597
20
667
197
289
983
154
923
758
962
694
440
465
370
904
766
393
582
838
639
875
784
239
38
995
4
77
987
761
437
647
710
458
314
259
747
649
413
670
760
376
716
552
193
438
808
960
831
390
150
470
617
934
61
656
930
65
85
269
179
522
268
241
332
934
501
80
583
914
102
695
642
819
247
836
257
55
148
441
797
298
911
767
232
325
775
514
742
860
783
273
734
51
515
67
337
16
147
921
282
601
968
925
420
568
113
30
975
261
471
125
559
734
892
143
59
667
10
802
879
145
75
613
549
590
32
886
958
179
159
593
781
128
870
553
48
983
583
23
244
54
148
155
789
40
650
200
59
660
2
290
158
430
904
707
20
936
593
331
468
105
276
601
233
146
506
633
129
90
656
725
496
805
880
637
197
882
838
609
543
192
899
701
622
155
760
995
444
705
326
264
810
954
217
43
100
723
28
581
165
685
306
14
842
538
651
39
420
841
648
315
34
900
368
656
55
128
651
851
834
329
115
644
283
332
40
383
56
68
316
573
753
622
587
595
160
591
987
933
432
987
248
466
887
617
123
295
745
126
146
931
456
262
928
739
946
968
475
354
388
143
928
494
766
867
89
278
458
428
211
891
416
460
709
655
429
184
950
526
311
97
458
119
711
386
210
657
706
685
12
94
829
292
588
947
159
30
577
618
458
789
861
226
601
922
882
30
107
184
556
770
281
366
241
344
104
451
2
810
489
14
257
670
306
845
617
817
227
546
435
38
335
648
264
936
571
498
318
30
683
227
152
316
945
393
661
50
844
663
212
333
29
469
355
687
667
324
504
894
871
292
932
206
940
549
495
863
47
165
893
82
744
45
399
690
438
60
740
635
75
304
320
456
126
676
495
793
0
999
39
223
643
972
430
936
873
277
799
920
794
45
355
539
90
754
229
881
166
321
868
241
625
188
697
751
216
192
896
569
543
936
792
539
260
574
475
133
203
626
405
998
671
760
537
114
866
766
995
32
439
863
273
64
403
322
168
620
866
64
189
762
352
333
301
612
908
128
97
111
754
503
109
778
615
998
892
482
764
887
514
555
102
140
620
857
814
140
477
681
556
18
443
909
352
96
521
612
576
619
723
682
474
185
460
89
183
352
923
300
591
438
855
45
930
827
903
744
967
732
777
524
751
220
433
455
668
306
67
596
277
790
279
751
975
739
193
511
444
116
811
387
906
666
785
836
494
688
933
813
772
710
337
523
283
122
978
303
429
397
900
706
188
179
810
515
270
3
26
66
471
189
806
378
208
591
566
54
631
851
867
403
562
557
279
845
679
609
500
108
7
400
167
547
931
977
62
202
332
441
620
803
982
426
533
190
369
100
244
352
951
112
108
865
669
387
62
700
348
563
809
355
963
328
254
895
657
669
449
989
462
421
144
444
848
678
635
569
778
231
922
81
343
30
947
364
417
9
65
117
924
226
825
888
906
79
135
563
748
936
904
210
357
48
7
557
726
994
127
856
225
49
290
569
79
237
285
848
598
350
317
523
928
142
763
834
222
250
397
322
186
301
885
895
702
892
453
428
886
580
637
111
629
927
32
60
516
318
260
114
20
577
989
949
720
104
783
294
354
533
968
892
186
853
788
888
97
241
669
335
821
306
799
802
233
831
214
101
501
826
215
874
403
557
823
475
661
958
121
368
491
90
260
678
943
48
918
393
289
587
728
462
245
527
616
830
711
830
931
564
656
499
438
412
56
613
239
69
572
361
789
415
451
50
445
394
450
364
139
92
303
868
554
549
747
523
379
458
353
663
375
362
162
813
126
570
779
365
991
351
726
781
118
177
831
564
924
633
280
63
725
935
283
280
484
31
803
216
841
508
231
216
222
393
382
700
315
161
418
658
512
144
439
982
674
622
898
950
256
530
365
981
466
1
613
302
32
768
518
873
629
101
442
203
846
824
904
161
985
322
820
849
818
611
831
844
234
82
146
842
612
864
823
78
865
789
381
897
557
251
122
538
353
916
742
199
740
998
361
725
672
533
926
842
144
110
687
730
192
185
572
804
49
748
883
914
889
616
163
446
867
638
337
220
554
79
420
647
429
133
724
101
18
651
943
514
761
982
597
953
168
169
109
217
269
344
484
158
960
647
957
828
637
294
400
192
725
820
191
154
305
915
255
675
566
550
190
679
533
787
984
701
308
94
270
578
438
754
88
399
754
397
579
743
691
979
287
416
152
478
922
809
394
529
485
312
80
675
992
613
814
976
666
122
70
288
52
861
395
141
260
501
890
191
244
582
170
532
350
674
10
625
484
404
154
969
717
234
996
61
199
810
37
865
932
460
154
337
321
901
830
581
402
720
124
646
302
294
178
5
321
541
630
805
945
784
774
14
371
122
75
570
932
113
788
216
573
294
553
246
195
383
179
597
104
303
595
758
949
774
115
270
315
745
75
612
882
201
979
605
323
406
175
255
871
315
472
796
961
377
42
156
761
221
105
217
524
701
975
474
827
91
744
494
188
172
458
422
373
437
27
49
844
555
656
67
222
480
864
184
858
906
340
619
128
798
188
4
851
163
830
678
606
927
524
147
99
982
569
824
772
949
873
968
856
882
35
78
362
899
262
572
806
955
191
286
753
731
290
604
895
121
634
853
48
510
0
499
492
922
675
616
871
901
584
727
783
972
157
145
223
420
718
29
375
261
667
480
345
310
436
240
783
422
445
183
932
446
682
776
720
357
393
943
258
329
670
393
301
827
891
525
599
961
906
974
574
926
806
919
236
242
159
371
664
957
554
948
755
588
725
475
297
118
418
908
799
440
301
453
619
192
330
219
153
236
545
728
514
352
647
750
946
159
121
963
468
27
911
223
615
988
698
913
458
468
821
258
908
122
711
879
667
41
98
172
629
644
252
144
348
900
246
646
411
720
961
879
747
225
102
363
213
152
628
672
972
449
282
880
923
993
759
942
386
210
115
15
206
367
511
906
619
758
904
382
830
866
261
577
91
715
292
656
219
272
680
191
73
962
423
349
307
535
291
693
97
758
61
303
478
924
209
97
682
113
832
864
331
445
442
774
513
86
431
732
359
463
276
432
426
51
781
85
586
425
779
683
183
192
338
661
116
899
111
151
365
943
15
696
740
809
471
253
248
254
986
959
717
614
391
143
665
525
581
604
950
712
287
485
904
978
499
372
877
610
875
242
905
243
939
645
404
762
251
652
16
589
611
733
203
355
229
868
232
810
472
534
522
112
19
778
442
870
150
319
832
378
562
737
621
853
735
25
615
986
30
983
575
993
716
130
700
297
350
932
107
175
466
981
639
838
759
81
708
262
400
541
640
314
630
613
519
717
990
486
55
20
469
982
366
186
112
66
483
463
999
943
638
817
924
277
655
36
710
716
298
110
257
290
777
239
255
296
309
245
783
364
618
252
347
984
790
811
50
626
626
401
569
616
219
493
245
874
529
955
942
179
418
551
821
195
791
76
843
100
322
978
816
292
583
163
276
373
327
678
999
953
80
920
570
299
766
815
525
295
771
468
827
189
371
648
736
162
725
579
614
399
558
431
43
493
946
319
866
273
349
218
227
429
490
149
80
256
964
958
904
735
426
731
276
797
731
12
312
808
944
278
207
854
709
250
347
8
921
565
281
271
783
860
52
626
9
133
882
974
91
786
61
869
869
690
18
601
54
682
409
998
961
969
852
670
571
199
678
493
765
312
116
900
172
168
526
534
653
409
508
744
547
921
965
417
963
984
18
18
666
779
16
627
748
869
650
320
68
680
165
185
344
281
86
869
801
964
403
455
725
263
551
273
184
517
42
500
853
412
518
871
191
534
851
940
755
501
612
176
533
777
361
230
410
799
99
563
764
502
18
841
765
922
114
301
791
508
801
644
920
671
515
112
206
366
52
961
219
16
489
105
793
851
335
555
2
786
118
766
640
137
608
757
411
74
58
202
583
212
846
855
883
713
967
441
80
371
755
651
387
244
756
532
95
443
87
450
581
206
216
221
695
176
978
106
603
389
308
538
601
506
393
836
219
361
630
651
84
385
655
472
629
763
4
77
559
92
527
140
650
95
362
345
624
340
451
579
729
111
117
682
969
510
871
540
223
501
192
308
238
199
132
867
962
488
296
521
932
175
14
582
623
376
927
247
68
730
826
150
841
295
184
810
157
55
351
733
908
895
393
146
94
525
366
408
13
662
282
298
190
296
880
813
672
160
412
92
890
590
242
84
885
427
246
394
834
597
127
743
844
520
889
290
45
255
699
411
270
333
709
460
629
941
625
653
101
389
745
344
979
340
428
216
767
674
610
601
624
738
696
468
610
586
111
8
193
810
419
463
495
480
275
124
773
900
777
227
289
874
571
620
214
351
836
981
25
799
935
1
889
631
470
499
569
581
507
763
743
278
226
238
110
502
714
884
754
843
111
396
717
682
16
932
385
205
265
410
4
200
412
893
184
234
392
753
167
252
868
262
530
447
852
641
949
566
877
55
409
988
451
126
22
468
58
407
673
324
169
29
876
581
922
412
167
666
518
334
270
386
948
801
833
800
794
134
718
671
190
127
659
993
606
33
813
16
440
838
692
609
867
921
543
141
333
710
808
851
397
78
238
697
231
423
498
25
558
216
696
100
696
707
445
302
740
259
670
532
97
363
142
317
284
37
458
969
99
266
821
848
697
411
546
928
834
44
306
744
612
354
196
308
62
994
962
154
605
985
687
702
700
181
371
336
570
830
305
669
448
126
518
145
889
64
426
76
460
84
172
424
438
369
733
852
715
47
7
320
32
46
374
732
579
746
68
149
576
726
818
24
204
688
522
94
104
300
170
564
384
342
341
174
63
74
27
778
473
386
98
858
432
473
942
11
219
363
512
147
89
330
523
293
371
45
387
475
697
909
392
81
252
733
256
667
159
635
446
984
21
896
842
453
369
137
816
940
500
328
439
589
10
963
234
381
360
974
857
58
883
601
491
487
334
99
155
845
734
601
829
755
497
24
560
219
161
728
511
661
56
951
602
419
914
836
800
274
162
9
684
46
610
176
533
296
275
40
141
10
641
323
117
491
347
30
62
508
758
573
169
815
524
123
234
790
311
386
65
474
748
749
872
358
277
757
7
553
798
500
915
439
823
384
282
170
414
344
678
173
918
199
340
794
322
926
585
986
312
2
460
60
103
332
771
381
89
778
286
887
630
553
679
454
289
313
624
704
658
655
229
928
854
569
722
529
495
659
515
159
661
975
572
117
659
695
498
100
825
136
340
455
41
371
909
330
684
886
386
342
541
615
622
395
184
345
276
31
356
791
543
370
118
467
487
129
162
337
230
987
473
570
794
866
941
704
196
977
590
583
320
483
550
942
230
87
639
507
118
348
298
13
718
769
480
205
898
994
542
128
333
367
50
128
233
343
184
429
321
774
364
993
609
915
287
839
2
279
346
472
627
997
838
345
766
670
550
664
665
92
145
998
811
547
478
44
243
662
473
564
436
190
909
397
105
196
237
459
475
935
931
102
932
769
799
698
792
349
715
457
793
212
807
604
759
286
0
2
948
474
918
737
664
827
134
121
376
723
580
851
659
863
306
591
985
457
642
777
159
357
586
304
921
393
261
680
679
261
683
980
735
953
717
751
781
203
224
157
927
156
360
586
372
18
529
357
476
171
486
635
880
72
939
801
817
200
834
849
462
869
829
549
822
898
653
603
101
229
112
28
386
825
966
758
843
496
467
319
19
953
306
900
377
598
53
194
798
887
43
612
756
872
514
579
122
519
534
224
748
999
604
134
824
923
244
667
419
711
339
438
664
645
690
41
243
744
588
394
631
631
358
740
856
872
319
978
391
205
554
140
204
511
626
28
434
871
48
853
934
387
643
951
384
334
344
980
430
932
726
413
564
84
153
772
309
824
102
700
30
657
192
586
520
171
615
954
42
663
807
328
402
802
279
786
488
624
118
270
556
844
684
472
929
189
596
238
14
699
290
396
708
835
982
228
6
949
182
400
964
341
728
718
495
8
505
984
984
975
606
540
820
290
365
101
832
961
691
846
12
981
594
72
816
928
652
822
230
834
222
194
527
303
913
375
311
770
711
295
97
317
187
917
960
552
370
792
866
61
990
230
43
584
303
211
864
955
386
94
142
960
641
21
263
906
396
926
28
107
573
125
777
761
395
737
665
765
529
883
827
519
114
222
455
769
785
671
724
171
766
218
484
759
240
747
17
988
26
45
448
599
522
225
712
269
962
378
35
843
613
214
714
79
788
169
848
573
840
925
97
958
143
933
69
735
680
86
724
58
483
172
658
6
749
370
275
711
100
662
906
66
228
620
145
16
141
994
942
981
271
391
292
766
324
361
502
356
800
578
415
283
102
73
641
851
795
269
914
248
931
820
314
160
792
459
528
933
805
822
266
76
213
558
843
537
272
697
246
72
275
661
707
377
734
349
580
881
618
494
129
901
666
443
413
458
255
942
743
60
764
9
489
330
568
332
219
192
29
465
616
656
126
323
33
212
24
965
94
994
811
575
248
477
19
661
287
626
955
30
686
72
391
175
402
959
859
621
503
888
87
119
896
565
795
281
778
171
246
224
166
57
151
414
886
522
427
173
148
383
555
835
455
947
362
857
258
222
830
114
462
269
233
359
835
380
640
965
552
887
541
70
296
692
836
183
215
615
708
363
998
264
550
805
563
265
14
173
487
845
287
301
114
873
12
301
605
653
618
509
892
159
579
188
852
767
723
419
383
432
134
733
48
37
539
611
302
905
784
141
750
424
442
217
297
807
870
902
460
489
412
704
648
343
244
852
463
968
623
198
400
758
931
800
795
822
411
449
728
547
942
830
323
384
47
620
191
270
875
3
759
639
59
759
334
304
612
797
624
235
995
24
345
927
176
492
101
939
941
829
838
883
660
162
620
59
134
163
329
9
519
88
0
578
200
335
234
812
132
858
399
480
234
745
759
410
589
860
349
531
690
188
766
702
350
738
113
484
254
443
846
125
883
198
703
83
533
938
247
18
148
647
498
383
744
257
793
333
117
495
216
159
683
335
213
385
425
327
221
679
122
419
804
357
618
860
441
151
150
40
521
298
39
19
681
135
628
827
821
98
322
37
609
5
724
175
742
150
502
963
181
976
383
986
333
1
198
126
504
348
167
378
998
206
749
680
694
378
507
515
828
181
904
437
538
629
612
280
131
466
595
312
442
978
650
776
331
848
254
188
548
421
918
547
980
667
579
674
45
438
541
225
619
445
15
509
74
979
789
205
446
384
870
240
715
520
368
398
721
623
938
269
44
856
168
376
524
747
402
921
537
943
147
508
389
514
17
815
493
806
21
939
543
243
532
610
763
900
360
836
523
299
458
920
155
626
648
31
726
51
305
615
994
804
124
735
318
141
551
811
300
924
103
843
167
635
453
282
887
813
119
763
464
577
683
972
555
683
3
633
734
308
249
81
112
373
816
782
866
719
594
166
643
697
9
162
684
814
445
571
980
564
334
444
493
369
768
400
53
772
386
139
432
635
220
897
360
389
679
226
460
625
393
104
674
754
266
358
921
711
282
901
627
968
697
472
338
466
225
743
590
611
882
374
246
455
623
958
196
655
536
656
280
281
760
307
36
379
665
309
442
299
210
422
268
259
894
958
77
471
701
19
82
583
394
680
390
369
638
586
24
175
243
657
456
355
964
844
734
981
153
529
633
715
951
901
327
197
859
404
669
560
424
751
495
170
784
886
539
422
824
564
949
67
573
758
775
537
954
509
870
460
390
503
175
341
756
854
539
615
259
560
527
35
663
375
205
447
613
96
222
437
12
523
857
585
633
632
474
588
493
345
48
884
200
575
577
957
430
116
924
41
28
804
76
692
179
633
491
792
729
713
581
742
589
438
679
222
422
154
810
268
851
210
152
403
138
729
360
920
198
637
961
578
441
389
270
620
374
114
764
103
179
345
197
768
136
877
991
910
383
801
178
586
364
330
989
502
412
702
422
962
339
735
540
780
476
163
752
850
277
516
305
456
213
855
225
701
84
216
612
467
369
790
405
85
473
394
587
237
96
361
199
787
448
739
567
924
254
319
126
531
187
432
340
753
287
565
454
723
133
66
190
854
209
595
292
34
341
879
271
790
593
822
577
393
561
497
318
168
168
444
699
356
228
39
109
867
956
915
590
441
334
780
648
543
727
940
929
421
171
200
211
116
22
140
510
935
637
828
103
806
624
155
514
853
546
975
720
855
890
311
648
576
443
296
471
523
236
400
944
408
952
507
524
974
647
34
262
637
214
717
443
839
224
309
44
123
284
764
978
526
75
626
103
871
923
574
394
511
327
338
271
279
197
148
606
844
534
220
833
749
937
276
940
514
937
984
637
221
100
615
100
176
593
555
399
868
481
793
732
808
483
3
88
680
503
46
876
38
266
710
139
555
338
431
69
276
767
706
849
867
673
949
395
619
504
794
487
986
587
219
146
70
575
586
102
78
632
979
468
250
41
959
806
379
390
227
7
157
934
857
25
959
806
420
578
663
215
418
1
154
989
147
577
564
734
679
995
718
10
463
969
51
423
775
783
165
2
790
323
288
999
700
600
158
472
530
821
39
948
822
194
938
321
771
854
55
802
849
774
813
313
95
216
88
222
999
253
576
142
928
217
493
628
817
651
101
347
824
140
648
646
686
938
320
457
792
727
260
642
853
425
307
948
641
747
170
993
0
747
487
281
964
980
909
133
632
362
832
456
855
480
455
541
418
775
351
211
502
963
205
708
388
864
656
381
611
179
374
963
926
861
244
242
842
506
375
826
868
207
282
75
40
737
617
810
864
320
21
719
283
578
427
23
442
83
756
53
614
131
17
540
344
613
134
538
119
861
364
988
421
647
63
461
736
32
271
953
704
645
672
339
223
99
362
18
534
119
71
501
602
440
41
298
54
528
837
173
389
201
513
162
200
929
623
289
313
247
242
18
244
914
357
819
365
72
837
251
543
261
752
145
701
146
443
755
26
632
281
415
186
794
578
386
75
553
27
389
152
269
407
396
535
116
568
252
188
405
504
731
666
608
228
720
106
672
475
132
656
108
548
842
255
478
229
330
383
256
71
888
878
478
284
413
595
852
666
135
610
522
867
276
482
95
996
589
119
824
721
128
284
621
970
539
451
551
222
835
160
293
723
38
124
359
803
719
564
821
206
174
343
425
802
826
521
151
767
992
327
488
472
611
462
443
503
913
994
725
100
154
370
175
544
494
887
348
565
451
521
772
977
865
197
131
43
70
634
162
415
961
2
887
925
464
330
780
378
677
857
830
183
227
6
80
74
893
780
639
696
301
763
25
518
961
156
913
383
791
75
798
104
78
38
381
542
720
513
272
749
370
103
933
950
461
13
24
354
145
15
50
446
779
75
965
92
583
878
475
726
306
626
183
736
16
564
278
736
78
903
486
800
358
771
102
819
136
478
173
281
494
575
727
625
2
44
717
937
275
544
664
933
522
847
669
538
763
947
627
193
202
465
994
560
588
448
379
724
927
904
357
421
831
436
46
185
833
115
475
108
659
139
41
182
338
710
72
101
9
51
295
564
868
641
124
456
89
856
532
16
112
889
789
296
678
187
833
511
302
308
619
962
799
12
496
137
74
920
591
435
972
238
999
840
231
476
649
672
684
181
41
796
423
830
444
101
18
278
612
672
938
583
634
738
595
482
875
669
755
818
456
79
56
456
919
639
932
920
312
968
102
353
764
525
183
561
978
553
839
590
226
777
173
212
867
120
47
95
141
802
913
597
881
322
53
152
961
337
73
273
305
527
626
422
404
162
983
382
67
174
324
645
303
497
210
171
617
257
618
758
411
531
355
644
853
761
796
167
450
221
792
756
100
771
530
856
285
865
238
352
39
562
350
694
411
560
217
28
169
835
138
580
367
494
576
572
607
724
91
57
298
884
165
398
655
47
255
940
912
845
644
303
760
994
350
523
554
567
904
75
403
42
7
122
888
583
46
495
308
490
905
606
374
70
356
381
470
963
673
382
809
317
38
921
664
388
796
570
955
700
646
710
743
653
184
631
237
583
479
545
73
384
503
799
806
859
532
276
823
205
11
984
874
49
905
538
437
701
109
744
402
755
807
497
760
991
480
997
926
959
894
351
343
397
150
502
257
682
778
80
239
789
64
114
190
321
4
979
374
113
724
128
220
531
625
981
874
106
330
153
417
577
504
761
974
7
615
583
41
393
663
281
535
79
747
77
752
751
57
127
217
781
607
437
664
233
770
890
691
453
395
108
30
900
221
356
259
836
940
300
582
955
933
469
387
32
546
139
784
603
266
1
736
226
790
752
811
913
995
502
366
390
962
748
642
536
104
901
372
44
554
306
352
487
775
739
520
322
878
656
277
497
9
14
723
799
118
534
712
113
388
430
856
702
178
498
238
283
400
963
679
954
269
31
793
397
770
665
719
1
321
348
498
330
714
573
482
833
459
546
298
847
977
154
549
155
653
788
790
405
103
470
711
372
501
856
769
624
522
840
625
195
541
475
526
255
400
360
88
859
906
739
706
235
893
607
391
898
747
533
303
850
3
366
223
857
223
344
833
97
537
810
292
78
285
170
333
685
882
774
896
789
513
602
24
758
209
767
657
957
301
312
807
656
679
382
865
254
79
50
703
616
860
995
694
497
518
379
534
400
153
430
541
18
32
566
777
594
685
434
903
986
98
62
995
129
797
212
383
876
263
86
844
123
434
890
621
304
269
507
704
775
938
246
793
322
164
922
916
849
708
171
188
807
586
183
936
383
747
320
259
10
758
455
134
544
345
107
848
614
966
905
741
904
503
535
227
19
809
495
868
518
19
408
325
605
943
261
988
691
933
599
701
44
54
187
588
399
646
789
365
613
46
107
869
901
994
448
920
155
296
140
673
315
549
998
920
492
612
260
535
545
211
237
941
265
776
882
16
775
671
733
388
69
192
609
970
538
58
890
694
354
30
367
669
931
718
941
776
330
553
311
875
764
548
817
29
677
699
397
452
722
130
192
143
675
801
113
213
859
355
907
213
737
627
234
669
345
527
445
675
80
756
902
844
657
71
225
686
122
622
138
844
105
330
339
780
483
452
345
343
159
605
908
897
232
143
566
577
670
363
604
751
471
506
947
480
930
173
166
52
795
656
249
252
338
588
384
822
41
730
165
200
335
73
449
919
568
367
848
239
730
452
342
554
310
289
34
240
462
553
645
610
209
894
214
548
482
599
722
875
681
887
76
368
312
877
287
881
245
487
472
327
291
814
881
601
103
268
194
918
821
191
880
382
85
94
282
567
693
4
443
726
243
871
94
556
748
733
789
345
220
261
673
511
427
906
465
882
174
11
800
347
202
680
82
287
127
364
854
172
721
649
899
964
520
993
872
621
727
661
966
947
274
991
811
701
898
276
936
424
287
736
772
489
769
854
128
896
570
334
68
291
984
319
608
856
313
480
829
392
494
796
691
120
139
502
174
37
130
110
462
417
846
586
258
967
440
738
863
362
73
284
654
57
603
262
265
268
94
95
12
940
243
704
61
382
558
235
420
41
345
234
810
543
820
69
511
612
807
726
974
232
362
980
289
318
594
907
586
689
2
951
981
245
7
42
627
565
277
399
958
974
633
769
518
453
190
29
417
997
755
392
230
118
724
871
436
319
778
374
360
132
325
341
377
332
384
357
250
13
756
560
988
390
329
506
195
519
535
613
869
642
357
99
112
81
322
900
400
453
627
760
585
952
102
315
637
838
672
239
851
428
799
839
170
481
697
366
0
232
979
869
227
336
320
339
417
995
592
170
448
219
930
385
171
384
700
160
222
372
751
426
153
903
617
323
384
315
689
384
899
20
606
126
708
926
818
478
921
410
648
721
629
930
107
152
667
807
313
241
532
416
667
685
671
285
8
55
600
698
792
851
70
398
978
779
676
796
257
950
206
257
671
835
187
778
987
854
938
652
96
470
421
115
507
92
752
515
148
704
565
292
556
636
42
534
767
718
330
376
668
888
633
692
723
172
822
62
379
112
67
827
582
488
942
89
580
695
957
80
751
522
372
307
510
414
841
277
485
523
5
505
763
638
197
486
811
372
901
542
484
968
369
419
808
663
860
388
358
817
821
462
692
545
769
202
312
963
832
797
486
189
654
250
828
204
88
991
576
341
533
60
661
254
479
469
917
340
858
628
509
31
90
201
576
859
756
888
822
940
685
661
129
692
263
309
896
703
300
472
45
185
884
706
439
364
176
709
56
386
337
917
417
427
119
993
638
227
234
461
167
271
474
648
963
737
958
859
792
258
331
837
796
216
896
587
932
424
296
340
810
985
257
579
764
728
924
403
955
158
216
474
430
690
123
393
779
81
605
923
691
936
761
839
504
9
779
788
433
427
128
595
413
738
526
177
466
802
580
774
961
148
600
743
190
723
488
969
156
93
893
200
382
6
391
238
367
170
27
800
598
155
747
363
245
273
540
712
75
473
838
388
621
438
483
164
514
972
133
22
417
378
574
151
736
318
390
103
488
417
255
438
924
2
801
170
627
694
234
703
519
72
443
140
862
927
304
728
251
790
751
668
520
677
820
609
995
562
64
836
331
672
274
255
674
428
777
654
122
11
709
641
435
152
133
650
79
790
378
330
932
481
351
804
511
523
765
506
85
830
342
416
502
969
23
528
397
801
182
871
164
891
864
952
396
349
954
475
139
684
158
423
166
861
580
677
384
345
535
821
527
878
589
29
847
964
910
596
117
444
819
282
336
683
586
732
32
892
559
524
576
69
299
94
930
879
771
666
225
659
839
752
537
780
134
736
745
396
684
862
840
503
496
176
186
82
260
570
974
172
446
903
593
746
997
524
625
121
542
202
780
734
955
669
514
441
757
259
837
441
122
677
296
618
206
482
53
818
404
379
342
851
282
936
597
280
812
574
401
706
777
533
440
84
202
955
525
959
214
714
752
688
743
48
659
301
882
64
120
286
443
814
489
78
750
86
710
562
661
111
269
790
996
61
874
550
16
751
509
583
465
613
271
560
13
282
862
895
346
334
533
790
148
375
220
251
813
930
165
474
393
786
616
389
848
490
939
864
241
800
799
58
765
71
619
778
705
833
25
52
167
558
194
667
933
414
918
747
696
84
573
89
870
542
478
70
32
769
935
626
921
734
684
686
157
655
464
215
840
489
267
7
399
813
27
685
579
297
784
275
381
709
364
604
251
194
674
284
315
961
262
236
48
298
922
557
306
738
772
146
227
391
506
978
204
533
663
135
830
447
410
564
157
126
520
408
672
546
44
987
508
658
575
908
957
497
465
263
235
590
409
814
981
915
793
538
800
456
25
631
256
788
547
765
266
67
525
939
613
570
278
473
580
854
381
537
703
199
800
291
141
562
457
474
829
602
364
630
59
390
613
667
530
160
432
796
579
957
735
192
879
366
18
460
572
751
349
627
302
150
270
443
64
728
918
893
330
634
523
741
376
488
408
906
648
192
703
227
502
790
772
381
156
790
193
80
541
543
708
844
45
978
639
109
58
909
354
389
544
230
482
920
718
891
179
367
435
882
946
937
672
70
319
181
860
864
613
754
407
321
950
804
652
589
913
710
851
268
99
747
850
934
667
568
825
198
287
612
80
234
550
105
656
221
638
869
85
251
623
845
925
925
649
577
866
915
287
717
535
739
464
385
673
484
953
850
682
241
462
115
827
364
572
483
585
210
352
23
461
327
868
738
252
517
315
119
432
955
188
319
46
5
704
71
841
658
273
523
251
735
990
78
452
562
913
37
772
266
60
586
945
928
324
198
798
992
669
582
947
209
902
345
214
606
416
55
616
689
931
219
776
921
297
228
836
563
266
960
829
678
898
126
959
223
324
757
567
345
691
514
907
945
859
121
904
627
529
520
316
812
740
92
733
389
321
921
952
939
882
133
969
780
260
928
355
936
37
922
634
81
788
541
26
999
14
930
626
543
803
942
355
543
387
441
284
60
714
589
999
596
74
320
729
686
249
436
623
638
711
609
719
499
150
746
851
164
676
477
60
479
772
767
374
159
208
11
219
923
600
570
871
26
890
952
713
491
389
688
130
452
297
849
951
799
595
154
315
624
632
727
103
404
495
830
915
55
841
134
978
793
56
202
819
946
506
884
438
895
572
920
699
221
769
651
20
717
805
688
341
789
415
796
545
910
978
460
966
171
946
296
964
2
498
136
301
5
372
91
252
945
11
952
166
780
955
539
849
112
227
190
254
642
339
799
553
669
612
871
841
558
167
157
913
18
645
214
375
18
305
979
963
316
931
481
448
238
372
298
703
599
840
957
594
531
756
499
201
368
370
42
279
889
551
192
907
197
406
634
215
63
614
530
731
897
11
179
136
384
477
839
335
670
148
929
201
256
780
402
977
150
796
256
392
348
800
651
545
558
286
760
621
900
290
352
797
653
531
933
389
361
124
77
31
272
6
232
529
139
987
858
641
783
114
33
483
914
685
380
472
971
492
445
223
782
149
20
788
680
306
529
393
782
606
424
55
965
9
936
104
348
794
745
483
260
131
967
526
816
347
350
139
840
795
362
974
944
734
114
976
40
644
370
823
250
146
230
567
507
518
671
855
664
769
339
276
900
658
802
68
5
152
207
197
947
921
172
243
655
638
219
696
282
941
871
885
440
453
452
947
323
476
155
987
245
494
263
145
504
417
213
509
569
772
59
868
693
231
463
348
221
34
396
504
976
619
741
768
424
193
715
747
669
222
734
266
68
349
763
572
766
328
434
687
100
493
555
145
76
18
846
297
405
594
153
381
214
894
149
990
440
216
738
461
791
824
728
859
174
491
432
292
820
866
980
272
359
887
418
435
258
616
84
663
210
238
396
776
132
897
767
572
465
505
34
256
329
762
468
855
605
900
500
777
118
480
50
829
719
820
616
329
436
700
992
998
938
740
775
71
637
542
995
455
399
29
711
80
143
531
288
101
431
788
878
901
620
280
82
339
100
698
21
888
399
365
887
689
106
14
112
95
908
108
550
307
489
614
739
985
145
27
86
929
815
316
830
787
597
913
479
49
963
500
938
714
865
177
404
323
191
516
419
99
976
321
758
818
935
497
803
433
877
241
362
44
557
544
832
506
809
663
556
773
163
846
487
380
375
243
704
566
112
475
17
440
796
127
258
84
976
413
869
853
654
231
250
564
127
434
70
937
97
978
62
612
824
901
344
199
497
48
117
609
875
486
49
24
965
660
460
942
73
329
147
80
912
397
996
39
183
66
328
632
45
390
244
221
644
589
773
141
989
242
102
217
729
503
241
694
163
701
988
589
382
136
21
294
885
17
333
421
435
662
53
832
404
298
54
48
239
179
189
228
421
643
445
502
147
38
549
310
91
537
251
473
25
272
767
263
641
453
684
77
115
737
261
519
387
315
920
626
846
461
207
268
105
652
122
252
43
671
914
134
561
166
960
586
790
79
849
784
532
533
213
999
623
474
519
10
142
791
637
988
252
844
608
357
848
731
961
243
754
876
730
315
394
690
902
184
769
103
320
302
989
533
301
612
8
172
974
150
315
611
138
568
807
747
277
8
478
239
251
232
467
981
900
861
23
802
397
793
257
718
447
598
251
100
210
259
625
185
409
940
148
548
860
308
647
490
316
477
729
919
61
548
901
961
409
276
115
806
421
373
876
868
971
128
321
534
739
298
71
149
590
219
49
451
527
696
941
195
525
22
115
586
922
368
548
331
644
663
489
66
388
366
286
712
846
959
246
585
257
669
86
848
240
135
651
120
183
944
315
708
318
782
647
240
150
195
571
147
210
412
213
951
130
851
663
328
811
261
914
420
930
0
268
170
488
919
642
671
215
958
732
533
740
379
773
243
574
696
390
136
109
955
87
591
158
750
920
969
363
834
742
645
186
10
168
674
282
810
698
497
768
430
31
861
161
156
104
87
853
846
223
314
801
311
257
959
413
177
281
129
363
23
774
550
385
942
576
667
753
274
517
873
56
900
734
217
56
838
304
261
36
880
575
837
543
833
149
308
362
782
437
726
805
564
628
190
506
556
210
611
183
79
485
591
979
219
809
387
410
465
1
446
697
928
636
240
113
137
901
476
919
338
554
724
902
534
266
761
90
828
372
625
907
209
217
238
781
378
978
191
195
979
989
893
907
977
485
21
114
386
849
33
77
403
109
979
289
376
92
379
556
817
357
464
26
574
54
807
952
32
350
499
363
692
392
623
669
230
644
784
616
845
169
693
600
279
25
889
7
469
620
563
286
977
379
313
903
434
472
207
818
823
707
534
867
451
157
536
681
153
672
650
998
842
343
598
473
720
839
480
190
459
43
828
789
423
493
692
209
966
900
379
141
959
913
8
410
70
896
444
223
569
94
573
411
789
523
236
510
362
716
52
174
759
880
963
534
374
655
743
692
907
123
185
866
36
193
277
459
89
721
682
658
167
608
421
956
131
657
466
494
725
870
668
485
103
983
371
477
990
115
521
898
590
706
764
978
899
393
437
340
466
472
351
633
432
124
590
563
134
408
57
859
631
77
696
734
60
68
563
51
535
84
301
125
142
417
455
41
163
245
733
629
69
84
615
501
561
557
64
695
317
474
554
948
903
251
34
316
671
597
719
206
33
20
683
175
789
138
216
952
735
302
582
804
738
549
657
299
106
74
994
423
900
901
724
803
152
758
471
823
708
190
381
741
562
64
917
352
554
485
304
290
787
238
446
526
787
104
177
245
530
172
21
430
73
745
233
577
855
705
752
563
247
133
305
162
549
574
866
103
59
170
745
199
761
192
725
900
648
902
498
178
426
519
608
851
616
193
780
471
250
884
387
850
369
44
12
918
618
878
374
29
400
119
228
513
663
305
414
311
560
912
841
338
783
801
190
399
995
970
222
597
207
961
447
576
5
459
495
975
689
869
357
90
340
585
603
4
243
369
667
803
633
509
141
416
310
683
815
657
6
390
255
213
351
702
789
709
514
636
36
203
857
393
645
198
331
249
202
574
970
869
729
604
378
222
20
41
906
188
50
264
578
305
477
281
360
618
990
226
255
27
781
112
772
427
662
103
28
864
29
998
734
110
954
464
333
975
857
591
515
908
855
93
565
684
374
277
654
717
855
261
96
637
726
868
64
388
324
92
253
705
442
339
816
397
155
501
724
13
92
239
273
299
684
190
983
410
820
989
127
675
251
575
312
977
444
728
365
120
172
970
825
615
309
993
364
465
494
88
830
938
679
103
237
363
645
572
125
465
562
253
141
813
180
805
142
624
534
507
96
706
478
274
673
787
267
389
604
114
477
434
52
156
889
290
871
535
862
997
0
776
602
493
589
782
651
731
759
185
591
207
243
69
481
269
208
749
658
165
863
488
599
267
996
841
557
868
376
772
217
728
548
819
574
138
953
225
221
64
762
812
272
5
233
753
626
794
854
637
311
69
125
910
337
121
103
894
341
479
666
910
560
215
729
134
705
35
711
278
99
473
443
371
830
28
477
457
822
331
94
133
401
571
396
90
692
851
984
386
331
3
296
243
570
378
377
627
413
88
905
864
913
348
588
743
729
65
552
903
748
646
389
501
569
137
591
262
988
576
0
319
931
296
914
853
674
291
480
439
731
385
304
996
86
244
740
167
309
292
70
409
291
459
911
860
596
502
474
585
430
474
256
713
123
171
566
797
814
46
237
898
784
893
894
222
137
634
389
798
279
459
559
922
271
470
134
867
973
961
804
755
435
61
469
558
232
35
708
46
434
297
296
218
542
191
440
31
177
181
829
808
992
388
730
263
211
217
483
536
178
287
291
965
348
112
876
932
500
936
331
934
233
627
152
775
818
944
806
348
125
987
156
469
727
887
733
938
456
216
826
634
503
118
951
204
582
827
136
82
763
467
16
348
447
520
123
265
464
281
965
941
268
122
411
348
361
144
286
817
712
113
803
567
583
754
771
517
934
908
600
49
727
968
398
174
489
873
792
305
155
757
247
775
231
10
123
592
506
762
409
218
227
564
785
162
671
909
679
605
169
279
6
896
600
404
423
89
630
567
394
137
324
993
912
556
3
388
500
861
150
262
79
377
826
217
539
497
126
218
102
295
850
461
543
802
865
966
891
847
533
637
984
210
983
897
118
338
285
618
200
787
232
279
164
59
848
55
556
326
625
11
973
827
472
517
629
689
835
872
889
721
862
873
931
845
122
401
183
759
371
383
546
604
15
62
663
215
117
571
542
95
934
515
922
758
384
904
448
220
776
337
941
638
562
224
483
685
977
19
796
348
754
343
952
121
757
967
337
227
891
231
322
825
98
596
584
835
500
384
55
277
73
348
267
635
924
103
672
901
122
469
601
228
164
906
350
273
225
39
500
116
622
174
942
720
771
526
555
623
262
962
900
335
662
520
970
938
623
995
191
97
816
793
677
332
699
27
605
924
418
458
393
40
632
335
113
755
213
20
379
475
335
631
810
349
151
132
288
126
127
479
575
295
624
253
627
323
280
585
600
51
43
993
443
27
680
556
783
893
929
514
720
264
145
530
613
649
14
253
127
142
733
703
789
709
956
417
385
588
2
985
991
397
330
435
424
362
343
559
255
272
73
975
888
571
857
854
572
871
107
699
365
192
754
155
902
710
924
287
651
278
624
642
675
306
429
99
668
773
659
923
45
732
250
934
655
459
788
227
682
247
279
400
440
33
907
694
96
831
981
747
109
605
741
784
911
171
235
931
944
894
206
341
979
808
275
634
267
415
214
301
663
493
701
455
526
608
149
622
439
130
721
900
87
815
36
350
986
272
281
282
518
487
623
849
295
251
484
914
18
50
215
681
543
917
488
421
877
637
396
669
119
117
569
206
284
958
908
270
230
541
904
100
380
880
950
675
131
786
941
149
836
509
183
731
778
671
152
655
309
548
324
780
18
246
987
302
204
247
925
786
789
181
238
169
61
188
197
192
326
490
694
162
999
877
245
777
900
398
785
561
298
109
342
668
707
681
323
911
280
600
49
69
781
288
591
843
476
140
387
803
630
81
317
982
310
915
759
563
665
544
124
315
6
466
984
713
499
659
977
780
259
26
201
40
666
792
235
495
284
623
650
915
56
967
897
367
234
8
930
899
905
406
215
263
225
551
328
724
210
305
856
469
684
58
861
350
202
449
845
487
72
495
754
128
815
651
847
49
11
129
949
268
536
164
531
761
67
860
837
277
517
694
98
201
752
959
904
954
760
749
793
832
597
547
313
412
550
512
813
914
642
762
182
178
278
66
291
345
278
480
974
795
174
72
349
278
384
253
585
144
354
378
977
951
926
642
715
476
154
529
390
148
643
925
678
922
991
969
619
269
450
594
416
976
666
765
255
402
370
840
547
725
570
876
28
496
518
744
325
24
273
67
173
916
344
851
190
335
173
810
956
975
756
725
951
774
842
206
177
213
398
76
938
969
952
966
817
822
62
494
198
335
914
371
604
258
575
794
946
748
956
902
723
712
979
26
839
822
585
368
35
983
444
325
304
748
643
122
570
706
968
768
393
882
492
997
141
67
144
87
167
100
341
242
165
321
268
4
143
853
372
530
837
168
855
493
916
850
967
486
556
936
606
950
818
98
299
959
517
443
398
684
544
92
278
61
413
547
417
908
400
789
790
589
309
645
83
225
495
50
711
404
338
669
706
157
120
357
468
637
801
219
674
697
311
952
110
76
851
527
984
604
316
774
193
625
771
628
202
618
31
265
374
369
934
432
878
54
790
699
44
591
918
70
640
229
374
750
305
578
277
641
182
945
767
375
922
890
356
124
508
739
389
235
460
675
667
339
82
457
38
478
400
308
900
392
537
274
494
194
852
123
187
34
68
954
762
342
196
470
818
56
209
559
291
669
235
959
360
669
768
750
147
521
58
47
913
947
673
760
493
526
883
680
912
304
986
26
646
182
848
465
239
409
376
882
79
611
193
791
280
962
542
779
835
600
826
100
548
500
860
41
378
744
74
642
48
60
21
46
243
869
511
834
279
240
716
710
851
910
501
484
224
43
263
59
644
442
159
544
294
372
937
672
116
11
314
164
72
335
210
667
557
74
501
836
314
569
546
517
831
399
353
407
443
969
818
439
411
330
335
705
702
272
729
818
284
395
334
356
731
896
375
640
970
228
476
636
797
374
506
981
125
859
388
920
180
207
359
591
537
46
648
239
319
377
409
603
773
743
311
856
639
38
496
962
266
324
950
415
50
456
396
175
668
137
96
848
696
807
792
585
854
440
824
525
170
585
480
295
328
143
503
319
181
351
633
447
27
584
862
77
40
611
604
60
748
52
909
444
212
701
29
418
493
205
295
15
142
775
662
822
918
165
493
99
516
127
898
895
711
760
324
103
371
929
164
471
333
425
267
897
126
648
667
971
205
962
987
347
737
649
521
7
167
15
458
35
142
356
931
205
117
255
308
840
536
472
664
222
249
931
119
375
932
787
699
489
749
686
837
839
687
710
846
206
725
305
242
867
661
173
72
130
780
733
323
317
557
339
539
807
622
10
182
554
797
233
44
899
271
233
90
959
943
936
165
669
593
759
888
607
932
313
89
713
46
412
382
603
751
273
410
374
283
945
280
433
178
324
332
450
909
422
761
853
710
926
874
656
38
114
263
970
427
352
35
473
117
769
77
220
42
487
946
326
432
227
759
963
903
443
413
165
217
174
370
927
452
244
583
490
710
198
813
138
903
848
611
372
618
688
592
12
528
891
338
312
470
449
275
725
892
40
890
109
214
260
389
667
856
324
509
567
523
322
705
778
523
668
150
493
709
742
505
589
985
196
901
455
645
529
181
538
569
71
999
136
684
740
155
892
65
664
811
940
339
868
718
862
537
868
355
598
962
212
187
948
408
88
403
54
969
584
944
891
8
295
27
44
36
534
936
453
198
100
393
889
968
111
751
857
979
458
455
941
23
642
241
431
83
645
837
52
581
133
295
941
781
322
337
817
208
626
270
759
726
663
648
694
126
752
552
105
210
359
398
233
2
640
17
85
637
206
489
218
340
785
512
121
459
849
290
668
475
560
427
201
575
427
248
53
179
152
158
742
511
908
327
513
548
344
950
537
551
792
108
243
577
620
364
388
469
654
408
297
566
187
498
493
615
746
546
794
250
56
888
762
316
216
627
217
560
930
754
463
722
862
706
651
482
422
391
304
76
800
601
994
987
99
839
954
198
737
101
800
145
989
562
462
205
542
679
118
472
433
581
194
296
288
197
130
62
588
434
491
388
387
485
728
839
677
682
37
414
135
189
560
125
752
22
330
294
53
448
118
486
382
664
134
22
861
617
84
449
51
575
190
439
413
270
278
90
952
667
856
440
856
416
565
960
790
247
606
195
696
76
34
430
740
168
452
601
785
536
403
189
464
945
980
877
215
610
967
519
629
823
959
837
592
524
150
734
772
756
930
820
185
964
250
925
484
54
879
622
942
282
163
406
227
143
283
442
105
602
961
734
778
273
923
370
797
73
456
921
182
738
93
367
54
343
292
891
749
171
513
692
805
28
98
32
171
734
826
628
336
140
362
114
413
637
836
210
711
645
484
893
735
577
612
790
273
904
33
22
428
898
66
233
926
517
618
97
251
444
77
939
936
439
54
349
428
242
912
139
239
396
384
975
973
996
117
598
253
150
621
681
48
39
266
974
556
884
423
807
681
500
747
617
291
153
967
719
747
231
211
987
627
595
314
952
592
431
551
197
933
524
878
333
563
144
307
120
381
82
279
414
934
26
383
225
531
350
296
279
933
507
618
560
103
932
865
47
715
416
244
648
940
474
981
855
970
640
975
703
74
607
117
8
633
501
233
517
203
881
148
137
389
766
49
844
698
914
243
765
682
839
413
622
313
746
830
635
738
157
339
812
764
456
820
750
309
405
267
865
286
415
2
27
533
403
223
583
318
466
348
0
305
113
975
970
859
157
606
949
314
945
761
79
753
581
181
415
338
800
280
976
215
634
4
100
37
227
683
707
46
31
708
703
496
35
674
707
192
280
656
506
577
417
937
682
350
470
97
40
270
729
16
485
363
20
585
753
600
620
460
646
3
520
349
499
555
375
206
99
7
862
958
936
631
247
619
981
718
68
21
988
150
390
826
513
762
763
618
362
384
79
360
387
599
62
887
507
789
93
606
797
308
916
733
939
164
704
273
882
125
646
870
275
36
696
140
799
460
759
513
196
838
226
583
789
288
822
296
429
268
255
226
576
523
312
867
687
16
140
921
141
139
792
416
175
840
557
326
652
316
840
848
506
66
432
295
706
606
944
487
874
551
714
450
74
26
318
114
394
810
35
536
949
827
304
477
20
213
803
672
881
995
521
387
413
305
35
471
911
331
959
786
882
25
588
308
403
258
422
797
421
458
685
722
637
342
199
657
555
355
682
789
350
555
528
116
860
563
587
123
246
546
261
480
923
202
789
326
460
211
124
233
21
161
956
659
503
155
668
411
862
350
200
213
905
728
329
117
644
268
593
242
167
854
723
90
408
512
417
221
75
893
454
97
406
410
108
262
918
776
673
780
479
225
345
736
305
26
854
301
295
799
544
462
5
267
904
414
131
321
635
558
566
89
655
325
852
115
587
122
244
260
902
723
837
600
811
142
626
17
444
921
816
988
383
822
607
640
588
738
961
223
296
880
664
304
205
516
771
144
990
15
756
893
90
593
493
254
735
119
271
531
393
440
519
128
262
478
768
850
568
82
425
217
962
89
873
519
958
644
15
948
12
771
193
454
364
38
708
451
510
980
983
903
772
854
31
34
333
152
236
901
234
13
470
548
454
343
419
764
340
434
65
352
205
258
806
569
649
867
372
159
199
355
62
971
210
445
357
895
949
945
148
183
958
619
731
412
962
502
529
302
936
594
6
141
852
165
62
501
32
435
12
583
142
426
554
352
224
911
247
173
208
396
357
166
367
440
930
681
943
459
336
879
53
342
373
258
507
787
111
891
222
124
474
365
902
380
69
126
643
669
300
851
417
9
17
784
449
300
465
744
111
801
624
165
496
349
775
355
136
886
247
711
362
73
428
265
454
497
391
97
518
43
301
935
52
670
719
854
970
537
598
82
690
222
599
186
923
374
542
60
612
141
123
975
214
551
592
20
400
335
118
919
379
771
206
431
441
278
285
412
815
884
846
857
458
445
44
382
171
938
794
783
79
269
110
645
820
702
666
572
38
136
843
769
907
50
552
348
328
838
112
495
74
958
352
884
755
748
618
278
686
764
414
117
33
524
115
205
579
781
778
969
269
621
738
528
23
642
876
703
832
341
198
906
651
903
143
407
651
761
685
690
878
451
159
911
976
274
117
907
407
247
228
28
868
966
556
244
960
785
947
793
126
498
699
777
401
194
536
52
308
574
94
186
25
254
449
1
880
566
260
288
813
488
668
34
806
225
630
767
10
577
560
488
75
611
265
476
806
802
881
114
728
975
652
753
581
101
107
462
668
367
102
833
208
770
219
14
347
849
781
357
779
693
845
206
305
463
683
111
617
916
577
345
243
229
450
825
682
557
639
702
277
93
536
485
863
107
499
211
309
633
920
88
326
118
294
631
581
329
94
550
245
23
895
841
252
345
666
935
255
657
637
532
750
525
17
965
985
868
528
294
853
801
382
180
919
28
163
852
358
610
402
955
633
649
796
886
346
814
173
601
823
162
133
573
40
502
891
25
723
419
671
576
220
405
756
491
433
272
343
143
882
97
451
515
746
599
753
445
414
278
46
237
793
532
163
833
386
54
210
109
825
881
38
398
286
794
889
71
418
585
567
300
682
18
168
781
617
921
226
383
552
624
973
345
508
136
530
895
542
740
356
367
973
394
765
259
541
7
682
959
592
249
612
626
619
780
407
237
53
985
972
957
610
945
302
118
433
832
365
975
924
722
695
897
116
812
508
9
819
191
969
763
792
933
390
412
65
149
1
470
135
973
428
97
271
82
567
704
915
285
32
191
7
79
89
475
243
597
485
63
140
806
178
285
739
568
49
156
718
50
626
205
375
406
654
646
489
221
703
756
506
87
947
865
166
36
693
409
986
178
824
478
336
3
115
427
923
164
583
993
214
561
550
590
968
204
588
457
778
291
213
636
730
160
854
248
549
547
658
887
77
834
365
413
189
481
192
465
997
127
458
212
688
9
154
656
565
742
465
343
386
30
332
116
543
186
365
92
733
375
331
810
561
48
575
103
881
767
568
879
894
26
91
934
387
597
943
953
339
408
648
77
791
980
546
334
518
263
778
603
990
109
765
551
157
340
654
39
459
574
918
705
601
361
640
988
958
935
293
649
343
942
79
134
274
625
820
145
240
598
748
230
707
514
133
217
854
140
608
666
714
526
723
315
239
363
656
549
650
301
198
994
595
629
480
222
606
653
367
846
251
115
76
311
629
210
880
836
702
488
502
416
366
225
84
605
941
92
506
591
393
56
937
341
686
770
563
292
423
282
139
26
397
567
689
379
777
569
215
831
409
69
248
775
646
332
732
939
776
238
883
521
295
820
862
981
942
777
273
717
59
764
96
457
332
785
836
461
707
403
293
116
472
893
244
470
225
976
410
353
215
293
874
510
465
737
843
408
514
468
477
926
233
573
383
917
711
571
378
770
974
23
238
798
916
482
268
493
811
678
846
378
323
721
240
789
810
83
549
676
551
26
602
136
952
337
405
15
260
784
137
586
159
375
384
76
210
5
921
373
35
120
751
359
841
991
500
3
74
49
31
977
427
986
466
731
323
871
746
584
7
883
170
167
611
907
595
173
912
868
546
299
988
297
658
181
640
158
184
714
559
568
43
987
554
509
718
229
733
817
165
740
52
336
259
15
595
206
188
859
75
86
158
63
383
169
245
375
327
781
441
887
349
485
226
903
346
296
133
431
113
650
172
518
986
783
533
933
990
722
792
65
160
303
480
896
472
725
271
151
507
713
390
208
198
616
112
896
265
597
328
378
247
852
896
586
635
782
871
625
856
16
42
16
319
523
912
143
600
184
646
107
897
37
316
447
5
780
695
270
729
23
1
328
875
249
266
863
31
138
840
887
506
883
904
177
758
816
320
358
352
966
818
601
355
486
48
361
618
744
983
699
119
984
27
347
586
646
210
617
784
50
857
642
285
761
819
395
929
491
106
282
809
924
883
165
762
284
878
380
380
213
79
499
550
458
846
136
104
408
753
240
811
610
882
96
723
53
844
5
544
950
287
706
226
522
871
988
158
101
720
538
314
151
390
864
961
588
0
66
997
106
658
808
68
893
256
792
946
100
797
843
50
436
549
628
310
772
968
821
873
688
711
187
191
101
404
153
690
404
571
39
862
581
847
931
474
455
75
773
556
872
968
958
660
517
939
322
641
907
143
514
948
855
53
139
308
457
644
350
214
567
389
428
149
588
359
975
44
434
748
952
658
716
262
318
585
201
993
226
109
136
92
409
343
146
900
652
955
545
2
521
464
744
950
613
332
661
941
728
96
689
32
106
758
295
425
695
496
770
274
957
906
366
366
250
864
267
902
172
164
256
693
628
0
995
594
685
657
535
413
105
576
798
211
686
93
988
382
941
758
656
899
665
374
617
267
239
884
521
763
400
777
456
29
130
804
975
815
813
862
580
918
438
378
129
477
471
470
211
765
228
219
664
245
593
633
864
184
518
385
947
270
163
756
299
293
560
626
460
373
488
40
643
279
419
124
756
242
594
967
7
175
538
23
420
131
657
285
316
527
22
615
797
185
371
449
830
283
427
290
8
916
683
651
547
102
776
303
696
722
622
56
897
160
79
670
643
88
307
311
967
329
927
117
867
298
918
697
582
345
340
590
613
23
594
160
477
370
815
173
92
789
229
342
301
661
12
945
101
319
256
69
648
183
186
515
834
456
565
768
801
257
710
415
280
304
927
109
674
743
282
119
532
864
813
834
877
825
131
978
144
387
47
144
923
585
12
109
41
577
877
195
834
587
962
466
892
889
575
918
984
209
389
869
425
202
55
302
27
186
281
523
925
680
20
200
618
32
309
11
961
186
206
147
126
520
613
370
410
540
288
746
101
30
615
527
232
670
829
612
856
462
487
782
143
859
334
761
891
644
772
204
182
331
351
308
851
316
30
613
208
671
360
310
701
975
837
285
646
18
249
854
481
89
988
976
948
323
737
192
319
861
396
501
544
100
162
748
416
192
361
977
863
73
287
916
401
476
202
399
494
803
253
975
892
594
951
841
917
40
33
236
254
781
89
150
881
251
898
650
796
612
627
659
37
266
576
438
742
130
837
236
933
443
564
826
37
867
19
306
260
404
894
866
185
983
16
419
587
267
421
383
231
400
42
268
666
970
707
760
100
896
996
386
691
912
212
80
132
583
386
392
987
280
610
172
616
626
943
203
245
364
586
476
116
980
745
782
303
804
542
403
52
891
141
744
155
705
824
287
288
211
31
275
843
641
800
811
620
743
14
865
460
952
342
928
285
87
63
588
243
957
343
295
848
485
39
356
190
216
995
479
779
27
106
622
20
906
786
640
2
152
506
814
105
200
742
742
639
805
330
882
763
25
177
963
510
569
671
53
785
667
884
564
694
990
538
66
249
676
707
251
829
565
65
286
117
159
28
756
317
358
638
80
735
167
395
598
88
67
651
873
734
535
789
780
877
680
846
126
356
905
377
537
822
794
823
291
306
851
47
623
561
37
55
297
557
450
895
645
869
898
871
955
785
12
735
662
692
934
141
401
191
870
938
366
17
762
657
323
965
57
298
527
94
353
176
3
155
71
649
25
969
872
980
106
884
68
768
929
2
909
682
545
132
620
911
149
734
921
472
700
978
770
579
424
123
755
428
630
826
429
7
147
653
988
253
537
408
373
818
410
635
500
307
767
121
571
916
207
492
388
907
822
510
486
246
985
593
26
615
771
807
623
918
460
963
523
350
371
249
168
133
884
669
792
651
142
363
919
701
855
659
609
29
169
447
628
506
393
654
473
164
814
448
83
626
411
958
976
134
207
497
267
443
518
60
94
660
775
365
361
983
24
322
12
545
122
640
51
515
647
525
679
461
325
114
87
737
425
416
871
632
913
491
76
431
903
522
443
678
240
156
661
264
831
26
162
305
666
213
820
313
90
851
126
416
318
566
505
95
982
728
79
247
571
507
30
474
30
825
505
622
981
518
886
164
544
48
469
211
614
641
876
56
493
3
824
163
921
681
610
903
410
689
502
981
197
532
808
579
357
665
201
690
535
439
855
80
488
324
643
454
966
871
862
811
874
687
326
795
368
936
50
130
625
904
464
174
436
624
753
145
289
954
188
176
394
395
256
234
719
251
688
37
123
550
200
349
589
526
497
310
814
899
440
792
804
904
966
592
880
720
738
521
674
278
698
420
673
954
654
744
558
694
134
681
597
334
30
538
213
879
848
27
779
641
819
583
545
138
175
778
858
265
299
884
895
997
305
568
952
311
665
862
358
799
543
307
133
925
845
346
805
694
726
936
335
897
519
232
35
46
10
245
312
662
130
559
659
787
128
963
450
793
825
160
944
368
467
77
646
313
776
803
359
854
739
694
103
258
278
491
656
641
736
320
303
218
880
962
357
8
926
160
153
103
320
449
824
788
526
470
453
654
273
812
860
12
506
964
622
136
455
630
777
191
951
80
762
831
395
471
191
673
631
696
776
952
145
600
92
23
422
545
678
695
357
538
59
215
854
33
351
309
664
481
853
615
913
967
798
308
438
989
333
70
685
110
374
830
62
466
853
485
11
883
180
720
774
592
935
628
625
638
938
641
119
143
256
33
110
54
693
548
395
27
618
80
489
992
262
903
810
468
388
173
351
921
893
477
513
180
106
490
819
396
132
290
539
740
675
649
147
369
549
894
748
520
975
589
864
589
492
675
409
233
848
761
154
94
590
19
274
696
509
445
92
993
736
983
86
411
984
233
132
534
127
232
406
454
173
270
396
666
297
805
251
498
918
405
592
509
424
218
557
285
664
650
279
400
985
365
163
970
950
648
856
429
880
262
236
54
532
632
72
830
789
323
328
708
80
272
569
504
490
126
789
154
776
420
906
114
785
422
84
87
70
940
517
950
202
105
356
86
737
780
268
878
455
948
586
535
220
507
391
63
634
181
569
762
601
828
876
739
250
960
826
320
252
695
622
806
800
979
893
889
111
513
768
567
462
706
454
34
214
846
97
848
27
667
962
980
495
839
719
97
151
898
417
404
593
39
210
746
370
455
635
834
321
755
753
783
462
207
169
28
53
267
228
432
286
190
413
133
29
484
230
533
382
999
937
976
390
499
74
113
307
709
947
628
465
700
763
279
907
932
307
313
551
535
745
189
77
510
322
107
995
904
992
377
903
929
705
646
780
779
759
439
841
706
419
658
406
182
937
665
467
596
978
18
483
724
560
560
234
882
19
581
139
11
311
394
292
16
40
425
148
799
864
341
857
636
999
615
818
288
281
637
236
259
8
719
335
568
631
922
802
3
503
941
14
814
688
659
183
728
436
683
880
652
24
737
288
375
353
459
663
986
96
899
597
104
970
933
24
601
855
827
956
710
768
323
525
808
982
60
537
418
743
769
422
119
858
711
494
563
170
509
549
266
760
147
723
730
80
747
683
287
574
640
997
695
963
874
503
297
286
392
67
29
513
489
148
372
200
994
935
370
503
837
989
615
984
712
345
416
811
381
55
738
373
404
433
336
631
288
985
917
33
52
947
546
893
447
918
446
794
854
168
649
691
157
265
27
221
610
795
33
343
850
771
716
254
556
404
885
196
389
803
229
793
102
776
687
901
694
133
695
900
653
345
943
811
610
970
384
572
765
769
268
967
892
984
574
800
389
459
997
130
614
226
924
68
2
963
970
697
448
17
949
101
714
893
264
324
215
649
249
333
770
869
300
663
853
874
463
594
686
460
725
652
39
1
721
41
316
691
90
116
708
40
569
423
285
834
99
500
835
700
185
605
569
486
620
775
712
436
369
750
896
446
403
287
799
124
329
115
167
771
583
875
811
153
650
448
987
102
301
174
154
486
131
76
324
752
203
389
188
924
139
436
371
542
724
522
666
405
990
833
176
573
61
340
726
63
788
65
517
89
239
24
928
371
100
252
123
655
641
663
579
133
451
302
675
175
825
342
580
815
527
109
740
940
449
467
4
237
532
873
679
772
897
607
495
349
211
970
4
205
633
584
338
84
238
365
612
415
59
544
582
587
653
323
527
102
142
883
692
674
757
371
798
654
330
293
4
893
263
360
98
248
296
788
685
535
154
297
950
213
841
533
152
847
208
680
949
350
563
641
24
672
12
175
327
694
820
683
588
436
43
38
684
340
827
721
227
333
18
529
898
212
414
51
59
622
83
8
972
998
2
349
671
366
876
998
61
48
33
1
484
76
39
521
768
218
242
347
551
613
877
450
825
643
853
236
618
936
596
590
286
598
291
957
965
519
307
378
568
340
379
52
769
418
925
889
637
168
589
540
781
818
342
958
461
195
194
79
483
790
22
770
389
665
79
706
185
739
436
105
79
815
509
200
585
435
442
222
955
31
115
736
849
457
46
662
5
240
742
488
382
116
610
123
781
42
829
318
781
617
423
212
432
285
765
18
720
207
592
675
590
707
763
439
517
161
453
522
401
195
362
135
311
973
259
445
367
440
763
148
58
539
360
842
824
477
860
896
684
805
571
274
864
686
65
381
847
519
903
600
66
266
87
730
591
346
175
958
139
290
458
197
829
170
39
5
648
252
901
684
57
824
311
921
862
376
303
61
247
558
661
666
176
749
396
119
447
571
429
586
213
887
135
43
410
527
400
58
779
302
94
188
126
405
109
341
134
764
402
381
675
64
47
851
165
795
971
964
366
400
903
932
640
38
327
50
565
727
460
344
29
554
884
508
312
346
849
446
110
251
179
137
667
579
341
184
374
312
501
93
64
404
25
56
442
352
458
360
79
918
56
461
825
941
969
489
287
170
935
749
773
114
887
793
45
580
329
420
244
830
513
308
234
890
717
29
242
175
741
673
446
797
134
623
90
455
112
377
977
47
479
751
513
718
896
559
298
225
331
542
56
844
202
642
734
919
23
328
447
764
1
893
914
136
516
4
943
628
734
921
27
213
24
540
931
920
451
229
145
782
123
553
978
325
548
712
597
571
392
44
688
394
289
602
882
805
606
177
785
340
98
812
905
122
704
836
42
156
417
540
938
892
445
269
218
993
333
167
917
726
211
605
472
500
559
354
657
517
531
442
210
982
254
115
104
958
304
499
466
73
391
757
966
836
26
536
182
359
703
99
85
914
56
557
766
967
263
423
836
147
217
46
481
471
514
937
781
170
436
248
243
179
5
561
368
31
97
550
390
800
1
828
66
409
737
832
376
1
607
212
500
824
611
981
647
125
918
429
295
707
29
890
238
34
452
606
417
549
508
159
702
509
987
768
270
725
953
646
78
912
211
930
737
822
911
736
299
181
165
946
888
546
188
479
580
640
85
349
542
594
861
244
455
200
364
726
925
669
724
355
582
935
285
671
109
548
407
760
730
925
58
970
471
247
449
404
239
887
753
781
481
966
377
288
167
94
14
444
115
739
800
697
26
437
720
488
986
128
600
68
405
659
390
876
258
840
280
497
79
386
631
912
352
360
200
519
806
215
964
922
306
116
971
684
553
692
524
891
172
125
311
577
136
702
453
394
894
86
891
973
472
874
885
824
235
85
696
393
652
660
315
310
128
287
347
681
331
871
925
503
348
236
80
484
938
885
878
832
971
122
157
443
348
42
620
935
480
668
329
484
680
644
795
808
283
494
841
614
365
766
117
66
3
549
550
293
435
781
478
406
255
635
202
603
30
174
539
510
842
868
346
522
864
141
682
148
987
523
114
705
290
232
771
645
133
321
938
920
454
416
327
709
52
881
313
434
407
852
944
601
72
290
475
936
784
157
436
123
680
551
828
970
135
599
615
268
273
906
189
727
322
868
437
726
101
102
160
860
954
456
461
378
99
936
666
883
93
103
6
125
6
187
448
141
786
63
761
411
321
302
139
644
522
928
722
975
30
883
835
336
339
648
714
438
584
380
673
29
835
32
155
841
219
603
334
357
18
448
769
340
102
908
984
625
836
706
952
218
941
140
554
633
788
620
71
373
352
97
402
188
129
909
381
348
512
68
705
531
516
474
871
618
734
207
595
922
265
900
140
559
40
46
192
828
666
263
553
19
360
956
559
841
217
292
541
730
360
247
261
876
73
484
847
160
43
794
434
660
694
575
219
734
973
411
563
992
27
468
363
739
776
922
581
994
566
122
724
927
721
337
155
147
173
2
307
216
149
93
228
843
20
448
578
994
211
493
986
590
313
349
330
90
623
263
84
189
385
808
116
459
145
624
606
670
978
265
238
127
358
466
971
379
266
901
725
478
746
711
68
59
412
750
149
35
13
233
576
751
393
45
210
890
669
816
560
647
433
798
775
143
265
98
522
531
351
599
361
97
310
430
508
722
532
10
109
546
243
686
297
989
83
507
879
752
675
440
751
460
238
878
603
855
976
478
387
679
77
100
128
740
882
637
814
415
647
924
961
242
962
610
231
45
117
463
149
144
903
900
604
493
779
559
349
107
37
88
787
467
188
915
207
71
904
21
486
903
297
799
146
611
409
729
8
878
544
157
22
447
58
978
293
189
537
642
296
575
730
83
42
270
999
601
341
903
622
179
807
272
330
305
883
739
386
244
617
283
401
991
730
811
969
23
0
507
17
297
434
99
732
828
370
731
429
63
987
403
595
146
27
925
803
911
17
541
507
634
824
908
978
907
720
947
282
72
806
300
369
240
751
102
420
473
185
849
889
524
605
484
22
632
761
825
895
778
719
402
765
895
663
743
802
383
42
437
807
849
737
177
441
840
631
862
314
168
63
555
693
20
39
715
653
152
893
900
931
964
303
696
859
966
439
14
701
833
451
508
682
540
37
124
380
668
338
46
189
753
601
882
774
992
949
427
145
194
679
76
510
982
124
370
300
915
384
1
748
835
510
431
375
899
907
107
568
597
154
109
350
107
343
124
100
292
903
245
839
935
673
349
917
797
71
218
64
807
571
812
994
433
595
721
333
854
829
253
451
335
362
154
442
705
630
894
349
886
491
540
821
516
890
738
313
313
308
729
121
880
542
115
313
489
189
998
344
18
251
147
705
613
301
499
318
932
746
20
818
237
560
639
754
802
729
419
116
390
149
589
270
43
56
935
532
245
934
228
615
185
376
320
151
677
172
821
961
918
841
131
155
754
770
261
556
852
681
672
242
182
613
864
225
670
151
109
915
85
690
531
623
66
203
126
95
375
947
57
293
141
188
801
895
311
62
451
515
743
476
109
277
89
973
502
111
124
964
379
562
654
262
537
72
465
663
167
193
610
576
838
103
117
639
998
780
702
802
295
797
630
404
75
719
729
929
183
205
245
562
767
899
824
304
971
641
319
491
834
282
67
25
385
536
664
384
316
718
538
611
868
168
367
943
239
448
224
422
654
470
336
421
721
160
78
45
154
397
536
340
31
955
365
417
492
382
153
808
100
691
772
968
859
491
263
450
940
840
873
594
310
209
367
31
722
797
76
876
547
964
568
578
920
934
995
764
316
500
924
768
191
48
89
402
540
352
853
832
192
78
778
854
639
145
238
713
943
666
941
842
983
510
420
255
444
768
19
112
268
295
880
812
344
969
566
236
674
419
68
218
849
846
73
841
343
663
554
638
329
496
480
312
6
253
567
802
21
938
914
641
234
146
453
930
468
20
166
142
791
586
360
993
784
785
834
479
448
388
118
130
236
950
794
594
203
714
396
576
652
662
218
238
809
23
168
629
43
686
771
187
272
483
180
408
621
14
888
421
754
6
551
991
308
698
585
864
412
334
440
416
996
10
7
157
34
175
786
429
862
909
616
486
393
148
895
366
162
783
787
269
141
691
612
449
389
549
313
153
883
754
921
232
116
928
741
150
104
880
932
318
789
548
804
534
697
51
900
211
834
688
832
975
731
444
777
120
994
90
273
229
196
194
813
313
123
555
815
579
435
747
249
576
648
405
463
697
457
715
260
643
403
93
619
486
889
748
606
883
838
231
465
387
778
630
52
253
185
219
184
972
319
433
901
967
838
364
16
295
79
276
939
835
721
910
321
611
658
280
846
848
511
311
587
641
942
639
894
479
859
78
804
530
511
705
849
702
421
865
997
500
493
288
687
215
198
361
178
208
641
24
409
504
688
996
146
982
636
40
461
847
471
265
377
334
322
226
36
743
443
34
596
288
322
635
503
873
996
681
81
989
58
842
494
746
839
640
728
475
32
189
674
503
807
403
838
481
981
874
577
424
260
525
712
935
160
568
808
157
601
241
498
659
84
992
405
923
632
485
750
17
27
776
872
834
531
710
667
512
937
244
288
197
769
0
484
282
920
292
791
874
886
289
533
322
282
291
597
266
776
699
283
803
475
156
989
6
218
657
870
507
253
158
705
375
510
189
657
783
834
448
657
72
737
190
394
371
833
343
638
610
42
273
413
869
781
755
227
0
412
97
507
17
607
564
392
117
106
401
900
292
849
557
716
939
100
462
310
933
805
300
543
199
574
309
68
355
64
647
707
828
744
567
197
351
483
942
820
589
343
73
233
193
982
949
484
82
411
146
16
216
447
911
415
373
572
835
80
988
482
788
168
578
707
366
281
190
308
102
780
651
527
365
196
509
315
680
592
78
179
960
295
626
871
62
351
796
250
431
784
732
219
953
311
926
319
592
469
979
46
601
630
573
966
179
83
633
211
27
712
390
987
359
368
210
421
719
6
671
151
791
756
722
96
419
1
767
363
470
746
762
71
728
335
37
907
770
671
471
149
735
861
136
94
582
347
867
301
705
891
452
848
647
527
944
66
528
711
781
998
457
543
421
538
879
810
445
1
833
268
151
568
130
639
662
712
338
530
365
44
421
170
892
420
697
837
838
225
900
619
575
710
163
348
248
394
158
45
747
344
314
898
264
796
538
279
508
876
809
225
272
582
395
165
354
92
354
192
669
254
163
596
964
326
944
564
72
455
610
820
799
924
70
63
720
960
694
580
189
503
805
461
437
201
978
143
645
332
687
315
939
851
911
255
529
208
820
602
663
430
774
814
706
844
229
426
805
924
358
994
779
163
807
569
716
786
712
362
470
400
29
409
603
940
17
132
500
837
86
163
619
860
977
677
57
559
103
862
483
813
208
614
328
15
183
45
801
248
759
624
0
788
33
603
80
402
87
581
591
174
96
210
386
426
887
443
985
342
305
820
155
865
434
836
881
618
881
34
218
992
658
218
780
44
821
212
798
908
793
390
434
890
952
821
668
840
264
653
534
922
473
42
139
259
878
20
229
111
407
447
103
417
665
235
813
486
447
612
747
593
354
181
835
306
2
503
498
619
156
33
893
981
427
32
240
305
53
470
768
812
917
871
581
935
106
395
421
553
359
168
498
713
350
333
371
704
836
870
323
344
903
216
325
682
249
918
339
654
740
107
818
9
978
751
944
436
146
366
341
857
886
840
922
588
173
294
293
362
516
968
706
771
537
384
453
138
302
792
144
394
899
314
403
229
65
348
665
564
66
6
421
952
846
696
893
372
342
538
734
858
506
440
629
395
824
82
533
478
226
29
224
125
343
628
706
409
328
371
973
394
729
746
698
576
442
591
300
784
129
34
994
988
826
623
383
3
57
269
481
283
650
706
760
994
686
466
403
14
837
728
760
567
474
458
495
917
402
147
53
883
181
400
871
7
23
607
10
81
228
844
716
878
902
477
224
588
943
627
954
133
355
714
52
182
524
899
451
926
46
856
810
579
256
33
586
280
640
949
713
220
145
781
99
47
258
675
987
554
303
941
687
10
7
739
544
531
990
995
810
36
852
620
615
108
653
553
740
646
502
805
218
647
587
669
46
197
345
33
751
648
326
790
10
685
881
555
569
871
902
379
907
754
999
874
215
4
428
955
2
282
113
221
282
52
890
680
249
587
714
353
587
392
143
598
430
25
505
999
896
407
378
156
514
729
382
729
85
162
36
88
797
149
661
79
553
903
759
803
491
825
156
430
570
651
28
352
676
885
351
925
645
729
433
511
810
167
240
895
330
628
335
127
130
348
558
683
604
669
838
447
847
346
877
769
998
258
121
26
495
472
303
140
553
88
651
715
256
243
610
586
224
298
65
706
646
975
389
602
996
580
49
195
926
927
964
924
185
437
303
680
261
606
173
166
695
176
881
951
772
844
889
996
142
306
702
140
633
443
743
629
23
792
825
950
719
141
226
256
579
529
289
840
488
462
7
535
990
240
838
762
84
79
758
226
385
812
367
18
256
110
647
279
254
824
581
326
966
808
582
545
689
223
737
529
37
96
64
28
337
254
790
421
333
901
648
718
713
367
88
969
829
88
601
83
912
534
409
230
342
344
127
384
567
865
913
605
313
330
985
650
584
775
72
270
676
72
340
742
439
429
63
620
869
16
703
133
551
465
364
245
161
491
629
728
708
895
685
22
577
22
24
513
798
96
783
826
520
124
920
311
905
984
931
774
0
987
259
903
452
623
149
613
467
130
693
527
377
731
901
306
753
926
820
903
374
955
82
895
431
2
558
336
338
490
462
691
829
722
594
281
697
95
246
516
226
291
44
955
374
297
262
480
223
82
735
950
389
169
845
821
524
403
157
862
245
972
905
74
46
852
707
743
947
305
612
525
949
8
481
323
305
743
155
881
177
891
831
566
60
28
387
936
783
897
799
29
221
56
455
267
908
163
362
856
820
974
733
769
334
214
93
640
309
600
873
486
843
704
405
256
732
792
192
867
41
991
896
262
400
352
529
308
867
244
516
687
570
250
457
905
464
902
897
126
854
770
612
698
826
17
954
910
162
146
777
555
490
26
818
890
730
699
550
597
943
67
636
866
317
445
771
133
699
20
259
554
790
872
604
968
241
558
878
755
56
655
311
898
681
481
140
763
180
691
360
476
110
349
342
427
794
465
560
846
485
172
752
627
44
356
595
637
266
825
745
674
480
56
925
514
537
65
277
69
108
990
897
570
691
239
997
837
56
910
683
893
82
435
520
478
791
467
467
409
292
212
84
125
620
9
639
509
426
268
931
887
610
828
457
653
420
455
491
476
717
174
370
151
962
242
629
753
710
448
515
2
661
599
127
633
960
118
143
386
739
74
273
701
254
731
355
674
538
846
503
607
372
225
758
334
467
739
440
177
187
955
532
200
906
11
834
866
130
329
604
221
755
230
274
9
313
629
36
851
827
539
458
200
764
568
534
231
307
974
761
494
281
645
695
187
656
881
405
138
210
362
711
317
592
986
678
905
615
714
108
443
253
918
995
369
486
529
953
793
856
66
287
489
711
334
29
719
215
786
858
777
148
569
94
740
555
125
997
523
839
457
318
445
375
313
166
861
194
119
6
402
185
646
892
248
980
921
968
548
707
178
677
208
99
124
948
7
249
298
530
88
755
848
885
131
513
52
344
707
171
703
110
709
349
354
309
681
275
277
229
334
807
259
542
907
383
843
914
632
493
444
72
248
644
310
731
157
362
76
216
885
779
326
946
480
32
256
161
307
885
743
994
693
2
888
600
385
83
866
369
576
310
793
825
306
103
556
815
817
984
31
55
115
710
1
595
742
609
109
402
495
852
748
540
206
636
492
943
72
358
312
648
20
457
473
326
561
382
493
730
718
876
785
834
586
787
781
681
748
890
435
243
94
183
135
300
171
627
243
243
985
907
892
357
365
717
683
278
451
528
8
170
405
146
356
343
933
489
24
33
380
459
629
826
994
764
479
166
744
74
761
729
982
5
87
699
75
122
329
526
3
689
48
408
835
404
751
120
246
776
154
978
587
783
804
582
899
283
100
643
710
213
725
692
219
164
743
294
638
424
172
641
113
221
49
949
977
153
421
223
281
575
201
220
710
6
154
610
641
254
605
351
468
330
395
39
494
490
333
485
914
505
126
380
78
528
329
56
33
102
631
314
678
833
534
740
191
689
702
184
295
308
888
115
990
635
154
837
126
839
322
392
697
448
772
775
328
453
183
361
556
815
27
234
0
562
326
543
603
29
727
898
337
967
366
327
603
872
164
729
712
838
121
761
639
894
536
967
347
72
681
255
239
708
489
591
622
168
134
225
197
213
476
886
181
194
565
784
66
82
513
130
920
986
891
559
232
780
879
932
852
560
187
443
620
29
34
243
197
168
820
746
381
648
632
914
842
197
698
909
279
563
39
552
902
283
111
134
63
342
418
267
254
606
710
875
987
744
470
184
264
290
930
997
939
914
912
133
111
610
394
743
526
786
295
428
69
758
914
132
453
333
399
707
939
109
582
926
205
52
462
469
695
744
466
986
658
730
119
121
693
514
216
219
300
863
647
721
974
561
853
427
246
252
134
185
713
69
463
270
473
277
91
168
21
557
506
31
640
626
505
333
492
73
552
144
937
551
865
911
464
70
338
711
674
824
248
387
893
712
9
367
341
100
887
715
9
394
98
649
372
603
982
216
677
534
712
966
437
929
877
902
999
567
613
673
743
861
412
637
925
421
356
267
521
595
982
530
341
80
180
713
36
514
281
65
49
345
31
838
274
260
740
273
179
353
946
922
567
710
911
492
131
267
111
4
215
93
535
556
526
67
622
914
581
903
979
982
249
362
821
875
622
913
149
153
267
447
427
186
158
339
678
641
958
790
646
173
235
533
730
113
600
352
27
533
607
6
868
208
720
689
84
342
954
585
847
221
32
275
759
542
614
790
536
572
932
182
98
167
67
828
281
667
532
660
552
491
19
420
700
739
461
136
82
416
721
281
989
105
556
749
648
522
539
184
447
471
718
545
990
785
725
623
804
257
284
356
748
303
129
800
42
942
936
476
358
657
110
700
115
18
801
763
541
692
299
340
515
369
237
505
154
962
481
310
571
117
18
671
772
147
472
166
442
760
995
800
770
105
852
885
123
653
0
16
345
299
356
860
668
593
718
174
907
551
836
478
668
854
150
440
354
974
958
796
86
953
948
856
58
801
741
534
806
741
902
504
392
611
716
412
204
434
938
464
337
774
942
5
629
444
797
335
770
108
131
857
61
431
65
472
232
807
358
391
900
260
895
293
871
611
57
428
398
996
892
735
770
186
93
751
983
242
86
753
350
569
962
412
1
28
236
585
187
594
976
87
854
871
732
726
483
142
154
233
138
398
968
260
584
61
364
919
656
802
673
6
372
987
770
725
367
6
662
554
600
639
994
455
862
78
533
697
220
39
930
710
437
899
323
373
312
687
293
968
489
318
327
213
305
97
290
25
104
953
931
704
592
925
511
454
356
44
152
928
83
434
991
872
685
314
246
998
353
539
318
842
857
645
408
514
95
698
539
199
651
471
255
243
748
119
50
456
163
554
385
599
988
728
471
26
42
69
24
395
960
694
589
817
692
997
684
787
48
575
338
699
398
593
295
147
712
697
955
228
251
340
179
591
420
2
617
462
72
993
209
32
40
799
202
732
148
886
871
196
813
209
248
212
154
543
359
219
240
666
447
843
359
978
786
779
980
404
242
404
749
803
437
789
602
991
873
103
229
744
299
42
953
547
254
108
442
965
679
682
632
478
877
991
456
664
770
436
420
364
193
169
168
982
311
122
973
184
225
202
929
877
596
234
776
203
694
219
168
373
253
152
851
483
495
307
147
618
96
567
982
289
88
502
271
399
625
596
936
202
150
217
431
746
451
208
949
146
779
470
519
384
974
371
867
470
30
14
440
478
933
422
119
374
277
742
125
254
338
61
456
488
278
888
587
730
448
888
228
227
358
747
611
685
470
831
155
853
197
595
331
131
369
451
505
998
193
630
252
884
44
709
372
322
949
311
404
397
200
632
976
910
732
939
595
202
770
102
55
968
697
739
451
419
190
956
769
735
938
22
619
334
83
344
657
32
655
413
781
207
46
757
118
778
696
713
332
467
816
740
787
865
479
238
636
21
546
406
108
836
428
728
171
863
424
180
895
431
593
676
639
991
785
757
121
481
470
454
300
638
194
87
504
25
677
140
398
575
898
506
412
678
586
935
541
10
115
788
794
708
464
433
700
249
542
821
83
364
627
383
3
173
823
859
550
852
999
948
428
250
455
192
928
41
127
470
404
242
258
198
302
75
983
354
676
525
528
111
889
507
847
892
681
670
751
231
874
103
180
654
705
987
846
633
380
325
455
784
919
66
334
222
493
669
928
169
194
808
633
436
316
480
328
997
502
432
580
376
887
112
31
592
99
229
577
832
555
33
968
474
451
303
48
944
972
977
465
519
785
98
955
453
578
635
802
80
419
383
809
658
847
192
602
947
421
180
131
976
565
99
803
16
402
851
312
727
180
777
598
318
228
553
771
806
540
574
239
312
309
400
970
156
592
573
455
13
753
586
342
670
686
497
38
440
700
350
519
881
479
117
551
707
22
674
866
563
600
457
875
909
857
197
66
449
770
873
814
875
460
508
545
146
5
583
938
706
285
458
939
765
575
490
824
598
164
690
513
765
147
740
26
356
289
92
805
60
318
972
287
778
480
833
276
486
768
214
544
406
672
483
523
248
973
347
198
489
390
63
606
889
155
633
246
444
77
403
856
395
375
144
173
208
329
449
46
449
664
590
855
688
73
378
936
46
78
486
887
468
901
494
357
408
479
955
853
556
359
61
304
86
557
477
646
886
279
692
688
295
282
543
983
355
274
272
753
352
110
641
820
12
487
529
420
966
837
625
874
196
39
178
634
596
8
281
835
639
973
523
934
608
418
269
963
692
893
717
44
4
710
216
368
549
98
788
867
935
766
93
483
157
272
469
753
632
750
588
271
76
463
557
684
882
826
999
574
720
68
971
76
130
539
444
679
989
584
898
924
350
992
759
507
264
229
613
248
331
553
519
759
17
76
443
251
254
795
177
326
863
148
402
994
40
846
25
29
431
924
306
133
916
65
993
532
294
958
780
626
511
651
385
880
79
181
131
333
328
661
12
191
161
414
537
201
613
563
231
396
839
889
529
755
954
874
639
601
832
419
227
696
422
964
928
501
497
412
186
825
73
198
369
234
613
906
436
226
821
19
622
660
908
503
415
214
730
54
815
562
825
394
610
599
711
539
100
208
951
639
386
24
837
755
258
802
661
46
380
483
417
2
495
325
858
911
892
588
317
707
502
495
454
465
94
165
4
547
725
955
186
111
331
375
866
941
178
880
988
558
715
405
913
210
83
771
473
327
711
143
34
565
638
488
30
84
5
34
631
731
341
169
842
24
545
61
966
75
293
306
633
360
63
546
922
498
669
396
825
380
539
860
298
529
700
328
613
58
715
597
789
56
118
631
433
15
44
399
90
337
705
724
697
768
622
620
267
292
368
444
24
259
656
322
788
357
3
753
415
718
702
556
126
821
187
559
188
584
958
279
921
15
355
971
136
977
943
755
269
311
199
646
570
856
968
710
565
971
463
332
41
518
888
168
339
427
727
879
11
38
158
933
53
513
256
189
843
199
296
112
510
496
758
80
352
79
142
917
402
605
249
444
123
137
612
814
916
691
46
928
729
204
861
783
70
117
324
913
668
621
377
178
117
488
610
821
919
752
90
321
709
339
117
185
828
729
351
744
421
397
24
502
954
885
285
24
354
962
289
22
583
18
552
52
506
162
873
425
266
963
99
328
654
216
513
834
298
864
930
71
262
955
573
216
192
859
592
899
821
881
273
756
899
826
160
758
340
33
535
959
348
634
287
354
203
800
540
501
16
470
572
630
425
145
846
970
356
790
869
529
23
142
637
275
320
797
33
13
182
920
972
882
555
259
236
110
411
128
611
427
599
535
58
376
32
256
698
389
399
567
270
422
62
260
697
382
57
82
395
592
355
367
474
910
978
63
372
389
191
983
169
142
518
579
519
902
187
217
643
586
137
914
9
199
174
58
933
583
493
681
175
848
400
650
110
379
65
482
120
256
817
641
399
687
220
270
589
760
839
233
346
328
499
707
879
25
118
813
960
611
846
136
811
246
138
273
977
555
107
450
811
924
91
562
611
664
184
552
424
376
137
122
56
636
830
936
13
948
101
974
911
947
462
74
545
952
347
523
507
454
973
670
378
416
585
341
432
769
245
856
497
383
331
554
371
161
490
737
461
943
711
724
890
525
798
435
477
145
310
336
951
635
6
681
52
591
374
484
713
619
693
210
2
24
764
726
537
606
463
998
549
174
74
791
51
872
579
880
369
889
216
320
525
574
353
929
166
727
765
879
346
458
441
701
834
558
427
371
164
890
721
66
416
795
857
467
19
436
347
740
678
915
60
555
489
413
484
7
492
249
238
839
60
680
540
246
238
967
618
754
857
691
820
625
839
678
92
210
466
791
951
144
58
363
699
547
129
535
555
621
137
145
460
549
825
0
795
63
319
765
170
528
809
990
153
648
668
245
210
487
388
161
631
446
525
683
346
654
570
253
275
707
398
88
256
224
88
404
639
760
169
809
288
978
800
442
978
820
687
189
307
428
350
291
874
227
326
220
233
896
825
509
956
224
949
564
448
389
968
439
149
490
601
438
820
753
880
799
573
919
340
233
699
42
876
926
270
202
498
503
98
324
364
54
548
665
619
348
55
939
139
204
429
740
994
250
493
226
49
419
146
741
652
197
783
880
123
405
82
622
909
180
946
625
587
494
291
558
194
346
497
333
902
927
74
897
177
919
123
578
338
621
319
342
819
454
222
942
860
304
916
121
837
862
98
776
708
389
334
902
87
831
588
342
110
662
239
639
581
714
569
272
688
240
614
859
695
837
153
555
141
70
28
330
932
126
106
993
868
440
247
955
624
835
649
86
849
240
726
783
955
295
55
643
536
669
854
583
858
7
138
352
77
166
682
362
644
141
355
512
933
602
468
557
790
117
644
639
710
722
422
665
17
829
660
905
499
514
488
709
521
978
61
951
496
96
313
141
237
20
653
170
974
473
80
764
943
76
404
653
150
178
670
167
8
330
425
507
196
265
568
69
244
630
20
92
78
685
233
315
705
239
837
680
64
269
444
7
697
200
12
847
379
682
367
387
364
792
246
912
409
814
982
653
796
354
98
874
392
331
541
97
922
731
129
987
352
926
346
50
478
359
897
857
393
616
596
758
760
842
22
170
9
356
175
805
711
273
32
103
957
925
552
879
656
34
218
9
960
565
411
438
924
660
648
669
277
244
779
37
87
802
207
96
158
383
253
221
656
285
676
613
563
229
845
219
263
63
580
575
628
991
365
904
4
13
574
281
258
353
318
697
507
878
145
18
261
750
239
269
388
916
883
951
145
80
522
760
143
103
687
772
446
52
28
450
418
602
83
676
308
754
725
167
632
222
185
245
972
425
514
360
341
749
663
838
829
186
950
973
289
637
97
87
41
125
890
459
80
973
487
388
727
212
555
359
786
741
604
759
518
471
471
859
220
135
49
402
321
351
375
962
988
472
401
381
949
291
841
29
617
328
769
344
893
325
56
679
418
12
790
936
483
262
147
56
749
548
458
70
899
185
384
887
9
137
268
958
429
461
988
46
790
757
742
35
434
150
714
852
163
505
140
998
119
639
406
868
187
864
290
86
49
26
325
58
163
594
369
592
407
357
990
549
466
85
584
253
235
299
457
750
156
598
101
627
237
507
495
777
372
785
863
773
811
189
832
974
135
553
919
542
910
261
92
728
346
676
981
934
327
791
684
835
389
785
462
978
293
309
755
665
94
971
790
257
160
622
584
295
175
503
189
437
764
633
518
463
310
851
397
989
642
81
177
383
219
991
714
512
301
821
529
747
792
319
5
304
294
589
951
821
444
141
611
560
774
129
23
436
332
772
778
327
206
307
710
425
298
776
289
599
598
170
347
742
489
704
399
135
293
350
957
89
843
920
1
970
401
377
758
733
149
536
60
355
843
123
132
494
899
421
93
849
943
792
592
433
496
991
920
141
693
229
230
537
149
232
507
550
609
617
636
110
154
696
818
349
819
950
195
71
724
289
920
667
433
864
452
930
207
373
71
901
602
654
790
104
238
649
654
847
266
642
309
772
339
127
474
510
78
669
933
154
310
854
821
744
70
274
674
630
999
97
883
953
103
673
57
341
674
64
540
940
706
850
65
397
977
539
260
407
208
193
561
519
399
383
615
470
9
641
100
360
738
983
313
194
8
723
535
682
139
76
974
845
926
39
595
255
578
855
663
139
48
224
10
448
959
625
270
320
618
370
680
708
705
346
902
65
69
438
747
208
866
73
405
144
113
0
399
43
855
414
534
904
639
544
704
950
521
974
271
139
696
303
848
401
649
750
818
70
540
565
630
406
638
36
550
103
36
302
499
244
716
33
148
707
930
204
658
803
178
281
943
874
584
143
627
586
893
445
8
786
362
639
192
352
675
95
456
63
749
307
307
465
340
807
173
622
11
183
426
189
464
369
415
400
864
42
338
109
839
347
895
201
986
440
554
13
887
362
76
636
669
384
101
361
543
626
984
555
809
410
96
625
131
864
378
995
906
716
456
746
415
352
299
401
792
853
414
31
567
843
667
236
579
768
598
122
747
934
29
908
696
478
534
179
342
912
526
248
980
982
346
396
334
998
149
478
851
916
509
771
759
528
7
690
649
957
812
396
243
194
304
939
672
838
470
14
102
996
614
435
331
313
183
17
311
684
496
514
600
357
285
711
886
645
401
535
954
566
283
198
760
587
489
784
778
960
150
232
308
764
667
639
429
202
657
740
887
505
607
487
214
244
551
100
889
952
987
844
870
270
394
982
858
883
766
988
195
916
220
856
33
240
495
462
442
504
555
329
9
162
169
224
758
720
676
648
24
664
844
895
286
590
877
496
473
644
484
21
912
705
877
945
945
724
408
387
229
315
69
590
829
238
814
587
958
843
587
982
859
431
229
145
21
107
642
847
103
126
220
15
183
97
961
480
821
721
220
402
36
289
993
865
879
159
452
837
2
40
171
861
823
401
359
197
860
1
396
963
479
616
978
663
65
291
143
238
12
363
641
400
4
986
265
883
145
70
72
500
462
596
361
285
349
720
834
209
73
582
172
553
550
502
568
615
794
63
206
158
779
199
559
783
185
176
667
682
246
739
182
708
335
896
346
684
968
532
245
42
115
769
947
665
272
867
633
418
930
191
928
709
390
487
493
927
664
512
609
262
603
144
323
291
40
669
327
8
553
573
402
668
342
349
686
966
568
671
736
499
862
665
208
252
504
53
531
168
917
140
783
521
636
106
164
28
127
491
389
680
64
791
701
759
493
739
77
61
410
166
912
272
831
473
524
335
526
55
856
796
547
639
317
536
97
481
564
576
324
953
608
741
97
309
500
590
48
929
3
810
95
916
82
278
389
958
614
267
365
822
63
913
813
732
801
910
565
365
838
890
671
446
631
768
756
483
710
156
764
713
967
212
981
401
490
370
360
104
638
725
278
53
990
91
138
791
353
703
509
191
945
180
638
928
948
746
763
10
254
528
723
221
740
705
975
230
427
335
687
65
60
317
471
403
409
609
194
762
664
703
306
610
235
944
890
535
690
654
545
296
182
269
870
274
326
845
856
753
180
895
171
592
213
994
995
974
603
542
736
619
597
394
229
833
338
120
368
380
126
266
677
308
887
547
934
213
392
142
318
924
38
489
516
603
483
512
577
438
54
665
58
651
60
639
836
750
111
557
131
237
823
160
897
710
59
831
275
451
326
593
375
364
435
243
319
270
107
896
709
513
913
119
517
325
758
353
76
222
910
559
459
85
719
357
147
778
540
422
581
866
368
308
582
155
551
901
425
11
149
486
524
63
605
41
740
716
395
816
290
657
375
749
95
446
458
242
576
999
17
509
217
385
817
800
892
721
53
317
732
555
156
256
970
113
298
710
829
45
527
471
54
254
221
149
53
679
392
981
30
409
491
600
146
660
752
38
381
805
707
465
360
863
722
330
977
372
41
158
769
920
630
823
526
203
325
579
234
717
913
617
478
404
217
976
64
969
366
798
774
73
263
487
289
337
169
618
61
562
128
182
482
110
6
361
313
331
292
548
400
205
165
878
961
734
206
378
703
572
176
829
645
791
316
286
129
838
904
542
400
385
725
235
495
83
596
809
766
240
709
166
446
226
396
407
312
602
137
15
174
313
844
171
105
513
810
586
351
66
128
103
451
205
338
947
288
286
108
54
527
169
220
973
747
968
732
59
570
870
426
96
535
270
268
992
135
430
930
486
496
59
590
948
616
280
247
905
567
355
959
94
876
532
419
975
500
503
34
423
725
460
519
261
82
139
605
218
569
536
56
66
947
998
366
563
279
613
468
846
320
780
292
548
312
711
523
164
214
909
587
940
369
107
553
803
598
158
21
520
694
430
586
641
428
304
205
707
269
25
905
941
805
197
489
117
260
364
634
475
273
221
767
994
680
320
797
279
830
819
799
877
601
737
518
29
393
75
89
662
101
994
955
258
544
796
728
804
160
362
279
433
935
398
427
616
70
576
247
253
747
398
130
348
487
0
378
880
76
467
894
529
813
201
139
357
997
867
162
157
229
793
942
517
192
721
133
614
297
732
867
45
130
997
393
969
998
123
849
426
590
95
307
404
296
446
761
293
314
275
802
895
69
744
412
613
465
897
227
114
981
95
159
111
444
905
432
442
28
633
220
619
728
527
375
376
326
488
21
992
764
823
239
185
919
4
798
736
901
25
851
235
472
10
698
917
915
131
711
296
764
284
267
845
163
642
221
489
482
595
481
246
418
721
431
690
77
229
426
978
607
629
565
431
640
264
348
907
395
412
203
159
696
470
4
859
464
226
701
947
821
534
545
591
607
329
633
684
910
412
15
517
41
580
949
33
844
649
293
239
61
848
399
109
671
403
321
135
981
22
434
154
556
980
98
164
661
83
848
571
495
863
89
537
444
390
922
288
391
215
880
805
64
279
914
735
34
587
222
368
609
657
874
518
989
972
34
650
408
234
221
903
98
662
792
894
404
715
534
796
930
414
601
994
45
867
81
432
455
304
800
416
313
674
934
302
999
968
304
407
203
525
662
653
540
455
899
944
170
785
740
452
552
693
799
597
561
880
381
368
536
181
784
849
208
719
503
559
39
807
966
594
685
980
599
225
435
850
521
957
636
614
410
540
307
209
489
220
89
871
588
626
52
373
827
612
444
331
171
835
490
489
782
527
470
733
752
905
584
274
863
572
888
273
112
547
834
601
768
923
472
356
901
877
729
81
489
525
764
661
361
254
150
143
782
972
228
886
230
812
512
445
384
752
70
848
300
904
802
420
827
274
776
81
503
858
162
993
735
926
6
96
180
156
591
314
481
820
553
711
984
65
156
721
818
226
569
470
130
371
890
957
998
18
390
501
876
552
846
612
478
852
60
11
361
4
677
842
176
230
553
160
296
709
881
466
935
803
936
417
526
178
726
876
196
117
730
425
669
576
389
500
781
801
863
142
157
540
984
333
771
537
846
419
598
727
237
885
882
525
302
761
703
28
637
251
145
719
28
167
648
417
667
429
571
530
571
728
422
907
62
545
796
908
964
394
987
201
631
222
726
933
983
781
313
972
33
459
44
413
978
692
183
997
121
754
879
44
834
301
951
248
847
747
508
163
493
496
365
124
70
443
409
405
225
722
729
610
533
773
23
511
465
206
860
938
312
739
982
147
41
285
395
240
384
904
403
877
752
120
353
822
564
762
579
141
837
308
103
370
434
478
234
251
37
446
190
349
186
524
848
579
162
244
819
546
500
222
424
252
343
129
426
259
892
5
752
81
665
207
803
451
685
389
703
722
836
245
424
22
769
272
601
931
516
420
478
16
994
254
620
689
383
46
948
627
403
52
60
421
259
864
872
945
253
575
19
441
820
443
463
942
68
416
225
584
188
55
953
183
661
925
872
397
324
173
376
79
225
437
500
485
301
725
782
906
652
801
348
473
597
163
767
665
580
344
601
768
400
554
303
413
832
176
810
156
701
187
235
926
624
88
411
277
813
545
535
465
347
235
290
944
399
409
961
331
754
562
451
506
469
755
919
301
283
730
457
984
917
44
910
893
132
674
522
945
219
409
763
918
645
53
214
396
463
175
727
569
738
178
75
207
933
994
508
216
724
317
200
993
361
463
238
846
489
760
143
708
170
906
979
167
312
193
563
127
369
290
696
459
820
771
666
754
765
526
322
490
195
875
835
908
690
74
754
179
186
898
239
356
156
218
875
468
412
438
595
133
80
643
944
901
414
610
7
180
488
329
22
683
556
209
591
246
283
698
425
470
948
665
178
104
883
54
925
647
844
872
132
925
516
76
178
930
38
185
462
878
866
836
561
423
46
505
21
329
555
447
151
503
464
682
959
699
88
884
699
932
109
183
209
625
260
387
907
650
924
722
529
791
558
442
566
604
947
587
286
502
386
789
357
202
471
317
254
559
201
953
492
662
136
53
639
748
441
899
399
365
621
928
508
179
722
74
136
670
14
774
524
752
563
882
955
387
199
561
946
752
514
790
767
2
844
406
751
285
305
502
2
926
782
863
458
504
937
946
526
303
72
51
408
635
285
715
22
484
276
321
588
790
111
355
144
955
114
895
592
419
749
947
698
531
810
508
36
99
454
562
403
526
965
811
513
250
526
888
86
154
209
27
944
672
734
88
628
848
336
572
620
437
871
318
969
681
826
357
133
280
271
888
158
237
699
671
839
577
911
926
731
120
953
27
793
39
467
773
888
155
697
508
593
569
826
914
602
4
271
735
636
542
623
794
131
674
817
971
603
729
897
686
201
202
65
346
593
885
471
481
392
169
341
985
90
519
899
44
523
522
132
159
417
107
305
548
134
123
519
89
204
768
776
405
322
193
752
916
78
223
749
471
744
91
808
186
610
60
583
134
934
715
645
351
174
951
252
308
74
123
398
278
892
526
35
566
71
787
834
502
363
584
325
459
675
133
646
637
545
581
123
480
296
769
183
822
720
435
131
146
559
881
776
803
759
163
369
182
951
204
684
666
140
9
477
815
495
123
804
392
56
928
224
352
697
408
527
769
195
658
267
754
891
395
909
2
558
631
184
861
835
221
879
327
582
357
494
77
832
298
822
889
226
46
241
275
806
768
396
2
778
15
108
21
762
18
23
321
649
560
534
836
781
414
163
363
771
657
793
603
307
967
492
534
13
86
161
172
206
910
174
337
925
634
358
688
4
734
361
5
646
895
841
427
309
356
142
80
365
287
36
25
254
528
559
268
966
72
792
173
982
318
510
260
952
220
300
309
306
661
314
952
908
508
379
218
216
874
650
582
161
38
959
416
919
870
36
885
942
828
410
277
498
920
889
450
493
189
759
799
202
426
752
110
934
483
680
150
357
683
84
871
721
43
287
640
913
675
878
208
855
288
837
353
561
726
155
54
267
267
853
469
693
957
931
627
441
964
129
150
647
566
21
720
961
660
361
227
335
591
435
542
879
272
895
440
350
51
494
617
318
700
86
11
9
369
990
450
333
471
953
980
37
974
53
351
987
414
578
322
357
365
865
236
637
112
29
987
163
875
956
833
575
394
196
937
763
186
739
97
10
692
429
47
19
482
750
6
248
328
328
605
693
545
194
682
658
223
21
173
98
977
7
26
371
203
963
487
742
702
584
752
395
365
151
414
200
902
420
448
582
100
406
276
998
600
310
8
823
332
181
273
661
540
299
33
96
262
520
190
965
456
294
712
173
445
478
373
699
898
174
282
350
580
910
348
532
572
356
707
904
890
980
566
782
280
951
878
894
823
420
211
279
714
275
452
160
753
826
211
651
0
845
354
932
107
702
464
680
59
171
584
301
503
502
83
135
453
962
30
628
382
593
907
449
869
712
609
622
890
172
626
242
18
980
174
125
682
990
805
93
161
742
394
16
244
478
152
50
792
534
678
526
479
938
975
348
650
936
323
540
461
949
782
479
929
308
956
963
298
762
409
811
856
155
827
452
985
331
854
129
217
885
656
697
823
983
45
825
272
368
717
733
669
851
564
950
511
520
914
809
634
675
620
490
830
799
295
816
483
149
945
700
386
953
397
209
289
443
386
561
163
455
646
833
306
210
135
169
730
401
978
717
76
950
559
907
102
854
75
585
356
372
285
742
326
683
304
615
478
690
528
993
498
174
178
156
736
314
326
818
715
304
535
792
607
447
51
709
301
126
294
9
498
579
752
176
614
408
143
444
450
23
438
948
197
616
105
285
930
431
104
646
87
991
438
694
790
841
403
92
967
49
453
817
981
557
346
595
965
489
40
416
513
830
364
62
446
821
348
729
252
804
375
340
147
165
386
938
6
790
382
325
839
187
494
820
745
840
768
710
330
160
478
195
990
195
257
788
16
957
517
621
113
892
313
613
409
699
551
415
489
285
92
681
472
587
501
569
427
269
280
109
781
110
304
771
305
914
560
674
871
77
295
337
322
960
950
731
659
853
499
149
490
591
830
314
530
683
884
958
305
164
67
86
626
724
210
284
638
770
310
861
199
957
198
521
917
500
605
576
705
456
77
195
399
259
510
930
943
394
240
600
910
307
38
888
31
248
172
21
18
482
883
570
439
433
91
356
934
48
285
991
504
362
187
904
622
49
186
917
795
426
517
57
733
555
945
117
156
470
490
174
304
373
96
744
807
540
452
93
588
89
84
445
452
271
349
426
672
535
343
467
313
212
876
398
119
822
515
275
292
358
802
596
731
898
692
538
438
497
631
379
586
716
824
390
339
525
816
364
412
511
183
725
75
60
123
547
882
991
822
526
349
976
474
80
227
167
971
17
16
954
396
954
22
572
345
714
449
513
78
861
377
261
938
452
321
62
999
555
405
174
81
106
502
908
186
729
75
509
747
443
816
495
397
838
420
94
904
869
608
982
83
985
596
21
789
269
435
141
177
192
315
610
298
817
518
837
899
945
698
998
388
514
493
786
705
913
880
609
135
840
944
218
177
892
591
967
161
379
460
338
571
127
949
222
296
467
59
195
413
757
193
153
272
39
939
329
304
172
938
439
12
234
9
190
126
953
509
288
332
969
978
255
448
279
477
744
99
888
940
864
998
485
17
270
524
309
951
829
481
889
620
845
124
982
387
602
935
248
890
619
217
221
226
17
852
56
762
951
944
54
815
942
539
185
564
416
494
515
597
327
757
217
524
233
199
912
835
486
160
78
105
730
299
684
747
151
740
509
455
684
563
622
979
455
807
895
871
653
411
820
980
520
37
857
753
589
769
588
427
281
666
885
11
317
569
111
821
309
620
276
345
536
898
676
343
58
572
566
711
335
386
44
855
775
901
960
716
22
900
144
303
567
381
315
236
950
778
57
611
750
685
308
286
584
985
981
642
909
547
705
596
285
749
803
61
650
763
129
672
663
273
328
582
6
995
819
956
773
228
919
523
914
228
162
850
565
143
844
826
691
549
422
328
299
225
389
301
340
519
326
3
144
654
938
151
649
109
459
422
337
731
945
603
311
107
453
876
603
297
54
646
847
476
974
498
53
364
799
393
235
125
748
731
779
686
882
780
795
694
202
485
777
500
88
88
959
542
316
562
191
370
208
38
198
183
888
251
899
688
996
134
165
96
865
297
135
100
77
930
146
280
767
923
132
856
11
91
750
679
654
941
401
214
332
599
397
220
202
296
908
550
782
74
646
648
371
781
748
448
64
246
80
831
169
564
39
532
656
789
211
662
731
964
876
63
563
626
283
117
922
544
667
705
970
313
705
693
447
805
493
511
51
574
694
220
490
734
752
146
875
315
160
606
279
37
21
194
663
657
311
937
553
978
994
523
643
699
216
90
504
709
953
555
635
648
775
126
734
879
624
609
546
785
568
177
174
941
371
189
950
34
126
503
364
473
26
8
172
594
450
677
656
404
232
291
404
360
769
490
591
394
99
490
531
19
667
57
961
391
246
911
425
724
767
790
197
145
150
370
740
952
399
396
356
983
39
112
343
161
602
287
907
54
777
438
73
796
495
386
187
93
650
965
817
417
107
367
914
609
737
654
561
136
402
270
471
794
382
167
955
337
454
862
391
583
652
816
379
147
555
919
592
557
236
409
974
695
776
240
304
865
895
865
353
649
135
825
443
870
992
398
207
798
612
950
381
264
118
112
763
673
383
355
230
619
117
556
314
245
797
618
111
44
836
464
693
323
641
489
193
633
239
752
783
852
54
164
468
173
629
232
846
12
939
429
632
56
985
298
302
134
917
413
178
105
229
224
428
871
713
974
856
304
78
640
156
133
156
625
306
785
209
504
798
148
285
782
205
623
80
507
757
349
272
288
454
853
864
235
76
577
561
933
881
639
925
390
124
433
367
430
219
576
287
369
76
572
151
633
195
231
492
305
933
764
945
739
970
809
974
46
738
535
331
971
527
256
361
651
690
80
434
261
8
73
630
85
645
781
718
193
364
211
850
297
327
795
37
297
604
363
696
342
251
27
313
778
636
27
781
326
107
567
939
116
640
569
553
638
702
623
183
66
186
33
716
866
828
105
163
784
468
211
126
719
239
791
849
875
818
983
553
926
550
492
394
543
413
299
181
115
922
364
533
109
397
601
975
577
706
490
361
527
54
839
598
293
630
800
168
449
783
73
727
685
565
121
228
330
420
409
797
694
125
330
155
874
284
482
451
990
325
164
869
379
3
468
672
634
268
192
83
403
265
810
440
182
283
669
512
55
430
309
749
908
991
257
782
275
739
234
618
64
398
839
443
402
307
467
388
927
11
823
682
276
633
123
810
268
144
674
323
926
335
424
834
327
681
617
954
773
203
924
189
953
764
633
707
423
452
95
703
464
918
737
92
903
212
903
171
356
577
846
635
913
623
821
592
656
790
898
429
993
823
619
299
939
604
6
714
408
454
769
872
372
507
317
628
719
220
151
428
149
998
63
414
973
236
358
629
27
257
411
20
432
382
319
723
338
678
437
746
132
559
971
504
66
288
484
137
860
636
917
361
986
332
128
959
569
486
940
596
95
703
968
527
85
640
250
775
318
40
522
450
599
845
306
17
485
791
506
697
427
424
58
413
756
538
724
325
25
664
273
120
368
242
0
805
882
602
581
200
994
455
2
593
652
308
962
137
451
821
834
230
245
244
995
1
783
719
679
808
736
952
280
456
194
632
613
428
235
194
628
229
1
630
175
653
291
489
142
94
310
976
325
555
221
320
909
356
392
940
516
128
244
796
936
439
429
549
867
16
96
848
245
97
830
772
103
121
262
245
216
572
574
893
480
147
565
389
503
957
681
19
437
925
167
725
716
596
275
936
964
371
784
210
820
614
334
923
88
596
169
656
169
95
549
1
242
114
390
745
424
423
764
213
348
931
939
65
880
214
353
844
937
137
406
757
103
741
681
543
689
202
199
858
297
100
859
539
567
601
636
991
376
400
556
725
683
495
142
915
61
495
760
998
984
518
108
87
611
141
631
301
695
182
511
344
283
723
883
202
676
871
193
53
623
101
778
306
949
920
574
10
767
686
361
751
204
821
190
816
962
173
469
657
356
980
1
991
703
236
193
380
459
738
433
82
839
563
740
140
835
314
503
602
0
864
705
205
37
895
373
999
69
194
8
777
174
361
768
230
949
313
962
408
51
395
490
242
310
230
383
145
897
886
99
897
102
804
102
139
699
827
490
120
21
850
897
548
563
17
778
512
330
740
272
733
487
114
976
797
696
711
294
593
597
393
491
51
549
945
190
600
773
32
721
146
234
970
694
797
988
824
661
318
916
933
52
403
47
380
552
743
91
198
689
40
591
180
91
140
125
633
741
250
665
814
749
251
784
443
48
772
620
709
443
536
994
847
292
393
579
196
488
670
395
177
710
338
357
801
831
835
434
924
85
451
738
834
702
522
630
102
647
602
163
442
490
157
641
782
902
220
331
390
890
78
568
952
416
277
105
247
464
891
171
902
694
261
736
396
136
718
850
783
672
13
577
163
522
218
297
776
438
628
166
680
706
86
984
475
716
89
722
180
980
246
82
674
507
171
422
643
241
624
778
914
989
707
429
863
925
726
639
715
707
157
747
413
244
731
240
312
172
963
844
504
561
279
530
420
450
952
64
43
928
194
309
917
902
738
780
179
465
419
247
172
577
346
937
173
78
178
837
602
493
681
107
54
960
637
826
762
942
890
806
870
437
115
140
691
206
920
222
671
692
469
195
621
816
484
146
246
662
983
848
507
664
307
913
625
945
740
739
239
982
545
109
419
13
601
462
219
874
685
242
918
154
789
539
322
273
37
568
288
20
769
795
36
76
709
13
373
449
753
612
431
650
74
203
15
675
665
586
901
350
828
819
857
969
710
179
243
747
100
531
119
221
326
508
649
35
521
23
836
626
987
268
277
413
823
292
441
488
879
342
191
59
162
400
29
872
579
624
972
31
155
91
604
833
599
254
221
473
629
409
99
968
29
728
382
852
373
823
693
604
165
884
663
679
284
44
904
215
668
876
599
175
967
203
361
919
809
934
392
438
343
491
407
373
572
141
225
945
964
918
549
481
154
564
161
438
609
417
6
629
293
605
157
612
160
870
531
322
804
923
112
147
767
519
520
339
12
98
636
976
368
185
810
523
749
323
313
710
740
319
340
33
276
849
645
789
719
529
111
523
452
223
22
571
95
543
262
107
993
898
436
361
435
246
884
185
921
550
895
661
221
587
46
498
788
43
639
507
572
102
382
377
677
405
948
772
300
563
232
293
461
20
6
897
618
243
434
539
793
681
200
14
621
246
864
409
289
855
917
214
957
651
591
635
56
539
759
356
454
991
1
916
363
8
165
981
603
951
520
396
984
720
410
605
318
627
15
960
482
284
174
440
935
765
427
344
656
186
52
111
530
406
379
893
766
896
875
369
847
395
765
831
468
527
789
138
506
156
98
989
440
624
781
727
741
208
423
398
394
828
861
276
234
592
170
0
488
397
721
687
144
838
870
612
365
659
103
224
815
201
213
607
178
994
687
919
554
110
317
300
938
530
577
524
122
99
524
610
496
597
649
992
435
520
605
153
531
60
377
347
613
590
306
791
936
993
711
842
104
380
142
394
911
71
919
385
522
795
348
370
393
997
363
828
869
320
981
401
380
358
100
993
300
406
137
588
400
848
430
856
580
925
602
843
348
521
229
871
669
577
241
414
926
604
242
796
276
576
549
656
286
649
2
939
407
139
527
807
987
310
15
919
587
618
763
935
491
344
158
512
921
400
926
199
356
521
347
985
97
248
641
735
897
995
674
657
134
554
464
473
864
832
393
803
802
508
90
645
852
249
158
125
1
436
324
709
957
24
694
406
272
688
142
522
683
816
179
818
370
995
643
586
827
388
389
981
896
480
627
748
729
137
873
82
573
550
791
531
926
838
937
198
526
79
720
209
248
251
379
618
247
375
205
426
763
946
408
660
426
35
760
507
524
986
941
97
536
733
980
814
571
270
12
449
701
85
658
949
688
390
920
935
765
477
362
880
423
122
540
202
509
653
61
33
639
3
482
527
736
463
341
659
85
705
108
786
142
118
88
831
860
8
118
977
485
832
858
908
954
750
462
815
403
524
848
42
527
683
921
615
498
262
274
583
320
734
721
462
204
809
645
65
817
764
394
654
596
252
915
903
355
377
718
758
901
919
153
428
602
74
43
100
689
669
683
9
755
756
823
312
566
469
729
735
585
123
390
181
728
657
436
83
34
155
193
288
426
346
716
28
773
112
480
462
133
515
823
889
271
998
553
837
467
282
925
52
405
667
586
133
324
22
568
710
529
762
998
955
108
715
335
233
179
815
47
312
330
870
553
602
869
106
791
688
388
716
93
146
383
679
631
707
53
200
418
935
962
768
890
422
483
226
656
14
393
703
679
724
926
584
326
147
43
117
187
783
186
280
929
569
311
561
629
365
761
399
300
75
167
542
497
3
120
153
17
514
209
48
590
135
633
268
282
676
385
469
811
571
102
741
493
413
654
122
130
767
521
782
842
688
325
339
43
797
845
61
663
54
109
253
189
94
521
823
122
259
644
934
182
746
27
675
160
33
149
642
800
22
425
994
63
102
685
106
899
530
167
563
936
629
816
477
75
690
300
198
949
297
484
131
43
511
159
555
544
308
198
696
331
975
690
394
77
727
852
976
258
372
539
546
1
708
24
428
398
676
626
699
973
110
182
369
973
341
276
517
2
474
565
333
449
255
79
878
983
931
855
593
303
746
139
656
806
515
85
556
192
63
255
165
526
438
886
499
131
163
369
133
989
286
818
791
894
249
669
229
533
524
822
188
623
313
845
429
181
282
986
373
697
593
890
223
31
777
75
515
940
796
648
929
82
819
720
976
68
390
205
953
266
379
142
889
45
987
319
226
621
657
599
318
250
841
894
634
618
321
149
910
117
149
192
199
320
912
528
389
654
85
342
273
465
836
162
862
823
833
88
796
490
39
467
741
880
361
727
851
682
876
761
151
377
953
702
698
218
230
439
224
668
781
497
133
618
12
347
793
197
435
942
688
826
409
781
706
122
508
909
156
736
671
307
113
976
361
811
546
944
250
123
612
384
972
97
354
984
444
499
182
231
441
222
57
202
355
763
676
863
673
832
951
696
491
64
24
853
228
571
149
830
46
761
566
18
858
920
3
654
772
537
885
565
111
942
768
466
57
796
329
82
629
632
130
472
696
155
325
276
78
474
107
124
587
673
494
797
946
849
451
718
386
688
635
497
630
755
315
40
552
996
474
181
628
605
653
325
112
331
953
542
157
60
18
97
734
512
894
32
362
346
750
100
386
737
950
369
493
265
409
45
262
235
226
890
840
231
567
304
914
521
198
424
933
568
521
19
81
415
51
795
113
153
247
500
891
197
869
384
815
630
429
77
865
7
319
58
590
239
714
857
112
913
281
397
481
802
417
914
569
820
61
35
974
309
887
217
506
108
953
321
738
734
750
955
93
422
13
683
13
728
540
125
993
173
522
826
327
291
741
897
112
802
284
438
463
171
655
970
279
608
643
17
342
746
324
435
168
338
470
533
418
363
10
763
536
532
589
216
176
682
465
288
837
749
726
300
920
733
622
199
693
266
568
387
364
892
822
884
582
644
417
352
359
427
115
248
311
57
464
487
739
929
127
928
678
205
581
598
938
203
149
631
821
69
370
185
313
544
69
896
189
838
600
548
265
716
796
577
125
612
416
216
541
544
145
571
101
726
521
392
929
670
375
103
91
746
640
405
290
710
653
479
900
253
380
166
321
528
95
446
141
863
663
34
759
160
606
861
886
127
253
167
150
628
270
593
374
911
998
665
973
3
496
873
609
876
391
930
757
838
729
250
702
392
284
461
552
242
674
790
722
927
957
872
908
580
465
282
843
816
299
168
171
796
393
780
24
785
711
781
975
792
31
677
184
668
491
88
910
165
230
632
445
539
856
353
471
674
987
314
842
639
834
13
435
228
794
811
365
857
945
340
1
328
370
537
996
213
625
259
730
207
243
175
746
452
880
218
126
220
884
320
859
719
333
646
947
479
457
664
688
402
4
689
731
726
226
79
939
203
690
670
762
934
197
509
386
78
79
864
298
963
184
509
682
869
155
981
701
612
645
741
367
2
783
450
728
361
881
20
917
572
690
679
858
887
188
244
317
619
460
967
583
996
476
617
865
631
951
918
596
948
660
963
950
795
765
31
156
646
51
73
218
93
753
76
332
293
672
650
913
132
969
848
128
446
465
346
429
416
616
25
717
628
340
667
423
105
50
580
752
453
653
322
546
758
399
879
52
423
881
317
556
202
165
36
648
982
734
430
751
351
807
468
979
148
487
403
605
538
335
357
991
340
32
890
99
431
121
503
854
2
820
762
556
337
151
205
319
237
987
422
940
794
890
920
294
378
675
900
268
362
609
259
702
641
149
801
424
270
656
631
624
476
745
181
165
896
738
837
134
725
259
74
871
502
346
166
880
373
418
148
735
379
759
438
373
909
591
797
531
248
428
508
76
526
689
242
422
779
79
908
504
690
335
727
192
681
245
72
407
15
572
142
395
684
932
768
945
876
917
476
124
698
984
552
224
25
794
646
804
225
907
660
916
242
740
108
275
985
533
682
1
105
177
396
141
461
516
86
337
433
563
813
131
899
366
355
277
512
354
81
738
261
94
6
855
834
114
130
819
999
813
172
457
342
920
598
803
436
685
493
222
600
306
353
851
24
61
128
537
415
562
627
28
656
985
883
490
451
13
661
451
178
834
908
872
754
506
676
191
543
169
413
143
827
118
995
852
179
475
741
946
37
720
326
693
705
209
183
156
575
197
607
105
31
867
978
785
374
6
328
269
527
93
413
354
564
760
558
743
235
299
42
625
19
368
318
724
930
854
233
505
51
840
962
434
708
940
219
434
946
900
703
473
345
468
180
909
228
738
653
816
38
47
793
409
415
111
486
697
317
719
202
720
559
165
154
619
457
374
53
756
626
109
581
971
577
761
881
158
852
886
326
890
933
119
651
700
582
137
398
900
856
952
620
768
469
775
387
279
501
793
35
479
254
616
450
831
730
683
341
582
569
19
824
854
138
475
907
73
613
657
325
821
961
945
589
783
72
329
62
925
474
97
404
728
65
207
559
795
890
253
729
812
272
553
18
763
29
925
836
994
934
161
167
896
458
757
31
883
438
93
160
912
190
917
640
607
124
551
403
366
804
484
530
77
38
549
840
419
826
28
765
113
541
932
361
999
41
392
234
479
485
395
391
27
312
31
634
788
583
389
506
739
874
37
816
912
938
8
683
764
388
448
229
929
380
590
281
422
982
515
253
467
262
645
494
574
28
481
714
611
870
573
703
744
610
871
8
900
232
691
664
620
491
894
902
872
836
183
646
819
698
899
286
961
896
133
887
925
614
954
888
836
527
591
933
489
463
941
389
695
985
405
667
476
299
569
700
136
752
698
307
803
950
945
116
846
78
355
123
44
309
12
233
188
955
166
677
418
459
66
465
444
472
485
273
123
54
325
611
159
376
918
314
326
864
430
524
294
137
648
691
799
12
924
987
967
90
665
738
549
83
555
346
555
40
971
31
447
296
642
606
672
913
272
350
129
54
875
775
191
875
818
990
887
742
330
854
184
347
944
86
430
500
784
338
540
755
369
987
51
363
945
76
628
569
426
757
623
653
885
167
528
703
509
767
798
839
622
982
538
918
420
969
418
204
307
959
959
28
298
363
743
596
439
372
517
217
481
493
871
366
660
751
70
521
519
220
713
493
202
251
411
623
220
182
179
879
141
139
907
791
502
3
739
293
375
609
510
856
102
733
575
762
837
997
283
708
217
996
201
771
600
964
746
820
146
926
700
639
65
959
783
919
962
874
212
689
483
74
898
585
808
825
699
645
822
335
353
391
683
906
162
283
222
909
456
369
835
508
360
252
467
143
171
782
370
383
823
853
809
721
791
617
546
490
614
720
177
319
111
861
577
626
144
800
535
952
521
722
460
233
974
928
729
497
62
99
232
237
304
41
311
95
11
209
938
625
930
115
297
393
976
226
19
473
378
906
425
899
628
886
485
954
166
214
451
580
665
683
169
969
77
480
417
88
690
355
65
972
470
362
365
799
941
737
624
319
643
401
571
624
639
56
930
157
270
382
89
287
417
259
256
494
739
673
934
781
380
0
753
851
714
119
2
655
208
978
975
203
379
546
827
371
602
110
528
224
844
970
511
261
229
119
108
320
793
42
102
173
42
855
376
757
326
730
764
534
708
739
738
440
285
917
811
239
27
691
463
871
661
974
485
242
446
593
563
239
987
665
764
382
520
493
491
199
223
255
733
284
995
823
724
632
741
887
872
120
930
335
992
944
662
829
186
108
774
101
699
761
766
815
495
639
308
986
838
532
594
923
816
941
747
892
573
840
779
445
960
709
133
304
5
147
485
192
255
259
293
306
21
412
121
868
403
430
207
593
314
801
516
482
742
615
374
667
807
505
113
120
214
598
776
572
745
262
764
0
521
409
658
894
173
779
763
576
209
970
169
875
123
38
357
217
5
731
884
813
236
997
285
803
947
61
375
692
323
491
44
197
252
702
91
426
482
206
2
43
528
524
919
651
914
628
868
919
712
753
84
300
102
369
455
50
783
830
742
458
673
787
655
926
841
747
352
323
305
706
719
834
230
990
485
496
618
706
416
330
811
852
983
913
574
438
315
357
269
410
815
294
549
823
572
390
922
924
66
227
983
785
61
565
775
899
62
745
605
830
428
768
682
411
681
256
849
349
613
470
759
781
117
308
604
689
698
526
966
764
105
949
901
167
866
28
418
928
774
23
758
554
143
441
965
824
49
166
525
15
637
284
796
106
592
752
795
643
630
761
759
735
62
661
902
929
689
320
857
815
695
968
369
838
761
334
15
810
853
540
825
842
177
973
948
121
725
743
764
355
857
876
91
919
537
345
848
578
18
58
394
65
26
763
256
787
450
623
597
303
515
775
497
692
748
445
166
474
540
282
181
397
158
272
317
695
970
165
626
340
223
20
405
601
135
13
388
585
636
338
240
152
113
737
196
861
534
362
687
75
645
869
472
803
493
141
851
463
659
829
155
234
849
561
836
984
574
224
922
211
914
514
715
27
252
263
241
138
626
928
213
623
149
38
778
643
179
981
458
838
810
614
73
11
527
909
996
453
485
270
16
752
784
731
779
388
995
372
527
973
653
740
596
802
778
374
797
310
708
608
500
518
574
573
530
453
834
878
906
672
148
923
424
932
6
555
321
353
928
848
326
933
940
274
87
71
1
237
381
709
845
881
227
771
807
109
224
993
987
130
665
487
405
441
772
412
997
93
765
277
293
444
562
585
718
649
656
719
886
389
780
83
623
360
854
782
469
430
775
809
913
793
296
318
234
68
82
583
513
200
212
158
644
774
96
714
776
104
434
14
494
566
98
469
926
304
251
396
735
378
557
0
171
853
318
758
274
401
693
139
601
258
650
597
384
746
311
160
850
97
175
696
664
625
165
590
929
768
338
16
147
895
16
670
101
687
428
727
440
474
866
393
732
868
990
468
966
301
629
817
399
156
865
63
133
31
5
414
151
344
431
298
239
799
969
340
838
749
67
278
575
286
671
659
154
661
128
121
963
109
290
714
617
155
777
750
538
134
164
690
478
947
340
718
747
661
410
585
763
830
216
690
468
887
350
974
549
830
447
864
939
737
578
556
245
707
306
135
841
822
177
672
770
870
390
869
531
152
454
646
334
22
337
802
910
39
777
811
869
224
675
808
314
605
716
911
664
374
46
857
196
576
529
966
446
271
835
329
776
642
328
110
664
665
913
926
704
42
737
925
618
764
733
932
721
801
195
385
175
594
595
371
170
476
690
968
748
877
649
876
871
977
986
536
994
251
814
698
645
552
975
264
668
708
196
390
509
744
127
36
338
722
760
860
199
450
828
299
327
829
175
199
807
513
87
801
765
253
852
410
805
827
26
474
888
575
216
749
319
343
786
657
66
546
517
265
348
697
916
27
526
443
578
685
956
17
839
73
271
691
836
76
870
862
902
110
437
118
860
756
462
998
765
880
896
634
497
596
683
413
623
210
856
202
247
812
219
86
238
490
129
74
919
0
936
173
462
726
644
322
834
106
672
952
338
920
586
835
516
270
248
140
832
456
694
79
620
913
166
858
756
295
284
27
647
221
200
110
299
844
784
133
302
809
85
640
729
24
475
246
646
75
738
478
883
432
909
504
697
427
714
453
75
999
832
722
572
385
184
871
229
321
356
884
130
794
876
211
818
704
457
464
779
195
294
663
979
203
519
677
983
233
482
58
232
315
132
804
700
669
675
281
990
32
517
472
826
394
683
996
98
493
812
229
688
106
244
668
661
763
697
644
997
179
702
229
494
835
386
546
504
61
828
846
445
345
318
623
91
353
971
189
846
783
419
887
889
663
907
551
779
604
195
776
783
250
357
630
85
743
176
941
157
356
787
954
54
457
578
145
810
549
687
657
685
458
896
574
473
803
477
252
407
25
380
542
275
738
172
712
833
701
653
990
409
792
945
463
601
875
961
411
776
0
420
461
458
316
36
283
471
865
536
230
890
916
773
165
6
297
877
840
350
882
830
760
26
127
575
627
2
888
39
779
888
811
240
698
480
628
982
951
494
870
182
384
138
307
902
145
956
131
337
307
14
519
419
40
647
346
668
1
235
59
780
475
870
373
174
702
353
508
654
199
378
188
936
516
495
838
13
451
321
350
110
335
870
529
728
869
876
748
870
463
159
651
938
381
376
112
84
729
972
90
281
350
278
217
219
125
407
232
928
728
935
391
416
805
920
144
674
148
244
544
611
403
547
902
136
275
366
220
357
339
310
638
689
940
855
260
417
262
493
346
342
428
737
758
585
9
902
611
510
498
507
473
253
55
375
390
682
742
962
39
433
273
29
474
565
236
735
983
850
228
681
193
8
418
951
593
779
206
204
289
704
711
763
310
118
490
700
801
584
662
192
17
287
574
492
853
810
227
188
661
807
869
854
815
287
157
760
418
363
964
708
420
27
823
82
498
313
782
651
898
796
843
267
84
769
111
289
580
338
477
241
497
346
447
664
985
956
424
403
672
740
463
92
768
286
174
618
952
308
269
202
104
464
469
540
234
581
181
814
271
658
407
121
356
206
785
693
162
210
97
834
950
912
278
70
199
804
688
503
112
309
705
569
774
174
461
360
107
643
174
731
301
933
852
10
139
637
703
301
847
152
488
150
65
766
572
616
571
613
119
35
922
824
604
48
350
418
408
810
61
934
541
362
867
393
724
6
30
428
660
230
580
148
732
997
266
304
613
189
269
732
225
544
908
181
592
259
599
353
69
660
287
610
375
507
355
99
513
737
879
525
967
812
25
699
809
644
356
423
833
977
507
58
521
416
592
114
27
191
819
448
204
106
410
579
613
765
30
479
502
910
356
822
722
382
873
531
378
229
306
211
207
166
270
80
934
214
546
961
405
365
761
961
824
171
540
437
288
923
268
142
833
977
964
907
711
838
790
89
419
449
300
978
615
922
411
549
136
957
862
894
323
623
855
147
794
748
936
434
671
557
576
504
534
893
763
245
83
553
334
502
2
986
833
969
909
244
518
397
553
380
291
876
355
147
375
501
895
312
935
918
869
864
774
755
757
537
0
840
442
686
694
797
672
527
766
933
123
637
331
677
369
622
905
725
121
281
226
368
945
514
286
166
378
60
921
135
597
273
975
40
311
669
189
335
549
955
269
24
592
600
53
962
574
959
687
48
592
265
416
537
779
703
55
157
115
976
292
713
601
619
105
264
641
294
599
190
601
868
566
194
820
620
508
747
931
195
795
875
812
211
764
592
266
819
101
382
147
394
447
748
365
904
12
6
550
963
548
151
832
115
697
4
87
205
751
18
752
546
893
565
758
657
509
24
828
610
758
975
356
205
75
722
109
439
80
11
402
629
163
586
96
212
591
183
418
342
553
170
241
446
87
999
455
596
375
283
559
486
610
915
691
685
989
153
124
70
164
878
699
679
465
795
892
56
330
662
750
883
184
991
681
272
342
488
220
70
123
779
556
733
47
599
770
36
752
894
106
269
124
157
300
589
304
544
997
634
206
748
517
743
739
198
367
434
686
587
504
809
719
60
894
766
659
664
802
764
910
261
385
35
418
685
624
723
582
622
709
140
722
579
883
813
129
250
247
168
190
751
329
909
811
224
675
823
888
829
587
151
90
972
186
861
9
810
936
591
784
645
84
506
224
967
320
354
218
567
522
408
671
851
669
482
427
696
657
668
525
244
819
968
568
5
829
930
167
765
873
952
410
957
810
987
925
482
693
495
50
567
255
721
418
924
555
198
620
213
866
145
809
685
113
378
690
294
308
209
59
181
161
822
491
324
161
416
806
854
911
208
421
166
281
191
442
189
389
62
402
607
559
563
292
25
293
334
319
953
896
731
135
409
905
978
733
66
394
540
272
657
100
693
175
382
236
617
571
978
679
325
585
590
240
230
615
534
916
935
487
812
666
974
222
923
952
307
989
698
199
613
355
300
658
882
34
894
851
957
224
882
282
162
473
874
392
88
408
660
23
896
825
41
222
399
316
175
706
305
873
906
918
581
558
928
815
592
823
667
549
47
549
183
209
22
57
953
111
818
966
486
66
143
880
288
542
196
463
248
854
689
506
124
622
416
53
437
8
228
456
909
275
6
444
837
380
854
142
843
672
460
330
738
603
562
26
145
758
842
746
964
883
604
89
857
21
142
646
381
370
103
643
997
461
87
186
841
941
681
685
965
141
367
55
97
929
434
594
39
628
340
4
863
297
445
720
670
587
718
51
309
821
694
658
634
134
197
476
427
878
513
393
371
232
448
468
513
234
415
552
862
107
908
725
404
353
797
74
292
516
478
953
337
172
964
972
306
161
800
734
391
665
479
762
897
279
583
410
514
998
314
376
105
223
454
862
928
251
288
221
767
766
526
457
939
490
429
597
651
581
683
42
246
162
157
495
794
740
257
308
90
571
36
547
146
490
761
75
94
50
648
861
816
174
318
755
665
99
705
668
32
388
711
630
903
220
125
697
312
382
357
402
306
393
301
452
236
63
879
682
113
527
543
929
54
214
37
71
665
742
739
698
482
802
328
385
374
806
434
686
540
791
440
846
537
742
651
125
805
530
807
270
410
702
551
464
268
588
887
934
682
978
984
165
133
664
902
507
470
337
194
11
480
634
209
17
728
860
142
533
391
301
155
801
4
707
617
272
647
856
558
330
834
542
847
967
559
101
827
381
790
373
744
271
7
954
288
88
814
783
973
557
84
129
710
440
188
679
713
835
535
623
517
370
518
716
689
77
818
868
458
608
241
555
231
601
509
520
689
675
655
662
585
739
791
647
180
979
327
245
167
214
220
684
584
738
401
626
167
571
494
978
531
736
533
763
337
394
283
26
421
290
688
6
29
832
654
561
163
333
158
330
547
379
15
484
469
768
462
989
339
956
967
870
44
852
633
733
246
268
111
667
558
152
26
940
984
32
853
499
365
12
830
912
743
845
748
564
613
210
553
304
167
520
174
563
372
160
649
970
780
760
638
339
264
16
631
600
48
484
100
413
848
930
677
943
775
426
508
740
636
413
396
155
934
922
71
658
82
720
629
215
832
619
906
97
987
537
697
35
373
797
800
222
79
477
165
206
255
25
946
244
439
694
751
725
617
822
383
51
894
364
266
727
335
172
176
674
709
873
709
83
23
861
657
102
691
174
309
946
200
607
542
991
302
294
716
271
468
451
322
363
168
589
442
855
761
618
530
823
843
591
258
218
453
915
321
144
89
982
442
641
941
985
632
595
631
700
866
99
152
189
814
672
130
256
527
891
226
409
66
70
1
324
288
454
591
961
950
681
943
392
674
237
377
659
832
8
359
699
460
863
888
274
535
18
883
415
261
109
824
680
531
177
4
172
631
596
133
581
629
429
326
303
18
55
962
850
416
674
549
876
537
789
502
425
159
385
840
773
847
16
453
730
194
809
902
177
405
388
111
34
169
437
690
187
492
4
37
260
30
939
136
568
80
639
345
592
376
537
365
223
553
170
954
99
979
208
277
385
596
740
771
765
529
813
304
373
170
694
634
200
985
770
768
65
761
465
657
138
2
374
713
556
544
667
7
524
876
636
261
824
376
384
942
905
198
598
631
368
292
265
920
277
387
689
695
149
506
704
639
509
79
352
417
975
372
424
499
600
61
112
424
437
497
718
695
47
317
326
415
609
943
335
239
330
376
934
479
235
638
470
744
69
823
161
45
547
585
896
147
998
9
923
436
506
994
483
905
311
161
320
272
104
7
863
434
736
149
266
971
788
736
67
209
911
228
254
810
165
503
309
164
512
233
952
370
579
435
275
890
948
947
514
52
306
378
486
394
527
104
717
667
193
784
229
104
12
835
915
530
338
224
694
202
809
646
572
388
433
199
630
733
498
497
785
805
875
623
551
754
728
269
774
921
53
3
377
66
838
644
948
177
221
642
731
382
640
304
123
425
855
753
158
354
602
295
511
829
918
62
584
998
331
710
271
385
713
649
803
903
645
751
432
866
745
164
249
385
820
372
162
675
477
320
381
80
615
892
909
885
955
845
884
638
555
155
23
620
156
178
876
802
929
308
668
674
824
269
411
644
641
573
672
471
245
53
551
212
298
812
98
253
10
982
891
917
489
267
538
646
445
766
800
727
74
468
753
251
90
165
247
83
90
919
554
688
325
105
900
623
270
998
228
280
980
471
197
822
90
87
468
888
853
620
615
280
88
368
531
530
885
778
614
328
50
168
16
727
626
916
702
896
915
930
528
247
753
77
421
844
165
241
732
370
861
699
650
302
419
533
832
657
664
446
985
66
615
353
793
593
269
495
841
536
777
369
136
530
798
557
726
963
799
810
686
660
509
688
962
281
222
795
938
238
593
923
304
208
276
97
153
897
944
994
786
721
363
922
603
162
479
682
477
278
492
515
291
354
204
253
987
426
400
925
664
994
200
320
202
828
769
708
725
713
702
511
786
418
433
389
932
265
71
409
895
916
925
186
622
481
440
609
907
840
886
923
834
86
243
389
914
364
449
991
77
151
855
863
569
640
604
501
905
28
263
801
296
540
987
270
21
779
879
280
972
117
203
158
203
798
899
469
514
348
460
591
500
315
806
421
956
410
923
861
790
538
14
86
430
354
356
451
485
587
731
457
704
286
968
259
436
867
728
302
568
189
893
68
504
51
841
812
813
764
674
604
654
40
42
84
394
751
887
880
338
970
689
395
608
657
654
396
877
383
698
445
572
943
865
428
994
706
241
160
823
267
764
477
659
158
914
406
909
801
286
248
772
327
643
380
337
649
777
214
32
475
659
956
419
524
385
765
230
978
925
53
597
41
883
256
200
797
662
461
598
300
61
370
980
56
103
317
706
232
531
738
707
542
47
478
66
432
596
648
762
521
54
711
915
937
967
467
86
982
928
684
282
990
407
262
398
862
579
104
94
462
195
153
4
242
632
422
26
580
71
788
453
477
499
368
414
818
187
852
800
116
888
435
458
647
49
856
509
981
313
603
443
508
757
800
750
741
222
776
673
645
916
126
122
767
495
888
585
682
740
738
150
629
173
960
276
574
169
138
555
482
741
351
342
850
151
92
943
373
220
616
371
136
743
493
255
590
382
840
624
474
930
127
103
455
439
732
30
608
870
585
442
963
936
784
166
87
228
109
813
800
78
184
288
173
677
543
115
411
736
91
886
666
218
341
122
10
425
152
970
295
737
413
611
26
549
777
113
130
238
278
930
668
462
219
841
492
762
956
255
498
400
493
517
970
187
639
980
612
791
951
260
880
364
871
906
265
0
372
395
238
650
678
907
465
897
100
957
11
409
564
510
809
58
27
779
245
18
112
209
161
63
821
41
779
692
300
44
44
672
792
635
674
470
894
139
367
994
448
730
755
13
240
916
423
619
48
20
989
160
229
150
223
51
544
2
95
844
46
140
516
190
127
542
660
21
682
379
367
130
110
475
143
702
391
918
674
439
938
663
599
168
166
822
571
710
824
666
554
223
158
422
765
637
964
426
658
998
157
378
129
619
853
624
674
244
543
348
36
481
363
635
1
881
458
924
591
634
943
497
209
453
271
975
91
236
753
101
586
262
479
715
882
684
692
556
281
235
256
317
68
971
952
422
853
762
346
796
749
641
294
958
95
917
285
186
153
390
639
740
653
471
807
887
155
499
795
788
86
403
105
507
374
410
281
579
524
979
728
273
621
374
584
716
291
221
254
797
612
893
889
265
716
696
504
872
548
299
12
986
702
118
845
428
880
126
8
404
106
88
678
79
462
614
795
753
835
401
550
447
646
439
64
363
488
568
587
36
219
599
374
921
69
220
350
949
346
710
354
804
798
384
883
260
350
30
365
185
783
916
985
430
707
401
145
195
322
732
583
541
331
310
815
753
530
517
702
228
227
408
33
377
144
268
989
494
299
354
32
82
622
369
864
330
770
9
877
444
93
813
338
777
123
153
530
5
670
232
233
249
993
618
978
489
887
967
336
538
321
368
972
944
89
189
626
211
198
855
656
292
20
994
69
143
499
951
500
521
535
86
770
528
704
748
370
943
67
706
481
388
426
806
684
515
995
662
726
193
518
734
837
538
728
258
34
579
209
534
100
745
972
222
625
677
970
995
620
37
701
454
778
479
260
814
994
607
477
73
152
995
807
990
533
888
600
919
819
162
806
920
259
778
142
884
455
465
232
428
854
285
234
632
765
846
447
759
453
276
184
605
271
344
947
156
584
548
76
403
710
882
323
969
12
466
205
468
931
437
248
785
723
482
770
840
328
569
951
133
845
136
738
468
480
686
624
64
586
52
819
296
286
143
617
299
961
174
119
244
612
367
29
687
201
151
527
881
72
478
366
917
966
104
385
446
142
362
862
728
766
682
376
405
177
345
704
138
520
175
382
132
894
763
171
95
267
698
328
339
528
694
257
495
150
994
293
293
708
508
373
827
542
750
232
719
95
936
857
615
463
591
99
357
354
622
804
621
672
484
313
201
178
570
48
680
916
341
973
977
849
347
804
391
449
36
462
544
324
671
512
787
262
963
496
969
586
300
942
610
784
255
811
314
177
859
994
446
553
320
423
754
19
579
146
468
967
960
364
291
632
228
430
246
544
926
567
482
578
862
92
362
117
256
28
647
115
374
445
20
694
868
775
65
799
273
533
766
233
250
409
217
830
839
816
374
117
383
856
695
245
301
409
715
557
789
362
24
163
807
45
210
27
820
275
826
445
161
944
678
411
353
248
593
192
64
968
661
447
176
356
45
477
117
760
34
906
474
59
69
633
456
279
660
276
907
838
73
68
782
103
831
487
351
424
31
415
744
692
215
921
400
260
398
869
372
785
775
846
844
196
479
300
828
491
928
735
329
1
155
463
104
986
950
808
762
333
575
507
25
790
428
777
402
178
646
774
963
421
620
159
969
99
811
797
590
91
884
271
444
39
734
901
377
36
709
140
721
284
647
746
427
427
875
829
957
521
604
273
294
224
432
264
676
596
413
266
687
298
538
484
689
624
385
67
13
94
207
734
730
206
833
157
985
708
987
942
582
591
215
876
167
0
492
843
948
906
110
635
556
0
119
245
976
856
312
341
950
871
428
33
77
613
190
62
321
529
357
255
472
924
132
640
276
976
483
224
234
945
860
790
297
331
388
626
188
52
319
490
924
747
523
353
360
66
768
34
947
477
289
420
401
773
412
678
102
247
902
336
545
114
479
842
798
219
820
986
271
140
828
547
239
352
253
600
770
373
986
717
850
627
489
251
401
901
281
503
149
536
191
694
2
22
888
800
241
61
138
513
201
967
412
440
671
17
392
793
390
378
862
240
6
352
844
759
605
477
614
754
13
157
800
16
180
41
168
421
102
307
286
655
626
51
447
297
68
840
90
459
570
952
699
928
656
543
39
262
21
653
368
386
163
169
754
343
210
923
764
664
582
403
319
560
454
766
857
522
958
299
981
529
603
33
809
612
576
849
874
949
854
242
336
17
763
442
360
325
717
477
989
299
880
660
859
334
779
68
208
737
719
190
618
675
575
428
287
151
629
513
453
483
755
141
853
871
583
213
196
301
42
538
952
922
550
164
608
329
232
817
67
304
359
37
979
934
817
618
437
446
131
242
282
238
383
135
109
319
700
658
972
743
548
924
17
98
88
626
428
673
795
847
329
506
884
660
792
702
278
581
500
409
824
782
999
207
269
109
878
970
119
850
65
667
775
82
117
215
60
545
240
207
744
569
713
629
581
857
683
859
439
535
620
263
318
620
822
939
81
701
909
200
551
326
219
678
409
336
894
821
882
486
29
626
408
94
607
989
952
642
849
391
178
469
654
848
441
828
787
522
529
49
722
433
375
941
111
136
278
5
958
512
844
987
490
252
433
450
241
385
92
442
776
622
264
782
470
705
611
258
228
492
659
302
925
34
244
37
171
874
394
481
738
590
820
580
842
253
382
436
639
475
230
767
449
494
902
920
552
865
530
780
357
189
434
635
223
30
24
746
904
770
579
994
361
399
927
203
653
309
991
644
784
222
763
586
68
665
506
620
530
36
752
240
225
187
875
800
217
251
899
474
21
478
468
382
878
395
938
883
57
281
879
841
503
642
779
924
308
285
544
190
673
297
430
898
836
657
51
53
260
950
527
282
428
348
16
658
95
306
893
152
940
772
346
443
415
125
719
723
763
264
265
436
913
696
687
749
705
738
802
966
40
682
600
820
382
616
479
477
275
372
982
215
497
680
10
912
805
730
987
568
994
252
357
259
948
44
8
6
134
162
972
174
844
572
346
578
540
177
408
815
902
390
382
399
70
393
311
227
475
298
148
469
550
505
728
851
549
88
857
683
250
181
209
447
753
555
25
645
733
433
461
635
175
195
34
245
588
345
825
63
995
973
884
897
478
964
100
27
404
957
62
655
138
271
454
243
826
479
889
911
265
702
546
440
897
932
38
838
629
863
253
624
836
490
874
666
454
974
693
859
932
107
866
422
378
320
18
556
151
259
468
416
313
366
857
562
299
895
400
928
110
6
905
946
496
779
964
302
753
657
513
37
116
731
812
494
51
830
402
203
441
222
971
754
589
828
316
240
75
69
168
537
427
425
835
923
204
799
225
310
808
91
347
924
822
159
770
226
341
173
429
134
747
752
888
336
581
557
928
8
978
449
546
405
874
381
328
79
533
905
741
341
348
88
266
171
600
36
397
293
561
178
428
309
930
668
997
863
577
926
224
555
375
122
312
249
855
992
680
388
250
421
730
598
862
996
121
814
384
870
107
946
400
887
607
683
556
604
546
485
882
122
41
257
244
353
859
100
698
891
840
948
665
570
546
527
918
668
341
303
890
800
601
291
688
208
974
596
812
520
81
695
995
474
304
239
180
515
691
878
407
532
826
424
454
372
951
373
392
644
28
283
796
629
574
836
837
548
432
1
420
866
48
767
340
353
7
872
220
50
750
627
934
928
403
741
301
706
466
45
702
494
680
499
475
606
335
664
154
120
17
927
986
66
694
678
771
53
551
991
456
653
971
390
582
374
483
235
81
949
632
783
443
313
634
270
919
322
934
426
442
952
705
780
370
399
810
493
805
713
484
261
367
807
3
301
534
487
536
967
788
168
102
232
481
737
854
753
59
141
179
853
445
884
633
815
635
443
308
792
157
144
405
876
952
761
177
838
600
65
805
388
233
907
972
67
644
827
172
55
968
351
908
413
587
893
580
574
337
240
367
846
384
772
74
688
885
251
526
485
668
331
874
253
591
846
320
587
25
844
643
345
547
903
758
134
797
690
61
486
930
428
332
315
552
758
355
790
9
882
275
677
565
149
282
156
348
955
96
725
799
739
71
347
642
181
833
791
872
894
277
802
674
609
469
579
367
177
369
728
59
996
757
976
146
40
485
846
995
581
571
146
672
994
493
666
176
327
458
48
573
735
202
248
697
24
179
416
201
548
497
612
544
254
588
42
646
425
240
993
6
164
140
30
158
985
697
334
664
155
734
238
242
937
838
939
961
369
356
514
269
853
126
813
459
714
208
458
140
800
803
498
316
295
881
475
633
578
161
297
85
896
887
327
185
77
267
498
446
975
12
715
180
138
881
991
204
89
449
696
241
605
195
558
900
428
385
533
6
546
183
91
794
70
770
331
148
389
181
594
364
193
310
896
683
191
888
888
632
337
584
225
294
131
783
195
559
168
80
917
67
263
360
213
686
131
897
834
520
78
780
237
624
442
133
307
985
21
547
969
711
132
195
357
615
330
552
527
851
985
444
918
600
157
483
286
288
380
472
160
811
605
749
435
399
235
742
385
608
290
354
671
774
901
29
741
232
933
268
83
918
65
353
871
222
836
509
862
569
334
374
380
939
476
815
338
711
909
75
671
199
782
343
325
683
372
419
915
305
687
998
576
104
351
447
678
540
308
892
109
642
619
841
933
95
656
624
158
565
699
829
117
481
172
794
165
896
213
80
554
253
431
130
357
134
929
388
674
237
280
135
232
899
976
165
346
984
789
504
550
489
334
19
322
858
165
487
755
379
920
309
984
703
791
693
837
72
81
864
309
714
351
893
613
328
59
960
664
200
816
566
41
150
585
364
361
751
203
468
482
475
129
466
178
920
159
368
992
593
584
653
307
935
547
920
615
958
232
280
158
49
846
200
551
784
564
264
887
119
732
721
595
861
187
125
133
698
845
125
291
781
779
598
69
678
871
36
636
455
668
146
504
867
346
408
651
262
672
890
382
757
611
329
618
150
806
752
848
4
229
492
785
360
442
854
38
313
891
26
121
911
173
977
778
519
385
781
134
410
671
868
167
634
197
137
784
355
889
985
359
119
477
145
479
919
351
870
585
594
896
706
506
421
683
284
293
421
66
427
831
89
295
350
724
844
487
508
199
377
845
911
848
322
56
679
594
759
549
531
354
798
589
212
219
272
496
864
693
914
291
876
356
938
226
80
134
714
940
686
443
786
597
643
460
5
322
406
764
224
289
470
374
878
682
945
151
531
810
196
797
453
425
153
392
3
233
526
717
526
212
512
664
161
155
124
166
478
883
931
54
172
401
428
51
436
373
554
967
535
102
764
989
527
918
381
531
503
259
600
29
824
113
693
985
620
170
152
98
405
435
152
577
188
932
980
624
658
886
943
193
989
708
182
868
978
915
751
481
527
704
863
351
169
908
688
789
430
840
240
835
627
744
765
168
677
97
792
335
984
88
880
325
148
415
545
126
330
649
959
857
353
174
560
874
83
249
663
513
441
903
701
421
648
466
589
677
563
733
364
547
821
244
224
969
659
770
447
342
419
407
551
124
933
112
998
16
713
13
882
154
269
583
575
269
49
516
946
964
250
662
864
71
906
88
393
918
210
840
612
981
599
163
105
533
627
455
901
340
821
135
847
90
718
422
359
119
291
657
436
541
671
300
964
929
388
357
847
951
550
459
932
149
975
390
34
602
197
288
943
18
423
790
460
494
564
171
965
855
828
401
748
499
701
713
781
442
70
628
393
972
440
677
122
767
67
508
369
265
148
664
283
572
806
744
418
723
915
383
578
96
137
679
947
190
392
728
984
814
709
729
787
501
407
261
268
474
769
989
739
918
6
375
842
812
471
612
535
738
347
466
186
484
145
486
27
889
214
11
703
275
741
490
128
148
751
748
974
873
738
66
143
744
441
337
908
912
949
796
2
296
262
189
133
759
675
160
648
241
171
351
517
264
194
997
764
297
746
739
522
484
805
665
580
598
354
840
510
303
636
512
952
898
53
85
9
728
245
657
970
768
361
839
33
555
188
797
852
934
888
727
770
693
744
702
291
99
543
153
754
179
18
706
430
71
791
439
152
36
97
474
805
458
665
190
365
853
339
569
788
228
296
910
273
41
613
565
492
156
70
246
687
88
953
117
512
96
557
16
485
6
490
290
816
155
832
181
8
171
750
148
751
399
59
25
792
24
942
284
532
12
530
219
453
835
337
317
932
246
333
417
252
175
59
420
330
243
601
690
414
703
191
166
102
602
543
246
626
485
530
510
497
413
729
302
248
418
619
532
16
304
301
620
479
360
40
161
603
993
852
370
697
395
888
151
997
431
398
975
268
928
485
117
693
566
420
294
337
391
826
353
696
128
326
527
840
366
689
796
360
893
518
409
288
406
560
637
189
310
964
809
591
801
926
284
367
346
578
56
90
405
762
138
885
88
665
77
454
354
873
166
599
391
927
887
149
488
876
690
150
840
499
741
993
426
26
361
124
956
769
566
713
531
704
950
619
370
28
426
76
901
944
676
645
872
563
146
712
792
837
862
984
688
604
978
466
982
691
943
290
460
509
4
992
214
954
963
936
982
741
12
236
38
688
881
910
604
27
974
396
216
836
380
257
792
358
75
126
49
18
417
510
880
421
854
446
375
169
382
710
911
394
946
949
83
179
211
687
558
185
435
127
373
815
384
166
526
459
292
575
830
709
437
710
482
643
508
858
813
890
920
76
284
866
377
367
45
940
406
955
125
841
82
498
657
466
16
535
278
661
110
460
370
548
522
853
543
30
63
356
920
983
784
204
201
161
924
598
101
682
553
578
524
636
429
533
454
445
68
84
106
530
544
829
430
66
34
974
448
97
330
368
432
115
925
633
628
201
231
82
883
136
660
759
772
89
292
579
887
712
663
345
243
208
174
673
626
560
999
75
657
330
443
89
797
720
74
777
921
657
859
805
794
520
916
918
961
209
497
200
273
161
546
516
721
72
542
347
633
541
422
642
223
218
84
372
290
158
150
212
168
361
369
962
233
285
232
547
846
730
747
120
243
645
988
964
70
882
311
55
424
86
697
999
656
133
372
946
644
874
510
812
235
879
126
469
517
358
16
715
88
115
835
331
761
176
647
183
58
959
238
834
397
287
834
53
773
206
999
417
432
510
581
667
741
707
488
610
65
856
326
506
324
513
189
85
689
837
620
100
148
858
934
545
497
768
598
270
326
949
687
758
811
620
778
905
327
618
515
745
475
193
603
799
707
792
236
748
981
208
848
129
66
135
26
915
255
976
186
582
926
225
692
737
198
470
994
525
89
510
622
916
703
225
67
762
370
655
863
351
863
63
833
281
198
859
548
454
836
734
388
114
312
80
203
510
903
198
387
344
708
10
260
763
235
679
878
605
686
741
309
549
804
142
182
3
353
730
809
541
817
197
655
481
277
211
343
180
409
730
876
469
92
488
584
680
167
462
637
853
203
946
754
8
440
288
363
794
19
172
687
836
721
695
317
998
906
12
531
667
742
407
136
187
896
720
867
415
535
504
621
738
451
727
98
243
16
461
389
35
985
77
223
706
772
540
57
30
904
940
697
646
347
185
833
595
905
52
363
440
557
984
531
360
711
981
603
727
795
345
114
780
774
337
839
546
229
248
928
133
188
625
132
535
810
317
483
67
370
846
860
927
830
743
639
893
724
594
973
519
939
87
652
713
425
491
611
6
739
891
140
279
516
272
814
678
589
649
98
959
495
958
238
677
53
229
923
777
824
896
649
115
335
301
181
760
144
792
767
235
684
259
514
552
531
680
583
472
330
681
784
177
991
374
207
44
604
130
173
780
378
822
895
713
123
76
826
267
221
945
854
257
204
368
161
87
401
744
559
731
777
343
260
768
718
819
164
322
301
338
454
679
512
349
745
636
778
571
255
351
868
462
960
72
830
121
511
231
218
70
314
995
766
927
116
484
746
280
158
48
970
612
79
483
313
824
471
443
747
78
146
967
540
106
391
723
228
902
306
446
973
973
441
91
900
909
575
998
542
85
398
864
49
478
699
714
654
170
158
754
601
656
721
141
763
113
216
991
367
523
789
692
496
582
783
748
492
710
746
386
795
145
250
196
975
950
911
981
472
421
735
73
77
809
567
840
922
783
183
641
658
324
334
154
907
469
254
751
180
353
137
327
850
387
524
825
337
787
806
162
208
894
235
637
703
154
830
977
290
365
618
948
690
304
455
949
774
709
700
954
62
189
281
264
576
157
89
266
944
248
428
504
142
15
142
845
170
972
174
460
689
792
760
379
97
215
328
871
277
380
177
691
569
458
956
498
616
397
764
912
645
544
417
139
911
559
336
433
883
510
245
572
655
6
304
752
221
984
975
850
365
152
542
286
962
498
784
578
895
900
843
893
444
260
32
356
819
369
141
54
231
387
626
886
393
282
638
966
267
965
817
984
117
359
270
80
857
55
10
104
955
853
997
752
113
30
460
284
751
601
338
982
988
317
869
733
599
507
700
218
473
517
202
942
876
473
374
85
880
385
189
187
590
187
291
56
569
751
340
320
705
31
302
693
348
171
779
299
31
479
518
856
996
720
798
224
545
173
309
777
910
850
965
852
389
256
908
958
360
249
278
417
632
933
462
980
456
241
631
487
720
149
343
716
222
494
292
767
19
953
897
281
804
862
133
545
470
42
504
182
643
134
599
275
419
62
607
876
303
238
363
376
388
59
444
610
905
737
729
276
690
626
557
846
840
42
392
663
84
248
845
79
734
797
354
154
211
313
30
866
552
393
242
940
804
687
902
709
424
983
337
466
962
894
665
154
937
409
817
373
657
15
453
391
164
159
545
375
473
927
241
377
673
836
317
477
523
571
539
299
906
876
765
220
123
782
375
60
191
544
785
200
911
590
592
75
750
489
802
575
417
396
952
90
232
621
919
755
544
458
54
802
687
171
23
810
306
750
222
497
294
359
698
206
950
642
633
52
483
436
979
252
184
931
694
416
904
614
171
800
424
577
602
463
100
977
273
406
727
847
256
374
207
954
580
157
948
565
561
431
353
540
684
537
823
730
953
727
344
476
879
121
405
481
584
506
459
210
264
538
57
520
912
616
826
844
125
126
410
686
558
115
226
594
653
401
324
958
128
21
787
359
142
192
841
78
50
652
288
315
542
698
187
455
314
366
299
792
492
61
478
402
177
57
996
182
458
673
492
939
694
279
650
188
472
491
266
874
495
907
189
38
605
729
493
271
95
144
63
939
558
894
342
87
303
338
269
761
363
113
52
409
393
703
949
217
546
216
91
394
475
633
432
80
362
277
703
809
773
767
748
331
661
90
418
964
781
39
77
496
153
482
906
898
537
855
115
435
423
206
829
898
839
261
330
553
890
34
714
664
153
463
347
166
905
118
482
686
509
559
183
14
393
441
912
930
648
27
366
424
586
547
674
777
809
357
683
51
391
397
67
896
860
767
62
766
885
544
804
746
455
339
761
849
132
673
131
781
53
849
205
991
397
231
768
558
588
451
961
331
849
29
227
61
796
289
179
33
833
984
779
641
675
540
842
808
566
973
941
971
175
498
962
572
729
82
482
318
886
443
649
735
824
877
148
972
518
328
5
704
664
137
345
339
29
187
499
947
512
440
918
687
938
232
611
668
315
445
338
201
241
987
288
65
216
436
38
87
116
395
791
780
884
488
472
914
675
971
861
539
764
132
579
702
364
542
722
31
988
60
584
581
400
872
646
616
661
36
703
777
784
846
910
668
334
734
582
361
57
796
901
821
928
832
524
644
374
598
676
714
659
260
647
59
485
646
27
498
682
83
627
818
929
537
839
616
623
773
977
681
569
230
502
849
414
378
494
141
977
522
855
988
134
503
47
971
149
426
469
183
509
97
354
791
986
193
407
610
966
736
291
536
319
145
737
733
876
583
874
205
105
82
193
592
937
240
563
438
18
33
621
528
130
327
671
116
520
430
726
487
518
369
375
837
867
112
923
743
696
797
948
801
231
493
745
168
85
309
606
103
342
580
983
824
907
654
940
428
436
19
267
955
740
642
144
607
754
67
702
802
217
2
956
448
495
701
969
580
10
575
684
704
507
19
528
767
26
821
195
462
840
814
769
932
456
914
892
562
333
594
365
550
949
321
351
444
22
320
377
385
247
413
89
755
432
618
522
458
439
69
273
631
883
42
915
691
956
807
253
290
402
618
192
351
291
543
147
314
863
524
51
111
937
140
218
370
110
92
180
901
161
453
884
396
496
800
87
804
607
692
446
361
663
991
64
954
534
212
620
750
88
671
213
26
164
783
748
274
875
280
176
388
734
60
784
582
212
223
738
820
915
537
533
578
528
598
533
414
810
505
164
250
177
729
628
341
512
376
967
387
657
143
775
743
556
911
677
768
134
415
940
50
304
474
980
832
72
865
599
234
371
763
836
900
845
465
593
357
841
560
97
850
56
872
945
964
784
622
84
918
390
25
320
46
851
301
231
923
166
830
509
889
945
345
789
790
810
734
148
4
295
597
206
703
469
504
667
605
126
751
524
868
128
196
267
979
497
498
254
16
328
115
257
273
813
399
416
623
133
916
979
780
513
186
483
982
690
502
588
168
606
464
389
734
12
8
714
862
506
320
878
834
436
135
459
249
534
875
224
20
143
204
800
656
742
284
991
784
138
931
304
744
395
45
479
759
53
545
621
911
217
499
97
653
987
557
254
873
784
479
893
928
35
46
936
129
330
927
265
820
858
921
565
605
967
396
365
372
293
338
284
510
838
381
516
177
290
770
402
427
601
296
707
988
342
643
117
24
923
382
844
133
304
761
739
623
509
456
347
802
794
631
313
984
365
181
513
655
951
916
82
905
564
789
893
906
785
11
282
708
745
478
841
401
592
932
376
101
740
724
904
887
355
569
871
720
750
385
728
53
653
162
958
217
304
852
475
89
215
757
149
960
587
990
362
179
275
738
633
15
814
537
902
170
458
126
242
208
863
322
613
516
485
572
733
789
424
208
230
639
317
379
951
256
721
665
788
996
756
421
12
570
310
266
92
768
392
335
328
255
657
941
771
494
513
856
635
289
416
865
280
733
596
232
342
318
249
130
314
5
903
678
928
213
297
20
981
689
707
309
297
717
250
420
211
116
629
847
405
45
64
38
131
661
622
473
331
871
955
645
229
858
676
509
71
325
529
404
14
589
65
663
306
667
436
869
783
65
68
541
110
133
579
241
146
201
66
477
424
21
474
653
231
502
162
654
827
44
58
194
633
123
857
291
143
293
160
926
710
229
467
821
714
398
414
212
951
481
689
376
854
163
381
86
666
896
740
845
940
151
39
925
626
897
216
769
542
728
696
253
957
515
426
23
266
840
235
217
673
276
945
528
440
327
966
458
223
706
303
515
857
343
792
484
592
8
605
486
736
653
91
46
169
869
421
787
710
9
4
735
285
302
615
725
629
581
535
204
288
191
719
497
886
511
333
478
871
939
316
959
592
760
357
113
629
779
900
691
788
257
427
425
559
42
151
540
624
38
744
264
229
815
113
115
326
447
945
549
738
262
860
330
22
218
796
3
349
48
695
489
305
122
914
216
516
417
108
492
456
852
756
37
667
870
153
345
669
450
246
407
64
107
737
438
677
533
442
26
934
137
867
239
611
781
808
479
551
916
972
7
121
728
396
140
950
901
838
619
352
84
378
416
191
468
207
868
353
649
246
287
138
113
879
749
247
687
228
798
955
552
157
428
633
553
569
583
455
759
555
159
843
285
575
387
753
134
607
107
783
854
394
921
319
273
22
566
312
603
716
620
155
873
48
140
779
969
724
586
728
631
745
924
916
672
311
22
807
918
129
590
124
523
864
444
149
238
362
461
193
79
433
349
304
482
489
435
803
565
21
884
548
766
808
817
791
119
839
598
389
320
540
866
195
756
662
696
995
24
158
188
455
943
889
112
425
731
547
581
648
569
465
549
687
273
718
478
744
909
428
485
229
969
351
776
725
365
473
72
390
983
613
197
926
854
309
704
585
857
285
586
778
102
135
465
375
853
296
471
762
724
308
343
45
12
119
123
377
592
195
119
575
160
317
854
15
978
558
952
187
843
538
965
945
25
783
672
230
431
495
344
155
803
687
553
167
159
676
545
751
871
16
679
32
333
533
399
664
443
351
851
286
890
169
583
267
304
607
498
87
102
842
594
257
530
147
425
689
823
322
792
47
338
823
431
24
708
830
688
151
181
891
789
423
60
372
691
716
979
189
803
433
31
398
691
913
545
116
954
369
790
99
768
128
922
199
152
983
29
840
134
210
732
924
986
144
648
677
213
980
866
16
413
249
766
104
163
312
572
117
33
362
568
801
843
491
352
995
474
381
188
960
943
272
236
929
768
237
958
981
217
824
350
630
426
116
87
589
780
11
58
813
726
627
966
921
470
318
916
296
51
456
608
347
728
845
628
497
434
587
830
651
763
180
633
189
297
72
130
429
436
541
243
514
520
561
435
342
232
351
638
283
160
598
982
888
795
611
737
229
198
920
880
961
100
866
151
749
938
633
179
726
174
774
240
46
687
675
388
919
379
26
555
539
977
537
779
772
148
517
2
346
789
234
660
889
452
811
991
743
796
522
469
971
648
710
17
335
737
406
607
116
784
162
655
113
51
787
886
200
304
240
898
445
474
558
334
279
721
677
22
518
551
491
841
199
553
210
887
291
968
846
759
105
8
767
218
411
554
104
611
210
696
862
655
171
420
341
802
142
371
824
12
922
667
853
474
221
415
713
864
384
559
975
489
919
742
707
330
648
164
294
858
860
156
865
383
928
207
185
422
578
361
434
852
29
639
678
602
55
391
818
791
302
793
280
221
888
339
552
536
855
198
747
68
354
612
451
282
171
989
705
101
350
491
306
379
131
984
333
538
728
151
329
30
945
961
252
833
300
156
721
508
354
468
576
708
433
379
342
956
368
47
58
71
891
364
802
22
700
136
912
428
287
241
459
584
202
711
769
854
867
491
362
573
311
290
633
96
670
975
53
390
375
111
813
266
827
616
640
527
104
552
956
743
793
415
328
347
478
449
201
697
940
916
270
604
558
903
700
580
230
753
971
605
216
784
871
43
752
863
571
856
415
879
952
208
294
280
907
124
729
461
821
22
377
443
978
287
346
678
868
576
784
191
534
0
327
757
44
80
621
967
288
36
846
240
597
492
872
504
616
954
965
437
328
694
232
306
334
578
336
202
506
120
393
392
121
720
150
517
152
771
484
441
159
682
33
756
174
906
613
790
212
578
579
540
625
811
198
959
741
534
513
599
655
906
992
128
978
142
997
131
265
481
924
424
515
309
533
689
567
146
831
779
76
410
671
701
573
869
12
314
404
525
265
411
783
257
891
762
751
888
245
368
721
521
793
236
830
326
925
398
824
756
529
900
518
201
954
91
70
966
757
826
844
22
237
627
280
128
741
383
368
986
752
89
859
897
325
690
223
602
440
399
710
969
299
228
522
253
671
945
572
428
771
768
451
361
395
83
841
489
466
210
827
570
651
687
467
329
729
42
931
169
441
642
490
93
222
365
698
894
310
270
322
433
390
125
146
138
560
988
627
379
550
806
949
201
493
417
530
574
459
814
95
253
456
586
346
30
303
44
924
965
667
599
398
57
76
545
195
637
885
174
16
435
981
317
636
826
734
519
401
546
333
496
799
141
434
497
171
89
893
448
54
560
399
453
970
827
350
517
464
235
692
832
670
25
150
658
203
236
177
604
782
510
453
933
3
239
782
527
329
676
327
383
236
726
188
558
553
538
76
370
773
120
554
443
497
704
454
700
293
631
657
75
494
110
361
497
349
143
376
30
171
703
414
760
429
602
318
335
493
746
57
266
218
611
62
715
668
516
768
961
499
425
36
993
535
749
843
236
245
219
619
416
923
33
176
704
987
847
391
480
593
448
99
812
412
161
879
80
29
647
41
528
72
429
874
959
531
717
548
776
288
167
544
563
552
73
620
891
920
11
724
865
812
823
677
576
336
557
656
365
204
697
245
629
478
119
588
9
188
136
137
477
655
682
392
207
755
12
99
27
376
823
892
188
646
922
116
334
831
772
51
35
821
296
16
299
768
605
661
956
93
798
785
749
832
178
956
939
190
55
966
566
230
211
106
228
133
574
562
964
346
613
351
519
262
368
171
382
325
832
338
418
982
476
167
815
654
476
754
196
883
73
115
114
284
573
342
769
148
257
85
494
870
436
14
484
156
185
866
481
369
557
252
351
33
771
518
687
247
273
235
131
698
350
597
334
924
939
103
72
196
540
918
419
976
284
255
485
821
122
318
542
679
570
894
64
342
412
103
941
37
338
424
735
41
21
421
965
313
524
389
861
64
659
632
393
296
888
230
469
10
548
12
41
471
906
457
165
670
560
106
60
250
883
795
291
904
569
608
569
93
349
431
510
9
63
255
305
951
485
126
313
385
138
706
856
396
515
21
67
75
480
479
326
363
626
969
619
195
578
189
289
927
620
151
288
35
406
945
339
243
72
4
628
210
63
485
607
578
858
26
654
338
505
332
53
131
301
673
327
231
862
968
159
834
119
447
221
877
393
560
472
465
917
452
27
980
937
634
558
148
12
564
838
517
896
892
1
550
565
328
781
427
296
292
613
767
740
834
996
485
747
820
302
664
272
329
644
562
964
202
710
976
119
548
846
15
440
847
917
5
175
51
784
823
343
749
942
435
584
290
272
331
110
574
347
382
904
991
944
868
545
6
196
664
555
42
32
347
241
301
705
416
352
489
591
48
239
885
483
175
175
756
858
637
682
205
20
586
196
316
806
93
675
3
110
230
397
142
929
639
443
634
407
148
476
351
196
715
236
31
242
412
139
100
401
822
305
421
760
853
90
567
298
765
922
408
347
319
550
276
310
346
263
70
846
739
421
42
806
657
425
48
421
565
500
823
739
157
596
499
362
38
66
660
155
340
421
502
660
323
131
322
669
746
392
515
485
165
909
643
175
335
43
948
252
895
123
343
52
72
842
414
110
261
426
266
601
847
120
613
171
603
288
192
349
32
60
186
550
969
181
725
656
224
673
260
119
149
603
523
221
798
289
331
411
716
949
364
915
422
330
438
377
970
631
727
2
43
265
552
364
447
629
373
23
655
633
495
804
589
18
25
739
308
708
502
376
10
866
643
432
548
82
809
518
65
888
873
108
506
425
824
305
407
197
328
62
183
175
866
772
194
243
863
854
951
365
582
961
583
225
745
484
659
555
2
724
795
227
184
301
5
9
606
412
558
287
474
741
462
692
865
656
935
728
862
886
445
796
200
381
22
945
865
681
852
219
758
648
447
294
949
452
655
556
216
214
843
690
955
305
382
821
314
669
549
528
555
347
325
107
728
347
53
945
380
905
516
490
553
963
785
855
767
440
411
983
654
606
25
962
911
407
783
577
76
684
106
984
31
783
443
111
482
496
56
214
754
573
705
659
888
842
514
8
634
277
991
641
883
17
603
147
776
386
724
205
422
182
541
454
965
984
917
447
833
974
14
939
899
719
950
787
913
465
795
547
94
139
540
978
508
143
125
284
881
201
841
304
384
382
110
701
719
27
501
552
353
515
843
252
586
793
392
499
258
539
398
353
678
939
683
186
82
160
823
316
361
16
972
97
399
82
799
470
461
652
22
815
519
217
419
105
10
811
956
621
703
354
326
381
645
9
920
728
169
95
396
882
111
368
980
862
802
131
332
263
783
706
430
302
923
202
759
934
365
715
907
68
421
233
802
67
242
722
147
763
169
895
645
280
263
977
143
417
108
827
680
243
534
463
897
809
665
656
743
30
723
650
451
497
235
253
916
477
975
63
592
144
958
590
776
573
567
271
990
28
99
22
271
633
837
521
442
854
529
538
885
253
540
688
102
776
941
18
605
268
433
198
764
391
140
540
316
707
812
306
87
263
328
359
896
518
232
690
372
761
580
609
14
121
297
468
249
238
486
854
506
919
404
622
662
544
163
978
604
327
636
691
590
317
402
838
835
634
880
207
396
461
817
762
934
114
231
183
705
69
37
563
341
794
186
355
338
701
686
294
28
322
986
970
639
740
160
826
375
40
34
123
853
851
237
139
317
820
322
22
890
712
586
583
506
772
938
196
825
624
491
205
299
829
175
290
569
687
117
296
79
151
419
933
354
657
72
671
477
747
46
719
459
632
654
317
756
593
513
581
569
356
786
868
185
313
511
755
0
628
51
431
779
823
364
133
480
789
156
309
888
202
381
699
186
35
368
942
628
881
875
550
590
661
770
775
326
281
530
678
909
934
110
40
757
826
173
589
967
682
898
855
884
631
906
71
667
274
365
647
508
241
197
98
254
320
873
581
601
756
259
863
690
369
903
799
548
429
388
515
111
638
371
347
270
277
418
937
552
784
584
412
377
134
510
631
454
383
564
407
139
824
270
181
545
526
980
93
955
720
609
418
711
332
765
981
961
536
270
865
672
206
277
49
340
787
32
146
523
597
906
14
773
176
548
670
54
880
764
9
601
725
779
312
409
545
645
370
433
915
588
105
473
865
506
166
5
538
664
528
487
570
894
260
99
442
931
153
323
47
515
924
124
294
588
533
191
585
255
624
852
843
81
325
61
587
491
66
126
156
946
613
78
192
226
177
635
509
331
958
556
198
234
32
492
174
565
36
759
172
660
611
368
742
288
429
681
132
847
159
640
145
125
718
337
351
896
324
860
579
282
768
777
868
800
621
394
717
9
153
889
670
116
609
764
405
390
797
537
237
957
529
734
82
247
72
785
495
396
645
426
31
765
203
251
565
177
646
634
186
151
875
208
268
485
324
25
875
474
914
465
431
443
199
865
42
623
650
538
372
295
964
755
60
520
6
977
49
652
611
235
156
486
796
424
323
472
449
199
946
715
664
729
158
215
594
200
839
244
738
211
539
55
318
951
575
324
280
976
329
243
563
485
82
359
261
405
184
62
604
130
777
620
860
935
836
454
487
27
51
578
590
942
633
908
894
560
584
526
536
913
770
99
750
852
811
11
257
995
73
214
477
202
834
689
137
22
496
625
401
547
203
991
489
188
251
735
748
836
262
636
101
32
735
852
236
898
215
493
245
641
59
723
843
246
764
333
268
260
310
22
159
865
13
649
53
265
736
153
453
998
789
554
382
876
758
618
775
326
464
372
319
523
95
514
121
860
847
742
472
509
764
632
374
129
633
427
746
369
580
199
720
721
106
102
598
864
73
725
542
889
97
861
764
545
376
886
757
575
628
229
85
744
213
811
873
846
239
620
568
171
819
288
245
925
742
195
142
167
920
684
56
369
898
173
266
626
59
23
553
39
605
990
783
818
802
656
17
393
628
937
916
448
225
161
725
319
356
219
487
628
256
895
350
154
68
616
132
127
640
685
518
597
676
653
767
478
662
784
871
290
73
787
90
650
301
168
970
657
387
809
638
643
704
988
149
773
604
281
252
596
967
123
193
643
776
961
473
438
97
344
729
171
483
819
821
136
987
143
794
727
952
784
370
9
772
872
134
376
153
386
973
472
509
166
467
638
127
940
76
577
636
157
748
472
977
921
608
316
65
754
43
369
538
766
730
310
990
864
39
495
251
12
968
112
530
787
750
10
728
179
587
716
336
335
188
665
608
797
982
25
903
377
395
442
495
125
104
485
990
143
333
593
155
301
57
38
440
160
48
168
339
635
237
675
322
425
341
930
574
675
308
478
404
703
920
900
180
24
737
522
520
70
467
675
723
525
65
164
685
113
684
24
100
921
51
774
699
744
57
273
419
365
103
176
420
375
428
600
400
165
475
920
588
942
947
663
467
13
179
504
478
864
880
931
137
932
705
188
676
762
462
448
127
917
624
547
293
404
500
45
569
975
317
509
269
264
525
89
629
704
593
460
920
474
391
58
758
96
598
786
859
60
234
338
978
210
238
623
614
738
668
536
65
985
397
334
249
922
423
231
627
369
691
899
195
434
957
953
530
556
91
741
968
326
432
298
888
670
921
855
408
589
743
825
574
492
159
176
415
935
759
394
656
802
293
851
236
603
156
118
511
247
860
831
925
292
482
166
314
755
21
722
345
116
899
271
608
58
799
375
345
910
121
1
712
415
852
300
370
360
419
881
608
631
64
533
923
546
699
589
302
72
663
999
188
562
622
149
972
774
524
318
684
646
671
397
413
876
697
783
236
116
16
844
747
80
730
22
979
781
963
633
854
626
632
394
188
606
895
161
380
420
831
65
418
502
462
183
378
511
318
967
980
334
811
79
766
893
454
97
675
417
730
881
44
362
627
584
969
523
745
701
295
928
766
713
431
580
248
161
92
566
128
424
252
292
503
370
185
309
468
212
727
198
93
771
913
721
707
234
244
453
935
539
381
54
604
164
634
204
326
78
770
454
502
374
98
358
744
284
667
564
848
394
763
942
517
28
15
225
614
611
30
901
502
763
955
458
928
942
662
254
20
784
60
523
158
511
233
902
147
900
819
995
647
934
289
164
962
304
741
928
267
771
829
769
535
137
227
815
79
889
69
451
673
481
326
183
344
559
438
491
460
257
487
107
191
776
623
505
433
717
433
700
488
614
470
375
103
697
190
182
939
611
634
964
445
960
148
789
872
586
281
684
843
120
143
34
248
766
539
681
835
324
382
676
938
204
51
42
253
594
576
544
557
562
509
354
875
657
144
747
243
777
431
438
249
574
472
497
692
363
531
528
687
913
204
977
469
607
19
74
553
948
619
111
510
128
465
385
137
961
132
380
90
915
818
691
841
642
189
534
5
720
414
44
985
618
21
806
577
41
880
131
989
499
594
499
979
59
237
116
373
721
496
815
637
666
507
478
660
696
364
665
768
778
709
753
748
731
559
326
124
791
809
465
291
403
316
270
814
553
387
187
275
235
3
264
254
862
94
914
558
459
932
678
589
993
431
338
76
342
16
200
133
825
17
776
580
334
399
394
239
786
934
866
373
289
130
979
151
225
894
61
36
826
739
625
819
170
315
896
864
331
448
349
508
466
126
88
152
525
835
391
663
769
258
388
58
740
368
209
965
262
270
353
440
9
979
611
531
294
859
747
978
660
96
486
478
222
927
630
99
762
21
762
883
279
151
941
372
871
502
337
485
124
43
925
485
22
888
16
668
100
115
646
760
211
485
238
434
764
220
885
526
241
648
761
873
151
54
245
374
556
934
859
680
977
136
517
351
24
533
372
476
648
370
588
211
855
826
997
619
398
883
497
640
883
258
865
386
312
110
760
220
44
619
252
374
755
769
77
131
654
449
608
654
820
196
866
27
375
863
999
773
98
848
413
981
459
278
367
123
740
127
344
137
746
948
511
853
718
940
985
372
390
593
379
562
789
245
941
164
460
940
938
559
141
703
540
600
334
260
723
74
387
419
211
486
368
74
339
86
15
676
810
405
269
189
319
411
786
260
575
247
553
865
806
694
921
698
646
255
958
369
329
698
141
541
536
509
967
227
947
982
904
109
739
525
299
58
936
437
671
864
36
576
729
194
622
2
893
268
257
203
989
587
253
130
480
789
991
447
369
938
430
273
400
521
150
51
580
87
488
603
303
525
179
384
719
801
387
964
421
644
168
762
583
773
245
63
563
236
863
284
527
645
909
927
166
59
978
98
498
818
701
801
343
232
186
415
385
573
379
158
569
899
921
153
673
166
568
588
754
783
872
633
428
781
912
947
840
242
45
339
61
99
492
756
683
678
171
69
603
903
579
525
154
500
678
827
18
598
415
773
382
287
758
162
420
671
109
261
913
507
952
974
958
796
83
641
827
606
62
430
509
642
955
664
494
985
843
513
584
611
638
318
898
396
480
671
67
942
284
333
801
236
307
759
384
742
752
211
349
167
642
210
161
949
226
7
287
422
520
223
33
510
541
283
259
21
954
678
963
238
11
764
826
671
875
211
413
980
422
114
147
416
677
660
366
903
667
5
325
540
228
710
50
769
994
309
142
948
340
458
187
351
574
365
22
450
576
788
430
999
902
929
415
579
589
133
835
256
490
512
796
718
223
199
839
217
860
982
165
200
440
704
552
14
70
926
464
998
714
246
349
617
527
117
548
116
250
383
725
93
896
521
811
471
72
651
688
933
633
205
133
425
262
37
439
684
964
256
682
678
854
32
647
382
149
548
498
751
283
575
844
531
97
8
2
521
659
690
454
644
248
940
69
510
977
860
194
293
116
228
324
323
260
971
705
761
871
555
513
155
131
709
686
580
717
689
101
728
731
556
372
979
848
793
841
825
654
35
471
122
616
795
445
876
766
150
990
990
58
855
145
189
564
831
769
634
520
222
362
252
130
735
583
978
880
425
156
534
812
627
657
428
422
454
657
540
605
647
530
663
502
675
204
418
507
325
52
379
547
