354
637
341
254
778
156
54
355
913
929
607
813
160
922
693
519
552
222
79
907
801
920
538
50
917
513
716
223
730
614
551
85
252
892
691
382
400
97
737
665
26
697
830
539
619
524
58
171
98
137
430
899
409
320
301
326
185
369
901
916
984
452
353
236
696
396
970
448
493
708
113
871
405
944
410
24
820
820
547
918
309
329
169
718
1
822
396
187
192
649
103
176
453
808
764
501
204
734
301
697
794
767
920
199
711
331
575
883
503
474
801
813
155
322
883
157
144
632
696
336
281
151
864
87
959
628
588
163
715
890
212
509
657
132
61
720
815
636
955
319
463
108
132
618
430
15
127
574
999
175
263
281
326
127
720
285
108
308
800
823
550
12
332
559
497
393
631
312
382
586
631
845
694
115
815
124
483
295
51
482
470
314
115
797
793
835
434
253
496
235
76
46
599
761
958
96
506
589
761
888
176
744
85
870
212
253
347
695
900
398
529
370
64
997
519
209
832
306
463
680
541
539
79
492
652
37
941
159
626
702
399
802
798
837
25
10
90
372
705
342
770
587
64
186
584
584
395
768
890
858
449
783
398
880
275
402
917
568
561
895
270
313
698
421
150
75
431
592
447
489
934
569
76
998
755
12
582
150
132
824
9
933
959
759
813
587
161
730
155
75
626
778
388
676
199
538
103
630
130
550
471
64
119
899
62
226
911
997
376
44
173
737
977
485
496
791
72
10
873
579
85
851
357
473
879
908
363
982
891
845
884
362
909
355
262
323
581
525
672
958
921
198
695
899
683
544
42
755
554
267
686
991
119
44
816
350
304
531
685
195
376
569
910
285
925
524
960
506
49
633
816
971
183
864
222
866
760
616
973
666
883
659
657
354
55
825
705
360
356
742
907
732
311
169
369
236
693
329
95
95
314
263
418
497
479
992
715
239
608
688
905
843
348
914
198
403
739
255
115
95
997
375
179
308
544
548
897
590
230
344
37
896
959
455
746
439
799
461
678
759
150
936
602
850
850
800
605
942
407
721
389
404
96
569
65
992
117
314
582
699
10
619
596
969
426
342
760
225
155
791
984
305
727
587
507
929
739
113
223
499
186
613
903
634
182
320
626
651
986
209
703
348
180
299
318
607
993
430
832
148
221
169
806
300
108
313
582
199
778
805
698
964
418
954
598
952
274
577
956
613
786
11
961
966
310
631
573
655
62
758
803
283
279
961
936
387
275
518
938
405
323
637
722
94
591
320
398
217
897
706
830
35
717
144
354
379
775
279
34
189
389
190
825
668
151
761
407
778
279
346
536
602
335
258
48
926
578
799
143
828
505
326
215
223
470
569
954
597
849
989
787
590
531
612
259
682
725
18
813
4
716
349
958
51
607
7
977
537
158
473
717
663
151
285
238
973
854
193
570
55
534
709
646
65
673
257
99
398
275
264
754
992
613
713
395
572
72
725
462
230
550
531
245
701
816
484
674
671
677
596
78
211
658
76
628
683
333
727
434
961
344
188
305
309
901
700
882
325
425
696
907
975
227
153
28
44
637
54
67
666
651
497
877
661
574
857
344
259
936
778
220
280
967
525
590
220
578
472
898
3
520
805
331
747
958
359
143
947
414
562
613
417
412
490
430
986
699
774
597
636
905
818
916
224
343
506
796
273
330
694
277
850
852
960
950
810
671
445
110
437
360
723
854
772
214
636
110
265
763
707
901
668
877
818
244
573
676
392
846
7
439
123
209
291
435
511
453
107
309
563
544
21
287
751
145
853
387
255
118
150
314
20
170
192
190
766
765
218
159
611
577
598
87
787
889
874
650
694
333
311
258
878
332
545
981
477
750
720
84
868
223
751
240
745
943
782
512
60
1
671
23
578
621
462
717
862
337
720
556
670
383
814
900
716
711
233
545
461
954
982
682
529
733
274
274
28
57
786
88
410
809
463
340
430
926
410
292
615
130
201
637
513
15
890
581
79
123
479
892
429
461
574
958
194
201
233
222
610
371
662
20
533
477
712
315
755
122
960
370
252
161
360
118
528
250
51
607
373
530
500
803
991
426
113
185
627
346
759
237
70
773
609
603
251
322
918
358
444
230
81
49
391
441
167
920
691
218
527
416
749
379
571
740
806
685
278
433
383
389
23
453
515
632
408
118
954
679
476
399
909
557
448
301
998
967
573
41
537
452
458
638
832
29
731
990
714
361
775
98
750
798
903
265
431
312
735
737
991
212
488
252
769
936
905
120
255
478
161
793
283
971
783
467
1
514
457
67
875
232
165
626
383
421
243
166
733
331
903
76
543
392
328
664
680
234
784
288
712
298
433
347
269
216
814
622
731
271
690
958
856
207
584
239
628
180
757
713
511
12
789
406
404
118
70
437
352
207
725
416
857
510
764
478
726
930
101
809
202
143
768
410
702
704
1
331
236
758
44
747
770
186
505
527
304
928
964
8
135
41
776
344
551
892
822
629
823
275
439
25
418
559
787
121
263
788
804
500
546
200
599
668
386
105
195
42
33
511
50
520
904
179
864
807
71
686
437
894
962
228
271
732
787
58
205
50
198
361
902
744
562
502
765
300
959
960
343
992
824
745
864
728
924
728
536
348
766
325
594
80
905
866
165
692
276
370
94
475
84
349
571
998
851
336
298
162
649
993
506
473
91
370
201
367
98
89
715
216
766
662
297
671
528
462
715
156
184
810
983
268
159
907
266
362
243
565
876
244
910
382
717
353
752
271
721
202
712
788
418
479
450
715
150
330
177
866
839
362
28
822
982
539
81
249
253
325
166
129
921
76
511
639
782
615
262
503
817
974
643
235
805
446
303
956
128
832
174
967
194
554
142
177
93
223
778
698
900
944
827
822
372
690
813
154
305
75
9
474
401
5
709
207
451
12
515
579
845
689
899
391
595
41
920
688
264
698
738
517
994
917
339
367
607
504
873
264
931
883
738
332
240
799
891
691
812
406
622
9
447
521
752
42
914
673
82
179
723
820
48
70
737
739
437
696
243
662
960
174
545
50
858
137
850
750
180
14
508
803
23
956
676
127
350
591
152
433
122
876
605
170
946
343
909
735
391
504
397
704
30
295
754
888
432
604
990
613
618
499
768
993
807
444
121
157
387
273
942
509
501
548
679
799
243
940
534
634
444
284
338
826
579
93
67
363
49
57
328
20
908
96
13
67
893
134
577
280
760
519
790
261
67
821
61
662
114
947
297
910
231
987
737
162
432
804
526
482
213
854
502
474
303
867
541
196
354
118
828
114
990
970
727
409
144
140
72
258
440
721
168
671
708
905
186
493
61
712
327
275
918
829
101
221
48
642
769
402
113
598
868
103
920
948
512
64
88
584
322
880
305
843
552
366
100
738
211
162
802
538
789
720
367
890
942
767
884
63
170
997
661
390
100
582
338
965
646
779
901
321
659
559
164
563
925
264
301
136
778
455
26
567
176
745
809
470
512
694
533
34
43
547
425
496
129
763
461
127
542
362
800
554
921
964
117
198
581
419
686
359
226
712
279
402
457
88
224
970
134
758
4
178
305
429
674
786
545
135
265
439
849
66
993
771
382
111
321
963
882
8
323
108
720
602
863
178
42
87
500
177
197
504
707
854
286
381
992
183
868
258
622
717
676
968
840
58
79
162
374
313
522
49
421
242
651
636
772
45
724
272
574
921
129
281
128
767
662
120
950
882
730
924
952
406
892
792
817
323
306
191
636
828
240
410
423
243
46
547
640
122
172
215
396
301
496
524
420
511
996
722
745
727
998
697
485
243
842
302
566
500
845
555
329
437
317
104
32
715
651
673
838
823
240
234
476
736
110
248
599
106
970
345
833
969
42
319
564
236
973
130
737
171
37
418
608
354
522
641
70
525
666
260
701
906
846
177
994
956
426
594
414
748
939
248
69
333
919
633
922
244
116
659
415
153
429
24
860
951
17
282
828
683
542
529
941
388
59
935
696
837
529
110
585
820
710
7
506
629
640
428
226
756
439
641
262
868
665
122
171
34
756
999
69
298
881
10
38
940
946
734
777
475
196
714
648
907
721
154
888
362
934
114
470
373
756
732
593
773
206
764
808
314
115
229
964
996
240
2
288
186
88
417
13
285
132
661
192
853
167
80
567
453
547
38
826
303
122
771
428
681
887
588
995
3
818
960
351
58
962
992
244
403
409
609
688
541
623
232
395
790
664
314
244
211
352
422
514
827
546
295
508
433
883
503
436
701
815
140
759
130
132
355
533
541
317
573
435
940
805
182
82
469
496
326
33
849
101
899
676
647
194
536
80
78
39
869
131
207
361
243
337
493
950
870
386
267
443
821
207
600
3
290
421
852
968
454
53
421
354
81
420
900
617
853
978
8
722
110
215
435
705
552
928
655
774
666
923
569
840
482
169
195
124
943
47
445
397
100
866
103
181
287
4
150
140
334
159
214
796
374
649
501
279
929
157
405
947
432
975
787
914
496
983
39
439
30
484
189
483
702
292
16
341
648
167
833
983
326
47
131
52
48
633
683
329
142
89
277
926
64
416
840
912
399
231
352
782
67
893
617
122
185
633
463
186
800
297
521
478
696
652
531
745
637
566
426
131
655
703
57
71
120
250
984
871
481
688
653
901
581
270
23
118
256
486
304
56
135
177
535
832
830
418
577
819
984
355
951
992
59
8
63
531
258
399
402
92
87
408
345
20
30
368
139
286
206
795
695
342
973
582
174
155
0
103
974
336
458
277
680
869
638
744
400
248
495
155
340
935
915
685
955
945
405
446
232
964
242
279
306
215
861
832
722
861
287
696
549
97
326
230
319
964
326
71
212
173
226
905
108
141
590
64
439
348
510
671
312
104
950
970
671
163
154
393
376
441
442
925
890
768
507
209
732
185
281
944
359
859
849
819
1
792
883
440
492
746
463
156
202
765
126
874
928
280
267
304
73
61
581
963
829
441
173
913
626
806
210
337
665
411
157
666
555
392
458
47
490
273
555
693
390
681
567
670
313
186
326
386
600
908
350
429
701
875
695
327
681
257
17
346
668
174
365
576
566
175
975
57
449
531
102
191
212
669
862
526
207
188
264
807
448
614
589
149
841
636
829
874
893
846
221
913
20
938
489
938
465
465
347
266
996
449
458
208
470
320
86
30
860
351
189
309
317
130
458
159
766
287
33
659
133
606
573
505
896
62
796
362
527
143
628
875
945
86
84
767
758
522
797
619
873
339
928
191
469
386
350
236
26
735
247
511
694
172
17
590
587
813
952
466
308
581
342
605
667
778
373
426
300
522
45
174
861
325
365
683
711
67
271
89
154
518
601
848
43
970
439
630
135
391
96
443
324
790
401
344
568
774
122
869
648
519
395
862
844
112
545
907
179
816
997
685
686
950
534
729
920
325
711
55
68
160
498
393
950
251
737
871
377
211
740
26
730
487
240
926
599
137
185
778
953
182
815
991
132
349
73
52
674
784
459
743
296
310
488
247
561
577
118
939
788
210
965
870
697
557
796
296
694
333
426
999
516
241
990
0
943
415
405
617
200
864
712
496
174
200
95
88
777
565
27
917
775
344
787
824
901
935
120
595
269
898
594
137
140
936
489
83
352
894
52
904
111
117
752
637
317
848
725
447
413
752
364
541
448
504
365
349
439
838
944
60
736
538
197
228
475
39
663
179
933
68
83
396
185
835
386
854
35
111
301
801
216
18
342
664
522
59
366
313
249
310
726
338
201
275
918
28
314
582
207
600
2
642
996
187
477
382
393
513
846
47
314
414
65
8
78
939
419
796
604
669
459
330
7
660
606
925
40
920
859
599
520
861
241
869
400
70
603
146
583
449
193
249
863
258
609
294
549
29
90
153
698
549
484
57
561
442
982
953
362
194
552
235
55
793
456
808
864
59
954
799
509
147
401
724
757
10
370
306
39
461
459
737
362
295
794
276
737
129
229
452
323
134
687
730
279
495
538
495
554
844
295
415
343
48
140
100
58
510
758
98
323
570
187
38
865
334
666
603
815
895
407
490
381
446
220
661
941
111
156
495
955
803
911
299
851
403
751
910
265
510
360
589
80
899
979
945
585
645
900
400
892
307
242
274
753
463
935
694
574
91
542
881
895
453
180
98
208
284
8
473
794
720
414
874
972
393
171
557
390
424
310
635
731
552
909
837
367
196
883
293
639
425
175
886
230
707
985
790
991
345
264
137
66
30
11
390
424
535
299
166
959
609
801
42
514
62
231
233
258
115
527
898
892
702
136
475
761
121
265
753
467
881
890
885
912
254
275
688
789
926
206
100
888
8
142
402
422
374
987
33
841
514
931
733
568
419
560
330
541
178
435
360
411
325
597
323
931
224
363
72
150
570
172
38
930
315
792
352
41
780
385
882
294
668
967
863
88
528
193
981
58
628
341
469
305
938
145
589
162
508
661
664
78
834
703
360
501
495
713
542
275
450
776
570
119
743
785
559
623
330
540
681
310
233
151
615
523
296
556
37
804
218
701
235
404
404
595
905
900
660
799
175
111
575
97
582
318
882
493
942
212
385
623
522
618
126
490
493
774
46
530
931
616
583
166
20
988
113
925
240
126
724
767
237
299
865
171
970
99
664
912
664
49
887
538
19
14
380
512
788
779
394
71
395
977
237
416
965
703
693
557
829
770
325
418
421
542
589
391
993
605
655
9
654
543
548
25
909
280
537
49
59
931
121
807
908
710
575
226
413
268
135
594
38
460
12
812
354
953
203
348
910
859
357
916
754
257
941
663
538
478
64
949
409
185
756
670
248
331
248
661
952
383
608
342
196
972
154
550
278
710
250
188
921
960
105
675
217
46
690
107
525
106
409
286
292
517
308
540
201
556
553
153
292
513
495
488
486
2
38
764
64
641
952
985
601
409
12
170
456
702
630
333
160
39
619
452
908
280
344
109
188
250
262
480
763
110
968
601
464
359
365
528
0
670
513
601
79
525
123
535
579
753
220
739
144
192
544
53
472
240
162
660
842
425
141
958
887
109
559
351
468
277
231
820
947
744
421
378
621
545
266
552
650
486
643
795
678
539
848
150
132
10
163
326
787
304
284
674
765
196
377
586
473
608
406
772
704
828
502
677
725
768
581
375
607
577
170
285
116
18
788
600
381
951
927
168
607
211
195
372
759
924
310
232
885
717
356
941
897
859
619
622
979
552
349
586
129
872
872
598
242
12
198
623
315
125
144
922
689
691
646
448
967
957
33
852
674
389
794
923
600
765
545
580
669
246
166
799
118
390
397
361
402
947
984
717
425
480
991
114
171
638
914
139
947
299
343
973
41
489
896
641
606
793
573
276
39
740
427
158
482
824
519
885
123
855
954
548
336
298
14
507
288
929
998
235
228
342
560
269
183
456
263
790
249
836
66
640
928
493
798
411
669
317
648
792
525
954
693
861
252
707
720
540
636
719
127
217
413
687
838
948
495
453
738
96
642
156
737
570
649
535
333
670
205
981
815
730
288
508
943
892
215
663
433
204
734
912
773
499
952
963
448
447
417
186
544
59
343
633
981
344
168
315
367
725
648
182
807
936
690
750
829
905
766
614
461
852
878
234
352
830
198
800
630
615
338
526
26
33
159
7
730
679
674
97
405
323
279
564
611
969
667
792
226
433
758
688
285
637
274
989
819
472
141
449
439
832
975
465
865
134
825
947
814
499
44
571
174
675
135
786
644
802
930
223
587
689
263
225
326
537
214
145
10
356
595
801
188
922
619
405
57
444
353
871
943
749
794
470
425
929
256
69
84
186
644
671
227
907
248
553
445
463
51
807
171
998
960
711
920
579
116
977
23
469
200
319
219
994
789
996
276
397
65
360
935
62
383
163
321
632
68
118
447
119
925
618
469
238
329
390
817
445
719
841
267
272
512
838
618
653
834
894
50
251
606
337
665
342
500
987
974
569
105
773
40
383
391
510
621
72
252
438
869
971
631
488
595
495
326
214
148
512
460
550
116
67
240
781
761
740
120
87
661
226
860
54
961
603
564
582
675
816
372
544
139
4
33
735
851
711
301
352
576
761
902
692
180
142
825
941
235
298
28
248
524
240
302
837
843
218
419
518
34
791
63
526
147
448
613
351
159
914
703
735
675
605
779
208
100
957
149
687
255
530
935
131
770
590
968
614
808
387
484
195
530
899
721
30
347
334
381
507
600
84
594
627
41
374
835
141
683
985
180
938
867
116
69
637
706
37
603
866
776
88
61
306
987
782
336
687
468
717
194
420
153
140
48
195
866
883
688
549
220
869
487
87
337
556
77
395
945
32
261
721
472
323
28
460
457
716
147
278
786
693
698
939
185
746
486
52
982
175
601
202
396
441
642
733
349
71
128
295
103
741
16
576
64
396
388
874
465
887
152
251
932
202
542
117
949
381
169
283
556
123
485
952
564
479
37
913
550
517
208
6
258
577
582
675
325
322
549
790
209
53
393
141
255
288
610
556
669
780
839
577
903
677
881
819
156
918
732
707
435
293
713
693
222
647
368
547
969
269
690
530
322
83
23
930
723
633
486
744
765
678
321
20
355
554
839
511
472
924
570
259
569
635
953
791
282
673
690
603
295
380
485
969
816
508
899
539
494
738
636
259
768
957
632
123
512
471
986
336
747
557
596
316
544
901
459
827
926
150
782
573
530
268
543
698
128
794
590
974
532
226
234
300
535
218
775
399
41
762
88
789
671
684
457
215
937
917
394
215
67
529
789
949
149
332
0
277
126
590
252
11
168
838
663
703
56
439
455
97
553
543
238
224
227
696
791
516
613
538
731
32
67
520
333
216
204
333
845
331
923
97
342
91
287
5
147
695
796
602
145
349
145
383
925
724
431
69
240
396
607
971
428
26
844
762
594
48
95
439
731
371
889
73
814
176
431
961
224
579
563
369
929
60
104
206
784
536
275
24
932
234
348
713
612
544
827
206
592
922
998
324
645
887
749
460
415
532
773
639
112
337
360
393
397
817
599
534
705
227
558
637
813
258
702
426
802
529
984
747
804
982
71
449
869
172
261
637
705
35
276
169
724
989
562
473
806
161
7
511
740
918
500
554
176
555
332
331
84
668
78
240
651
501
42
872
25
303
509
730
690
138
899
414
127
813
888
285
975
247
148
67
165
648
973
694
203
305
377
640
974
807
232
977
308
274
849
333
930
711
416
620
849
667
387
328
481
627
613
808
874
761
875
392
761
201
86
317
858
815
309
184
622
541
161
282
816
363
967
746
74
383
366
923
403
753
251
236
380
216
44
607
329
271
999
90
472
437
759
331
252
68
515
874
610
29
156
426
392
475
524
466
859
890
741
614
996
344
850
728
560
246
687
889
869
686
331
342
475
91
25
727
159
892
953
769
273
461
547
665
937
71
483
148
314
224
114
662
568
964
742
480
562
430
369
431
468
53
125
944
144
150
23
655
395
329
425
668
142
324
686
431
396
169
931
710
746
45
372
314
9
114
147
571
896
868
355
365
921
480
661
65
983
36
73
378
717
498
398
860
822
84
643
570
606
575
280
352
620
4
18
982
471
165
905
719
386
260
84
307
741
97
725
76
486
798
454
203
648
204
63
822
641
707
393
599
634
25
951
254
30
321
236
853
839
494
572
225
754
9
884
847
458
609
923
944
407
729
148
407
934
563
230
927
622
975
526
256
0
829
863
382
150
99
235
341
593
160
566
700
169
803
547
627
412
471
572
172
200
72
579
486
987
161
413
610
136
291
218
137
120
81
519
271
533
107
964
126
267
883
178
788
686
726
767
98
549
691
622
101
763
554
940
751
715
705
713
852
997
931
341
117
13
212
740
546
319
705
24
938
588
203
726
274
281
494
724
182
185
347
635
301
901
575
404
968
633
117
172
630
48
513
99
61
726
840
959
397
897
984
688
837
539
414
111
172
260
187
354
798
886
341
451
139
269
855
108
902
972
280
884
372
146
983
434
872
175
745
621
424
729
309
261
620
76
372
792
688
912
498
486
798
840
289
938
461
144
398
363
468
678
599
841
176
934
627
48
110
372
22
534
454
331
796
74
759
520
219
448
784
717
934
583
909
576
873
370
720
271
85
541
301
684
382
478
971
361
878
433
733
900
967
539
584
115
966
343
988
185
791
772
254
78
707
516
6
580
886
726
203
324
267
857
360
1
687
331
362
917
764
448
170
84
987
754
551
305
449
539
490
593
664
97
23
371
613
29
304
499
107
859
175
727
716
536
728
755
219
443
673
984
243
843
420
582
949
971
888
750
863
730
343
527
827
718
250
440
747
906
292
855
766
467
582
834
355
662
590
575
457
615
911
700
458
683
283
759
654
171
509
869
901
205
396
729
923
999
521
23
905
813
878
671
633
812
858
988
474
448
915
932
63
178
984
873
861
267
984
868
438
845
737
692
50
486
773
326
485
294
349
742
108
227
414
741
391
272
81
217
72
997
501
487
527
486
712
389
753
696
257
544
541
346
588
592
832
361
918
669
655
619
412
115
846
178
208
589
450
290
806
874
639
308
361
166
794
73
907
899
121
516
795
662
863
383
606
47
744
876
717
752
495
481
867
693
659
428
282
461
718
89
335
709
749
48
875
895
473
135
146
594
651
942
256
866
325
215
914
422
91
983
174
939
464
393
632
475
821
915
936
891
356
623
600
457
671
828
352
496
315
850
90
966
792
698
185
118
913
451
892
357
434
418
296
250
811
928
77
985
195
13
876
903
636
829
360
659
9
64
155
324
915
597
642
59
647
827
529
913
278
421
270
64
839
918
666
3
198
743
988
746
108
216
649
96
45
362
755
406
778
262
730
693
211
373
105
859
552
634
772
183
56
394
247
247
312
266
250
862
9
238
608
470
807
258
566
204
620
674
611
398
936
693
444
500
418
549
359
971
535
483
154
591
877
753
191
541
371
441
403
733
32
12
203
839
270
769
43
242
443
6
992
732
700
788
232
118
689
591
441
225
74
595
168
303
701
359
844
72
153
247
805
185
611
360
376
881
130
419
475
925
778
820
657
478
960
889
596
650
832
38
227
258
985
395
561
38
107
757
111
612
5
268
149
616
629
525
850
111
296
677
36
74
497
46
552
458
287
501
460
472
891
687
730
228
434
644
267
893
401
378
857
758
998
6
727
979
531
929
90
180
606
479
606
456
525
511
266
164
12
78
636
255
765
367
483
551
363
750
797
764
480
654
875
831
661
602
810
544
531
253
724
489
732
331
945
609
842
563
773
206
641
410
461
406
777
296
310
140
47
107
256
879
761
131
710
422
85
521
967
616
774
43
106
858
726
403
467
920
967
592
126
608
2
939
367
131
236
29
623
635
136
880
514
249
363
577
672
449
98
991
417
224
386
523
82
113
279
901
33
598
493
512
206
848
803
925
979
391
954
603
26
442
835
893
692
550
470
716
999
920
59
769
496
445
644
930
558
923
831
944
521
676
456
80
524
259
357
504
651
664
459
29
106
646
922
150
196
744
866
548
16
925
317
512
371
961
442
281
237
625
225
758
302
33
190
826
293
548
682
296
212
493
325
318
139
600
469
336
696
687
236
713
613
553
225
336
866
20
617
103
645
195
214
947
228
404
126
873
952
160
169
164
654
495
835
793
447
656
481
143
695
717
856
308
622
82
996
489
454
966
944
99
161
158
47
741
563
525
615
867
685
784
384
339
631
571
485
78
227
318
222
922
388
430
583
10
864
931
851
318
897
796
418
410
306
817
152
221
342
119
89
27
255
825
719
887
396
556
317
975
226
891
897
614
322
832
977
186
764
828
505
13
976
275
424
635
92
928
856
434
399
297
813
654
122
884
893
518
792
563
493
19
454
743
985
128
927
962
667
691
791
172
705
119
799
481
754
891
761
611
677
160
260
842
166
383
727
60
253
871
975
99
242
429
194
228
910
121
190
577
165
333
101
222
453
900
55
207
143
816
170
820
328
431
662
494
166
741
906
771
965
881
222
207
663
416
435
573
890
626
150
55
959
603
629
412
503
684
972
646
500
494
818
180
277
480
674
795
574
581
567
539
814
789
98
477
206
534
402
448
160
904
503
471
507
132
236
10
168
560
8
668
54
826
200
684
659
874
479
233
807
46
124
622
836
222
451
394
756
854
842
268
758
697
740
266
181
328
628
349
888
637
369
942
463
569
626
122
443
106
707
603
504
831
225
692
406
28
86
514
882
280
783
993
977
875
611
510
203
239
859
443
876
228
737
692
797
716
166
593
822
874
548
678
57
773
371
463
153
809
978
36
90
113
381
419
988
992
930
543
231
789
986
460
370
723
504
519
439
670
112
613
896
12
644
954
785
15
769
291
824
747
327
914
212
60
686
552
52
616
95
635
405
433
447
775
509
303
647
300
974
111
266
222
124
910
176
909
277
946
552
101
45
879
368
258
291
54
810
343
22
258
331
427
43
130
555
552
434
202
205
760
313
471
982
437
733
159
699
10
457
251
463
854
483
831
112
774
237
275
470
259
533
153
39
928
283
946
481
69
148
686
829
813
509
812
603
242
323
302
604
780
905
67
634
740
251
99
867
488
726
337
100
611
842
491
539
477
437
20
547
937
58
728
750
567
540
705
161
215
359
765
995
265
833
982
5
84
433
872
924
159
561
376
122
755
867
661
233
656
34
132
593
92
860
696
12
753
401
525
968
761
291
316
378
476
650
735
912
83
960
188
594
873
565
716
629
784
729
214
793
763
698
386
856
910
434
220
663
188
745
632
949
388
300
679
864
950
414
128
385
726
317
331
600
234
399
581
370
128
795
163
892
845
902
100
755
336
320
771
524
417
403
825
806
55
856
22
5
271
151
742
997
820
73
949
406
472
530
776
600
677
292
844
522
194
944
630
882
616
401
759
386
156
936
192
211
793
566
568
416
69
310
765
241
735
715
647
207
597
776
159
275
68
4
149
614
300
131
848
269
532
607
655
40
544
199
251
689
765
171
105
187
481
222
428
568
937
428
775
887
204
287
514
624
643
663
590
943
147
438
212
31
46
219
72
942
418
323
631
536
847
88
723
680
310
503
249
600
283
24
487
839
663
1
815
306
16
405
250
163
844
814
195
242
34
267
536
452
942
167
988
141
607
63
822
917
919
71
869
554
447
356
394
111
709
209
417
726
967
19
241
811
834
788
405
868
407
941
672
702
460
13
843
67
76
17
336
347
88
206
902
888
914
296
999
624
857
416
702
824
436
295
987
622
84
392
490
843
333
514
897
793
527
741
212
956
758
549
303
199
107
557
87
21
205
86
997
63
854
699
239
642
347
227
616
783
971
458
626
305
973
524
450
500
617
663
456
727
212
112
278
319
669
365
692
875
803
690
290
10
741
529
4
440
108
621
223
80
79
202
737
52
78
187
905
695
850
361
774
414
825
53
85
847
770
778
722
574
820
364
936
913
893
940
354
354
561
577
434
641
131
171
693
209
358
950
256
561
312
31
327
489
436
413
336
206
543
410
132
715
774
68
628
668
361
982
22
922
912
808
915
43
979
609
253
689
911
861
602
223
892
282
65
680
695
401
239
590
164
371
305
938
792
285
958
153
268
332
427
532
140
343
575
471
304
180
513
215
42
467
791
286
749
856
967
796
609
206
386
773
929
43
712
73
329
22
578
949
355
6
481
847
349
56
671
653
589
184
868
631
3
659
917
753
867
236
549
477
794
288
602
724
683
666
149
12
689
728
313
396
734
794
243
83
203
914
88
792
450
956
423
454
968
692
559
835
929
108
664
723
748
619
799
784
285
949
148
326
677
462
722
411
256
318
846
811
232
934
603
35
242
378
489
210
71
48
398
352
508
414
427
609
33
227
393
319
176
541
645
205
3
720
968
612
38
814
423
270
748
379
305
990
109
146
553
532
546
951
884
55
365
312
664
399
891
409
70
419
302
67
624
658
787
592
270
825
758
45
448
858
776
105
200
886
252
753
418
798
56
303
205
774
967
221
525
210
630
595
629
285
662
253
943
802
197
565
627
307
962
75
165
739
533
365
625
785
471
43
935
527
698
493
301
17
714
826
227
697
773
856
982
788
461
277
590
10
842
569
669
804
997
834
543
530
552
520
667
375
916
954
902
966
447
556
984
162
734
563
211
860
772
545
648
585
822
590
596
664
159
617
468
156
452
364
686
356
884
353
731
800
308
985
767
107
893
103
621
628
666
832
488
438
377
488
24
551
78
972
215
237
589
36
746
393
400
432
101
636
138
832
437
798
818
556
905
711
659
527
691
677
359
531
468
89
371
844
640
449
816
208
39
757
244
785
503
996
569
604
632
707
789
69
505
607
977
411
670
988
290
714
666
649
597
134
90
969
978
83
418
146
291
809
255
887
946
758
883
516
715
515
223
504
937
81
463
914
844
133
903
134
199
921
135
797
407
226
766
385
661
536
883
304
698
138
191
644
249
74
160
964
941
736
820
230
169
283
497
13
768
400
147
968
673
282
117
80
860
883
817
521
771
700
825
469
190
368
114
791
794
626
107
736
714
927
318
883
210
815
248
979
567
395
299
240
30
416
320
242
299
137
116
422
189
293
892
380
662
358
171
808
336
279
896
403
558
215
286
769
30
887
100
598
634
399
838
664
815
511
259
466
648
375
888
190
20
780
570
682
490
93
843
827
724
739
582
283
954
868
404
985
107
504
583
742
903
773
758
70
284
17
536
285
744
424
475
765
557
397
799
399
842
642
578
919
382
160
554
336
381
958
673
488
814
608
230
69
382
989
139
18
6
675
655
103
99
130
868
8
879
667
408
722
662
986
993
44
147
547
732
528
857
758
16
671
366
247
740
100
588
879
471
946
554
126
49
5
609
269
14
488
937
774
562
951
760
555
995
259
102
79
787
311
837
156
982
556
755
74
656
343
953
127
289
859
254
691
217
215
960
583
703
249
357
266
200
469
173
547
729
628
979
868
939
816
24
274
724
779
348
381
474
654
860
764
513
466
807
730
681
767
665
385
369
22
3
569
844
528
469
573
156
448
441
96
616
818
370
341
597
70
74
72
724
934
188
238
401
347
320
434
114
338
171
835
712
174
757
556
55
226
481
211
26
275
659
642
93
381
335
42
452
409
466
176
696
654
766
449
1
439
883
468
777
55
303
489
581
60
398
636
638
879
200
664
154
859
659
247
241
346
642
45
108
108
573
804
115
340
605
116
131
488
936
908
895
592
749
829
652
499
465
643
379
17
307
533
877
318
133
470
665
127
515
773
235
88
929
350
780
534
819
911
374
755
171
622
699
273
451
352
772
268
347
151
286
654
37
515
325
522
985
990
649
852
115
236
292
44
587
73
930
406
336
656
513
508
278
213
133
729
917
905
998
264
409
636
270
798
151
595
672
488
937
321
340
52
557
632
448
496
57
378
254
394
35
120
254
665
333
387
395
602
644
745
218
405
733
488
203
884
84
875
372
21
548
64
426
458
696
874
954
754
605
561
500
992
681
754
657
366
493
404
968
489
501
186
895
234
26
450
118
462
678
842
836
226
906
262
36
603
488
343
709
93
904
561
85
585
315
95
951
160
499
271
1
1
457
896
235
835
699
706
298
377
548
134
955
455
396
992
410
884
335
471
330
239
32
415
176
699
862
127
211
362
750
212
715
559
461
950
394
160
8
692
537
557
826
492
364
574
836
126
811
171
949
141
762
981
908
938
32
771
417
243
133
167
807
848
726
268
150
121
428
159
165
317
68
992
810
432
918
646
910
729
170
859
870
932
192
131
871
576
902
640
171
35
808
978
235
534
247
737
7
27
896
173
345
964
517
507
748
787
505
10
517
675
869
739
960
413
870
183
989
772
823
160
159
631
139
746
518
738
484
525
765
732
50
462
49
919
969
149
707
827
160
576
502
29
667
814
795
538
997
784
662
821
945
174
452
436
272
322
174
108
200
291
841
250
106
242
522
427
391
229
254
551
805
109
933
472
923
80
362
921
864
377
742
809
903
546
597
175
869
771
636
421
415
829
671
521
71
193
300
814
774
555
718
931
664
3
756
939
83
118
212
947
847
306
109
750
853
706
278
74
830
914
495
597
743
518
470
166
64
770
980
838
325
698
770
341
701
526
633
784
996
845
84
196
152
193
946
357
251
576
431
81
842
278
678
937
148
500
103
212
271
436
403
948
486
173
290
540
51
923
676
399
120
760
595
272
305
894
629
557
822
412
990
665
690
21
602
191
521
58
403
792
846
806
741
332
331
383
872
734
658
549
134
778
661
81
51
967
975
32
876
798
445
866
815
487
887
417
678
761
827
434
553
25
592
646
358
276
29
582
10
687
483
496
818
145
578
221
112
905
253
988
703
50
206
518
538
446
288
568
207
467
354
112
493
947
759
203
223
788
785
585
828
269
82
998
414
12
219
878
917
472
218
621
875
776
491
413
222
779
333
429
599
688
542
92
635
653
295
210
793
432
795
621
701
229
619
467
241
190
345
511
15
915
132
890
692
975
655
914
107
988
696
706
676
590
798
663
243
445
873
36
877
21
10
579
602
981
46
196
172
744
707
539
11
191
429
703
166
84
970
273
72
18
979
101
608
129
764
203
574
990
591
452
11
953
383
965
935
781
161
459
877
868
998
889
59
427
592
226
863
914
851
935
932
831
36
892
960
153
447
887
143
39
691
506
344
74
471
279
855
985
90
85
853
440
974
265
219
918
843
82
833
694
18
117
877
406
10
190
911
457
77
54
848
768
560
545
194
384
824
49
369
267
134
574
707
460
839
927
379
34
9
212
729
379
329
958
138
691
148
49
501
577
456
701
345
16
246
539
752
423
941
473
690
427
48
749
888
239
676
619
274
38
183
355
769
864
313
907
556
462
309
57
39
765
110
737
133
357
628
886
780
921
359
470
701
759
571
941
999
248
560
273
286
743
628
55
607
941
315
515
755
624
924
147
389
35
236
874
392
216
760
524
138
472
346
839
231
917
780
230
165
340
855
803
435
835
211
394
777
526
910
884
502
834
383
243
869
619
117
613
836
230
137
326
702
483
165
285
401
297
868
566
637
723
722
424
559
933
818
688
811
728
924
313
563
308
908
784
279
377
398
467
607
535
793
661
19
310
947
420
607
167
338
596
890
60
20
801
345
839
841
156
919
766
821
482
426
81
619
705
459
17
525
66
552
318
728
923
981
27
695
588
194
34
185
436
446
205
238
792
396
79
300
316
197
122
150
623
203
769
329
662
786
854
81
691
524
161
966
857
540
662
446
734
48
983
522
494
540
760
286
937
192
939
605
389
61
755
13
616
877
694
631
663
900
64
706
776
225
673
634
765
687
80
851
735
415
373
229
955
486
868
892
678
807
849
419
220
605
432
836
482
478
819
497
378
883
556
155
460
229
789
577
268
221
428
3
636
154
232
943
640
100
836
318
259
37
89
479
994
522
316
828
0
487
326
731
723
234
886
183
815
27
761
83
600
541
86
236
695
318
179
687
771
367
5
30
757
95
510
751
969
178
580
321
665
258
52
740
492
290
924
307
317
37
390
917
930
476
505
978
794
37
665
917
756
23
948
513
470
458
265
791
988
197
112
5
455
165
746
947
455
22
254
125
411
996
394
341
472
900
319
618
289
337
536
45
360
836
911
182
294
528
973
634
725
85
639
180
602
385
479
410
407
733
535
170
729
281
512
553
181
183
171
822
872
59
868
232
895
131
766
541
659
739
175
384
825
167
916
779
904
395
189
664
480
76
834
561
358
346
114
891
882
637
66
754
49
286
339
944
417
105
838
76
845
365
812
22
532
80
801
437
475
343
101
307
771
287
868
481
986
334
725
868
323
791
974
372
77
665
669
846
771
859
922
968
576
86
342
109
166
495
898
993
190
351
300
962
638
520
443
624
206
520
844
529
311
171
254
740
836
275
586
607
134
860
927
710
946
621
171
464
117
421
809
307
124
109
621
115
981
65
91
187
937
936
69
249
107
323
989
295
598
928
255
84
788
182
146
735
804
318
551
273
91
361
580
216
822
202
331
804
619
422
343
556
710
412
157
169
87
499
465
37
427
720
121
215
254
268
302
410
938
206
683
29
567
616
597
389
818
928
545
789
703
889
697
765
301
207
287
741
706
104
778
133
824
900
700
430
520
355
841
810
561
876
839
128
492
789
869
662
717
415
803
772
656
501
890
957
708
177
698
766
281
829
899
457
729
951
239
601
306
432
411
867
309
602
347
153
391
217
816
461
984
619
233
640
472
475
949
180
652
0
946
285
829
197
94
910
501
334
511
807
766
922
27
427
876
374
581
268
943
397
729
927
368
314
567
841
790
869
373
794
869
672
432
698
869
526
960
370
212
471
530
979
745
557
758
621
283
339
889
227
88
970
506
457
285
426
650
427
295
23
573
164
695
5
214
917
532
174
639
744
997
169
75
742
78
834
363
714
525
605
941
614
575
799
423
212
225
73
639
520
96
213
36
144
570
602
61
454
128
700
551
125
222
626
867
652
812
583
366
690
188
659
304
115
459
79
328
684
152
319
205
600
884
593
744
455
196
805
909
324
858
460
802
432
439
669
84
603
604
451
293
144
462
949
260
921
380
940
606
532
259
163
133
496
108
229
951
304
387
212
981
245
25
783
29
816
804
113
419
761
916
65
905
379
366
517
652
747
457
610
631
69
773
116
565
234
346
868
538
733
432
871
330
457
6
359
625
163
824
397
924
93
814
181
472
180
699
476
279
156
87
263
577
212
379
494
446
725
362
337
458
147
208
788
956
567
499
582
730
324
979
654
417
793
835
241
325
534
69
957
43
156
220
972
369
599
467
167
325
181
504
135
328
65
276
285
632
775
219
362
451
198
16
220
343
203
813
20
90
883
977
133
391
197
457
760
149
924
280
826
106
784
961
786
201
237
71
833
365
290
195
168
840
563
741
535
119
554
556
209
437
885
694
181
435
151
941
584
76
573
410
534
358
723
320
911
313
744
745
678
386
292
198
227
856
939
114
975
846
670
536
635
908
230
816
343
381
110
927
809
683
689
695
393
412
16
305
725
760
50
755
498
342
954
725
550
245
192
877
443
214
413
79
122
643
895
465
377
5
744
186
41
433
234
434
198
250
91
923
362
493
31
860
836
337
938
738
582
482
616
26
696
381
457
819
25
352
636
754
710
381
292
103
166
526
889
364
776
981
640
490
474
671
703
662
8
993
401
942
475
369
320
171
750
777
990
127
482
979
881
544
712
526
999
878
52
888
595
181
869
587
671
344
610
726
6
970
719
759
912
194
128
585
366
231
714
708
710
548
687
944
444
751
470
443
630
522
332
577
703
201
516
727
897
126
453
904
96
525
15
360
719
496
297
437
727
12
498
789
560
537
733
5
289
203
800
271
78
132
848
133
334
716
860
583
842
666
487
290
191
855
650
262
351
948
52
430
312
550
219
224
87
305
581
376
860
382
647
938
514
847
424
200
563
636
784
757
302
623
47
845
478
50
460
181
350
512
611
662
62
183
886
149
488
820
878
348
202
877
639
716
725
63
269
640
699
53
398
354
28
445
551
859
847
11
40
197
523
4
211
937
187
98
439
675
270
317
375
472
194
14
540
271
429
809
912
129
214
662
483
595
459
34
454
307
398
846
504
921
850
716
211
37
166
650
64
436
319
440
260
513
806
800
137
236
962
401
365
528
63
200
123
522
234
929
829
632
776
686
906
626
402
117
664
920
119
728
708
438
520
968
303
327
768
440
563
82
841
280
611
256
480
734
779
714
16
960
699
792
646
957
418
400
74
434
320
193
515
28
631
35
348
286
714
117
727
629
551
920
909
162
177
389
249
956
456
265
916
155
57
915
464
827
315
890
614
988
83
481
16
66
868
365
352
583
834
431
212
737
352
122
900
529
863
501
837
319
766
105
826
175
20
290
354
336
180
968
324
615
801
692
33
670
409
738
253
595
169
817
333
873
939
233
402
803
734
591
474
852
697
301
379
717
591
733
53
124
54
729
739
855
422
125
525
183
863
130
779
384
948
112
258
239
697
12
42
431
604
869
635
301
170
14
370
113
747
776
589
153
505
329
9
279
806
886
463
669
17
242
405
317
706
663
556
403
676
951
186
632
820
821
285
342
835
655
455
934
431
45
88
289
726
449
920
884
687
383
553
56
977
958
373
35
974
930
438
2
881
624
634
701
797
919
43
632
926
850
919
358
247
359
999
325
808
919
209
847
655
762
904
984
73
277
20
47
207
810
49
440
435
35
493
232
954
888
217
232
739
136
590
338
847
941
664
655
213
873
854
868
988
758
852
61
36
224
460
595
35
861
36
822
248
529
406
554
770
623
786
509
111
729
847
958
670
511
965
883
737
172
103
725
930
308
138
318
532
950
266
919
811
654
741
411
535
148
965
305
123
751
814
587
480
14
897
503
877
215
738
614
387
842
691
317
150
829
988
34
779
254
954
942
908
695
353
443
195
318
749
671
70
915
258
902
281
507
405
159
722
496
125
109
338
817
779
488
646
767
522
778
21
828
720
281
876
426
724
71
744
825
94
166
741
352
421
22
860
178
533
934
674
659
44
12
828
823
852
826
590
727
604
963
555
677
596
431
103
320
855
199
498
949
366
239
654
787
613
866
317
147
800
992
158
196
4
986
19
857
164
961
936
769
276
491
798
872
275
901
545
482
452
43
431
818
634
437
957
599
655
275
98
456
267
256
652
623
594
24
832
111
337
768
880
614
612
30
838
239
283
383
721
735
778
504
906
764
294
215
364
949
490
462
757
109
71
410
85
17
786
269
128
123
390
360
89
2
390
928
593
673
663
666
761
442
522
667
558
816
882
922
118
725
385
875
186
808
637
623
825
423
893
954
899
283
314
988
637
57
268
582
730
932
248
843
726
770
510
284
939
745
207
409
822
944
284
8
752
922
984
929
697
877
883
596
160
550
937
149
607
205
731
689
489
331
533
567
101
43
852
392
140
411
801
962
707
438
323
811
360
307
740
409
184
976
358
696
526
647
197
133
852
928
174
694
259
707
261
712
103
465
457
243
228
258
558
935
48
881
746
760
540
839
170
724
815
880
772
341
527
321
826
731
249
352
425
860
60
39
924
515
504
381
110
733
992
668
20
40
901
767
801
441
958
323
517
773
203
641
466
730
962
644
461
563
996
239
775
408
278
700
923
782
433
34
867
425
54
888
818
308
7
971
749
965
294
619
90
849
260
908
579
575
552
392
138
900
983
914
309
261
966
584
396
399
970
615
177
25
503
995
333
862
318
434
179
612
405
269
813
666
177
744
593
81
136
731
982
472
997
643
733
963
227
481
715
198
97
892
575
952
239
260
815
557
46
346
521
452
616
334
470
145
78
63
579
566
794
913
38
144
908
124
459
135
957
174
685
406
418
612
359
657
872
526
566
919
872
87
371
840
773
841
338
203
256
269
770
402
182
160
546
90
636
358
577
946
532
615
352
951
227
711
960
100
589
527
371
462
966
94
654
740
287
992
943
543
261
65
945
795
578
844
237
566
202
815
512
734
430
865
37
9
576
350
109
518
877
832
332
843
926
986
583
213
331
879
108
944
296
54
92
874
250
329
441
452
496
305
538
926
170
576
288
99
926
397
617
155
582
949
350
508
287
934
74
618
165
534
563
461
940
655
688
190
336
481
642
833
786
181
111
957
109
399
56
387
149
25
542
731
974
892
591
261
178
17
232
695
552
147
509
492
154
197
35
490
678
677
323
464
210
787
421
319
186
829
58
335
854
952
418
180
845
10
794
375
379
26
423
931
173
932
776
679
129
811
169
159
840
845
623
51
632
397
722
170
578
781
506
785
733
276
965
930
286
111
658
18
137
81
301
662
365
77
341
494
240
863
653
433
60
628
484
692
377
558
862
956
691
720
741
425
997
58
707
635
170
365
653
659
798
955
674
163
384
15
9
977
230
14
410
290
643
246
334
20
804
549
328
496
269
421
273
618
832
980
254
354
698
259
13
848
214
687
12
951
55
21
928
637
36
338
928
31
584
262
403
740
811
732
588
433
505
213
51
337
546
657
691
244
917
57
92
483
96
456
434
503
478
362
141
866
700
421
897
636
683
300
729
847
384
669
632
890
883
35
579
429
693
623
25
962
680
117
445
128
574
880
632
404
242
773
270
295
194
519
283
229
171
364
428
908
34
60
150
269
448
729
698
141
704
723
103
384
192
900
513
118
780
497
874
375
270
496
22
816
15
657
45
539
374
826
447
408
238
597
29
686
678
727
179
383
802
634
767
346
535
632
465
315
481
691
42
751
188
416
919
203
74
965
94
448
143
541
208
381
138
589
420
169
668
599
552
470
234
671
168
769
656
985
436
137
677
831
889
865
247
808
420
673
125
515
473
620
56
33
354
547
622
774
68
290
373
620
112
959
291
281
80
947
618
869
437
295
52
678
160
299
838
933
325
964
448
150
936
856
536
290
755
158
64
823
801
790
795
265
101
87
898
182
386
517
403
823
812
455
501
325
106
340
258
783
656
58
934
944
266
470
235
374
980
651
549
133
441
345
399
895
432
297
429
170
814
832
346
979
287
199
304
745
891
914
529
547
324
463
492
942
285
79
316
617
730
866
751
524
211
150
419
995
799
848
517
614
32
215
593
671
415
249
416
306
515
945
206
839
760
50
781
397
129
450
15
211
668
766
735
879
268
506
226
67
706
95
681
738
311
626
409
726
227
178
384
742
123
590
581
236
640
715
985
121
165
0
333
833
118
420
64
386
927
642
454
633
89
487
724
400
466
133
478
693
311
863
436
787
453
369
375
446
84
360
919
601
361
252
786
831
25
202
218
952
196
24
937
286
863
661
686
681
147
517
375
458
380
163
597
185
532
324
983
969
685
903
922
398
507
61
229
532
263
799
836
460
175
126
98
39
787
136
720
286
653
447
97
385
962
694
923
847
19
906
168
56
809
90
806
669
503
35
201
767
187
390
579
362
516
29
753
655
165
826
942
171
273
39
556
588
85
479
435
456
738
603
864
547
45
670
568
549
706
770
668
245
160
599
607
28
628
361
683
145
187
625
316
812
16
873
400
454
704
187
910
442
790
775
342
188
445
910
89
503
32
757
748
544
356
708
572
336
69
256
481
608
233
798
772
602
23
173
56
79
712
318
522
855
445
216
43
891
126
132
746
511
241
847
55
597
555
628
285
976
236
766
584
469
916
356
71
291
881
479
371
594
798
893
449
243
109
844
486
587
328
233
98
569
432
154
518
987
134
803
963
370
921
899
839
838
607
263
481
489
742
852
435
540
745
236
136
206
432
622
146
760
207
596
329
639
750
847
978
236
2
293
606
923
192
798
113
152
61
595
993
155
447
428
48
545
16
184
103
448
158
601
208
366
198
889
5
300
736
984
537
90
277
143
13
822
293
479
974
706
74
967
862
873
747
262
770
763
446
226
563
604
827
123
322
25
12
328
326
100
664
215
190
293
710
555
115
4
34
441
710
460
760
572
334
507
834
456
622
632
682
185
589
510
660
911
887
24
591
565
124
255
780
666
549
491
222
16
847
608
458
557
69
218
482
755
78
668
211
700
301
246
238
242
108
250
505
995
275
97
913
751
704
693
418
253
536
992
622
383
952
432
941
373
2
775
128
80
443
692
133
96
290
723
338
398
325
844
393
600
941
658
352
997
352
122
251
240
466
225
976
418
657
269
792
11
44
272
444
487
964
929
584
254
4
922
4
329
118
750
930
411
408
634
409
112
756
12
353
222
589
329
992
246
598
784
609
642
409
53
481
373
982
65
980
986
340
336
316
810
86
598
222
495
232
983
607
340
995
312
914
584
641
258
182
239
43
143
233
452
197
715
177
531
132
509
870
472
846
538
283
284
488
857
779
72
840
739
412
187
51
678
123
693
936
657
284
331
800
870
135
349
937
665
881
69
174
103
542
372
641
177
657
481
34
788
553
226
879
317
413
931
995
888
976
283
545
612
615
345
834
102
695
771
767
928
841
294
383
735
666
376
264
675
857
650
816
410
876
695
727
641
978
74
529
306
357
74
919
324
771
753
427
818
525
194
98
718
488
481
805
507
209
69
534
66
719
350
828
595
398
907
588
376
333
117
683
43
543
954
367
314
707
146
133
584
693
231
654
533
65
459
40
274
880
927
693
599
277
521
546
27
781
134
404
114
603
439
157
146
393
525
461
452
23
946
389
716
177
395
250
242
207
642
869
87
569
562
39
199
435
585
226
216
72
982
331
675
773
488
174
518
365
635
323
741
581
64
457
110
459
59
705
666
54
574
106
623
488
145
174
923
730
753
140
154
87
823
830
861
663
356
379
29
991
702
122
924
766
931
386
578
991
91
596
45
17
702
20
505
847
547
429
930
300
569
84
387
392
266
248
55
622
980
436
965
34
558
241
153
490
628
83
833
71
679
230
89
382
250
594
581
149
23
863
449
944
948
189
688
566
789
744
541
769
532
506
156
443
100
309
285
80
392
118
151
423
700
240
157
302
187
739
452
210
602
901
507
902
90
195
821
880
291
362
1
176
220
157
619
320
818
256
400
562
726
904
986
426
144
143
728
331
234
180
894
189
434
401
443
524
948
264
756
240
626
110
416
847
619
387
519
438
643
272
352
369
176
338
147
320
834
875
4
420
408
898
961
842
651
405
718
599
669
827
191
648
937
607
495
556
346
366
346
989
638
699
710
166
389
857
487
575
733
843
996
141
93
957
983
96
714
53
695
384
880
887
32
817
846
879
726
193
597
72
534
236
771
245
754
161
102
593
736
187
436
84
328
529
394
663
625
108
717
673
844
949
912
228
767
110
459
845
655
57
917
190
645
689
435
399
202
889
993
290
77
781
375
757
663
121
773
640
581
842
313
426
791
577
6
910
688
466
755
695
875
673
885
872
714
672
623
268
562
616
558
991
398
285
748
61
758
521
53
340
363
367
118
507
296
124
417
336
942
173
32
169
198
917
41
264
942
665
532
504
633
442
847
383
728
947
796
838
821
850
178
184
569
296
43
865
773
461
202
715
986
234
885
184
503
278
448
445
295
332
301
929
774
148
312
854
96
109
693
917
311
871
453
880
520
497
745
293
310
299
8
296
885
245
832
389
876
632
186
171
964
488
452
90
636
765
945
84
226
990
353
889
213
159
769
733
8
866
26
318
166
387
966
403
984
798
792
212
430
979
384
746
819
188
836
455
953
781
892
531
123
597
420
337
756
541
422
764
408
801
434
926
188
400
329
524
198
474
737
980
805
473
726
624
661
563
431
967
696
675
850
172
273
623
509
29
164
931
146
924
732
580
202
272
981
884
149
531
358
238
864
163
63
590
139
76
505
570
43
554
246
246
726
519
869
587
900
385
870
46
662
955
979
864
579
312
748
728
843
458
318
59
973
381
650
112
458
507
35
853
413
281
451
491
152
672
78
404
58
949
803
72
904
782
288
483
446
37
564
289
847
234
701
821
616
703
285
426
210
320
631
976
953
83
467
457
107
546
214
517
847
17
589
103
151
878
938
597
267
502
238
466
89
939
287
705
642
925
483
205
597
466
181
903
901
648
360
9
194
574
526
393
943
468
496
94
346
435
691
965
289
282
431
378
221
71
435
864
996
270
421
945
737
602
848
638
250
209
999
797
135
526
190
79
994
687
525
692
474
217
657
763
851
440
142
72
511
929
288
859
200
709
805
937
311
653
927
914
214
927
711
350
805
253
781
151
292
306
843
766
875
852
530
726
292
24
151
804
305
439
663
505
501
820
794
164
474
74
78
688
1
141
390
158
747
523
309
39
182
504
806
57
356
336
136
648
712
639
804
17
430
820
875
931
640
669
448
114
743
878
155
96
20
545
606
767
69
915
806
251
771
964
660
127
652
148
128
364
787
932
734
570
104
609
853
745
630
301
859
726
180
366
174
552
912
781
671
333
48
829
936
820
794
948
947
446
449
427
163
588
712
897
158
816
858
12
561
840
313
773
566
493
139
741
397
403
874
68
88
922
898
24
742
692
325
42
138
774
469
301
362
181
550
521
350
760
885
911
601
198
36
519
44
176
612
441
579
486
862
20
409
760
44
503
804
721
545
942
495
367
596
210
900
498
83
250
259
968
514
212
518
550
731
914
78
344
356
10
182
570
30
591
330
426
447
134
148
344
428
995
711
376
205
964
227
288
214
838
608
80
50
127
631
781
41
709
477
749
719
660
319
101
603
1
528
50
487
676
395
268
671
458
644
877
422
223
517
989
61
126
421
111
605
404
245
646
114
74
396
185
734
67
287
690
69
815
92
556
843
487
176
514
298
173
743
72
396
613
413
458
739
835
921
344
239
518
342
705
593
90
243
679
158
882
369
579
49
462
487
892
301
664
758
951
837
854
24
233
467
437
43
558
624
317
254
216
835
596
921
780
687
516
460
197
398
181
776
447
643
615
691
297
279
450
248
116
304
272
702
123
62
97
681
38
414
935
254
602
883
176
382
922
692
194
119
443
376
247
242
19
863
934
316
142
384
917
611
40
189
665
163
603
762
196
642
177
483
896
131
366
424
513
289
469
60
760
912
436
360
506
807
223
440
124
717
176
393
680
216
582
345
731
538
108
279
532
637
762
428
768
129
205
633
770
26
693
882
290
481
242
796
289
817
237
765
535
413
158
215
982
92
913
65
630
21
345
162
10
107
943
130
588
148
763
710
174
809
593
464
290
187
260
579
5
849
344
892
263
854
459
245
947
372
310
577
393
7
92
755
115
35
885
55
535
1
766
61
810
711
877
452
898
489
384
255
339
80
147
954
935
607
199
882
979
861
811
725
869
903
480
336
290
366
391
177
367
509
238
529
220
467
333
471
957
717
726
648
150
874
602
437
481
801
319
812
14
482
537
235
738
18
571
28
736
315
558
103
824
796
984
45
616
317
868
573
387
594
221
537
468
823
974
301
976
645
114
342
479
3
578
217
21
501
246
757
816
804
212
993
952
196
390
920
866
258
493
253
852
66
142
673
241
468
974
569
465
440
912
944
444
842
162
817
343
760
927
512
564
139
505
868
688
895
789
554
153
634
807
5
53
301
678
294
769
5
864
234
445
128
178
241
970
340
59
665
100
338
529
16
829
34
237
517
281
378
423
786
364
582
792
417
883
822
64
652
179
280
238
977
408
417
218
730
109
629
747
210
967
277
578
149
663
167
666
945
545
442
731
910
24
875
679
908
50
743
912
581
23
151
558
783
568
129
513
677
110
613
239
430
890
170
579
905
689
245
202
235
687
934
497
64
161
176
972
563
272
884
145
295
35
55
79
955
184
944
985
295
909
576
725
151
98
304
57
788
901
259
375
941
545
224
5
59
752
329
622
24
565
119
672
953
175
103
908
711
47
245
6
957
174
83
108
272
739
517
412
993
777
787
286
674
11
643
733
764
972
708
140
537
827
812
490
2
915
751
714
315
348
72
624
522
508
732
147
599
602
559
592
379
699
230
405
62
873
139
178
845
847
319
735
674
483
577
29
399
680
95
66
29
519
690
903
27
774
50
979
376
962
923
107
13
154
513
75
27
652
254
225
851
925
312
877
760
889
906
511
570
353
577
951
873
267
854
900
394
257
879
770
571
155
878
584
309
743
11
336
395
617
913
598
894
225
475
655
467
734
166
389
87
744
692
960
363
546
213
757
155
444
528
78
599
758
662
908
501
26
597
248
643
862
846
538
440
673
193
907
759
359
648
847
455
340
159
819
238
724
576
394
169
456
472
120
214
487
381
67
513
330
315
156
192
513
46
632
539
239
891
298
951
539
497
406
879
657
577
118
381
154
512
902
962
336
23
177
175
404
596
40
734
912
549
278
777
595
911
316
187
802
967
138
342
464
896
573
121
474
691
855
980
555
757
942
244
132
471
419
536
68
460
622
332
9
901
461
956
164
130
143
318
97
633
12
561
530
586
35
356
277
242
336
185
999
278
429
484
102
848
20
170
660
995
854
21
896
315
330
60
445
473
730
894
459
743
808
341
329
195
697
958
437
33
143
788
663
572
272
765
773
645
287
785
640
141
159
536
809
489
948
606
314
678
501
773
773
309
466
102
504
163
61
941
548
204
729
564
129
354
681
902
999
969
39
639
462
198
527
623
687
827
230
2
505
731
127
279
40
594
733
544
109
146
837
658
703
918
222
832
272
255
86
623
224
125
262
39
324
789
662
11
616
892
365
474
623
845
105
15
439
190
911
548
337
100
558
40
19
132
872
643
388
310
267
964
435
881
3
111
23
18
475
991
910
840
465
886
685
922
253
476
113
165
377
802
265
935
842
636
68
66
632
808
376
899
772
163
132
128
275
155
146
750
147
408
942
964
646
628
887
900
456
352
417
833
154
34
121
348
23
541
414
655
349
790
906
121
953
38
601
580
546
747
330
693
508
273
9
154
253
896
406
709
600
175
895
106
210
16
454
233
557
868
240
258
10
146
379
316
184
981
896
730
80
227
775
588
852
785
95
105
33
853
166
986
29
61
92
591
429
547
176
338
767
416
596
130
914
328
446
450
661
694
181
741
273
308
682
125
93
129
230
479
982
397
465
363
810
557
306
240
456
834
930
576
602
527
706
516
207
504
967
868
198
500
961
472
160
643
597
606
124
828
85
459
577
550
822
387
459
481
979
268
667
910
844
270
789
550
138
996
54
457
216
604
957
177
76
118
821
26
76
945
206
161
756
783
63
931
522
874
412
854
142
79
116
986
701
905
888
840
253
294
297
469
899
607
646
327
77
819
353
153
117
559
314
873
694
377
804
217
251
568
71
746
648
187
732
701
444
973
541
49
267
839
518
518
446
164
846
875
336
199
28
453
111
342
326
805
71
483
374
674
51
797
420
51
336
505
753
780
830
294
829
449
485
699
968
283
216
814
158
552
365
186
5
828
880
683
634
303
518
360
330
570
158
102
973
494
959
726
627
789
373
808
239
210
860
207
494
76
373
4
628
90
543
985
919
775
20
905
79
539
265
409
461
775
863
786
622
823
513
601
612
238
409
203
448
269
762
294
697
135
651
325
578
194
662
497
969
35
754
400
574
371
809
387
147
25
173
121
848
38
722
812
628
131
16
429
753
778
723
450
266
726
128
844
920
790
693
242
825
447
642
751
170
804
490
669
829
16
790
677
54
512
489
35
996
505
464
101
636
539
551
902
266
31
746
538
174
439
780
351
238
423
103
760
579
945
430
408
961
220
437
368
85
278
755
81
784
219
182
772
758
85
674
376
117
772
915
291
563
695
642
801
470
97
913
401
395
343
809
708
916
598
76
1
877
831
434
13
402
968
785
161
405
459
889
874
231
804
165
794
852
160
947
674
609
860
76
4
556
237
713
472
836
141
825
713
325
259
726
727
579
511
240
984
322
482
859
905
286
376
51
490
888
998
165
850
210
593
854
766
830
919
590
666
413
415
379
90
26
457
169
605
968
762
942
642
244
801
547
882
529
598
373
418
948
538
268
159
131
474
277
313
746
868
980
511
635
711
601
662
169
122
619
489
884
561
132
480
362
31
363
244
630
736
662
930
626
282
89
109
108
719
422
854
939
402
365
574
466
318
588
987
793
208
476
677
769
960
158
484
992
521
728
974
609
742
904
235
24
346
344
132
417
766
339
356
521
56
282
339
375
871
326
520
79
802
197
848
115
707
332
459
580
412
785
189
154
41
776
178
739
120
663
156
239
2
864
112
58
147
451
785
18
777
305
449
931
855
297
398
914
982
857
495
746
994
36
901
36
165
431
775
637
94
284
228
96
148
340
507
647
143
644
665
272
950
466
204
157
116
954
71
450
164
918
196
158
307
97
194
472
529
970
109
623
606
338
72
754
30
931
402
174
575
419
446
877
886
2
34
354
957
458
804
473
376
0
631
35
98
826
507
979
148
969
602
754
659
26
860
689
309
614
215
885
34
14
114
272
16
149
626
325
959
430
798
335
430
430
723
880
608
230
859
108
551
814
214
210
192
74
252
502
689
467
739
75
833
853
347
850
354
325
527
313
107
678
1
889
460
724
770
68
306
629
528
210
795
742
420
988
168
24
842
209
844
581
284
677
786
983
879
141
308
407
806
767
85
807
657
897
883
427
317
542
408
845
752
204
939
172
544
107
549
386
317
393
319
953
70
105
937
950
598
597
709
405
365
794
564
22
43
448
801
360
990
561
205
94
117
144
618
661
603
167
399
920
560
718
226
983
176
163
285
774
112
994
179
477
140
96
851
183
896
4
543
238
918
748
332
35
244
950
49
847
118
448
120
30
519
346
13
695
861
298
821
973
644
353
803
784
449
6
319
345
363
862
583
281
962
915
316
558
865
717
406
335
166
878
366
37
576
731
84
789
382
905
114
26
258
269
163
707
276
482
404
991
345
987
272
659
902
940
218
120
658
976
455
176
206
173
213
782
905
297
923
287
554
37
665
813
307
828
872
935
311
277
926
8
264
198
19
519
490
237
991
148
565
798
676
771
972
889
905
877
538
828
516
93
866
181
258
173
362
482
108
673
759
386
33
376
584
404
247
426
642
238
927
207
36
603
331
8
845
236
237
383
65
105
828
931
287
438
456
649
921
916
674
32
302
59
408
238
463
7
664
457
245
591
17
634
195
348
994
40
936
584
775
1
689
956
284
328
746
740
329
667
656
3
700
958
414
460
196
230
468
213
687
65
156
56
699
351
756
46
743
693
630
871
694
319
827
331
648
573
71
977
593
728
333
645
38
99
457
587
329
925
152
369
343
308
777
394
12
534
440
755
579
70
978
273
742
157
956
390
731
28
719
676
108
52
673
498
504
130
85
833
56
589
554
751
898
332
145
910
866
586
17
797
656
996
422
750
153
379
140
236
407
212
912
515
616
585
365
120
716
803
954
124
392
860
875
290
192
372
200
410
958
218
207
967
566
630
717
719
9
210
956
768
422
868
635
38
806
0
159
874
803
465
350
196
325
577
486
870
949
39
632
908
609
840
227
175
822
944
894
183
506
202
951
928
71
586
319
229
586
478
103
390
295
453
938
972
30
776
194
331
815
827
591
776
19
818
303
841
115
550
24
621
752
327
902
175
913
221
404
499
51
859
241
346
664
179
318
694
956
513
378
123
692
969
252
711
788
907
904
255
457
928
876
210
255
778
737
520
351
142
371
402
1
613
748
666
144
419
712
452
284
90
928
976
412
532
39
200
439
943
807
897
223
683
459
830
814
196
350
165
690
721
568
44
686
668
62
183
87
774
635
723
217
915
51
981
447
90
533
887
385
340
136
608
23
947
438
189
143
788
355
186
862
275
230
548
943
292
731
383
418
719
458
987
634
510
320
82
952
853
321
338
193
457
298
569
404
737
758
899
877
465
437
739
92
667
640
388
311
723
771
82
442
581
421
429
443
742
511
748
947
184
86
141
641
384
710
397
473
820
648
351
638
86
442
730
105
82
118
417
806
241
851
600
823
624
29
618
718
892
366
666
76
804
807
69
189
869
466
14
41
115
717
679
201
160
762
306
594
880
75
752
122
278
353
297
903
734
915
973
979
634
639
55
438
798
125
979
19
943
994
61
410
711
92
963
223
854
270
818
87
697
570
561
328
275
210
583
362
477
556
341
111
548
396
550
346
873
529
718
169
523
779
579
587
223
543
810
430
165
980
517
214
903
430
542
530
640
125
892
117
34
233
229
582
982
131
280
207
660
998
728
536
129
308
475
353
203
637
135
368
618
4
582
873
434
477
403
74
954
648
543
988
233
124
922
215
255
203
775
268
553
503
156
683
163
631
388
366
268
523
734
238
527
669
111
313
498
867
739
452
515
282
793
748
407
67
316
14
622
91
282
176
946
438
859
110
421
599
828
690
122
563
280
1
584
744
314
82
611
405
534
126
687
679
874
446
747
542
813
369
985
447
545
932
886
756
394
659
707
222
701
181
137
982
182
73
726
848
155
337
605
42
815
293
73
41
91
820
584
904
542
569
352
439
853
590
548
599
249
255
174
951
437
663
285
971
737
363
172
244
700
777
638
867
422
712
908
514
884
844
418
426
766
122
218
971
712
766
571
314
21
97
265
810
760
902
134
849
265
306
94
317
435
732
184
210
796
444
724
681
289
494
459
407
617
677
378
681
443
301
995
817
750
612
627
511
514
761
712
779
419
806
96
207
891
632
417
687
77
493
720
718
987
180
477
956
857
207
638
653
509
633
470
259
598
449
122
112
563
835
244
334
993
692
541
236
325
958
276
754
451
996
824
791
528
301
747
738
860
737
391
369
371
213
981
969
662
455
433
225
642
677
560
988
722
453
224
47
412
852
153
215
201
329
358
729
982
106
819
842
843
210
564
566
775
545
887
438
352
321
15
995
350
575
335
72
29
559
471
793
764
976
360
965
305
719
46
639
177
866
482
372
428
46
939
204
943
178
642
295
851
657
642
554
585
977
978
966
889
450
759
653
778
471
970
436
542
16
75
719
882
557
92
311
955
383
867
898
913
509
546
765
518
540
319
103
870
297
421
111
99
180
116
878
4
86
314
546
102
741
266
337
299
710
0
606
93
867
505
358
728
403
123
246
295
794
702
165
444
123
276
543
656
392
773
12
830
439
558
933
181
176
622
832
886
974
438
331
841
295
690
921
50
165
167
346
960
221
511
404
697
140
299
353
532
425
717
363
864
275
648
397
452
622
229
690
596
20
374
437
667
416
358
718
581
877
64
893
451
575
297
148
715
949
853
600
374
570
315
590
845
315
988
649
937
569
692
533
941
418
322
609
834
32
327
415
261
391
309
712
318
958
212
386
907
65
986
633
635
653
224
833
968
212
834
257
133
878
142
75
296
816
684
130
848
11
898
461
754
559
526
72
517
738
810
777
804
148
410
791
801
986
976
121
198
163
378
332
41
872
759
690
688
443
820
888
806
70
350
560
629
228
984
499
966
795
276
122
943
38
266
745
25
242
866
575
757
597
259
151
469
18
841
510
813
661
398
619
732
100
179
713
328
164
212
295
959
840
769
902
879
35
999
256
630
866
183
739
815
443
890
636
813
731
146
627
745
545
246
477
997
426
542
326
942
755
973
901
595
94
155
826
130
155
434
112
373
618
851
188
413
742
176
226
825
323
853
570
220
452
399
217
230
942
895
172
697
868
425
644
315
580
471
445
735
905
909
108
523
112
648
288
854
825
515
32
500
720
602
720
524
2
289
754
944
537
278
993
405
703
637
72
636
460
517
371
366
778
832
241
891
832
530
97
9
397
129
509
117
732
581
642
86
223
748
30
760
27
23
517
82
12
590
718
473
459
442
191
238
626
432
481
458
314
578
820
711
60
329
181
144
263
823
230
486
923
612
246
950
987
115
33
999
705
103
472
165
545
663
755
171
448
236
982
762
166
802
826
226
483
7
370
746
182
952
584
105
564
182
56
551
298
441
551
355
544
375
520
90
391
627
613
839
863
595
953
382
749
779
960
233
786
683
979
968
635
916
74
200
98
482
103
396
275
6
104
819
382
624
261
125
604
227
964
467
174
269
201
924
49
162
157
835
845
488
156
480
404
582
32
503
416
136
251
691
494
355
862
876
332
476
353
936
703
317
755
877
587
957
801
988
119
310
175
316
799
331
796
555
265
181
410
681
669
662
372
163
369
587
392
53
63
745
341
118
415
449
347
354
758
501
342
229
811
517
545
962
201
341
518
466
874
928
500
543
942
224
707
664
811
99
69
226
844
411
344
259
860
44
965
618
545
307
847
708
177
744
671
378
437
189
196
312
117
696
855
412
921
562
76
84
13
145
663
858
908
7
469
120
403
435
738
948
94
937
657
271
33
680
1
471
869
198
783
338
246
638
750
519
553
178
604
566
324
267
776
584
626
246
705
30
33
795
330
479
85
339
751
118
19
104
589
888
302
372
579
901
363
681
420
916
860
376
482
536
995
259
120
974
857
825
356
242
621
686
721
706
26
824
176
397
929
766
638
583
490
217
484
853
898
905
769
110
633
252
646
629
863
767
603
720
944
959
314
917
997
387
975
375
564
152
773
493
918
411
428
408
980
265
262
230
522
383
341
155
987
987
136
850
106
739
922
403
50
236
320
400
976
296
775
540
448
900
385
718
663
813
478
643
78
740
874
600
476
215
108
463
554
244
314
13
984
588
416
386
177
88
786
153
384
914
693
184
814
78
254
830
891
733
473
322
825
699
922
301
914
382
765
821
627
431
834
963
19
602
349
196
690
488
349
75
754
394
611
568
472
866
398
364
599
224
38
424
923
312
78
190
695
843
363
322
626
549
285
997
151
986
546
841
474
247
268
580
642
880
149
114
98
899
830
49
475
868
825
751
181
903
293
228
98
656
550
724
205
187
722
356
173
620
549
0
867
818
580
509
50
81
976
148
333
806
197
160
27
374
911
560
278
204
788
376
212
690
453
769
877
527
125
402
147
27
754
14
845
687
524
247
120
500
395
805
658
944
966
685
318
229
597
948
786
385
325
998
427
130
768
656
657
245
411
804
272
165
818
469
204
694
716
677
546
463
834
557
759
800
594
430
382
192
378
168
577
55
518
357
185
286
13
842
884
424
998
508
942
817
978
498
863
46
175
762
510
10
319
621
162
913
51
544
105
782
64
35
837
583
392
375
221
757
569
105
182
568
966
476
737
944
974
600
990
502
714
852
864
33
474
26
299
877
923
404
659
339
791
849
922
535
576
496
293
145
953
827
65
919
303
802
863
277
755
206
779
469
410
995
855
236
374
154
114
297
910
125
988
702
326
911
589
254
759
882
752
712
709
817
632
12
972
495
642
727
53
773
548
816
769
755
52
143
261
518
792
172
996
780
226
674
43
815
929
802
698
681
515
759
498
499
124
470
346
766
549
400
539
450
216
308
205
620
803
467
491
947
991
487
728
217
161
123
384
90
278
434
123
145
194
622
644
318
444
990
84
346
742
975
148
310
636
353
931
439
172
422
387
163
261
467
732
422
942
117
865
220
551
988
717
97
962
361
415
759
352
851
105
446
827
253
757
463
958
688
254
483
462
993
646
723
812
731
497
755
848
362
327
751
703
45
849
665
406
264
424
110
468
881
557
295
486
314
110
445
354
364
280
168
710
926
243
522
9
740
277
209
455
957
961
510
2
810
175
760
426
952
871
246
185
780
541
672
94
3
469
800
368
749
320
430
27
563
952
37
655
582
246
462
539
559
972
541
721
148
301
148
452
524
746
637
304
288
309
750
291
778
902
11
879
222
441
907
785
746
296
793
328
542
255
219
102
228
112
175
728
765
675
180
290
422
817
946
710
127
697
353
257
951
717
489
174
510
748
311
256
44
104
936
938
360
507
392
940
619
568
668
385
243
848
675
665
665
621
727
144
670
81
754
974
150
243
148
660
343
811
269
387
916
557
325
628
65
70
920
684
638
588
69
881
436
96
899
453
70
626
598
92
59
704
66
209
299
566
222
642
378
491
29
646
400
706
626
465
776
546
502
766
134
571
648
922
20
899
375
90
525
325
534
937
381
601
146
680
519
720
322
897
563
703
895
964
762
873
429
538
419
931
305
905
855
305
179
875
556
555
317
81
232
851
370
614
804
869
294
324
589
969
573
153
672
821
469
786
694
250
325
466
534
982
723
389
639
903
616
195
810
285
628
42
488
999
8
293
868
303
969
809
624
894
314
648
67
783
435
762
34
112
580
568
94
303
309
85
558
277
632
368
562
612
763
402
963
771
47
183
426
16
993
50
263
659
699
330
443
134
444
477
598
24
397
44
680
706
129
238
335
113
959
897
725
722
299
41
493
347
224
920
715
569
970
978
229
21
661
24
507
105
501
105
482
250
149
162
308
630
752
643
743
711
892
821
433
191
862
279
890
438
199
606
360
521
936
941
543
949
965
402
407
818
508
889
68
9
403
728
640
155
371
735
219
263
556
4
806
770
283
697
561
482
655
273
4
943
214
899
245
179
301
652
349
161
541
769
171
944
497
811
451
868
898
22
483
807
27
289
929
310
338
490
793
345
763
149
289
329
400
534
860
701
538
209
863
79
978
386
375
827
549
178
695
447
201
530
254
228
820
184
890
510
26
35
856
142
184
497
471
936
383
684
638
921
893
853
352
224
239
727
51
140
257
99
587
458
629
194
38
801
378
929
312
756
964
520
898
501
369
722
437
752
406
427
25
651
632
377
875
871
456
279
11
713
730
951
524
359
145
914
513
875
195
177
631
512
697
530
13
66
252
802
170
10
582
195
661
214
572
889
438
380
520
801
445
250
752
969
609
249
236
474
124
431
651
756
943
348
638
308
766
242
463
936
252
45
131
265
259
55
506
49
435
26
851
881
276
955
202
238
205
438
712
329
222
364
437
165
64
75
826
183
669
289
119
921
686
603
539
297
658
45
347
446
72
198
679
700
505
881
290
710
672
3
392
894
719
829
411
135
257
237
318
926
878
790
200
564
393
739
862
403
136
561
849
208
111
528
261
616
762
551
327
434
906
719
680
977
900
91
465
157
681
783
436
559
573
636
476
318
727
690
722
863
251
571
424
714
452
37
330
214
588
9
0
847
80
32
176
981
475
641
490
156
777
278
68
350
914
544
669
993
586
743
857
837
314
633
551
118
670
233
332
610
243
684
457
675
68
634
8
544
627
499
52
404
777
120
107
44
16
128
37
602
871
246
791
185
879
694
304
549
280
988
160
523
25
969
550
445
955
559
989
583
58
394
987
187
866
446
583
235
574
621
189
445
219
981
983
451
27
639
352
307
979
864
182
4
834
733
450
141
292
791
724
702
537
64
241
404
510
825
639
437
798
828
882
17
161
217
820
189
856
173
496
836
37
31
192
223
764
994
365
408
138
89
462
675
505
703
79
368
528
70
805
678
899
39
696
60
257
868
601
465
41
450
301
79
481
846
302
597
840
667
357
978
109
819
6
966
874
85
334
403
156
491
433
407
531
481
819
140
350
421
957
391
871
611
470
704
457
125
301
649
144
658
980
605
829
986
572
703
423
258
458
579
750
892
338
633
373
158
125
723
931
82
467
802
693
937
858
150
414
511
152
911
521
132
516
350
118
440
405
541
699
864
473
801
756
811
434
481
321
911
557
252
993
24
406
39
313
264
189
728
775
693
991
296
825
507
998
943
300
404
837
999
268
310
152
376
473
938
209
795
849
766
47
194
790
806
233
104
422
775
184
198
468
175
846
294
34
845
589
334
601
426
685
221
736
189
597
210
127
158
357
976
925
756
171
67
562
756
523
985
531
59
535
0
586
381
294
621
578
235
307
179
662
345
400
750
534
349
960
662
508
669
990
785
426
513
852
340
270
728
677
801
787
212
153
374
946
447
347
876
35
6
408
697
351
160
447
238
862
760
252
722
429
242
507
207
108
711
900
378
791
577
531
579
142
685
305
440
484
652
668
519
658
428
216
362
589
664
600
803
776
204
525
557
798
384
765
906
447
17
284
239
594
816
170
88
853
475
880
337
127
549
857
137
977
73
499
918
89
451
721
865
655
598
423
454
334
540
360
782
557
997
373
503
165
895
944
18
370
824
355
849
725
212
986
703
638
486
973
727
937
47
945
945
645
720
399
332
612
759
466
521
108
839
24
273
734
320
643
456
497
999
305
222
563
291
277
201
777
251
281
67
650
578
12
295
298
763
979
910
874
445
783
983
284
159
608
370
480
252
826
977
603
131
551
166
775
829
720
904
432
1
971
82
579
335
729
229
98
709
491
973
154
274
308
791
433
916
161
265
520
340
242
123
823
794
290
598
975
10
503
407
363
826
489
294
162
570
523
612
279
366
937
786
640
597
577
425
866
90
691
386
430
285
510
606
431
152
204
406
514
59
813
229
886
654
523
48
577
398
12
856
764
302
994
756
899
571
181
765
14
224
152
796
510
14
402
941
166
959
700
32
18
865
261
904
872
136
304
449
534
317
657
650
619
652
406
870
575
939
636
589
164
788
738
26
802
140
319
320
451
19
704
470
885
317
374
109
453
31
558
339
700
567
989
319
219
395
541
147
686
177
88
202
965
826
228
119
319
548
791
122
919
847
592
156
164
319
265
617
350
175
956
50
743
945
721
314
692
262
461
731
440
902
933
757
728
162
229
399
62
372
522
333
220
466
490
384
785
755
2
487
931
310
537
26
608
610
340
652
225
154
383
17
56
669
126
784
831
355
536
245
728
410
578
948
876
420
332
662
176
686
501
459
349
391
837
957
1
177
609
578
331
345
595
387
14
722
524
197
429
412
794
157
822
372
457
698
793
142
712
321
828
214
132
177
605
969
486
958
498
448
537
182
793
132
569
159
206
445
356
636
857
502
793
679
226
603
730
19
745
442
692
925
8
176
455
965
497
941
924
348
741
461
530
534
945
99
45
504
897
753
140
754
255
285
786
482
888
516
853
985
310
898
911
671
74
366
636
924
659
560
272
401
373
802
287
671
253
685
175
150
438
315
257
694
952
43
528
841
911
381
826
573
631
89
244
706
807
233
982
467
145
254
220
871
408
507
542
661
192
717
164
983
384
421
677
688
816
557
529
79
938
708
4
570
149
601
628
957
834
962
424
331
216
644
202
976
503
744
637
48
813
153
31
549
926
60
238
94
617
119
173
907
179
178
829
329
131
809
286
965
771
62
296
339
58
499
315
561
595
305
961
761
458
992
310
737
52
900
831
669
20
5
929
199
535
758
880
666
568
518
983
339
580
631
31
990
482
346
904
78
3
865
839
462
858
501
199
910
402
382
932
422
387
861
973
274
971
206
292
539
724
275
231
657
907
262
647
741
960
551
819
964
417
10
778
627
864
329
537
266
711
821
40
451
34
365
725
6
571
18
545
648
645
128
305
552
390
304
646
703
856
817
667
625
828
797
252
44
126
141
310
837
315
702
288
349
67
366
355
991
384
253
639
29
733
296
934
476
600
580
179
808
397
198
433
577
995
37
621
121
179
283
310
494
337
951
195
757
317
903
748
701
508
739
82
241
387
368
69
987
948
248
148
698
446
581
275
793
971
249
266
150
884
577
996
222
528
543
979
845
446
79
898
954
170
332
548
557
701
617
544
1
866
44
699
664
626
327
810
597
928
76
99
812
653
447
386
533
990
717
730
437
796
980
743
966
313
291
523
366
261
420
367
479
464
419
495
442
98
305
391
378
382
842
190
387
289
929
921
632
646
651
421
443
632
164
761
297
808
637
663
69
409
382
548
225
153
43
20
251
701
411
629
83
606
172
470
247
101
743
879
99
395
300
894
379
817
656
676
625
645
691
46
54
73
946
631
579
341
651
182
42
415
812
477
21
336
948
620
789
691
500
888
438
152
783
817
969
791
845
946
788
536
992
194
962
938
825
893
280
829
75
674
244
887
152
617
575
100
237
364
143
89
605
934
242
740
103
211
883
949
158
671
837
502
865
151
441
690
44
73
519
120
747
115
359
899
84
287
351
674
3
847
763
960
781
5
700
236
569
583
185
79
606
375
581
471
878
22
514
275
447
385
395
547
853
106
446
937
745
150
611
749
997
727
709
130
732
762
366
653
697
904
732
304
279
314
127
509
688
641
784
136
379
179
683
232
638
481
521
383
631
133
484
980
212
546
110
944
308
829
598
5
733
682
661
364
996
789
873
37
782
658
525
161
189
560
745
179
41
267
915
25
752
399
357
964
945
820
908
605
649
858
611
382
893
272
98
241
413
971
278
196
629
803
357
171
363
103
350
757
722
265
134
474
665
491
438
962
663
698
568
312
909
531
46
802
803
144
43
569
468
674
765
97
477
474
268
193
929
619
302
651
236
436
125
901
279
915
216
295
614
784
607
875
315
6
677
470
502
72
39
970
746
156
420
576
631
40
121
560
11
423
564
248
211
689
501
842
957
717
137
571
853
97
446
168
455
475
991
957
899
382
280
998
539
700
926
522
740
47
434
752
822
998
352
33
40
853
227
997
571
717
920
424
814
718
945
621
545
936
930
444
670
210
794
209
262
720
83
3
767
518
107
589
516
811
974
908
664
202
905
235
271
177
12
437
895
957
58
440
245
988
237
915
551
31
477
813
752
560
168
871
430
627
813
947
438
787
207
103
341
465
690
612
642
54
49
890
363
459
682
608
448
919
876
999
303
705
164
407
617
333
278
48
960
91
347
399
231
554
854
572
19
896
537
662
951
938
904
314
398
586
275
198
858
503
197
161
560
713
568
177
46
198
577
359
642
924
110
873
831
964
797
850
860
686
864
163
625
768
478
23
707
753
221
565
608
770
726
168
483
646
345
882
844
923
241
838
199
703
63
30
19
861
233
231
547
97
395
524
218
873
899
925
978
120
490
586
242
568
106
78
214
451
960
410
726
553
249
278
256
312
308
275
525
541
506
425
991
253
949
209
126
849
486
456
321
976
394
916
544
500
994
110
304
306
520
382
859
121
660
467
786
321
94
663
214
952
88
205
206
390
766
684
591
252
141
912
580
887
828
476
388
174
586
44
480
459
426
339
932
439
158
718
760
252
382
326
557
822
884
763
212
650
799
803
255
292
68
187
180
896
664
568
71
602
964
903
61
390
243
346
829
753
64
941
358
798
268
915
621
152
30
833
154
829
989
761
122
57
949
302
305
965
222
728
919
186
632
333
928
227
679
110
980
743
51
338
894
671
605
515
823
987
700
330
817
689
91
291
98
392
945
756
709
519
484
629
57
468
962
985
695
993
447
28
736
499
718
630
522
324
497
698
311
198
28
480
239
471
123
690
216
68
446
277
587
930
906
996
751
220
982
798
213
781
826
302
632
545
284
155
221
782
853
884
332
881
717
571
704
840
261
920
909
59
550
848
342
456
845
93
29
179
891
594
960
718
248
593
615
533
748
188
667
953
72
999
186
141
922
890
982
536
163
243
595
713
91
937
521
288
30
902
819
922
497
132
992
97
725
959
630
825
147
297
130
571
648
316
713
571
558
47
107
721
290
54
786
733
992
660
374
22
562
193
296
411
325
640
509
402
599
491
579
746
141
709
670
789
25
383
712
584
430
171
657
72
226
796
157
218
456
531
592
18
725
889
782
402
881
291
805
481
782
384
227
923
446
897
65
823
632
777
407
414
949
417
838
175
213
996
745
669
527
337
39
604
578
821
7
460
464
164
293
247
900
872
522
346
770
587
522
754
365
929
521
666
698
359
193
263
355
290
284
235
627
324
839
558
497
198
370
962
714
15
561
615
887
83
313
9
23
835
764
388
117
285
406
167
644
599
431
352
889
715
587
868
39
426
778
889
977
500
203
691
515
764
658
403
199
972
412
222
159
528
962
628
165
368
796
162
319
227
514
208
942
101
429
334
879
559
223
856
60
426
900
927
542
558
682
741
882
447
316
42
975
278
22
493
999
818
655
318
397
169
879
340
622
660
674
501
219
249
710
631
27
610
559
569
168
241
662
51
688
978
445
16
609
467
509
608
638
516
278
35
685
509
375
307
169
401
160
741
2
870
372
29
480
931
950
1
525
613
52
565
943
849
933
904
668
442
864
306
958
143
342
995
652
69
654
174
471
815
915
825
37
287
855
870
571
805
871
448
770
275
13
66
124
947
970
792
741
835
99
52
330
793
399
334
862
54
508
685
221
775
511
610
415
718
480
986
875
351
434
998
626
799
64
102
98
386
895
192
573
346
244
255
491
995
590
353
401
450
391
622
226
254
585
641
324
65
979
199
417
765
549
395
564
965
498
15
352
745
207
925
91
803
181
582
798
123
287
552
925
30
526
151
284
111
144
960
177
475
160
594
240
61
341
157
27
839
172
379
584
731
656
27
534
189
961
684
664
601
236
590
631
763
93
268
874
590
228
51
65
740
997
658
802
339
167
829
178
339
560
115
70
568
494
956
758
456
640
774
57
877
364
40
640
458
308
514
48
889
566
465
981
563
123
783
902
290
964
433
981
876
900
403
445
394
359
555
850
0
329
259
877
46
652
869
504
312
383
904
201
301
369
183
865
493
318
119
135
635
904
117
863
804
520
660
199
232
215
401
232
897
13
461
943
665
330
799
977
65
703
531
367
72
66
584
917
384
703
53
371
960
522
235
764
394
895
315
978
463
717
210
360
82
23
655
747
705
454
76
771
509
607
138
581
673
722
851
410
777
256
133
737
778
368
854
524
616
169
503
79
238
65
791
320
89
798
419
146
604
848
917
113
807
55
46
833
129
897
243
259
153
376
996
283
97
202
808
713
372
663
792
962
728
935
635
169
733
406
316
337
254
585
450
62
993
496
895
122
394
490
381
899
218
730
183
315
932
343
28
656
6
172
619
86
107
254
608
840
12
276
177
267
861
979
681
854
828
576
329
222
418
62
473
636
792
656
952
725
351
332
381
709
505
352
148
964
606
756
805
619
384
334
238
597
666
919
804
494
847
133
68
617
195
541
253
988
550
557
65
901
890
798
963
747
151
111
711
109
219
868
80
603
555
318
552
221
589
356
715
788
489
783
405
37
676
659
377
226
216
442
480
458
240
443
205
743
906
269
853
125
137
933
80
692
604
632
265
193
341
980
334
182
115
739
219
792
750
596
370
319
390
850
777
983
645
335
726
551
956
579
28
93
513
460
138
469
445
403
14
786
384
348
968
851
88
540
643
838
136
14
157
879
216
287
862
862
974
588
765
930
168
146
23
33
606
513
502
51
917
516
189
653
217
158
856
305
698
500
495
186
866
5
65
434
292
279
648
618
868
414
548
388
912
923
421
518
437
275
922
706
143
111
711
360
269
567
17
319
419
513
858
637
870
275
72
162
555
720
132
775
486
680
163
398
955
584
269
392
211
191
450
354
302
513
67
924
433
84
243
204
597
453
842
819
729
266
333
636
338
465
411
825
145
926
575
101
510
844
845
73
387
648
427
690
513
494
614
946
931
209
151
880
663
345
700
744
611
33
732
949
499
495
126
996
421
54
97
283
250
295
356
638
295
135
328
808
982
294
755
913
503
258
793
518
603
493
614
214
527
698
515
26
193
642
22
966
696
472
249
946
119
957
936
414
93
616
222
75
910
329
988
766
939
133
636
542
627
603
108
154
301
624
532
847
618
554
165
666
378
415
964
497
724
901
263
817
517
838
244
428
519
584
546
459
718
182
1
345
137
462
851
439
438
383
638
56
289
803
722
20
570
686
517
295
939
133
464
457
971
709
237
490
645
783
949
715
317
303
412
455
765
263
246
203
998
884
611
640
39
333
660
610
371
529
905
311
662
721
120
633
782
357
476
428
492
777
143
161
80
556
616
197
171
214
752
522
98
363
162
490
48
174
100
772
55
357
435
718
78
555
703
213
264
531
641
108
309
136
269
389
44
238
939
216
452
691
90
551
407
252
41
807
778
493
579
833
850
14
903
280
921
607
493
185
138
486
293
447
975
915
189
19
153
128
587
605
171
677
508
578
281
901
386
59
394
317
893
596
332
796
229
605
755
74
143
246
561
436
693
536
351
234
907
856
362
495
462
886
172
970
464
454
872
202
865
618
520
758
567
204
907
796
809
14
870
952
260
783
741
306
671
444
540
579
301
255
426
115
141
598
85
957
404
309
160
270
928
32
380
847
236
639
643
397
654
865
702
266
1
795
572
24
239
465
603
892
720
381
7
213
980
445
170
736
754
330
358
34
714
739
881
950
730
876
700
736
94
754
3
95
549
575
119
140
40
75
33
112
456
392
325
788
837
496
877
944
178
235
330
893
326
564
195
57
440
247
793
886
1
148
333
550
724
805
43
116
232
428
229
40
820
554
829
10
402
58
306
933
293
636
178
972
200
725
29
993
973
174
231
326
323
565
229
399
370
272
515
602
700
744
642
872
651
823
234
405
881
540
338
527
177
868
499
729
594
880
74
567
406
306
245
81
871
474
480
593
746
996
547
798
92
541
23
95
717
257
501
598
798
191
477
327
60
976
56
654
208
131
573
615
437
818
696
660
293
177
253
391
525
152
190
969
693
213
65
410
822
918
361
620
109
838
947
169
167
356
175
375
839
748
990
628
919
39
288
212
568
893
955
93
45
145
414
738
710
831
149
533
749
862
505
211
700
805
732
219
161
908
595
352
8
937
980
927
976
268
139
544
513
95
989
558
592
404
648
655
235
149
540
337
11
45
548
64
202
632
283
363
540
878
715
549
168
47
828
144
667
320
41
180
767
30
90
359
786
739
366
374
240
906
63
604
304
963
668
506
595
951
222
136
182
289
37
350
337
865
846
356
537
239
537
304
270
979
16
408
718
382
782
311
641
197
915
945
160
583
803
756
886
377
244
420
667
281
122
356
498
969
712
388
560
601
692
182
581
708
591
651
91
725
962
84
923
877
29
83
812
184
839
699
562
83
471
229
716
594
937
567
915
649
955
475
603
999
658
184
708
601
835
151
326
798
235
601
27
616
685
192
800
876
243
362
312
714
943
380
308
232
299
223
234
606
51
837
606
61
21
314
662
856
817
340
6
52
942
386
668
627
578
820
855
821
535
519
535
830
900
196
63
199
771
297
806
822
486
764
883
507
430
897
715
247
238
74
299
180
460
319
159
38
491
366
211
26
886
746
857
786
294
272
337
66
569
495
240
55
259
124
914
689
373
629
288
611
703
939
791
515
258
302
905
750
669
116
128
555
215
985
693
509
257
30
575
178
878
816
585
489
292
851
531
17
481
819
629
536
759
772
404
369
75
309
119
744
426
600
651
993
585
344
502
195
726
430
725
604
598
663
94
242
514
977
259
347
796
240
236
907
13
640
277
88
949
748
184
727
348
835
720
934
531
575
481
257
357
206
214
307
869
660
549
384
637
160
731
785
401
319
693
414
959
970
854
261
718
390
988
67
577
61
353
108
988
186
717
345
392
283
652
614
943
553
350
932
713
433
70
466
753
763
880
712
85
86
973
155
476
314
222
53
727
927
161
715
465
231
412
858
514
416
824
810
969
526
94
34
959
164
501
64
927
381
129
12
468
454
520
296
768
94
350
847
22
511
562
487
742
974
697
609
742
873
419
711
399
513
746
711
678
599
775
957
332
256
322
152
711
842
449
831
936
799
679
310
310
593
150
405
568
199
14
662
73
785
374
824
298
472
535
328
71
663
286
403
271
960
556
982
802
5
814
738
804
845
401
466
438
551
223
358
750
589
21
175
374
395
0
25
219
887
353
290
902
991
45
174
951
601
508
753
958
674
844
114
519
597
581
310
148
156
668
250
746
689
426
120
436
426
497
7
665
851
297
568
842
695
94
146
648
602
251
607
277
447
73
148
44
6
458
192
163
127
443
909
168
869
381
957
647
879
964
312
82
614
880
276
309
326
422
309
929
26
916
558
473
342
706
518
348
517
62
511
644
505
772
164
726
506
121
725
737
438
38
171
52
270
447
713
597
222
22
878
248
291
436
73
633
494
591
333
11
654
845
7
511
969
172
590
475
645
315
564
435
353
735
839
976
183
552
573
757
927
451
357
570
887
430
555
381
22
888
745
28
733
752
539
55
276
129
882
922
445
447
357
150
182
549
126
717
101
51
474
380
502
831
950
741
262
505
475
636
394
220
664
479
324
555
534
601
685
769
875
482
216
584
984
398
133
463
116
587
514
942
967
369
126
270
110
388
775
937
376
521
509
40
353
834
947
239
435
984
8
662
466
224
246
803
975
380
266
443
967
780
385
286
149
511
556
612
251
684
549
979
557
411
19
910
245
967
502
32
303
510
694
770
87
292
925
414
672
191
857
991
323
594
630
825
106
186
437
709
870
338
689
780
749
60
42
346
379
544
378
683
407
424
805
846
717
730
260
741
273
117
733
596
711
363
773
169
901
562
231
124
901
920
904
2
332
946
349
712
843
79
747
250
504
552
96
221
634
356
962
907
825
47
855
888
762
981
410
16
543
641
140
444
913
44
447
597
342
148
661
185
227
408
787
731
312
883
304
946
591
619
205
768
666
413
9
781
394
419
797
937
412
937
734
677
333
533
274
27
681
936
565
908
696
352
992
9
236
296
307
179
267
513
948
934
278
957
67
672
728
864
609
492
153
343
169
838
876
795
865
909
83
430
170
780
783
162
141
371
810
448
550
430
961
850
364
239
159
783
263
887
999
225
731
152
920
252
342
149
48
207
58
131
990
228
263
125
742
404
848
905
853
398
335
166
601
51
758
760
834
21
0
185
246
731
337
167
984
679
316
384
238
726
867
580
955
131
57
49
535
905
306
740
656
641
907
257
44
17
369
230
38
721
415
637
453
104
156
789
783
824
525
374
550
392
306
857
523
364
907
411
621
213
503
277
207
762
886
251
779
608
834
170
329
249
159
134
354
315
275
489
139
800
215
689
193
522
547
68
238
806
831
859
371
335
489
930
449
727
534
229
335
368
751
665
617
910
799
323
577
75
165
716
227
380
757
420
254
656
841
492
814
672
704
186
359
545
468
809
272
2
390
608
370
141
625
340
403
424
15
980
851
180
48
79
913
805
851
167
462
692
12
628
365
716
814
76
613
283
885
885
637
275
845
360
768
470
52
523
895
67
503
98
600
551
529
513
709
381
680
523
73
692
151
790
760
318
867
373
953
752
611
590
380
456
950
500
927
2
24
174
422
527
624
22
431
154
535
140
535
215
663
960
260
814
751
20
132
970
746
437
722
709
28
454
165
978
955
444
333
979
970
755
858
595
777
641
101
312
781
636
879
796
948
139
963
699
512
447
669
258
885
744
967
913
198
484
243
505
281
928
836
251
683
695
198
812
688
299
476
470
287
708
266
236
847
581
287
711
29
957
969
914
53
288
179
603
125
422
109
406
703
297
9
738
344
560
551
33
211
379
503
499
87
121
87
287
703
374
998
84
683
320
998
88
960
529
692
85
951
153
843
6
450
205
745
795
117
648
180
328
379
683
179
467
156
266
106
211
993
456
295
28
128
645
117
89
174
161
526
478
314
722
484
116
927
581
263
396
229
443
724
609
478
904
428
635
522
534
198
867
342
846
248
471
491
717
560
18
878
438
496
544
160
332
660
439
914
924
835
495
367
560
104
198
816
532
833
690
418
383
910
113
229
158
584
73
875
496
91
105
934
939
649
447
271
661
886
537
937
74
385
657
634
489
855
802
374
40
844
144
423
754
257
653
264
193
726
491
41
169
596
976
108
597
775
731
259
661
621
196
735
6
853
721
495
708
875
221
100
720
718
524
826
975
529
443
521
607
934
562
776
883
890
884
480
665
967
91
679
588
288
766
594
493
840
442
554
715
663
654
787
381
178
614
709
59
57
582
666
343
496
442
226
387
678
707
404
646
150
435
234
790
202
829
284
42
271
190
109
286
844
897
20
375
863
729
786
272
663
453
615
159
895
842
898
574
901
303
572
403
90
806
194
292
987
830
686
258
20
796
897
216
45
917
591
908
998
378
180
661
183
147
820
430
341
719
4
594
374
928
998
464
735
192
109
722
22
147
333
42
943
230
610
988
499
202
248
497
932
428
510
467
928
682
897
269
753
254
864
127
182
862
944
917
406
405
992
428
552
325
822
848
907
432
836
758
986
437
607
270
217
117
737
145
151
635
415
905
889
279
384
423
493
328
341
899
733
685
679
638
10
501
486
269
285
674
27
624
111
986
894
329
103
984
474
606
971
241
511
212
872
896
635
365
576
328
616
662
13
295
300
375
148
786
644
786
460
23
410
924
9
656
253
464
640
79
71
963
673
934
175
545
830
811
263
407
139
879
421
153
527
721
528
675
859
525
813
671
900
223
595
910
880
200
726
872
632
149
836
305
84
363
202
266
174
465
25
666
697
446
171
224
167
51
251
378
576
65
50
829
640
645
91
872
846
817
97
478
319
933
135
403
648
337
21
175
155
47
841
852
493
364
428
13
415
679
391
344
96
793
173
89
439
264
961
637
433
58
467
752
343
602
507
992
291
529
167
446
928
360
298
773
724
78
786
491
758
530
187
206
675
712
295
114
328
257
103
762
667
570
866
11
172
374
355
464
255
874
910
183
234
561
308
310
639
447
153
749
977
341
308
4
53
603
119
382
212
222
496
232
793
362
595
317
88
950
133
695
824
396
230
410
309
539
720
948
986
873
50
315
566
710
319
620
313
790
354
878
13
850
462
158
212
57
827
653
7
961
348
183
709
579
593
18
118
665
318
104
538
368
419
105
78
90
77
744
881
431
974
894
281
436
404
845
493
583
498
852
544
199
35
253
778
628
623
248
293
942
352
183
662
123
640
741
213
717
837
446
500
163
692
133
951
96
331
796
680
181
648
576
380
35
182
510
15
805
758
660
747
462
843
410
585
836
503
151
905
692
949
406
207
642
891
158
90
222
306
770
404
306
699
136
341
881
647
356
38
405
368
786
868
211
548
805
399
51
308
305
95
258
63
302
900
954
460
990
177
766
113
933
72
812
69
765
45
716
473
83
474
841
221
342
404
769
147
804
172
456
109
267
714
172
569
614
126
381
956
655
499
69
940
923
881
10
688
278
78
513
362
552
354
583
246
759
705
746
915
877
202
24
145
268
548
66
234
26
448
190
34
299
260
974
223
493
336
263
772
767
777
486
319
483
421
918
594
126
664
509
4
866
885
501
486
785
567
720
812
367
262
846
19
874
172
242
720
509
857
492
276
986
330
947
470
751
865
416
878
529
926
234
747
163
735
585
949
654
657
761
22
920
959
41
794
131
635
514
992
844
358
620
831
688
568
653
792
785
69
670
667
347
904
766
511
991
352
460
645
361
573
19
281
532
412
428
15
47
294
8
244
5
980
75
45
900
80
837
686
149
507
705
849
763
823
360
754
527
172
400
889
745
419
170
629
832
950
644
231
245
4
827
602
985
902
647
237
334
485
923
836
344
980
685
108
804
45
862
331
217
614
572
962
386
743
943
570
45
587
153
642
944
981
244
281
235
892
518
570
377
794
406
721
774
91
181
930
488
396
614
705
10
186
19
748
281
962
318
327
901
824
969
845
805
214
126
40
458
645
962
835
791
720
908
565
811
90
848
299
486
462
356
848
0
727
597
282
41
267
961
943
91
282
140
248
848
619
641
306
616
955
493
407
676
402
972
839
844
172
491
682
634
847
530
635
927
479
269
968
99
582
263
542
864
404
143
713
23
784
19
639
739
865
46
767
619
370
607
463
543
98
145
529
297
27
516
224
859
785
193
310
367
808
852
584
212
347
297
587
131
668
578
223
533
624
990
152
347
949
967
242
47
464
771
345
844
288
569
703
425
114
365
145
923
569
729
487
917
26
75
400
46
653
623
580
630
966
84
329
915
52
571
315
516
342
660
360
982
581
415
408
48
780
553
323
350
634
810
619
12
237
19
58
243
995
638
225
961
75
554
228
127
125
895
643
819
907
356
802
841
123
562
889
904
467
212
606
101
374
225
113
964
596
171
207
591
162
432
904
237
338
485
716
463
380
711
282
288
67
436
129
191
998
370
447
465
934
405
918
660
982
31
624
578
555
183
522
69
967
426
658
305
911
374
768
644
85
403
284
505
191
765
48
190
487
847
7
421
604
926
81
586
309
58
516
864
241
38
285
209
817
295
514
728
669
635
724
107
390
360
964
581
125
364
771
612
211
131
385
167
57
467
753
366
877
269
583
118
660
220
679
477
516
546
557
537
533
282
996
923
642
960
856
120
676
628
732
239
111
118
406
168
937
159
886
814
781
469
284
793
690
316
270
558
214
827
95
747
461
92
22
456
404
878
576
81
858
660
320
969
130
727
137
419
238
24
585
371
845
222
164
887
538
434
445
104
614
893
851
427
985
225
883
741
103
811
822
962
472
143
283
954
222
773
374
460
149
959
832
994
181
996
234
71
783
31
175
397
924
378
176
261
603
60
3
707
871
177
21
695
320
656
2
894
429
376
355
578
687
539
925
869
887
159
940
670
542
468
419
467
846
596
80
450
8
83
509
231
613
530
279
933
186
281
180
968
9
535
546
696
426
471
565
313
982
858
336
525
326
107
344
172
55
424
974
415
860
483
647
473
365
926
758
552
559
938
872
568
825
418
264
603
242
182
269
576
392
957
453
718
64
797
242
472
574
217
239
434
700
886
259
66
164
369
970
75
660
842
643
837
612
260
441
206
442
710
783
834
667
236
904
83
386
498
907
960
715
147
746
768
385
5
186
902
726
508
977
386
702
973
576
314
233
17
521
27
79
656
213
98
892
117
533
278
615
441
590
683
940
336
803
325
693
989
579
420
497
557
158
199
530
86
865
115
103
738
142
534
394
707
984
287
824
518
917
791
311
508
826
251
844
629
928
890
970
508
662
819
417
820
370
299
907
236
414
362
974
908
249
369
615
233
8
791
103
277
934
414
785
761
17
982
742
298
872
713
158
534
532
575
706
903
226
965
139
992
680
465
252
929
186
867
514
194
10
618
472
296
384
609
409
754
591
152
52
815
865
562
701
397
489
408
652
715
725
143
707
405
609
959
686
795
178
201
342
540
171
166
836
907
775
246
661
719
750
65
534
615
627
236
364
116
996
369
183
721
512
242
127
473
201
165
621
731
366
963
623
889
481
460
797
256
58
458
327
160
876
862
127
503
450
843
972
798
212
507
519
77
750
998
550
303
164
171
35
882
486
658
772
967
470
921
224
880
731
903
40
607
765
519
463
567
363
435
717
575
294
237
652
44
587
203
348
103
726
735
338
213
745
462
180
568
383
756
800
114
660
193
722
777
712
537
697
75
324
414
3
618
3
655
663
943
210
363
398
937
98
736
502
195
550
682
763
933
791
916
400
803
109
474
932
821
11
629
897
335
396
900
953
399
907
968
694
470
331
93
759
781
181
261
329
732
295
444
17
86
360
417
241
469
243
174
643
606
155
540
941
551
792
247
951
51
215
645
521
899
90
280
32
272
541
361
356
189
158
373
627
518
143
869
340
386
43
983
345
198
875
286
102
19
885
405
70
453
402
944
704
493
224
736
117
118
450
473
307
608
846
934
478
341
803
818
80
198
153
425
749
28
711
851
399
949
608
470
402
10
414
106
503
990
194
620
108
644
93
767
604
292
702
83
633
857
253
713
408
407
138
509
435
202
712
187
151
320
657
553
330
423
11
834
413
205
806
874
850
900
641
454
192
695
889
177
553
143
891
961
550
381
470
337
583
534
524
734
854
533
639
184
956
650
18
722
856
825
948
58
77
589
512
621
285
402
798
190
897
41
503
447
423
325
136
358
859
661
445
713
194
84
897
503
87
268
577
943
445
525
353
874
466
217
495
751
971
645
293
868
39
796
315
814
121
804
172
332
465
617
45
11
54
295
866
141
915
443
436
712
968
789
586
787
6
433
890
978
430
184
198
469
980
866
283
454
670
808
786
135
425
184
498
479
831
365
972
746
160
760
458
129
901
44
268
260
829
158
590
259
342
788
81
675
654
364
481
324
172
619
811
950
803
310
781
634
27
754
380
187
866
190
668
768
586
936
28
415
95
618
675
437
758
756
464
413
472
945
89
997
565
901
947
368
211
728
355
590
834
87
777
701
278
446
821
864
382
201
280
477
171
307
267
929
415
731
694
239
29
784
236
594
685
183
314
248
264
669
838
450
109
615
503
387
413
324
603
796
525
235
625
48
894
892
978
309
976
672
549
5
456
137
599
493
673
265
741
937
287
931
387
396
547
243
135
960
567
90
108
445
326
734
493
220
978
823
882
954
848
783
311
656
920
262
150
945
528
243
882
815
175
622
563
74
865
698
386
784
788
495
581
466
581
427
687
559
250
921
866
450
704
177
107
976
792
257
922
320
500
156
487
675
130
50
101
347
100
488
484
240
983
65
707
564
492
746
475
95
667
341
545
723
871
652
51
663
261
325
335
114
834
174
141
964
224
243
664
676
731
148
916
714
213
623
630
58
369
457
153
388
799
50
463
22
55
515
37
316
192
724
782
26
898
924
343
474
167
7
150
250
507
66
316
72
42
298
130
411
755
635
152
906
686
615
928
741
482
317
409
675
41
192
701
291
468
396
765
987
755
915
237
262
334
553
335
376
851
465
787
606
453
291
513
139
907
793
232
741
463
993
416
856
537
470
148
5
866
265
992
622
181
581
236
515
134
571
891
337
389
30
296
842
674
161
333
933
306
565
674
769
558
443
626
96
913
126
453
131
391
798
105
924
379
342
791
866
913
34
203
654
417
851
496
91
12
829
24
319
746
50
88
305
493
66
753
406
544
558
890
936
356
995
212
736
337
4
602
603
38
157
257
807
9
106
898
21
935
274
340
682
325
781
339
818
199
444
225
744
2
467
680
359
462
244
447
152
248
49
755
639
206
364
446
215
470
697
589
758
971
929
440
296
62
131
115
262
575
692
6
577
159
38
288
973
282
735
125
883
136
232
522
695
597
320
910
419
17
851
177
989
133
969
637
195
100
104
809
675
796
167
605
307
557
245
281
192
333
758
75
469
991
949
516
940
621
779
359
639
630
889
980
763
858
969
311
959
74
120
986
222
288
943
530
197
541
163
389
874
273
464
695
264
765
212
556
387
991
268
378
973
157
358
737
15
327
48
326
401
520
313
624
808
608
506
358
149
21
747
375
294
564
71
911
329
635
467
716
978
735
446
951
892
804
40
260
484
88
586
237
609
251
213
769
860
71
127
361
92
227
737
387
791
160
650
120
795
117
189
773
205
635
76
449
792
117
709
628
205
648
865
166
899
79
288
111
150
767
473
595
994
562
334
785
722
984
258
517
453
447
642
658
434
718
108
226
835
169
206
393
817
72
911
69
503
199
180
5
967
5
600
961
567
286
99
289
270
357
806
724
804
800
734
590
519
842
169
706
364
375
99
181
447
363
250
302
562
783
308
881
788
260
195
356
547
294
645
817
651
804
893
807
604
628
397
475
822
566
182
186
942
633
720
741
996
322
44
559
105
704
792
894
964
987
602
863
281
599
33
932
403
926
739
360
906
137
835
729
55
369
267
997
3
987
91
999
662
135
910
767
191
703
13
155
42
615
371
324
215
404
608
970
330
700
330
589
189
518
318
244
887
585
594
890
925
685
242
587
172
152
354
363
207
720
870
602
335
241
926
902
997
886
873
680
586
555
269
775
73
587
372
313
524
966
203
449
3
445
388
527
950
95
242
509
815
112
111
502
706
389
405
703
628
630
735
214
537
4
342
963
943
66
276
468
384
479
269
739
277
658
266
579
105
508
440
272
972
904
774
678
293
531
734
273
513
469
840
51
826
182
14
769
600
290
237
984
121
859
723
750
869
341
329
974
849
122
246
173
26
372
204
671
256
938
945
769
759
785
820
937
319
186
707
919
828
296
255
950
507
330
700
376
671
382
702
872
856
300
397
882
673
601
553
929
891
850
50
3
635
223
940
306
409
999
225
238
296
832
540
803
162
592
532
185
326
234
409
182
887
807
64
560
760
970
841
652
820
891
655
808
114
595
114
876
595
692
114
243
876
6
398
391
950
930
576
277
517
338
459
404
497
876
316
257
198
157
909
370
400
564
530
515
512
645
391
107
689
857
702
565
215
100
956
165
31
885
442
900
575
254
304
72
482
620
681
32
129
591
402
529
507
933
44
371
930
787
830
971
996
532
536
211
633
845
377
16
730
819
916
657
425
220
729
907
192
410
939
321
353
694
850
213
979
247
584
261
34
767
232
31
299
120
594
284
965
971
300
47
143
568
704
568
788
785
828
332
548
119
653
901
813
856
466
144
103
403
405
489
170
637
520
821
758
115
106
75
438
758
123
581
327
179
502
115
965
682
800
513
801
453
766
967
309
585
111
412
340
517
902
510
506
774
683
616
241
789
692
32
548
167
613
875
698
467
342
663
149
494
528
303
948
647
270
609
584
381
374
924
250
276
434
109
402
469
725
996
259
769
28
159
936
993
386
987
461
80
650
610
575
531
265
875
530
535
484
114
269
858
390
871
486
176
980
889
645
706
237
904
475
265
415
764
258
801
751
719
234
753
682
809
636
947
684
518
835
168
632
104
379
22
327
865
198
308
106
844
366
343
100
841
608
516
957
219
669
60
290
903
814
972
64
802
272
748
321
459
269
953
563
648
328
890
865
878
550
972
74
916
667
527
110
276
43
67
847
64
128
137
968
294
462
384
96
734
133
417
193
754
723
108
754
403
350
619
281
901
943
708
169
611
235
279
239
630
699
438
694
179
575
14
825
37
399
921
123
884
691
316
990
414
776
744
817
127
715
450
380
11
158
549
974
745
181
565
375
232
3
422
411
578
788
236
616
539
509
91
423
200
408
413
966
536
509
135
15
577
586
395
588
96
297
562
842
830
127
569
62
482
343
825
60
132
413
28
671
922
120
447
475
880
212
441
768
74
577
784
651
515
531
239
611
180
153
805
362
632
727
424
114
70
601
526
202
14
907
226
937
379
25
412
259
237
205
379
311
134
163
962
649
47
553
261
227
706
418
590
338
145
366
804
216
968
331
770
982
238
348
271
617
373
35
228
963
593
607
274
727
123
589
377
170
142
990
749
201
408
691
539
906
58
696
474
378
27
244
712
265
945
984
234
318
371
814
281
964
421
908
692
896
497
69
418
991
411
168
192
171
211
84
77
269
780
551
999
159
148
712
776
445
48
10
763
419
176
397
736
597
305
428
846
154
849
264
497
260
432
690
431
644
126
861
265
258
764
617
417
264
329
545
709
729
555
473
148
731
222
884
680
527
664
878
33
513
143
530
125
927
572
909
923
698
770
541
308
534
158
77
151
839
622
860
568
529
685
716
612
907
953
645
434
617
523
467
483
666
998
608
594
570
869
869
621
639
410
281
526
568
359
677
759
981
537
327
511
223
44
475
482
349
120
917
318
644
736
801
662
86
762
608
9
631
478
982
623
888
263
149
809
622
178
568
956
67
896
467
642
292
294
125
993
415
394
311
59
130
465
721
569
579
330
578
562
160
912
185
400
175
686
209
798
864
130
754
284
378
573
926
22
867
403
15
634
797
678
693
280
495
767
849
74
449
779
637
961
691
174
361
218
861
571
16
77
53
122
361
783
47
288
805
267
43
172
901
841
202
947
121
698
66
322
124
867
453
761
828
496
936
189
714
149
112
83
226
165
557
588
948
957
228
105
224
271
629
125
464
832
424
937
882
490
611
6
357
64
120
185
912
408
375
979
557
487
414
135
5
971
75
305
928
655
411
504
279
392
630
743
576
54
681
810
897
292
169
254
709
641
440
973
49
167
952
958
654
366
445
11
690
521
317
970
176
80
475
455
824
457
551
401
863
584
211
760
228
380
367
289
21
159
263
422
326
215
732
332
934
178
344
624
51
13
594
227
93
69
35
917
878
938
670
742
522
882
854
102
614
221
392
988
380
655
762
706
222
495
39
156
25
735
780
76
748
727
655
193
148
42
110
27
980
133
121
854
367
975
957
981
197
701
321
577
708
436
636
930
283
27
87
308
762
219
384
862
946
391
55
447
434
517
474
414
650
595
621
17
570
578
351
119
631
24
697
339
460
333
269
743
712
708
403
474
928
787
688
226
179
95
673
965
964
499
379
967
94
0
336
17
930
687
136
561
64
185
252
876
870
522
620
582
582
23
408
510
163
96
89
694
543
762
659
508
262
390
475
708
743
811
77
673
851
566
587
915
751
839
791
974
713
763
908
296
139
669
158
302
765
247
348
661
362
7
169
976
749
644
36
492
807
114
518
658
680
105
925
783
296
717
109
10
832
18
658
971
687
816
625
804
416
973
465
130
332
986
106
82
982
142
926
790
608
444
800
288
549
726
424
198
795
533
560
627
903
218
951
942
386
576
99
154
550
916
284
234
903
390
668
237
885
595
27
493
39
180
134
941
258
558
139
53
443
51
32
699
269
983
641
7
912
740
162
814
657
446
48
912
189
717
149
74
312
529
919
703
709
53
644
319
963
135
372
407
186
756
458
807
740
451
815
4
192
329
818
201
127
866
465
316
583
966
742
247
495
662
951
556
715
947
875
31
83
599
790
269
356
248
77
448
699
244
452
243
573
270
796
700
488
613
369
72
580
111
671
427
125
974
984
193
922
211
224
5
163
14
274
871
262
703
319
313
947
123
557
520
745
705
573
233
319
942
657
899
405
329
678
531
303
14
724
225
226
948
582
741
962
857
612
576
560
283
241
860
406
798
732
151
856
305
384
175
599
394
426
5
723
104
888
378
119
612
956
697
560
538
438
874
747
402
802
660
685
43
520
91
194
252
594
50
910
330
577
509
724
355
866
447
811
754
178
282
718
134
979
630
672
769
856
772
171
658
432
856
54
952
299
248
556
893
650
466
224
579
328
948
934
546
748
97
653
926
380
371
412
359
2
436
481
858
208
4
869
640
861
923
944
512
171
501
406
173
319
630
752
999
930
38
898
678
135
551
956
515
922
368
227
276
805
60
135
365
64
4
6
277
279
302
790
450
155
196
975
827
178
727
826
460
765
76
491
252
627
447
768
902
168
347
178
325
407
665
690
823
21
48
101
300
351
891
102
506
439
77
685
969
156
512
429
273
588
920
526
568
720
646
822
888
345
352
213
752
18
255
927
391
304
28
44
7
271
146
865
710
576
551
679
732
415
461
358
355
733
884
275
453
882
97
693
227
450
258
331
820
514
258
211
170
639
255
529
910
754
394
621
330
297
652
414
712
465
772
420
199
8
695
4
242
793
698
469
243
308
152
63
174
763
626
344
402
234
873
312
988
620
933
670
269
938
436
982
403
561
402
954
569
97
959
164
242
9
985
485
669
138
900
844
901
527
540
655
761
766
967
101
386
253
771
655
191
559
989
946
120
743
253
42
193
212
206
435
573
191
273
242
681
173
438
934
52
979
589
813
745
557
266
131
810
389
138
353
949
480
651
421
223
904
463
416
468
21
204
41
565
477
636
246
650
74
181
703
405
770
868
150
679
135
633
489
524
124
194
825
604
846
247
179
750
62
596
219
84
152
612
649
629
600
247
279
27
428
334
432
551
203
935
230
690
568
72
566
692
266
392
648
464
991
828
567
53
776
138
137
928
102
138
557
703
386
188
82
166
523
514
717
78
449
300
768
370
724
686
62
342
78
711
807
69
539
726
475
315
864
612
243
966
103
152
669
841
340
103
7
215
618
77
645
419
729
413
789
453
452
204
795
530
915
954
952
806
680
427
473
544
391
68
511
846
220
532
687
912
636
695
480
606
124
125
25
853
891
167
306
343
371
453
225
638
408
529
796
88
308
269
633
700
689
496
546
261
380
586
525
16
281
5
974
757
131
352
610
374
519
268
717
242
721
942
232
481
824
28
570
132
649
555
184
338
51
83
951
431
669
476
800
302
482
774
59
965
478
21
339
997
289
56
591
362
350
823
844
174
851
414
659
500
969
843
190
372
926
141
155
595
618
955
897
452
82
308
417
560
329
756
910
618
164
501
333
866
325
177
393
528
943
52
381
264
895
571
988
174
65
143
121
35
99
19
487
533
679
256
93
9
364
355
979
528
857
664
746
534
841
139
62
136
543
443
752
791
367
740
965
784
884
86
819
335
457
306
220
137
914
313
498
278
669
829
158
878
494
904
412
687
396
826
824
939
622
928
82
341
21
47
125
257
486
944
592
295
602
812
784
516
477
634
794
498
464
304
376
958
208
140
645
956
967
821
248
589
750
330
930
771
730
407
28
568
351
972
863
305
136
0
821
613
634
967
464
98
271
192
56
831
333
702
140
652
523
388
593
625
718
875
396
800
282
776
368
985
748
584
290
884
584
463
850
570
782
666
669
405
858
77
588
543
131
728
195
7
116
140
632
187
15
381
987
649
157
708
634
906
292
276
142
228
739
992
150
873
10
819
278
869
249
867
412
380
947
960
387
64
100
20
603
468
401
590
117
558
650
752
816
294
28
959
874
120
303
25
993
314
844
624
535
93
843
299
826
790
259
213
854
712
585
457
180
986
400
297
897
402
401
65
697
430
24
571
550
680
596
895
346
793
519
881
238
362
180
64
153
792
630
359
504
215
169
36
554
921
333
803
323
87
868
20
517
245
944
419
925
540
314
623
685
186
504
276
548
36
340
53
828
322
413
684
538
582
72
444
855
758
247
178
845
467
199
362
712
495
133
989
387
447
612
73
985
468
701
534
505
41
587
685
716
352
722
606
286
794
50
141
552
649
320
397
116
871
111
829
366
244
170
753
44
783
178
29
251
879
915
108
273
503
794
989
855
516
595
494
662
997
635
215
646
955
612
762
178
76
943
544
320
114
650
364
249
180
746
500
60
661
961
685
516
755
26
724
623
621
218
285
970
853
852
616
161
817
730
339
893
674
236
565
788
886
282
37
66
28
889
478
689
850
163
206
957
189
930
932
162
500
570
132
353
422
100
514
239
831
206
484
505
442
50
645
328
332
34
746
360
275
225
401
478
388
959
435
930
241
720
92
741
290
225
447
64
677
961
656
508
167
140
365
961
190
362
289
874
396
36
586
672
613
988
502
1
947
289
931
541
9
376
282
651
953
729
68
630
43
724
491
562
864
856
524
407
219
165
633
967
553
220
991
166
208
493
520
507
783
803
48
144
179
683
796
132
412
864
115
807
940
606
370
156
814
894
915
33
59
549
353
965
769
344
131
329
190
651
836
973
455
237
469
986
920
617
119
332
481
586
140
773
192
862
930
6
108
845
392
519
394
97
484
163
441
616
492
631
267
681
956
74
918
778
61
838
395
532
522
229
470
14
2
662
228
932
20
336
130
764
856
524
861
340
40
655
308
884
638
576
565
947
2
835
725
415
25
120
299
900
349
769
914
352
431
143
636
804
479
766
920
687
643
134
28
683
789
336
919
427
264
837
726
619
24
451
34
50
572
334
950
273
103
216
977
887
711
614
43
543
732
315
230
375
449
610
410
238
299
682
18
563
519
744
534
543
196
921
945
120
255
895
393
710
112
371
949
175
337
344
718
69
660
949
797
109
559
559
348
858
241
718
774
112
814
660
8
10
581
953
482
188
201
228
899
665
599
200
840
288
545
559
709
205
508
858
314
419
418
14
278
11
84
404
124
899
64
484
261
646
437
744
834
638
972
85
655
923
638
496
211
183
55
272
740
915
131
406
334
549
773
964
912
857
368
388
756
785
872
370
783
662
114
969
652
438
55
308
361
693
804
924
228
211
196
968
126
327
374
460
228
147
777
493
357
497
881
113
282
106
483
65
768
949
35
772
387
442
80
100
487
236
24
715
447
573
35
925
252
761
738
833
909
515
678
266
12
559
731
647
17
567
712
137
868
99
910
256
893
342
708
380
579
85
447
378
658
834
304
262
596
42
447
857
909
125
123
273
37
206
920
54
125
985
192
994
84
454
602
330
796
310
62
727
395
510
106
405
344
762
20
940
156
467
797
65
593
272
338
630
831
259
36
956
244
580
302
680
34
904
362
183
215
425
910
962
935
368
720
631
130
740
924
286
207
73
351
152
346
42
782
529
653
171
837
249
751
140
281
786
44
644
321
611
69
231
574
4
600
294
987
730
386
911
369
593
985
72
746
683
114
880
564
767
51
401
16
155
541
298
293
938
294
614
549
363
197
475
719
797
121
706
880
507
970
249
453
307
321
551
342
788
783
906
907
187
659
924
342
553
574
635
491
868
249
392
583
446
220
302
596
341
360
828
201
330
429
6
637
102
557
331
890
692
237
798
879
249
74
221
802
0
856
293
220
457
37
803
256
257
105
204
951
465
32
504
148
813
510
137
915
419
469
158
111
58
956
991
307
382
564
109
734
773
754
954
582
144
109
838
401
214
42
704
31
426
560
531
239
70
669
155
841
490
313
305
548
621
296
856
355
212
317
89
985
72
395
568
216
504
758
969
70
801
26
101
579
586
985
819
9
654
326
850
144
991
155
44
612
803
900
319
368
218
760
353
642
155
273
210
659
32
179
729
185
557
182
764
144
167
935
153
173
261
355
669
252
511
714
216
666
614
535
34
184
295
740
178
802
13
388
461
397
920
542
934
477
725
51
621
244
986
126
418
600
482
87
852
345
153
69
363
768
956
398
304
604
490
483
406
855
871
868
253
791
762
539
269
487
590
242
732
577
369
502
177
203
941
381
548
95
802
911
215
111
661
871
715
151
354
473
7
578
693
612
721
456
151
342
943
94
937
27
23
306
881
200
509
175
933
409
270
736
320
837
847
982
708
914
485
415
387
844
345
81
456
418
889
960
761
184
54
698
212
429
356
445
629
217
620
914
626
242
2
946
431
849
280
492
115
118
259
855
962
604
288
419
374
177
731
487
361
137
185
925
566
893
371
547
110
343
461
88
586
464
387
369
665
667
861
133
785
120
988
748
76
276
519
451
805
602
938
166
739
476
92
657
369
463
556
832
158
17
920
96
833
659
466
851
327
327
336
464
800
676
564
876
952
435
327
757
37
618
275
128
94
367
137
815
182
693
999
341
63
272
437
248
931
255
451
610
583
787
75
383
463
991
611
767
427
291
876
816
909
152
297
355
871
434
522
54
480
522
747
543
794
184
791
77
440
243
688
375
382
115
110
846
106
721
965
885
364
842
54
273
346
703
980
217
489
503
271
969
377
18
864
523
555
656
600
347
251
288
722
633
755
832
479
214
905
797
451
270
639
505
895
985
560
876
202
50
379
826
371
108
844
236
631
751
892
231
98
495
872
820
128
627
4
960
841
262
757
645
532
748
502
779
733
63
655
287
465
386
113
836
494
310
72
125
61
316
709
160
811
581
332
292
560
337
252
754
951
361
399
483
109
901
614
194
964
270
481
429
8
947
618
503
257
690
980
318
7
689
830
170
622
163
462
183
852
66
289
803
427
688
638
536
589
252
82
906
874
564
687
883
511
305
738
120
348
70
790
355
760
621
877
734
136
340
917
988
406
558
143
186
246
133
74
188
737
157
446
612
73
133
495
936
791
585
56
139
655
846
846
767
819
723
502
955
415
771
295
174
330
790
360
576
923
434
116
661
943
562
625
16
48
472
952
839
57
360
978
712
207
176
832
378
899
334
686
667
105
333
841
787
124
201
716
399
987
832
60
931
395
37
947
443
509
900
634
566
260
612
631
819
788
463
550
39
149
236
706
606
569
547
394
45
100
110
445
88
294
857
19
41
895
966
484
404
218
470
323
831
82
306
2
222
121
552
614
270
140
672
228
710
220
622
755
320
84
552
760
731
410
779
772
305
98
609
61
316
79
736
147
514
42
502
88
163
54
702
785
195
375
14
257
947
988
364
619
425
917
380
156
679
159
928
336
257
889
749
926
969
486
425
483
528
927
571
44
982
626
829
529
1
195
138
948
184
502
919
961
771
299
117
802
811
397
138
420
287
888
346
608
374
124
91
254
51
14
298
385
992
480
266
993
27
404
293
211
259
213
524
382
864
641
185
675
39
675
96
678
563
794
286
289
918
729
896
970
95
546
707
88
378
974
433
406
378
79
969
989
644
494
372
508
135
909
184
526
584
632
556
500
426
842
141
345
923
37
667
19
936
374
107
314
700
540
720
431
619
690
420
263
536
144
124
671
53
660
550
638
292
106
490
70
301
631
767
224
21
786
243
957
161
702
271
213
595
344
644
566
386
65
182
922
209
306
945
615
966
495
253
610
954
95
680
607
78
800
831
99
586
427
408
99
481
32
313
76
376
957
643
762
22
825
684
584
131
629
199
449
477
804
59
783
251
91
390
329
891
573
429
478
352
189
577
834
221
242
262
597
200
905
711
574
82
747
510
565
729
709
14
206
865
425
341
116
869
83
446
112
656
227
942
9
416
872
195
990
114
457
587
314
715
651
241
797
398
751
715
127
813
81
685
678
507
378
795
728
461
593
840
118
172
783
479
940
655
26
930
121
835
870
788
550
521
29
700
271
780
415
751
593
496
788
624
355
167
771
83
628
364
276
98
888
411
929
828
418
955
759
539
791
629
327
693
502
356
393
773
489
160
524
82
657
313
58
364
480
829
800
460
193
76
911
433
839
840
262
257
148
21
796
291
2
476
984
504
184
730
277
673
890
154
108
899
467
166
616
299
996
416
111
541
844
22
975
683
215
237
940
363
610
88
6
612
564
342
116
749
72
393
774
315
899
882
566
366
401
182
17
397
950
129
290
794
503
617
477
718
854
769
81
816
210
87
428
774
782
544
875
854
290
2
521
189
884
440
908
285
622
925
34
573
406
325
719
910
294
197
628
149
318
62
317
528
501
746
655
283
642
882
490
284
884
11
474
121
451
734
758
426
11
793
351
770
470
70
680
764
619
660
265
938
722
583
818
576
681
473
211
323
708
701
608
592
65
434
65
868
168
824
294
531
969
997
301
791
420
333
555
39
994
173
329
68
108
500
644
789
325
856
112
33
909
72
978
974
506
43
195
26
219
841
558
188
839
211
979
259
545
887
650
539
412
332
959
520
832
604
309
157
812
773
543
73
846
521
400
352
916
595
731
488
436
289
676
275
852
8
886
397
247
537
936
659
869
248
179
53
852
488
210
16
613
753
441
459
626
841
164
543
436
895
31
873
536
59
500
388
419
387
138
666
276
426
325
145
674
856
198
878
696
760
894
310
514
688
769
492
529
285
35
966
532
418
191
420
830
691
809
249
78
299
916
354
725
593
851
400
450
401
278
146
162
525
808
28
213
930
520
742
215
908
60
748
326
251
168
156
943
329
758
373
628
674
728
354
619
579
106
421
981
384
568
495
909
728
523
474
658
395
569
874
303
629
974
982
233
494
138
176
824
896
549
804
922
629
510
894
561
616
315
894
1
883
389
262
964
264
737
622
659
306
496
963
287
822
945
520
317
435
696
141
684
598
297
958
579
808
852
140
424
168
34
777
403
775
40
367
39
129
990
699
435
838
14
722
661
311
595
978
98
643
471
134
241
768
93
173
576
297
665
353
465
700
130
221
827
522
588
867
651
930
918
438
769
284
513
782
947
108
760
45
751
583
532
345
351
977
518
280
274
183
633
92
235
115
665
63
638
605
282
641
536
552
80
657
836
945
439
783
53
551
180
156
134
64
501
837
41
371
117
668
907
750
760
494
218
425
909
856
30
191
497
918
95
929
927
931
874
366
66
279
269
599
436
755
663
937
593
57
661
62
725
568
165
485
62
383
262
972
239
644
515
88
563
611
370
490
894
244
209
313
876
830
264
312
938
927
601
883
336
262
945
61
830
462
898
245
845
160
569
436
157
84
877
72
47
247
914
942
843
123
255
719
306
519
31
244
798
633
127
487
895
424
548
78
887
447
675
84
959
244
521
116
328
398
188
376
997
103
670
840
578
277
560
236
148
943
480
946
928
959
785
176
736
334
254
975
781
929
59
92
173
580
561
853
330
749
581
327
204
251
520
135
528
432
371
676
375
204
975
656
515
760
832
251
94
86
226
227
367
286
672
892
218
233
745
549
334
327
228
891
930
748
26
459
532
397
487
908
953
462
564
469
575
748
72
21
834
299
601
553
937
273
445
155
506
190
56
192
869
285
83
800
385
109
611
918
859
98
178
164
913
94
633
488
842
706
509
28
357
462
581
294
735
26
449
593
568
858
786
438
143
221
590
880
331
201
798
542
299
976
706
212
422
692
52
264
750
914
292
107
376
873
753
112
899
554
57
820
412
195
258
907
417
848
788
100
401
586
994
52
915
700
617
337
744
669
602
494
583
246
953
960
120
706
424
371
261
833
191
673
29
801
581
798
1
369
250
402
307
244
807
222
296
424
912
41
93
866
887
29
112
841
341
584
547
117
308
808
950
499
482
331
653
63
481
654
784
731
409
91
975
216
666
272
992
578
665
85
444
552
114
908
393
807
493
293
924
153
101
875
4
583
558
657
998
40
664
134
771
425
226
747
993
892
371
985
822
388
422
618
940
889
526
686
696
371
979
621
524
80
848
529
16
406
538
366
446
554
501
570
979
79
669
972
323
40
309
145
428
732
115
720
621
641
758
317
365
737
290
241
170
138
122
538
897
13
256
343
567
109
265
547
540
934
871
863
326
181
360
106
265
475
827
886
469
937
555
834
675
198
427
197
336
902
87
233
915
695
929
482
805
546
381
345
481
253
561
807
786
921
914
51
397
93
289
218
30
844
404
57
42
831
606
731
733
45
316
0
741
597
483
546
144
864
243
977
469
804
784
255
726
50
306
475
495
595
693
878
792
97
935
186
280
894
917
366
939
586
366
680
535
201
578
679
66
822
8
535
626
793
143
704
195
449
531
691
397
224
921
189
673
208
727
954
102
997
320
394
583
38
74
118
240
5
150
658
827
158
545
805
303
688
862
499
138
393
542
887
618
815
428
643
23
155
949
126
152
621
872
735
660
298
206
900
303
708
910
482
866
455
288
522
144
150
373
634
895
915
521
865
82
949
509
105
104
458
583
257
80
455
344
740
754
902
992
409
610
902
892
477
357
180
999
853
682
372
487
577
639
8
443
73
309
952
178
414
762
762
23
842
569
719
934
675
622
926
85
232
180
977
61
890
157
412
743
191
136
583
120
775
943
563
848
253
867
379
667
630
493
42
824
62
761
759
738
383
37
175
968
570
152
29
812
661
442
907
852
578
490
972
706
434
888
906
687
107
637
706
89
130
100
914
193
861
25
283
597
414
458
917
984
962
946
148
623
740
56
475
671
546
799
729
980
39
987
19
147
625
725
236
755
825
502
300
39
527
583
988
294
393
905
630
355
203
779
330
944
835
157
967
381
957
696
714
348
683
733
495
308
811
84
416
988
586
716
27
466
652
15
760
397
272
390
753
476
169
435
420
356
593
739
738
902
435
804
250
470
889
746
131
52
830
547
41
768
263
420
234
915
788
994
313
60
385
418
536
906
853
308
263
446
47
353
348
834
157
599
305
398
697
788
451
879
335
844
647
598
264
882
866
52
876
531
465
613
949
353
872
154
662
135
953
61
488
301
248
997
252
905
747
301
693
198
180
28
42
180
978
659
62
844
63
290
375
528
256
676
234
128
183
896
263
136
309
103
789
557
452
394
814
199
695
507
750
228
535
144
408
866
803
822
710
219
464
438
99
720
466
333
200
649
581
815
785
891
918
575
800
722
969
615
274
16
474
24
596
10
520
356
876
676
178
938
895
995
728
994
715
195
328
268
196
261
83
982
152
354
909
305
76
230
272
350
246
746
726
843
108
247
199
336
923
730
275
170
725
355
516
792
550
844
60
747
106
496
81
610
850
990
267
926
220
539
629
818
638
355
13
746
954
565
83
229
647
710
399
372
65
916
516
968
112
929
67
570
425
500
533
627
490
800
553
62
692
534
232
330
890
246
76
844
163
511
74
810
573
825
534
639
741
402
959
206
331
378
776
108
878
309
735
720
462
641
134
154
175
366
836
417
964
912
614
127
776
40
289
349
865
823
340
959
226
299
165
909
677
941
370
907
603
457
627
65
98
761
219
626
128
55
395
444
319
9
572
447
401
213
149
267
37
489
578
615
141
743
524
818
36
894
726
639
352
705
704
802
467
275
428
947
682
176
391
354
537
315
153
939
529
302
206
566
792
784
181
933
879
57
103
915
952
181
555
656
887
611
458
354
239
239
301
921
415
692
627
952
360
781
891
889
83
449
807
875
585
340
160
464
397
264
732
701
445
287
357
332
250
816
38
489
55
339
763
822
384
742
126
96
523
18
985
959
819
792
186
757
484
347
221
881
963
953
583
760
592
940
445
195
108
483
36
515
175
799
337
911
894
816
7
769
834
992
728
5
136
267
762
620
614
336
853
929
641
436
689
586
729
134
781
837
618
817
705
145
969
394
56
863
210
63
632
396
407
713
402
543
980
516
515
594
852
368
875
494
157
564
80
238
699
213
75
669
30
132
814
351
527
870
214
737
285
199
134
692
912
536
587
892
52
454
838
257
822
713
751
331
277
183
569
328
748
997
997
778
129
811
130
656
33
696
746
318
895
880
10
807
768
949
51
172
403
889
429
578
602
532
909
232
67
831
560
815
828
910
946
309
73
428
318
107
124
64
777
20
296
140
179
64
89
231
588
493
472
370
423
75
254
332
659
674
515
571
489
343
833
787
653
907
215
971
366
692
387
143
64
683
283
243
99
725
826
39
570
299
409
993
726
16
677
385
690
193
308
531
888
142
319
541
401
886
864
767
578
603
262
642
638
546
238
737
623
64
129
193
715
538
538
441
906
215
178
596
760
487
480
649
981
799
542
382
37
759
149
968
362
411
610
1
309
200
90
284
265
219
477
332
110
367
774
16
583
952
613
343
791
445
344
772
596
887
506
633
646
7
601
8
771
564
361
80
764
452
717
381
671
546
714
781
914
840
798
849
144
763
544
936
208
889
60
804
776
567
789
422
926
391
782
697
307
144
778
423
948
847
805
619
393
871
753
307
711
903
156
207
18
701
143
226
942
556
382
718
475
171
492
401
914
626
99
221
770
229
997
70
76
802
690
469
25
795
129
88
698
285
295
716
338
791
294
280
347
676
350
174
199
842
575
466
469
674
39
591
255
36
662
331
190
704
153
215
499
282
655
549
919
951
617
258
742
911
890
441
939
241
615
490
435
542
956
256
217
996
200
472
384
862
156
575
918
309
142
769
943
798
670
862
101
287
472
195
198
363
636
489
956
603
979
743
145
936
0
714
284
200
539
668
414
695
595
684
356
738
453
299
888
123
161
989
762
986
184
312
701
172
801
657
775
780
400
272
68
400
987
352
952
878
373
366
573
968
50
281
58
855
580
946
330
93
935
92
79
471
756
780
643
557
789
770
338
542
395
406
294
734
111
247
612
484
965
537
804
368
818
863
223
398
809
906
843
97
350
275
568
107
407
564
664
197
334
354
739
729
113
33
815
224
632
427
60
598
964
864
966
782
79
541
532
241
799
728
338
150
3
906
609
410
822
625
959
157
980
50
238
445
436
54
21
420
833
81
18
798
297
336
932
377
230
465
618
29
193
308
531
548
566
140
310
389
118
622
898
98
24
488
895
460
542
916
233
728
997
603
526
646
940
458
375
522
275
345
903
820
653
435
368
220
927
679
609
45
301
859
495
325
347
390
138
242
658
371
970
655
326
496
654
266
306
29
140
934
375
44
754
380
831
123
952
758
154
913
156
807
772
651
484
120
394
974
362
52
697
332
60
24
180
66
642
838
95
783
772
822
827
879
555
658
354
507
768
508
421
924
667
193
928
151
665
674
126
27
78
175
711
138
199
243
556
842
82
4
977
206
826
156
85
733
166
439
241
934
299
662
211
966
207
491
470
873
165
948
252
243
123
964
734
323
559
642
517
641
646
494
200
473
650
285
558
816
77
799
102
376
813
313
695
373
804
165
598
321
113
850
917
236
166
3
559
726
645
428
719
292
922
919
117
572
557
675
740
634
475
843
362
640
156
57
13
313
222
611
634
335
462
551
572
980
554
483
58
200
912
778
492
186
49
961
111
606
636
851
592
111
46
955
752
203
364
765
868
587
729
502
274
191
406
198
523
312
34
582
864
298
360
708
484
761
669
595
368
306
799
312
769
845
619
521
400
984
639
268
923
368
123
197
911
881
748
786
545
782
368
410
80
80
118
916
842
140
512
562
446
663
226
567
860
846
441
261
830
80
881
105
800
356
302
63
237
50
849
783
184
570
545
264
2
15
181
844
155
45
758
953
60
985
521
920
831
962
533
13
394
415
118
546
771
772
961
361
175
162
496
711
732
41
976
735
56
509
931
212
906
690
517
966
27
38
886
210
352
420
575
746
187
45
644
310
169
605
671
344
768
167
56
500
560
384
587
617
893
871
181
151
913
698
117
940
89
3
150
441
775
77
540
314
122
536
625
291
142
296
988
910
816
396
762
376
780
702
345
25
573
526
176
486
577
293
426
666
648
928
459
776
5
351
90
479
888
715
770
30
364
110
292
532
506
54
908
286
108
254
663
681
132
191
167
709
836
945
727
485
225
187
613
582
538
703
61
778
771
184
808
487
294
452
19
801
507
279
439
967
885
103
649
18
294
816
79
131
114
807
968
339
994
581
922
884
636
983
663
759
519
823
246
814
276
617
615
135
897
54
102
782
509
103
152
156
920
232
287
386
39
607
725
385
540
647
621
528
983
636
288
502
460
886
668
88
504
283
575
753
690
677
535
199
781
40
355
53
624
994
439
663
953
516
400
493
516
21
22
851
658
662
705
470
548
374
558
404
657
133
157
699
162
45
251
295
85
958
700
709
953
491
724
906
8
124
752
524
497
774
727
507
788
432
977
336
806
887
93
816
20
250
515
535
295
766
830
732
725
531
793
30
22
517
288
382
993
40
258
843
166
985
350
954
418
328
643
224
215
736
392
588
338
908
123
986
26
305
718
103
836
512
485
211
381
774
593
375
166
852
218
333
189
920
639
607
248
634
184
816
722
576
404
61
836
879
47
215
184
117
318
373
981
804
584
363
930
529
90
96
733
660
781
923
580
773
882
181
407
66
997
130
995
753
543
183
632
942
398
816
411
69
541
393
225
125
108
507
7
198
603
740
210
737
663
142
510
898
323
269
316
672
751
663
425
294
847
57
588
597
226
0
18
119
393
595
245
853
102
604
51
58
344
613
147
360
755
657
258
79
926
926
751
30
590
529
676
437
938
265
386
164
617
405
636
362
352
233
215
455
837
266
865
533
231
12
893
986
21
503
65
299
430
169
329
372
698
6
809
636
623
547
153
240
304
789
602
657
22
817
464
211
435
329
744
666
693
990
652
714
493
70
13
275
591
343
647
641
701
808
629
324
708
134
564
12
275
166
669
297
335
133
860
770
814
605
788
507
595
440
221
440
862
587
68
805
282
67
446
983
228
76
307
936
562
871
948
838
389
970
487
724
455
348
846
622
953
634
129
900
74
703
340
289
642
408
94
924
828
893
907
56
321
214
992
883
437
292
721
178
614
209
902
70
909
748
692
862
382
173
762
808
228
454
449
870
215
896
794
43
141
53
451
462
267
443
697
56
87
771
234
702
332
488
124
241
588
816
455
322
341
569
483
570
23
284
440
238
180
235
633
321
288
84
135
908
879
185
316
967
956
903
21
640
743
145
233
332
313
688
6
654
257
489
224
632
774
665
223
306
252
856
628
892
293
115
152
172
652
821
491
960
724
864
600
467
9
833
151
322
873
158
329
482
999
553
115
773
570
338
80
174
546
60
419
839
527
571
12
180
744
855
140
468
720
93
288
81
278
791
756
152
301
85
634
301
990
101
426
561
439
858
87
986
270
506
177
150
430
541
682
174
397
174
995
469
267
635
550
546
426
658
50
80
743
36
733
86
138
159
999
929
370
86
267
992
945
445
142
375
986
824
901
735
999
896
204
618
531
107
516
310
765
566
742
861
603
475
299
93
986
298
22
708
736
290
701
681
735
843
56
721
20
958
457
371
206
13
989
90
120
506
752
238
424
494
451
27
321
750
472
307
48
495
368
784
137
69
818
872
264
874
945
636
184
754
7
743
120
997
833
592
855
585
830
279
431
633
659
752
383
131
411
783
978
779
920
115
200
738
339
465
612
637
101
149
743
461
892
863
810
77
456
665
662
638
296
445
272
307
549
655
439
312
439
769
444
359
237
644
449
576
461
61
213
563
562
309
376
806
172
186
883
628
851
897
267
499
342
539
807
243
546
598
556
337
367
0
48
604
644
497
533
458
911
98
373
473
407
749
280
932
935
515
560
138
413
179
637
755
718
444
351
617
42
907
954
762
907
3
718
903
500
603
361
411
54
734
885
461
483
517
393
770
32
306
908
445
485
546
553
556
342
256
173
737
163
479
851
422
482
569
325
983
525
39
394
579
125
631
392
961
500
786
731
885
444
640
682
929
538
587
837
880
843
362
969
6
842
820
428
324
742
106
659
267
497
54
846
974
37
238
935
890
376
19
775
820
11
457
102
549
45
291
781
888
654
751
247
496
923
27
172
665
485
832
284
982
238
482
957
627
73
244
517
801
263
644
974
274
102
76
175
499
719
957
739
373
60
338
221
335
366
394
353
851
578
637
186
816
472
495
443
545
739
313
346
355
957
672
981
411
748
157
262
820
114
2
193
526
692
415
861
58
161
214
262
739
204
800
907
676
647
350
573
386
15
271
93
973
944
75
736
44
232
999
864
698
353
410
224
45
177
437
456
338
4
70
429
560
222
336
236
869
38
161
255
54
432
701
379
728
776
115
125
360
466
989
58
819
751
634
217
928
423
25
266
427
95
47
987
317
383
575
186
774
736
793
180
521
846
559
601
622
26
726
334
845
68
392
664
819
378
233
748
802
258
366
581
705
414
921
374
149
496
912
275
585
58
455
458
904
366
59
879
393
138
213
238
206
958
254
25
336
488
773
490
98
140
72
156
906
993
530
407
841
443
683
778
501
138
588
405
505
0
284
250
138
850
488
696
808
94
721
144
934
847
635
33
339
59
189
245
52
71
4
245
514
687
376
367
178
964
125
683
964
761
285
454
611
125
150
419
219
224
916
506
71
903
539
410
962
80
655
366
503
659
963
18
699
339
737
877
304
862
912
620
624
197
427
235
322
929
7
893
153
923
399
224
178
290
634
140
722
641
858
226
653
821
596
352
161
333
229
817
196
493
789
820
690
216
407
364
146
414
257
651
689
9
876
867
299
862
7
22
504
217
600
157
39
196
861
200
529
90
369
77
935
158
897
625
727
305
341
225
719
598
876
761
607
752
628
259
615
988
633
471
205
233
628
244
429
489
796
310
931
165
388
866
676
285
843
403
942
184
628
14
134
504
775
94
609
403
353
576
391
338
47
949
571
27
193
0
516
342
310
799
507
50
17
535
336
212
938
630
396
918
644
882
423
419
328
384
175
33
960
566
371
7
515
942
34
61
294
902
403
605
53
262
655
70
798
343
282
88
974
30
7
970
264
782
390
593
166
565
626
126
483
998
485
351
292
871
764
587
125
167
544
178
781
551
600
931
895
234
20
221
264
379
191
528
161
933
473
327
850
100
805
686
450
642
37
742
513
153
329
990
672
225
520
453
777
120
737
672
354
757
245
970
136
788
850
297
722
324
976
572
776
781
258
578
775
647
672
288
800
354
630
472
579
150
278
356
270
15
380
976
772
625
946
260
414
796
909
136
472
885
60
600
18
671
178
793
318
851
433
471
205
415
295
784
565
573
493
187
588
873
163
712
499
461
972
265
609
233
753
82
470
813
34
488
836
213
633
507
416
418
978
621
833
273
757
750
847
250
937
787
476
100
500
975
913
824
592
523
58
345
957
528
510
991
369
347
556
354
854
972
773
832
945
958
457
55
709
656
657
646
444
133
99
944
460
364
768
52
887
178
749
196
59
260
188
428
607
744
134
813
69
259
997
14
218
454
421
279
463
79
925
907
212
376
851
673
741
971
77
980
502
827
177
561
87
717
341
46
813
475
859
882
735
208
249
305
14
670
584
477
101
861
384
314
238
587
339
331
559
768
311
413
595
840
974
34
557
315
80
371
142
291
605
877
851
206
534
866
229
118
343
330
332
80
996
570
667
335
253
578
456
916
991
51
757
965
86
666
632
518
389
775
162
347
4
13
553
539
231
782
9
575
113
341
655
109
263
322
797
868
253
253
785
244
656
894
210
94
912
194
613
302
969
127
1
974
492
554
865
724
337
874
299
802
568
306
263
831
980
412
700
233
665
837
478
674
731
40
768
995
234
733
297
204
860
650
530
353
205
395
77
894
621
728
48
541
34
311
373
14
724
425
248
741
614
78
767
697
118
536
692
704
621
342
908
834
992
790
187
197
537
616
443
159
696
491
700
82
803
425
96
879
202
696
972
816
126
740
865
244
628
558
301
249
900
209
83
892
352
622
90
889
590
533
400
286
377
453
368
180
230
817
411
785
865
383
953
992
475
819
588
103
377
889
353
277
451
788
169
803
411
611
44
353
497
445
640
226
250
360
406
480
177
169
265
395
904
219
387
380
38
327
483
415
217
188
44
20
329
565
175
740
529
571
93
378
16
85
604
266
446
362
99
975
531
364
370
435
935
109
167
973
437
651
740
6
191
136
378
520
702
553
612
583
124
58
961
493
143
917
111
941
279
210
917
162
927
639
949
862
749
117
188
538
120
280
544
663
417
922
184
471
827
148
406
951
206
719
796
702
636
908
643
267
470
912
429
397
552
378
612
653
847
152
191
967
432
87
631
201
9
167
24
836
315
430
139
874
149
936
576
137
844
219
404
314
484
185
64
388
916
676
41
763
180
584
83
612
671
66
166
680
233
542
868
900
973
7
774
474
943
350
964
139
922
368
806
406
554
870
146
470
898
187
585
78
123
668
42
794
734
208
826
319
751
694
220
76
53
346
902
349
697
866
488
971
587
294
729
493
516
875
315
414
414
900
844
537
921
887
331
7
447
509
327
550
203
899
978
608
245
233
957
294
451
446
265
38
92
346
531
961
221
198
727
635
99
572
524
20
811
207
27
258
716
706
161
271
957
139
232
203
372
189
849
824
987
467
214
432
813
98
393
387
296
120
374
747
692
899
119
503
458
147
114
175
205
627
798
163
766
30
718
491
572
567
667
559
386
233
991
200
331
384
587
980
505
313
727
549
212
199
405
23
698
519
550
903
498
348
418
264
731
136
107
303
56
126
862
442
712
206
642
395
590
581
375
447
247
455
349
811
654
754
834
352
625
384
607
123
733
26
739
816
162
199
119
218
677
333
13
389
539
655
785
482
589
512
281
836
319
630
647
325
736
482
677
361
218
637
836
951
663
576
767
177
775
238
748
452
924
761
194
815
768
979
649
709
843
931
897
163
913
897
488
650
731
518
363
949
155
200
901
170
128
20
699
255
611
799
59
535
560
253
350
681
232
0
742
76
283
640
591
548
537
79
550
268
597
914
217
104
466
470
274
946
843
326
201
806
125
260
693
686
514
395
719
98
747
461
526
30
453
117
579
990
549
129
610
146
395
180
251
213
2
877
159
197
203
360
3
329
973
696
367
487
444
438
937
191
899
464
222
705
933
153
47
482
634
658
981
382
190
584
595
192
461
107
390
17
819
745
698
792
794
65
631
238
855
569
429
106
385
3
811
670
156
859
505
143
517
486
525
59
70
472
251
883
579
993
900
751
91
598
543
885
15
175
475
870
96
904
977
833
260
788
855
768
647
360
911
516
846
788
575
268
261
179
152
192
172
404
295
615
3
839
500
18
366
975
241
814
232
218
999
492
358
854
260
358
215
524
874
413
312
802
682
925
981
186
470
505
590
765
121
593
956
973
964
322
301
557
488
533
775
487
377
485
342
989
843
909
865
70
322
178
872
356
455
205
542
925
62
133
43
183
78
999
157
394
674
810
951
162
695
78
2
72
564
344
413
759
605
279
829
927
809
53
636
264
258
530
542
321
15
937
856
94
936
365
840
962
175
144
125
870
222
127
294
138
823
60
250
428
339
79
707
500
133
695
116
743
226
658
64
241
595
921
687
884
286
528
846
462
672
323
684
246
802
331
737
977
391
987
757
82
418
465
582
903
160
698
647
386
709
711
980
656
984
667
540
271
195
739
85
219
414
121
818
217
452
907
546
843
246
304
925
664
769
507
568
281
558
215
20
267
278
0
923
263
667
816
534
215
555
971
786
969
92
604
538
545
863
85
740
109
389
666
774
510
525
694
143
83
261
163
702
539
515
626
802
535
442
688
750
349
659
888
670
104
493
561
1
356
998
741
818
739
407
592
249
933
638
392
368
899
908
71
438
423
49
593
958
843
281
60
192
293
949
214
749
794
775
750
502
125
491
320
864
899
264
113
184
254
858
904
153
118
327
944
893
376
889
204
219
170
616
763
815
565
330
564
711
457
314
566
583
158
238
447
409
855
913
945
109
123
849
615
241
177
911
486
905
800
690
477
322
307
240
138
224
922
54
288
380
721
854
315
879
92
762
288
947
27
233
409
150
434
24
743
611
935
230
517
87
272
346
409
931
938
899
156
861
954
796
593
675
650
908
906
94
22
194
394
50
779
803
552
213
179
296
177
466
878
46
553
502
392
962
434
330
862
942
191
168
738
136
195
740
44
101
834
67
647
228
117
426
383
669
991
562
317
168
28
547
566
933
402
958
896
836
641
110
130
184
278
868
321
473
608
365
926
794
784
925
23
901
351
758
923
694
321
592
215
701
492
781
635
894
92
883
82
733
993
212
269
623
80
590
448
40
308
374
834
92
299
209
346
2
968
621
48
641
213
263
342
57
397
329
951
841
212
385
926
557
597
195
180
29
786
628
69
446
354
256
538
5
465
884
359
785
857
760
426
423
375
769
480
772
450
784
965
663
169
891
572
767
439
753
796
225
733
218
23
440
474
561
797
291
798
157
77
655
269
503
430
644
624
911
769
75
695
734
90
216
978
662
983
417
767
132
994
853
702
17
293
528
930
90
171
728
599
248
736
868
104
166
865
80
429
634
155
476
368
597
693
346
612
28
115
731
512
109
584
566
126
229
94
57
672
266
137
623
866
225
492
970
744
357
51
173
343
558
2
63
508
47
762
472
75
877
203
940
987
140
506
465
369
953
874
41
219
364
665
437
589
509
408
685
218
811
211
561
369
213
976
877
260
738
349
687
616
905
979
603
45
838
420
766
791
295
808
362
659
825
799
600
686
559
286
904
370
497
817
740
62
793
969
674
532
671
361
500
576
693
455
621
531
875
387
674
522
547
36
533
724
187
134
410
747
420
666
117
269
835
209
331
981
179
5
865
850
718
365
778
411
172
751
294
47
490
968
922
390
356
455
114
544
589
877
291
361
895
408
982
731
618
313
64
149
670
929
999
741
646
129
504
818
880
799
217
370
119
491
760
476
947
227
20
888
104
311
250
999
71
232
82
41
898
146
190
920
427
541
661
425
670
518
595
550
317
165
921
788
656
33
264
603
260
284
492
364
947
94
716
371
678
798
412
928
297
603
849
724
144
862
150
815
380
97
717
49
262
990
838
919
24
454
874
636
91
718
353
38
164
69
409
843
219
174
123
516
777
972
593
273
187
743
440
919
192
158
969
455
148
159
374
524
613
600
161
704
319
514
743
483
935
504
678
154
30
802
671
807
774
264
433
313
359
873
233
551
31
202
6
532
361
732
56
326
333
217
31
4
83
126
487
18
982
166
525
13
320
196
172
446
812
605
760
171
479
993
74
862
547
433
394
260
517
451
586
850
20
617
206
456
95
46
826
78
564
351
91
884
899
263
330
711
869
90
234
700
435
309
562
334
94
957
594
611
760
533
814
132
502
20
588
598
66
415
28
630
766
119
866
666
734
197
729
955
639
964
655
75
625
218
761
719
527
356
682
287
241
496
419
743
869
360
693
287
775
721
270
893
192
136
911
927
333
641
234
325
957
890
752
582
460
513
653
339
221
335
978
462
184
397
558
53
109
251
340
236
325
962
130
517
99
393
796
784
386
31
109
343
273
213
277
733
727
930
424
300
618
402
763
802
151
673
207
261
276
899
497
601
862
979
471
313
373
619
97
759
650
559
455
923
772
732
8
851
663
432
152
633
834
267
787
986
940
994
599
568
245
96
522
459
428
345
772
153
964
870
912
615
781
367
890
553
452
899
405
467
683
909
100
870
176
887
208
468
233
807
388
478
255
910
938
683
255
62
836
220
932
101
187
713
820
77
619
272
328
376
739
12
285
191
882
813
430
90
281
663
249
21
494
504
932
784
540
539
846
728
759
131
829
946
844
2
376
815
274
704
191
366
716
476
909
950
641
340
392
274
3
641
296
849
498
228
633
38
767
480
118
879
963
948
177
807
950
553
975
576
258
166
294
326
995
204
277
636
544
21
911
899
15
207
749
513
787
734
903
906
566
21
785
529
321
963
689
623
516
664
200
126
830
846
453
177
50
82
166
946
455
77
198
470
636
947
335
775
33
590
681
600
612
467
129
285
782
818
909
650
834
461
777
665
307
582
194
710
664
360
8
119
789
206
942
777
505
277
552
539
868
234
139
832
53
620
117
187
439
378
837
273
839
614
290
499
196
837
561
212
197
569
684
339
128
626
116
633
903
669
524
123
255
663
955
660
284
73
847
75
803
684
700
643
651
343
494
199
180
55
412
729
976
96
68
104
722
185
90
977
206
614
101
461
630
56
121
266
481
320
693
285
4
745
280
655
440
774
855
620
181
619
702
157
715
122
614
789
659
56
766
865
22
219
678
652
276
151
270
109
471
963
746
828
61
378
835
501
152
690
474
685
661
176
195
728
650
809
517
310
217
636
527
239
855
558
892
483
709
514
593
533
478
691
361
539
70
196
40
574
239
514
260
252
42
455
981
693
616
498
355
185
486
882
424
342
440
668
825
502
183
770
35
13
462
748
904
884
296
296
458
887
163
70
140
205
877
473
250
845
971
605
30
458
840
455
152
280
475
977
782
658
100
169
23
914
269
927
798
566
224
608
805
387
679
297
944
556
770
195
754
94
152
784
904
992
591
56
273
67
385
407
77
485
929
101
751
198
28
549
116
252
510
922
991
189
219
936
97
342
483
203
436
635
988
340
980
579
396
605
998
781
12
76
619
293
177
370
492
205
272
608
810
782
882
153
323
454
441
772
796
924
976
584
912
316
924
244
247
672
849
246
805
861
322
424
155
499
147
999
56
771
959
218
553
842
372
228
296
813
352
444
90
680
28
354
996
304
598
244
976
447
490
781
660
164
558
167
663
705
166
71
476
126
290
381
320
662
961
968
827
313
412
917
346
792
623
342
96
221
938
424
668
780
205
681
944
763
848
959
820
15
31
296
493
673
29
165
687
990
133
514
656
897
784
354
41
407
696
137
629
987
913
649
767
118
330
64
234
179
23
54
546
406
703
391
79
732
556
766
75
689
633
83
938
417
437
979
176
485
468
157
472
381
807
592
851
489
656
85
20
679
492
566
438
195
309
517
279
865
636
706
906
269
789
196
686
578
175
862
64
643
20
888
376
179
832
228
668
488
313
41
520
805
959
958
352
269
827
984
486
463
690
745
732
832
941
770
762
469
985
178
112
357
67
841
536
899
69
556
740
734
597
260
892
557
570
244
178
397
580
664
861
271
409
945
455
703
716
217
172
53
396
636
410
815
477
298
66
898
854
806
633
804
418
525
361
988
121
539
738
702
555
951
325
317
248
780
20
316
349
192
369
97
828
779
264
658
77
331
556
284
489
189
88
260
66
801
600
540
692
338
242
247
641
919
916
890
51
936
206
400
480
576
850
309
707
114
319
137
797
875
421
287
417
861
899
835
662
499
375
706
190
969
305
831
888
222
73
939
158
280
692
639
208
542
300
267
8
971
404
806
846
177
445
615
38
344
451
52
843
826
110
385
796
416
217
684
638
290
976
148
922
668
139
130
210
791
750
570
762
154
376
609
684
821
576
74
517
27
479
361
206
589
746
2
357
315
38
995
958
14
496
880
34
635
363
596
779
113
167
541
619
543
502
303
717
79
730
234
106
209
947
312
150
46
666
508
361
705
855
319
71
351
200
106
339
915
702
118
28
869
11
647
765
514
303
482
593
385
716
51
594
664
716
96
710
382
604
423
439
812
743
511
515
295
969
854
210
23
324
590
245
336
589
10
202
244
844
795
629
912
198
575
576
914
672
638
649
628
414
88
440
509
951
956
156
272
162
366
296
839
308
541
527
897
551
729
142
747
524
771
659
74
699
588
989
371
578
990
351
992
78
792
501
382
100
657
654
614
375
302
453
35
843
980
933
746
709
427
493
585
550
153
12
249
741
1
972
671
991
324
664
421
468
517
155
920
527
162
534
254
464
340
290
308
672
575
406
382
2
900
319
904
405
331
154
498
684
126
169
27
802
185
801
270
703
956
542
582
470
77
836
935
769
478
243
441
53
1
175
407
901
847
312
658
530
466
156
215
944
678
594
99
863
747
721
918
56
264
500
526
693
689
461
462
167
56
255
573
58
431
980
311
630
292
970
160
110
478
375
407
156
322
506
372
69
227
290
125
491
143
652
536
832
113
998
999
522
606
924
580
37
905
891
667
549
861
827
12
340
555
419
848
229
277
220
298
504
863
776
348
6
428
884
838
893
235
189
767
841
114
347
230
371
239
249
920
452
428
932
144
335
351
345
564
980
565
215
485
780
991
185
786
771
421
976
16
656
166
784
849
632
483
431
3
74
680
275
527
109
208
23
796
911
368
361
892
286
928
729
418
271
266
205
394
687
181
762
696
699
546
545
683
382
977
38
456
9
666
335
118
226
359
915
137
79
628
381
717
908
462
136
179
728
693
573
768
226
335
464
926
234
9
961
616
338
352
424
348
18
760
818
244
471
85
733
902
65
467
620
973
929
108
152
10
801
77
778
27
413
242
305
999
603
619
967
942
971
391
642
989
151
460
233
622
546
966
877
611
433
497
937
715
957
89
77
758
167
855
137
932
449
795
283
52
414
250
346
385
641
988
726
793
449
959
767
347
277
644
310
63
493
247
778
802
689
207
560
208
62
50
492
511
845
775
915
259
25
262
996
666
250
722
811
51
33
931
750
662
575
413
725
421
12
855
223
701
62
136
909
476
538
401
339
383
528
255
994
553
869
342
220
471
416
383
875
449
314
625
111
242
390
189
15
403
396
238
104
459
726
366
287
264
119
627
999
648
234
345
553
103
687
125
926
103
509
801
904
823
779
368
417
169
909
432
572
305
23
29
764
101
747
52
366
218
31
717
218
265
63
772
720
102
249
646
206
758
448
462
934
579
182
351
748
91
136
673
397
159
54
513
260
153
917
978
371
948
696
590
213
111
714
285
213
963
932
771
74
732
234
8
311
416
711
59
508
199
84
257
358
138
770
971
291
688
301
15
636
349
957
202
460
23
487
674
338
771
797
412
503
31
772
166
800
836
578
660
35
662
917
394
153
39
717
796
727
18
811
716
368
120
918
180
143
757
206
482
881
4
894
384
35
19
551
187
855
129
847
890
143
116
636
296
156
353
445
235
724
608
951
444
729
221
624
872
979
831
354
860
835
601
596
222
620
499
762
475
980
961
365
476
78
2
124
586
707
569
821
783
178
773
227
907
346
204
131
325
387
838
537
574
439
486
796
411
985
910
886
318
872
603
794
950
957
918
888
17
840
61
800
18
186
380
277
533
584
408
210
323
246
748
897
685
586
45
448
923
956
686
241
828
290
387
130
599
306
370
616
146
431
769
516
618
149
793
151
85
201
361
408
800
461
305
837
399
350
286
323
658
972
564
838
614
304
968
566
610
338
182
108
122
303
976
740
452
769
243
889
322
956
297
122
770
954
960
169
305
246
492
315
570
409
154
185
713
122
103
675
813
637
783
935
941
111
27
745
880
622
635
202
578
284
677
348
239
637
518
896
235
362
211
157
771
365
694
836
840
797
511
5
435
646
292
376
757
319
121
989
293
108
544
871
393
221
572
632
210
442
528
797
804
91
954
928
457
649
764
649
446
276
6
881
274
298
609
32
969
83
21
262
191
565
485
936
138
57
920
348
499
448
145
656
540
100
584
349
101
348
350
899
976
356
781
603
6
742
635
975
825
8
589
369
926
74
657
64
132
578
765
631
378
910
287
270
362
223
971
815
924
321
715
252
29
848
855
35
590
842
362
768
851
951
489
129
26
146
545
510
76
310
493
455
573
133
725
287
356
697
455
280
370
170
533
400
18
740
787
960
583
150
80
786
101
569
915
479
68
812
989
144
475
483
951
400
616
29
687
324
78
494
957
448
664
842
200
34
582
988
995
165
490
75
951
591
997
218
423
65
383
412
561
858
247
513
258
215
542
297
540
972
792
849
420
808
691
973
843
273
313
190
791
803
617
94
746
614
665
169
31
48
934
945
258
181
810
868
749
704
165
641
676
309
490
96
470
181
421
313
806
734
855
597
537
472
44
284
439
709
453
822
109
387
767
367
921
577
235
22
281
752
663
957
62
505
406
532
38
827
197
844
562
404
794
451
876
838
735
667
899
541
490
8
280
257
375
553
187
610
575
820
362
590
130
776
95
536
660
133
715
209
330
629
613
124
81
842
314
168
509
565
709
999
573
342
609
948
895
148
910
471
968
624
61
98
401
509
986
413
642
54
623
972
683
236
448
116
78
114
285
940
679
346
291
252
688
900
552
936
48
814
407
369
439
820
467
192
329
454
605
324
508
580
648
543
817
97
12
247
211
649
539
243
995
831
495
36
83
400
972
132
214
731
853
653
903
320
197
585
126
803
909
986
383
557
882
552
6
894
152
570
543
691
813
890
874
660
278
958
60
250
442
275
333
295
280
589
615
478
174
94
633
435
432
368
992
314
921
351
208
425
921
751
468
734
994
343
746
272
301
807
875
95
434
208
390
714
149
357
544
323
803
177
758
236
546
103
550
819
454
111
596
727
862
64
813
208
759
559
481
412
366
356
507
800
916
249
867
66
607
411
389
410
941
500
646
839
603
549
10
409
660
606
136
874
22
949
83
782
508
564
546
227
272
54
27
188
303
894
606
262
658
348
673
599
200
671
790
803
220
800
564
232
406
700
107
428
1
190
562
509
106
109
736
730
163
116
270
818
362
877
81
372
577
106
323
777
129
113
932
350
913
496
582
671
548
41
100
549
583
14
410
689
123
499
771
638
615
42
809
329
919
890
702
848
348
25
625
477
139
557
179
404
53
114
76
601
155
528
502
739
542
912
780
18
411
552
656
378
594
465
708
865
707
410
713
407
787
338
885
278
247
64
35
652
178
463
605
334
991
107
425
885
371
205
255
783
757
264
513
351
81
221
568
789
983
281
196
123
971
433
401
570
498
788
222
28
251
827
714
242
286
139
480
658
345
735
793
102
351
658
806
433
880
374
574
215
656
770
338
979
556
92
550
54
880
124
82
132
304
797
726
590
288
558
600
633
646
745
88
997
404
894
430
636
620
4
851
628
127
542
608
683
986
510
89
866
634
523
350
938
672
429
881
961
987
481
594
985
227
682
983
983
928
413
619
549
770
822
177
249
364
785
932
350
647
21
569
282
544
271
220
217
52
101
530
40
935
124
25
514
159
360
497
87
126
116
988
896
290
166
145
655
303
429
357
951
802
278
233
698
902
805
267
954
259
797
346
194
922
724
60
433
84
557
872
562
25
861
458
315
27
955
322
682
736
32
633
538
310
218
237
564
376
504
871
635
302
217
181
576
293
241
9
730
798
881
292
175
94
103
490
473
58
165
156
147
197
141
685
859
360
922
424
736
427
295
723
81
864
904
657
158
145
18
888
295
251
180
822
346
283
312
819
694
829
327
841
26
469
526
886
829
801
662
917
580
957
992
661
821
896
670
331
393
688
219
40
939
752
862
637
387
526
809
81
356
136
274
734
605
153
620
786
954
634
55
886
591
47
547
765
295
217
448
40
257
668
80
196
772
294
186
159
821
995
593
529
131
867
263
89
372
236
227
326
870
283
564
814
682
111
931
978
680
379
370
937
399
451
486
171
97
672
683
918
19
276
799
150
495
63
591
868
651
819
546
521
454
111
687
136
222
970
466
255
350
837
544
101
640
30
625
737
54
308
8
73
936
807
576
431
222
167
299
225
338
846
99
144
957
786
281
531
757
99
138
459
288
683
560
280
65
185
370
120
845
378
545
781
537
121
565
112
641
864
337
331
62
436
476
371
575
109
255
332
208
393
143
849
428
703
129
494
241
851
966
86
581
511
220
119
985
785
583
626
1
920
309
64
709
785
787
284
894
42
968
455
788
111
656
216
814
785
62
407
989
28
846
570
892
66
689
877
203
624
855
204
545
164
620
606
950
408
890
196
802
858
651
942
321
307
159
135
445
573
895
434
954
741
4
846
807
46
723
10
22
578
566
567
94
187
525
44
947
415
241
101
625
244
44
946
552
555
434
349
128
329
135
82
70
139
280
229
537
3
591
560
933
509
479
28
696
357
424
995
772
17
97
750
262
141
48
166
696
834
515
176
515
650
611
937
141
891
166
31
247
109
943
180
619
774
560
667
131
985
15
256
354
112
6
616
605
406
782
653
593
649
181
108
651
792
46
793
36
564
176
283
26
119
815
645
893
728
664
377
65
679
633
419
143
991
36
100
397
170
753
990
820
935
451
471
79
849
616
115
413
144
750
439
615
566
436
861
294
453
238
359
132
871
778
276
862
166
728
611
337
482
954
509
769
405
332
200
606
301
668
19
445
418
811
61
984
599
922
630
52
160
341
537
383
472
165
597
638
893
208
327
727
514
836
496
271
521
49
877
822
717
249
619
135
412
680
472
11
954
454
416
466
796
305
849
268
470
446
258
363
7
938
91
873
126
939
145
647
988
374
469
705
975
89
193
387
121
665
751
76
471
167
894
267
472
744
887
294
542
498
9
901
436
452
127
562
392
624
562
732
998
31
790
974
472
335
713
946
352
464
374
823
983
268
443
455
364
330
101
907
180
111
160
616
563
287
531
307
911
93
392
262
476
182
588
301
517
301
247
221
766
621
44
749
241
487
557
606
170
658
513
350
121
25
319
685
665
850
344
576
295
736
190
123
270
778
424
139
80
23
360
198
996
405
947
238
892
856
844
62
515
709
765
988
734
84
25
399
286
370
328
933
458
518
56
729
649
833
220
81
856
581
279
205
338
226
443
582
83
639
997
950
348
762
938
434
198
316
186
484
686
866
417
496
736
825
577
385
658
798
466
867
379
745
72
69
324
867
651
759
506
648
709
206
762
999
640
960
315
178
444
353
44
213
202
133
391
779
518
49
577
337
268
308
434
340
377
758
559
381
517
65
29
578
271
792
930
264
752
597
794
549
303
191
114
505
324
505
284
194
907
214
531
175
522
966
868
252
76
427
633
946
493
662
524
116
806
806
732
911
756
527
460
59
70
926
916
394
432
552
588
339
766
120
866
289
438
734
893
514
162
526
460
7
540
337
475
699
495
560
610
251
87
422
662
157
348
578
903
132
131
491
471
897
963
338
538
753
424
431
268
938
309
80
945
202
769
773
901
265
333
511
516
772
933
179
281
633
757
184
766
240
27
237
490
991
927
28
744
704
812
364
642
473
445
940
675
214
713
576
831
46
87
348
170
372
879
451
6
988
635
772
229
662
361
719
5
641
99
750
345
911
466
987
385
911
927
412
478
992
989
309
390
76
9
560
801
888
11
807
877
998
931
458
661
644
177
666
285
276
768
982
540
235
322
277
498
601
689
976
594
30
638
984
459
647
897
260
888
908
419
765
907
702
575
920
346
752
938
984
380
707
966
272
294
640
901
792
242
943
121
188
973
759
172
432
758
69
692
646
330
463
763
589
165
690
509
512
794
447
848
175
506
166
799
800
807
701
945
49
996
66
237
969
177
761
402
935
183
446
934
865
262
49
454
427
92
963
291
886
762
139
61
269
306
213
421
465
266
366
514
262
432
103
583
609
216
337
897
751
784
183
616
398
584
70
825
676
385
117
563
148
608
976
769
266
541
190
731
807
557
597
421
341
52
5
303
269
342
552
20
478
87
989
876
23
59
702
700
445
171
615
945
131
943
714
398
485
904
129
644
813
79
66
155
131
423
810
752
765
362
773
244
449
762
472
472
173
526
524
970
697
491
915
181
787
629
579
272
534
60
268
699
139
686
206
623
109
16
375
227
378
500
823
179
614
295
4
788
822
880
758
871
372
674
52
159
303
983
783
189
44
403
241
535
90
447
158
551
464
886
778
194
386
601
726
1
897
730
789
719
962
899
942
334
573
995
845
229
978
980
770
374
384
363
910
826
811
420
377
275
306
508
821
45
109
547
46
358
629
187
429
592
86
372
278
12
367
124
593
697
456
715
72
192
79
334
18
890
106
748
517
765
256
690
810
717
238
856
76
867
43
857
459
129
229
738
493
948
214
86
646
22
802
718
215
233
404
233
123
510
333
992
275
941
682
85
659
920
293
87
140
336
944
951
818
526
41
311
474
607
750
120
630
552
190
845
785
594
430
260
457
764
252
732
57
286
170
68
207
463
155
699
152
452
650
970
978
44
633
804
651
383
277
281
287
467
478
424
414
909
36
223
25
640
307
82
927
477
151
486
293
658
185
797
462
187
767
792
231
752
597
235
136
226
868
775
45
347
552
459
256
588
34
633
229
342
67
508
171
570
994
464
229
531
261
43
70
380
836
302
485
785
889
621
11
757
748
56
104
652
868
712
241
902
345
822
596
765
682
768
335
676
584
916
207
198
960
629
578
796
931
63
581
172
36
944
930
137
0
386
789
868
451
382
123
796
556
719
913
238
839
249
914
424
165
473
622
125
103
552
273
386
968
206
911
356
150
193
845
151
579
635
371
30
369
846
179
926
918
92
164
757
693
431
181
859
256
155
336
711
708
610
450
28
816
361
384
319
554
230
470
485
217
193
516
938
40
695
864
958
139
381
67
833
164
249
44
420
404
380
484
464
342
934
492
511
647
229
830
201
811
652
686
28
197
554
966
589
601
183
899
741
564
967
926
728
216
970
500
972
702
984
437
45
270
281
908
917
510
90
470
321
742
157
701
291
63
668
881
665
203
780
758
119
99
684
847
667
6
699
640
708
36
429
105
306
710
365
576
573
455
46
894
549
203
948
841
619
968
74
284
171
206
42
290
306
78
489
973
436
188
965
496
224
746
602
883
809
319
459
382
127
505
628
676
61
576
869
680
544
943
316
715
502
710
357
808
788
846
133
224
387
451
720
963
197
674
846
6
346
657
740
473
163
369
501
576
945
371
608
842
666
924
557
168
634
267
976
774
113
462
350
500
913
422
464
110
449
662
469
795
320
209
268
483
578
769
411
876
492
19
70
159
295
627
327
929
246
656
55
360
118
405
860
383
827
676
845
276
339
314
423
659
876
43
494
454
813
905
682
657
276
752
816
571
732
496
500
978
152
907
690
622
312
903
5
491
579
202
120
918
517
543
929
393
587
423
199
752
680
234
409
956
338
578
527
70
74
379
401
578
286
91
552
598
994
909
442
926
111
562
844
628
457
126
373
396
549
925
500
230
159
910
186
849
840
66
272
266
445
673
844
732
116
396
682
463
305
124
389
416
38
585
397
496
711
122
244
613
47
745
195
558
7
381
408
847
447
680
113
245
705
957
977
821
705
659
636
362
136
377
778
174
963
527
22
26
650
267
991
697
12
186
608
19
920
16
218
719
48
331
964
753
640
941
926
697
953
563
59
441
940
837
615
255
717
990
634
367
257
625
416
621
812
24
992
84
392
210
803
440
893
768
193
533
61
120
230
14
35
641
455
327
830
423
583
547
765
569
914
374
546
683
995
358
59
987
794
452
549
598
244
442
366
438
327
427
910
909
794
297
550
601
624
380
376
207
280
141
128
546
515
675
229
510
385
289
849
180
93
750
778
337
192
144
127
871
923
389
780
717
686
682
671
311
415
47
870
695
189
999
241
704
674
471
567
411
112
768
591
205
871
369
542
415
865
22
287
789
411
419
858
98
102
529
761
517
577
631
212
118
630
453
822
656
276
741
68
388
862
659
945
733
381
840
148
598
862
435
387
625
855
598
723
309
127
484
826
56
468
390
174
450
195
349
107
824
442
527
564
304
538
510
389
919
702
538
518
916
325
257
541
532
207
617
193
335
101
371
743
921
761
918
372
309
619
479
133
61
358
49
718
896
559
107
168
261
997
38
177
323
295
71
207
503
688
401
190
141
772
285
63
886
203
435
195
174
266
680
236
624
729
306
520
641
413
40
902
411
78
432
86
726
855
293
581
543
694
771
684
819
408
99
705
964
534
900
138
800
932
726
424
661
32
297
302
446
337
557
209
768
341
295
494
196
940
75
739
987
198
775
806
606
875
511
570
761
763
709
562
695
787
338
708
820
987
11
618
325
568
179
93
909
826
939
457
766
14
548
105
564
323
911
170
550
774
93
312
889
154
226
936
941
564
645
113
552
656
731
229
576
910
674
485
736
613
942
855
979
842
960
543
165
224
65
68
350
158
380
240
664
958
176
606
522
173
719
426
829
803
655
405
65
681
242
154
294
536
9
625
378
321
168
896
545
234
964
896
744
696
488
409
654
16
367
528
190
86
955
371
241
962
777
307
644
371
461
290
908
822
916
638
143
436
534
41
22
850
289
767
546
777
528
552
145
895
81
335
333
36
707
575
350
836
234
994
207
47
637
467
869
905
106
364
341
640
405
364
843
694
483
389
823
11
942
969
906
23
656
239
411
715
814
761
551
400
108
111
447
97
578
316
2
36
33
695
677
790
59
520
837
542
261
660
553
555
981
811
930
638
51
341
353
217
455
257
618
915
368
417
12
298
86
366
335
119
61
364
909
473
236
746
15
497
759
921
405
740
732
335
730
135
29
436
353
484
45
323
751
765
740
115
63
826
481
398
297
894
114
207
367
350
305
735
200
64
656
605
157
740
940
239
228
969
27
933
805
72
256
556
837
348
671
253
527
504
3
824
399
118
383
766
468
41
501
668
105
509
625
614
602
566
206
830
887
233
763
693
658
371
601
847
71
273
100
950
777
104
775
176
222
510
295
42
551
796
711
9
658
688
975
260
254
181
442
142
767
557
187
425
280
788
624
351
413
725
302
191
181
429
719
755
291
14
797
843
163
860
204
173
549
179
785
803
713
227
297
480
136
836
257
416
625
233
119
390
958
773
581
491
202
653
246
846
19
44
689
182
904
245
707
805
424
492
961
489
71
610
321
207
447
578
623
424
164
95
814
122
868
748
966
71
401
212
917
420
256
958
955
513
203
662
670
979
507
631
821
578
242
142
786
689
73
761
113
237
856
279
711
725
27
677
148
428
890
417
201
498
727
508
363
282
522
34
613
29
665
434
960
259
577
746
948
2
859
413
239
716
693
302
793
72
980
293
853
222
710
54
72
437
914
788
719
436
822
332
818
839
767
778
99
696
876
399
50
735
165
641
803
210
943
948
282
275
241
135
497
951
541
922
388
455
710
459
892
884
144
710
723
263
488
174
959
716
926
361
451
91
2
607
301
945
555
583
221
797
71
70
748
612
344
489
68
54
948
312
938
444
22
14
707
862
540
666
930
466
27
381
909
381
340
210
327
896
146
900
693
217
322
793
181
667
282
249
73
583
561
364
27
935
730
735
149
622
753
79
89
133
813
998
866
153
561
193
49
59
445
94
276
120
888
457
139
522
59
212
457
972
928
837
260
658
924
761
281
29
841
722
514
6
72
381
159
985
926
561
44
372
7
672
844
247
482
983
122
541
547
579
865
828
768
125
838
692
239
119
722
80
193
236
438
618
617
949
603
896
510
0
620
870
672
464
117
154
799
239
47
698
171
913
526
939
390
365
984
629
836
706
61
30
294
499
0
264
449
955
160
311
955
780
533
628
596
651
782
395
242
830
93
765
95
972
57
485
337
41
467
173
99
528
555
393
380
907
9
829
863
169
492
818
301
26
446
249
29
581
644
623
763
90
389
858
414
798
695
751
839
514
276
938
43
832
683
775
739
693
604
954
214
448
773
516
474
571
765
855
504
762
479
267
204
220
477
618
18
525
721
857
39
997
147
434
181
830
209
273
523
165
227
738
614
352
606
440
276
723
296
780
837
775
400
393
347
229
363
365
754
84
574
794
82
721
228
615
551
790
888
427
955
116
517
569
820
475
362
96
550
658
229
388
785
629
133
132
210
497
849
965
933
423
111
15
496
691
631
47
481
871
826
437
339
343
358
160
170
720
256
721
730
837
461
867
818
594
999
29
443
200
994
377
623
457
744
119
148
727
519
630
599
697
419
938
393
129
450
563
850
707
636
932
896
97
800
715
44
151
744
839
352
90
216
327
547
313
799
695
40
318
677
991
15
96
930
408
578
380
324
428
439
960
712
688
410
512
403
454
16
147
645
368
237
862
695
136
527
494
831
567
164
509
911
532
957
841
292
535
573
616
315
365
577
380
53
987
892
456
793
260
955
438
628
544
652
676
680
179
522
863
99
687
724
10
571
682
203
863
569
128
480
237
493
409
617
898
748
861
706
893
122
661
683
102
557
336
778
237
867
653
101
318
340
825
680
911
859
883
774
781
12
606
370
857
367
987
108
115
200
814
8
674
828
692
777
385
380
907
975
599
560
428
918
252
605
598
515
465
834
642
598
198
248
968
407
616
307
515
83
507
330
444
534
158
488
663
895
868
570
870
819
483
298
89
87
904
40
603
721
874
245
319
424
845
639
831
813
946
699
897
805
29
693
339
539
181
354
434
401
925
657
220
760
955
662
847
859
702
450
932
928
47
603
352
893
242
535
58
188
234
307
346
615
0
37
154
181
392
941
934
669
598
507
429
905
169
276
117
871
79
49
799
126
653
503
371
247
38
430
436
625
89
134
240
90
171
747
623
563
40
558
232
638
417
13
895
586
642
12
809
721
414
960
199
419
463
923
666
501
705
454
126
794
588
719
884
760
466
860
675
506
770
260
496
187
273
743
125
267
756
934
988
522
894
540
941
709
463
959
562
168
414
41
962
354
760
199
466
578
59
142
84
829
754
932
368
379
675
493
647
783
427
987
305
673
527
598
382
342
910
944
510
324
985
825
30
97
376
497
675
787
991
759
616
97
43
984
476
719
829
123
502
256
463
160
281
990
110
663
333
20
959
195
696
297
372
727
394
748
576
70
535
567
181
503
664
225
839
492
296
668
968
150
276
431
310
557
773
773
572
458
793
532
654
842
181
378
921
575
127
497
997
14
416
179
518
432
756
709
924
404
730
244
554
6
675
217
916
449
990
488
907
135
372
913
329
905
292
250
481
771
99
830
785
867
9
655
299
117
717
576
873
447
820
428
805
848
997
721
297
339
562
556
474
286
822
156
192
466
406
25
237
858
855
374
725
217
382
377
686
99
953
560
898
125
340
703
973
337
425
622
676
339
179
502
625
353
658
817
819
417
194
56
627
50
782
352
267
164
729
953
615
34
513
513
160
853
217
485
542
994
108
570
333
639
73
310
992
83
128
163
852
674
571
479
724
353
184
343
870
265
297
837
300
162
351
812
368
920
297
262
266
405
833
599
396
906
909
388
341
389
903
194
416
474
25
140
828
209
484
50
475
133
887
127
647
238
939
15
510
588
278
776
994
463
727
742
369
989
483
62
730
386
256
146
861
634
287
41
843
123
91
318
608
978
445
255
569
736
623
79
325
253
208
671
716
287
413
437
276
896
499
359
635
108
505
496
742
144
537
585
619
628
256
227
958
53
835
527
142
810
959
467
63
167
138
131
806
903
568
435
152
419
794
787
527
651
635
269
148
524
207
767
152
815
347
110
868
534
990
10
344
949
829
759
468
319
890
274
223
810
709
727
229
855
866
757
507
501
378
655
25
937
774
529
752
473
991
621
7
981
983
351
282
813
110
750
132
352
377
707
162
86
434
744
294
300
501
801
153
231
808
530
169
934
411
921
408
403
894
415
736
878
119
19
43
229
121
175
934
498
235
448
937
669
192
231
322
693
384
827
277
544
358
446
478
769
367
886
524
614
302
261
492
421
632
535
2
105
62
288
956
297
737
893
319
929
476
641
975
860
820
252
404
178
698
234
300
417
121
824
31
775
437
875
548
421
762
902
527
825
191
483
474
928
728
793
209
204
786
184
416
607
436
172
785
486
406
437
256
527
262
639
654
51
867
202
473
629
105
352
806
648
187
281
576
267
74
137
471
213
322
239
820
110
411
957
597
817
395
205
697
9
844
351
60
63
906
885
693
11
589
499
11
776
132
587
43
559
724
866
772
398
105
592
509
516
901
458
686
648
663
735
657
859
438
70
923
344
307
968
707
897
819
718
673
952
657
69
511
734
935
283
132
41
227
993
909
128
451
947
129
466
34
786
326
473
208
601
169
516
921
877
413
740
947
438
692
605
507
203
691
443
838
823
836
65
169
97
546
620
397
675
87
431
813
765
904
22
718
74
890
639
303
303
379
250
741
424
207
249
627
898
44
818
74
232
883
243
329
781
215
726
808
654
158
622
419
414
996
489
840
238
128
143
541
860
746
634
284
305
235
263
556
279
81
982
511
317
577
193
450
792
919
259
447
429
233
218
196
229
60
36
467
188
532
360
400
278
346
684
935
582
300
491
213
381
825
77
50
402
270
501
547
541
112
346
323
345
564
519
926
624
907
745
165
439
105
565
69
803
602
5
385
902
848
599
635
674
676
38
76
298
539
623
839
651
969
514
348
886
33
274
862
941
19
379
380
476
297
802
279
899
807
17
153
7
968
140
681
996
178
110
294
69
733
485
72
55
0
420
293
33
46
155
326
417
535
59
893
832
861
525
83
20
894
588
27
862
728
709
858
259
819
152
680
904
637
105
959
989
877
252
23
924
760
701
341
647
760
587
479
621
464
914
641
358
502
21
220
582
730
78
193
901
582
874
805
571
331
117
561
208
721
936
132
481
637
826
128
750
413
959
723
877
225
365
587
727
738
807
662
468
237
855
721
171
81
526
94
412
995
655
621
717
943
753
550
933
931
31
683
344
342
406
573
568
123
160
647
861
319
309
681
908
517
402
431
598
281
526
11
276
533
984
345
477
89
248
410
21
631
445
365
973
203
291
893
327
803
541
540
123
202
222
383
719
976
815
318
257
341
681
886
874
665
583
703
754
831
465
775
462
262
493
788
466
136
681
793
939
222
333
414
425
907
798
496
884
965
814
493
658
495
731
884
512
315
588
619
498
405
746
961
668
591
749
134
727
782
279
19
5
964
433
782
224
583
278
460
900
445
953
558
292
37
443
805
352
383
776
850
140
522
163
808
114
264
294
193
47
925
212
404
242
646
538
466
581
168
926
482
613
231
40
258
268
835
415
972
218
191
823
711
713
338
519
179
955
166
373
2
443
585
758
685
583
648
503
165
816
781
647
782
13
39
40
633
875
455
606
445
646
781
156
711
471
28
243
426
546
616
780
341
201
538
379
137
538
882
302
355
664
301
137
29
692
529
662
919
984
620
365
982
401
873
45
873
253
288
299
799
904
80
141
458
970
872
595
509
754
249
216
770
902
705
151
594
234
166
514
218
786
231
552
540
104
597
413
358
886
64
509
142
496
2
600
819
874
547
680
981
796
896
103
50
601
255
645
835
421
159
405
207
742
309
747
846
906
512
556
144
929
66
287
425
68
239
596
295
787
276
276
935
172
379
986
125
986
983
312
407
494
717
967
236
26
66
82
285
931
991
429
860
57
68
285
477
308
882
124
447
510
400
382
683
132
720
160
118
703
473
878
549
542
845
785
921
263
220
206
194
211
987
54
620
56
692
449
716
926
574
163
436
326
897
471
458
970
632
929
673
457
807
575
999
652
360
920
267
580
478
462
143
818
516
763
874
208
213
942
134
787
105
923
113
2
394
924
972
378
853
998
835
660
573
835
664
285
107
931
218
586
745
361
404
262
477
630
822
690
572
309
829
677
232
294
31
626
218
356
357
71
354
192
83
279
27
99
916
487
383
134
73
128
496
829
742
973
459
565
15
383
874
844
412
106
138
443
84
709
799
441
132
505
986
216
136
365
667
53
852
402
539
925
531
387
106
273
712
565
190
727
300
64
923
712
522
414
156
959
123
307
400
255
165
386
823
653
752
843
706
956
245
598
882
128
985
340
754
698
906
944
777
558
9
701
271
883
467
779
842
590
86
595
197
603
333
373
257
437
216
315
394
813
913
628
942
899
968
696
597
226
640
726
785
1
427
56
885
894
835
79
836
273
674
34
229
8
759
486
445
975
801
839
788
715
467
730
966
436
778
915
662
771
641
799
772
421
855
9
315
42
89
504
668
763
890
897
123
649
383
569
976
536
760
764
603
580
847
569
16
977
484
30
748
478
830
521
899
37
882
566
80
971
70
748
87
312
997
210
961
380
131
937
268
892
54
872
472
253
793
840
230
630
222
979
108
404
852
7
442
734
573
874
706
996
974
145
308
971
707
622
703
839
559
971
83
965
195
907
218
989
747
801
619
321
780
79
726
632
86
520
366
659
394
424
655
368
921
316
691
629
938
394
820
849
717
903
815
265
810
385
606
909
186
225
230
318
656
308
302
742
828
669
753
222
445
761
942
719
77
633
348
15
379
168
864
97
423
31
362
233
769
320
494
955
545
76
626
201
385
928
295
565
949
48
140
747
809
82
466
886
68
814
253
447
334
470
896
757
853
610
342
622
930
836
930
827
264
556
380
649
836
675
215
786
76
355
533
885
789
351
124
857
517
729
657
851
551
905
960
405
516
654
27
446
842
309
626
106
217
6
756
54
34
323
840
110
30
725
347
171
428
471
381
945
553
38
148
104
943
108
509
811
114
889
610
956
198
236
62
416
594
170
822
628
845
14
738
227
91
438
399
519
261
132
464
814
170
612
919
465
72
780
629
186
21
239
142
220
475
556
988
421
727
162
50
572
176
140
152
267
578
551
786
840
683
250
6
205
214
277
22
286
58
651
824
79
242
966
651
69
874
991
491
601
153
893
526
329
33
678
948
964
581
734
156
616
336
162
173
550
440
195
188
850
199
12
929
793
330
933
863
205
924
706
158
430
599
684
111
984
714
60
300
647
146
456
263
483
971
436
385
763
984
926
613
535
290
894
680
621
827
895
178
104
601
336
534
200
373
997
537
439
57
837
87
556
646
702
391
617
139
128
380
475
54
993
362
345
239
42
318
67
938
848
523
891
184
409
444
909
406
981
349
816
170
788
724
816
490
115
433
981
243
165
808
650
510
170
995
750
565
665
169
855
513
692
746
49
453
542
959
211
523
660
27
694
800
751
510
290
218
296
624
462
461
432
464
972
955
459
722
872
476
243
79
989
935
825
390
740
720
701
951
243
361
331
289
513
434
152
804
653
448
780
467
909
212
931
233
519
742
955
391
218
198
470
559
485
648
949
225
368
651
529
611
364
860
253
230
294
405
34
299
853
166
766
114
378
697
348
898
791
655
289
9
206
112
920
691
760
870
269
128
873
150
91
589
10
696
171
656
101
557
956
306
723
722
421
102
772
121
352
563
776
993
573
982
105
845
26
865
67
647
345
940
797
789
882
159
485
53
815
587
611
771
245
334
494
666
788
618
139
140
181
268
134
106
250
591
952
628
809
19
627
154
312
776
943
546
935
781
599
751
720
562
874
965
249
720
984
389
338
123
882
520
391
16
626
994
959
930
974
768
950
602
923
262
730
218
808
666
351
759
769
71
674
643
37
275
364
373
664
54
496
546
574
240
914
553
586
874
483
560
642
433
514
917
47
597
136
855
263
487
967
384
911
641
27
300
916
743
673
580
798
169
479
724
761
393
277
347
619
113
260
262
546
126
531
594
723
19
801
338
859
768
722
770
761
102
70
677
845
743
610
995
264
441
720
26
186
349
725
806
462
337
420
9
816
951
955
891
971
108
230
830
229
304
600
990
406
22
20
604
765
982
599
29
423
671
407
961
21
485
767
483
174
187
844
990
491
151
882
462
612
464
292
841
120
244
183
879
266
555
483
383
537
434
764
312
458
172
274
479
9
41
314
183
581
511
174
72
662
408
886
274
224
530
467
344
126
651
223
392
206
58
127
96
493
891
408
303
415
34
782
424
428
448
608
361
959
134
433
974
894
671
600
118
201
68
814
327
71
38
71
277
96
198
725
941
89
486
596
505
520
378
281
300
179
889
661
138
375
446
464
269
117
65
739
318
133
554
997
204
592
68
833
40
266
911
334
708
397
930
565
269
661
846
570
192
736
583
682
463
30
147
733
147
212
472
818
697
378
815
253
322
236
438
715
502
349
49
562
98
331
127
368
344
974
290
536
62
873
219
525
255
718
610
755
930
435
573
979
813
740
232
136
976
670
851
831
372
252
393
470
935
873
190
632
847
832
520
261
58
91
138
313
809
749
68
91
536
993
70
349
734
654
837
710
325
40
893
49
644
639
519
580
512
710
564
711
894
84
324
952
176
462
266
337
211
334
429
747
680
851
449
414
858
286
476
183
327
370
584
971
361
103
903
873
165
467
936
60
904
260
12
432
722
630
769
286
317
550
385
997
754
834
411
612
473
239
147
152
961
731
475
322
186
379
547
352
198
483
764
102
95
128
534
818
759
656
456
428
206
841
425
312
28
188
924
501
427
71
5
389
154
480
711
341
211
259
693
410
94
809
864
190
289
751
8
400
407
816
828
965
657
253
630
685
793
554
538
221
978
543
610
132
24
673
473
587
284
518
997
379
327
214
569
969
965
929
369
724
745
198
41
402
803
671
440
597
578
330
170
556
226
132
688
602
805
514
189
90
32
539
821
712
753
390
681
70
319
50
146
64
600
187
818
756
211
610
353
789
293
523
697
519
7
737
121
812
251
310
254
284
849
75
348
954
465
29
24
136
431
170
552
384
710
723
140
921
685
845
62
978
720
111
497
727
848
970
891
100
633
146
736
834
573
84
789
39
465
165
527
248
336
432
632
46
155
124
319
840
969
733
819
41
844
668
768
44
639
12
496
624
158
232
458
731
668
247
122
133
765
2
734
101
434
366
499
589
843
170
781
164
903
600
206
99
621
326
143
612
338
640
236
848
224
46
580
893
646
54
378
411
408
112
512
842
831
363
431
674
533
565
190
788
517
396
887
138
75
382
750
413
374
338
262
599
385
194
844
31
600
222
442
9
687
306
851
518
669
635
544
554
552
734
342
69
483
229
208
910
963
310
323
338
1
937
937
738
483
781
769
436
355
563
445
42
221
648
912
242
635
456
796
187
543
138
257
378
719
817
288
682
479
963
20
480
253
309
218
736
442
339
172
798
254
969
840
827
970
753
69
605
561
217
145
456
355
754
834
426
571
474
461
50
438
833
883
43
143
453
779
585
793
304
735
399
273
928
227
243
681
648
201
594
866
346
51
221
100
237
0
671
64
461
73
854
294
308
897
789
762
676
727
907
332
462
658
606
390
885
201
423
534
402
18
752
748
421
325
200
10
325
223
74
786
297
928
433
957
177
222
719
854
949
978
186
764
637
144
154
874
346
578
760
100
948
512
849
721
838
401
731
515
625
806
302
274
86
87
231
264
661
303
470
611
281
8
727
918
153
881
145
851
811
905
951
111
418
152
832
608
554
564
123
179
722
777
453
808
864
36
424
526
339
894
489
973
903
216
243
408
449
388
259
613
294
562
724
64
67
557
672
621
473
795
152
195
573
957
355
789
993
780
667
685
674
508
658
929
724
901
337
526
290
948
139
936
511
863
0
578
772
672
551
245
819
703
792
392
12
148
534
357
928
201
42
954
710
52
884
786
306
221
312
596
170
803
884
33
667
884
963
791
556
514
389
727
569
181
120
581
329
6
290
257
559
333
564
269
737
448
408
43
669
72
991
191
876
875
224
895
759
187
686
667
53
75
395
622
609
867
555
938
225
846
548
784
531
112
406
268
560
814
664
581
886
655
773
114
883
349
361
994
537
400
662
942
475
409
565
84
628
472
375
853
318
275
637
201
387
43
822
299
209
486
880
448
493
5
562
376
355
924
371
244
324
385
186
151
146
751
588
774
576
315
979
894
590
616
96
329
12
270
628
221
756
860
21
249
866
584
978
573
860
349
817
536
86
3
39
232
107
979
358
683
294
337
929
236
305
377
565
317
647
545
891
403
406
912
5
624
848
983
197
60
684
14
948
122
369
988
354
476
319
64
511
966
401
441
554
706
818
120
376
466
17
619
221
775
531
578
399
732
913
948
792
949
962
93
71
684
433
777
512
752
841
24
70
594
465
625
301
635
745
29
453
114
648
675
890
531
605
289
263
519
238
408
468
552
853
540
236
286
669
101
38
511
125
109
105
942
86
758
577
183
139
31
297
787
58
187
671
663
829
286
182
67
46
3
971
899
895
560
185
564
661
576
427
138
37
885
80
123
643
657
306
135
40
603
922
98
143
945
762
972
232
296
391
278
299
362
178
546
274
715
111
287
291
538
425
328
775
505
803
771
515
109
906
555
65
180
654
208
126
768
180
358
416
571
988
68
285
518
614
912
234
725
199
525
616
625
206
743
482
9
514
997
119
420
553
536
601
559
744
727
327
924
437
743
847
425
163
132
944
778
44
178
855
596
55
823
573
261
567
55
623
81
53
94
854
958
630
455
517
726
534
196
650
971
291
849
748
455
333
692
233
730
222
440
326
278
264
899
891
183
954
866
616
359
960
470
317
942
277
186
668
811
382
670
134
674
519
883
129
853
927
714
583
150
154
909
780
770
160
671
305
466
890
922
826
850
744
495
145
374
682
813
537
416
484
672
90
355
907
219
208
834
285
791
984
440
52
764
562
212
788
868
31
678
142
857
880
238
704
377
612
738
191
150
155
27
822
597
382
729
169
591
915
454
734
900
246
139
16
161
703
804
381
734
834
523
943
67
761
0
444
726
738
987
876
245
14
50
195
397
131
364
340
46
170
426
946
417
917
315
578
621
471
311
355
658
834
651
725
947
651
521
673
741
509
549
339
875
951
534
624
82
898
964
129
68
743
427
837
660
742
767
281
566
78
989
224
264
640
949
212
643
822
237
384
331
139
723
207
90
257
831
173
507
148
654
928
243
81
765
903
176
885
537
742
963
878
966
228
870
267
792
513
89
29
897
773
520
973
332
611
582
163
136
90
663
790
18
906
223
135
162
399
20
51
493
336
929
811
916
151
430
708
664
872
89
913
645
962
886
977
573
821
492
709
911
508
851
281
766
74
416
280
826
789
331
319
125
612
483
393
763
265
453
779
137
894
693
134
856
931
463
429
752
956
490
15
816
341
296
934
416
65
215
594
854
898
913
331
511
748
724
626
14
529
406
151
423
451
638
280
734
101
61
839
409
552
854
225
245
503
160
661
568
727
255
422
625
521
105
136
621
181
115
987
710
521
139
133
324
129
765
58
230
827
897
640
731
752
217
976
607
729
990
175
456
597
949
82
470
54
570
92
235
685
79
297
206
570
782
530
699
548
941
930
727
838
922
458
942
139
434
549
869
776
724
677
374
25
759
844
79
330
288
666
15
368
315
574
290
98
456
990
646
397
272
373
236
546
183
530
37
969
432
906
746
508
936
472
534
695
316
965
377
605
632
393
325
947
319
615
45
775
957
43
173
229
768
761
775
951
643
813
273
75
71
19
584
7
491
470
55
159
435
432
764
67
177
441
367
496
57
764
624
14
160
797
596
928
910
371
232
553
536
857
629
960
876
565
319
719
35
726
878
470
159
995
890
688
436
609
537
845
725
161
860
885
958
808
166
868
531
750
773
68
607
402
380
483
