4176
6111
8738
8738
3468
9924
4979
9980
8410
6597
7249
8391
2500
9587
7622
7046
7027
2164
1118
6610
3839
1273
9467
4149
9735
2052
5043
7554
924
1572
288
1452
4035
5378
191
3855
5302
5170
3836
65
8119
7437
8456
6971
7025
2430
4018
4052
4594
1488
7014
4786
9113
6482
5287
8848
4886
6683
6402
5810
8255
3042
7262
2290
8421
3805
6145
75
8975
6333
140
3446
3771
4948
418
796
3731
788
1200
4677
2276
8214
9463
1389
1048
1103
6590
2286
7786
9344
8096
2393
2387
1711
1035
7160
5516
3532
7235
4492
9866
3728
7938
3637
8676
4708
785
8759
5496
8337
3437
4124
6551
2900
5514
3952
355
8456
6238
8141
7800
687
6886
187
2398
7921
7347
7914
1454
935
8758
1320
4663
3049
1309
9691
7757
8446
8451
9606
6783
1888
3730
9686
1140
5596
3638
1496
4052
6229
5989
1853
6916
2876
8392
9314
797
2092
3580
8603
3027
2339
9923
4042
1740
7584
3733
5849
6030
8536
5455
2813
424
9186
2500
7917
1134
6138
5765
5187
2367
8106
3392
5635
982
8136
4949
8132
228
4882
6735
9607
7221
3011
3649
5313
595
3735
1162
6626
2271
6618
5791
9048
2156
8291
6965
3290
782
9082
4829
9501
7188
4573
5137
4523
2710
6438
9007
2938
1320
2094
2546
4893
5105
2547
206
2053
6282
1369
5031
8554
4339
822
7602
6495
9114
919
6137
9896
1
7319
5749
7189
1892
886
1712
4602
7325
7071
7541
8645
9166
6439
9891
4271
8986
97
6324
5269
7818
7707
175
2157
8530
7777
5004
7644
8696
7494
3892
5049
4813
9641
2238
6705
6880
303
7660
4205
7374
1553
9202
6540
7992
9093
7164
3330
5543
9840
4951
3361
7548
5126
1871
6078
2903
6875
74
7951
4369
318
9352
5534
9959
1591
2240
6839
8246
9900
7396
1972
1453
2951
4865
5797
2044
2029
9127
7587
8221
431
7301
2121
5557
9172
4551
4813
2399
4625
9116
3121
4943
8469
8655
1255
6412
7247
4446
4658
7147
8195
2982
4952
1146
7847
7101
3190
6228
2581
7130
4450
3012
783
2923
8569
6307
7475
3382
8706
2100
8851
1827
3396
7320
483
1003
3732
7730
1801
4742
1230
9996
7724
2534
1142
5572
9636
685
8152
2217
4167
8954
5229
4950
1878
150
1257
9353
9885
6315
1453
8736
8143
1201
6056
4978
2204
6140
9060
4006
882
290
354
8606
9177
1497
530
8813
8534
8683
7382
2701
7637
8963
4003
9515
9113
1612
5220
5350
7927
6674
4086
6070
4227
6494
7400
2784
2634
6461
3142
3516
3103
3496
8475
2280
4993
5357
7445
9879
392
1179
2580
8030
142
6583
3897
5608
4547
9118
958
2475
2144
1397
4897
2723
7891
2298
5507
526
5111
8649
394
8214
2146
5221
6847
3491
579
4292
3371
971
1824
5951
5353
8318
8887
5603
3926
9786
1073
1237
2261
9569
8986
3511
2292
6877
5809
7800
3755
7272
6449
502
5486
4947
5723
2333
8439
2654
2978
8162
9978
4802
465
1683
3120
5704
3638
3399
5491
4711
988
7752
632
9974
1263
2925
3203
3424
725
6959
696
3526
3813
2535
8474
5888
1220
3265
4895
4198
1427
4873
5352
8244
2908
4825
3949
6547
4576
9440
1258
5564
3544
1891
1890
4808
1168
5093
4584
8245
8404
1633
1771
2217
4168
6597
4458
5388
6214
9353
5939
3993
578
7643
2238
3486
8820
6187
33
3396
1979
7644
5312
5523
9535
7202
6683
7055
8648
1268
5300
3404
2901
7071
1974
3421
21
6432
5161
2587
5785
1100
6581
6363
5096
5171
9849
3916
7710
6235
3665
9689
3879
8977
5212
9766
2532
1896
6821
7532
9516
2121
936
2417
5544
2910
5838
1917
5694
999
4505
1479
8452
1086
4194
9900
6257
396
3816
3967
6631
3833
8
510
9163
5220
6628
8047
3468
3449
5579
2984
1922
2867
5401
7466
2130
7591
9384
7824
4943
3889
5656
3395
1327
9850
9647
3936
6598
3463
7903
9581
3649
7911
91
2812
9483
3071
859
2952
6520
2790
5936
8442
5657
7690
2261
7787
1633
1645
1964
6576
1886
7620
6323
3213
7470
5970
7149
421
5786
1404
2
9435
5667
6446
8599
1502
9517
5810
4454
2390
8600
6743
832
609
785
9445
4749
8770
1090
6713
5347
9328
4333
8022
8893
8155
3993
6042
4928
6131
3798
4931
1918
5817
1377
517
7320
7246
2679
8126
9636
1279
1221
6821
8240
2006
6266
2989
777
3709
6054
2476
3037
6739
498
1931
4895
843
4325
9823
3326
4476
1106
5244
293
2483
2113
7613
6082
4792
2092
5718
2423
3313
2539
664
5320
8806
5
2449
2515
6060
1277
1904
2799
8127
3835
4046
5323
4513
222
8649
8989
1328
246
9282
3812
2359
3248
6246
3504
5340
1964
5927
8653
4504
2943
325
9662
2949
9126
8529
5361
403
433
4512
4883
621
8559
206
5134
8781
8855
4123
109
9101
3405
273
7813
3005
6519
7669
4697
8484
9948
3351
9340
2892
28
5354
2193
5507
3883
7554
2262
668
8418
7145
1289
6977
7351
6423
5758
6207
546
2220
1660
304
2493
5825
9661
5365
3494
4359
201
3443
4062
5893
2687
442
1247
1232
5949
1482
5138
8212
2150
3556
1709
9792
534
9061
6215
2644
1620
3114
4864
9632
9770
3710
5458
9431
5427
5304
3790
5628
5099
4204
7873
4138
4647
9120
5370
596
6954
508
5160
5456
4065
6870
5248
951
2283
7816
3595
3903
930
4812
3535
700
8522
5345
6483
301
7002
6626
2281
2101
830
154
6240
5477
9274
7962
2426
2580
8471
3938
8036
8888
7160
3285
9839
9443
1101
3434
3346
8383
4598
3234
5435
9472
8579
1918
9773
5581
4896
2054
4035
5727
2208
6627
7556
7834
4589
6334
414
3060
6625
8451
1948
3785
8088
8139
3229
5541
7926
6575
276
2524
6161
5711
1997
1093
3981
1770
6674
8878
3825
7061
957
2385
3688
4865
220
8278
1200
6986
7690
7825
1789
5991
7962
9877
4130
1191
1770
2056
4119
8398
4581
280
461
2930
7725
4443
4700
4400
9673
4877
7813
6982
7263
1502
1847
3835
6132
9399
821
174
3576
2611
6165
1539
8840
6648
9082
6963
8704
3201
5361
9637
9834
5823
2567
7559
6618
3620
8311
2643
4849
6125
9625
8464
3979
1472
2299
6463
872
9473
6637
800
8436
2803
2339
7276
5803
1422
591
4507
975
5953
497
7161
8128
9416
4721
1098
3036
9384
3741
7886
1861
3366
6350
5840
4838
5002
8655
2062
4475
5293
2863
2911
4448
1554
6539
251
2976
7131
1110
304
9436
7959
7465
3916
7376
8538
5014
412
7923
8755
8298
9784
2121
1001
1977
3311
6003
632
5374
6830
2277
4589
9741
3077
6143
6280
9680
5472
9763
7143
5776
5551
5102
9593
9467
2478
8132
4481
2891
6055
3236
7541
2191
5357
4894
4168
8669
897
1153
395
4079
9782
4984
3820
2860
7479
6453
8892
2951
2568
6035
5079
8120
1138
4673
7587
3616
2805
2069
2859
5212
1657
6753
7403
3367
1647
1572
2036
8897
9077
8783
2976
8859
119
3149
1719
7598
5954
6964
550
8522
2999
5629
6642
4137
6654
582
4106
5811
9003
3317
1023
660
70
8427
4027
8070
6351
2415
3319
5428
1198
2647
639
1317
5796
2359
5268
1750
9323
5818
273
8674
7799
3267
9164
806
3849
9622
6617
2852
2939
7641
9865
9362
2420
3892
3784
5123
2660
7103
551
210
9750
7542
1528
5547
9901
6796
3649
5576
8966
274
603
3117
9894
9767
3923
3743
9389
541
2948
8680
4534
2813
8042
6954
3057
1826
8429
5717
5281
8980
5928
5032
2874
3808
6931
2776
6956
580
4704
2274
7207
1659
5391
7101
1426
9315
7196
7167
6208
6496
5848
7094
5661
242
4048
8719
8421
2477
788
3702
7809
3068
8734
683
3228
2017
9811
184
2598
868
8810
6157
8879
4202
3258
306
9869
6806
3825
2429
3303
9673
9523
5316
6268
9923
4035
4689
2400
1176
8391
6561
596
3478
3596
3825
5495
9760
4009
4445
6980
9172
602
5859
3374
212
2517
9595
3371
6343
2024
6674
2368
1547
1990
8636
1470
2378
9677
222
9906
8069
3135
502
1547
6731
4327
3394
2843
4689
7840
6175
3861
4794
8387
3587
1359
904
3182
4730
3599
5206
7756
5968
6753
6098
956
8223
4828
634
4797
4734
5055
7932
5237
2954
1015
5916
6348
3859
6957
540
6386
818
5335
4773
757
6694
2030
3939
7776
5629
9145
5532
7949
2250
1630
5258
6825
6459
5892
1622
7545
7299
9554
2782
253
6922
5051
2953
7133
2008
3494
3519
9179
5181
8293
9936
1875
6675
228
6003
2304
5725
1535
254
7976
9517
1864
1153
5976
4108
2776
3522
1407
8682
2656
1660
5604
4059
965
2737
6068
4459
2609
1599
9640
7254
7887
7867
3929
8115
3870
6233
3841
1757
2839
8169
1275
4703
9322
7251
8811
8450
7125
6570
3485
9782
4582
5441
3841
5548
4531
6261
7
7140
4212
6000
4394
2100
3867
4675
215
4090
7260
408
5847
100
4929
7122
1155
4252
726
6319
9054
7851
2889
2539
3985
3824
4333
4179
9372
8864
6792
9379
2356
1005
1731
3102
3105
5599
7777
9672
6041
5037
81
1888
1489
5010
5363
8997
5614
6089
5316
1021
292
4557
9912
4278
8381
4245
4809
7753
9461
1601
3485
1817
2606
5216
4919
2063
7167
9048
1736
9560
4086
8169
1449
5575
9531
3164
4572
1498
5605
6240
2519
5897
7150
2431
6527
5531
3029
1336
9637
2490
9290
9474
4308
8248
1042
5579
6664
4562
4628
4752
4122
5066
2921
1923
641
8804
5087
1566
6654
692
4158
5525
2942
1308
4309
9469
6840
7338
7158
2829
6180
2800
2303
488
1048
9697
2420
7712
4259
3400
2464
8382
8466
1737
6657
9107
6894
8097
7025
3548
8789
1184
5426
8083
2492
9735
7553
5684
7073
1063
4865
3253
3863
7168
94
1263
3218
8866
5328
7477
2266
4144
2211
732
2234
8869
6191
9128
6966
3217
9028
2107
753
806
191
9597
541
4096
5282
3966
1511
147
3572
5374
3668
3666
2989
6886
8884
8317
715
1150
8814
2927
8234
1048
8148
4425
6528
1466
3994
1908
3573
1099
2715
116
697
3256
564
2331
7223
2075
8830
795
3801
2498
813
6791
5736
6049
1460
6452
3551
274
5731
1785
1322
231
2562
4202
1697
2909
6111
1622
4008
8826
8091
1057
8434
8655
3388
2009
731
2219
2804
884
1069
9969
7675
6806
6018
9136
9610
5921
5762
1693
7706
7085
1924
6621
1287
3621
9530
3750
5243
9890
8928
3334
948
7363
8342
4336
9372
5425
2907
8529
6309
3977
4850
3985
783
7221
9473
6745
3142
5235
8438
7201
8672
362
3822
6312
335
3352
62
1930
3242
8991
5265
4190
2706
9959
4879
8430
5384
7786
3311
1693
1763
8162
2030
8898
1735
1503
1995
4877
3091
433
2078
1763
7147
2252
4427
3834
5604
4490
5765
8847
9833
7382
9389
8891
7341
4268
7321
2725
8407
633
770
170
5147
2801
5421
3234
656
7416
8111
3747
4202
6542
1863
7701
8794
6290
1536
751
7132
3653
5950
3317
1035
5339
2208
4728
5960
9530
3805
4367
6515
4575
889
8014
3728
2662
1248
4385
6431
5711
4484
633
8605
2699
4686
7400
8990
2574
4503
2474
6227
453
5792
3614
2144
8000
4694
4456
3882
8499
8823
6749
3075
6065
4763
6803
5079
2363
7540
1510
8075
2025
8495
6680
4724
3182
432
66
5756
4935
8893
8336
5388
4685
1950
3885
9037
6645
8341
9272
1496
3517
6021
923
5934
7137
7727
1013
9500
1619
2524
7575
3644
7371
608
4721
553
1040
1139
2662
5976
32
998
7716
1069
9300
7953
6459
2297
6295
2083
146
9812
8104
1069
5746
1593
8796
6759
7446
6768
5635
5021
412
3007
1981
1485
9912
3022
2625
8926
5350
9009
6276
9418
79
5577
7372
2890
4226
3667
4973
4372
3479
9429
1794
5577
1023
6942
8688
8469
3710
676
9842
4123
35
1824
1960
9947
1198
4585
8874
6548
9947
5150
5966
26
7079
3338
9268
7658
3357
4241
8382
3188
3670
176
8765
1045
7119
3806
9514
829
4482
5709
1304
4517
7533
9617
816
5083
554
6042
1631
501
7545
3949
6879
4624
3640
6147
8634
6997
388
3369
186
411
3545
5303
1456
7016
9109
7323
4198
9943
3032
1854
812
6917
1471
1629
2000
2026
7671
9983
8879
5216
3932
5759
6193
7572
8258
1179
4570
4999
4548
1108
5410
4446
2763
3218
7814
1873
541
2012
8168
9925
219
8981
6842
8042
610
5194
6420
4633
5177
5300
6202
9110
7411
8747
3034
5669
9926
7604
668
827
5064
2430
1625
7828
5649
9439
6053
2542
7804
573
2468
8023
9554
5662
6065
6516
7209
2486
7502
2386
4138
3704
7848
1549
8803
883
3570
5081
4839
591
5908
6256
3021
7533
4084
5022
3325
6489
3917
1129
7062
2737
9152
6617
8399
1569
9485
5608
407
6987
4347
4545
7043
8547
2446
5846
9430
6017
928
622
6608
6836
6878
5981
722
7314
7356
399
3803
1273
1528
7217
4010
7032
3834
8761
4953
9672
722
5361
6659
5069
6258
3703
3616
8705
9549
9399
4722
6829
21
7682
18
3251
15
740
565
7371
7491
720
4996
9019
7937
9006
2403
8124
4120
7356
7796
4842
2717
807
6263
8976
4510
9879
7681
412
5630
8755
7241
2003
2789
7259
5254
2804
4351
2171
176
1842
2891
5172
7213
7181
531
9616
1657
4651
6973
9453
9493
6042
6612
2108
5018
7475
1987
9051
7887
3970
4158
1480
5973
6947
5092
7580
9752
5795
6103
6280
3990
5347
1452
1203
2528
8335
820
4185
2986
4145
9990
8831
187
6602
939
1558
4077
9279
609
8316
3249
1120
6149
5574
8067
1241
9506
4171
7036
5610
451
7378
957
8256
8582
9837
6591
5754
374
5930
9899
364
4761
6438
3318
2053
7996
7396
1332
4958
2064
933
6078
8213
2859
4145
5806
2366
4669
9195
4328
1472
6573
1637
9728
5155
1474
2672
7261
1848
8602
7160
8564
9715
9951
1882
8120
7947
5630
5804
2905
7695
3089
8983
2260
5949
9481
4419
4667
502
3614
8995
1974
187
6984
1703
1695
8458
727
5308
306
5681
8821
5222
5396
8772
7104
9869
6719
2735
5673
5977
6782
8763
4960
5394
1064
793
9813
5731
1295
3427
1078
3270
9967
8062
1325
8014
2872
2052
3322
9530
7733
2143
4752
9481
7267
1856
9350
3987
943
1376
9964
4077
139
1276
9472
1203
8422
9285
3286
6069
9065
716
9339
5384
8778
7016
3398
8002
5420
3072
7532
9505
1568
2284
8987
8835
4140
4689
2822
1436
6065
9138
5513
6204
6767
4985
3759
5189
623
7045
1258
9688
4113
6950
5072
2891
318
4822
893
5739
7894
4777
5244
9462
7061
583
4650
7554
1625
7472
8990
7690
2963
4503
247
6082
5841
358
1271
6464
3756
8881
2504
7869
2183
3928
7113
2502
8750
4358
4593
2996
9136
6189
8811
6197
3125
3461
3751
4750
7285
9093
8792
248
3597
5391
6330
5790
5750
3953
2254
9506
9187
4758
3727
7722
8686
840
6576
3788
5199
1169
6784
4335
3711
5595
6884
6836
5408
6988
7938
2694
6081
6730
9294
6030
2122
1977
1820
7872
2282
426
3730
1469
1536
7457
5544
222
4650
2120
362
9849
9642
3499
536
3353
5446
7420
6541
855
4408
4479
3549
6842
7561
9195
9224
9683
1172
7397
3907
3455
7823
3989
1276
9360
1447
6820
5934
2449
5293
6297
2298
4935
6148
2834
4640
1594
6606
1181
2449
7367
2012
2350
561
9573
1546
9785
9257
9070
7182
9516
8877
5006
3506
154
718
1305
3326
6652
3754
4971
9301
2404
6258
1801
5238
898
3396
8196
8431
5845
5563
443
4548
2476
6369
2446
2262
1978
1516
9444
1494
394
802
1352
6900
7872
2657
6578
877
2763
1550
178
5167
7808
8332
6757
5059
1728
1306
3490
3925
3221
286
8473
5698
6655
919
7960
8633
2436
3756
6479
9182
4559
7832
6082
8783
6841
2660
9660
5957
562
6191
1124
8371
4523
4234
3430
6251
5540
3272
176
8761
3558
8650
4459
6565
5921
8771
5198
4709
2528
8030
3891
3439
5862
6325
2222
9055
5338
1883
5012
2252
8074
2489
6975
2597
6723
6757
5200
8615
30
5376
3728
9940
378
4540
6506
2652
9663
8056
7361
2191
6086
7605
1982
8300
282
557
7356
1972
8792
8720
4225
3218
1209
1200
2167
4284
7958
7367
9251
7988
9095
2980
7928
5826
3872
786
8478
3535
8843
5839
2079
1281
9796
413
9582
79
970
3290
2051
6114
2010
2628
9332
9572
3829
1499
208
1787
5218
9460
6127
4314
8792
407
140
9016
1194
4970
2551
6389
7161
4630
7670
6958
5044
3604
3389
2366
3246
1792
8481
1609
4421
4165
1181
8250
2017
7741
6389
7235
3553
2516
7901
8697
9275
4393
7713
469
5715
265
3210
2877
1247
7233
9835
2643
837
9576
1362
436
7720
6195
2045
2141
360
9578
6743
2377
7319
9484
5965
873
2000
218
9570
1276
964
7284
8097
6679
3901
7660
9556
1500
4893
5743
496
2082
1671
1858
2518
9392
8053
4563
7885
4765
4141
4629
7143
7813
4113
9460
5038
2466
6030
4608
94
6994
8244
4543
26
8497
2203
9582
6350
7096
1678
6846
9179
3349
8704
8049
2741
3109
2613
627
7874
3106
1608
1369
7271
5721
7181
2309
4539
3212
3270
4633
6558
1514
9177
6584
6364
1380
2519
2714
4829
4197
9560
360
7546
4616
8409
6640
7725
7374
3619
1951
6833
5227
9673
4104
7300
6854
6414
1840
6418
9684
2825
2977
7550
8354
9561
3914
6087
2080
2980
916
2629
2540
1276
176
3508
6037
3168
7585
3412
6787
9537
245
8366
5562
4349
5666
2416
7115
3858
8835
6799
3036
8164
702
1390
4077
4616
7477
2510
7597
4745
5139
6489
6021
1667
9998
8411
4835
7583
1823
7974
3472
8420
6340
9034
9121
2007
7803
6237
2217
2990
9388
5253
1154
90
6644
5231
1059
473
4093
8656
5219
9233
1497
7592
900
1495
6003
2088
5431
4178
62
5255
2598
6403
642
1720
4762
4797
4309
6979
7787
3697
2233
5293
3788
5229
6876
4847
5702
970
9855
921
203
1352
8514
7455
9200
869
9543
983
5048
5958
6238
7646
2361
3232
5718
3475
8029
27
454
2168
3725
9039
7461
3865
4268
4338
8712
9971
1660
4919
7244
1863
6271
5758
5670
1823
2980
5214
2806
8028
1172
5397
2026
9885
4981
7745
3360
9363
7772
166
1531
7849
9206
5345
1714
3474
6035
6778
9797
7695
1697
7042
5910
4321
2800
1580
2496
5780
3146
5303
160
670
7052
2187
6907
2033
9932
6619
1396
4056
6786
9280
8258
5992
4625
9972
5818
7012
3103
5616
4707
1152
2658
6969
5473
1810
4901
4322
3943
4400
5977
4103
1422
3029
6290
8330
1414
2574
4949
9163
2983
1735
8443
1241
4079
9420
7565
9898
2784
668
5514
3843
1821
8172
812
3646
6334
2065
7968
277
6465
3945
4381
7888
3326
7023
2570
4741
5950
7519
256
5285
5607
5051
6526
9686
4471
4091
5936
3607
1112
1450
7450
2933
5974
4614
2931
2309
6679
900
8938
9497
1197
3319
3737
4524
6695
6307
5617
2645
178
5873
7930
5785
924
808
1824
1747
1251
7760
5354
2363
5563
9156
1648
7889
3770
4580
6550
6801
1832
5489
6298
3029
8808
6387
3905
1855
2694
9522
4500
2873
1747
8782
8658
2671
5942
6834
770
7194
4595
2476
5909
6510
1632
3910
4399
1754
8490
950
4908
322
6439
7558
9703
1599
3946
3609
3455
6640
9483
4307
9513
1231
9442
4524
254
5384
1358
7377
8930
2305
6205
4840
8815
4190
8750
3215
5944
3592
517
7204
266
6956
4763
6321
4907
8709
6282
4714
5349
5766
9022
1215
3349
8464
2091
9955
200
3449
7332
9131
2107
3538
323
922
7728
5425
489
24
5369
1006
7229
5635
7962
1992
1956
9222
7053
8239
3936
8754
357
9310
6321
3706
4126
8412
13
4327
8214
7346
9810
321
7236
133
7595
1316
1910
8085
1340
7279
9091
4921
2914
3406
3265
1222
2628
318
5813
2916
5425
2522
2227
1746
2580
6353
6511
2594
7032
4725
6292
6842
1398
3528
6975
8993
1196
8885
3430
8888
2516
2522
3810
1782
2280
3427
3005
1260
98
5170
4176
5523
4045
2755
3621
6625
5461
132
5571
2493
1209
1863
9336
2607
1743
2663
7953
2939
7901
1383
1828
417
257
1990
2200
2537
5417
1557
3797
5515
3079
4326
7390
7124
3433
1012
102
8894
7496
5673
1388
8706
3889
7076
1313
1984
6091
9266
4924
3992
7002
3104
762
7259
1446
2962
9797
3215
871
9946
5083
302
624
2473
3779
4058
9837
3881
2952
7334
5906
692
6040
6147
4120
3705
8132
212
9324
9408
4204
6326
8864
1318
3585
310
632
9734
3525
1503
6033
4960
1806
3009
7434
5585
7067
3623
5818
6372
957
8076
3416
3349
4224
7537
7055
8708
7749
6379
8116
8305
9057
6980
5976
8994
3642
6608
5081
3519
8112
1114
8480
6270
475
2266
8207
7543
5889
377
267
3199
8453
3683
6548
9029
7572
9955
4089
1673
2686
2205
6331
1743
5537
2307
7090
5531
8915
2171
9051
3379
9637
7531
6001
112
9797
4208
4007
2038
937
4274
5237
9391
4310
8138
4772
8234
8093
8862
9908
780
7419
6239
8875
9309
4898
5965
4840
165
4488
3891
3545
4125
7774
9546
4238
3923
107
8245
5962
1044
8872
7551
6787
3182
5689
7912
1416
3783
3126
7676
915
545
267
6142
9854
1517
2108
1047
1683
2948
1290
5228
7074
9065
1126
7664
9340
7585
5909
5302
4982
1133
9206
8121
667
4895
6033
8436
8678
9159
6112
5945
6057
2732
2088
2263
4249
548
3310
5932
3496
953
7512
570
18
4991
8234
5710
2576
496
7365
3910
7981
6571
2032
8649
1466
4417
7085
6497
9929
9549
2442
5986
2281
4530
4601
2883
5078
4264
8815
8575
5217
2680
5497
1587
7671
84
7297
6599
6932
4662
510
4913
1233
2542
3562
9052
3311
6999
5549
3240
2901
7991
5578
5182
2522
180
4417
3952
796
9585
8879
6013
2265
729
3952
9936
813
1249
2887
7745
2264
3397
2658
9849
2291
2573
8901
5603
5924
4450
5195
8825
2442
774
360
1316
954
4777
1620
1750
4362
6852
4115
6627
7581
4419
2915
8394
5668
5803
2491
4284
5552
5149
4134
4196
4074
3035
6151
9999
3838
1346
8824
2632
2120
5536
300
9426
314
1920
7528
4676
8772
7995
7656
6353
2414
6923
1099
4435
2726
3590
8719
4631
5092
9205
8827
9166
8593
1330
5517
2431
2676
694
5063
1149
6230
5363
6927
2896
7283
4456
7573
2408
8803
1581
5113
1218
8504
6213
2005
7583
9803
724
2214
1247
6282
7393
414
4875
8723
2283
7306
7751
9329
2369
5252
5560
4084
2180
8456
7719
2988
2381
127
1791
314
5241
9361
8819
7806
1366
6402
3961
8443
4968
5209
4725
8713
1975
9600
7436
4258
6906
1539
3588
5627
3144
5500
9711
1676
308
3782
4664
9042
3910
2807
9356
5503
2169
8175
9661
9887
929
3622
8330
5897
8831
3055
4610
806
9007
8398
1417
5913
6290
1357
7892
5786
3209
3955
7462
3517
7738
8478
2559
8000
1285
1916
3503
9806
6443
9516
6046
7373
3138
4376
9622
1970
3784
585
9128
2791
5335
6897
5057
7977
8254
2949
3763
1463
3257
1225
1333
995
6055
3892
8995
7341
2160
8850
3499
8604
8366
9545
2329
7856
274
8303
6178
4058
8888
5307
6849
576
2204
8258
8553
6811
7560
2317
4626
817
9894
5959
8164
5950
9852
3511
9643
8364
2361
9494
6968
7079
5392
5649
1287
5666
3953
7466
6076
9193
2773
9277
6121
1329
7536
4675
8140
5096
3344
2767
2265
9590
8726
429
5540
4930
3940
1535
3295
2653
1030
6615
6084
2774
8617
7371
4792
8922
4837
868
8115
7610
6497
4237
5292
385
5264
3432
1833
8608
2551
4098
8198
7630
4527
91
8912
8467
7978
8559
7472
5360
1527
3556
8134
144
928
2926
5418
5765
146
9885
9728
2996
4122
5020
3381
5738
4804
5215
698
3708
5665
5249
1338
193
5340
6602
5012
3318
5162
2485
5031
3041
6041
3165
3185
3321
2444
4955
9087
8942
4840
8815
1938
5315
187
1672
1053
4991
3239
1752
8699
8904
7001
6389
9097
8693
2992
462
8363
4506
9299
3394
7547
5340
2912
7084
8662
1708
2039
4101
650
6879
2916
8941
8546
9455
613
9600
4446
3852
7704
9498
9108
1057
5887
4558
6102
5231
5020
4465
6089
4319
4212
9988
6011
3476
3424
1025
5184
1815
5126
2186
5047
4394
1127
3593
3849
8092
3193
4648
8296
897
4146
7405
8306
6385
1963
4408
7969
3335
5226
410
7654
9438
399
3665
9266
3823
1043
802
1991
6169
2988
7038
6916
468
631
765
8560
177
1765
3209
7426
5911
614
5733
8649
8929
141
6618
2264
5367
7028
6270
1157
3779
6287
6775
3955
7330
7577
5946
9852
566
2984
6768
1034
9967
3885
5946
6496
5651
9155
3923
1562
6121
6008
6563
5050
6149
3181
3666
7869
6562
9936
5378
6693
6224
2154
648
9906
6083
6594
9758
6649
5930
6526
4035
2250
412
6334
8746
6063
5489
2669
3977
1611
5029
541
3013
1179
74
6680
5400
6636
6616
7130
3330
9192
5636
330
9099
1720
6925
5209
4721
9207
1736
5109
7809
2148
1443
6556
4563
6932
5577
8540
4895
607
9081
7909
8138
9156
941
9890
2144
3909
7020
1826
3102
9009
2157
8553
729
5434
3762
1802
4641
5498
6911
8803
3998
8354
5359
4913
1639
7288
3454
6534
7895
8887
4443
2385
4395
5384
8627
6540
9294
2000
4718
8748
1009
6875
3653
8090
2309
7415
9892
3303
9266
6804
2106
9616
1510
3817
4530
3149
1105
4336
9684
5353
9575
479
4090
3971
2216
2718
6863
7862
4718
1581
6610
5727
4809
263
3817
7118
4030
61
6773
3296
6865
5231
9265
4728
9048
3795
7877
6506
4483
7561
8211
4058
4393
2301
8029
6609
5019
1244
4471
6089
9178
7433
1816
3987
7696
1985
7457
8078
2047
583
7727
5264
5814
6992
9992
1215
7139
4222
4073
1622
8135
2284
5680
2528
4585
62
9137
5957
7658
9960
2046
6836
7393
3863
7175
1441
2200
4633
9520
599
5216
7247
2216
7382
4239
8560
4949
7730
2782
9022
9352
918
1306
5032
3446
5892
1446
8936
8201
9105
8896
247
2293
2642
462
9469
4083
2663
4102
9955
9614
5670
3554
1830
3052
4145
391
8002
1875
3173
7024
1227
443
4683
2612
242
6927
4058
5530
5128
9515
778
5375
1809
3420
2190
1278
3856
1205
1732
3811
819
7402
3718
2650
6806
7863
9393
1160
9739
8918
4537
7318
9362
9220
9930
9604
6147
341
1486
1275
9856
2264
3002
8017
5685
1544
9295
9541
2749
1027
9704
3569
8429
3422
2571
1588
7638
1964
2748
7377
7234
7285
4695
6596
6505
978
2552
9004
1319
4038
6631
7527
6303
9634
5545
8340
1178
1192
7881
280
2220
3937
201
7001
3712
2772
8589
1350
1088
7690
8727
8322
4975
9774
1271
1481
7104
3823
6837
8423
4214
3469
2303
6869
3103
4200
5209
633
5392
9442
7265
3964
3379
7466
7318
7091
238
5907
4793
7678
9949
9872
2353
4925
9647
3624
2758
3103
3799
9595
7879
8013
3064
182
4882
2519
4382
6443
9505
6126
5885
6770
91
9265
4237
7409
2708
827
9668
7502
4858
9618
7374
7211
895
3373
835
3653
2829
986
3248
708
9000
2665
890
234
1536
1624
3030
1041
7750
8915
4164
4193
4532
4753
1602
3593
1932
7623
1095
6790
7241
4821
4001
8136
4547
1188
8141
7376
2175
7741
8084
7527
406
5326
7761
8295
3302
791
9336
7404
6059
9852
1598
591
4605
9552
4184
6538
7175
1631
3328
768
2805
3682
5256
3704
4870
3397
1080
7045
1139
5516
4572
7897
7194
8686
6192
6848
5829
1881
4252
1888
1733
2202
8832
2691
8107
9368
9229
1634
1000
8909
2403
157
2591
4011
3861
3814
7409
1293
859
4900
3161
1784
9149
6707
6822
1694
3555
2651
3575
4159
892
1660
2714
9724
4351
821
9092
9932
2455
6444
8842
1210
2953
7785
1574
3166
1599
5335
4459
8811
235
3972
595
5736
679
7417
7430
4234
6420
1005
4746
7312
2666
7460
3388
3369
8281
8833
3302
7088
1629
2144
4651
4583
9929
6225
7749
7881
1560
8561
3044
8147
2533
9991
3883
3213
3760
1314
3799
180
8671
8545
3845
1337
6005
7233
4707
638
2418
8009
7727
4048
6505
2378
4983
2786
4955
2732
7019
6515
7645
63
4662
179
54
8545
9744
3814
6211
3543
3995
4883
8441
4192
2572
798
1425
3631
1437
3844
1640
5516
4244
4497
4246
9227
3636
9201
8311
655
2068
5957
719
6730
6136
773
1627
5880
940
7839
5775
1287
9074
4216
5479
1646
5015
3256
5278
2804
3452
3270
8320
7696
7768
8918
6923
1404
4471
1587
8411
6539
7544
9130
3269
32
6256
1248
2264
3548
5439
8039
4835
4513
8608
314
6160
9975
3570
7790
2779
7023
1060
7451
1071
5180
2721
4347
2936
7192
5934
1348
3731
3478
6830
3352
9862
9438
4600
2126
2986
6392
165
4173
905
5125
4487
3417
5100
4410
1207
7879
7785
8620
1682
8856
3800
4403
9555
6737
1595
5489
4437
1678
5319
1267
5030
5181
706
5983
7307
44
2375
3825
4218
9632
8950
5057
3050
4051
9467
609
8282
3604
9229
6317
8813
3030
720
8368
6119
8668
210
556
346
5529
1823
1729
7063
8881
7712
4370
5278
87
4547
9496
9719
3498
4553
9121
3901
373
9731
2183
329
5312
4852
9142
8342
1925
7511
4461
593
7721
5017
7291
9602
3193
9020
6665
2074
3084
7388
7352
3171
1935
3200
9243
1785
4106
8364
5686
4479
4447
4222
4808
9760
9074
303
4454
7351
4166
8916
7944
1887
285
1588
7841
9830
6960
859
8257
45
8247
5609
9568
6534
5162
8811
8320
9268
3528
358
99
7975
932
1259
4087
6359
1562
8542
3710
5728
3810
8007
3967
447
9595
8161
278
2907
9020
8535
9304
7267
496
8873
153
5658
4036
8473
1278
7564
5184
1377
1892
6116
8989
5979
8827
6903
873
2538
2632
4683
545
2951
1483
6492
1112
1761
9399
132
296
5056
3751
7144
3929
3905
9155
7965
8730
433
1882
266
8163
3774
6383
7152
6105
5210
407
3331
4100
9391
4366
4645
2343
5849
7489
9807
7610
3241
6292
4258
8297
43
1403
2226
300
558
6543
5383
7343
8425
5649
5506
8551
8384
9010
1009
9947
9418
4340
4047
5161
8706
5045
7504
4556
2534
3664
8518
5775
9956
2777
424
6351
532
9002
3004
7442
5546
8387
4785
323
4036
6644
5227
8773
2006
6236
8720
1424
576
2767
6586
5634
4164
442
190
6699
4106
8709
8826
414
7838
5603
3118
8370
4605
6122
5812
6503
4509
6949
6827
4897
3593
8406
3670
5600
4642
2390
3376
1570
1510
6314
7204
5674
3109
3747
8725
3567
8808
3904
334
6646
9507
3452
1368
4112
9574
3532
616
435
481
3795
5332
427
2201
5355
2379
3195
4097
2107
4765
5607
8422
8321
7634
7883
8420
2711
1450
7228
6615
8136
3874
2474
1588
1594
2939
7514
5126
3555
7949
1960
3702
9634
2387
2255
4989
4766
5450
5438
6873
6567
7398
1647
1240
1384
5882
9661
4095
7333
6889
7063
1821
7116
9537
3410
8710
2476
924
3837
2383
5226
2149
2437
4860
4536
4692
6201
5654
6494
1639
2527
9413
5389
527
7006
6773
6409
6667
869
94
9908
7932
1916
7024
3821
1678
2087
6298
2602
2276
5033
7828
4425
7471
9040
8961
8515
1593
4615
1362
9585
3494
7127
4974
373
4133
1748
3135
800
2617
3229
709
6901
1497
4085
722
3175
6172
3372
2130
8448
4758
6310
2873
8581
1703
8186
7096
3296
9153
4810
2881
9000
1938
7856
9373
6071
9604
2508
3224
8573
2090
3933
5474
3587
4370
2548
3115
543
2273
5245
5343
7031
7907
4569
1964
9610
2755
5412
2907
8261
223
5788
7261
8513
9996
2986
4584
9600
1847
7808
4525
3937
8093
9999
3876
2464
8900
6991
3007
1173
8588
8350
4556
6496
9271
6520
6106
2027
8284
5365
6640
8507
7506
3901
7020
7502
6887
7957
7103
8734
5765
1628
9023
3859
7980
2900
2675
3232
6243
5682
4405
1184
384
5313
7680
9656
8185
138
8035
6469
1856
4675
1329
9362
4928
4701
6864
8167
2658
319
3254
4776
1948
2277
4987
6280
1529
7662
9512
4125
9696
269
5309
80
1934
9341
6088
6471
9479
475
2940
1335
1502
621
697
2782
5323
3914
950
7981
4233
556
9109
2533
2833
4096
8813
715
1758
4677
4840
1454
1298
149
7887
3232
9490
327
9703
5321
7155
8996
3009
5009
9617
58
7792
1292
3972
5094
5626
4558
5650
4735
7091
4835
8832
2257
5550
6942
3286
390
8397
4585
6891
2636
4169
2733
2963
225
8055
6470
5573
7416
1480
1542
7474
9272
2835
7799
718
8461
2357
6368
9548
9448
1203
8380
8057
6754
1675
1344
3496
6424
5929
6740
9060
6450
9473
8375
6675
3880
4846
2248
7648
2678
3791
5123
8302
6626
9274
9020
1439
7983
5388
7339
3783
2943
2072
1841
6049
3747
3185
5898
171
5466
2638
9231
1916
8463
3958
4944
2344
5156
7192
9992
7834
7335
1467
6136
313
7093
5156
8104
5076
6896
5444
5212
9840
7516
7053
2241
1263
6590
8139
1434
8408
777
7017
324
5593
7327
1620
4289
2484
8813
633
318
2500
2101
6455
2814
5546
7963
918
6975
1212
2714
2187
7404
230
5592
9645
7845
2182
7785
5631
590
4914
2648
7266
6859
9976
8887
1148
2460
4052
1782
9130
6552
235
5585
5718
5781
9901
2989
9108
1113
5703
1295
8517
5934
6887
4514
131
5421
8651
5763
6011
9918
8411
9630
6777
4739
8517
7926
3551
8921
6060
2682
1825
6295
4619
7544
8428
872
6885
7537
8337
2588
5184
3206
4874
2072
7721
5006
7493
2724
769
9857
2642
5532
9487
5772
6624
4356
3698
6527
9629
9758
5561
1454
2405
6533
5350
833
7405
2235
8370
5743
1176
3555
8949
2402
1979
3022
3760
5824
5747
881
2033
8389
6414
7872
4161
9390
8580
4211
5917
8209
321
7831
9664
2726
4364
1366
9912
1769
3602
4634
7512
1130
4541
2814
3532
6520
5836
3645
8697
1583
4526
730
6325
7292
8603
6838
6682
7183
7402
8952
1745
7723
6783
1409
6802
1147
9127
3066
2916
2729
7700
6781
211
2242
9595
96
5114
1783
3741
3811
9719
8267
894
6044
5560
5849
2882
8594
9384
6636
7546
1129
4360
681
8890
7514
1828
8018
580
1097
7099
4632
4230
7311
3226
177
3759
8341
1960
3852
8504
1679
8471
9398
4075
383
5247
3310
8978
984
9946
2876
2113
658
3558
7356
8172
1738
5374
5104
2835
2473
6089
3417
6136
9315
3594
6247
4008
5555
99
2513
3586
8571
1911
7662
8954
3511
972
4284
847
918
7161
2960
7929
7071
6668
2453
8809
2042
3910
7997
868
9999
1414
7004
5666
1361
9604
9675
6916
9703
2188
502
8274
451
4516
3581
314
5488
7865
1161
2759
1378
474
688
8449
7142
9493
3611
9185
3403
7960
6405
3402
5726
3409
9069
7087
9365
8744
355
9069
7284
858
3695
7735
1726
7276
8050
7215
1494
5563
6326
2872
6037
3366
1322
9532
2859
1285
5069
6263
9245
1474
6017
1323
1235
5086
8411
601
182
8766
9670
3818
5976
9717
1554
7703
6994
5956
1270
4840
1519
3948
7712
3909
7314
5386
9793
173
6671
4862
2788
2268
6336
8806
3592
7571
244
8355
4524
6779
3473
4194
597
9450
264
2151
3505
7258
4459
1127
2098
2331
5075
6162
6240
2389
1549
2385
8914
4572
7247
1703
6841
9935
6861
6785
7506
7105
5140
8383
3884
4965
8929
834
767
9193
2985
4272
2803
3797
1751
1253
6128
6826
7416
8720
5567
8965
1105
4482
9889
8352
2537
6730
8287
9398
9867
2145
2855
1359
528
3092
6325
5810
3926
7092
5003
3263
7717
7807
7060
9468
9060
3188
2647
2828
1908
8214
1793
9365
9048
8035
7717
1585
4765
2356
7335
985
4502
6543
2344
1382
9635
8669
7192
3561
2114
8548
6824
6183
6355
3885
5651
1767
3425
4650
4596
1686
2865
2741
1051
1913
776
8769
9851
1894
7477
3538
2879
8331
81
1575
9714
9716
6597
3258
9629
8711
1806
6454
4894
4513
6691
6897
6281
6468
1548
7229
8154
4413
9970
9206
2678
747
4327
8881
8993
1804
8772
1872
136
8853
3447
6202
4922
44
5812
4551
5107
7619
7357
1
8484
400
3251
1117
6869
4799
8346
5023
5564
8317
581
4594
5416
1260
9828
4409
3065
8600
2633
9553
7453
2432
5755
8727
2477
1567
3279
3936
5538
636
290
375
7389
3541
1492
4258
4692
9839
5633
256
4508
2567
1202
6276
3827
1030
7037
3244
5982
9670
2797
9788
2102
4904
8515
931
2824
1794
4868
4714
8783
5158
5089
6172
5051
6582
6782
9743
2773
8767
6351
7281
1334
3905
3557
5162
1288
6946
4758
7270
6616
7556
7058
5070
8812
5574
2354
7988
3720
7222
2703
8855
8732
4144
1379
3783
726
8161
9878
3499
6929
6229
7132
4615
134
7041
6129
1422
3987
888
5045
6955
4796
2103
2026
9960
4029
4380
7949
4102
7954
652
2957
3038
4796
4337
3173
1875
8850
3051
1726
2131
5632
8859
6747
2118
2252
9228
9893
6240
116
4938
3195
1264
3393
1573
1225
3775
2305
9174
7877
259
6178
7186
9649
7326
7875
9174
5553
6726
8577
7280
8857
4209
2491
1956
2680
4743
1185
8925
983
7653
215
531
8918
3608
2104
6495
3735
4410
5669
7964
1021
8199
5151
7023
5525
3026
6197
1079
9752
4775
8359
4962
5336
850
3270
8016
1945
807
6941
2929
8461
7156
3460
3731
7117
1916
226
7204
6326
2247
5169
3700
446
320
723
2323
9698
6920
3402
5803
1695
8113
765
3384
5315
387
1400
7261
1195
4694
6542
9656
8202
6354
9739
1671
8270
9965
8876
949
8564
4045
4649
9010
717
5372
1333
415
8644
1088
6218
6692
9201
3335
76
869
3723
7828
4482
4918
2522
1024
926
7077
7378
7017
8748
2000
3334
3976
2949
1898
4373
7598
908
5090
9322
8593
1858
4319
9681
8076
1011
5235
7764
1087
6104
7839
8915
586
9109
7790
1610
35
1219
5340
3404
6319
7340
6738
296
6642
8636
4669
4240
5896
6112
9915
4489
7970
4234
523
2398
1597
5758
162
2684
1862
8001
7951
8800
7110
2093
6762
3497
3312
2102
3253
9632
5794
9991
6280
2436
4979
949
3029
7227
7061
2944
1717
1383
3530
8592
3782
5127
4350
296
4163
2564
4650
8466
1364
1760
560
8126
1610
224
6580
4863
9856
2374
1207
6136
4811
6186
3438
4192
3414
6851
3488
1483
8235
7018
75
2017
8497
777
2313
2660
3341
3315
7478
4705
1428
8038
9183
3038
8263
5763
4253
4471
8137
5460
6960
9300
7999
6750
9844
7765
3601
3332
9248
1836
350
5675
205
5199
6452
8871
7859
6145
2186
1690
850
3614
9728
6385
3004
4343
2148
3610
5167
6637
5422
8479
2290
3421
5229
2134
7538
5182
5467
3138
3371
2169
8813
3576
7369
1617
8799
1580
7762
7338
3270
4964
7304
9351
7701
6661
3694
9849
271
5213
6487
5693
3692
5129
5467
8921
7263
3005
456
2730
2496
3827
4900
1309
3755
2269
9279
2555
201
3393
6245
3472
4710
3549
2823
2411
210
2869
8613
6833
8083
5100
8879
1775
6581
698
7049
3844
3703
7505
2927
2551
1332
7827
3861
1439
6448
9492
3994
6649
9237
6591
6473
3947
141
9296
2711
6703
2166
1324
9889
249
2776
8768
8376
9357
9466
1777
3201
9521
5634
6128
2073
3318
307
2286
4758
3107
8130
5104
6109
7367
1696
2582
7667
1837
1879
378
4892
397
8054
4781
6998
830
9901
5374
6539
5719
3504
6092
5241
9138
8573
3666
2457
5232
5952
7215
8340
434
2319
4449
7801
4015
3383
1820
2204
5262
8550
3449
2011
6604
4582
9009
3786
4484
736
6677
203
4240
2770
1796
3378
1343
5462
2187
2927
7766
5754
1267
4552
8074
2068
2354
8441
1804
526
6998
3418
9077
6799
5430
5681
1381
4439
5820
2217
5175
2497
8773
9415
5267
6921
9146
2962
2384
1333
5890
6502
7088
3509
1055
1514
1930
9761
6307
3734
287
3305
7152
5716
6456
2582
1398
7838
3374
3570
6407
8549
6067
5180
4317
7687
2102
3463
7001
838
1148
9243
3692
8236
2753
1099
9750
1035
7212
6058
1121
7500
5715
4625
9568
2172
3560
966
6362
6934
888
2769
1835
6956
7950
6152
995
6404
5967
7996
3594
7116
7240
7286
1704
6345
8386
1455
7380
5598
3865
4853
9450
5932
9478
9019
4456
3038
6337
818
6324
7226
3588
8160
534
7890
664
1529
646
2984
9525
4240
100
3117
1526
1804
9462
6264
9611
3194
8215
9828
8047
7665
5761
7526
3036
217
6916
5726
7388
3241
9304
7328
7753
6190
1570
8417
7719
2216
1401
3596
6456
7853
3066
4334
6010
2528
6951
5621
5723
5166
1802
3770
9183
7563
7648
2220
4132
4565
4298
7872
4158
3602
5200
1911
9792
6770
6680
3863
5338
4434
3811
8146
8639
6877
2481
4649
9406
5784
6623
1481
950
8425
1603
133
2340
5604
8705
2824
6521
3003
697
679
6605
2249
8942
2749
9020
1974
2964
4358
2760
6776
8857
1400
5
7690
2401
5763
3474
9024
7244
4424
3801
5200
909
6141
804
9615
5318
7325
2618
6015
4356
5576
8264
3298
4677
3636
1624
7642
4347
4385
770
3204
5785
775
894
8186
6539
720
3563
135
5144
7364
5335
6053
9858
6139
2020
5176
9816
991
7543
4172
2919
2159
7470
7596
5796
9095
1590
6495
3480
2360
6051
5617
3136
3297
155
6027
4017
3718
6162
5513
1083
7850
1566
941
3989
9939
2469
3806
930
12
4330
3849
2171
1801
7797
4319
7248
9388
814
7080
1748
6865
9049
1236
162
9204
7263
531
2923
9778
6044
358
7628
3963
1299
7969
3902
3768
8127
1184
132
2458
5033
2303
611
2830
6623
4211
2218
3789
7643
319
655
6692
1555
7169
5896
5171
7701
5171
1301
97
5529
8929
4060
3180
6898
7962
3300
1378
5498
3432
3836
531
5736
799
9714
8711
5010
1932
2500
2653
8603
9507
5697
6511
3029
7945
1682
7082
3117
2983
7179
8646
8264
7592
8179
1514
1906
1479
2892
7405
4912
3080
7936
7000
3879
7650
2063
5241
5935
915
4246
890
423
9943
7401
9804
7889
9083
3238
1006
8418
417
6004
6682
4361
4183
8197
6268
2015
7441
3673
6927
522
7961
279
753
1964
2342
2347
4251
3257
6593
5141
32
2889
2543
9836
778
7978
3074
8136
6397
9844
492
9431
557
1028
3980
6825
3043
1422
6850
9970
8296
1164
6601
5401
9480
8943
7748
3731
2200
694
5224
2233
3583
7767
8421
713
2098
7848
8849
8495
7692
9341
4278
8249
6721
8259
1427
9764
6033
4629
6086
681
5793
2687
6082
5273
1630
183
5356
183
877
581
2416
812
4700
7189
1525
6798
5037
6726
1645
9081
2419
5924
7331
9141
535
5110
5257
6568
9739
1344
7249
5533
4031
9683
7158
2014
9866
2515
2197
7095
3096
4613
4259
4148
1802
2136
947
3192
8862
8944
2273
7634
4868
5956
6775
1755
1066
2032
4675
7158
9728
1924
2691
3760
7960
6201
5774
4178
8716
7971
1274
8164
8936
1885
2313
7090
4022
3260
282
9236
2204
8908
6870
3425
4864
9997
1532
5931
8382
6208
9441
8110
4484
2132
8222
2444
4685
3996
6623
3402
8319
4249
7918
3607
6134
231
7050
6508
9843
3684
5745
8400
2592
2615
8177
7457
8965
9709
9740
7347
5917
9181
5457
402
7665
32
9198
2350
380
5821
2104
8700
6422
23
8659
2557
6606
5709
5417
6450
9394
1162
4850
1986
130
9379
5795
9095
9088
1887
6442
1358
1068
8251
8112
5085
8283
7310
3788
8664
9484
5892
3716
5906
2267
2375
4815
8874
4437
6585
5324
3831
7747
6526
2169
7877
5905
4317
6972
1345
6204
9766
2703
7273
8018
815
8710
6301
4478
2498
1317
314
4743
5033
2572
7010
3761
3740
5884
8198
325
7560
8381
8072
438
6902
2302
6343
1219
9274
4041
7424
9041
6744
1049
3411
3912
9759
6064
8390
8610
7382
5056
3353
8767
7628
6715
2528
1368
2600
726
1693
6512
5459
6118
6951
2362
8420
9646
3581
4046
3687
7357
3087
6784
4758
6498
696
4518
2563
5438
9480
6297
6846
9185
5064
4474
5900
7593
2195
4852
4671
240
1365
6483
6358
4668
8845
4778
666
8778
8825
706
2488
8264
7490
7246
1115
4538
8116
30
6328
7596
6327
3174
6781
1391
7648
2682
5336
6195
7534
6360
6436
5251
2843
2794
6271
8040
3925
6938
6818
9102
3996
9306
7366
1486
6553
4833
2376
1021
4863
8704
8618
7542
8230
1751
5286
2230
785
622
8426
4672
6982
4862
9923
6177
7656
2547
4217
7933
5837
7388
7035
9833
3046
754
7671
5951
5587
47
6973
6803
5103
5591
4345
3333
3694
9631
5563
4480
254
3989
9152
3588
8851
9075
6118
2860
7974
335
793
3811
7723
7829
3644
770
8583
1315
6721
522
1362
46
7325
2817
5637
1671
6150
5684
1302
1714
164
7908
2055
9316
7849
907
4743
3967
119
2718
4302
912
6529
8378
5093
6526
5500
3676
7841
8573
551
5556
8620
7876
8373
609
9547
876
6293
7202
2590
6457
5110
997
2125
2959
8256
6869
6926
8375
5939
7581
5640
8820
2311
733
5346
7811
762
9540
2736
1313
5096
1356
9189
9821
8318
5089
697
4611
2291
9639
7421
3753
637
9546
6713
8893
2767
9991
3621
8706
3924
9261
7527
6235
6346
2873
398
7108
8765
3135
8421
3861
843
3963
3683
9161
9052
732
125
1343
372
7546
1448
7361
3444
8161
2606
6212
4505
2579
1270
8429
1840
8797
1017
8187
8023
1415
1647
6788
902
6421
7002
1746
384
7037
7259
9436
7769
7384
7131
4493
4930
8579
8206
4727
3093
813
7291
3950
3392
8561
2379
1585
3711
9748
6124
1734
7516
7771
4874
8418
4192
8228
6516
4576
5265
3776
364
9387
1160
3847
232
2443
8779
8439
3522
8224
9252
813
2174
8996
9374
905
581
3085
7006
6705
1171
4522
829
2398
9292
5021
626
5809
5950
2244
5937
2666
1631
3449
6514
1863
5892
1645
302
5766
9869
5906
6579
8395
4903
2306
5652
1836
5391
2658
8542
2915
7180
9371
5313
6473
744
2291
8634
6694
4535
4571
9361
6166
8020
2227
4382
265
3872
4684
6031
93
6943
8963
4840
1846
1269
492
3682
6660
3151
8576
5927
331
4299
1240
3156
5044
3532
1790
1738
8067
6361
7451
586
4382
9678
4968
999
9902
6004
7030
9995
9299
5993
4835
1145
7262
1680
1180
275
4831
6108
6202
5162
408
3795
8319
5452
3679
6461
3542
8098
2823
994
8684
3557
7024
4
4556
6927
2361
7938
3274
1660
3932
4462
9158
7546
6142
6690
4173
973
2798
6728
6135
9558
6875
806
1362
554
7268
4905
8652
6443
2251
3689
0
9275
45
908
6202
2406
8846
5829
419
9130
291
5929
3029
6433
2619
7202
7406
1769
282
9893
1328
3509
7052
2690
4063
672
3947
9068
7115
6198
9109
3467
5474
9154
4375
8028
7913
9573
3857
4684
8704
4148
613
1733
6933
9584
5287
4339
1353
1922
4233
2681
5431
7637
1724
9495
8309
5671
4915
1776
1870
376
5243
3696
5882
5970
8076
3795
5543
8286
4831
4247
8786
5444
2332
5720
5028
7620
59
2734
9542
644
1767
1325
8281
3491
7172
6590
9163
2087
8366
7385
2463
9961
7433
4698
5931
5509
4845
1475
3795
9677
2074
8934
1473
4407
4654
2854
8379
4713
5588
4273
1710
7355
5598
9991
847
2771
2934
6362
1210
7652
99
26
3966
7532
4724
9897
9393
9569
7724
9541
9246
9799
8475
720
558
3129
3574
8937
4194
5514
3210
5904
2869
5160
5896
3716
7931
5182
6430
9142
9186
6529
9168
3152
413
244
3050
9807
9813
7126
9348
9060
6925
4175
6132
3835
7304
6058
2772
1498
1572
2334
7403
4441
7495
9651
4510
1778
1185
7292
7272
371
174
2792
3524
587
3036
2926
394
2850
52
6094
8262
3330
269
746
7165
3925
6804
6290
1776
8376
4976
9179
9169
2471
5182
31
602
6367
3676
7874
3090
3850
667
2966
4437
3703
2244
1184
2905
2297
7278
1167
1979
3900
1913
5496
7825
5069
1786
9601
9797
6763
5132
5319
5586
6666
5350
6188
9385
9026
415
2476
2876
1082
1794
3666
1137
4039
4850
395
2688
8480
1562
4667
2380
9828
6515
6558
4897
4654
2511
1047
1417
3996
6366
3355
662
8068
5896
6400
3447
6311
5228
2675
3745
7022
6341
1234
7413
1191
1629
101
6024
3192
1120
8404
9372
7636
1314
621
2290
178
1668
59
4174
4386
9766
1188
2455
5662
3940
5902
1973
9168
8577
2070
2543
1271
3305
9956
8814
4934
58
4838
4478
7530
9595
202
5166
909
824
3808
7439
8844
3867
7965
9583
3634
5506
2038
5648
9446
4292
3974
4967
9221
6044
7510
492
9349
7466
5659
636
3876
497
1466
7759
92
1669
9277
7354
8845
3086
1145
7689
3305
9111
7272
3291
4617
5662
8940
4063
6306
2914
9030
5528
5310
2892
2372
1012
6711
8031
1648
6939
4881
3114
4698
4973
1135
3976
8679
9980
3414
9825
4022
6719
5288
1294
11
9905
3309
5303
320
9615
8217
5703
1495
9879
8595
3868
891
1658
8251
2539
8598
3132
2006
9648
4458
3141
3624
9489
3122
7038
5666
7144
110
954
4790
6473
7211
4451
1776
7532
419
6345
9587
1914
6224
4534
2134
7116
6193
6738
6007
1143
9870
4365
791
680
3859
768
170
3333
4158
5836
477
4268
3143
1619
7093
354
2423
8869
4238
2842
5214
3825
1108
7791
8360
9595
1259
905
2685
3618
2048
2555
7984
9191
9588
1843
9959
9758
5176
470
1946
2005
4738
5089
9976
8184
5444
2399
7053
9682
1593
8620
9860
9054
2763
4572
5001
4022
5477
7686
7640
3877
6593
5624
3068
6181
3819
9380
2291
5347
9850
4238
3704
940
5679
3681
9124
7475
2432
2530
3510
378
1150
3370
5784
3913
7942
785
4287
9771
8471
1927
0
5064
3904
3068
7598
4075
8800
9889
9423
5002
4127
9479
5943
6159
3160
1419
3634
1945
3949
7144
8675
5099
514
4459
5364
4808
5244
9651
931
3715
1579
931
5131
1835
352
2729
5910
9152
2619
1685
4155
3098
1165
6450
9257
677
7869
9244
2622
1819
6388
7649
6918
3255
2108
8635
4415
7352
8286
5347
7419
6217
6278
2551
4404
2982
1632
315
2135
603
8352
2642
3702
9517
9092
9311
6547
6961
4907
5521
8780
1296
3171
2051
903
5279
7038
1670
8984
1676
7017
6403
7894
9648
5306
2298
2630
6939
8965
1117
7542
3670
111
7596
3187
9203
3260
6086
2517
8167
1608
7649
5815
4779
6052
3070
58
3090
4741
9042
4767
8110
1798
9013
7758
7104
7663
6741
395
6629
4210
4290
6651
4322
1886
9838
9877
5146
2277
2394
9666
3885
44
5481
8664
2448
8552
5074
5539
9645
469
306
7755
2267
9319
1866
5723
3334
8607
6119
9963
9169
409
2966
3491
8647
2805
9721
146
1434
2115
9812
5319
8511
1645
335
960
6549
5409
6499
6194
2230
3157
3950
4497
8828
5816
6573
2162
775
2692
8478
6296
9453
1444
6140
4452
601
5861
4598
2035
7976
762
3706
2840
8760
4041
3800
5309
9451
6651
7856
1681
6160
1806
2531
4988
3974
9104
3502
1101
8148
8332
3749
3953
6129
9889
8405
6730
5750
9356
5118
79
118
8824
2919
8878
9218
3071
540
5021
6074
8396
3054
2234
6554
5585
3574
6880
1041
7076
4333
5541
1761
8082
9494
7890
7972
7900
972
74
7256
2442
153
3726
7619
9424
8957
6837
2495
9497
1858
8569
7893
4912
803
799
6850
729
7679
4243
4158
2012
9785
5919
94
9279
161
4418
3531
1133
4493
787
9928
4646
866
7547
4071
9823
736
2918
9320
2594
1488
3565
3858
8643
4364
7060
9373
2043
1304
9883
407
1089
5802
501
368
5963
1272
3900
3448
5765
1039
9728
6763
1905
7275
7186
1728
8011
105
7400
6957
7945
965
7168
2940
5329
4228
8665
3724
5532
8548
4131
2973
4350
985
3342
6665
2257
3594
6466
8022
985
6194
1137
9243
9822
8324
971
7833
8429
4724
1143
2726
5689
4663
5666
7371
5243
4332
1095
776
2880
5227
101
3583
6212
9795
248
8469
3389
6714
2843
727
9261
3980
9970
9083
2304
7293
3268
7085
2017
763
9811
7707
5426
5478
1430
670
9810
2525
7798
9042
7752
7899
2625
3964
7695
9226
8785
7436
5940
1628
4515
1553
5609
4485
636
7913
1779
3905
1351
148
4668
1162
4207
95
6640
5637
7117
2802
8163
4915
1845
5915
9166
822
6232
3213
48
5017
7002
2341
6646
1517
3894
2255
6003
4531
6520
4134
8436
7871
4282
9456
5386
8490
5903
2026
4127
3020
1181
2290
4287
9378
4558
3454
200
790
3019
249
5807
21
8942
8805
1539
2836
7412
3894
7367
3933
8028
2155
8156
2310
1612
3542
7152
3867
1921
1280
6888
3102
9922
7527
8832
4480
7333
9032
1622
353
5633
3782
374
4575
2587
8265
3764
0
2159
1131
285
187
9639
8441
8850
7603
8336
6002
1470
257
7282
4710
9711
3557
2238
8543
4389
9571
3927
6012
9924
5913
9794
6651
6840
2381
1268
604
8733
3428
8088
9018
9967
4079
3812
8817
1682
2148
4820
9504
8757
8454
567
4820
2011
2805
9715
6401
8728
3642
8765
5005
5907
8559
8008
2748
7292
9276
9704
2378
2704
4144
1396
2672
8223
5208
1489
6257
3708
2661
5762
2465
7468
6329
7285
5831
5486
7000
8584
4214
6995
7349
5571
9254
2260
3579
8354
5905
2856
8059
8283
5560
2203
9679
4584
6779
1240
2426
3036
4948
5087
5150
7414
8907
1479
1051
4739
3317
4404
3323
3884
1399
673
9455
653
2933
9387
5360
5190
2243
3419
3473
4155
1974
9505
8740
5105
745
7518
8142
5693
8957
3292
9459
7865
1124
511
2604
793
4915
5927
4677
2666
6600
485
9671
5886
9872
5031
7428
2115
4802
902
2622
3129
407
1362
8234
1152
5232
6376
3197
4190
6021
2657
2055
3497
9520
4659
4290
787
586
8968
3453
3539
5805
9476
5777
5677
4508
3205
4144
5662
4107
6766
8791
866
4481
3378
8370
9713
9754
1568
3903
2127
4225
5958
5624
97
617
9915
884
1204
5235
4337
1095
1040
3813
6872
6717
4673
77
861
336
537
7627
5479
7755
2108
8857
6126
1822
4964
7694
5725
3443
8271
8036
9068
8368
8653
5335
9252
6209
570
3589
7304
1610
3754
528
4679
4780
6958
1892
1468
3847
9519
6947
1602
7980
2157
7728
6154
3473
5422
8231
6916
3693
6267
5984
2061
1273
1319
7665
7482
8241
7606
1139
6203
1361
8019
882
6141
4977
2774
7609
8824
8646
908
427
2978
3065
8155
5484
2890
9930
3715
9807
3623
6335
5791
2037
3960
3463
9702
7794
1704
7309
8933
7908
5022
3305
5142
7515
8282
4269
5124
7107
2915
2384
3886
2245
1802
2041
7729
4692
1971
7796
4499
1947
483
6643
336
4443
6458
38
2238
4514
3699
7523
8774
5073
828
3917
2588
5463
8186
4064
8922
7453
6449
2808
6050
4603
1201
3779
9295
9525
7927
147
1472
8411
6790
8160
9206
9600
4550
7796
4114
8250
1672
2889
9675
8852
3158
2264
4315
7696
6328
3237
1501
9129
2397
7551
3732
3599
7682
9380
3124
1961
9527
948
6724
2669
9108
5931
2269
3658
79
2735
8260
1751
5624
7936
604
5134
6552
1271
2830
2880
861
683
2010
3258
8234
2094
6857
2268
1474
6333
4230
7353
3633
954
22
2741
6885
8643
2752
6965
1379
7364
5068
3355
1652
2024
4842
8204
3296
7672
7437
4157
8356
5799
7415
2942
4245
625
5211
5720
6958
9441
3073
6944
395
9448
6037
3633
4443
8789
6950
2174
2506
8370
5530
510
395
372
5067
3691
4396
2504
4200
9104
4655
1615
8399
8900
8592
3610
972
1903
9403
398
8847
6150
6198
4884
6135
641
26
9437
2816
8884
7808
4698
9394
8203
1422
813
8246
5818
9669
2446
1275
4324
413
9674
9577
9006
9636
549
909
9039
947
6108
1541
7145
992
7677
4139
1018
7114
6955
9902
4922
1653
5649
9477
3075
6462
7723
5245
6132
6521
2872
6808
6935
2546
6385
2293
8534
6935
9554
7573
4234
5662
5467
7732
6654
3144
1871
4025
6610
5178
279
7885
6831
5928
7362
6258
2391
1438
7855
4875
4311
728
1683
7598
9626
8069
9891
8161
1356
5797
2086
5590
7811
7553
9674
818
7049
1545
4843
3660
3075
5122
1545
9906
7403
5259
2516
6146
3049
372
1021
3713
7452
9056
1311
7078
7125
7555
5239
4833
9704
7326
6776
7516
4879
6450
8334
1929
4348
9529
1941
7423
1003
9838
3682
8406
1449
6198
4552
851
2922
1925
4564
374
7334
2227
7453
4459
9782
9044
5645
9487
6370
2421
3355
7602
8871
1689
5883
3219
1218
7824
6995
2221
4014
677
6980
5463
6875
7884
6314
6150
9810
878
6524
7144
3106
329
7955
9240
5726
3600
5079
2096
6021
8434
6050
1245
6475
1933
816
4045
6109
7811
2619
123
8488
9599
1939
1716
7483
8253
7866
3645
5484
742
7141
4942
7424
5097
534
3150
5049
5614
1598
7423
400
7649
5020
3228
5934
5836
7273
8396
3648
9892
8519
2136
9491
458
3852
3327
5064
8070
6972
548
8813
4114
1842
2589
5563
2376
5739
6964
4342
7337
4387
4743
1338
5759
7971
3625
1596
1596
2021
5244
1489
6892
3732
7332
3703
3937
659
8767
2007
3984
5667
7172
8098
7509
9761
13
9885
1852
6977
4228
5542
7717
5323
6880
3476
9646
505
5072
1242
8878
6668
9083
5771
401
2768
9474
4338
9779
4593
2697
3763
6612
9870
1861
4121
5983
1874
358
7836
5204
938
3378
2921
2613
6610
2749
2259
3468
7822
9854
2346
842
5289
8117
1243
4409
3943
1933
4189
4888
4631
7952
1500
853
6166
5621
3188
4392
2332
1024
9596
9622
754
2517
2236
7365
5267
847
7185
9441
7053
9531
283
8695
7649
7879
3104
7944
6164
7293
2833
795
1598
4333
8000
7764
6307
1189
2156
4991
8565
1753
4613
5672
622
6849
9389
2241
4049
6574
8034
1102
6105
4670
9797
106
2549
2902
8051
8713
6547
7236
5861
8145
1569
213
5909
4228
1402
4418
9219
6320
2523
3833
1992
3145
7034
7733
1739
1083
4307
6125
8538
412
795
4687
6871
9696
3941
1274
4762
489
8510
623
4986
6431
7188
7248
660
4943
1666
9879
1263
4189
64
9607
3686
7099
7340
5425
4534
7999
7903
9424
4763
8698
4112
1634
4747
8053
2908
9509
4894
7770
6484
9881
4202
3672
7129
4862
8615
5147
1093
6230
9336
1158
2189
3022
4609
9529
4800
5495
3880
2703
4920
8644
7753
9032
6630
2500
3437
9539
8361
4684
3661
4845
4565
7863
4870
8046
9077
9837
3193
171
6068
8881
7681
4609
8255
8642
4139
9407
4137
4371
8462
5409
3015
6216
793
9646
5068
4231
5537
9782
8915
9198
4627
9832
3414
5849
4230
2491
5687
3775
9014
8107
2656
3047
2716
911
8041
3207
319
2179
7579
8781
7588
6946
1349
4734
2944
2770
8965
8481
2552
4232
4032
3531
4064
7446
9381
4646
6289
1420
8421
1656
9527
1077
4703
8595
8340
2745
1803
8659
1276
5734
3793
5216
2680
1494
9950
5625
4264
5267
458
3168
9499
4490
6700
9915
8288
2433
4561
4578
3853
2982
6234
9732
4059
7289
8327
8752
6386
6482
3763
7662
2216
7556
2879
1249
5403
9181
6874
6019
4449
3684
9188
300
8175
2240
216
2815
4673
4777
7393
4878
4112
9979
962
4523
7269
5641
3275
3655
2124
7039
7670
692
947
6901
1941
6350
6082
5167
2370
6883
5204
7910
7184
3379
150
7400
6194
1175
8529
9940
6053
8993
6271
7015
3517
3540
9008
3144
3548
7484
6535
7570
8177
7483
4471
6470
185
6905
7990
8907
3789
3194
6817
7325
2925
6967
4725
5471
8142
9606
5411
547
8600
1683
3914
8469
1575
2923
1613
1475
407
8149
9045
4936
1984
9868
7759
2169
3126
5749
7429
6915
5295
4246
4240
8220
7566
5317
3691
5708
1275
5455
2608
6227
7138
6522
4696
5065
9445
2662
6541
6205
7163
1938
1141
5499
8159
5252
4020
1285
1001
1449
4552
6296
5696
5144
868
3262
6813
4560
5322
8088
6367
7930
668
3505
4453
1716
8570
250
4378
1463
2807
7893
9754
301
9744
7913
5553
3765
9198
6555
5214
102
9203
7262
5246
6424
6876
8411
7336
2199
2851
3703
129
3519
7208
934
5236
2130
7537
5966
3594
344
212
3348
645
9956
7613
6199
3721
3163
9106
5288
3265
4661
8902
4863
1085
5779
9626
8421
7978
2477
2124
4459
5997
9332
5394
1233
7815
9283
3551
7761
9627
3763
1109
273
72
5074
2824
3793
8237
1930
5433
7854
6591
4336
2717
7677
115
2343
6098
4445
1172
4575
8904
7169
3907
650
4754
8074
9933
4658
5835
5913
8421
3296
6186
8493
8370
5362
8639
6607
7292
424
813
235
4760
3530
4264
1227
2225
6715
5672
9750
1290
929
6919
1549
1579
8026
9624
7865
2684
5459
3778
7457
8756
6316
2303
3478
1678
942
86
8970
1366
7251
5557
2479
782
9822
3706
9359
6537
5731
5461
7827
6660
8733
9376
4591
6759
9000
2456
5795
812
2586
9604
5920
8902
1907
9398
580
2849
5836
5902
568
3088
7812
9399
222
7634
3105
5933
4171
8836
1395
8350
1848
128
7726
6440
3239
3079
8896
9034
243
7835
8638
6163
6737
546
5561
3670
9747
1398
5924
6667
838
3736
6066
1060
1370
5524
6993
1893
712
8388
243
2561
8516
4322
9001
8107
3753
4249
7141
3996
8436
2132
6511
5174
9030
2072
5196
8777
9822
1120
1797
660
1209
4215
1720
2579
9739
5066
825
6804
3454
1068
9365
8323
1742
4718
6430
5495
5319
9924
5843
3756
2056
2354
5282
1086
779
478
6215
6953
7950
4364
7614
9159
8580
5686
1739
4671
752
2564
1475
559
9984
840
5234
1727
1910
8016
3574
3582
7940
9418
7338
6348
1772
2620
7434
8903
9450
2
5857
7400
4366
3471
6560
9298
5509
4651
3970
2614
3567
5445
9525
3551
2638
4759
1630
900
2775
5205
4482
7068
4623
8172
3416
2747
7144
7203
1651
6594
7205
7508
347
7923
7331
6907
3574
9192
7910
7544
1806
1477
9341
1331
1380
8331
2442
9363
9232
1570
4568
66
8638
5543
8239
2054
4642
5383
9257
6293
8330
2814
153
8677
7090
3836
1936
664
3029
9846
4560
4835
7675
3901
2519
9055
2233
1313
8418
7817
2883
9338
7883
7873
1233
2474
9928
5876
7858
5537
8521
2540
4704
5027
1217
1794
8863
3153
8810
1892
9351
3370
3080
7026
3623
1951
2433
2208
3264
7204
6377
2500
6542
613
373
4128
3087
6653
4
7297
8543
4877
9837
3247
9904
1054
1393
8768
559
6555
7012
9910
6277
6444
6936
9900
8395
5722
8461
8012
2926
4838
6864
5820
5451
3589
9948
8539
243
6304
2188
5138
1182
2026
4737
1086
9432
2482
6206
9992
9037
9571
6254
1666
6015
9543
1566
763
5265
6379
5127
8191
1218
1991
4011
3021
5580
3960
7912
2175
264
101
3665
7798
8479
8402
5237
7911
884
7795
4255
6273
7366
510
7939
9734
6405
5858
497
1670
8589
5624
6213
9807
3967
224
9181
9547
536
3445
8075
7153
3546
1740
1303
2025
6495
6540
6289
3731
4336
544
6357
8054
7406
4296
7788
3811
6506
4637
1833
5096
6613
8046
1255
580
4623
6788
6480
5159
234
907
8664
3780
8999
9968
2158
5494
6508
4799
5578
7196
1695
1935
5251
9102
2583
9391
9265
9090
381
7451
538
6994
5497
8145
3927
120
4934
407
1632
5168
7666
6648
5300
6665
6616
7458
8512
9477
8609
4090
3025
305
6025
4628
5759
8608
4020
1376
4050
753
8827
940
7747
4325
9086
1674
797
4020
8433
8781
5540
6099
5430
840
9117
2046
4651
7629
7875
3260
1719
7253
9917
4096
1881
5676
9056
2253
7053
9459
3006
2232
399
754
6557
5837
8780
3707
9857
3566
2488
1749
6017
7918
2590
5134
6317
3593
9115
544
6853
7186
7797
6771
1282
9679
8799
6691
1932
5852
6150
1291
4437
2901
2045
7346
8739
7177
1053
4948
743
3542
6698
6761
7812
5640
8247
481
9233
7363
1026
6086
4549
5175
9209
2184
4854
8009
8875
3139
213
5025
4430
4650
7926
2827
1997
3017
6356
9402
7966
7100
9296
4664
213
7109
6656
8460
3942
5889
5823
4968
1975
6725
144
7537
8909
1350
5546
7784
841
2111
9161
1623
3114
3439
4450
5111
6457
807
865
775
4259
162
1791
4472
3623
8447
2932
7565
4336
5108
8886
2663
1833
9030
200
7094
6732
2098
1230
7574
4210
391
5549
7324
182
0
8787
6639
7159
9652
3766
7770
6166
5557
2242
9789
4004
1526
7355
8340
2986
6241
7356
1171
1623
7556
8265
4707
9655
9495
8633
217
6238
4183
3893
6421
535
9032
9412
7694
5036
3179
5464
1203
8736
4058
7344
2741
1936
1051
7433
4923
7292
4789
6094
5267
8698
712
6327
4705
207
4960
4922
6446
9143
5167
9219
9678
551
8631
3724
5587
1810
5540
3142
547
5950
6839
9640
7887
7890
3425
9162
1535
8215
5256
6802
6913
2320
3129
1618
2528
4442
2892
5326
9937
4411
897
5968
4962
9528
9692
6901
7691
1585
6396
8238
7535
3235
4230
1774
1125
7655
936
2660
2222
2545
9463
9135
4865
8944
7105
3745
9738
6349
9071
9676
760
6320
5644
5722
5849
5336
8976
3540
3273
5372
8130
7161
8607
8712
5287
9732
6367
6224
2393
8590
8769
8208
4077
9986
3504
7535
3732
3243
3884
9155
2919
4645
5476
8563
6719
1325
251
5695
1217
9877
7419
9347
7038
6026
8059
2325
2111
778
4901
856
5720
22
5416
9798
9
8920
3685
3741
8515
7569
2896
7786
8566
8372
6349
5286
6049
2953
7333
3618
2830
4753
2965
6220
7131
7376
4897
5594
4507
6151
6450
227
6173
1866
6377
6182
7139
62
6275
5654
3984
9172
3441
2550
3896
6142
4188
6298
5447
1522
9916
4629
2627
9234
7201
6110
2962
2099
1705
7469
4602
8155
4049
775
6374
6778
3310
3513
6841
9585
5519
825
5109
5312
9727
5358
7807
3916
1656
3254
5438
7924
4236
4417
7158
1437
6879
6473
9888
8584
294
4490
3092
695
5266
9466
7474
8576
9331
4315
4513
4850
1492
9623
163
1219
4981
4322
5135
2989
7576
6925
913
8164
7694
4424
9602
4574
897
9490
9510
7543
333
2602
8239
1951
2068
5713
527
7751
6380
5040
2602
4224
1015
9117
1795
5996
3439
3283
8985
7367
6560
6251
5532
4255
675
1486
5181
7924
7328
4691
5467
7661
7294
58
9612
5714
5771
6491
3466
8503
7884
2420
2727
8899
1537
4523
1248
1328
4158
233
5047
718
6484
6931
4973
3511
4769
6506
1435
2098
1198
3255
6111
4844
9665
2076
6910
1789
4919
376
292
2803
9148
9372
8055
7037
247
9303
8365
4405
5888
9765
5123
8725
6696
6449
2236
1466
2955
24
9916
505
9631
6027
1701
9296
4455
8612
1085
9375
5340
7730
8530
4489
7102
6585
1526
3701
5888
6244
8106
8129
6009
9581
6854
9057
6030
9090
6875
5338
5466
6791
2195
5097
9171
3897
746
3626
2509
1831
3001
7849
5913
1532
8690
9367
4469
6569
3068
6710
2813
1174
4839
5174
7108
1693
583
3138
7135
7459
4828
2602
4250
7024
7699
3421
921
4797
3400
9782
2981
2753
7631
8894
637
2674
8262
5107
9243
1330
1817
8408
8857
6656
9934
5965
8349
517
5455
1836
7976
284
4438
8579
7308
8490
2000
4581
3287
1752
4363
6268
4506
8346
5163
5143
1020
9777
250
6615
1107
8419
5023
9964
1427
4957
5929
6128
1827
1385
7965
9803
8021
2403
8382
1681
893
6735
6262
533
4839
625
6801
9345
5323
8316
841
6344
8093
7443
2959
5553
5863
4335
1869
7290
5644
7799
3419
7471
5536
1384
3627
9909
139
8361
1590
1033
1448
4204
7918
6288
1181
1071
5633
6504
5740
6474
9200
185
270
8512
5738
6133
2847
7608
9775
4843
1759
3194
8667
3647
930
2294
3556
1070
7007
1498
8455
8456
5702
6373
4744
6883
3796
6729
3387
9536
9556
2588
9722
9826
1100
5460
5959
299
9420
2086
5142
1179
5281
161
4826
2563
2455
4734
3633
9463
6232
2088
4271
1934
4813
9015
8817
8610
2096
8557
4498
1652
7497
4220
1478
8597
6033
3789
5248
1805
5876
6742
2985
7509
6904
4163
72
9359
8898
3706
5174
1482
2146
5797
3417
3312
4812
8586
8274
6909
3495
2772
4913
992
3345
2744
5941
5730
6533
1189
7535
8761
7932
520
6270
4836
1036
2695
547
6286
6401
2074
7768
4899
7871
7537
8211
9036
2476
2837
2297
5971
5610
7210
3316
5307
9954
9257
1037
2840
447
8572
1601
4731
5445
4224
5919
6481
6919
2818
2767
9672
4892
535
923
9116
4425
9135
4504
6901
8324
6801
2872
286
363
6188
5593
6670
1798
6630
9510
8597
5203
7463
3328
648
8039
9247
3481
4958
2065
6248
982
3310
3135
1906
8778
7560
7393
3282
4461
5717
6435
3686
6004
6798
6226
1597
3468
8024
4580
9330
6621
9783
3146
6301
6783
1185
5548
264
6144
3966
2864
3478
3628
5999
5384
8758
3560
2777
2040
8021
8495
8475
8059
851
1625
4286
8800
5094
2310
3380
776
5284
9515
3922
1585
6298
5108
3486
2914
7604
3804
5778
1082
3784
1778
6467
2542
1690
5596
4582
9711
443
9409
4123
1294
1034
8409
95
2480
7071
9827
3257
8707
9343
3531
293
5641
8639
131
4908
2595
3935
686
3678
7719
8816
6497
261
506
8445
1195
6570
8889
604
693
6535
7990
5454
2982
6823
2525
2810
80
7585
2153
9963
7878
4146
8603
8009
9054
7550
8296
6093
1228
6015
4909
4077
2628
5416
2523
3823
1986
7764
779
9031
4299
5121
4485
3634
1944
3362
2796
8376
947
4949
8340
8825
5447
3295
3186
4502
845
1482
6947
8426
3849
1856
2503
2829
7272
1378
3004
5610
5494
3783
4641
6146
5257
5478
9780
7201
8841
2576
5578
9788
3877
3918
4966
9324
3565
4504
178
4410
5987
7125
2836
6188
5334
1692
9018
8958
9422
2022
4569
4917
2158
5562
7415
7415
7393
7195
968
6234
6123
6546
6022
0
6816
7340
5676
381
1845
2207
1144
4184
5684
3980
6724
1018
2024
5742
9977
7799
4117
898
2716
2627
2812
131
42
205
3678
7362
6439
9801
261
8814
6153
3429
2506
8181
163
4351
388
1307
4887
2425
1639
1612
3443
3664
7354
9772
1463
7823
670
531
450
9835
7014
6844
40
692
4207
2832
6845
820
7998
9350
4249
6856
7531
4412
1208
4272
5719
2447
6697
7359
4059
6492
7375
7766
6265
5190
5589
3287
2073
2392
3122
5439
5588
9515
6131
9795
8699
9328
615
6697
5030
4865
3553
2561
5629
1113
3185
1349
3561
6234
5060
3972
2727
8787
1738
8992
329
3680
8631
8754
6072
1754
4193
1660
7621
324
7808
6320
6004
4775
9369
1034
5992
9274
9947
1622
388
9485
9323
301
5719
735
625
4798
9522
2364
142
6203
2396
8774
4957
4820
6880
9150
2832
4501
5826
640
821
1830
1768
190
9216
4112
9464
9163
5734
6204
5000
1409
6505
720
2144
3483
1870
8018
5847
2013
4221
8243
787
9178
3063
4019
8328
5895
8520
4154
2888
9341
2336
1008
9531
1552
5120
5347
716
7207
1552
2068
8616
4409
2788
7113
7892
4659
5131
91
3024
9353
4686
163
4883
7749
4182
3212
9997
2702
3718
9237
8395
6055
245
4278
7607
1717
9625
4675
8924
1177
6744
3893
1939
5884
1006
9831
6895
2489
6275
9919
8194
961
6434
3078
5063
616
2642
5060
9670
2712
649
8065
8767
7246
2343
2727
8963
1969
7402
7888
9498
498
8133
1437
6383
5491
7621
9630
7980
3896
5902
2527
1209
2336
1957
6272
9305
4599
1332
8975
3663
8333
3393
2431
5579
5736
5158
4543
4057
8912
8783
9908
5763
3268
7697
8498
8759
1670
8128
3091
5566
4030
5618
6776
2719
7575
9400
2024
8526
733
7351
8542
5418
744
973
998
2833
2483
1893
3242
7747
7028
3150
3510
6648
848
2008
5407
2518
6489
8498
4437
519
469
7565
9590
4396
6965
7966
9275
4050
5318
7817
5821
2414
8790
3171
1599
7625
5064
4842
5372
8444
7992
5235
5092
5192
7243
6851
7711
3732
1701
8500
604
2170
2417
6546
6567
9382
4513
2194
9785
6183
11
5606
8597
5153
8777
197
2778
193
5039
4502
4989
9383
6089
81
4576
3333
3284
8639
3417
4985
7139
373
7156
9556
3272
75
5290
7785
8621
1427
3968
8632
7033
8917
137
2162
9114
9267
2355
505
3769
3696
9889
9859
3777
817
9544
3413
9456
9313
8399
2947
6039
1907
8855
9311
1982
497
7096
6955
1925
7416
5587
5310
6333
5724
7473
1800
4991
6180
2305
5112
9877
8546
1323
6
9363
867
3420
5171
6533
1819
8118
2572
3726
6973
1883
2060
7471
5331
5367
5748
9099
954
1058
5432
3030
4883
7232
4373
1064
5890
9485
7293
788
809
7299
6504
8028
7071
1675
913
5242
9794
3485
5320
3119
1720
3732
6942
3403
9099
2690
2502
53
101
4287
9435
4984
7871
3808
2400
3761
3294
9693
4550
455
3345
7406
8483
416
9081
5749
5659
5227
9234
979
8347
7307
4712
1641
7062
3811
684
9565
217
785
3852
9652
5769
1723
3461
4522
1837
3107
4215
2739
3562
3912
145
8397
4329
9226
4146
6340
806
9733
3671
9153
3392
4735
7146
454
4899
7830
6371
5116
8615
6575
1120
737
4651
933
5259
6488
4040
5826
5579
3954
9739
2076
2352
420
7654
2850
6760
8460
2583
431
3965
2327
5167
1112
2782
66
8942
9153
1534
3910
2081
9006
4647
6732
9940
6258
9572
332
8436
5151
4287
8175
3579
6639
8595
1233
5841
1707
9694
4777
8491
3659
7104
3658
4771
9886
76
66
5392
7962
3976
7473
6968
4975
557
3260
7585
129
3593
6021
1632
7880
549
5211
871
9144
6444
6712
7204
2490
1489
5695
6150
4946
9353
7273
4832
5781
3691
6576
95
4019
401
7063
8994
958
6676
6579
7439
269
8953
9071
4501
9502
4282
5372
4998
7079
8436
2202
9569
6278
7897
2071
1224
3602
5697
2408
9383
9388
5337
5830
3408
5738
9246
8754
3049
5922
5334
488
6191
639
5912
692
141
194
2416
5139
3625
852
7342
3195
7130
5239
1618
4706
5194
7315
7115
929
6704
2452
6760
6464
4542
6006
5218
7591
1928
6904
8080
4471
7543
344
1515
7684
6890
3931
2824
516
1135
6518
63
4618
8109
1681
9324
3303
8997
6439
4233
2053
5243
993
8517
9786
3351
3735
7377
5279
640
1809
6102
4535
2153
7617
2220
9044
7900
1396
5912
9035
4266
5975
5
2375
4008
9330
5679
3005
2121
6264
1410
7365
3609
9927
7151
6960
15
880
8591
7007
9042
4693
1542
1195
8662
114
6591
2914
7862
8855
8301
2128
4830
8307
4504
8839
3989
6535
8196
6110
9151
9607
9827
2760
5886
3330
6072
2253
4211
4663
9260
3253
5708
7155
800
722
3621
3744
3636
1484
2599
8289
3612
3782
6596
4468
2621
6937
1003
7169
3048
6506
3128
2875
9266
9015
6206
5338
7620
6769
6353
3233
6374
2061
388
3526
2783
4009
7270
2771
5493
6222
1061
5458
4
4009
9926
8977
7299
7282
6146
347
3788
5627
9574
9407
994
2132
4745
8614
5253
7451
1847
1627
9512
8587
1506
8648
8949
8776
7771
794
1350
5184
6252
1354
5546
6179
6683
2845
9813
9182
9544
3601
4809
5470
3008
5803
3955
4106
4417
9208
1557
2617
7188
7421
1204
8694
6069
6505
3822
3841
7300
5173
9025
9904
2879
4571
2435
9563
3768
2248
8745
3312
5850
9906
8783
5210
5709
2738
9316
6478
8298
7225
5447
5486
4647
3004
532
716
9509
4355
909
3161
5880
6287
3066
8759
7210
5501
4674
979
7750
9771
643
9952
9677
5778
5162
1738
8516
831
4569
3167
8056
16
5005
9055
3020
5538
6124
2530
6245
7033
2043
2125
9672
5109
7236
3235
6963
1911
4214
4713
1682
1209
1017
1360
6988
6179
9450
1856
3362
4019
5023
7771
4036
6381
6826
3408
1919
2950
2290
4516
6336
4334
2993
2360
9443
229
5595
6406
2140
6161
7471
3823
7371
8488
1535
4359
1020
985
2567
734
5005
7591
8505
5393
3972
5332
8801
2243
4634
1092
3111
7322
5426
6104
9683
1221
6333
5278
3980
4826
1440
1451
8649
8811
6292
6536
9522
7312
3873
2089
8046
8878
6032
2904
623
6356
4588
9425
4951
9222
6869
8062
2897
2295
4166
2580
9868
500
4210
3848
5326
5650
5300
327
813
1592
3215
6687
5256
7088
5129
9654
2319
1161
2558
2942
3870
7146
2367
8821
2721
5588
6884
5618
7883
7402
4550
7752
7902
8760
7952
9580
4411
3252
6259
1576
1196
9474
8264
2804
2915
3393
2459
5234
906
1369
8176
4776
4868
6896
9950
7589
2484
3186
9559
6720
588
4109
824
4843
2869
8776
775
3632
8381
7035
5209
9577
2861
9825
8734
5776
3218
7545
7362
476
8914
1891
1605
3782
8787
1555
7723
7623
4741
7282
4343
1681
1391
1519
6524
613
296
7300
4245
8677
687
9454
4606
3548
9279
3340
5677
8849
885
9391
5678
6152
1282
7283
6286
69
5190
4010
7693
6283
1292
8388
7964
9036
9908
4489
6001
6556
8141
246
5233
8828
6053
6191
8728
1684
5884
4405
6886
3121
3797
2564
9273
5079
6199
5560
1501
1389
5922
5546
4024
3566
286
8340
8954
194
9181
4955
3102
7322
1554
4687
6150
7607
879
4879
5643
6763
5636
2529
6236
5785
1445
1862
7217
7644
7422
8718
5385
9696
616
5761
3262
902
4102
2217
7449
3283
3524
551
6958
5078
5239
3108
9037
6118
4339
4681
9233
6328
3562
5469
2113
5008
3683
9330
9004
1105
4400
742
7153
5016
6503
416
5919
605
8985
3368
241
2509
271
7199
7588
5510
6659
2977
7980
7351
7658
7213
3679
7573
9035
2144
8933
2718
7827
7937
176
2227
5031
3681
3596
1535
4097
5867
8492
9434
5587
5085
1944
5858
2284
5884
1369
5296
8861
5701
2647
2872
2915
2678
6797
8302
1174
5730
7372
9001
19
3900
7581
1403
7582
7529
2938
1679
3396
7782
7466
8983
2868
9410
1193
1504
1646
8914
6800
6859
4616
5799
6083
7531
4829
2880
2185
6004
4962
9557
1357
1334
3458
5290
2737
7392
2819
2027
9071
6215
9809
6537
1550
9029
2299
2744
534
297
1658
3686
7157
6274
5838
3240
157
667
2473
8694
3023
3787
4604
4381
5121
8062
9671
4210
1806
8843
6237
877
5058
6047
3767
2961
1428
2418
5705
1962
2716
3715
5649
6225
6342
1487
5817
2851
8506
8290
1546
1530
2078
6150
2263
3551
564
8286
7762
2370
7129
3999
9599
8540
6398
9718
1501
7827
2137
3558
6141
1205
3625
1790
3782
9967
9629
9599
2819
4488
7890
717
6018
6320
6867
4633
9871
3783
2919
7633
6153
6401
7985
2104
4941
4383
1823
2794
8562
312
2704
4704
7869
6329
2846
1651
2649
2476
1250
5468
6964
5492
2537
9334
1812
5756
319
8036
9539
3238
5669
2044
5991
6
4148
7284
742
2323
78
9304
2635
2782
4008
6856
5464
6855
8507
8113
5683
9758
9933
8999
5250
2470
4685
3415
8226
5004
1451
4117
4594
3472
6161
586
3479
309
7870
4221
2633
4301
3525
1620
3435
3886
8477
8899
7093
3336
7012
9128
9446
3297
8127
4697
5767
2812
4464
345
4168
5915
4462
8762
5739
623
5700
9218
7285
3571
9791
6270
4224
9669
4242
7659
3555
9071
2911
7000
2408
6275
6128
1854
9573
607
2903
1692
9771
7367
2038
3939
9634
2852
9053
5374
9828
4754
944
3465
4677
7088
9735
8901
6757
329
2912
6664
9401
2175
3664
1809
8451
6144
15
8024
6751
2919
6068
6522
6638
4458
461
6273
7311
9514
7999
7139
620
5295
6956
5297
2383
3043
550
9140
3372
3463
5804
9125
5638
5820
934
441
1964
7302
4817
5067
221
886
1589
6859
5344
8402
9484
2655
4269
3835
6146
4889
9131
9454
187
1514
2497
737
7007
5870
552
9163
4995
2543
4984
2282
2984
3300
9584
7802
4720
6157
8688
6309
9368
384
1064
5205
9392
1685
9040
1890
6574
4523
1345
3113
6038
3842
203
9397
6064
7107
8560
7412
9650
9896
9694
2635
9549
5630
6789
4269
8139
1829
6930
7507
2213
7994
9064
1605
9679
8105
3496
2606
2628
4841
5719
5018
5035
2274
767
1100
9382
9328
8512
9032
9224
4558
8019
8773
6540
4808
9394
4679
6637
6325
8538
5203
4319
7603
6808
351
2060
6656
2957
1040
7849
5028
2411
2885
7303
3178
337
6685
2506
5201
2069
8083
9759
6441
3208
2651
7601
2603
7330
591
8928
2220
5794
9599
9823
8954
9950
8235
1963
2907
9276
9812
7936
1687
9049
5239
1217
9386
8276
3724
939
6697
8159
7050
9490
1367
9701
7092
3970
7031
4035
9250
9252
9829
8850
5427
5135
8800
3663
7098
8060
9291
6911
5996
7330
2312
7587
8547
8051
2215
2271
8990
5264
6782
6041
4755
8150
5742
8199
8472
9126
2234
4075
8378
8415
2925
157
3550
8077
172
649
6137
9463
3912
8485
6793
6224
2424
5341
627
991
3964
9618
6256
747
5659
7363
5249
7753
1914
73
6879
4148
4148
1609
2563
7073
8119
2465
1503
8291
9466
3992
7755
3378
8830
4548
5955
1254
6241
6582
8598
206
2552
1206
7305
4563
8569
8906
2317
483
8979
5548
983
3128
3510
3546
6553
1629
2363
8056
9920
1830
8401
4027
1560
7231
4928
7515
4837
1169
450
3435
7727
3002
4641
1384
3918
3210
290
2587
45
9270
8135
1028
2398
1645
926
5303
9626
3290
9712
5899
1472
8113
9926
3032
5344
4854
6900
6533
2376
7350
9969
6455
6704
4610
7840
622
4173
8130
3209
4218
7400
7697
1599
6150
5694
2525
1454
5321
2167
7518
7572
3639
5631
3850
3024
7327
5057
9924
3860
7433
7274
181
3888
330
4792
1728
7305
8965
9859
6866
9535
3611
4563
1134
9762
6610
12
7568
8283
8531
5086
5855
8523
7069
9705
1547
748
4762
1471
960
8547
5097
1142
8788
5427
5934
516
9084
1251
6727
5951
786
6691
6866
8273
6453
9828
8285
373
8111
3168
1811
318
1691
8880
24
3238
9628
1138
4709
588
6038
9806
1730
4826
1586
4016
1694
670
5267
4774
2973
6054
1465
6192
4327
4270
6020
8964
995
4132
8484
2806
4450
176
1686
826
9766
7666
8317
4476
8254
707
634
6337
1885
8572
353
3579
5595
5621
4705
8568
8027
2522
1112
8706
6792
7133
4022
7787
7617
2506
593
2067
9034
8631
9246
8801
6297
3915
3277
904
4622
263
7241
6507
5188
7594
6438
783
9567
7496
5703
7594
18
6816
2652
3163
301
6674
7302
7918
9181
7896
6337
8215
2879
1935
3368
9177
5850
2997
81
6824
3261
3674
9683
4801
7620
6122
5584
7188
3618
7639
1134
3636
4455
3787
3151
1108
6813
454
9026
2346
8350
5364
6914
7581
3651
282
6758
9502
3280
3191
6326
2893
3217
6010
7694
838
8484
9630
4378
8454
7269
5512
8442
8077
5651
1594
9185
8817
2048
4564
1163
6750
6280
8077
4331
9931
4712
7442
9433
7992
6985
2112
885
203
4474
4931
1041
9310
4561
5419
7764
1830
7283
6206
9907
9287
7800
5445
8104
9848
9
5619
6598
6289
49
930
6220
4761
4724
2006
2753
1709
470
9990
1912
4944
1273
9305
606
5834
1076
8370
4016
8360
4576
276
3999
8729
5721
2103
4929
5730
4074
1528
2019
4123
8810
4591
8884
3534
6597
7989
1595
7067
4331
3508
8363
5604
2813
8969
7790
242
3691
1807
8602
4620
2083
8953
3349
7804
7408
8278
9886
1482
6158
8257
5606
1320
2848
4490
4854
5798
8832
2802
9217
3163
6310
7581
5120
5475
2902
2910
5717
6594
4717
671
7566
3152
9624
915
7308
7032
5545
7194
8515
8056
5451
473
9376
4652
1315
583
450
147
3385
6019
9663
9695
3600
4783
1522
2855
7693
3592
5801
8763
4263
3367
8267
240
634
5576
7272
6179
2770
2139
4235
4574
2612
3612
9226
3928
4195
6028
4075
3932
2047
3738
9979
2000
4873
1501
1207
8919
5093
7008
7682
5709
375
5949
5949
1009
7877
3221
3540
648
1713
7776
1574
4325
7740
7152
4605
8287
9532
5033
2219
1579
5123
2198
9931
9997
51
1138
8916
5145
4498
2950
854
1225
5251
3155
2234
3129
6376
2127
129
4441
6255
1703
8767
3995
5207
9724
8634
4739
4757
853
2670
9881
9403
2602
6230
9454
92
5146
951
4591
4448
8157
2168
9699
1312
755
2828
4041
2882
2957
8482
9137
1012
3601
9484
6219
3326
8118
958
4435
5323
3629
668
1078
2583
6898
532
2675
8396
7836
3618
2844
5993
5787
2544
3658
6542
5372
7699
5776
8330
2533
4913
5694
6135
749
1914
5813
8867
2872
6600
542
6501
7269
1620
5436
4167
8504
4464
2564
2692
8082
5408
8686
221
7952
8696
3115
9677
6395
8891
4359
5280
156
53
7767
905
1967
9932
6124
1192
6533
3018
4045
3802
990
9482
7969
9495
3946
6885
2187
8380
2294
7225
8602
6598
5921
8069
6275
8668
3313
634
301
9821
7040
8068
7079
9007
8001
3203
199
4534
2574
4245
8336
3564
79
2657
9411
4025
9543
7951
2405
8189
1528
7359
1139
3802
1781
3767
2470
5094
4401
9123
4915
7793
7192
1994
6801
1545
1550
3352
6079
4124
3949
767
4040
380
9776
3452
4405
5671
7755
3163
3860
9283
6874
1352
3085
8655
5119
1908
3749
5872
1031
5017
3666
4575
3363
6819
6120
4913
6523
2199
5389
473
9318
9430
853
9095
9234
1611
4766
6989
4774
4979
6272
8000
2683
5710
6656
7802
7618
6757
3674
5001
1774
7340
9577
5138
511
5697
6403
7035
4249
8145
3860
3567
3927
1065
9014
9513
9028
133
6502
3802
1464
9126
1803
4147
1188
4811
8301
8806
1568
1975
3808
9695
5668
9737
1185
6179
5434
7588
9566
6035
2085
3426
5955
6012
844
4969
5525
9872
1454
8379
27
9270
3858
8182
3417
5046
2993
1718
205
4561
46
365
608
2066
102
1793
4597
1888
9382
4164
7924
7819
3942
3879
184
4786
5200
5709
4659
3007
441
4686
2277
4299
9220
2047
5697
2213
117
5902
3126
6515
6267
3735
8581
6369
5528
3179
4610
1262
7343
8886
9082
1285
9117
9266
6072
4317
1327
7083
3676
8120
8121
5954
8771
7341
4353
4469
5906
4470
371
9032
986
2991
9119
5919
5712
4648
9098
322
2262
6441
9208
7696
4079
8325
3314
6503
8995
994
3586
2671
9114
8059
4977
7886
5400
5682
8707
1306
6505
9078
6690
7491
2069
5810
9762
7782
6810
8861
4456
5424
1654
3665
9473
5733
8342
2787
2236
7337
133
2174
6361
9248
233
7690
3486
1985
3373
2193
9643
9878
7623
2686
3721
6045
8496
3483
179
1658
2344
4635
3434
351
4652
2907
6084
2995
2047
4673
332
2180
3199
3045
1428
9785
736
1266
1770
4109
9811
7766
339
7435
452
4060
9832
5300
3895
11
6958
2592
4646
6744
2943
9299
9652
5379
2294
1699
52
8978
3879
3252
2024
1660
3037
9112
9278
1159
9573
9090
8925
9912
2877
9377
324
2709
4677
4219
2720
7987
3163
3718
1084
6106
3017
736
1486
1663
8787
7890
6994
9018
7494
5370
7030
531
4482
6309
8043
407
1751
6968
319
4628
6346
6995
7337
7375
7566
57
1715
730
3775
2799
3188
3145
9887
1026
1160
8674
8917
4506
4044
6411
9876
7427
3295
710
3736
1338
1117
1839
4658
7788
6467
1004
4783
3804
4732
2350
213
6447
9432
340
5598
2620
9837
5485
9999
998
511
8916
5504
4555
1679
1733
1982
4974
8795
2070
2664
6265
3909
7323
4053
6728
4679
5189
532
5763
3891
7097
2210
3323
7438
4160
2295
3627
9645
2294
4625
156
7562
6482
1064
9242
4567
9398
568
3362
7821
3233
9627
8082
6908
33
4811
1587
5222
1695
7351
9113
8793
5913
8788
2583
74
1083
6210
6071
3378
7188
6228
940
22
3644
6534
941
9394
7103
655
7215
6688
6635
1650
3596
6668
6461
5183
8242
8156
8886
7355
3301
4800
6143
5884
1226
3578
8447
7297
3308
5635
9877
601
2009
3521
7135
2950
9268
590
3605
2835
7278
240
4485
874
3260
946
2410
1502
5455
1296
8857
8756
2448
1352
4641
3674
4931
9440
972
4591
5075
849
5192
3436
723
8680
6386
6343
9270
6343
9178
6549
6584
3664
3775
6196
962
6185
7699
6417
3834
6556
5174
6282
4261
6167
9957
5544
5607
7281
135
7034
4482
1680
470
5205
360
3208
1548
9630
9551
727
2531
2487
743
6307
8684
1705
8844
6383
4475
2678
9291
6001
5313
9904
2168
1622
1800
4127
8903
1936
7513
3385
9968
7983
4943
328
7543
6491
6310
7094
3570
8842
5934
665
1501
970
8723
345
7353
3198
9376
2996
9199
4689
9253
7719
6311
1053
8198
1566
9341
5711
4951
9309
46
9894
5989
7589
2738
2300
1035
2660
7494
6969
3326
5347
7939
2049
5692
1644
1599
1420
993
798
2461
246
4869
5124
1299
3067
6690
641
8778
1642
6302
8824
7888
2292
2765
6978
944
3800
9639
8438
7122
2965
3785
1413
1366
5829
9410
2965
3602
403
115
6063
7001
4984
1188
4652
8051
4230
1645
6829
2224
7948
2005
113
6592
1122
7091
7536
1274
3082
2326
8396
6047
6111
6162
3765
8292
5572
3082
1894
2327
3197
4310
5680
4533
1850
332
2584
6080
8330
5765
8305
2630
4122
4770
9222
5244
8213
6758
6519
1296
9084
1267
3695
1547
7429
7461
6191
9353
6895
8086
8032
93
8748
3712
978
598
397
3563
3030
8727
5680
1335
1357
6155
2457
6931
1399
671
41
4270
1967
5477
1890
5662
7024
9319
9475
3215
5025
6371
7653
3057
2816
2753
6770
3794
3351
3519
3709
6382
2246
9390
4069
9955
1897
2879
3238
3296
3550
3279
3919
5517
8756
5809
1179
2132
1480
7007
1699
6505
3378
9353
9563
6194
2106
2685
9988
1810
6204
3698
4544
4802
9440
4965
1109
1337
7844
4347
985
1394
3978
1256
3263
2734
7065
795
4866
8546
7802
6565
1403
1180
2270
7318
3726
729
3
66
8891
2559
116
3435
3713
9556
4752
4822
7245
8949
5521
4583
6695
9499
5839
9959
2233
9257
7106
3451
4155
1260
6369
5558
2440
4991
2877
2518
5720
9232
2584
963
1792
2701
750
5505
8609
5503
6680
5855
4452
2201
6790
1147
8053
2629
7458
6638
1886
4564
90
6041
5824
2811
7952
4616
7802
829
3486
9875
6413
6071
838
8205
8772
1589
63
7381
3444
3095
9588
7896
1648
6378
5395
9701
5360
2854
6340
3598
3770
2782
9640
5947
1945
3944
6915
6099
4773
402
5974
1186
6473
3165
5744
1597
1106
2159
8978
902
1606
4919
8798
3254
7649
545
9308
3009
9751
5648
6608
9874
4782
2600
5821
6727
2896
9088
2826
7669
9490
5153
5207
5963
4670
7303
3912
2128
5814
9243
3030
7420
4162
8180
675
8163
8725
9983
1173
4829
1983
4133
4703
3117
3085
6876
9844
5981
5964
9022
2
5455
527
1561
7770
5197
8865
1683
7325
1031
7278
355
8452
1440
4887
5479
9603
3613
1814
7128
4794
3797
7613
9497
3266
7050
2725
3110
3031
8689
8484
9385
496
9012
947
4619
561
6164
2654
7887
7195
9932
4594
1999
7724
9482
7478
3679
9447
5644
7160
4241
5793
4773
90
9059
1824
2815
2169
1207
7856
7006
6945
4705
6018
7892
9324
6579
408
8330
818
3955
4614
1765
5955
2338
7599
9785
2369
3398
1782
9529
7639
7575
655
4081
6635
8831
3248
5156
38
7456
2162
6983
2161
4532
1227
7837
1112
7987
2519
8282
1943
7133
6399
4250
5823
3998
387
8193
7396
2169
7722
1387
9745
4729
5468
2732
3560
5068
7888
9951
2525
51
6934
1038
4583
4514
8876
2047
8853
1395
6682
796
4881
3081
1398
704
7080
8138
8897
4476
307
2972
2216
6404
7701
4036
9136
1262
9105
7025
1213
7982
3428
4499
9020
4363
5365
4248
6411
4219
1996
9445
1367
6877
2526
9118
7581
9606
7256
2831
435
7563
5803
9003
320
9856
3039
9456
1118
8496
2833
8683
6478
6261
9535
5499
6977
4900
6099
3388
5471
8095
9185
6839
1324
1711
5957
8906
7670
3213
8089
4457
7128
3892
3460
7448
100
2851
3257
1219
1348
6090
6254
7826
8704
5789
9677
5681
7042
5777
5421
2513
224
4606
9352
1549
2669
1661
6807
339
1226
4896
4796
4707
5140
4608
8507
5240
7460
1764
2811
8808
4207
9066
2986
9263
4855
9016
4944
1897
1145
6717
763
1369
7675
6467
9270
344
8129
6077
684
5707
7325
1832
414
2465
2793
8922
7706
253
7038
517
5413
1245
5935
4751
508
791
3767
1804
9040
4912
4873
9803
2634
2548
2623
1904
9245
752
4334
9929
6459
1659
8113
3226
4125
906
2148
8183
7511
9186
8700
9276
6784
988
4028
3644
1779
4147
1801
7171
9060
6674
3327
8046
5575
5950
9950
4820
3054
636
1101
5865
2296
5566
9091
2773
2825
7591
956
6688
3130
6008
5965
6266
6996
6345
9910
5127
492
8063
2299
5904
1090
1978
3950
6665
4280
253
7837
7334
889
5290
9551
3185
856
8643
5958
33
2586
3266
6722
5716
9275
2687
1982
6271
9032
8245
1399
5876
6308
50
1781
7398
8380
5731
415
2660
2336
4604
6346
3226
9894
5897
2763
7103
892
5074
7136
9831
8340
3858
5547
3967
2897
3882
239
8281
8479
7990
4158
4787
4392
2291
8538
2772
8022
5305
1784
6711
9910
4482
9937
6156
6731
9052
3259
7624
478
396
7455
5171
606
9354
9138
3504
9588
5729
8137
8067
3719
2295
9207
8111
4586
4097
7235
8961
9402
5371
5672
5664
9853
1961
1821
6585
7365
1432
561
7844
8180
8016
3015
8787
3722
2153
8643
3311
7883
6780
7730
7954
5428
3289
2418
14
7386
9653
5327
3141
1377
999
8805
1230
9312
6978
7815
6678
4763
8376
874
2943
2744
3889
8082
2819
2394
6725
2482
6629
9858
212
4584
5286
3502
7002
1652
7240
3007
6980
381
4384
4331
5539
1967
9996
2517
6134
3026
7280
863
3900
6576
3607
7789
4658
2778
6535
7736
5260
3165
3946
1825
7749
9232
1679
1103
7236
8919
462
568
9301
4847
4900
1192
3166
1248
3709
9300
4274
7342
163
8174
270
123
2315
4928
2901
8850
9016
4514
8367
2962
6339
2468
8546
4370
3571
5783
3289
4034
6351
8942
5233
7603
134
8399
8851
196
4051
3125
3890
4215
7651
4160
4338
9966
5440
3591
5169
4457
8105
3536
7419
796
6005
5966
5166
5928
8101
8456
6314
4452
3750
1547
8408
237
6298
3611
433
6702
3089
675
917
740
4835
1607
707
275
5198
5876
4732
3304
5764
8504
452
8121
4470
5619
4050
8923
4075
364
9727
4177
8264
8135
4414
914
1747
4847
7616
4836
5522
4885
5576
6709
6492
2635
3337
1691
4863
8069
1347
6980
2925
1799
5101
3747
7418
9151
2670
7845
5868
2398
8375
4132
533
2789
1398
8632
3989
9015
9820
5863
3900
1749
2573
6745
736
2262
8436
5600
331
6135
2580
9609
4286
7681
3356
8057
3185
6027
2254
9053
4777
629
9537
1662
3419
935
295
3760
6302
6467
9623
203
8216
8548
6948
5305
810
1736
905
7494
4223
9837
3455
8509
3870
6811
2918
7055
9190
5173
2460
3967
2154
1997
5630
1925
9285
2277
5685
5587
5096
1661
2142
9665
6561
9090
4970
3724
7178
2227
7570
7753
2064
1025
2615
2286
7836
5533
5694
3379
706
8154
7346
2861
6504
9328
4786
2141
7957
6824
7728
3054
8485
9871
2719
1398
5313
4041
5122
8844
6268
2692
6597
4684
69
9212
6970
4258
4746
9016
7637
1804
3523
4983
1017
6379
664
2156
8520
8621
5332
6248
8027
169
2471
7098
1567
4137
1139
3042
2981
3759
2086
5930
8443
2156
5143
1766
6414
6241
782
4051
4397
657
5386
1767
7036
2402
275
5556
7376
5607
8157
5403
5776
6980
8854
3695
1117
6345
6737
4098
105
8824
6381
4900
7332
1524
3018
3746
4117
153
4149
4866
810
9535
6633
7847
8290
6908
9755
5666
8867
7912
1069
4643
4893
6275
4691
2362
2621
1428
2813
2726
6604
9194
3978
3936
718
3349
7682
1187
3502
1831
6053
664
7719
2687
8511
6009
5947
4619
1675
4815
8883
9096
5810
128
5372
501
2491
7993
1930
5304
7071
8534
4498
7401
8823
1568
750
6505
2755
604
4689
5160
1269
2408
7847
6132
4769
147
751
2796
1314
9635
1892
7124
6115
3616
3978
8606
7961
2260
3910
1384
7146
4760
5138
5969
6328
5888
2475
9083
2845
7164
4244
4114
5924
8443
246
7045
4942
7350
9841
6256
3337
8085
9733
9452
8054
3711
4411
6015
5971
8321
3752
3117
3082
8890
9087
5762
1130
7914
1198
327
1430
5442
4441
3706
237
1040
751
1532
8390
6944
7788
8079
5029
7521
3883
9435
1232
8294
1803
3555
6616
5555
6673
6050
797
2112
1812
8279
26
3010
8607
1456
4804
9400
5162
1394
440
2265
2926
5182
9209
714
3261
590
4588
7145
6378
2172
5439
8181
5728
8407
88
8753
809
885
865
8974
5516
891
1984
4123
8699
3141
3524
213
887
316
2478
3813
5499
8039
879
5112
4981
1819
2257
1359
3992
4049
9540
9720
8808
9628
8473
9618
6865
5690
8592
2382
2933
6928
2857
1632
6421
2733
8197
7308
9402
7027
7473
4901
5066
8353
13
6399
6524
8623
7759
516
9024
3651
6588
7832
3280
1413
3802
6497
7103
8746
5231
36
2027
8089
8020
8448
7174
6217
2109
6576
3244
9582
7829
4662
4287
7843
1062
812
2818
5173
1328
8194
8824
4269
2378
2104
5682
6181
4954
9138
1279
185
9174
3306
8274
3547
1755
1801
9764
3864
8377
9361
3446
6207
375
4086
402
1437
4898
9572
6610
2578
7766
1787
6847
144
3891
8882
2677
8845
8020
3957
5383
7194
7263
3657
741
5370
1810
6858
9234
6540
2571
9033
2747
2946
3119
9501
736
4369
5425
3698
6947
3191
5485
3795
9687
5729
2677
2365
4574
697
2674
6309
4243
9937
6319
1337
5308
8129
4547
894
4669
7118
6279
3768
6416
9398
9621
7152
119
5046
851
7067
8237
6336
7214
4277
2065
9891
2994
2992
6940
5668
5653
7535
5605
1972
5224
7265
102
9771
4512
1123
3241
791
4892
9658
6542
4513
3162
6661
9560
365
80
4149
3054
7294
4778
1471
3537
7772
815
477
3440
6469
4365
5398
8441
9589
9015
8543
5713
3527
9667
5306
671
911
1316
3565
5424
4479
6578
1336
4844
6659
1838
7898
3953
6616
5722
7491
4389
6537
4320
4181
3006
8685
9579
1448
4627
4947
6343
6692
4826
6010
1998
5497
3273
3315
9062
5050
4146
1993
6386
5342
8652
4576
9593
2605
1193
5315
6448
1934
1852
769
6115
4859
5806
2047
2659
6785
6994
9002
3477
8172
1365
1828
3670
4638
5143
9084
9688
5641
1077
2427
983
6081
7003
576
8687
8196
5891
5135
6482
4096
2256
8950
8955
4415
997
1614
1200
4343
6968
1030
2515
8333
2858
2537
9324
4353
7974
9012
9994
9051
7791
977
5133
4795
7906
172
9343
3797
1659
5826
7893
268
1128
3200
4683
2125
1166
2235
2820
8135
3265
1687
2820
2475
4225
2144
6828
2199
7509
3174
7602
5300
504
9087
6447
8410
5611
2143
8559
3623
7969
6453
3891
5449
6005
4926
7574
3524
7161
6746
1659
6779
8433
831
5606
9010
9328
8787
7561
3189
1961
1516
4841
2465
603
1289
875
2567
3432
5787
6190
7753
8592
81
3202
4597
1359
7128
8121
8520
3874
6132
1651
8659
3316
3610
4022
2644
2397
1583
5833
710
3099
674
3176
55
8315
403
2622
8099
6190
8812
5852
4782
5245
5406
5732
6604
2534
3853
1476
2760
6338
9480
7772
6006
3090
1794
8650
5487
3377
835
6197
2829
7861
5725
2884
2529
2481
5506
628
8671
670
6481
9806
2267
8239
5538
8871
774
5743
6699
9886
8433
6179
4010
4439
5621
5804
9441
1108
5534
276
3658
8363
4490
5735
7599
7019
8216
9457
7647
3240
6479
480
3046
8746
8720
4936
3969
5846
679
668
5732
9113
3200
9743
3552
8821
1899
9346
6282
3785
9622
6292
8500
4112
2027
6099
7483
6596
1908
5131
9836
8387
5611
2882
7133
683
7818
7454
6529
4849
8123
2262
3962
7675
8357
3867
6496
6608
3213
2778
394
9187
9070
8894
9652
7450
1346
7135
4046
3254
8618
3882
7994
582
3116
1479
1265
934
8934
7795
2135
3409
6409
2450
1084
1118
6317
7580
7726
5882
6711
4472
1421
5781
9719
7425
3231
1065
913
7277
671
9531
7511
8665
113
627
145
7731
7913
9079
5526
49
8840
1935
2499
9924
9405
5168
7504
7131
7402
4215
7956
5175
6349
7675
2601
5932
8740
3514
3210
5763
9397
7073
4429
9511
7701
926
7242
5614
6357
9120
2015
5197
7407
4514
5121
6812
6034
8977
295
3436
3193
8251
8612
5894
5926
7565
1826
1018
1079
1388
3134
476
8462
7563
6339
6163
4841
9933
8129
1198
9053
145
2747
6460
1011
7868
9624
7046
3197
9920
6834
2742
4523
5446
8636
450
3011
463
7820
442
1851
954
919
6665
4869
3610
2828
9710
3544
7310
7260
2597
7455
6359
5410
4818
579
1386
1864
3777
1306
8699
6519
5830
497
1508
2632
9861
1971
6804
303
174
7759
7574
6840
8980
1185
6020
5043
4729
3330
8655
3678
7137
5015
5440
1956
5594
6827
172
9371
4485
5223
2243
6667
2073
3751
5651
1934
2074
2456
8589
8600
215
6164
5440
5547
3701
7813
590
4782
1143
9246
4812
4633
4261
253
2941
6207
3432
3113
1931
4269
4689
4174
937
6762
4277
2940
5048
2703
5396
9989
1303
1963
2505
3096
7511
6206
909
8101
988
2052
7347
5801
3037
7960
2406
5978
4168
2190
9092
6099
6459
133
6625
3748
3247
902
6689
4647
3605
2085
4636
1260
401
7142
4356
7912
3348
5265
6013
689
3670
9713
2842
6707
7673
5248
2686
8193
3790
8130
4292
249
8263
917
350
7862
8171
3391
2509
8128
1828
7145
9389
2229
4287
3745
141
3988
5363
2507
1029
5385
2220
3871
2092
6245
5471
1130
4439
9261
9260
5083
5862
3875
2353
6212
1737
524
5955
4246
8653
7784
7744
8042
13
8383
8139
155
2371
9854
9014
9752
5239
1234
3623
3684
3831
5446
4814
4622
1059
427
9706
3274
654
2059
5838
2392
8935
1794
2990
7588
9578
734
1982
9591
9118
6474
6098
7841
2680
5112
7594
4272
2698
7569
7956
6530
9368
9122
7504
427
9549
3562
3701
204
1973
9540
8948
909
1334
8290
4849
7264
5377
6832
6855
4495
9658
2954
8688
2338
8066
2634
6610
765
204
918
3647
5924
41
1151
6351
5942
4714
6405
2498
6687
2297
1446
7596
9983
6089
8798
7247
1466
5630
4102
2313
1640
3408
1001
330
1475
9988
6941
8592
192
4211
2239
6116
4252
9742
8819
195
4456
1576
9045
7496
3873
492
1444
208
6581
242
7455
4399
2224
7910
6712
3864
1318
4065
4195
9145
4053
7488
7737
597
8051
6328
3065
2304
6071
1885
8851
6879
9813
7896
4375
39
4740
5820
247
7673
2414
4055
2072
4639
1965
5136
4855
9635
9202
9050
8781
3255
2890
2870
205
942
9199
3270
9598
1622
1507
4801
8501
1321
9049
2877
1360
3790
5049
7959
7815
7463
2014
6240
2102
3979
1376
6958
9967
6930
2360
5100
186
1603
7970
391
8897
3521
13
4847
1495
1521
9648
9997
2842
8697
9226
554
8839
627
8513
3007
8090
528
9247
6545
859
6975
9855
826
3906
8567
5926
444
6522
249
7187
1771
3770
7200
6618
1618
8721
2618
1615
7915
7668
7193
8469
6507
7820
3335
5866
5910
3863
5113
8807
1074
2089
5014
8253
5995
9934
4179
6439
6456
780
9978
8228
903
7178
1198
2521
5900
3817
4136
167
1485
1329
4989
4344
9149
8324
211
1411
8539
1676
6571
9613
117
7937
7866
6112
7871
8398
8903
680
9178
5233
8908
81
2412
6458
2602
4664
275
3090
4831
1760
771
9820
2457
6272
4496
2668
4036
3035
696
607
2649
814
4896
6867
3278
2768
5265
8534
3448
796
3767
8708
7229
6179
5166
9832
843
1794
9274
2027
9906
46
8199
2363
6318
2696
1383
6706
2083
2080
3665
4732
2894
8562
7952
6172
1330
9569
1058
1130
365
4826
6190
7595
1005
7708
3779
8201
9502
9405
6580
9409
5803
4779
1772
2122
3827
9508
5180
5911
1588
8846
6995
834
7408
1299
3358
5090
869
4417
6220
7586
9243
2410
1533
6600
6470
1664
1153
5973
1070
4085
1734
6873
5217
9858
5347
9044
9366
528
1307
954
9374
8303
8140
3134
9602
1499
8224
6823
2268
4444
4410
1511
3206
2295
4463
9676
3960
1969
2001
5030
6054
3735
8255
1271
3594
3603
6668
9312
483
7975
6619
6209
2630
4759
9343
2233
2610
7567
5408
4878
8363
9818
2741
7921
2114
3557
3949
2426
5526
5951
7456
7932
6038
2063
9204
5984
2018
2224
1649
2501
199
8268
5062
2830
9379
757
1415
1990
8324
6823
6868
3039
2994
5962
7312
1460
9519
1262
3886
5045
3565
7694
2977
5955
9757
8533
8292
1776
757
9941
629
7309
8209
2044
6491
7588
2801
7906
5930
7478
1081
9151
517
4075
5113
7830
5535
984
5444
5773
6029
9009
3467
5358
4964
3225
244
3256
1353
7353
3197
1982
4662
7758
4026
1153
1699
6828
5411
3981
4306
2845
3132
1175
6920
4597
5357
8808
5581
801
4581
7962
9810
4401
9673
1127
7626
9917
4383
8979
7270
3933
7313
8285
8043
7692
5790
9742
872
7554
3724
1530
399
3208
9057
3671
7806
4415
8831
9739
5216
3413
7702
1379
4166
7375
2506
1792
3644
3241
7123
7266
3526
788
5551
1570
8480
7694
7664
5704
5248
7740
7234
5647
949
2644
5670
5107
7059
4502
4846
2275
4267
8900
6
8433
2627
2512
225
6271
5754
3700
3538
9280
4488
5441
7202
9321
9487
1219
1377
4735
8959
8612
6734
6260
1256
2405
7719
4667
6907
8918
3294
1174
7818
3301
9607
446
5813
6184
3069
7919
6236
2959
3552
7076
8401
754
6397
4240
8325
7775
8976
7285
2739
2062
9897
347
4467
7617
5014
7726
6535
8308
5252
705
7961
1211
7503
3775
3747
573
8046
9983
3532
1598
7060
8285
8705
9809
2526
7030
3936
7854
667
6675
9916
565
3374
736
4534
4740
8462
1069
9401
67
8126
7362
1278
5630
1137
5026
6203
9184
5009
6087
7134
8421
4373
5839
4583
3251
9222
8519
1105
9889
1547
7373
6806
4921
4461
1340
9662
9276
2409
5415
9343
6888
2777
621
2518
267
1999
8721
9451
3361
1160
2937
1782
1885
5129
6365
5136
4351
4885
2593
4240
2784
6319
1047
7705
780
8739
3719
56
7501
9134
9399
4389
1912
6373
6907
2179
8372
1980
7982
1733
3140
919
3516
5026
6048
6233
6514
6751
7470
9108
7344
254
1779
4743
4312
2559
3482
8031
8968
983
3518
8367
5372
1782
4740
8631
313
3113
611
8295
4846
104
5566
4714
5130
7967
7300
7996
4718
4770
3456
2062
1377
5235
3157
5689
4147
6640
72
3115
7623
3590
1482
9348
5372
2575
7979
5685
2040
8591
332
3238
5047
2251
7953
177
218
1605
4525
1288
6375
7982
9703
7752
9569
2860
3441
3716
9500
9866
6831
3476
3456
4666
2824
5181
7241
803
7218
5633
5746
7551
8871
793
9802
3176
7322
6372
4781
1848
7660
1157
6182
3715
5261
5751
6576
5055
9468
6076
4921
2651
5904
4729
7317
8728
6262
910
5884
3481
6543
7982
7384
5415
5128
3538
4943
2450
9910
9725
650
3922
7234
3184
7638
8847
8936
4214
3902
4756
6642
5175
7407
2547
6257
1077
7627
2519
1987
3511
6000
8531
7846
3384
298
2974
6922
5241
1776
3184
1318
2427
7107
4904
5611
4745
3752
899
5311
4006
2007
8305
5534
9415
852
1791
492
4832
662
8831
4695
6663
3714
2541
6399
4012
5515
9674
5606
7292
2858
3276
6071
6317
8181
8034
7414
8285
5286
2725
8643
7293
7383
4177
3060
4587
2320
9904
9419
2983
8736
4115
5998
2450
3008
8749
2815
4876
8423
4773
8520
7634
8049
4591
3951
2582
8977
1366
867
4263
443
5863
7909
4178
40
7321
8766
8713
7226
8185
8048
2314
8652
4046
1116
8013
2795
3931
2889
7571
8704
1409
5205
3106
2352
5508
5688
1329
3226
2908
1945
22
8771
6206
4200
5163
3527
2966
3876
753
7504
1924
9419
2508
2322
536
521
1470
819
3410
9041
9524
1171
598
8982
3523
6106
4670
1205
9333
3930
9502
9355
2701
5708
9907
7865
9235
2874
8093
6341
6730
6370
5760
9238
8692
6296
9760
6514
3468
3170
5555
2992
4342
2505
8326
4217
8612
9348
5422
4297
3279
1276
4
2332
6984
9911
6549
2572
9137
4643
8913
5867
7365
1025
1458
2409
3674
1218
8924
7142
740
831
6486
1434
3337
4812
5652
1949
4160
7426
2598
3791
8703
2602
6124
2039
8865
2673
4611
8003
3668
9876
222
1033
902
1680
3443
4576
2898
2367
8070
9991
9550
4556
1425
2887
9368
7077
1188
9880
856
3786
3672
5911
2740
6148
7950
1606
8821
8914
5961
8842
8790
6183
9875
9692
4216
9670
620
7114
8389
8690
3457
7940
9598
4883
827
8966
8312
8368
5199
9168
2154
5223
1431
1247
1371
9382
2853
192
8296
5166
9034
3438
1349
5262
9483
5565
4932
103
9032
3322
5146
8841
7614
4744
3724
4793
63
2037
3161
1614
7557
1668
6837
8989
2915
8208
4723
2120
4752
9371
7286
139
2809
4987
5401
2292
6905
6685
8748
2289
6359
246
1130
3973
4990
1207
8767
1405
3244
1928
3019
7153
9948
9856
2494
2863
4416
7217
1335
9169
2940
4973
9308
2102
9961
4709
4394
3218
1394
9494
1859
4106
9740
9341
8079
1083
548
3198
2488
144
1479
1860
7298
1427
1716
9792
643
6133
3362
1978
5302
2654
3304
962
4756
9617
5671
5503
2835
3417
4997
1046
7523
1090
387
1955
2173
936
5153
1013
1080
6632
2873
8378
8060
4590
4523
5055
7075
4237
3385
8729
6891
6689
9691
8000
6306
1714
3503
5493
5131
4852
6539
9007
5942
6927
962
8115
7863
2467
5481
8943
9100
8354
3674
3512
2944
4549
8567
6371
5138
1952
5100
8381
4994
1143
6381
1300
2857
6236
6794
4341
1089
3333
9700
7031
6612
7014
1499
4475
9481
6980
9771
4933
1686
9797
8445
4631
698
3364
7354
5836
1669
8807
569
6663
9950
3303
4315
9160
9539
1109
9853
628
795
9553
4012
7407
6567
1863
8235
2400
5195
8006
7334
6881
7803
2131
7864
4853
1848
1571
689
3517
378
7610
6532
6680
913
847
5840
453
1957
5693
7433
9104
1598
7797
6511
8165
9660
4746
6918
1207
9104
4252
4441
3259
6383
8657
8112
4583
228
5153
8100
606
2764
984
3639
3677
1832
9479
4130
141
1525
7916
9245
3123
5713
2108
7641
1726
3207
911
2933
2311
5163
3726
5571
7898
2384
35
2482
2612
5189
6934
9571
7953
7919
3210
1630
9751
9041
2113
6244
566
29
1841
42
5742
3949
4035
7468
7156
4946
6754
5820
6461
480
7743
711
2864
7778
3193
1829
2967
6480
1400
920
4399
962
8903
502
3
1016
3098
6922
1045
4939
3316
3139
5240
7351
608
8749
8649
3714
4569
5110
4194
2312
5821
3411
6442
5367
5240
9410
1847
2992
6682
2598
3954
5585
9452
3957
6601
2550
7231
3998
7489
547
3490
2729
4250
450
1478
2899
4164
2399
4361
8358
1063
6535
8121
7506
1902
3361
6916
101
2705
3598
2699
6659
5536
8503
6969
8489
1053
4200
2488
4894
4748
5978
7623
8998
6428
5454
8250
6944
7853
2611
1654
8917
9146
9776
6423
7400
9489
9691
7501
2195
9641
6552
8854
5177
5055
5823
3667
6108
6376
2507
7354
1124
8485
4978
6474
1265
6784
4724
4561
989
3688
6215
6258
2834
5991
9033
6587
5481
8724
4088
7676
4718
6993
2882
9895
2048
5058
3562
4509
1434
6069
1863
8910
906
3193
5384
8523
6329
6461
3084
7319
149
9300
9929
9335
1643
8963
5922
3476
4039
11
1152
8757
3356
387
8653
5404
5445
8567
6265
6879
989
4481
5789
1895
4026
7525
6771
356
3986
9855
4027
4135
5507
3956
9823
3503
9271
5745
6979
9663
2108
4484
8420
5464
4871
3425
7221
316
8345
9838
7195
9334
4319
9336
1229
8346
6861
8000
5054
848
4208
9081
1335
6067
9389
7510
9570
8661
3256
6550
8324
1716
7386
3096
7181
2257
2874
754
2573
1219
592
6120
553
4912
1808
8134
9610
8669
2487
4664
5869
3047
97
3557
9114
9486
1067
5037
4499
675
1587
9175
2392
8973
8624
9573
7582
1498
6679
6507
2717
7271
8979
9622
8535
787
7756
4497
5808
6595
5513
8030
9642
5610
1587
8757
1449
9006
3794
2300
9682
1733
7828
2074
7058
6452
7999
4640
7950
4678
7499
7019
8301
6478
2993
6837
3617
749
7686
9425
3697
3200
7455
3339
8810
5394
2096
6611
4401
2242
5264
435
327
3092
2509
7385
9544
6860
8377
3846
7890
5876
7217
6191
8706
210
9380
2323
7311
7067
1749
1008
267
5556
700
5429
7303
9148
8393
8056
1391
3657
8491
8070
6749
7352
5456
2645
564
185
2843
8454
2414
60
4645
1120
6622
4026
3444
285
7445
1545
7646
7712
7101
8346
3141
756
7494
1534
8812
5237
1543
7303
3308
8292
1007
5116
7289
1571
5301
132
25
7715
6544
1023
5188
9518
5049
8632
6156
2494
177
3802
6558
3630
8500
6051
4387
2346
3938
3199
3936
5481
6855
3596
126
7862
8712
7415
5786
365
3900
5811
4433
6796
6834
9621
2667
8235
8253
8823
7081
4782
8977
3639
4764
3829
6043
9151
6175
9981
8703
111
5462
1910
3707
5588
6124
8771
9356
1910
9137
9608
4074
3570
2756
7260
3191
5423
1848
7796
598
8929
8930
9575
8921
3694
3404
4964
9198
5932
4945
7901
2395
6759
6163
2455
8700
2287
1226
4408
550
6715
4016
4624
6637
6772
1884
6180
8548
3732
3976
9146
9014
9258
8722
7935
2953
8478
9251
2151
762
4196
6404
3158
7307
2567
1965
6007
1206
9543
415
1756
6259
783
6380
9248
7556
4617
5429
6104
8349
5757
1602
3715
5016
324
1650
4321
5155
7253
6472
2269
1449
9228
5427
5109
8147
3744
1116
9353
3288
7884
1110
5899
8667
3842
5147
6223
8459
576
8679
3161
2686
282
6876
4054
6958
4879
8375
8465
2132
1199
735
9934
427
2514
5043
8574
6259
2511
4279
9547
395
1741
5446
9063
5584
593
1638
395
7522
6670
3556
208
6952
6785
4262
262
8016
8989
8728
148
188
5815
6434
6967
8329
1477
1893
4588
341
6172
487
736
7914
5933
6151
9850
2879
7790
245
401
4460
154
6961
7764
3291
7575
4378
1307
6564
9458
1455
6752
5273
7890
71
9955
5719
1964
4543
6060
8136
1383
3149
2402
7316
9300
2252
6547
3442
8850
3300
4254
9004
261
2018
8647
4188
2749
9954
7104
2207
1409
208
7481
5651
279
3788
7723
2243
8331
3783
380
6066
3284
9134
3383
2585
1387
6282
6027
6589
9583
282
1945
6196
8652
592
385
1401
546
3841
3609
8307
4050
7442
311
4329
1230
8034
6573
5913
8169
3305
1980
1454
2439
1715
391
178
7997
6418
6767
3932
6700
5064
129
1705
5656
6866
3106
2554
707
3067
862
4757
509
7525
5439
8091
5559
2012
357
80
1669
2337
7886
4108
404
8277
639
4753
4696
3758
8686
7748
8823
5167
9453
831
2033
8912
3386
9092
1979
600
202
8841
8125
5641
6932
36
4005
7289
6468
5674
5978
4355
6134
2734
8984
6773
7488
3680
6884
6174
7781
5707
1341
3586
6538
9726
2498
6276
8818
4478
6876
9020
3319
1353
4661
6603
7741
5018
245
4210
692
2575
4917
3179
5310
3901
6304
2798
3934
3188
8972
1715
5247
6665
1653
8138
6391
4152
4414
5209
4982
7643
582
8301
5348
5243
1256
3090
6614
7853
3652
3658
429
4921
6837
2091
8822
9494
4889
2756
2682
213
823
4282
6878
2477
2420
9621
2981
6834
1182
7963
829
1764
2616
2530
3360
3872
5620
9974
8078
5624
3632
8507
545
6822
6950
5719
6316
1839
4828
5350
8404
2003
9632
1634
4480
2052
1255
3813
5239
2437
1776
2420
4202
4392
4950
7562
4617
6922
3888
2695
2546
7520
7554
9443
694
4504
5163
7010
2695
6343
2361
1099
8346
8345
2733
9179
398
3988
2992
1989
2777
4769
4409
3331
9161
5712
893
130
2634
4781
2825
1533
8654
6731
7328
9348
1235
2491
2711
282
5186
1424
1381
3533
9769
4114
2712
6519
4454
5704
4860
3584
6825
5622
6915
2339
1334
4161
2469
3968
5294
1647
1853
3948
8378
9182
9649
5966
8025
2360
6248
3212
136
3982
6745
9905
8096
5809
2777
8903
7865
7637
2487
4691
3259
5754
3382
945
9915
5851
1266
5210
3850
3119
5510
2229
2301
5159
4547
6679
3871
7147
9891
4007
1129
2988
265
5578
5149
9394
4481
3014
3383
3320
4057
2995
9074
3791
3940
5342
9643
5206
552
9845
4678
6062
8426
3331
7574
2973
10
1445
121
6253
1805
1250
5593
8422
3180
742
7816
7661
109
7551
7333
518
546
2760
4310
4487
8102
305
6045
8654
150
723
1068
8577
407
8642
7902
417
88
8023
3023
8245
5626
8616
6667
8806
9359
835
2820
9468
8386
153
9986
8933
9265
648
9772
7367
953
2169
2373
1104
9245
3442
9681
9652
2084
7583
6421
8524
1959
9444
6769
3937
8061
9788
2743
7420
623
1915
3240
5362
8421
9578
647
7686
227
419
1406
1180
8940
3779
8636
8185
3573
8317
4189
5658
2253
611
534
564
55
7304
4501
8116
3444
3596
1888
420
5512
1480
5782
285
7411
6429
7971
7638
3200
9377
5170
8492
9509
3807
6678
3082
8476
867
5092
7081
1478
5627
7645
7886
9283
2146
2354
2727
5743
595
3147
7607
2075
5281
7892
5838
8062
5863
3476
7614
1593
4999
6107
7454
5158
2785
536
3634
4
1981
716
7835
7608
4713
5721
6891
6860
4427
5970
8955
5022
5470
6562
3450
7103
4454
9288
5166
6669
9117
2780
4614
4116
5239
2068
9274
4376
8957
9260
4381
938
6328
8568
4898
1042
4289
8141
4254
5068
4111
3209
91
5933
9771
9893
3037
577
9181
8203
7246
8298
7335
1861
8766
2575
3929
4392
3303
9238
5
7684
176
2685
6252
5074
79
6893
9567
4333
1962
3679
7542
8405
5964
3665
8298
9001
4242
3831
3556
7841
8482
7244
9702
3600
6171
9983
7993
9474
9222
4350
3511
5750
7035
9763
7177
7115
3009
6744
1448
1323
6775
5343
9728
2740
5360
4378
8093
5955
4561
8002
3796
3043
5246
9850
6644
1417
9833
989
7243
5407
5339
754
1158
2374
6870
4687
5841
9879
1431
3642
7554
4559
5337
3634
7299
697
8012
1744
6652
2573
9746
6800
1969
4992
6650
4965
2761
2836
5954
6357
8243
7645
7111
5753
6371
333
440
2213
6564
8224
5855
4118
2783
1192
7752
6434
8241
2116
8178
1246
1042
7925
8046
3011
9269
1049
4328
8383
3885
6634
4740
2128
4279
8203
4234
650
8537
4674
9215
1453
2898
1422
5572
2033
8966
3324
8467
7208
1793
6646
4806
2835
923
2852
2198
6544
3901
6526
4927
4138
3160
6019
6267
3791
4223
501
793
9112
1527
9
565
778
1431
6137
2811
6750
5814
1279
3958
3959
4277
5116
6794
1552
7968
8992
8096
8222
1870
9376
2360
1382
5395
4979
5173
9618
1832
5966
8730
3360
5975
5648
490
3759
1785
3301
6861
3951
932
7171
7910
1561
2287
1056
3113
255
48
7562
4829
8270
6938
7190
9652
2333
8521
4825
8304
354
792
7034
66
3119
9034
556
3230
820
3857
91
1123
1142
7262
5386
2703
9549
6442
2169
6157
2843
9731
986
1113
3021
4528
7118
5354
9402
1943
3658
9756
9087
7045
6174
8559
6079
6730
1789
3251
6939
8233
727
8081
1847
6113
7137
1397
8907
9306
3906
1750
5389
1244
9216
8410
2125
6334
116
1527
4629
3775
7635
3717
7172
3809
8628
3251
539
417
2855
3830
5002
3582
8264
6850
6047
1753
4599
4954
7411
8505
3057
2800
6101
8625
7562
8226
4959
7678
9753
5940
1453
3740
9657
4977
7549
8285
8229
4440
5055
7436
4623
57
1018
2887
3259
3417
4640
7858
8371
2051
6363
7780
1203
2465
6405
8765
7043
7716
6443
6797
3657
4249
6889
9666
9226
4439
4304
7455
5231
9359
1243
9854
5768
8613
2741
9028
2030
3733
6886
6754
2136
9602
4534
3339
8419
7292
2104
5462
5008
4900
8611
8665
9149
5501
4684
8375
9940
8988
2183
1523
8347
3426
1378
467
2040
4119
5847
422
4205
2734
7176
6341
8688
8063
6033
7107
1707
4489
2569
6715
9389
1181
1733
8538
3034
6417
6914
9326
5405
5449
849
104
8875
2227
6923
7267
2699
2771
4042
6904
1857
7570
9597
545
1985
5630
7652
3692
120
6573
6760
5861
4106
8493
4400
7140
1262
7666
6466
3019
9467
7316
9475
8342
9543
6398
1962
8594
9169
6004
5498
7378
9926
1448
7923
1912
7078
1927
5604
3550
8501
2364
9412
2607
7209
164
6100
8471
7830
2566
7842
3649
6234
7317
1991
2130
3716
305
724
9237
2661
2575
6616
2588
4023
891
852
1101
2819
6456
1004
7672
5173
6768
6631
2382
6932
2731
7206
1114
1650
5048
4763
7884
2366
3106
14
6082
9764
739
1671
2425
3314
4639
1365
3689
5531
2217
1142
4702
5026
2146
2374
199
8914
5357
2581
2198
8089
9787
3312
6091
4836
4427
3975
3554
7534
342
5988
7298
7433
7659
6075
747
2299
3793
788
4182
2362
1930
8884
7388
4077
7610
3939
9343
2967
6521
1542
7408
2660
1206
3499
3848
5634
7475
7402
9520
4169
9742
3170
1602
7402
9245
8701
6053
9390
9489
235
1753
1419
5471
5493
5496
3081
9433
1192
2400
2306
2734
9809
1318
292
3308
5167
5926
7135
8921
5446
1304
8664
4968
9258
2418
4214
7959
8471
9956
7448
5058
8061
8868
529
3555
716
9962
9340
8260
2362
7998
994
2171
9316
7639
1832
835
3565
5319
9757
5364
6624
4773
332
5882
7191
898
194
2014
7207
7642
7072
5268
2862
3953
5175
9931
3915
4515
8191
2629
2513
5538
4801
8182
3177
2985
9017
3094
8304
8774
4810
1280
9899
1495
3515
7090
2393
3709
5456
9600
7703
8880
1221
566
2833
6396
497
3100
912
8688
5730
9777
578
6883
7959
3755
6220
6977
6850
4524
2103
1660
2157
2003
3155
5672
5445
1901
9381
7254
7853
7084
6134
9074
4002
5320
5471
851
8420
2735
5892
502
2512
6470
3737
6824
226
9957
153
7076
834
2256
5088
2991
611
4596
8663
2409
6497
4396
9663
4350
7832
5797
9777
1835
1117
1600
2686
5890
4335
8578
2744
3199
5049
6482
6375
5275
2791
6528
8703
3625
5137
143
2968
5748
4739
1631
8157
7588
6027
4172
8291
3860
9970
8068
2047
7439
9668
4733
3329
355
9664
6074
3554
4713
8908
9930
6340
1699
2810
1395
1677
7947
1538
4645
3696
2630
6277
8205
218
8656
2378
8509
8868
8700
2929
7267
2491
2597
2001
2173
9304
8017
4599
2859
2730
3507
9141
5422
1558
1951
6817
3235
9899
4707
4233
9947
7337
6862
4504
3908
1870
3234
2417
739
1934
1699
4358
778
648
2711
2951
9953
728
7550
9164
3458
7409
4657
5232
8967
6608
2049
8555
2859
3109
2788
9158
446
9650
3663
706
1520
3249
9476
8611
5184
1175
2970
5962
1823
5681
5265
1776
6410
2815
7292
6220
224
1949
7805
5543
4910
9854
4098
4121
9315
3238
3280
9762
2888
3295
468
761
6544
6296
9372
8080
7471
8694
394
9295
728
5659
7423
3490
4826
4716
6062
5050
3017
3867
6946
7927
74
7396
2049
9389
635
5329
5503
9875
4976
2324
636
1520
8620
6361
5953
6092
1407
6347
1739
2135
2007
9162
1977
6833
230
8040
8236
9600
1907
5182
7527
1981
2578
9576
7723
9565
1257
3226
9441
2585
5550
77
458
4171
2790
6411
6615
4198
2758
8354
6333
1117
3868
8311
4303
451
2703
2539
51
4610
4073
7578
2944
3003
3507
667
2569
1116
245
8362
3702
5796
8439
4160
6319
1230
571
2934
1780
9681
1288
4465
799
5156
2776
5102
5607
1831
3993
2010
6442
4418
9589
5738
7421
9448
2757
6342
6916
3002
4704
618
5150
9496
1130
1469
7078
8053
4403
8858
7735
5691
3323
4886
7200
2452
9988
9159
4283
333
1170
7077
4751
7111
9167
8524
2911
1924
4867
9827
1279
5923
446
6429
1771
7928
7899
8849
5982
2302
4059
69
4346
3735
4955
1546
6187
1295
7057
6822
1628
8227
252
2731
1690
9419
1255
4601
7696
2474
4429
8975
8398
1227
1756
169
9155
6007
5371
1489
4662
9430
1558
9008
3165
6513
6906
5704
7808
3963
8879
5788
8543
9131
8519
233
4902
9775
1187
2598
8601
1968
7925
6999
3195
6034
3521
8702
2041
5244
192
6703
4674
1750
2063
4192
4616
8969
6248
8776
9285
5127
4565
7828
610
9436
4413
5513
5563
1952
4463
4165
3920
2389
7516
3467
4775
7389
2170
6816
2633
8714
3520
3660
6816
5583
4204
1432
905
452
6561
190
1932
7478
4370
8894
6914
5135
4407
2478
7088
8871
2995
1008
7612
6863
4476
2387
4253
2998
5555
6886
1712
5427
6898
4880
7363
1102
6313
8268
7907
9226
4810
6191
6704
9180
5085
3618
667
9493
2448
7755
4716
1795
8764
8680
8659
9592
7419
2912
2590
9326
6150
654
4754
9401
5534
2117
503
8199
6737
4762
7425
1547
953
4129
7079
6039
4100
7746
1884
2900
5502
2952
4696
618
7984
9707
6562
1755
8971
5504
1081
1473
6158
5835
874
8044
4304
7730
6244
1041
2492
21
2588
9798
503
6019
2189
955
3766
4073
3855
5620
3377
4903
2590
7713
962
5504
9468
9933
1008
549
7759
3518
2737
8633
1562
7041
6363
4158
8083
5208
4180
7023
5006
1035
3043
7195
1990
3161
7620
2197
5133
997
3453
4075
5062
767
9579
4530
7053
6939
1431
4812
457
520
3445
2019
7562
9809
2530
1997
5017
3062
9020
6375
4097
8415
3570
2439
7928
1190
988
3061
2187
793
3488
3601
1561
9419
8131
8614
6358
5914
3426
6815
6435
6871
5187
349
3032
7717
2346
4401
7131
7718
776
1228
6134
4346
19
414
1888
1007
9828
427
1801
3316
4028
3362
2736
8511
8328
5446
4426
1754
2262
7213
4977
3801
7562
4362
7870
6260
5115
5001
3978
5892
2581
6464
6590
2600
6879
8479
3607
6707
5258
1760
6375
9287
1474
5463
7798
9802
910
8576
7908
9524
5789
2886
3325
9703
7248
7547
5963
2363
2548
6294
4607
5129
9110
7550
4081
5989
2381
4040
9048
7639
5801
1776
6926
7275
7239
1077
3430
4501
9653
1338
4025
5443
4224
3702
5146
7824
1249
7462
6540
149
3756
1147
1630
2866
5049
5711
5208
7430
9752
608
5070
1905
2384
8348
9180
5976
9425
8962
477
9079
301
4503
874
4525
8205
6020
8702
5807
3482
5242
5956
3590
2741
3939
6457
7791
9650
8017
5221
5754
8625
6643
7659
1010
4992
3192
3338
769
2154
3815
9848
8807
4670
7074
3333
2876
3095
8387
5035
2929
3629
7343
6520
6370
1282
9329
4161
933
7346
5735
3039
5971
2378
699
3333
3722
243
6671
4492
8749
6839
692
7557
1509
7767
7242
737
7214
5629
5772
6495
5610
3116
9367
1980
4398
8696
2494
1683
2394
4581
4723
8366
3311
1774
8051
7034
8369
1075
7878
7118
7914
4922
1027
5775
2689
8269
6513
6255
250
8637
2751
5860
8105
2118
4193
8856
7167
3039
6891
9561
7620
1614
4279
931
9740
2331
4317
8109
9758
2195
1580
4024
7118
8959
6151
6159
3581
2664
8767
3831
7654
7870
6044
2111
9988
237
967
3507
9628
7859
3069
7248
5825
7348
4531
1918
6031
8849
6379
2141
7396
4311
6165
866
3271
2317
3378
6852
1333
2145
7035
5339
15
3079
7451
6355
9668
4770
9863
9296
8981
2932
6544
1159
6632
7428
3077
9016
6277
5808
1157
3673
120
3675
4540
3391
5992
7918
6595
3677
6415
3630
9017
6430
3062
2820
9137
2730
3942
9000
8379
9276
8284
1275
435
4917
8703
9864
3933
4980
5672
1442
5006
2144
5117
5898
1887
7461
168
8482
1139
6583
8465
6508
9365
1527
5680
8502
609
5974
7503
8988
5250
2139
264
2037
7056
8967
8253
7341
300
278
5136
5306
2422
253
7556
4310
4067
7724
9144
1558
4307
7609
8066
24
5488
98
8526
6098
6072
2381
1438
7675
4521
8054
9712
7929
3374
7966
1623
3674
8244
6759
5332
7018
3364
2888
1328
7431
612
6825
8989
1271
4434
3407
1295
6275
3505
6173
8725
5930
8555
163
3605
3076
8218
9669
7357
1592
3987
8980
1618
8583
5739
6950
5602
9104
6190
3282
6535
3154
107
5525
4425
894
8932
2072
7169
8790
8245
5894
1072
3152
2409
1029
6228
6979
698
9938
4923
1038
8918
2893
9621
4658
9843
5223
114
2385
4858
6649
5539
4965
8526
6316
5859
3811
8388
9380
8953
2986
1626
25
6138
4036
1054
8719
7367
8104
8657
2291
9142
7575
5184
8764
8585
1380
339
8699
117
5197
1701
5657
6515
227
8325
8726
390
6714
8107
9343
9700
9733
9368
2190
121
422
909
7489
8527
9566
6132
4021
3494
7668
2785
2079
5400
9477
779
5518
1026
8832
7527
7541
9059
5852
6268
9450
2566
727
8793
8618
460
4514
809
582
4936
8070
4423
9815
7637
6907
3837
7483
4575
2974
9562
6328
8803
6693
1846
9830
5525
9373
3723
937
5225
9991
6739
4144
718
1884
9114
7531
6398
9923
4465
7687
4346
5240
7502
8335
2147
7691
5818
3074
7018
5380
9402
5821
8426
1248
5651
303
6973
9375
1240
8551
5718
7979
2695
2789
6216
1809
320
2614
8085
1137
301
2431
6377
4156
766
8524
1847
2936
7950
8865
4668
7353
4687
3094
4953
6690
9750
1927
2417
7342
478
4488
1674
9525
7277
7890
7686
3949
504
2123
5086
806
4554
7815
1314
1672
2691
3161
960
641
8379
5629
7994
9418
5075
9300
6108
4825
7579
4878
2168
4409
9366
3842
3934
6643
1732
7972
6944
8588
96
2030
5746
1002
6197
7060
2675
8888
6574
9987
9529
4953
5616
3876
723
692
3176
3183
5517
7107
8061
4037
1516
7427
4231
1802
422
2315
9774
7366
904
9870
5748
6650
873
1945
63
9900
833
6637
9887
6715
7942
5504
6943
8665
2548
119
1848
4417
3578
6262
8455
5094
3689
9038
6896
464
1354
6670
7830
8610
2893
9931
1612
3766
1876
1675
18
9062
4664
9905
2129
2606
1761
9072
7623
4309
5543
5824
8727
9121
2086
3534
4215
2127
2572
7463
2591
278
485
422
8888
3378
353
501
3496
8581
2176
3514
3995
6841
3420
6124
5799
5181
5196
9775
5843
739
5599
4570
9860
4037
4456
427
6164
3380
7890
8756
3659
4728
5530
2547
8106
2235
3048
1603
7168
1577
5117
1164
4770
4889
7288
569
71
8837
344
2266
9576
2295
6836
5789
6332
7644
2568
8849
1024
6811
7605
4683
1539
9487
3583
9645
8074
6631
7600
5242
4560
2718
6406
9330
3959
47
6252
4030
8884
2948
2648
4812
5244
9484
601
7928
3480
9522
6777
4505
6333
4382
9188
7872
221
2771
3869
8295
5755
1470
9890
315
540
6296
5998
4499
2695
2250
4882
1579
1550
7530
6392
6794
3367
3345
4723
6847
2867
1500
7704
9200
2235
6893
3424
8808
6016
7294
3456
8123
5116
3346
4791
5656
5994
7141
6507
8690
9391
7741
6621
7293
5272
9365
4088
4991
2711
5163
8190
1930
3015
5895
7483
1602
2788
7259
6763
5156
4553
219
9632
6021
3565
4423
1677
9559
1564
4537
4601
7307
2278
1223
4600
3902
588
5040
8893
9651
6555
7084
7934
9571
9331
5417
7525
8471
2676
4288
3627
3582
4507
9611
9603
4424
386
7633
336
1950
2170
4937
5609
800
2512
6562
4703
3101
7954
9948
9104
4510
3384
7038
433
2715
8807
7958
1186
1484
8599
1166
1418
3106
777
1021
7531
1164
5006
4219
9466
3528
9156
1428
4329
1669
4342
5384
1122
2296
1684
6578
3158
5069
3617
9943
4136
2424
7902
1675
260
6501
9193
1678
5959
9970
9052
9842
7486
4058
4061
3305
7587
9570
4733
1916
7591
5427
3652
5065
7723
5336
1643
7234
6757
5260
7177
7246
4037
1431
8921
4297
4284
8114
5976
244
4436
5028
6438
1923
5438
6852
1580
3025
6422
6313
1293
365
8092
4945
5430
5815
6634
3425
9401
9743
5038
6579
6989
9075
4362
5910
3372
8647
376
5700
5243
1165
7080
1681
9440
2519
8533
1020
1896
1307
3685
9542
1672
1777
839
3454
3944
7473
6880
3346
7217
1918
6277
4206
993
639
6469
717
9286
3197
2770
881
4362
9850
2563
3802
8721
7448
4822
6970
8756
8507
6512
428
284
7351
235
4229
1177
7115
3927
8394
9033
204
8952
6378
7195
1773
7095
2834
1323
6217
3715
2037
6068
6278
5840
1141
3727
7014
4463
8835
1874
975
5615
8510
4679
5850
9091
5856
2965
3018
602
8350
9574
5906
4728
3122
4032
8176
5956
5355
4393
9671
7392
6813
2302
9584
4307
2381
2951
8770
1216
4825
6098
6831
9687
777
9034
8779
2985
8351
8149
9939
6702
4076
5845
7782
7198
6229
5958
3154
7936
6704
9177
1681
9869
7831
1265
4176
212
4216
2947
7780
5393
9045
964
1433
6174
9998
6564
5511
8349
1065
5450
5051
5141
7647
9186
8691
3877
1496
8197
1813
8200
7375
3494
4422
5206
1112
8598
1771
1680
7897
9551
3426
3294
515
4859
9468
6865
7775
4979
5215
8840
6781
6618
3982
4429
5804
9025
4658
3653
7223
6471
8205
950
6318
2627
6156
3782
1226
4279
5462
5475
3831
5240
8770
698
6451
8238
7564
4226
9570
9131
3067
6351
5749
3401
7132
7906
2426
1790
1559
6001
8262
9764
6951
932
2392
9460
4714
9970
3739
6528
5445
3922
8121
567
4621
4572
5158
2185
8799
4728
1316
1866
7431
3417
5267
4564
7675
4045
6354
9234
47
968
5351
6998
8252
4095
2810
9318
417
6550
2199
2214
472
320
2782
1445
4892
7940
3630
3691
9020
1298
1909
2803
1068
3528
7367
8743
7574
74
4330
3973
7394
9681
971
1999
128
134
7669
545
6684
9868
2759
3508
188
5541
4954
1433
9833
4936
1476
8853
6235
3386
1657
3655
6914
5376
2398
840
1802
6728
4813
5549
2761
2137
7548
2889
2271
5217
3434
5307
1438
2546
8815
7978
4439
3769
9411
4273
5058
888
9478
7645
626
7487
1300
3892
9216
3698
4733
1018
6779
5898
2919
9540
8035
467
8782
6658
2037
8568
1965
3475
1114
7133
1453
1906
7254
7217
2531
2312
4457
2009
9957
5083
5849
1257
5327
5065
1308
60
2435
8087
2311
5355
3979
6698
2174
9113
3357
4211
7682
1674
4038
8796
8807
5492
702
2414
2709
9585
4726
7166
1595
4684
8601
3796
2293
3928
5213
3601
341
4000
8040
2652
5707
8372
5702
7882
7485
5411
8445
5167
3438
8836
316
2245
4328
7370
1011
3389
6956
5738
6907
4903
6774
1860
8699
9067
5788
264
9021
2481
4264
7061
1485
9972
1785
7188
4206
9271
8951
2651
790
2389
1487
7458
987
2167
4829
1998
1908
8137
7736
5167
3040
4510
7027
8091
9930
9168
8355
8951
8001
8971
6012
9487
8943
4150
3027
3149
3421
1978
2153
563
720
9992
8022
1707
8512
9203
3705
6772
7340
7794
1940
380
8656
5319
4823
8586
839
9530
7537
8841
8501
3550
4680
3797
4052
4059
3298
7473
2389
1803
4388
3109
1796
2410
4816
6660
1613
4874
3432
5305
2668
1724
2037
1324
3396
6860
9911
4235
6390
7448
9428
1244
7350
460
5041
1402
4519
4691
5227
6909
6495
5968
6370
4643
4730
1187
1303
6344
2413
1087
8001
5081
9164
39
2757
8912
6899
9020
9499
9642
6469
8928
7238
171
9388
8631
7926
260
3322
9505
7169
9817
5473
3539
812
204
1078
8467
2900
3491
5907
901
4924
5071
940
4034
335
4192
3054
9834
186
5875
8762
7424
2399
4503
6055
325
4763
5729
6182
8284
1899
1656
8175
2711
1860
5606
7531
1112
5449
3438
2013
6726
4861
9306
760
5196
9850
3814
5030
36
6042
145
3812
8441
4648
6219
5118
5763
1948
1300
4047
199
2956
8574
2911
1168
4180
442
2280
9630
232
646
6356
5093
6304
3468
289
2506
7282
1671
2542
9676
1816
2706
8117
2816
8925
9587
8579
7225
888
8978
7425
196
7553
6688
1365
8085
3482
9997
7715
3714
6995
423
5159
9651
3891
1800
2157
7526
3471
1051
7202
1640
3757
1672
4456
9034
1259
9388
2612
8499
8366
37
8696
2271
3077
6413
357
2911
2762
4424
6625
6110
4848
1784
2113
5091
9936
4271
2617
3407
1674
6172
5047
1784
4196
5856
818
1807
5244
9782
307
9962
6171
5355
8586
9248
8120
8943
2159
7234
9719
5136
9696
4567
3272
1810
6011
3208
6081
4980
2968
7755
1152
4367
9539
1700
223
6710
3508
1819
6492
167
1782
2664
1874
6720
8264
6346
5663
6776
3580
5382
1912
9629
6302
1537
1439
8665
4745
3872
3645
7713
7979
1150
2081
3871
2850
8656
6933
6358
476
9777
2877
8610
8793
4751
5330
7058
1097
7345
3834
1030
9079
2098
659
1733
3635
8450
398
8381
2322
4044
2446
6653
1546
879
524
4396
9536
7457
7107
6364
7235
9984
4974
6028
1088
6656
9438
8537
4001
9624
5919
9432
1723
2930
1166
1710
1380
7916
6443
54
1960
5242
3060
9858
6121
3584
4255
2009
7394
7714
8373
981
4050
9699
3361
5138
6355
9152
28
6708
8776
5947
2493
6851
8878
3659
8562
6610
1575
1357
3017
9888
6599
6077
9746
2721
6013
353
4730
3407
8067
3104
740
8470
9155
454
3608
5511
9606
9988
8571
4734
2288
1064
1586
1166
1075
6500
4128
9003
7857
7145
8891
4457
9574
4989
3530
5588
1695
4612
5347
9762
7716
6088
8232
3224
2894
8193
5087
2500
4533
3658
7234
6821
1075
5172
4339
8502
1672
8468
7505
5882
1965
2748
6691
1540
7738
221
3480
9433
4833
8827
5547
8902
1267
132
2126
4161
4677
7213
3013
9210
7223
6600
6032
4650
1772
371
3153
9797
5191
658
5679
3509
9759
8722
5049
7497
8943
4881
3282
128
3708
8829
5382
1328
5313
7508
1841
9990
1073
4855
9201
4649
1455
1585
5651
9579
8308
8804
9376
3500
5815
1407
7009
5574
129
8410
9423
5424
3291
2705
1905
3351
7886
7287
1031
3200
1148
2873
9542
2221
4080
5095
3222
1887
6680
8874
1466
4989
4030
7195
4841
6197
4954
1850
8123
1436
6612
7546
3212
6255
6603
5117
5958
842
2405
6990
394
9905
6215
9936
2126
295
5032
1701
2182
1712
6927
0
3053
957
3547
7894
3507
4854
6096
1630
2642
2708
9177
5854
5315
2132
7324
1274
2974
6081
8264
3368
5986
831
3305
4464
1126
4689
6165
9660
2753
9444
6012
5807
402
5912
3701
261
766
6150
1891
9760
5210
7420
5614
526
9553
9290
1800
8879
5371
6416
2248
1357
7247
1905
5822
4725
6594
8339
4385
5699
7784
6749
1506
4538
2661
1560
4799
9779
7710
6690
9539
9272
4111
1506
9798
16
796
1598
8895
2520
4366
7495
3877
1613
9400
6051
6338
2346
4391
7075
8046
8527
3825
5904
3065
2838
7464
4216
8970
1526
7258
8509
799
7721
6367
6949
7737
7164
4900
2985
9684
9266
480
9913
7232
9881
5965
3570
8579
6708
6998
2977
1587
7175
8882
1004
13
2698
5220
8983
577
2478
3845
7728
6552
212
4677
4289
3728
9577
3626
9764
8844
4107
6030
2428
340
8347
5998
5271
5055
9348
8249
2994
6523
3483
3998
2889
6181
9218
8224
3110
8048
2069
838
4600
8634
5516
5242
8714
1445
8868
4831
6641
2975
861
9069
9667
9208
1420
4939
615
768
3188
3609
3644
6671
7607
2885
9204
3177
1109
2315
1225
9531
3153
2178
4517
5021
7420
3231
2819
6288
8062
9460
5616
5275
4882
5283
4483
6302
6574
1450
3422
9762
5059
3418
2785
9018
6303
1990
2195
3765
657
3421
3296
162
1951
4165
5184
9371
3748
4355
2011
1811
167
3979
3438
5049
5615
7922
7703
2189
5724
1126
8304
784
896
1089
9802
3552
9431
8350
7317
88
8123
6965
251
74
1130
1787
9445
4878
6142
7808
3041
6309
1788
6480
7711
7403
754
5414
9592
6478
2892
7896
3614
3789
5338
3417
7341
4769
8119
1010
1210
6242
7975
7813
6316
5457
9600
5761
335
2094
3569
9729
4755
1709
2561
2466
9112
3315
4233
5057
6145
3477
9305
9760
7266
4643
9529
959
5765
7648
8321
3327
3890
6296
1140
206
8105
7092
2319
8441
5538
2240
4522
6645
302
7083
5464
9414
398
9697
823
6543
3174
129
2655
6793
1124
2184
4104
3241
6184
8778
2920
74
5074
4060
6632
3180
7504
5303
7973
9394
3896
2495
6040
4198
5930
7856
9964
6328
7553
788
9223
7079
7269
8231
224
8393
415
681
7987
2952
9459
907
3026
885
1320
6011
417
5176
7666
4742
4571
1562
3589
6963
2112
9519
4819
2077
2199
8724
9217
7775
2155
6486
6006
8732
1231
2773
9413
5570
5725
5224
6478
5104
6109
4150
1115
2879
9326
8781
7621
249
6696
7563
7212
5160
7082
8383
7237
9282
7107
2806
3409
5615
5644
9415
4347
3228
8540
3760
8798
4266
5336
1628
9370
1445
5778
6837
676
1457
1970
8298
8058
5018
5861
5271
179
9295
6
3768
4929
3466
6575
8338
9081
2219
4105
3428
1799
2646
3540
598
3264
8876
8578
8986
6673
709
2175
7350
2166
4145
2000
224
5516
4213
1847
5695
9860
8206
9463
4790
1672
2390
9480
7105
962
3586
533
2761
2584
425
3359
2200
5653
1938
1186
8678
2647
3361
2380
1165
3858
4380
7741
9374
4945
9589
1421
4806
4147
7237
5948
5819
9627
5428
2924
589
5366
9809
3351
7950
6586
3062
150
2239
1352
7688
7269
3999
7401
9650
1516
1260
382
9258
6986
5328
5199
4760
6486
9346
1997
2434
1517
1624
4214
4441
8566
9581
602
1917
3883
7188
1331
386
5779
2684
8074
3048
3035
1828
2698
4552
3088
3081
162
6426
4761
1713
1186
7599
7411
9535
33
8928
7512
599
3369
6078
180
3971
4347
4064
7511
5678
802
3290
8362
5228
6338
7750
7056
9037
2302
6496
8470
8816
2923
9583
529
461
7182
7940
6349
3567
3220
3861
4166
6589
9939
699
6912
638
1115
775
6316
1917
4065
1031
7145
403
8781
4202
5792
7435
698
4262
2603
9973
197
3132
435
7379
7424
6784
946
644
6997
5113
3585
6936
5812
6849
3926
6927
7624
242
5196
8041
7625
2341
8444
2758
6543
589
6545
3594
1203
9148
3567
1401
8632
354
8780
2408
3490
9727
9404
487
1192
2989
3775
3356
6190
7701
6635
166
4296
8183
8207
8273
524
3004
1032
3420
3593
3929
7014
4796
3078
581
6197
8062
7288
4978
471
778
1057
9875
1266
8601
9217
1393
8309
1759
5447
1296
1926
9743
9479
6485
8016
6355
9489
5400
9775
3082
9330
3141
7879
8760
75
4076
6822
7363
5406
3645
8141
2815
3521
5759
1416
9090
3505
6077
7201
8952
7373
9127
8695
3204
5613
3063
9560
5102
8464
9335
4537
4146
2477
2416
2906
2552
2844
6080
6267
4603
9726
4408
7418
9599
6520
5187
5041
25
1264
2242
8977
4990
1370
4024
8194
3335
7087
7754
4789
1903
7090
9326
2401
5919
8094
1659
4823
7291
7740
1090
1894
3818
1850
9312
3417
8370
4499
8458
8395
2116
7052
3724
7106
4774
7748
5300
8109
1188
3055
9251
9443
6497
4929
1845
8768
3024
3504
3591
6667
1244
4681
8561
1414
6531
7873
4831
1254
8725
9641
6001
841
6694
9726
4299
1468
3826
9599
5930
1366
9006
1533
810
5503
6462
9007
4271
5838
2511
7862
2505
108
8895
1066
1522
1779
5292
2706
3033
369
2347
5386
7562
5393
1464
1861
3214
5291
1460
5496
3009
467
7029
3819
2322
3491
9178
2946
5682
1690
7160
4539
8150
6056
1958
6024
4187
3602
8730
3572
3971
7430
8958
7885
9175
423
9746
2389
2066
7558
4237
5075
4377
1266
5247
6700
1110
4425
9646
3144
2467
3158
7683
6969
9214
9641
2994
9753
3243
8076
3325
7214
5506
2284
5099
1034
9059
1197
9775
7477
8756
4013
2552
3133
1631
4151
6185
2741
4929
2183
5885
3748
5342
3569
718
908
9562
64
662
2806
8140
339
6372
9999
8975
1472
1033
8034
9021
7160
5511
7777
1173
4416
7263
2805
4919
9800
1898
6200
8336
4136
9949
30
4057
7019
938
3619
7083
7952
6425
1575
8292
2798
1574
7267
622
8959
1654
9643
6120
3517
3773
3645
4285
7388
2802
5557
3540
1053
1757
1876
5189
1706
1906
5598
5077
9197
9217
2160
7149
1995
88
1793
1145
1662
5413
8119
6974
7067
4114
9446
6936
7887
9443
7574
1627
2246
3131
5168
9651
4888
3396
1192
2947
1655
6790
8024
852
6007
6537
4353
4354
6625
6147
5499
4639
1560
3618
1613
4979
7733
7411
8267
1972
6855
5841
9952
5453
8972
5120
1456
3861
4868
2648
3160
6523
9438
1184
3727
1797
7721
8081
6152
698
4228
1651
5338
2140
1622
3303
7119
5707
715
5386
7679
3922
1228
7631
5727
6552
9103
7183
6765
324
9831
9925
6847
9269
1110
6927
1066
5183
5008
3570
2234
5588
1574
7572
7728
3196
7227
1199
8903
7942
6585
2934
8216
4165
6918
3943
7070
6021
7478
3835
6345
7309
3761
9545
2930
1223
6472
3997
2758
1480
3919
4992
3420
5493
2564
1148
8689
9792
2347
3944
4086
5284
3231
8655
5802
149
2598
2872
2522
77
3059
8868
3738
6820
4765
6669
8043
1237
7018
802
9069
937
2146
2489
6431
4711
9989
1472
855
8688
1769
1293
324
5000
9948
6126
5149
8899
5350
4023
5328
8410
2891
9066
1582
4008
5735
5978
5245
2753
3132
666
43
5278
9507
6474
6341
9496
4298
7196
8184
6067
4842
8509
1067
1142
987
2568
41
2690
6592
5369
7452
5835
4436
9034
9844
6523
5012
1441
5629
8144
2108
5672
3423
7967
8498
9764
7464
2796
3313
2000
8864
4507
6861
6283
5649
4201
8852
5691
6891
1796
7412
695
7631
1848
9729
7475
4724
4742
5269
6705
9238
3729
2377
9013
1696
7227
8778
5512
23
8443
3865
5239
2950
7078
1523
8599
1279
6727
642
4522
8523
8055
5217
6154
6255
1299
9982
979
6041
5251
4036
1631
5332
6413
645
7028
9992
5775
2541
6368
4218
2758
1607
3520
9836
9482
8471
1116
6209
9114
1990
4732
3521
3560
7239
9776
4859
3573
7108
900
5176
1144
8883
508
3910
9528
3888
3902
5303
6429
270
5873
9187
8230
9393
5376
7712
4217
6492
3922
3331
4834
5006
6852
8394
8597
2980
3253
2170
88
505
3698
1233
9389
4206
1495
8917
8095
5397
573
876
2020
2798
6416
250
2192
1792
4314
2761
4636
4588
2444
9470
9595
9296
7865
4544
8628
7470
6715
8717
7976
6765
6302
7365
972
7797
2634
5419
9546
9559
6295
1566
2358
9063
8168
902
855
2483
3663
1843
7071
6107
1314
3018
1755
5531
7563
383
3001
630
5452
7329
7395
8106
1046
4719
2255
3681
138
8154
9592
2786
6072
8302
8201
4241
9204
5409
3076
9219
7252
6499
1678
8566
5870
3433
449
3433
169
9803
415
1973
7132
4162
6432
8179
8882
8687
8212
5372
6841
7804
4510
2914
6107
2712
3507
1663
8121
2935
883
5373
9434
8913
292
5304
2347
7093
5089
8868
6896
1856
7193
4029
6019
3625
2208
1253
8665
420
2977
1858
4576
7488
1124
683
6552
4631
8699
4673
7566
5934
6398
3353
4847
3042
5009
3546
136
99
2414
3384
1955
5960
7413
4326
5937
5973
5579
4602
6393
4909
2813
7322
2397
3937
8005
8949
4921
3056
9974
8839
8990
2724
2192
3838
2119
7202
7384
2255
3653
6151
5639
1960
2111
9405
2639
8048
5378
4570
9003
8124
9479
1816
5446
1876
2105
9803
7177
7026
2860
7151
5866
8202
6228
4410
2040
8347
7964
5777
6954
1617
1928
8945
9930
391
8350
2569
4791
81
7139
3794
8205
6619
1962
3651
8495
420
9806
2025
7446
2666
5528
9664
869
1756
427
9261
6455
8391
5038
3409
6361
3318
8707
6291
3709
3409
5212
8501
3490
2351
8647
1695
8970
6962
1698
3818
7382
1505
2195
1180
523
7723
7197
7744
5832
7624
7006
2287
2367
2044
2049
8728
5363
756
1371
5424
4165
6583
3925
4008
8935
8925
5703
4257
5887
3754
4427
3269
1611
6622
4449
2134
4346
1646
9879
178
5622
6885
8817
7990
5281
866
6718
6996
1622
4442
2421
2140
1025
6346
6148
6312
5271
8203
570
7510
8309
1349
779
9920
7972
1581
8407
8670
9579
8286
5200
5202
1523
4017
9544
3156
4884
6262
153
2858
704
8926
1350
8082
1624
7498
4394
3248
2054
1316
758
363
2666
7890
284
638
9471
8691
5660
5402
3329
860
6956
1204
4877
6500
4360
6113
9115
865
5324
6171
9791
6674
4253
1416
525
8648
4664
2579
9964
1774
9294
8982
9664
9578
5972
9135
4621
1632
890
4302
2492
7846
5506
3722
4347
6219
6187
3462
7084
1511
9633
3228
4538
3887
996
5063
8887
2012
3994
5203
3786
3288
4186
3451
9219
158
8938
192
1791
9828
4495
635
7675
1
709
8374
2572
6897
1836
9657
4760
7821
9237
9298
1708
233
713
6947
2245
1059
2151
6031
700
2689
5834
9919
2847
4773
111
990
953
4606
1626
4980
960
8687
3354
3532
5584
1542
9541
6697
9364
8778
2347
7424
5363
9413
4372
7608
472
2875
9992
1172
5564
2178
1091
8411
6951
7555
9402
4257
2161
7380
9237
9473
6067
8944
3006
8004
486
2547
4701
6202
7678
3400
3627
3041
2813
7999
7002
3286
7226
3346
4458
2790
5524
1902
1201
8828
5809
6955
3085
4322
687
8674
3796
6755
7618
3154
1111
4457
5701
2164
659
9731
5564
638
2773
8378
4989
6127
8016
2215
9473
8826
5005
1349
7080
2559
177
2889
9514
9614
7212
202
4641
1008
3309
8611
4162
772
3068
6215
2936
80
5947
4852
718
5072
3230
2060
7551
1246
4275
3376
6425
9281
4725
3505
1840
1255
6395
7706
869
9959
4260
1862
967
7569
474
1481
8341
9894
4048
7629
9974
6347
2482
7045
7771
2064
9105
5322
9663
9732
5050
6088
9013
9776
9593
7205
7383
2340
1264
4604
2299
5524
6467
9618
9446
6941
1099
4139
6835
1500
1769
3162
7847
4251
6559
5619
6315
5664
7293
2330
5396
2344
8418
762
8472
4364
4319
5855
6704
5583
459
5356
1108
6926
4974
554
219
2426
4693
7055
3926
2814
6569
1773
3417
3128
3744
6085
5144
1038
8415
6892
3382
6834
7654
8206
1198
8326
4061
4254
261
4520
9610
1369
7799
937
8275
8018
3363
9321
1425
7289
2135
7994
5414
1905
7474
9159
7990
2618
6549
6405
9511
6283
9591
3517
4489
7141
1843
8550
1396
2105
9422
7358
9826
7221
8295
4454
1592
1658
127
9369
5299
8614
7364
7066
519
1190
6225
8509
3809
9126
1267
3320
5409
858
3189
9898
8000
1385
4800
5748
9842
4222
9458
9668
7796
7754
474
9388
5764
601
8757
7416
9216
2473
4482
9735
3664
7059
4597
3825
6185
5864
7145
1594
3074
6686
7844
7426
8071
2644
3174
7913
3218
8985
3934
1014
3091
4408
6754
5207
1362
1864
2623
578
4337
7105
6665
4353
516
1262
8178
6701
3478
1675
4647
6553
8362
2491
3979
6433
1487
3506
699
4706
2491
4633
2072
1934
5393
8827
7141
6755
691
9765
7333
1380
3222
351
5734
3739
7965
264
6792
1444
1940
1440
4349
302
283
8328
3087
1771
8186
3786
2829
7029
4771
1253
8963
165
6432
6105
6920
3475
2222
606
4856
5444
7309
6942
9183
5274
7206
5976
6718
9146
3768
1067
5800
4051
5748
5240
5822
286
9026
5003
7316
150
6257
2631
6667
9041
8736
9939
2517
958
545
7373
6403
7854
667
1938
9481
7873
4266
6199
3372
8034
3619
5524
8438
5719
764
612
6005
9791
5616
3321
6293
8225
5953
2960
7266
1041
2899
6135
2000
9797
3508
4755
4003
527
3045
3484
4753
3664
9684
8125
8050
9655
3649
6488
5374
4414
7101
1379
557
9069
1053
6850
3646
7006
6162
7264
8047
9061
3400
6399
8858
3260
7506
2862
3788
552
6346
8541
568
2382
3018
8618
2037
3019
1459
7411
7433
8560
5143
4342
3981
6196
7544
3979
3202
3706
1243
7601
2768
995
353
7978
4256
4211
840
4396
1115
3539
9289
1683
5921
8659
302
4311
1678
1761
8074
5464
6673
3217
9806
7006
9413
7351
985
8967
1057
8580
2921
177
9576
9626
8156
184
3837
5348
932
4953
8887
6573
6636
1161
5232
3290
5472
6910
1403
3546
8726
4428
3116
8533
1434
2529
2236
8771
7849
9645
3704
770
9823
9632
396
4331
6168
4233
9679
7100
9186
8567
25
2175
6080
5257
5465
1552
8519
6869
1450
7246
1297
918
2131
9084
9800
4367
7855
7649
364
1559
4771
187
7543
1519
4518
3711
2104
550
811
7643
5469
7188
9818
1549
2445
1635
9453
7317
8504
7255
915
6154
8174
9398
5238
7974
117
9445
1975
481
7357
3098
669
4900
969
1539
8612
3073
2089
5775
716
3910
2964
6886
5459
1761
8522
4912
5430
3378
8520
6345
5884
6694
2095
1122
1020
2212
6920
9347
2694
4277
2445
3363
5529
3414
1254
493
2839
9696
2621
9908
3606
1937
6794
9066
3698
1668
330
5481
1399
8850
8178
7283
1896
274
4758
2916
2486
1678
8615
5180
2307
7412
4895
4188
7178
6150
4682
18
5846
3655
9926
5804
5592
3072
4870
5642
1093
1553
1123
2492
403
9302
6127
2300
9576
885
1568
2062
2563
184
7243
1222
3948
2138
5411
1127
4640
6445
1145
6838
100
7423
2643
5692
495
3865
1334
7940
5418
2458
432
5822
8112
6560
4474
7688
7445
2394
6102
6361
8930
9697
7583
2879
1836
9346
4006
2828
5791
1503
9667
5891
8926
2310
7935
5773
6175
9270
3714
7946
8080
4146
3768
6192
7058
4594
232
856
3340
6334
7217
2271
6032
1152
1502
4220
499
5508
7048
2642
3363
3067
4886
2289
1729
2821
8062
7905
8443
1776
5851
6523
2275
5971
9067
9333
6917
9299
189
257
1986
3758
8880
4370
1263
382
8590
8114
2242
1990
756
1957
1410
5642
4246
3139
4816
8661
7396
3259
437
9599
6135
9064
1922
5202
8398
5191
854
4939
1801
9192
5050
681
3562
6313
7416
8504
779
6010
6846
1535
7968
8256
3530
8566
7748
8346
7227
5144
7957
7665
1096
4092
3081
3018
5647
1479
8210
6501
2771
11
5693
7821
7044
5607
486
812
4111
1265
6823
957
9152
1143
5566
9034
9709
3314
3732
3289
4810
1690
7306
2258
5782
387
5277
1429
8219
9839
4282
990
6202
6327
5163
3246
1934
2001
4059
6045
9618
7234
3355
8770
4729
5273
7805
790
8587
7889
4079
9749
9579
1385
2008
1714
1773
3637
9495
9992
3476
3778
7334
9678
105
8849
9276
8392
850
9687
4437
468
6921
4144
5590
8002
9417
9747
8793
4356
7637
2872
458
7216
610
2466
5282
8735
2455
4778
5079
5931
4908
2413
1961
1365
1262
1237
9757
8464
925
547
8932
4198
4691
874
2201
4109
622
994
4817
4611
218
5275
8179
828
7741
3462
5915
6548
8240
994
2479
9500
3407
792
865
1021
8382
6975
5837
5659
7522
4769
9857
8565
1996
8410
2674
8970
5756
3844
3581
5975
9119
1760
3155
3213
5222
9071
9761
9814
6417
8593
9314
6177
9385
6532
3550
7767
9859
9388
9778
7381
509
9636
5946
2505
4398
4973
1475
155
8817
5056
2482
7936
6817
1989
1149
8391
7412
911
8206
3830
5856
3872
7
5241
6756
3557
9361
6615
2945
9139
348
3455
5127
2647
2312
9526
7620
3788
6033
2789
5196
8515
7077
2013
504
8227
6757
7917
5490
1315
1747
1346
1539
8106
2939
8296
8015
2300
1263
7313
7792
1612
768
9271
611
9432
8797
8231
3220
4830
1020
8417
9697
8097
6782
202
2676
9891
4471
4518
1206
6218
2216
2746
676
1508
7394
8691
160
8657
6004
7952
6621
3124
7224
7232
2557
2373
1815
2129
3556
9187
6898
3253
3637
33
9807
2665
9924
4278
3536
1131
6848
5752
3877
7524
7260
7623
6216
7421
6280
2220
1725
9254
1697
5301
2838
4254
7675
1006
2735
7583
193
9634
836
182
9667
6996
2848
9591
1274
6384
722
8123
8488
951
1999
5749
8574
8215
9522
1207
6788
7599
6813
8485
2901
6003
9091
6928
7009
1826
4511
7203
7812
1699
3737
7479
8695
6585
7071
6322
9321
4145
797
7810
1449
2796
9911
6375
7364
9433
7582
4152
3384
747
8989
6285
6751
4432
3213
3760
2610
4076
7315
423
5776
1053
7902
823
3990
1325
7145
3312
1823
4294
1122
3272
7091
7385
9647
807
3170
3582
1311
6554
4329
6652
2840
7432
1084
2405
1193
46
6482
4860
469
8610
5913
4724
9433
9904
6049
2931
9568
4224
7225
7042
7496
668
4427
3496
1475
7597
3430
9138
4151
4111
5790
3343
1544
6874
5749
9089
6921
2231
3949
3742
841
9863
8466
6626
6119
868
9557
5687
5092
3135
2729
8941
3803
7156
8789
1631
1105
2219
769
5256
6330
6560
8600
4226
9786
4349
3315
3059
2932
7265
3154
125
3480
1620
6751
9599
8840
2661
5286
3933
5796
4367
9226
5951
7875
8015
3934
8980
234
1056
588
2916
3968
9188
3495
106
9889
6810
3166
9173
4075
6320
9298
7555
4292
2402
3506
3133
5063
5144
3418
7211
9511
2644
3162
3738
7011
3449
2718
7245
4505
9659
6513
8473
8847
8
8579
5089
3171
8097
614
7246
769
6265
1154
1414
8667
4660
4547
82
6157
4317
7293
5668
3313
6807
5759
324
6608
4829
3921
1113
4488
434
5938
9688
6795
870
4777
9966
8967
1743
3564
6089
8008
4718
7503
3027
5731
8402
3109
1888
2719
6754
3908
2384
9914
9667
2708
6522
4497
6629
3988
5337
7063
6278
5025
210
7148
6154
176
2468
7898
3741
8557
5906
4811
2412
5286
542
814
8395
8782
9885
1502
9043
2269
7768
8710
4977
4290
9559
1606
4630
4897
5021
909
6274
1584
8057
2429
1760
6877
6679
1853
5434
8937
6665
7846
4223
3559
5012
8971
8694
4897
473
7737
3518
8241
2799
8495
8883
2359
6453
9866
3608
7827
775
9882
9411
5184
8663
7523
2062
5342
9377
3848
632
2394
8047
4855
2305
3059
3826
999
4309
651
8736
7827
5244
1536
2675
480
247
5480
346
207
9659
1121
89
5422
2657
5105
2946
4719
6799
8675
8568
7431
7421
6615
2287
9726
6026
2465
726
335
9469
5814
8163
4713
3702
7190
1545
3949
2670
1891
4156
2330
9364
598
7752
2022
5703
7050
6741
8854
5725
1661
6286
3146
8276
8573
9225
4303
7390
6303
990
6859
2117
9153
7925
2172
2695
9470
2473
5366
1362
2982
4048
726
3580
1800
9100
5635
5203
5842
4489
928
3855
775
427
2132
5700
6004
2787
3091
2307
3777
6302
776
9283
4227
2948
1978
3698
5422
3696
5060
8404
7744
2138
8336
5897
7591
323
1100
9785
1164
8380
3640
1940
5159
2124
3992
1163
4911
3435
3470
5041
9738
599
676
3965
3547
9006
4015
5321
2703
5427
3725
6799
7566
8413
9048
1509
8736
6500
1294
9901
1233
4934
8193
6392
7059
2185
3908
8322
1973
3730
9715
1711
4329
391
2028
7877
9398
6044
9550
8453
1471
3276
5252
5389
1689
4301
6898
6778
801
8192
6679
8386
9479
4872
4779
2890
3409
5039
1212
5382
8769
7280
3445
9451
7671
1826
3680
3421
7870
3230
1874
5693
6506
7127
1083
4548
7780
4333
1326
4933
8878
4357
3320
8357
5581
4451
1247
5342
9490
8811
7077
4611
2443
522
4062
115
8700
7742
3536
6570
973
1763
2264
7479
8890
9699
8379
3022
4032
6057
7955
2910
414
7627
7619
2347
2078
8866
7690
7920
4030
4767
2532
6473
1641
6594
2940
342
4337
2829
3264
5310
4592
1880
9141
9834
1579
7521
2856
5612
9930
7163
4874
345
4791
2494
9044
3221
7712
6734
1142
8094
7853
3674
920
5847
268
3860
6189
957
6689
5805
6267
7633
7686
1761
7467
9265
9282
6675
1229
5564
3839
2456
5909
4982
4950
1306
8203
9014
8040
5697
7109
2246
9371
8029
8093
5992
8241
634
3301
1283
6439
5921
8916
4125
7682
2736
9743
3316
9411
7324
8880
9602
9780
1142
4584
1082
2448
9140
97
6840
4837
3558
9086
561
1587
7179
2905
9828
7813
6206
1111
4253
2127
6380
4730
9809
9116
825
9477
8527
8150
8358
8130
4282
9500
9066
5365
8300
8206
5462
5140
3044
9020
4227
3605
6959
1406
6510
3139
9220
9068
4251
9825
1196
631
4555
7357
6099
1733
6835
978
9883
1545
9108
4165
1045
8175
9530
5697
6381
1344
837
5777
6716
5064
9382
27
6471
2244
3167
2043
1313
3770
8220
8861
753
9127
2570
6852
860
9405
7830
743
7302
3291
1261
4699
1466
7143
396
4199
8488
1234
6329
1556
6298
5711
1584
9121
4308
1103
7516
5621
4873
5736
834
5626
4864
3404
2478
5724
9162
6660
2820
6464
9951
433
1164
7769
7576
1560
1969
6064
2794
4650
3973
9093
361
1909
4566
4669
3012
2083
6642
7885
7819
7476
3511
9035
7233
2341
1112
6395
9001
284
2859
8953
717
4023
6722
8293
5584
5043
710
8378
9693
4683
3823
6407
2944
8390
7428
5956
6825
423
193
996
7899
56
32
5132
2397
7496
1527
7750
7780
4387
6703
8497
4762
9778
3142
346
1173
3852
5077
7219
4887
8900
3626
4183
3642
7406
139
467
7829
6684
1464
2081
6740
7848
7213
9137
1696
5093
6888
9476
5832
9943
4325
594
6073
7467
7293
7247
7672
2370
4466
8911
1270
4444
3095
1265
1850
9586
1732
6032
6271
9548
8113
3011
3748
5326
8501
5444
6771
1741
1272
8955
1684
5597
5902
4110
9417
3195
1357
3441
5565
2175
2352
3187
2971
5447
4452
1173
5034
2537
7205
7657
8437
5318
668
2186
6997
9169
3982
120
910
5255
9076
8947
852
1330
3057
6621
4525
766
62
6442
9293
2415
5981
8616
4214
6786
9789
5600
9323
3347
3257
7760
5017
3926
6298
2014
9447
281
8487
358
5536
3915
5657
2740
5245
8714
9362
6122
5832
9424
8916
5125
8191
4897
3741
2406
1683
9882
8006
7358
3229
7616
5119
4599
7894
7769
2965
7341
8050
1452
7699
9938
5367
9708
2679
6964
8422
2041
9438
4254
7817
8354
5731
6009
9604
5824
4767
1287
5707
2773
8646
5288
6741
117
9887
4635
4238
2853
1977
8641
657
6028
8579
2377
5737
1258
9341
511
9651
5132
1118
3821
3486
6849
9830
3090
2674
4597
730
4733
3722
5728
21
464
2197
6261
1451
6435
5466
3428
5076
6123
5809
3656
8500
1546
1266
4194
8409
7270
9326
9527
1091
9164
2729
921
8607
5403
1870
9337
6488
1944
1417
6509
2408
3614
9122
212
49
4588
3640
1478
712
5801
5134
5564
3699
2752
9758
2109
22
5436
1636
7465
4601
4365
8386
3208
6120
6608
8897
2608
8553
314
5470
7313
280
944
7525
329
5533
7518
8159
2597
3319
3293
8161
7019
2398
4272
9128
8772
9708
7116
6238
661
7834
976
221
3954
7585
9118
2915
2490
5784
4737
9803
6064
5681
3681
2746
1214
1199
905
3811
870
551
8325
7889
2949
2597
3369
8073
8657
6838
4311
9319
4672
1640
9540
4978
9225
5011
7893
8067
795
2630
7870
3212
8312
7903
5958
5878
9102
3215
6042
6325
3766
4367
566
3067
3316
3936
1141
1973
774
1804
1292
1798
3444
7185
6776
9021
2196
1022
7088
9343
4
1311
2555
8316
9214
4865
547
4669
8081
6589
994
1847
7308
1560
1267
624
1848
2408
2597
8974
564
242
772
4009
7427
3901
3030
9623
4923
6471
8966
1279
7782
7874
9596
6996
2739
6495
8017
820
3084
9011
2668
392
6924
287
1016
8772
2695
9965
7747
3259
207
4871
3620
7634
5124
3003
3609
6399
9474
2576
7679
7256
450
3627
604
3189
122
8622
362
9558
3985
3030
9950
909
9669
7318
9682
2364
3635
3781
1975
3843
8652
1948
7829
129
4951
1439
6528
4425
4015
4207
8033
817
7834
8637
358
7956
3611
720
7514
7597
102
3816
8506
9771
7486
4540
8487
1122
8321
463
4965
3326
8763
2794
3455
3714
585
9983
4491
4600
4191
2524
1769
8377
7513
2128
6334
1125
9200
200
5074
9303
4017
3580
9074
7855
8121
7562
8977
2794
4377
294
6120
9492
9441
5927
3206
26
2263
7697
979
2806
6573
2748
1183
4086
1228
3869
1563
429
4070
6637
9732
4439
6570
5158
2294
4691
9072
7624
3837
9801
7918
6310
9293
7359
2237
2499
3738
4500
6548
4717
3658
3121
7465
4842
3560
8694
5063
5123
5475
5485
8113
5207
9924
4683
6717
8571
5726
5790
6195
9563
1943
465
5873
1237
4177
4463
88
7915
5315
6637
2632
8974
6110
6449
168
9670
1495
5231
1146
6970
717
9259
8529
6993
294
1599
5564
6020
3741
8111
5583
5684
4929
7809
6921
9106
2272
7010
3373
7587
9999
2357
6561
6109
8806
6729
2132
6654
8313
9630
9976
9030
5241
4858
2375
5535
6457
4292
7907
198
2403
3490
5882
3684
7651
9156
9142
9923
6166
2515
7511
2517
1224
424
8626
6383
3506
7110
3037
1819
6740
9365
7201
1981
4223
9576
3868
680
3868
1775
7230
2624
1618
9465
6308
9269
8621
1803
9193
1139
4318
3056
3656
1895
3480
8634
8278
3338
5745
1315
5157
8837
7032
8710
7171
1256
4639
1039
8288
4859
2815
1871
7483
785
1336
144
54
6309
1947
5599
7448
2617
8655
7456
4512
8488
6090
9142
1826
8187
6809
3336
7025
3842
2046
4196
5098
6685
1587
9738
1545
754
1609
5380
1539
2945
1876
1594
5606
175
7193
9406
2793
2201
6862
3657
689
9305
2800
2515
3844
5961
5851
869
9803
4250
1417
4901
935
3005
4640
8832
3759
2601
565
1651
5547
2441
3245
1153
2617
6790
560
1762
8991
3774
1771
9680
9431
923
8548
3276
6885
4399
497
6688
8649
1915
7942
5937
1272
8934
1121
1383
1535
1686
3034
3434
4128
2631
940
3097
5774
1500
4859
4765
1626
6630
798
1058
3906
9346
4334
791
97
4831
7479
5099
3098
1773
1036
722
707
2157
8458
2243
196
1492
5677
676
476
6617
3773
6250
4469
4984
7367
2448
7966
8165
3506
1872
3863
4192
2663
3961
5375
6495
9060
8474
8268
96
5548
8976
8605
4006
7571
8801
1851
9600
5829
2327
2570
9602
4929
3391
4586
2296
5839
2553
462
5697
4425
4325
6241
3441
4638
1617
9936
3698
6443
8204
146
1991
3532
5104
5998
7455
3905
7849
7056
9735
6528
9626
5689
1457
9369
6628
3753
5209
9181
567
7258
9958
1245
3500
3399
5883
5117
9687
5934
1560
7892
6080
9903
7776
1184
5901
5232
1442
102
8640
7529
6630
4618
3218
8087
3987
9846
8193
5548
5379
8760
2807
1690
5
2659
5089
2241
7776
4777
8175
5688
9021
4255
5591
3149
1792
7845
4733
3234
7947
3373
7115
4578
7991
333
9017
8331
6532
7210
3879
8263
2323
3038
9953
8680
5697
1395
921
9825
2524
9096
1865
1545
9704
7457
1046
7848
1654
5780
1082
9601
5505
8197
531
3497
4882
9549
8180
7766
3111
8411
6030
5434
7802
2335
4115
3499
3730
5036
9677
6254
485
1542
4151
6541
5351
5198
4389
7005
978
1823
2959
6483
6372
3490
6332
7606
9391
864
5373
2503
9276
7755
4289
7078
90
8404
6929
3821
9793
2958
6427
278
853
579
3171
6204
5777
3912
9562
3107
5735
8873
5942
8459
2363
8627
6065
8107
9491
7790
6962
8767
5545
1251
2197
1988
9656
5479
2161
9449
8437
8588
6079
9290
5519
5602
1847
1296
9514
1409
755
1601
282
6698
60
8997
5325
6125
3456
1168
268
418
6288
2165
8022
4837
4153
7678
316
6314
3479
5106
1255
5910
4396
6774
1512
2595
4423
7378
356
5178
8979
6990
8228
9039
2340
9905
1516
5796
7426
1784
2567
3714
3950
589
8551
4455
4619
8868
7122
4450
326
4729
360
1074
1503
8224
3670
2278
5602
4026
3809
933
7369
2037
9972
9709
8295
7840
5505
5721
5977
4424
9435
6279
5013
4338
734
5984
9558
7856
434
9884
2585
7146
959
441
1722
4629
2719
3676
5007
6528
4609
2376
4918
933
2085
3213
5126
3943
5286
1103
4719
4721
7382
9733
5411
4468
2069
4970
8677
2504
4854
7614
6002
2165
8055
7725
6794
7127
7753
8154
7
2363
6882
4925
9648
5320
4490
4774
9263
9776
2229
3982
849
9611
67
2613
432
2137
7583
9109
993
8789
6723
3347
955
1131
1072
4101
8258
8826
2255
4617
7541
5490
5895
3541
810
6737
8316
6425
6514
545
6759
3715
6509
6827
6328
6941
5316
263
6050
2661
9053
9125
6008
8
256
3433
4109
4866
8611
2717
9484
2504
8207
1731
6045
5369
8468
4361
1794
4982
1259
8553
5050
4120
1732
7730
1061
7048
7994
3463
6061
7047
2588
8422
3407
9197
1855
3868
4063
6818
2937
9899
9322
7496
1630
5367
2865
99
6081
4659
1433
3692
3213
6483
7812
4945
566
8873
8346
8560
8688
759
1959
1276
9181
1718
473
7388
1938
889
4206
4876
788
9880
8724
2419
5248
1590
8870
7681
2601
303
1373
5814
3139
5537
7112
3705
762
5458
8617
9450
2569
6928
7078
1751
4998
3904
9139
6936
4793
9698
1812
1933
9578
6889
704
1178
8479
9574
8859
1080
9878
6584
3247
9369
8473
359
3074
9235
2169
8043
5037
4738
4971
2116
2841
9969
6020
8333
3257
7165
8031
1422
5450
7609
8311
6155
8788
6790
2081
3999
4222
8311
6936
7469
7680
5409
4180
7106
997
6349
5149
6034
7440
6472
8150
6633
2793
522
4966
6051
4039
2997
7473
9490
607
5784
5645
5747
8926
4078
6098
3148
2390
3034
618
70
4796
1150
7177
5793
3852
8678
1827
1292
5151
6330
4277
7944
6852
9244
3995
892
2241
7820
6734
9200
3604
8731
1299
2530
2809
7398
2031
5199
6784
9001
5270
1580
151
8799
7373
4003
7477
5553
1647
2628
1883
5925
6925
5087
5169
7272
2331
3762
5093
9065
2963
5049
7796
4262
3932
606
8012
5963
5805
4797
4964
7427
2729
5115
6226
6455
5471
56
2008
7118
9036
243
9395
5961
1682
4564
9586
4014
8327
4679
3079
7642
6080
7228
8256
12
4186
6269
2327
6343
7418
3643
3771
147
5111
6349
6602
582
6405
4962
4052
5442
1557
3448
7755
3240
4364
7341
7254
2691
8372
6685
6685
4453
265
4942
817
4451
7563
9497
795
4981
3140
918
5128
8251
3619
8083
8833
25
9397
9238
1819
955
2686
5926
547
7050
9620
4153
6094
7992
838
9131
8797
7456
4073
5967
1907
1636
5464
9054
2969
8604
6324
4450
3208
9944
8885
8393
6321
8282
7631
4492
5589
6669
418
6136
72
38
289
2518
4383
7480
1649
3180
4936
5723
5499
3195
3711
963
8602
3033
5920
4926
7483
5480
4870
6368
3873
7543
1002
7857
2035
6592
4526
8806
9080
4598
5196
5722
7116
9579
3202
8766
9112
4490
841
4611
7685
904
1927
2639
3937
4199
7566
1420
9679
8788
4140
9904
2684
5143
7761
4719
1735
2288
9877
7167
3238
5074
2889
355
4653
6091
5473
117
6933
2666
1081
4619
9922
9360
3610
3860
3559
1176
1632
9590
6317
2125
5846
9001
7268
3608
72
5355
2248
9950
2522
1838
5024
5412
2193
6029
7855
4018
6147
4789
3036
3580
5760
2959
2940
9370
3171
2851
6899
1155
8793
9568
3280
4639
8569
548
4599
4993
2255
3199
4943
4778
5038
6319
6542
3583
8701
749
7602
1200
5538
6990
4780
7650
9949
7720
3373
3120
6923
272
4276
5716
9840
3908
6707
4761
809
1307
6106
3064
4506
7402
4194
5896
3721
7088
9480
2422
7838
3434
3622
9728
424
8402
7379
6726
2474
752
9846
9397
7376
474
1465
3568
4383
8173
4681
1544
5832
787
4608
6690
8189
8803
2587
1911
5891
8419
685
3729
1853
660
9810
8629
5414
7189
5355
7889
4293
1554
3638
1669
8380
5104
5237
9115
9629
9918
659
5461
7057
5268
2151
5247
423
4738
3510
6314
3157
4195
6396
1362
1207
2558
9992
6622
9747
1699
4511
4040
3253
4501
2061
1634
5957
3650
749
5586
3568
7761
7399
6977
3029
9551
2224
3452
641
2086
6118
151
2634
8866
7865
3841
1424
4209
463
7523
5909
1326
7915
9162
5828
9976
7148
8137
3626
4250
76
3546
2011
7475
524
1392
3378
9100
1196
4020
1187
7314
523
3821
2533
8388
7662
3957
8950
8126
7833
4859
5804
5748
373
7984
5725
3874
6122
5703
8124
6198
9250
6487
25
6126
7879
3404
5226
9075
3776
6413
2741
4299
6586
5274
9039
4249
5584
7989
8727
3417
9200
4531
9165
9574
8868
1242
3448
4990
6946
7924
7540
2548
763
7565
8674
8642
969
252
4069
4745
6666
3162
5396
3252
8437
788
3853
373
5129
8932
3790
4330
9816
9307
256
8684
6902
3704
3674
3848
7980
1214
2748
8743
8779
1422
3737
6101
1674
7806
846
4692
7320
6243
4297
5757
3383
8150
2482
8512
3435
6272
9194
3251
1932
9450
1935
8834
9506
1961
9034
7486
9527
1782
6229
8306
9556
6318
4407
7582
476
1606
2275
7797
4201
6572
3554
7584
1074
6037
2448
861
8661
1643
4112
6945
1093
2399
2131
600
4360
7517
4438
3887
9299
668
8546
5207
6986
9305
2790
3815
7263
5065
1612
1464
7989
5166
5400
5415
7555
7849
6277
2569
9492
6741
5866
6937
9141
7998
3889
9853
1867
8328
93
1167
8996
4991
2726
2334
4296
5516
6149
1560
6933
4113
9376
1274
5632
4777
3042
3187
2626
5671
2108
8470
2412
4327
1759
7905
2325
5649
7759
4192
3977
7852
1711
9325
2843
790
8011
3491
6306
513
1403
9592
4626
780
866
258
5557
260
9798
4535
5931
1906
9357
8344
2585
1116
6249
1262
6765
360
1807
7094
4564
3518
6419
3759
660
4431
7251
6967
4944
8654
2911
5922
5786
129
6181
7695
390
5979
2230
6321
4237
1587
1017
6823
9056
7267
8085
2173
3979
9892
9268
8544
9763
5687
2303
423
6470
5906
3742
7766
913
6653
3689
6699
3135
9870
4395
3525
2201
2977
9846
2790
917
7216
5965
9973
835
403
2146
4814
6647
1414
3358
2762
3454
2014
3186
9924
7920
3280
7691
8833
6286
1380
5533
9421
7602
6280
2946
6155
5609
9144
8945
6526
6360
1263
2851
7195
1666
4998
8362
8313
2764
1720
1076
2570
3734
614
2495
8007
246
186
6840
6532
7918
8725
5953
1872
5005
5251
8027
615
748
3324
3493
3460
4587
6345
7008
6253
7695
5370
919
6811
3442
8347
9382
3529
8961
8229
1536
9207
8415
8376
2092
2685
7102
4397
4557
8459
9649
8936
5426
6749
2260
8920
209
3200
1617
7217
5805
5664
2587
6724
2475
2382
1423
8209
5911
384
6438
7447
5944
1205
2175
4388
3890
9277
8785
4799
4089
8434
3735
5867
5183
2348
4787
1745
5548
2756
8962
7705
8420
7902
4430
7248
284
2205
5457
6195
8942
1896
9994
4886
3101
2169
9274
3344
7799
8059
4495
1888
2846
8231
7755
4381
6931
8895
6126
8831
8003
1441
6536
2776
5695
7318
24
5979
9524
5481
8526
8466
3729
4872
9704
3183
7041
5330
6527
1192
9741
1022
9432
8939
5605
3540
3321
8888
8787
5799
7719
6790
3592
608
9566
9287
7926
5942
1618
3802
7776
6496
2268
1505
1368
8324
4688
4762
3654
7567
5954
3396
4942
5387
2335
6899
8927
2008
5788
7714
7808
9859
856
7752
6819
6775
7040
4746
2717
8658
4900
493
5155
3521
1999
2875
1845
3039
7637
5500
6959
9944
5248
1901
5331
7583
5152
610
5944
940
4676
104
7152
1884
7856
3971
8659
4896
5069
1377
9907
9970
8222
1414
3491
221
4289
1688
9613
8279
7188
6572
8223
2436
4825
9906
6372
9977
516
2316
7270
1544
2420
774
3428
276
1097
8440
1525
6167
9817
1432
2489
8039
2846
2332
4613
7135
4020
578
5414
7561
3502
9989
9997
4679
9895
2721
1008
411
1389
4630
8307
161
5404
8088
6790
6502
6528
8315
9021
2697
9747
1510
7088
8945
194
1701
2432
4214
8631
4199
1775
2133
4188
8125
6812
4084
7198
7821
847
8588
8803
9155
8749
4208
3595
5539
7062
123
206
6083
2820
6305
3945
6260
1602
491
7962
4035
4705
2945
8234
2833
5079
8774
7310
8243
2858
4508
2416
58
9448
1220
5565
8198
1780
9160
89
8842
5635
6648
1277
8455
2953
1574
4715
4556
2065
9029
4943
3122
8327
9529
5955
9758
8303
9617
8001
7514
4126
6770
7572
3574
7990
3137
8124
6122
8649
4566
4964
4284
1214
2593
9091
519
4167
158
1427
6232
5540
6370
5706
3867
5899
8014
3625
555
7631
1626
8069
1757
4748
5641
1684
9090
5130
9808
5212
3779
726
176
8063
1940
9121
7154
8812
3288
7312
239
5872
2852
2962
1579
3071
5213
9593
6696
5768
7224
4675
3837
5334
9423
9478
7018
8514
960
3178
3726
4739
3905
255
2802
2197
9376
6308
1009
9017
9973
7601
4889
9177
563
2820
2249
5776
2413
8945
7897
5990
3620
1734
1324
9396
7565
4694
7910
8525
7872
7988
3265
8129
4595
2419
327
3972
5080
7688
9341
5053
1641
4230
582
8556
3403
2831
685
5816
8129
8582
1806
8101
316
9482
7497
7881
4176
1759
2759
8401
9748
6024
6530
4343
4795
3209
4667
9875
7250
360
1280
8891
4591
8215
7448
7994
1046
8133
162
5527
6715
8321
3629
3383
7803
1126
7617
1980
9238
376
381
8986
2752
6911
9681
7547
6473
701
3775
3723
1061
1407
2614
2004
9622
6414
6350
7021
4547
6513
2548
7614
4834
6177
998
8989
3656
8615
969
2894
5343
7702
8232
8095
966
4265
1994
7439
4966
2121
1162
2380
9881
128
4384
5855
6543
735
2876
7442
3600
1777
1409
4786
7954
8759
3775
7962
3726
1097
7208
9069
8799
1792
3516
9765
6058
5510
3556
7376
3984
1070
9756
3865
1199
4141
6072
4094
1228
8949
7888
4828
726
9297
5966
5032
8056
9741
9347
1782
7190
2907
7203
5990
4700
719
2107
758
2582
2016
4486
6566
3086
4243
6783
637
8384
2855
4731
5964
8156
8972
7144
5234
4621
3110
6619
2678
9203
2318
812
6394
5225
4368
8736
9925
5087
7195
7035
7669
9211
1522
587
2298
2117
3722
2935
501
2930
4019
2817
7438
9343
9961
2673
3964
3071
5644
2994
2274
7962
159
5020
3187
4527
108
3113
9614
7304
6500
3636
6515
4374
575
5165
6491
4298
4453
3344
3580
4824
6161
1018
4167
6122
43
8131
5545
5687
1126
7820
3649
1285
9192
6837
5812
9301
6302
1778
6605
2802
1766
9472
7177
2342
990
3668
2992
5443
7013
6572
267
9526
3942
4434
5649
3986
8917
1194
9673
43
5366
3323
7680
4559
6512
9844
212
2814
7975
3169
1968
9741
2641
5497
8435
3631
9166
1427
5426
2531
4351
5693
2057
8294
6479
4058
2280
5397
1605
1953
1792
6971
1628
9473
7882
8140
5669
4446
7306
3644
7615
9275
9738
6609
4772
8173
240
290
5953
2019
9173
304
4064
7583
4950
544
1641
7230
2293
9598
5536
4085
2922
3516
9910
804
1657
5580
1603
8963
5576
9218
4590
5314
5827
9363
3488
2420
6005
5793
4439
5179
6097
8503
9114
1048
5399
755
4630
7692
6706
6518
1778
9628
6387
1688
6784
8044
3620
8387
3359
9197
7606
4302
4511
9785
17
4351
2205
6022
144
2996
7553
2594
1500
6667
9994
3251
3775
4624
944
481
7495
2722
109
3882
762
3245
8278
4383
1633
7989
9932
5591
2291
795
5376
2308
5147
7582
4683
1643
578
2236
4237
8430
8904
4231
1682
9031
5208
8978
9512
2703
1700
5973
2937
8814
9218
1215
9549
851
9204
9481
2794
7848
277
8171
6508
1776
2105
1191
3419
9035
9780
4009
3818
8684
8240
5500
7715
3448
4478
3579
2503
2530
9552
1792
7696
8770
3007
3598
5974
8564
3079
8768
2764
9708
3291
9272
7836
5396
6816
1256
784
6596
5265
4602
5280
9857
6454
9347
9658
7284
2926
8513
6166
8830
306
3862
3952
9665
7460
9926
8229
6892
5047
7345
2952
8338
6618
789
87
3434
8397
871
6382
14
5473
1662
9871
1927
7361
5881
5563
6639
4395
1729
5469
1053
5591
9421
718
9404
5700
5300
2648
7099
2645
5600
5437
5615
2741
5524
9049
1138
2747
5431
7504
8220
3445
3728
6499
7158
9609
2062
3797
356
143
5618
1409
5735
1392
2128
1491
3444
7428
4139
543
73
6091
5980
5689
5185
7857
1090
6323
6956
2874
180
5177
2671
3908
8028
6182
3517
6443
9979
3874
6586
1950
5283
8673
9694
3763
6516
3138
1191
655
3681
7617
3099
6013
9658
8284
222
748
959
7179
9974
1139
8708
8998
5047
3088
5180
4917
9531
5159
5143
2470
3461
426
7495
9507
542
4012
2645
1733
1019
2678
5702
4118
5044
5360
8754
5266
2461
6066
8797
8787
7205
7505
7785
8605
6946
2965
9874
2829
4477
5017
5299
7938
1795
9147
7446
2337
3159
6443
423
4178
5474
2477
4649
518
7838
3403
2136
6651
5821
934
5438
9379
4791
3224
7984
1737
2541
4210
4567
7018
9227
6218
1309
7374
5365
5107
9712
4876
1550
6487
9055
3376
8964
56
3894
3154
9811
6031
9805
5633
3317
1596
5012
8108
1172
9348
6198
3713
3558
7117
7084
9137
9687
8393
6511
1405
3500
2575
6281
1402
9062
1688
4779
8027
1744
5025
1181
7908
1056
7339
3541
725
5287
4905
5186
6459
4253
1384
6524
4163
4853
3608
3300
4540
2001
6163
2297
1853
8739
8579
9608
7801
6619
4387
2180
8364
9412
9714
2624
6821
3405
6165
3898
8692
7422
9084
5151
8027
6820
1675
2190
1673
5284
1842
2566
3637
8005
4863
5491
6744
9794
5099
898
6414
5838
3078
1130
1602
2792
3754
4775
6197
6271
8674
4889
3693
7758
6392
1720
931
4420
262
2604
6056
2104
1522
9693
109
2738
1536
3206
2532
2987
4104
5298
8825
7182
6428
6780
6327
6534
1555
8876
2805
229
3766
2850
4340
6510
922
5271
930
1184
4227
6986
3288
2102
3032
9750
4840
4568
2956
3724
7556
7060
5375
2733
594
1803
9513
6921
4690
1069
5798
3847
7650
5916
6698
8342
2426
7620
9965
9709
8805
545
3047
8445
2647
6079
8195
3839
7000
1151
7563
908
4563
2938
3641
5158
1094
9507
8431
2136
6928
4229
5983
930
6497
2681
5625
5276
6654
5590
4985
1811
6135
4384
256
5134
6816
4804
8973
3816
5955
2889
1076
519
2179
1069
2029
3273
576
460
5409
7504
1042
7745
4787
7539
6778
412
2815
3432
6002
4152
1595
8490
8537
8204
9976
1705
3008
8950
1873
8963
8191
2949
5834
370
4018
4215
3644
947
4676
5405
8451
2070
3150
3238
9609
6281
3650
8777
9713
6005
2929
7661
847
7818
5865
823
5875
8873
6125
7748
4188
4316
697
6375
4687
1068
590
4683
2015
1618
6440
6818
3688
5943
57
9650
2224
59
8427
8289
2416
7708
5950
3263
1879
1815
439
7754
7040
6564
5503
1229
881
2552
3956
5568
3620
898
6603
1987
2517
3043
8806
2557
8986
5215
2207
1210
1626
6986
5852
4043
4695
1802
3658
2926
9970
4097
7032
7010
662
8887
4591
7895
1440
8547
3463
1412
9446
6418
3400
8315
9461
8558
872
4800
3773
9432
2362
5399
6418
8214
5794
7465
17
9453
391
6339
9902
7424
3349
564
6311
4293
8459
4103
2840
8274
1868
8638
1044
1620
3305
506
178
4178
1658
3951
9962
4020
5702
6380
2235
1497
198
8604
7302
6941
4943
7204
717
4644
4121
3381
8937
8932
7484
8130
7207
5704
6768
4603
7324
74
5109
7502
604
6767
7805
6918
7140
9860
3298
9375
7709
9848
4331
5011
6790
5626
2215
7507
270
2688
888
5560
1621
4725
3690
5180
429
6810
9783
7754
3236
1245
1608
192
4364
5766
7110
1504
5626
6761
879
3335
6609
1562
4698
9751
7188
3265
7259
3811
5954
4499
9371
7575
9224
3061
9107
6006
6223
8890
112
5812
135
1720
6004
4500
3838
3115
2356
5816
6228
3236
9151
9189
1150
201
8941
8339
3467
6200
2150
5773
7051
7873
3348
6276
7286
8807
8634
3509
7697
8746
9321
4185
6818
1678
5037
657
1145
7393
6473
7373
6981
1977
6562
8132
2178
5503
2823
1997
8055
1325
7770
5107
9198
7470
7735
6484
6277
6369
6345
3975
1467
5667
4512
8285
7345
9549
8942
8490
3294
1768
2215
276
97
8777
4760
2275
4281
7583
625
8688
8908
8395
3795
4458
5866
7882
942
2143
603
7287
2470
2070
9306
3334
356
3003
2883
5650
7845
6178
3770
60
2806
3867
8838
7566
6143
9471
1501
3120
8159
409
1515
8307
1219
7381
2541
2161
5877
3145
5800
4699
5215
1459
8034
5571
4462
917
7574
2308
3447
1344
2368
2605
5212
7558
171
7707
7029
1672
827
1541
8433
2342
6200
6004
6076
8741
4517
8305
8238
318
3004
3454
8129
1038
5377
2591
8308
2951
1251
8107
648
9972
7065
5860
7530
7236
9919
912
5261
746
8805
46
9440
5005
6051
1868
98
568
6525
8337
7238
9530
8143
5367
6920
3520
4311
1580
2824
5562
6040
3472
5534
3105
5684
9417
6693
1955
329
8306
2701
5486
8353
8493
491
756
6714
6941
7676
3239
1630
1267
9121
9773
2986
6042
3294
7297
3974
2470
9212
14
2294
1098
3119
7978
6867
9813
9933
3548
8119
8986
9034
2824
3831
5877
9932
6897
2819
3961
137
4449
1580
9258
4223
4566
1652
3869
8216
1979
6339
3780
1993
8633
4878
1465
2963
8098
7630
9248
1646
2101
4586
681
1278
8417
6558
1210
5315
9377
1523
1804
179
3103
7414
754
7670
5419
4623
2238
7398
7314
6018
9391
2299
7248
7208
5262
5346
4838
862
6993
6940
5448
7674
8218
217
584
5780
1884
6314
7304
40
6493
407
7455
7247
4429
2874
8222
6667
272
5536
2685
6015
4187
9934
3224
5801
5280
4414
6663
8625
1354
2111
2651
9572
8680
3236
1705
565
5902
9009
6957
2395
9416
4412
5994
3846
3638
568
513
262
2456
9551
6278
6643
9485
5854
2444
1117
268
9107
6095
7975
7570
5098
3899
2602
8334
5604
9519
588
4613
6477
2983
382
889
5329
580
4528
5897
7445
4790
8353
6996
7420
4996
2833
9626
3792
303
6247
2899
6398
4222
6821
7848
4473
9424
2535
78
8943
3123
1043
1772
6107
1425
2662
7788
8357
3542
3686
5803
4684
8391
9151
8457
3388
1985
4435
3532
8640
682
6432
1390
1256
9605
9238
5730
5381
1773
2160
677
4897
3203
2449
7356
981
1463
5144
9338
5005
5182
1493
6042
3574
645
851
3314
8982
5286
6846
7622
2321
9630
9012
3577
5588
4602
5659
969
6376
4171
1646
7625
7375
4096
4981
4708
1911
6477
4046
3269
8012
5540
9311
1586
2537
6514
1252
1519
1800
4450
5493
473
433
857
403
6021
5459
6062
6990
8187
6586
4989
5812
3961
5437
7145
8669
7348
3623
9067
617
7987
959
6280
5925
9848
9146
7177
1367
7299
7979
6860
7772
8412
4069
8175
4433
9529
590
7776
7716
7176
9117
3529
7489
906
674
2510
8254
649
1577
5224
8636
8889
7856
4561
8737
7003
8090
6457
4302
6070
9669
8426
834
3739
6602
1620
3268
7192
9396
7336
720
4865
865
8209
5771
7892
719
377
4893
8648
5601
9882
3889
9810
4443
2627
3165
8886
9084
7467
4956
5105
5893
5790
8844
8847
7410
8464
2391
3158
5801
3111
4375
3018
7672
146
910
4743
6876
2156
3392
2477
2038
3633
8639
2833
6260
1804
1719
1696
5623
6675
6802
1517
8818
1998
6716
2580
463
9108
2091
6264
8571
2818
9282
6244
2965
6545
987
9841
8701
731
8670
7091
4365
3662
9924
6977
5466
1644
5026
1090
4671
1828
8959
9841
178
5675
2422
641
4783
865
6905
3355
3683
2540
5951
3000
5437
3290
9193
490
4022
4216
7581
4739
7878
7505
8068
9696
5501
3094
786
173
1274
9745
14
1453
1773
8788
8446
2908
6005
1704
6263
9689
4244
8566
9041
9681
1857
4587
6523
2231
8803
4104
3322
3033
7961
1390
2729
3463
837
3516
3636
8463
9613
2
6268
7738
5143
4715
647
1148
6419
3262
7189
7015
1829
6231
3048
38
818
9571
2269
5973
27
5591
9006
7988
3333
8087
1451
522
1603
1439
8986
7569
7794
1606
5307
2937
6321
2306
4085
9092
5569
1275
2459
3750
3858
5507
3788
1028
5078
6057
7001
5105
8000
2359
9446
7685
446
897
8208
8402
8689
3546
2323
6483
5152
3982
9420
7826
6289
3505
3270
8210
1132
5730
1960
4990
1237
5748
2370
2668
8157
9371
4125
2509
8082
3571
194
8529
821
4754
3283
5862
8300
5606
2345
9805
9588
1765
3983
2229
1622
7253
439
9107
9335
8751
4097
6925
851
6468
5945
9008
2191
6422
1517
274
9994
8064
5155
7167
2818
4790
3029
7471
396
1726
3628
6336
9843
7611
4918
1465
1216
1709
6924
6904
461
7374
3829
1312
3842
9774
6673
2385
6196
4542
9011
2542
2606
518
6061
1777
5308
5442
5600
2056
7168
9228
4745
7011
6839
9663
4829
4407
7724
1753
1311
8185
9127
1492
5850
9321
7618
2523
8059
3815
3417
3422
2709
2376
3941
5123
4153
5601
565
9753
7658
4086
5333
8755
1097
8524
4770
2278
2931
2494
384
595
7032
5863
2087
2882
5185
9706
1757
9596
9873
5174
3018
8934
7550
6959
4057
8055
8913
4623
4160
6571
5061
9493
1678
6158
8017
6448
4789
949
5294
5173
7896
2326
1036
9983
1560
2573
6041
3317
2169
2266
4844
5188
1201
8746
8499
5258
3154
7412
6233
7314
335
1294
3160
2013
3805
1177
4813
4946
8478
108
6471
6374
2434
3859
2710
347
6433
5103
3664
4954
7370
4860
6494
4923
9959
4994
181
3113
8758
2767
6779
9094
413
9939
7459
570
7469
8625
1868
5947
8733
8339
8674
7519
2199
7736
7866
8632
2839
7883
9938
209
9095
6433
1484
9054
1427
1666
8519
185
785
5299
5631
7550
1590
9443
4473
9059
8068
6341
5007
3153
4681
33
7024
6880
7769
1243
1864
608
9126
1802
7170
4573
8235
8654
3628
6014
6672
8499
2552
3809
150
4535
1360
1741
3978
5833
7152
8398
8526
8511
7903
3207
8544
4928
6439
6313
6171
8303
3274
1649
6458
6796
6222
1045
5450
6202
7060
8475
4702
5964
2284
1204
499
9996
9297
830
2181
6450
5580
708
4961
3484
3915
3506
8412
6707
6171
935
1362
5797
2584
7820
2593
5158
5218
8044
1361
8630
2871
2415
4594
1507
9971
1445
1504
9269
8627
3685
5719
4208
745
680
7692
1013
538
6104
7720
3062
3391
9082
8859
5975
3255
1453
1133
8473
5849
8846
7103
5072
7613
8049
6579
7585
9494
8083
6854
8122
8121
2573
2330
8866
9605
6374
9879
6496
8830
3951
9558
2221
3034
4769
4548
6289
6222
2033
1114
8423
880
4569
3495
4845
2618
75
2430
8464
4510
5636
2938
2631
8209
1620
7850
4167
7994
4081
663
6824
8033
6573
5397
1067
1342
9945
3708
3917
1979
1174
8692
9211
5743
2188
4056
4713
8615
6487
3177
9477
8475
6116
2109
6685
7736
6311
7204
2083
392
4219
5259
8425
792
657
5844
2134
602
9552
2403
2581
7078
1096
1792
2821
9636
2201
7534
4603
5040
712
4080
3515
3180
2541
200
7268
8852
3756
9351
9245
7975
963
4022
8767
1620
9867
7254
2222
5771
6009
1156
2850
7105
9300
2023
3093
1501
9558
7696
6541
6622
1777
6409
6154
670
6609
3422
9523
6718
9126
5120
4693
89
9142
9813
8061
5361
3419
6635
7485
9428
7791
335
2886
3444
2358
5979
1297
8268
3676
4191
1242
1805
600
7396
2475
3561
7171
1998
279
2649
3470
1325
9090
8965
1138
7151
4326
4557
3786
8163
337
7930
8498
3223
1374
7209
9203
9023
1829
9231
3214
3072
1036
3814
6820
3511
7376
343
1862
4007
2992
5332
5332
8434
649
2822
5585
1328
7379
5724
9491
4069
6
4342
7292
7732
1551
6495
6755
9732
5726
9970
9156
3114
136
5977
6626
7512
6320
4840
1520
5665
172
3204
451
7174
6027
6037
8502
9758
8113
7993
3827
8119
2335
1120
5851
238
3967
2606
9971
6046
8928
9127
9160
9065
1456
2138
2929
4129
6978
4449
9794
3503
4006
245
677
33
2634
9179
9791
7099
3524
3619
1570
5860
1091
7421
2450
5058
6380
2421
7456
5308
7901
6617
725
9357
8755
3655
3486
2086
4456
9632
5589
8462
6230
6266
8495
5216
1797
4639
2316
5321
4610
3886
7533
5701
7660
6336
7111
4040
8757
4568
5700
3010
7537
6426
2368
6292
81
2206
8378
4537
1839
319
9352
4421
6585
4199
9637
4734
8838
1953
56
3448
2192
3941
5501
9852
277
2613
3892
5387
7181
5944
8397
4718
2370
7117
7362
8803
5676
2093
9693
3867
2412
9045
8288
5350
9596
7925
84
8435
6231
6492
8235
8423
434
3737
4627
7063
6350
8519
2450
9883
815
7200
953
3186
669
8315
8341
6345
6760
8034
212
5525
3431
4852
875
3028
9130
959
7815
5361
7452
6050
136
4238
6139
4763
1301
8841
9634
104
8724
449
7304
6029
9987
4325
697
8329
671
7457
2715
7235
2982
2499
8440
3857
1879
7570
1169
9694
9283
4973
2096
5771
9211
4588
534
6864
3429
6520
3320
8506
3321
624
4535
3309
4950
5232
7990
1973
2690
7057
5560
2024
9556
4000
2234
1435
1570
3403
7481
853
4728
5930
2976
291
518
9862
7155
3947
6382
476
8805
6056
7452
3341
5717
8754
4925
3707
7079
3967
764
2640
5992
6673
6640
8226
4460
4563
7981
1942
1768
2709
7872
4745
9352
4742
4607
6507
8689
7342
3335
3847
3398
7140
7188
9115
2246
2113
9174
9326
6081
6290
8318
8425
2963
1310
3003
7424
2225
984
5718
3994
45
9942
5091
9397
4684
6050
2256
9725
3392
1944
3572
3142
5436
760
8609
7682
9226
4135
3360
1659
426
1678
84
9741
9341
3087
3517
1566
423
9235
5560
468
9177
7003
6217
3861
3054
8473
3587
2798
6769
3511
5941
2205
624
902
6240
9850
5038
9600
7861
1816
7631
4297
1557
6972
3736
5075
4890
4159
662
6803
979
6192
3806
3548
53
6860
8373
9992
9659
5143
3504
1952
3700
4128
2854
9940
330
4244
9541
4543
6060
3524
8840
3970
6848
2576
5397
1738
3087
6059
8541
418
2251
8700
3966
8657
1912
2339
5001
7923
3834
4857
9875
7535
8985
9082
7475
5667
3326
3368
210
5739
6892
5402
9709
3740
4330
5106
1831
7417
7517
372
4187
9769
5424
4505
4778
7337
3197
9779
5260
7031
4637
5136
918
9974
570
4746
1994
248
8114
8556
5987
1359
3959
2048
1451
8289
3506
3282
2059
1024
7
6246
7145
5431
752
1923
2768
3949
8054
8029
7332
9043
9517
8251
5370
87
2997
7364
6687
7463
5920
9027
5174
9879
1075
6626
4521
4582
9908
6580
5606
6267
9178
9103
1699
6282
1026
819
6583
5432
8848
3916
4476
4717
8519
9846
1156
7868
3562
7844
1683
9482
6871
6858
5714
4298
3484
235
8880
9744
6815
838
6012
2345
9941
4063
8628
7319
4882
5211
9104
83
5479
3580
1152
3998
9778
2309
8218
3340
153
9902
9174
3376
6760
4888
7674
6596
5123
2907
2692
8290
3745
5056
636
39
9119
5616
3710
354
827
2814
6789
2659
2746
7941
6657
8876
6602
1228
2216
3107
1130
7743
6483
4242
2631
510
838
4107
3417
9882
8749
7162
4939
5737
3553
410
1353
7264
7116
8533
6430
3905
1192
9177
8199
4201
8053
4801
5429
6622
7909
6559
4365
744
801
3348
1254
7991
7455
4671
4226
2557
8186
9165
8294
8091
5927
9648
5355
3044
8181
8138
3301
5725
7315
1500
9926
1720
2654
5356
4694
563
8267
9059
7659
5421
2408
8914
3412
6215
9937
3990
5124
4475
3155
3419
2567
9083
9419
4274
2127
3952
2412
5428
9677
6079
3281
9603
7800
5935
1311
2494
2850
9579
7906
6861
5000
6666
5775
4764
9233
2065
8755
4358
6540
1910
7777
9107
7345
3548
9734
5824
7500
2146
7605
7177
8226
7238
3132
2378
3173
4444
1224
2375
4023
5482
9236
9023
2148
1364
3787
1382
3429
8894
2092
6321
7157
6221
1781
4502
9769
1515
6679
7269
3661
4284
4446
8239
1522
3930
6969
1047
8374
8194
3422
8749
3676
9010
4124
2177
374
7912
9911
155
3158
2003
6477
315
8224
8258
4818
7993
6125
7849
1614
6138
2133
2412
730
7
6342
7699
7406
1069
2245
7180
9818
2274
6190
3943
4451
6565
8207
714
3072
1365
2717
9549
1681
7293
4159
2851
1638
6636
700
3252
2775
9185
5664
3505
5544
8358
1204
2950
9427
9802
6482
9246
2076
2672
3189
2879
5589
7748
3593
8662
9113
2662
8211
7146
6307
8723
9997
7945
5359
7049
7549
8134
2586
9565
7991
8130
7923
5548
7432
7351
5350
3914
2949
7426
2939
6138
6657
8528
3886
250
7190
9351
9264
1754
6498
5571
6829
2847
9868
2188
6249
3769
6675
8835
3334
4666
3318
1257
214
7102
4960
1916
7369
7909
9342
308
399
2351
8836
637
2601
2379
9989
8217
4133
2839
140
962
2038
8
9502
8287
3777
6177
7123
3463
7196
6793
4721
3762
3895
6033
5679
1264
3943
1373
1572
4342
3725
6761
4980
2678
5492
1321
896
5977
512
7388
3291
2550
3749
2793
838
3878
5323
4313
7342
8871
1106
8415
2633
5001
4448
4664
2618
8391
2390
542
9086
6115
7303
418
8793
9147
1739
6041
5124
8603
3430
8415
1153
3531
1209
1991
7409
2884
6304
4751
1755
7410
3166
740
8764
7615
5405
1382
2358
7795
1924
7796
262
5580
8214
5407
4727
6305
7801
6204
4908
7583
4619
6062
1114
2180
4405
8523
5064
710
3275
6819
4472
2793
3912
9588
408
5669
970
9119
3464
9247
6915
78
1179
1482
5485
2258
7787
3286
8462
2696
7221
3082
5110
8335
5262
9515
6859
327
6577
6486
3498
1050
9279
7410
638
6040
3079
7961
5159
2895
3560
8426
9325
4739
9908
1163
6997
4048
801
5460
3096
8023
4894
8206
6358
156
4073
9569
6835
651
6055
6686
8053
1687
448
5043
7727
9880
3004
9238
9127
6564
4016
8453
7655
3925
9616
4653
4325
417
6465
7421
8440
1359
1979
1151
7867
2404
7072
4703
3055
3128
7741
7460
4815
8189
2504
8894
8069
1860
8132
7197
4777
2148
2002
2432
2425
1618
3437
6750
8387
9902
523
3180
7613
2502
4331
5481
4907
1403
6536
4314
883
4277
8127
2050
2466
6983
944
6888
8843
5428
437
9972
7577
2439
8757
2
409
2194
3105
8796
2097
3628
1976
9710
2483
2659
1543
3742
415
8079
4408
1298
2356
2535
9701
1175
9518
645
4415
4714
6074
4852
1038
3
3643
9795
6357
4052
1990
9462
2848
439
9443
4825
6501
8278
3836
8045
2020
4251
2476
2780
1902
1185
5316
1603
8712
1186
8600
3127
2252
1026
4331
3291
1029
7974
3086
7387
2026
5076
3201
1226
1867
2644
2403
8369
7274
6240
6414
9294
491
5242
2075
8745
6427
3743
348
5139
1281
5301
8266
3534
6327
8949
3177
7357
6923
6263
1096
5301
7692
4297
6528
9559
3294
8931
4280
568
1523
7046
6215
2015
2289
4642
7112
8716
8385
7461
3856
6018
2762
8474
5904
5441
7424
9081
2798
4347
1697
3894
6001
9389
4544
2529
5300
7838
7812
5933
4758
9336
2979
973
7703
5268
5615
4815
3985
352
8628
4193
6371
7742
2667
2275
3184
91
7709
2334
791
9406
6229
6792
5147
773
5673
6799
4963
3485
2732
9721
9173
5712
695
6876
7332
2662
8044
1317
3015
6672
1862
5738
767
4530
8013
303
973
2074
2637
1764
1480
8866
4908
2979
5991
581
9779
7306
419
2511
7028
9592
4575
4075
2821
1908
6737
865
9577
6104
3889
1440
1842
4656
5970
6208
1311
6943
8282
3949
5060
9763
9167
9968
2742
1511
6902
8873
8817
3673
7737
2197
3265
2312
2624
2438
572
9362
9655
150
1818
3545
1590
3661
4553
3912
9869
5865
7207
4503
9814
2267
4266
8981
8588
3361
6844
1842
8586
5662
5515
6323
7859
5132
8636
484
7571
5560
6198
7226
5710
4368
7123
7300
4381
1677
1212
602
3894
4772
5106
60
7039
5724
5393
1979
5437
2238
3821
4024
7900
5688
347
2111
821
5335
8947
4744
896
1497
1970
6606
5866
5446
259
247
7123
7823
850
7369
2595
2308
7429
5987
8032
2822
7966
3470
1412
8140
7494
5664
3828
7841
7776
4649
9529
3075
9393
6777
4573
7716
3383
6791
3162
9994
3390
6637
4170
4240
4006
6765
6548
7787
9104
933
6961
7071
4403
8374
1563
1897
4038
5391
6090
8166
6393
1971
1242
5786
8748
2167
9854
8484
8958
3016
8478
2348
6005
2648
2941
6363
5766
5841
4150
4870
6774
7464
8293
7529
2190
9856
9426
6228
5248
1869
747
1641
3840
8341
3779
8941
508
3634
7425
5818
3002
2255
4518
9008
1256
3811
1723
7022
9653
2226
1892
2779
9690
6538
309
1880
6394
6087
4460
1642
4308
5207
9635
4501
3548
9767
3442
408
3401
7219
6226
2755
9474
7097
8115
7082
908
9839
4104
6913
2065
2349
9693
8107
8887
6354
9987
5281
8793
799
3276
9454
2359
9263
307
2259
9030
101
2668
8783
7320
5246
7891
3146
2343
6006
229
3252
2197
685
165
4262
3034
6210
8721
8273
8916
8708
9907
4062
5860
9535
3516
8219
8798
3823
478
4181
3924
9498
2964
7596
4745
855
7094
3440
3214
7323
6692
5411
8009
3210
6026
7395
5772
4747
5669
1041
9808
5576
5103
2020
5111
4971
239
261
5146
717
4442
5422
216
3759
9370
1313
966
6464
4753
532
3788
7798
5944
8149
7360
8322
5544
9484
9421
7565
525
5581
3141
1980
7601
4604
3303
7840
1218
8449
4910
5660
223
1478
5771
9593
9143
3090
6058
3896
3622
6198
8046
5918
699
5406
4240
2595
4891
14
161
1768
5595
9654
101
9549
611
3404
7389
1829
8206
8651
3841
8429
6481
5965
4375
5624
9055
6785
9521
9029
9335
7567
4948
34
9326
5540
2629
569
1906
9142
8689
7502
5149
8790
7051
5760
2195
792
7589
6753
5796
7782
1534
2277
3747
5909
7902
9154
2694
3775
8184
8381
7694
9484
8415
3372
5024
7397
3941
6931
6539
2631
785
1688
7773
4188
3800
6320
1332
1389
3073
7128
5524
4608
9406
9271
6869
3660
8426
5916
3787
6610
4297
7833
6094
2713
1206
7470
6462
5147
753
9353
4130
7890
1042
1904
2078
1194
8224
3411
8936
7650
6891
4460
2258
6297
3731
5479
6309
8509
1395
6448
1471
5693
4282
3917
4758
5488
7740
1220
6987
8493
573
7470
6384
7967
5726
4814
9162
3950
4577
8098
7952
1469
8910
6562
4118
2641
2042
428
7503
3437
3228
8974
5482
7510
2892
240
2998
632
1460
6338
5477
8386
3808
8213
2705
9534
3028
8219
9836
7605
2669
7789
9074
1579
4351
3193
4221
2745
9973
1724
6183
9553
7050
1665
7064
9942
8258
6414
6926
6070
2752
2404
4456
2912
617
3514
8798
9997
1733
8635
7603
4403
2776
3029
5982
3479
2574
6555
6225
8899
4631
8760
8453
1682
6777
5517
1624
5035
8283
4903
1106
7388
7307
1914
300
4276
1780
9099
4274
3514
4086
8229
7917
6862
1258
251
341
185
6807
2918
9084
1438
1678
3889
9472
4808
5758
7449
9843
4042
2352
7301
1430
6011
5568
8082
287
7348
3533
913
862
7619
9142
5131
4481
6753
1735
1175
3290
4894
445
8726
6332
8476
2616
5805
3284
8374
9606
3127
8768
1958
6781
6550
7969
2349
4633
4608
6049
4518
5522
3264
2138
4664
8395
2971
7769
6482
4146
1059
1376
4592
9786
4061
3068
8754
6218
2704
7128
5824
2183
2249
7782
8964
5151
2103
7665
6136
6711
3715
655
2233
6979
2793
3250
1726
5764
1019
4561
6263
2079
5937
855
8217
9998
275
6971
2568
2979
451
8392
5162
9052
2526
479
4204
4629
8144
340
1341
8211
995
9926
1542
3788
3176
9621
5905
4196
4182
2168
2627
119
9375
7196
6470
9650
4167
5390
8981
970
135
495
23
2661
974
4227
3643
5471
919
4984
34
1915
1262
1577
2055
4439
1198
7960
4987
1732
128
7614
8203
9503
1162
1025
5505
5329
6416
4486
2651
6551
1334
2674
5564
2308
3253
9207
4131
4173
543
4166
2440
1806
2095
4495
6245
9645
8808
1232
1377
5288
5198
9580
4792
2712
606
6649
8041
3374
7488
7044
9925
8822
6071
5489
7482
9324
1049
1614
9849
1592
2132
2289
9750
4227
3137
2347
3872
1945
9931
1601
7233
1481
1181
8377
4193
8139
1379
8586
1513
8867
5631
7790
4041
1702
9632
1523
7378
681
9489
7228
8625
1621
9517
8376
2200
9006
723
6072
951
7007
7673
4537
8488
5207
9266
2682
3346
645
1268
4860
5864
6899
2650
9905
4953
2282
1429
2332
9315
918
9560
7941
8892
5429
2669
1092
4436
9744
7165
1739
6751
1190
2628
5240
6397
1895
7922
6096
2540
5542
956
8405
2442
9958
8310
7395
8593
6091
9727
7908
7010
5639
2201
5902
1069
4870
6994
1857
4615
511
9948
7718
8054
2577
2958
4451
4472
7232
6899
3364
2775
4207
1769
1569
4166
6432
5316
9111
8875
1396
3371
5885
3387
5573
8139
4456
6795
1486
2665
7762
8349
2614
5481
6403
5191
4791
7207
6015
8376
4106
9379
7503
4666
7501
5424
8832
3933
740
4295
2808
8488
7666
5046
1876
9591
9537
2684
2739
7375
5350
501
2077
4316
2334
8480
5859
3478
2039
1874
1854
2498
1253
5709
7164
8754
1133
2348
9039
1873
6643
8200
6714
661
3246
8590
6605
9135
1274
9344
2863
2976
9845
4940
7292
8532
3420
9503
2010
1812
1377
3864
4310
2631
9573
7826
1385
7058
174
6777
5283
3169
4977
1997
182
8223
587
6787
3710
8214
2483
6573
7542
8681
1513
1187
7213
1286
690
9223
3098
2068
9439
3760
4699
5364
1586
2436
2422
8112
9213
7705
7633
4190
6055
7815
8765
6642
955
8828
1208
3438
5401
8751
2119
3267
9938
9332
4553
628
4907
4003
2696
4346
4115
3747
6062
2053
2536
8484
165
1749
2542
4150
2292
8597
1965
7409
1591
9272
2589
2800
2711
4343
7903
1182
7610
7841
6867
8515
4821
1774
8870
7518
2473
2985
7617
8535
5038
153
3372
1555
8255
5914
5705
6899
863
4022
660
2454
9647
3250
1606
2358
7593
9509
9892
1555
3702
6759
70
8524
4886
5292
2394
7359
8277
6363
2246
3315
6517
5618
1222
1124
7884
3279
4375
8747
7301
5035
1202
3300
4637
9160
5658
8582
5022
1903
137
8724
5014
6559
3600
9900
1851
2346
7259
6480
8710
9506
6147
5227
1476
7369
2703
9361
648
7078
8108
4302
8465
5662
7602
3103
1175
9613
1685
6197
7868
8175
4921
2882
1086
4874
2783
9290
7220
6394
5770
5930
2252
1918
7509
3729
5639
212
3090
2640
3642
7550
3294
2108
9565
7248
1563
740
6861
3248
6937
1081
7775
8210
3964
5214
3084
6747
4504
305
9493
6626
2587
1746
4896
97
1827
536
6661
1269
3176
304
8819
2822
8764
8384
70
327
5476
6932
9927
2413
4365
7703
6976
8329
9269
60
1428
3773
6717
922
6751
9305
2668
1648
5754
847
2184
2415
2116
1712
9071
935
4534
7835
5672
4604
8162
1148
7888
4442
9914
2254
8497
6890
6935
7766
3302
8364
7891
20
9286
4642
5677
8306
6290
1431
9153
8474
198
1269
6538
9270
8556
1072
3457
580
2029
7972
8081
6269
2414
7995
4875
911
1237
1811
8677
891
175
6568
911
9461
1210
2940
4119
3853
723
9624
2327
922
7245
5218
6544
5801
2642
1
2734
4671
4325
815
7293
6739
5162
2168
4002
2751
3979
2679
3642
4154
5599
906
9967
3162
198
438
7015
922
62
5694
8196
7307
912
4740
9461
9907
1093
2195
930
5419
9362
8223
8510
876
6744
2513
9979
723
1544
3621
1230
3496
879
7549
6658
1078
7988
25
8352
4402
2071
6548
1710
9336
1288
7523
9243
8733
9718
173
504
5432
4749
9015
2660
1493
1528
2639
8568
3072
2612
9798
6568
3492
3700
9578
922
8040
5955
9274
2442
8027
5822
504
3715
3462
8027
2958
8547
4097
9483
9052
9529
4232
8067
8541
2077
9595
1180
646
9019
145
6796
1940
9989
496
1518
911
4888
3826
6537
7331
1853
8711
7835
5568
8525
2215
4878
7072
6312
4361
6124
5842
4946
543
4383
7023
6490
1916
4021
5510
2061
818
3802
2050
7666
1672
9313
8907
5498
5850
2590
3703
913
6777
5623
9438
8992
501
6510
5305
1215
8987
7499
2513
9530
8234
5888
6021
150
9910
7883
8563
7080
1685
6965
1098
9709
2630
5
5208
8480
2595
8911
5745
9373
4535
5183
4717
1388
1694
22
2603
681
3873
5116
6563
2108
1005
8936
8610
7267
6819
3526
4347
4856
491
1797
4566
3122
8155
6126
7954
7102
1389
3700
2827
2276
8883
7545
3665
6929
7567
6268
3962
7793
7737
526
9901
5094
9462
8511
2361
2634
2037
3060
3842
8881
4857
4760
8355
9364
886
6309
6467
8628
6361
9294
904
1597
6839
4569
8526
759
7190
2489
8552
1279
9367
8453
6373
8829
3316
8734
7815
1706
8146
1658
587
9355
6418
8942
8720
3657
1603
5187
2285
4317
4481
3189
5914
7673
7759
792
8432
1301
3281
6984
2580
9000
1789
8953
7830
1457
4039
1997
3163
2185
3655
102
7892
74
5396
6612
3731
7000
8151
6016
7669
8985
5557
3583
6658
3316
4375
5090
4617
4009
8426
3549
3009
6567
2502
7191
8024
6541
9189
1188
5078
9196
7642
9323
9270
3039
2287
9353
39
439
1721
7708
9424
7279
7643
2434
6947
8370
3876
1565
2379
2302
5114
1741
5221
3969
5284
3245
6862
825
785
8293
22
8428
7616
5644
1467
9903
4998
7858
6694
3071
1918
2470
350
9561
4904
7298
4283
8780
5215
3015
7434
6681
4756
2655
650
6392
2253
7513
7218
9390
2158
3592
7818
9774
9236
5637
6029
586
3495
2724
3658
1765
5194
4008
7678
99
7658
1962
5231
2873
4977
9018
9555
6085
1673
205
2477
278
4070
6047
9669
2580
9639
3839
8706
5228
9477
4736
5814
9324
3812
5824
1090
9006
6185
8768
5457
3843
730
7041
6717
2059
6059
6272
8144
4084
2829
6974
4363
3252
3021
384
2184
9013
4223
891
4241
3700
5627
6407
3025
9439
8584
4115
4797
4769
9235
255
8612
6318
7296
1681
8377
3355
4305
2874
7439
3487
9848
8154
6739
2869
8538
5275
1882
2762
6166
2475
6462
1793
8883
5839
7584
7467
6306
2382
8588
5542
8989
7200
8212
2637
8882
6589
2344
9539
9463
9783
3026
5663
4290
6117
8533
2828
1393
6767
5590
7559
9243
8405
5705
4478
596
3289
8297
6903
2023
6885
2445
1012
437
657
3649
5671
3598
5993
5211
9414
2129
8237
5077
6419
4355
9962
5599
5748
6730
7542
3307
5973
2299
9012
451
2895
8654
5100
9798
677
1985
8595
8042
2422
5604
8043
8094
5555
389
9657
4969
2518
7894
6398
5289
2249
6361
7240
4349
3091
4782
4009
5416
3433
3021
2219
6329
8027
7319
2479
8705
9304
1075
3099
8078
3031
1142
2524
8586
1531
2181
9907
4049
76
6306
5690
8677
2667
9283
3027
5758
4065
7036
1174
3851
6409
3393
180
4437
712
2659
9494
6368
86
2593
4446
3118
3735
6971
8056
1619
9152
7964
2020
5580
4270
7711
4258
3289
6994
3637
5399
7411
7025
6573
1262
9786
6318
7794
4223
3382
6806
69
6102
6892
9014
548
6362
9102
3871
771
721
9376
8735
2741
1308
9357
6804
5566
2646
150
5555
8045
7562
8932
970
5176
8719
3640
9323
9294
3374
6129
9364
9476
9373
4730
6376
2088
3832
6600
2859
905
5976
7946
3647
7284
7303
451
9203
6301
602
1110
698
4516
43
8020
6044
8762
1660
5367
8056
1386
7848
3772
862
7222
8503
7238
9310
8687
3838
2169
9593
6166
115
3240
9803
3770
43
5358
6423
6997
2820
7121
7865
2863
1493
3910
7977
9505
5629
2386
891
3478
6158
1753
700
1013
5343
6362
6053
5534
8531
5646
8052
4998
5238
7855
8768
1633
9565
1543
8631
2386
8664
2848
1601
6509
6758
9579
6014
8740
1965
6905
2218
4475
5010
9270
1841
353
5632
7894
2239
4163
9892
292
5513
1482
4499
633
9467
4065
2176
4450
2803
840
7299
4404
3701
409
335
9715
9149
8652
2972
1367
3128
7982
6989
1321
4687
2621
5567
3279
3136
1811
3571
8649
3293
8070
9282
2760
8487
1458
7211
7642
8650
862
2047
8703
1271
8734
8418
421
7387
7742
8140
6867
5724
5130
8188
6764
7751
107
43
7240
1918
9966
2241
1563
4388
7876
675
9228
5686
4238
6870
689
5100
5269
9392
6372
4004
7811
6793
7743
1905
4933
4610
7630
63
9150
746
4167
9257
7141
7759
7527
7107
0
9090
7847
7876
9765
7075
3563
4004
3946
4252
5456
5567
9996
1828
9571
7807
8621
7314
6065
3555
8276
3695
9970
3778
793
489
3035
7934
8248
6914
1393
8249
2356
9240
2477
8474
2668
2392
8830
6614
6644
4286
8533
6641
6115
8105
800
4736
1771
6865
4643
6400
6912
966
178
4057
1455
9566
8343
6056
6480
9736
4305
8837
5329
3134
7311
7997
5527
2493
963
8523
6779
9496
5164
2894
3953
2317
3983
2077
5534
4978
8477
8799
5944
8655
9208
3752
8221
7552
9808
1054
3640
465
6243
8969
3599
9906
3318
9126
2399
633
7650
9178
6482
9166
8425
435
7835
2408
2512
9722
7386
7341
8521
9683
5997
7729
3435
570
1633
9595
1624
5274
60
7867
595
11
7773
266
9138
6524
899
3140
5703
7381
2306
4128
7817
142
2888
6681
6216
6626
375
4737
6309
6372
8818
6096
3294
6804
5691
1271
2078
2103
5490
2673
2115
9616
2939
1253
6140
191
4393
8195
7572
3051
2323
1741
9545
1563
4775
5761
8190
5150
6850
4499
7874
2021
6948
7520
8825
2639
8791
903
1095
4282
9928
3210
250
9220
815
6390
9411
1560
4586
3335
4611
3261
1429
4157
4825
6204
6270
3015
7706
3121
3866
1932
5142
7166
9452
3967
9806
8244
1222
7253
8878
7502
463
9128
6722
1278
1870
2485
2838
6456
2173
3801
6070
3602
4310
895
6158
581
262
216
3702
480
2148
5196
7647
1600
5515
3805
6196
3089
1058
5074
591
7873
554
3666
9151
2425
2503
8341
5233
4676
8494
1303
4630
2805
8550
7140
3386
8812
7356
3440
5645
9504
8636
3292
1105
503
3449
7301
3592
859
8728
4183
8732
9282
4201
4235
8059
6705
8928
3293
7733
7422
4596
2364
227
3147
5856
9965
8311
3213
3405
308
2717
8393
9952
174
8896
3401
7476
8840
612
6204
9376
9344
1838
3577
9931
9898
282
8859
9543
8016
6282
4139
6732
2861
3638
2588
2827
8302
2153
6232
8610
4871
978
8563
5045
6226
8316
8873
5067
8929
1429
4443
4625
3268
8020
4557
9518
4655
3416
9061
9023
6050
9552
5755
8912
9543
4695
1739
7845
6849
4323
2807
8072
5301
7722
3117
7880
6039
8343
9299
1320
9772
3742
5945
9392
8114
502
5262
9121
3919
4323
8144
6321
228
251
5233
9771
4947
6972
3968
8148
7648
6775
6220
9301
850
5689
7181
3241
4032
6480
4561
157
6574
506
5901
4689
7361
1164
162
7632
1839
8307
3953
2067
8558
9187
1838
9857
2511
5806
8005
159
8934
577
5813
6136
6267
2994
9377
6651
5827
3938
3160
2401
796
9062
3442
8157
6578
3605
5789
8417
8264
6095
485
6822
5282
8675
6680
4145
834
1037
4305
6120
1615
6470
2256
4234
9464
1633
7237
1643
5571
398
4045
6367
5812
3839
877
2390
3796
3018
7159
2060
9113
3996
8883
747
2672
1915
4893
3506
9304
5550
9626
7271
2020
1882
1505
7836
3515
5095
9480
5438
5493
9877
8157
7657
3716
5386
6399
7513
8405
3558
9573
7518
7555
4808
4618
227
3075
9511
85
8732
1413
6063
6003
3433
7945
3861
7621
7812
8956
7101
3250
4449
6978
7759
8458
695
3146
4857
4560
1551
4767
485
5421
2322
1646
6391
8901
4721
5902
5338
3453
3667
1401
5809
3452
5698
9670
1074
3510
8626
8175
3112
9427
1506
872
7885
8553
370
9094
3113
1921
3861
9950
3694
2536
1596
86
7789
2670
2340
3128
2475
6008
4529
8284
9460
6580
7954
534
90
2932
5062
3203
2359
6568
427
6596
1473
797
2042
4586
9070
5904
888
9116
4792
2485
9202
2581
5155
7895
2061
7630
3903
2943
2267
9715
9523
221
6602
9613
3154
8016
9168
1865
936
9595
4814
2409
6744
6856
3347
5814
2760
4235
1283
3904
6720
485
6486
8227
4732
8547
2210
4987
1490
4477
4703
1013
1050
7657
6979
4204
5673
6147
2422
6609
2095
7236
9018
5191
4092
2365
7358
3205
6600
8641
7109
9673
9126
9947
4252
211
8495
6462
5198
6337
939
6253
3703
8342
3910
682
8898
9583
3181
1320
2544
1628
4908
7914
6820
9001
279
4178
8558
3232
2819
2019
9257
8297
1967
3509
8508
6814
9972
3707
9503
7263
6312
3206
5605
223
240
4504
6158
9774
2176
8703
7754
7085
6617
4574
2438
3249
8752
7348
6481
7923
9367
2090
2573
7686
5599
1081
852
1923
1140
356
5539
7453
9914
7496
4028
6507
8352
186
6281
529
8889
4035
3966
1859
4962
6404
5108
66
104
7941
7990
9471
31
563
3510
1982
7996
4362
3906
5489
1070
9445
9294
985
6941
3322
7492
5294
3508
125
2175
8750
512
6141
6961
1826
8897
2069
1893
9001
6362
6235
4824
2745
3150
8334
4727
7498
9049
4985
2987
119
4430
2281
1104
7724
1955
4948
9370
1816
1425
1545
566
8290
4038
7527
116
2935
5948
2009
8288
8662
4596
3112
1407
7746
7799
6134
5245
6848
1120
8232
3319
1902
6866
4424
5978
5173
5724
5348
6989
7150
3245
3907
5440
3635
7786
5556
2922
86
3918
1210
8748
8514
675
155
2613
4826
2642
7858
8026
114
2442
1345
2016
5660
2121
7995
834
7846
9695
4175
1348
9293
8083
3140
9280
5869
5048
2203
5956
8966
9765
1056
3833
6792
1212
6446
1618
3854
656
9644
3968
3098
7342
2336
5111
9463
6683
5945
3661
2731
120
1361
8376
4555
4501
7656
6777
9550
9859
9085
4868
5977
141
5053
2769
1353
1499
4388
1559
8507
384
1879
1606
4078
568
6717
9894
7251
9014
3555
9982
5486
1269
8358
42
5770
2367
6819
1672
2226
2256
2893
8203
2397
7946
7325
3751
5798
1713
1662
4305
8449
9894
2263
2528
462
5332
2422
7713
4346
2329
4048
6185
3598
8758
2579
5721
1125
5750
3745
9704
8006
6638
7907
403
937
5232
506
3087
3297
2169
7392
8099
2063
6008
6979
8877
1340
5753
6590
2039
8082
6990
8224
8033
5749
7155
106
3226
2905
3851
2930
911
6842
7190
1314
7779
8774
1821
866
2072
342
4610
6523
8757
6970
3502
7634
4663
9255
576
6702
3689
3919
1278
1722
9668
8433
1828
2894
7690
2032
2177
8601
8874
9367
6267
3005
8141
4440
223
6565
1134
1185
3088
9891
8156
2942
3877
2819
8549
806
5873
2239
4725
7151
313
745
1936
8494
9991
9626
526
2168
4579
5752
1535
846
8757
6029
5287
8980
2594
6421
6517
2035
2665
4673
1329
2894
3844
9879
3700
9717
2118
8425
3220
2431
9170
1508
925
5514
1134
7803
7682
5713
3555
5570
2912
8664
1599
4551
3996
545
7324
514
2580
9989
1539
262
9236
5384
141
2936
1453
2259
7714
4674
1042
3236
6182
8320
8750
3669
6123
2785
5734
6031
8355
8646
4695
9954
9549
8692
6851
6874
9206
5784
3215
745
6046
2451
2481
6187
1740
3935
4798
9454
8609
5840
9042
1143
512
7793
1164
6636
578
6899
2667
5285
1897
3714
5239
1447
2406
8442
4673
1612
4226
4240
8710
272
6692
1191
6459
4784
5126
1257
4238
87
3450
9632
7583
3962
7425
8747
6950
4355
1998
5969
9640
3896
9684
1231
1695
2090
9674
2720
3703
3900
6960
8765
4173
4
9956
6984
4788
5083
4594
5378
1522
8044
5011
9105
2006
8788
4205
5309
3144
6203
1278
9136
6451
962
6720
4498
3053
6394
3570
3108
6646
531
1873
7171
535
1829
4156
1676
3264
5102
7054
1139
3146
2065
6596
1504
7206
801
6813
6702
3357
8092
5838
6160
9054
2558
659
8459
5304
581
1567
1951
1112
9792
5474
8000
1622
5982
9676
1238
1084
3082
8729
582
5148
5326
2087
8706
2479
5252
5408
5836
9696
1246
8349
8751
157
5360
3562
5461
5941
1482
3764
7054
1274
5591
1406
9248
1573
7434
487
9010
516
9216
9592
2016
894
8031
722
3374
3284
6130
5562
2980
7377
3911
8083
3886
9271
1646
5699
5213
9480
9464
8619
754
1407
6377
3
2980
3811
6842
8342
4327
2410
7935
6344
3305
5966
7066
3031
5602
3197
8593
4935
6926
8857
3018
812
8128
1016
6511
9693
496
2327
4664
7603
3734
1041
3958
3067
4852
7152
7761
9180
9562
5696
1876
9219
8015
8942
8602
9969
8491
7196
4904
1769
6053
4275
2581
533
5291
5445
6579
2140
4124
1243
6095
4211
2285
53
7278
3489
7205
1391
9021
3119
7088
897
2339
1455
6192
7293
1424
1035
4489
2681
2805
6894
6956
1738
3780
8599
7183
359
7091
7660
1602
3186
1871
239
9591
5501
3729
6796
6892
2750
9916
332
0
8607
1787
2544
2252
9564
3579
6742
2245
6384
9988
5553
4475
3768
4152
8010
4127
1244
5670
2082
782
7541
2321
374
9394
6050
7170
6287
5153
3438
6619
1505
8397
4759
4049
650
4323
3980
3744
2920
6717
3732
8473
1192
3853
8977
9202
4332
221
1225
6414
1004
8766
8736
7730
8161
1138
4900
800
6291
4691
3771
4148
9440
8530
4549
6442
9205
8530
186
8477
5247
271
6950
2791
4124
2280
8345
4808
2501
9570
1223
9857
4689
9959
7587
2850
1097
8840
2
3741
9883
3773
4241
9323
2304
8791
5766
7861
7321
2304
6339
8920
2575
3289
8063
3051
5569
6408
7860
4423
2331
5435
632
7020
5394
4572
6222
2843
9764
6224
2936
5999
9997
7178
1674
8653
2321
3792
6515
5994
6097
2854
4914
5024
2495
9329
4428
4417
5737
8640
5192
4420
4075
5824
1440
5821
6748
7662
5016
6512
3886
7953
2511
236
1483
4186
8889
3804
7978
1756
9798
427
4610
1064
1804
3458
393
6232
7875
2482
4872
9419
6903
5299
5243
8343
1120
8344
2358
6136
1208
6244
441
72
2832
1924
610
1722
2080
8588
9830
1878
5368
793
9294
7172
4251
9687
3404
8478
8522
4628
7897
5425
6279
9492
120
3751
7836
2478
6239
5397
5075
6681
5469
7907
4957
6079
5981
7038
1019
5812
5268
6387
6605
4563
9911
856
4250
9667
5686
9124
4295
9935
4549
6926
9427
1022
677
3616
3500
6917
9013
4927
3598
834
2835
4907
6913
8816
1945
7932
4628
3566
672
1233
8129
583
8441
8731
251
4127
7856
898
4062
8757
7825
9842
9779
8502
9810
9632
1771
5175
911
1721
6009
3746
6629
2922
2563
4926
7206
3543
8492
7878
1129
2973
8462
9570
1705
5065
50
5913
5963
464
4670
140
6658
802
4995
6468
6786
6766
1643
7697
4840
4004
1444
1469
6926
359
2747
485
3902
7592
8363
5031
565
3177
954
8622
8242
7356
4535
4206
7820
5558
698
4479
6360
5693
7299
3146
2460
8943
843
3652
9299
8639
5121
6226
8998
4220
6711
9253
1812
1426
4284
8730
4604
1590
7352
2846
8946
8240
3404
6767
3798
4103
7598
158
6148
4897
9656
4960
192
499
8612
9492
5491
85
2070
4489
4306
5133
3742
2470
6559
4379
1200
7515
2321
4905
362
1268
9497
118
4387
9647
573
8337
9805
6722
9586
5813
8034
9779
2664
6647
5623
8155
6732
4045
2645
7390
9178
2739
9861
2089
3470
7413
9605
5792
8670
6319
3412
4519
6437
7799
4166
3363
6136
3971
6437
5722
6136
4471
1853
8801
7470
3828
6956
4203
7873
5953
7945
3403
5045
4158
5493
8515
1572
5098
659
6594
1417
4071
1114
4206
1870
5280
7569
4358
5604
4006
6433
1740
4830
4638
6893
2300
8467
202
2855
2692
6155
801
6096
7552
4959
1589
2420
2883
6687
3079
9478
4456
7151
6944
8662
5373
2224
2584
9732
7828
6590
2517
5921
7772
7155
2814
73
1974
3016
2928
4667
5524
81
763
9428
1393
8704
1848
4276
1743
4928
106
6199
8431
7050
1213
3804
5627
3797
9888
9807
6740
2405
5728
4512
5913
4895
937
7887
4263
218
8906
6139
299
6021
5568
1692
4725
3768
2321
6468
8696
2427
9019
7127
5830
233
7284
1457
382
7172
1264
3474
5930
3345
7987
1843
8240
5276
6082
8855
5494
4989
4995
5794
1010
6915
3838
2088
683
6159
8556
5732
4939
3928
9211
7121
513
6495
8578
895
20
6194
722
5950
9539
5061
7793
4131
337
3875
9339
5832
5216
4334
7978
6227
7601
8168
8315
4636
680
3223
368
5619
7151
5932
9092
4016
2427
7670
4912
2447
216
1986
8397
9756
7047
2542
239
7384
2770
9578
3216
7986
264
7546
565
4217
5715
5232
8854
6395
8456
5574
8366
1959
1506
7458
5976
286
1480
7240
2733
1696
9226
7483
7804
6273
6377
4396
3657
9147
326
3226
7134
591
7124
4051
4808
2839
9284
3662
5586
4092
5589
304
6051
7095
4114
8379
7381
1946
5619
6467
9995
1197
302
7799
7470
6679
8547
7480
2179
8874
7058
5665
9465
4182
9716
625
3374
9000
640
5312
3092
6229
1969
5496
3324
6083
227
7058
8030
5847
3525
8025
3396
3827
2176
867
6858
724
4699
9037
5950
8109
4702
1767
2291
771
2392
2017
9771
9384
3682
9216
5613
5651
1064
5290
8086
1291
8700
2468
3490
2225
6845
6887
2404
9022
4106
5614
6098
5157
4652
2048
3266
5706
3815
1909
6477
2559
279
2601
8296
3961
8169
261
9612
5585
5551
7698
6876
603
6519
6719
2828
3364
3606
1584
2386
4064
7199
4836
9221
8203
3236
2487
3909
3403
748
6739
2315
1027
9340
611
4988
3861
872
952
9446
2776
5003
6322
3379
1522
3041
2560
4886
2999
4144
3625
7063
7695
8461
6284
5898
1698
5123
6160
1453
5872
2899
3768
6899
8591
4379
8240
2452
5252
9192
1898
4380
547
4572
7759
2069
3966
319
6956
6965
816
6933
381
8511
5394
3017
762
3444
8141
6922
4898
365
9821
5018
3616
4764
9398
1856
7216
1002
7401
5466
5382
7948
38
9493
6370
356
9813
9678
3674
6981
6611
4055
5492
2005
7072
6254
1802
1565
9528
3052
1930
5701
8070
5547
465
3820
3755
4033
1174
7508
9499
2908
5457
5890
2402
8179
6246
8567
7857
9920
1900
4468
327
7392
2825
7400
9999
979
8965
5879
383
896
1581
4806
2795
2046
8626
6550
6080
6153
4059
1931
5413
5868
7821
7815
399
420
2734
8256
340
4634
9076
668
8379
8253
4420
4730
5585
3385
609
5968
633
2190
774
3428
589
5753
6331
3021
8258
6742
4952
3671
8962
2774
7839
9361
3194
573
3969
9886
1560
3045
6906
6291
7650
1326
1021
3235
1064
7982
5556
1697
6525
6330
1478
7114
2083
4161
6487
341
903
1439
365
6217
565
8204
5578
111
8777
9547
6350
6689
8944
3256
2980
6594
935
4001
6182
1999
1984
1738
48
8509
8068
7878
1975
6504
2039
8462
3197
9294
6253
3562
5511
3171
1766
1089
3282
6896
6988
9632
3585
5932
2889
2918
8879
176
3271
5061
2175
5255
6799
2223
116
1219
102
8443
4075
8493
3257
3625
7788
5863
7187
9651
9034
5306
7093
2316
8554
4081
8301
8491
6366
7542
1409
5245
7718
4681
306
9893
6288
3457
8468
2757
1028
4922
7552
5104
3416
810
8729
7556
6673
2268
7207
2059
3926
4300
4375
2480
4734
9028
7324
1100
6570
8733
6345
4288
9766
3003
533
6055
2812
9002
5164
3840
276
2716
8944
3692
3526
4025
7600
6551
2646
4808
8610
6572
5460
9338
5405
194
8366
2729
7646
1289
7814
3991
5577
7581
3346
2463
9988
6158
7817
5152
9999
8093
7868
5295
8138
7747
5673
5738
650
8319
546
5613
1243
2359
1303
3000
2553
6021
5729
200
7310
3544
543
9240
7477
3890
1703
7465
6400
5872
8969
6399
3965
3189
8047
2103
7288
3720
4194
7939
8391
1092
9904
9634
3451
1207
2635
2357
7228
4716
8909
891
4612
9452
131
2089
9694
8186
5906
6095
4058
1227
8846
8023
4417
6893
6479
8057
613
7025
2348
5356
8117
2252
4991
1569
9811
3978
278
7040
8694
9187
7931
3307
4991
4414
1748
1038
2600
4007
3485
6658
5234
2331
1033
6003
5577
3864
4061
2542
889
6409
7899
5359
5014
2890
6928
4825
3220
3558
8217
8266
2745
2500
7925
7736
6914
9674
5126
5866
3681
8611
2524
5267
943
9910
1271
6520
126
5332
9062
7368
8093
3313
2727
3107
2555
6007
4285
5775
9565
2502
4042
8662
5003
1967
2750
8269
7993
7877
4136
8026
6488
3012
3294
3783
9274
4565
6655
9401
6249
2070
6769
694
5383
5848
154
7939
1855
4439
3714
7772
3293
4108
6434
4648
2428
9184
2918
6773
3413
3406
4800
9902
6418
4446
37
5693
5363
6693
1446
1612
8763
4567
8658
4146
415
8812
8437
8622
9603
8504
6394
9249
2612
9180
3897
1392
4716
3167
8166
8130
6573
9318
8032
9344
3764
8069
5037
9127
1114
2835
7091
9877
7402
5749
376
7817
914
5165
2791
6869
3669
5537
6118
2634
4717
6368
4026
5785
9535
8544
3915
2461
7862
8299
1805
7978
2721
3194
7105
3835
6029
4196
65
9783
6298
6793
3952
3564
1958
6743
433
1980
2280
2904
4614
3349
9272
4992
9134
5159
9889
9402
7620
7751
7701
5777
2082
422
5323
9187
610
7704
9736
675
7487
2386
3820
1439
2302
2130
8182
2735
4110
6814
1991
8724
6515
7615
69
5650
2775
9958
1404
6747
4061
9105
2525
6143
5880
4200
1683
2842
1905
7771
9869
9392
157
3689
7184
2459
5819
1718
1546
9930
8533
9890
5006
5048
7505
1427
7050
280
1385
4806
7028
1799
264
5905
7942
6144
105
5977
5338
8362
3748
5207
7755
3905
5248
1291
2716
7419
3009
615
3701
7894
505
8708
9295
8010
135
2697
8291
7873
7504
1671
9672
7768
7576
3966
264
4033
9944
5602
2396
3692
7161
6503
3950
2409
7794
6666
9828
803
7281
3530
8698
7786
8590
4345
5797
5077
7042
440
2950
4546
2111
8974
2314
6039
2941
8930
72
2885
4532
8820
2929
8045
5323
6879
454
3117
9898
6635
273
3531
6517
5323
1318
1459
9668
3467
6536
6710
259
5839
7609
2370
4813
9923
4761
4106
5206
1185
3343
6090
6
6273
4136
5329
9504
942
4799
9402
7577
1424
2934
446
6747
604
8257
6415
423
4794
9477
682
6985
7086
9404
1798
3362
4165
2257
8568
5350
5600
4658
1708
1873
8794
7038
7730
6089
8189
7132
18
9613
6418
465
2712
3374
8722
5479
149
9868
4956
831
6853
8395
6587
5004
1757
7104
7261
6677
8807
9213
7687
515
1087
2834
3905
8817
8923
2094
2301
8941
8059
5072
5758
771
8446
833
6250
4948
701
7559
5779
3907
5954
8719
5263
4063
5823
2524
740
4630
8089
4779
1498
5528
7613
5403
697
6536
3850
2999
1830
1909
4423
7588
9033
9221
8421
5283
4169
5475
2842
6301
9382
8796
5020
4645
9211
7195
3521
6303
1826
1610
1083
9676
7139
8696
5079
7836
1585
5281
7187
3415
7191
7962
7355
6224
7184
5777
7859
1353
1252
702
7654
6986
5850
9026
1631
5062
6222
5152
7717
4400
3114
8800
4076
6605
3849
5507
4442
5434
789
7981
5201
4332
5944
8908
556
3128
4685
4767
833
2289
1821
4840
9275
7672
3866
7258
9086
88
8762
6803
840
1877
1956
4916
8482
5805
6776
9276
7591
7565
3610
9144
1897
5906
8052
8805
5386
9090
9924
6219
1379
1746
1059
7007
9418
1278
4265
4856
7718
9380
8011
8559
1257
6319
9827
6091
2124
2955
1720
6067
520
5330
5211
8769
1236
9616
3926
6622
8706
3851
9193
6437
5597
253
3444
1367
7883
4062
2575
5601
3442
6938
512
1051
3258
6692
3494
5382
9647
5214
7802
168
544
3013
5289
8132
2629
5568
4754
7687
5771
3948
4125
1368
553
3921
9087
8436
4335
8014
389
4129
4952
902
5180
8210
7594
8675
9945
7241
3889
7747
3761
786
7112
5403
8918
6094
971
25
3781
6742
3973
4258
4462
878
8180
9901
5666
2515
7915
6055
6645
2867
3309
8177
7430
7255
3204
7375
4497
3446
1474
4610
584
4938
13
9502
1032
7336
9527
1166
4078
9852
5424
4892
7082
3604
4793
2748
2472
2708
5156
5469
1928
8465
3646
5710
5721
3203
3085
6570
3001
911
1180
3585
5849
7546
3087
3234
4882
8967
4400
5313
5171
9824
205
2254
9781
1351
5002
2253
4059
158
7722
2339
4976
7720
8049
697
7275
7486
3619
276
8397
1151
3861
599
8697
3301
185
9932
8620
4585
1597
3791
761
8154
2397
542
9505
3752
9147
9917
262
3221
2256
5238
942
306
2287
4569
4144
2258
4846
8894
3410
5059
5845
8459
4712
6030
4743
3332
615
6340
3476
7728
4495
2225
8271
352
5977
3770
269
2592
6992
2526
4182
7934
9184
6470
8855
9680
5080
3701
8574
8490
8761
4419
3302
3473
449
8045
3158
7416
738
6634
5145
1585
5211
9768
1937
1189
3538
2207
3781
530
1085
7963
4816
6621
785
3672
6301
2218
3725
4876
708
8838
9295
362
8664
6097
8408
1822
3513
5498
4808
8658
7083
19
4778
9020
7560
8317
7579
7693
8847
8664
5657
16
5285
2794
40
7939
5012
3765
2815
2073
2604
8462
2435
1268
4559
7195
9442
8073
2693
602
3083
6128
621
7862
1501
4534
2531
9080
2227
7730
4097
4236
7746
5734
7031
7786
3673
8395
7904
2840
468
508
1303
9256
8128
5862
6451
3922
287
5497
4524
9723
7977
1497
3937
9478
6031
6468
4911
4611
4198
9008
8847
8297
4742
5878
2435
4768
626
339
7608
1094
7199
8911
350
5327
1126
3154
5601
7765
5003
6477
7488
2980
7975
1425
8811
358
4245
3722
4969
8444
2730
169
3093
3824
2399
5528
4944
3025
5868
2553
4120
3067
7816
822
4747
8942
328
348
3060
1683
6826
548
1016
1153
8326
9827
7863
8923
3549
9185
3719
2631
9354
6812
6455
8105
2341
1400
1131
4561
305
1603
7628
8121
8777
8727
3416
9106
5428
6476
7141
8606
3376
8157
6111
8054
7984
3974
6978
1533
9511
697
4164
8865
7510
6972
6971
6203
4724
4454
764
1381
6057
4744
9502
4834
9824
9270
292
5252
5746
7434
210
9123
5591
6321
7177
9928
6647
507
7813
6159
1205
8330
1376
8715
5302
8347
1270
6378
9153
2034
7759
5210
3130
3613
6397
2954
2884
3041
8206
4982
6827
8416
4105
8771
1089
7635
8699
7737
8142
6512
3896
5699
4842
5272
4414
6496
9972
2036
9226
9125
4070
6985
688
7201
6951
3437
155
9835
2830
4714
4817
9658
9482
5275
4781
572
9262
3480
8309
3756
6344
8557
9456
7539
181
222
387
153
2259
9614
5631
2681
2951
2671
9882
9902
2460
6390
6089
5290
1104
907
1300
586
2534
6081
7510
8148
9561
2171
1904
2258
728
1360
9797
7262
7935
184
3767
194
6150
9398
9227
9102
8421
9110
9004
881
1852
1446
6172
9308
8705
7472
9894
1239
3554
3757
9387
9467
5928
7643
8077
3009
9004
7874
271
3291
4411
390
9837
561
9789
9064
9663
4562
4526
5020
5444
6378
6466
7968
5686
5171
1792
1933
2762
1698
5690
8501
7518
7970
6144
5595
7331
1500
9822
3954
4791
585
4345
4628
1146
486
45
7162
5048
4571
8534
6844
950
1352
1164
2988
2875
2957
4921
5637
1007
6963
4138
8525
1286
282
4121
8617
1783
295
2572
2926
880
3269
7555
8378
3755
3952
1892
5155
8523
426
2000
5825
8130
3164
8814
1005
2473
87
6642
3481
3403
7132
2006
4689
3767
2479
3306
5550
9126
2230
8476
6358
1851
2383
4737
5606
6335
6629
762
1211
3408
9114
7036
7890
8630
2202
8896
1104
2290
1890
4585
2045
9023
2943
6734
2790
1775
6392
4692
901
4975
9520
7260
6826
8256
8349
8785
4591
1330
5899
2154
1090
5013
9191
8981
3643
7745
7877
1099
6387
6119
2036
8432
1494
4980
5166
4284
6755
7911
5328
4008
2886
4849
1268
9712
9457
9617
4849
400
948
748
2555
2038
2113
8098
1019
5757
5843
5248
3208
2231
1368
5245
663
9214
225
2182
9851
3332
93
5179
7340
9331
6380
4961
5395
5837
4578
245
6238
1878
993
8793
269
3107
3243
7640
5216
9086
9241
4776
7669
6961
21
4685
6175
6598
3219
6026
9930
3312
1206
3623
8995
3938
8584
4390
9776
9514
4635
2366
1393
1981
7511
8014
1440
754
5654
3008
6192
4895
7784
3862
1856
7806
8547
4384
4404
1766
410
687
1430
7968
4310
425
1907
2894
1167
8035
2408
2155
401
153
4136
4264
8167
1928
5018
3822
4936
7562
5069
2720
1424
3278
6878
6323
7662
7635
4441
8072
8322
2223
6041
8984
9000
4300
1878
168
2335
638
2323
9088
792
2811
3352
8959
4739
4722
9133
9675
2284
4203
8747
61
7481
1978
2736
1495
9613
7178
9567
4287
9401
1960
3271
8402
6260
1501
4922
8595
2139
7245
4035
2931
56
7387
1891
4795
8461
7376
822
7098
1579
5921
3511
5412
7899
6247
6907
3864
3425
2827
8151
9179
4787
7774
3933
7400
9275
8855
5995
7767
6100
31
698
2508
3770
8941
3655
8584
6318
4477
5682
4249
398
9193
6014
8298
1792
9273
8514
1570
2100
3018
749
3240
7144
1034
640
6420
9889
2987
539
2341
3018
1237
4849
3141
6531
8504
1725
2849
9333
3759
3450
9731
9304
9464
4381
1096
8738
9248
2666
7190
2266
3415
430
9410
801
1070
2182
690
4058
2721
9383
3428
311
4232
2921
6842
9088
4646
6043
8421
8405
9493
4505
7709
5310
5238
5158
4048
4486
7824
1238
6752
7592
8021
2515
8393
5443
4697
5436
9501
3771
4819
9282
4082
5404
2203
924
4492
3202
3319
9266
7959
9164
123
2021
4474
5361
7179
4874
6200
5003
2465
2952
2595
486
1819
7341
5929
6517
2777
1783
288
7596
7417
4370
3000
9620
1646
3845
9174
1317
9463
7134
481
9586
9155
4956
1299
6334
6182
7499
7689
8647
452
6637
5485
8623
3978
1415
5140
3107
9550
1780
7055
6967
2502
6408
2939
500
253
2114
1817
9716
9248
2299
5654
4755
3607
6953
1089
9789
4453
8778
4789
1257
1767
274
9880
5745
8041
1373
5204
7591
3153
2260
910
5656
8668
3850
6156
5273
2316
7974
1341
7916
6625
6995
2671
6584
3948
112
6373
4753
5242
7514
6010
7010
7789
2243
9107
2182
3616
4312
9774
6769
6572
7036
8777
1592
7238
4934
6865
9554
9260
8206
7470
2237
5201
141
8821
5501
253
1546
255
5496
9061
2617
8858
3202
4860
7965
5384
8476
2277
1510
1598
5201
4899
375
6793
2137
1661
3658
1692
7273
1864
5514
5862
3417
2008
4683
8919
2261
2582
5526
4109
7995
4495
9319
7549
9356
7285
2933
4184
5914
796
2134
1116
5695
8862
7909
7832
6875
1568
5876
4149
9784
1391
11
9554
3399
1047
4825
2012
9981
351
2474
7976
4846
1793
5525
554
5430
4810
1091
1345
5606
3225
2461
7653
2087
370
1838
8963
8290
4066
9464
4427
5457
5827
3981
5208
3226
8806
3573
3207
5509
2399
1183
6707
544
3060
7262
5975
7871
4705
7320
9829
7930
6133
3835
6370
2855
5673
1685
7498
6091
7501
1925
7901
3328
2258
3109
6555
7416
3034
6114
2925
5433
7298
5984
5978
6710
9598
1953
4581
4303
5625
763
8586
1758
4598
1308
965
6623
2993
8463
2714
6846
6740
615
174
8998
77
3081
6414
9463
9196
5691
4897
2846
8028
7227
9556
7626
5532
490
8282
1157
7605
6868
9267
8555
8176
232
5178
7521
5048
4244
4367
1788
1212
893
787
7641
3975
3553
7104
9523
5597
2001
8721
3625
5580
4629
7603
1112
5119
5885
2269
9076
2753
7888
7631
7281
4473
2809
4802
9521
3406
5521
7661
4618
6415
4800
8611
6742
4706
5715
6265
303
4069
1338
280
9649
5967
7883
762
7439
3769
9383
6515
2874
3624
4147
156
8097
3308
1310
3970
6714
6832
1631
7684
9599
6432
2647
6341
1138
8363
8958
7793
8784
296
4425
8433
6263
2308
5547
3702
2429
1283
6570
5304
4907
717
1812
9356
4025
3122
3326
7092
6306
1309
1128
5905
4093
3776
2246
1583
8491
1204
5728
7275
1500
153
2060
4116
2462
3960
4170
1243
5243
740
6547
6502
1457
4711
5858
1835
7834
5536
5279
492
6845
2759
6398
939
6535
8644
8874
5026
6201
4603
8653
4053
4756
714
4521
3570
4674
8692
4814
6269
9432
7713
2771
7242
2425
8629
5429
6611
4165
7060
7103
7362
9819
3501
4653
2707
8498
3528
7733
1051
8131
2739
1456
2887
9805
5978
6458
831
4670
7624
7100
454
5337
9871
7696
7762
4852
9477
4373
5369
6537
7829
2731
6357
7682
7385
9064
2532
7265
3149
3583
5396
5888
5040
4635
2045
7370
7445
2876
2040
5069
9976
2494
407
6199
6543
4521
7403
6020
5247
2772
2558
3076
1856
5267
758
9241
4331
9643
6506
3832
3226
8254
6073
4618
2889
8118
8340
6687
995
380
1756
7323
9227
8515
3523
5770
3037
7278
1790
8284
51
700
7712
1907
5967
4822
7500
6650
4465
4006
6835
4044
8612
2908
5014
1501
1026
3355
8188
8373
3735
6297
5697
2962
4812
5572
5084
4201
2850
3227
8837
9253
279
6549
7512
6247
1372
5012
9249
2189
5370
6084
6233
3982
8992
1248
1836
6371
4603
6376
1096
4690
9025
3145
4005
3838
8717
9089
4391
7920
8668
3229
3525
8948
9778
1038
1547
7502
6050
796
9692
7773
3233
2277
1755
2225
3525
9943
4948
4480
6320
6045
9171
5345
9190
9528
5535
4260
4969
9927
8532
3638
3156
8409
2586
9286
9447
485
3141
1850
1281
9185
9623
4514
1462
7730
3092
1340
7674
4392
5820
346
6789
1343
2043
2332
871
3931
6592
5841
3858
1476
9479
3366
6237
8417
9004
5685
8902
8497
3887
6535
7682
9862
7402
9145
3944
6846
485
7970
1238
2657
8316
8028
4001
6712
6712
4872
643
9656
7065
853
1132
6544
4219
7369
1313
9575
9406
215
8073
9645
3103
5755
9507
505
1252
3452
7351
8089
1422
8589
747
6091
2969
1100
2803
9681
5972
9798
9337
9390
651
6821
5934
1222
543
3600
7149
6301
3815
5222
5947
6918
7330
5454
7423
4934
5258
1126
3024
3033
6068
123
9124
9037
1223
8279
5071
3547
4429
760
2937
5080
3934
8872
2654
4477
2472
9803
7130
2639
5026
3077
5910
8708
4884
9685
3642
142
812
6666
9527
6880
6789
5003
2269
4364
3282
3692
7912
4063
805
849
9143
4739
6073
1797
5568
4897
7953
9050
7537
9331
2128
9799
8039
7012
9484
8033
3506
6648
1052
9386
9880
7841
4389
8502
8558
4024
8546
6470
8087
9351
7319
7231
442
3393
5380
2362
8290
9685
1413
2179
9016
9893
1978
3407
6905
7815
1441
6763
4463
2493
6149
696
6686
6891
9198
5244
915
4096
1714
9002
9800
9034
2585
242
8779
4318
8957
7069
4003
370
9249
9372
263
7579
2779
3520
5394
4220
6635
6210
6713
9137
6906
3400
6028
2456
4996
6943
6552
6711
2297
6352
2097
4883
2947
876
5553
1904
4297
9556
8626
3546
8928
5241
1126
1708
8761
6520
2280
1748
9082
8994
885
5988
8746
6913
4796
94
208
1349
6805
2506
4053
5254
7389
3352
6130
2942
5256
428
8850
234
326
4131
5475
7804
2191
588
677
4471
2337
9759
9817
3222
5748
4915
136
544
5010
6696
8245
8167
9202
8651
3422
2943
2003
5904
5885
3612
2684
1088
3846
3011
5219
9322
7167
7410
9910
7844
8233
8599
3956
8051
1822
9704
2966
8310
6600
7976
5006
1198
6144
4209
6201
5918
7152
8204
1822
9390
8168
4507
478
2015
3870
2049
7689
7389
5811
3951
5234
4044
2551
9190
2095
725
5246
5062
9035
8198
9390
4041
5748
1886
4602
1949
7804
8107
6506
5979
7497
4674
6838
4327
3041
708
2728
7082
4449
8539
1034
9683
2583
9937
5225
1031
662
6823
2445
6049
5022
1835
90
7122
3722
1045
9072
7878
9152
1930
3857
3001
6604
695
3680
9646
7755
6408
6728
2205
1299
4114
8240
234
4051
3466
1265
1065
6641
3710
7114
1663
1898
3557
5138
1972
954
4210
9850
106
6140
60
9459
9096
755
9491
5094
4863
5899
8175
7068
3550
8641
1660
3784
9045
5126
5050
110
8120
5112
3577
6135
7010
7134
1273
8982
8088
1835
5185
4546
4327
5245
357
3424
2352
9848
4870
7215
2099
3045
635
5649
1687
2296
9433
732
3774
835
7194
1894
5948
771
8030
9310
7905
9303
8293
2345
1139
3478
3243
1818
5075
3600
5242
7427
9800
113
995
1899
9510
1630
7548
1197
278
3334
8281
405
4169
5476
2299
6469
6247
6681
5780
505
2337
425
9202
9828
255
2446
1646
5330
2398
3241
9109
2199
3354
104
4098
2864
8087
7999
414
8365
7685
5047
5122
8206
523
7422
4676
3123
455
6808
9980
9144
7233
5534
8972
7488
7980
619
9170
6731
212
8279
8930
3566
8384
9380
2782
2823
3731
9548
7540
1416
4596
2663
5975
1471
6437
651
946
3244
3811
926
2389
1044
6461
1361
4884
793
8332
4054
3876
8544
8685
9158
8462
3421
8539
7597
6244
8622
7145
3785
6391
8093
2800
2366
9565
5589
9369
511
8833
3180
7790
1222
576
603
2584
1812
7748
7268
5866
1625
5813
903
783
627
4325
5674
8224
569
4297
1722
706
7040
6167
9858
9406
5732
5447
8775
2596
4281
1955
6738
5503
8883
3693
4439
695
1441
1708
2913
3066
3873
3816
202
4500
8141
5876
9077
5063
6525
7151
2121
3565
3318
8332
9323
5403
3779
8098
7999
4412
6405
1089
6268
1640
4782
707
2335
6223
8767
5248
5642
2640
5417
2196
3493
9910
4424
8922
4973
7302
6073
3447
867
9391
1779
6543
4794
1910
4641
9145
6323
7399
234
2591
9039
1368
9650
1375
3944
8418
2975
9586
7410
4744
8134
903
4655
2558
6177
5980
9860
2250
9427
7080
1642
7558
3623
2788
5821
4616
1934
2144
2015
8520
1087
7407
9889
7089
5134
185
5507
4461
6123
9270
9206
4257
173
3861
6815
2703
9841
3028
4953
5621
108
2947
3179
3731
5736
9000
4699
7670
7496
3067
2542
4935
474
8783
2025
5608
8968
3884
69
5091
3154
9275
9348
9680
9488
2516
2383
9330
5544
3688
4951
5652
6636
4482
5735
2372
9835
6786
6394
3683
9853
8936
8619
327
7720
6996
2287
6688
7232
2357
1780
387
7984
7480
6419
3825
6348
5154
3155
1892
8842
4458
3896
5478
5292
5983
7850
1479
2770
4244
5163
2623
3181
134
2951
7253
7130
5238
3941
714
3947
2073
7453
8284
5906
3872
2109
2254
5378
1616
499
4221
2426
4395
9699
7718
6731
3902
9198
9501
4498
4361
2124
4031
847
1427
1284
4329
3018
1578
5043
6965
3
2497
5249
5909
2721
3710
4516
8100
5326
5015
8673
7752
5762
8372
1823
2493
8626
7373
1994
3125
8086
471
7156
8933
1898
4793
3262
4916
6371
8305
8234
6374
7154
9835
8636
6228
9898
3152
4328
5224
4519
3001
9329
281
7725
7504
9127
2704
4877
7473
5829
2963
7944
9337
1896
6195
482
1510
7463
6853
6167
2049
9580
3322
1885
8216
9550
1783
7720
230
3359
8591
9583
9040
8872
7308
6544
4351
6364
1421
1825
8545
736
6121
7883
8984
2316
8365
494
6132
1571
6662
8181
1151
6336
66
5719
2238
8201
9791
2468
7913
8382
2051
6953
3606
5711
9850
7958
8428
7623
9783
6973
8360
2256
4856
3696
4573
9574
4191
705
7497
7205
5238
5000
9893
1657
7071
2131
9858
6862
951
4123
5244
9354
1077
8850
1417
927
3160
9845
4902
9295
6819
3262
1552
8027
6959
2477
3953
7502
9534
7802
1059
4772
2802
952
6429
9873
9435
2640
6735
6738
6763
8331
2444
4192
3534
3861
1471
6694
59
6374
5990
3230
5988
3894
1257
9299
6371
1563
6801
5905
9365
7860
7029
2168
5164
3459
8393
951
2451
1481
4041
9214
9812
6485
9759
3346
6699
7582
6393
6758
3956
8735
9988
6297
2629
7597
5596
5352
5512
8750
1257
1230
6610
8286
9750
8127
8097
8143
5430
548
9624
9472
6115
5789
5957
2226
9135
9008
9808
1880
5766
117
615
2106
6414
3244
6056
8362
8596
7920
7112
6205
9150
75
844
8900
8202
8941
7044
9984
5842
3020
9456
8309
8809
1766
535
4297
774
343
6177
2893
460
6793
4999
3226
6389
7407
1589
1338
5328
8701
3895
4478
8776
4739
3379
3330
33
6775
3315
2227
9795
9123
536
8605
889
1071
9254
8016
7766
5431
909
4579
8576
2260
7805
1318
9668
5746
2656
1348
800
2903
5826
9576
3995
5557
9259
380
2332
2574
2607
8480
8049
9495
7085
8939
6918
2691
3307
4684
8122
4216
9263
3051
6476
3421
4369
2496
5519
3377
3844
6319
6280
6023
2248
6627
1580
1507
7007
265
433
5966
8745
8482
5461
2182
3773
2379
4873
7080
3416
9347
1296
9031
2398
4125
2452
6767
6621
4324
6496
466
643
9129
6489
2891
5756
4421
4398
2764
4686
4831
5082
9783
9666
544
1965
3439
9275
3190
520
2691
2538
8168
8075
1288
2293
6879
4408
8915
1203
904
5733
1847
33
2222
1090
2142
2995
5489
4906
7682
6672
6340
3817
2690
6884
5783
6130
2512
5325
3002
5203
7863
7522
3278
5504
9816
158
9912
5083
7713
816
816
9560
7202
9390
651
9344
2385
2492
602
6419
5516
6942
237
8207
179
2372
689
2691
7697
3691
4246
1913
1213
3877
7417
7381
387
7329
2464
8100
4497
3280
4013
1699
9022
1016
7395
1408
9860
7997
7827
5376
1292
8064
9935
1471
436
624
4162
8134
667
4760
6399
8233
8637
3816
5614
9024
7497
4431
3477
1994
4063
7490
46
3086
8506
3793
4494
8366
8143
2321
94
9435
6738
30
7258
7174
654
7772
1660
7674
2532
8059
5907
1170
8227
1521
6546
5724
2304
23
7719
6368
7513
4117
9454
2371
7910
300
737
6053
8973
832
1840
5711
862
9098
2886
7868
6870
898
5542
9403
8958
7801
6925
7185
9323
3471
9262
7979
3495
6981
4347
7360
7450
153
9732
1712
453
6821
7766
9427
7653
9606
1490
4867
8705
728
9088
1927
1627
4630
1330
6937
2432
8255
4122
8107
8079
3384
2438
7926
6717
6786
5286
519
3291
5018
2232
97
1840
9998
5876
5845
5956
7366
7065
1013
8095
6153
2941
6074
7135
623
3011
5919
5231
7133
378
3310
6870
2817
1236
9939
5955
6522
459
5598
7893
2691
5695
6085
9041
1571
8282
1349
5290
5347
2363
9737
7852
1656
5811
4988
2279
8822
7259
7510
2307
7638
820
5529
6807
8408
5469
9114
1283
2280
4712
5528
1323
6760
7965
6716
4683
6247
8065
9973
7947
6780
9710
5799
8436
1873
7139
716
695
751
4578
9355
4741
1751
4884
1548
159
353
662
1442
8985
1726
3322
308
8486
1287
7024
3170
7535
1442
9495
1834
8222
9206
3985
6659
7431
1125
3727
8127
1876
8305
7482
2969
56
2366
4517
6568
9072
1531
4362
8057
3257
7685
4718
8096
8972
8094
1266
2859
9536
761
4693
7759
6319
5031
770
3751
6156
4497
8230
4384
9154
2064
7353
5563
782
8222
8483
9854
6105
2845
4264
9362
6882
5334
3810
5855
3428
5076
5066
2965
2190
6112
7076
8509
1143
7846
8612
3651
8695
6842
4387
4201
8906
8092
9764
9689
2666
4599
5895
8771
7445
6511
4485
4327
1845
8296
6534
5274
3372
7953
4591
1914
417
1667
424
1560
9513
9036
1563
4560
2231
2302
8761
7489
394
4878
7178
9412
5829
9426
8183
3274
5937
2668
3954
7783
7316
6840
9409
7041
1145
4000
8955
1562
5667
5731
9474
1532
1120
1037
6092
3351
3339
1205
840
85
2435
4371
9497
8265
3797
7680
7891
6086
6701
8197
3869
4017
5038
9630
1058
6183
3630
6366
4098
9297
2097
3572
7181
3217
4610
9625
6568
4301
831
3761
4387
9618
4484
236
4235
4633
4269
2127
719
970
324
941
1339
1714
571
8750
4250
4202
5116
4700
9851
7213
8272
7033
6783
2882
6658
9703
3536
3841
3464
7923
9812
7948
4511
4047
8933
8780
2526
9653
9750
9203
594
7442
7269
7517
6192
7871
1719
7660
2571
1571
1225
844
4956
8008
78
7966
7712
3614
1808
7528
7889
1620
1829
2401
2019
762
1181
898
415
7284
101
7361
4726
7370
4879
7270
5242
2950
4930
7813
873
6155
5009
5829
516
5088
3796
8228
8702
1956
2108
2944
9928
289
5345
1947
1052
6526
2845
7819
162
9298
1533
4888
3021
6412
2158
8263
5714
3440
2428
6588
5948
7438
8769
6464
2526
2565
1044
7580
873
3152
524
801
3442
2221
9101
846
5100
8298
5017
5262
7597
6550
151
618
9314
8661
5233
5029
8454
4013
7969
4402
1451
6738
7218
329
5656
8262
4262
6529
7766
1138
7331
7560
3360
6432
4758
8460
1082
9776
3722
8679
6326
225
5649
5641
5239
7234
7022
3693
1248
4991
4447
2699
1729
1665
9381
7385
9927
3643
267
4045
4781
7598
1606
8141
382
6364
2953
1464
6140
6676
6496
8819
6901
8497
812
2140
5732
7834
2185
6980
9177
6632
6031
7258
8297
5412
996
8224
5407
1263
2270
6541
8861
228
1034
5595
6592
3988
3411
9085
7016
9907
7904
3917
4757
8716
2410
489
2902
4595
7469
2079
1228
3500
5689
9525
5265
6685
4102
7024
7948
2724
9917
3161
2952
952
8756
5896
1292
8520
4981
8308
4779
9237
2225
9536
7953
987
25
7207
5583
3846
9286
3163
3699
4976
9040
8964
8013
9494
2340
5962
2218
2258
5475
1522
9562
584
3771
854
9104
8752
9162
3883
4342
7739
3420
8647
5079
3445
5855
662
3644
1493
177
7343
2821
9217
2659
835
8712
4999
6797
7282
3609
8624
8805
3171
9208
8928
4025
8312
7680
9539
8548
2022
3631
1968
670
8710
1765
2877
5724
5409
4370
5901
9104
7192
5118
1763
8027
182
6763
1176
3817
372
9800
8974
9896
5361
7902
3921
3673
5582
9813
8573
3957
3444
541
979
2154
8659
208
7878
420
4578
131
9525
8122
1601
1288
6149
1784
4403
3677
5601
1128
9830
927
1024
5191
8829
1297
5216
763
1110
3790
1072
906
683
2051
3060
9342
8611
7290
9763
3190
7421
5640
1312
5375
3280
3814
7159
7684
7491
9112
5164
3673
39
2540
8864
5220
3837
4081
5983
1300
4223
7056
2206
4906
5459
1619
601
4071
5261
6716
7261
9035
2356
4925
4410
5636
8739
7921
9672
2583
3385
4836
6256
9776
7376
1473
4996
7566
1906
979
8866
6129
8035
7424
1035
3495
9043
7988
7566
657
4704
1179
9692
7060
2456
454
2697
7548
8375
8721
131
8112
3558
2739
7888
934
4212
2884
8500
6118
3863
3718
8599
8251
1143
5987
8098
6538
3975
2016
7195
8680
3195
3239
2092
2003
45
1141
9551
8420
9863
6034
6532
3421
5126
772
707
5690
3656
5560
8161
3872
9278
6760
2123
6773
2747
6573
9664
6723
8589
6859
1755
1784
6451
3847
139
6496
4989
9691
1269
4852
2077
4153
4625
7203
4926
5332
2894
4934
7244
7407
8806
2875
4167
7281
9648
6915
3854
5664
9990
2443
2524
8097
579
5327
1944
7071
8175
3285
3114
9444
4489
5191
9950
9114
8747
4876
799
7993
6162
8043
5400
1321
7270
9567
8602
3271
2834
8809
8935
9176
7604
7811
7273
4536
3138
5570
7959
1314
5207
1073
7110
9697
6264
7060
8811
1363
8288
5962
9356
4451
358
1108
5772
7628
7028
726
899
6214
5887
6187
5391
9844
3998
9016
732
3489
938
8691
1155
6146
9764
8265
5843
2380
1678
1006
3744
6318
6969
9452
7121
3679
6913
9245
1307
3941
6324
8559
155
2211
1098
1898
8407
5096
7267
9139
8585
4557
7830
6092
703
3946
710
2898
6327
2388
3905
6423
5058
7226
2227
2180
905
9140
7777
8564
9433
4101
3475
5941
2665
4573
4191
1072
6022
7810
6564
959
2368
746
7052
9423
4693
7762
2322
7372
6502
2579
147
1560
6157
2374
92
3414
7867
7870
8330
7300
8323
1806
3241
988
2731
3785
8413
8753
1595
4977
9713
3963
5723
6765
3387
6768
879
2061
492
7381
992
639
5293
7149
9366
5386
563
7233
9608
5245
885
7931
3403
479
8920
6135
4264
7333
1240
5859
8662
953
6175
737
4070
5914
7506
4949
7975
4350
8682
8967
4990
3976
2468
708
9362
9383
7941
5322
4628
5178
3253
8032
5657
8525
4167
6273
2210
5407
8485
7224
2713
4660
7962
3135
574
1820
8085
8549
6170
6767
3868
1160
7095
6336
1868
6457
5719
6161
8131
347
1340
7737
4731
3349
2614
5250
9623
1177
7010
8108
8401
9723
9120
6363
9210
9694
8183
3647
4595
4354
6767
4815
1866
3862
1151
87
6672
3222
2600
4803
9921
3940
2540
4653
3642
1507
9903
9617
2684
6913
7725
1085
2988
6845
3801
2199
2891
8336
5846
3838
9042
2613
8653
909
6476
9804
7348
3148
3026
9948
4303
9299
241
3196
3952
3883
4703
3856
3500
7387
7121
7577
4824
110
774
8625
2309
3665
3314
4507
3855
2356
3473
2508
9617
9949
8664
3317
9449
8042
3266
104
7341
3507
3300
1294
3742
4355
1502
3594
1742
8623
1171
2919
8733
8297
7896
7394
8314
1210
8254
2169
3567
1727
4677
9536
8028
3341
2854
3829
1383
6120
3933
5076
5979
3586
6370
6073
7941
7872
9667
6036
2848
7190
8955
1581
5487
6851
5328
3801
8062
3582
5970
7981
1661
6999
7517
9689
6692
6723
9870
4427
9195
3803
9503
1526
3741
2226
7599
1683
98
3618
4071
9298
808
3026
7232
6295
9877
2560
6448
4291
2494
8770
8624
507
2121
2494
196
8813
9217
66
3240
8413
221
9096
6291
315
1322
3891
1998
7772
7509
6069
7071
8318
5447
4303
965
1676
3215
3766
2320
2061
2536
944
2568
4658
3438
9116
3471
2656
5534
3064
7421
2107
8512
64
2422
9834
3955
4420
7606
7817
6841
1029
2487
8640
1684
3452
317
4899
7218
2637
6960
6107
9933
9528
765
3372
4996
588
2380
530
4
6153
2638
8516
6217
5060
4702
6525
5833
8661
4342
9026
9690
6829
7667
1375
6633
4336
2626
3852
3325
9587
6311
3258
5467
3428
2982
464
4016
1714
7346
373
7867
9984
8889
437
5045
3592
6962
7230
8605
1304
6256
8295
8133
275
6022
1118
963
8649
4970
640
4588
7633
3899
55
1061
3233
6871
1430
4948
4218
1803
9167
4202
7044
9604
5599
6988
2918
2829
5593
4222
5438
3889
8707
2065
6263
9826
3029
4912
1148
3669
9500
8782
3920
5908
6195
3506
2779
7625
8454
3349
9428
3973
7552
2825
9930
9503
9813
2848
8685
5407
3423
475
5648
8482
2540
1911
8308
5569
3176
5809
5591
2676
943
9511
4936
7138
3017
7716
4764
7823
1065
544
8149
4969
3369
8079
825
3183
7279
9510
4942
702
9985
6942
9185
8877
8853
3845
799
8381
9654
6390
7410
6949
2253
2346
4088
1623
62
5204
9446
7480
2100
3947
8801
1822
2026
9626
1357
5658
9136
6299
6360
5473
3241
1897
703
8446
5743
1502
6828
1749
7892
4238
8699
6497
6584
2787
8120
2999
4343
3919
6831
6443
7866
5632
8265
6245
5259
9622
1903
747
2273
8263
6221
5514
6513
6924
313
2256
4778
3493
4005
9022
7731
2704
5519
667
1843
3640
18
6186
7559
6849
8982
1777
2482
7247
8022
4093
3222
9925
4840
5495
4541
7413
7362
1054
689
4027
9662
5467
7520
3667
4489
1603
2724
9
2270
4567
1
8641
7106
3912
1842
6088
5689
4324
9687
3712
4769
9261
9989
9610
4757
882
7023
8471
8288
7713
2498
7950
9532
18
7970
4022
7973
694
383
243
1613
6736
5236
5071
648
7079
7511
6337
7755
7199
6401
2525
2812
6391
2135
3921
7273
5510
2392
5562
3223
1242
9864
2756
7612
7834
3130
5585
4880
9865
2181
2846
6601
7417
7917
7249
848
1781
9938
8604
8980
6340
1129
8144
9083
9616
2066
2708
5126
4458
4622
4702
2053
4487
3810
9665
8673
6940
1603
3554
3157
136
2752
9758
7553
7021
3359
4754
8802
3297
3358
4134
9637
4487
2279
8720
455
4345
7781
5581
5155
2403
283
7208
6890
4093
3226
1916
7385
1181
5470
542
1317
4574
6652
5222
1595
11
9976
398
3309
3334
884
9298
4173
3163
4371
4628
7508
2152
6562
2664
4555
6845
6224
7798
7291
5802
9714
1028
6983
1536
1571
8300
6110
8223
3523
4057
4587
3499
807
7896
3186
1692
7194
7359
4855
1565
8340
8716
3717
4902
7732
4625
8099
3956
2423
5390
9759
2137
2771
6742
3673
694
1395
6135
8917
4918
192
3504
4769
1000
7752
7955
2692
4947
1667
3899
2864
6359
2615
2934
1261
347
7559
5712
656
9982
7455
6767
2119
226
9861
2144
920
1256
8279
6189
2526
4823
6046
7296
2175
3798
1603
1219
5097
9622
5119
4314
5981
4086
7248
3594
786
4807
5659
7794
4789
3114
4561
3260
3340
4422
5404
612
5679
35
6801
4557
1210
9199
1853
3386
9350
9809
4605
4447
5783
6076
8761
1765
163
6009
1711
7301
816
7370
5095
1957
6836
9656
5217
6528
4078
6973
7140
6109
7008
294
667
4571
5845
8872
7957
5195
5033
2562
9643
817
4991
4756
8934
1506
7118
6997
8807
4286
4368
3902
6244
7556
9910
7813
4085
340
4787
7577
6450
8147
7871
3469
2718
69
8693
675
5264
3727
9590
1259
896
933
6016
9830
2439
9486
6827
1246
124
7547
1500
2720
1456
1410
534
5541
1750
5321
3118
4552
9820
7342
4373
2539
7411
3067
9566
9027
3146
5508
287
4042
6441
2655
224
8880
2141
3403
6478
8617
7303
7978
1338
8759
9388
1872
4300
1139
3545
3770
5691
3365
7464
65
2256
1227
9484
8175
255
8982
3683
542
9376
6477
3197
9600
1709
1690
9355
8188
307
6658
6166
1645
1769
1907
9869
6069
3046
3414
6192
5089
3132
8
1506
1740
1236
990
6267
1491
9972
9951
8385
9348
2780
7934
5300
4489
9624
4656
9029
6283
7666
1548
4281
9436
3455
4150
1857
6501
3917
4401
7942
3401
4410
9449
5141
5646
6791
1409
3489
3116
7712
1874
8816
6844
9808
4117
7685
5784
5125
6715
2067
9143
8263
2700
4931
8070
3203
3141
923
7120
7542
8865
6873
1952
4666
8366
3950
7810
6127
7439
926
3839
5665
6094
7035
1825
6563
4721
7609
1688
7788
6029
7184
2403
8729
2115
473
1932
1608
1396
5404
9151
6613
2277
7455
1280
6996
1406
5442
3123
5197
6368
3315
7215
2462
350
9040
9026
1423
6650
7066
9211
2679
602
7966
7760
9070
8439
6045
678
6187
7801
9829
9153
6431
3637
6785
3427
5043
2227
6550
6592
8595
9865
3807
7409
6568
9200
2787
7991
5850
6206
3555
4881
6808
1521
8993
5878
6313
5038
2909
8852
9192
2738
8005
5623
6375
4790
5402
7770
7017
1952
715
1964
8170
874
9374
4738
74
8513
2729
2276
4719
2636
3509
1528
4158
2503
3758
6823
3893
6667
5675
3085
5758
3681
5060
8485
4823
462
2608
1841
2415
3323
157
6937
549
5883
1675
6976
4397
756
5604
9116
3393
9114
6996
3903
1617
7107
726
1862
126
6401
1300
5884
6434
6360
722
1258
3175
3330
9451
5590
3005
9608
8879
3554
1844
554
6882
6241
1310
2487
1709
1055
1601
5058
4958
9570
2165
5684
7784
2291
8438
9084
4528
4872
1797
5250
2482
4972
8580
8285
6914
7937
4246
5793
1491
6090
6347
4726
8683
4009
7213
392
5065
5166
5450
6375
1088
3967
2060
8872
2611
498
7957
7139
1722
9754
8741
557
4726
3673
5194
1640
1610
5792
7433
9453
8234
132
4179
6917
493
7744
7310
1910
2910
9112
8286
3998
9432
346
2871
2043
7196
7180
5534
5270
6934
4275
2179
8012
7948
7374
6004
5910
9518
9789
5363
7753
9921
9543
4670
414
7287
8332
2325
198
7445
611
548
3229
7309
9771
5272
857
6951
7158
6127
237
1433
8307
8249
5733
2033
605
1643
1551
394
7006
5656
315
2901
327
7082
189
8659
5759
6739
2456
2722
3639
5685
6383
3411
7309
7240
362
4467
3367
600
2252
8026
5201
7985
6411
5807
5980
4315
2553
9339
9971
2869
2240
298
6303
8781
5310
2062
1872
4118
1136
5512
9804
7519
8923
7113
1111
5637
1581
4478
2589
3833
8857
4143
8171
1620
6302
503
5935
8855
9842
2259
1724
8435
2557
4379
3568
4219
2793
5441
8338
3929
7305
4494
7800
6228
1607
8911
8217
9540
9742
807
9726
4951
1302
4249
6571
7604
4752
8859
6459
947
1118
4536
9382
27
8915
2950
4247
8061
4743
8937
8342
2048
3431
6143
4628
1390
1406
2846
7283
1148
5
7009
6099
1307
1258
9023
8911
2362
7882
1722
3309
9000
6258
9043
9027
1526
8346
9626
9587
3089
8563
7929
1490
8346
4072
2470
9737
5479
5316
7020
2979
1673
381
5431
9332
7991
4454
8243
353
2336
6318
3663
7688
2576
9058
6715
4102
7404
2694
41
6846
1257
7971
8336
5956
8395
806
5693
226
2475
9065
3206
500
9446
4989
9833
7437
9443
4428
7790
1779
746
7805
9467
3323
3216
2534
3777
620
5228
3819
3818
2838
8142
2154
5146
6537
9313
839
3116
8140
6256
2674
4992
5702
7663
4825
9491
7106
9254
3633
5237
6352
1439
1056
6027
4655
9942
9805
1627
5171
9976
5446
4361
4470
3952
9507
7359
9617
6698
475
4109
2954
3149
9102
5008
812
3927
4499
4270
9533
8132
9507
2238
5923
563
8265
6930
506
4422
8558
2029
750
356
2742
5220
660
8601
2580
278
1651
9407
739
4605
2557
9841
5965
9721
121
464
3992
9654
4948
3499
1892
7224
415
6510
4154
7273
932
9064
9302
1683
5772
8396
3255
6433
6997
5835
3063
8648
5243
3802
9605
4152
3644
1922
3873
3765
2386
4217
9771
3686
7717
8016
910
4484
4526
5065
1757
1810
481
7411
9845
6254
2159
3101
2687
9156
5288
5750
4156
6883
9552
113
1035
9548
2035
1261
9665
773
5478
9437
811
9547
3805
1722
383
8331
3139
2140
6493
3620
5903
6339
6226
8062
9440
5265
3570
4728
1015
4078
1612
6920
4191
8999
2820
2578
260
2486
3351
2091
8275
515
7990
2080
2237
8374
6763
1728
6866
3256
1700
2770
9595
7927
7184
5387
3192
755
116
560
4833
8080
3832
5377
3431
6652
7955
3692
5490
7659
2135
3765
8174
125
5845
6763
4851
8960
8491
1718
2217
6543
4488
8164
4470
1672
3552
7663
8779
20
4575
3613
4452
8407
5342
7883
1411
9649
7927
6902
3660
62
667
8186
6540
2865
4949
1391
1825
9792
3109
394
6336
3949
8559
7158
1974
8463
1173
753
4835
5748
718
9287
507
6060
3522
1919
5710
1450
8821
5722
7864
5840
3909
4404
5057
5210
2148
6883
1355
1609
3629
7691
5559
2188
1201
7533
7003
2375
8286
8190
4475
9005
7477
4983
1417
7352
6902
3479
8802
2075
9202
3018
4267
3111
3775
9325
8321
5923
2560
6028
3884
6189
3719
9443
4730
1273
3328
8085
3648
7967
6276
8123
6972
105
3106
4741
7457
6360
8221
2611
4787
7423
5630
5407
6886
9405
1084
1559
1680
3644
7588
5564
6185
7659
1360
7267
8932
4688
5353
2580
2655
1629
704
5979
1734
162
721
5544
2875
5294
8155
4014
2717
3785
9421
9603
9542
505
1162
7574
4149
5102
3139
6687
2762
4499
3954
1694
5539
9307
4275
8195
7288
1331
526
5375
7845
1247
919
720
2893
5426
4735
5610
5564
508
1565
5106
1014
9080
9033
1515
4182
2172
8202
6944
3023
8509
8639
4914
4168
9266
3109
1457
6949
9988
3184
4794
7587
4103
1867
481
9529
2954
6091
5093
3462
4009
6552
828
3089
5585
2344
3623
4109
6898
568
3484
5407
5559
8398
9576
4825
7860
7385
1774
7848
569
2920
5435
1024
4787
5916
6905
4093
8360
1999
7556
2369
4903
4736
1810
6840
7080
5433
949
331
6001
785
5738
7912
9183
1666
2737
7043
9051
863
4891
5972
3784
6679
6996
4923
2595
3902
9017
7307
2253
2925
9676
3508
7661
7838
348
1094
3272
7649
1425
5625
8434
3515
3538
7617
5182
2627
4661
585
3491
5904
2910
3627
2583
6258
4902
1531
160
271
5190
8765
3196
1219
2273
7210
9057
8973
4656
2329
6622
6081
7955
5056
5948
7845
9026
7482
472
39
8068
315
5943
7330
3942
4879
3588
5197
2762
101
5468
7952
8866
8665
9171
7492
2227
4581
6465
6883
3262
3088
9316
1217
4496
5264
5414
3522
2747
5887
3561
7167
6202
5857
4497
6497
7088
4437
1694
6202
4538
7162
4154
3405
2179
9678
897
4406
611
3714
7641
3873
6802
6957
1443
1299
8574
6857
4821
1321
2744
4735
8488
5299
592
9337
1796
4032
3774
9842
234
8313
7004
740
8070
5536
6770
5319
6294
7381
9033
3936
1255
2188
7245
2698
3487
5819
5907
4660
7140
5004
5747
1980
303
2691
7669
8451
6723
1444
8293
6957
6109
1649
7698
531
7185
4468
5850
3480
8202
1235
3768
9457
3423
1013
8507
6910
3185
766
7923
6677
5770
3670
8658
2425
6362
2679
876
9437
4123
5521
6395
6584
3523
445
7115
708
1265
9317
540
9467
553
4308
5276
3976
1674
135
7239
4859
902
1514
1536
6672
5184
6546
9098
7898
5578
6326
7336
9701
8200
83
2638
1723
528
6105
8783
1793
5423
5676
7613
5976
6336
9241
6304
8010
9377
9895
9221
6631
1409
7110
9655
2946
8
8753
844
5586
1432
4532
1640
5984
4615
4278
7707
1495
6735
2842
3289
2158
8518
7254
4486
4855
6495
7143
9217
2224
7038
4791
8855
8448
8253
8511
1394
8261
3616
8590
200
1400
3123
1840
7384
4090
2470
5091
5586
9205
4286
5227
7716
2804
2481
8554
4011
5328
5697
9581
7553
2736
724
6408
7536
8977
1271
5282
7238
4888
224
3790
6288
9699
5630
3673
3790
4452
5116
5728
10
5754
955
4078
8559
9788
2632
8922
5116
8330
4855
2669
7418
5579
5430
1306
4556
3053
6588
8147
7941
3164
1937
582
2864
3920
607
6654
4724
2075
2382
4734
7830
9689
8812
2741
9477
7797
1663
4593
6127
2871
3615
9897
8450
5397
1203
3007
8450
7791
7506
2744
955
9443
9678
171
9715
285
3177
4440
2360
1911
5526
190
1600
691
9283
1077
8488
7299
2023
967
170
1990
864
8620
3739
2067
7979
8541
6210
5485
1285
3517
4929
963
3689
4644
7600
6866
5436
6313
8778
963
2855
6730
8006
2139
4160
6494
9438
2535
7461
9608
4525
4677
4580
4616
6744
2560
3157
9306
8045
795
2823
9326
8110
2864
323
5711
9731
5759
8376
4861
3074
1231
1591
1080
3370
2103
3926
9160
4638
7739
8768
9163
2416
9701
3779
5512
2261
3289
4818
306
4084
3994
9633
2194
6858
9956
4257
2941
5715
2633
7802
5142
3865
5746
6222
3587
7849
6501
2748
2488
4240
7868
8003
3009
7569
8135
8521
6182
1424
9692
6489
5508
3686
2474
4054
544
2430
4664
3486
4497
7297
7640
9639
7514
3386
2214
7454
7588
8715
6554
76
9307
774
4431
2316
4696
2566
7190
878
3990
3234
7367
5850
6920
9841
6257
3816
8623
921
3654
3121
4570
1295
9112
8437
1033
7678
5891
8621
2745
2445
5049
2053
9571
9481
721
4267
2047
4263
5146
2390
7497
8865
8240
4417
8707
849
4586
3682
1770
8240
6803
2693
9535
2268
1130
569
9946
3373
5542
9044
5818
592
7449
5389
73
8170
6009
8472
8786
1155
862
6283
20
5455
7053
5079
2656
7991
8762
779
6231
1917
3472
5767
537
954
2688
484
4327
4582
5880
145
5174
3329
1886
1599
7851
7895
6424
6637
5402
3638
9273
5423
9093
2678
502
8102
669
5616
8881
6900
7534
2353
9019
4423
3307
8059
4907
7634
2642
7139
4131
4168
468
2369
2120
8320
6617
8544
1309
2019
2182
582
3794
7628
3260
649
5730
3929
6265
4611
7182
151
3316
2553
4575
2975
613
5834
6961
9607
2974
1092
3775
9794
9813
5895
8114
6430
791
9424
4802
2974
6358
8596
602
9619
9245
2684
9900
1863
3647
3434
8366
6963
5988
2941
9938
2953
5128
6899
2560
4454
4343
2687
4248
4156
8583
2363
6939
9374
8139
8093
8700
4497
6689
5654
4116
2287
8338
369
502
8337
3803
8868
5300
6143
1810
1590
9096
3290
8489
8008
7744
9184
696
1992
9693
9279
4355
6632
5005
2494
4725
58
3344
7766
5712
3812
6405
403
4181
6907
8740
4337
5776
4041
6832
3938
1983
5929
7228
6825
3937
4972
6009
4633
6964
5702
264
7672
8686
1622
6518
9763
1680
9862
3882
3744
3675
287
4147
4208
7195
2888
4897
9323
3281
1730
3261
1616
4011
489
8441
4300
1813
4451
5286
8777
6505
5550
2801
5192
3524
9320
1307
5204
5534
5189
8949
5561
1829
9448
9770
9024
8688
1019
8347
8321
9101
1608
9938
3112
8449
8379
7413
262
9182
9051
5391
5688
953
8193
7232
4478
3865
8539
6034
9399
81
1335
4961
1910
784
1083
7286
5824
8454
1985
4146
7556
9945
436
668
8394
8815
4433
5008
4350
9836
399
6390
790
8592
3622
5268
8809
8513
1302
8209
4946
2638
9522
6856
9774
6957
4142
5598
5411
2479
9744
2967
2424
180
9988
818
5348
773
5826
6050
610
2578
2440
1400
7522
2414
6668
6332
927
4322
4541
5874
6960
415
9082
6734
7372
9577
2333
2783
2056
8429
5751
4481
8610
2091
1651
310
2864
3830
6360
3474
6408
8800
4874
3930
1214
7894
262
8493
2217
1155
719
9177
7922
6154
2264
5294
2083
949
4430
4139
9378
6533
4972
4340
8624
6624
1002
1488
454
7362
1315
3214
2514
2541
7144
80
436
3759
4926
2653
1266
1997
8182
5541
8151
446
835
234
7747
1617
726
7126
8150
5698
7818
6774
8674
8821
4615
5480
6183
5930
8694
5050
8471
2191
1482
5259
2302
6408
7912
9920
8406
2447
5461
2909
9245
2649
3144
6993
4266
3870
4119
8769
5920
8289
5543
947
7110
6510
2779
3294
8792
1474
4696
3616
17
6178
8875
8671
2587
3140
4943
7345
1939
6757
254
1184
9406
9750
8177
24
9972
8648
8793
5893
6938
689
3192
4048
3551
5971
3694
2344
3797
4742
2312
166
921
1187
8837
9860
679
133
3557
2618
6890
3811
3803
2648
3562
8332
2672
9886
3333
7818
2131
271
4859
5323
671
8410
1295
718
7106
1444
5460
9418
1611
2733
606
6800
2593
7637
6933
6150
256
175
6314
411
2823
6228
5095
1848
6114
8428
6018
8246
5051
877
9921
2075
9287
7568
2793
6394
9013
4605
2164
624
7339
2770
3776
6284
6760
710
8787
3368
7237
1453
131
61
7681
5226
8261
147
7
4279
4745
1410
5156
4667
3485
795
8587
2630
3541
7600
3588
5706
8224
7279
4828
2001
3563
1588
9063
8702
1308
6300
155
1439
2713
4188
3018
974
688
9377
5253
5433
787
6761
6452
625
7557
5040
9607
7450
8992
3195
9508
7217
6826
4337
5570
390
2277
985
5444
3586
3637
1952
1377
6351
6140
4395
3677
6828
3772
8931
8614
912
2044
1418
7889
5953
2810
7496
3404
1803
7044
2912
5372
3870
3601
7294
612
2231
8279
6057
5817
1916
4361
3546
4619
501
4294
8297
3682
4418
3580
8648
5330
5624
6418
9571
7930
9229
7068
1334
1032
464
598
2756
4334
552
50
1299
2783
4681
3708
4952
2949
8069
8498
7569
4922
9144
2218
8604
3563
2150
3604
5245
4126
23
4817
2056
5604
1885
9742
2988
8701
6693
5744
3035
7245
5794
4334
28
6827
4394
4980
9776
2463
9830
3697
7386
8975
5915
2342
2538
4417
5947
7783
8544
2322
8952
6952
7926
7189
6695
914
5890
3388
6658
8926
633
8804
9612
7013
5631
359
1993
5407
2822
8175
9105
6560
7150
1372
8903
9688
5790
1202
3824
686
3524
2776
7638
7802
6318
4333
8716
2208
4073
1726
7486
1058
530
7099
8071
2513
3810
6416
7920
6632
4592
3377
9545
1742
4750
4800
7783
6892
6002
7959
7578
5878
7087
5216
3680
3405
5902
8748
5614
6327
474
3100
7386
1004
6551
1809
3517
361
4578
7789
3346
9170
7519
2891
7264
2269
7691
1399
5513
45
5710
3091
2275
2798
4659
5955
6203
6913
4703
8169
9593
1529
7622
3331
2533
525
5140
2402
7239
9718
6543
585
5240
4062
9828
8857
2683
3871
256
8196
268
5967
7639
2543
5117
8651
4850
7672
1916
5905
5842
1509
7434
9816
4840
6319
341
9981
5073
3932
6051
1616
869
7644
2031
7049
6501
4714
920
3109
9263
7540
5428
6902
6435
545
1905
1285
8218
3822
3542
412
5331
976
6580
6524
3647
3273
2857
5072
7206
8908
3041
8075
2904
5072
5125
9405
6138
2397
8867
5401
9938
4295
8656
6373
4841
561
4011
3059
735
7553
9823
2419
4882
6403
8943
8529
9676
8152
3602
6882
3412
2995
1310
6317
8067
2787
2074
4205
5184
941
5959
1474
5237
4615
4200
78
1528
8211
9489
8616
2116
9312
1035
6998
2067
6330
1880
1743
4482
1834
4978
4246
4829
2640
563
9248
5427
2638
3453
6963
3579
5764
8438
8816
6731
8990
5246
8260
3553
4735
3228
5669
399
615
9020
2466
6945
7252
562
7779
9086
1892
2025
267
4532
8941
9515
6311
1579
9320
3274
1510
5085
8064
327
8168
7054
1925
6428
607
6661
6008
2629
7060
6623
1649
5879
9920
5253
2793
4051
4339
4685
6077
958
5569
1370
473
1880
2949
6145
1506
4459
7582
9571
1138
5751
2977
3064
8531
9937
6077
4540
2566
9489
7515
567
5368
7436
5820
8161
1487
6511
9198
3916
3821
4767
5286
4294
2999
4587
6791
4506
9047
4374
429
6537
6477
3406
5953
5008
3343
2030
5900
2261
7872
3416
9180
3240
852
5000
7754
8691
7863
6952
2608
1684
8072
4246
2330
1071
8834
5474
5577
4233
9848
6006
770
2677
5765
3076
7685
5460
1458
9938
7722
9330
3354
6902
8923
558
8255
6677
9249
2470
9981
1857
507
8053
2456
2837
5477
1290
4663
1054
5523
863
3413
6293
3540
5530
5721
7578
990
7180
7516
5064
6510
870
8319
5433
1428
2926
8462
7029
5396
8444
5239
2255
2849
7695
1445
8326
8985
6108
5733
4508
6972
9146
7153
512
1028
2875
8090
2018
55
5606
3435
2917
2828
1754
8351
608
4680
6813
7638
6428
1609
2877
8684
4459
6924
129
2785
5909
6237
8518
417
3209
4016
3922
74
5044
3149
4516
3415
9556
6475
6850
2474
9303
8604
7177
6264
9636
342
3902
6064
1952
3131
4748
6411
55
1229
5548
2316
7467
419
9085
7028
4435
3007
7102
5832
6157
1619
5599
5713
4446
8801
4539
3749
3757
1716
13
3393
2059
267
5809
4011
9750
6910
6774
6157
8139
2322
8473
5606
9093
7558
8987
9881
6918
2441
2065
9427
412
7664
1492
4858
6465
6032
4960
6574
4100
4973
9967
6159
1593
2128
6522
7695
9038
9648
3853
7178
8323
8678
9136
7416
2589
8123
7297
5859
6917
9362
5286
7329
3378
3130
8540
6195
9162
3500
2769
9615
4825
9088
2126
2770
1217
5001
466
255
4649
671
3785
2972
9349
2922
6741
8290
7397
390
4149
666
9753
5787
7996
9483
8918
6536
5679
4432
6388
8448
4047
1213
3889
2526
3984
5106
7527
802
1713
2176
1473
1851
1501
7174
4773
4594
5465
8522
4984
9614
9189
4737
1754
3537
4221
672
6425
6252
5104
2813
4700
5504
378
4941
8030
4362
6399
1909
1516
8113
4085
2989
9964
1938
164
1089
6532
1981
5963
1517
7947
5152
2606
9701
8689
3179
373
1466
9431
1830
4279
484
3686
1010
5425
8068
1724
1825
9977
3241
6290
414
6230
2606
2353
2746
47
5237
4727
6010
3106
2675
1163
5713
2376
6204
5244
9102
7671
4676
7284
8302
1512
970
9312
3289
9038
1037
1466
9015
4278
7756
9429
6860
6714
8134
9607
6761
3372
686
2772
6478
3361
3935
8543
2090
6491
3788
1192
514
4816
8476
5169
6328
5798
4481
5969
4836
1870
7436
203
2500
5192
5984
9361
8259
4119
5320
5020
3843
6006
7792
6673
5720
8079
1569
7810
923
5357
5354
1437
6525
182
6606
9205
5980
7440
5174
816
9310
2610
7371
1811
4155
3355
7524
2414
3826
9196
7434
4021
1554
1579
7047
7274
9658
8616
1436
581
3973
3142
8371
498
3324
4977
6055
9304
2417
1229
6472
8080
192
195
6243
4347
3551
3767
3113
3729
9315
6899
4103
869
8478
1150
4496
4489
9766
2284
1422
91
5427
9793
6941
8751
1123
2996
4408
9892
4225
7232
7972
4417
7428
567
5116
7331
686
8229
1060
1
1481
5163
871
9959
2665
1719
800
2431
4003
2223
2522
9430
2016
9463
4534
3139
8811
5294
3032
3037
2526
7356
3806
9954
7924
5275
3637
8610
9856
4698
8612
1337
6213
5835
7649
8879
7554
8449
7662
7909
672
6537
7340
2689
6000
8226
2180
4812
3520
1564
4201
6046
8921
4359
2353
3197
9634
5990
8159
9491
7040
3123
828
9606
8958
8477
4837
2864
6927
8851
774
3951
5388
4466
6640
7741
2692
5173
2553
2564
6737
3106
4962
2010
7465
3667
1559
7100
9658
9719
2943
3050
2842
123
9008
8153
8601
197
1017
1880
9049
8143
5831
4437
8961
8824
2178
8005
3997
1083
569
7086
4189
1884
5449
8007
5551
7008
1459
1561
6727
4402
4612
9570
4525
9972
7723
9478
170
5092
7710
9219
9588
9894
8
4901
8718
2187
2907
9067
3270
9828
2505
3812
1712
7954
8171
7264
4963
9630
8825
1690
384
9789
7612
1261
9762
1687
7092
9932
6780
4802
5503
2720
4696
5511
7621
9766
4050
528
5185
3673
357
4043
7485
8421
1997
5656
5685
3312
1638
4511
1355
2022
4300
8967
9635
414
655
6727
6698
3787
7882
2201
6507
8930
4065
480
5049
8115
1009
234
1788
7718
629
5625
6139
8979
7633
8177
2291
9271
9040
9998
7645
3340
5318
7281
107
2325
360
6805
6112
8242
5359
8971
7173
9424
9451
2222
3891
6812
8808
2032
882
9438
7657
3374
8417
5291
1551
7060
914
591
7059
8560
283
8729
2193
6742
1054
2553
3548
7166
796
5259
2489
4321
4683
8292
6543
4926
5105
5351
6958
2339
1141
4616
5713
5910
6259
3616
9323
7173
4207
6382
5733
843
5111
4278
7585
2517
6832
7485
9683
3980
2744
8524
8301
3779
6816
1196
8706
8273
2899
2016
613
4041
6632
2678
6303
9243
6295
5626
6417
6854
8360
8502
4049
9823
2781
1635
2340
9613
5472
8375
9945
8217
6899
4598
8348
3716
5794
3406
8341
8693
5423
8954
9086
8407
7985
5390
7651
4280
1016
4068
1134
9377
2570
1536
9200
5351
3171
1541
1316
4995
9916
1261
9564
6816
5859
7913
6884
8005
1319
1577
6699
6742
532
5785
5150
8517
1175
2801
9149
8544
3221
6635
7921
5791
8171
3473
7495
7694
5014
8811
2690
1283
6425
2254
4451
8636
6519
1335
6642
7839
9264
3341
933
9796
5478
2435
4665
3006
1588
166
1550
4809
6802
5823
6953
4973
9296
4448
2668
4311
9611
1710
5594
6036
3964
6397
1025
6836
4084
7667
4675
3348
7360
1960
9497
2838
4396
4162
5844
2336
681
3746
3498
7483
9569
451
8808
8866
1251
1476
9529
7214
9538
1475
3251
3503
7872
628
339
1956
8295
1366
5304
5655
9678
4801
4845
426
5316
7042
2763
5997
788
6261
9832
358
3064
8640
5576
667
6469
5105
7881
6007
6580
7484
5862
4452
8112
6201
6408
6407
3919
8064
8414
9950
2866
3260
376
8182
302
3139
531
7442
5752
363
4152
5168
9003
9728
5835
5472
4833
69
1480
7765
7553
7342
2217
5666
9896
4977
8425
167
3042
3192
117
5908
2804
494
442
9458
9985
973
6900
2090
7688
1053
3610
6691
781
9446
8516
1967
9515
6348
9732
3420
42
8302
5438
9938
3279
3864
6458
2673
3408
2927
4933
6212
9773
5375
5670
9759
2700
8922
8201
388
9975
1811
3432
7109
7609
8300
5428
3476
4648
1512
6897
4690
9814
2335
981
9446
2551
3791
2119
5959
6718
7053
2171
6492
8780
4193
6251
7833
3116
804
4573
3091
2615
8005
6552
225
2657
1980
3701
7305
3493
6950
8348
9659
9286
9329
9105
1837
3120
7577
7797
6190
4630
6320
2682
9762
514
5285
7595
9982
6089
2169
9425
5057
6526
5978
5282
9184
4310
5335
6489
4155
8638
1189
3815
7924
6870
9272
6113
9990
6849
262
6181
7831
6583
5215
7594
3449
501
1541
3431
6590
3710
2856
1647
237
5186
3281
9421
5849
4969
2262
4
3607
9804
171
7883
6674
5796
3996
3017
8997
4259
9198
6829
7194
765
775
6995
1266
2316
6778
4209
6027
5986
5856
2616
1173
5490
8389
7022
6811
7003
3378
418
6807
3550
4653
3482
5698
8649
6499
4695
9260
2049
1524
2806
2814
8651
9801
4081
968
6579
8290
3347
2566
498
5963
91
2340
4352
3465
9151
1355
6843
5921
4515
6745
574
7997
2443
9224
848
7139
4836
2897
5015
7643
2063
3667
7444
6144
4635
376
786
4334
9294
7637
297
5737
9977
1001
9202
5481
8708
6045
1402
3223
2791
1977
7572
1586
7553
8420
8725
8741
1317
3741
6384
3381
7408
181
5877
8395
6909
3016
2729
6203
653
9378
1940
6982
379
1142
2463
5439
3539
218
8663
2682
8547
6235
4269
6100
4656
2994
1193
2325
3087
7578
2058
6847
4111
7936
5242
1020
952
4323
3575
7957
3701
1867
4939
432
9361
3755
5872
2900
3973
4535
5583
2520
7122
9852
4972
8130
9198
6165
6808
2286
95
8866
9133
4206
3154
728
5226
458
5051
5153
8415
5105
7020
9707
5537
6381
3462
1409
9282
3787
2296
1217
6307
5771
1069
7631
253
6619
3796
7061
5257
244
5928
4391
4450
5434
1471
6029
5893
6522
1182
660
7979
8203
367
3517
4584
181
1278
218
320
9927
1435
2979
5698
8856
610
5951
1828
759
9365
7085
1003
1645
1476
5453
7079
9299
1482
9324
2174
9017
9985
153
3572
6704
22
4508
3238
1301
4727
3558
1228
2514
6538
3278
7723
7148
5581
9551
7907
4946
6636
8910
6591
4465
716
23
3764
8550
9347
5938
7567
9332
6092
1139
2389
6114
2000
5627
3767
6727
5537
1347
5593
2075
4625
3316
5576
6559
2867
9835
1505
9504
5098
4449
3969
2166
824
4085
716
171
24
4636
5856
2468
2127
8245
4934
4127
224
8702
7206
5761
49
2800
7837
1027
6116
9765
7586
8984
5952
5443
4840
1050
6244
5161
3216
7068
9246
285
3592
5622
4921
9448
4442
3400
4045
9377
7528
4269
8079
4734
6382
4480
7534
571
1859
3
336
9445
5339
6289
1241
179
3691
7485
1692
3260
906
7290
3545
4498
9265
4818
298
3707
8218
4343
3084
2098
4964
7515
6833
1346
1996
719
1918
207
722
8606
9653
2413
4895
894
8944
4939
4731
636
8199
5637
4279
8096
135
3544
9266
6785
7251
7484
1128
6688
9583
2444
4203
2768
3791
2551
3487
2061
2759
562
667
8764
2975
1915
6010
1920
6854
741
8908
1405
2731
3187
5853
9218
3083
5119
6004
6687
2603
3484
3375
8538
5929
3930
1306
6072
6482
1146
8133
5593
8060
8800
709
1035
715
6719
9307
3921
3812
8216
1678
6543
7755
7531
5762
839
2650
8118
3878
1606
1602
7253
6496
7531
1183
7803
3603
4017
5301
8088
5962
3361
6889
6671
748
3956
3390
6408
4230
7203
976
5908
98
8731
9792
2212
5922
8794
330
9800
400
1933
3405
6897
5816
941
1052
9420
4958
2705
7508
7273
2418
749
3944
3166
1058
3687
5926
1640
7242
6902
7548
3692
1986
3692
5905
4260
2487
6235
4061
9239
8168
3818
2488
337
4759
3540
9757
6070
2597
3617
3343
5015
719
3639
4534
1777
7326
460
9769
920
3715
3669
4613
5701
7362
518
6313
6201
6753
374
5440
1274
4193
7929
1611
5304
7821
7720
1374
6771
7689
4717
1786
8408
8357
2672
6537
2035
9485
2658
2956
3200
6328
7569
5253
3690
8087
1566
9891
1192
8293
1683
8818
8838
9612
6781
4142
3786
853
5517
557
8543
6586
8695
3303
1295
1368
6193
3331
853
8851
6287
4053
5179
208
5658
5221
4647
7224
1464
5839
5517
3148
1010
707
9112
7791
4850
2898
4997
6719
9807
3540
3305
8503
3195
4601
9871
5740
7932
724
4592
571
1129
6123
779
6787
7697
5426
363
9161
7617
2233
2309
8627
2940
1422
2771
7790
4320
7768
861
4128
7660
4167
8983
7207
8768
8854
2948
3052
5930
3892
9975
3411
6367
754
6550
4064
2532
3265
3226
6501
5498
5535
1481
4791
6957
604
2581
7630
8372
9795
8110
2384
3962
7093
9591
9082
2299
8891
8486
4581
9135
8461
7992
5503
5567
894
9567
4451
4159
9145
952
9658
4681
2433
801
7990
3037
3382
1972
7761
9529
82
6497
3491
3527
2441
8925
2178
7684
7411
6759
6820
5872
1103
2323
7791
8349
8242
2242
2509
7388
9547
8519
8421
8332
9320
6411
7722
9054
4736
5483
8584
1170
8333
8427
1050
7126
7353
3228
4810
4764
6340
1630
6989
3795
3953
4780
2145
2196
3375
4654
5936
2922
9525
4357
1254
8845
7120
5328
4251
1856
7164
2835
3027
5497
1263
4077
2623
4968
3657
7433
9732
9997
9064
3073
3793
9369
4206
5938
7917
7581
6944
3853
6855
2821
4562
4461
1666
1683
9790
2269
3539
6954
1457
2918
8803
9072
6995
1426
4040
653
5211
124
7002
627
3198
795
9997
7404
3085
4266
1337
6381
4472
8192
9202
9034
9005
7220
717
8795
9490
609
2101
947
3527
904
6371
523
2330
411
7528
7542
535
4530
4521
85
1678
4518
7489
1115
5137
8826
7497
9609
3370
3051
8643
2376
272
9361
7523
6114
9970
9625
3413
3497
529
9784
372
2860
6547
4252
6754
7082
8783
1275
7168
6813
2146
1009
7928
7283
6188
1777
3244
9558
4829
1887
8286
1453
7600
5810
3919
7570
5435
7332
7420
5964
3468
4144
5176
15
8397
8282
3449
3532
5910
6969
6697
4408
7979
4625
8043
4167
2755
1287
77
7584
3174
4716
5389
775
526
9308
4697
2313
6640
8469
4629
6460
8966
9806
6475
3715
4440
6276
3599
6702
3246
296
1110
7577
1273
9153
1744
4028
6792
8173
7964
9967
2889
3353
7094
9767
2661
8143
2080
5653
2965
6710
8465
1931
2868
4940
5646
3660
7569
9245
363
815
5893
1473
8392
7166
6979
6488
7547
3771
1013
5511
90
255
5217
3536
22
7878
8032
8455
9884
997
1517
8349
2928
737
9642
4926
4397
7211
523
1112
4378
2768
8938
9122
9934
2269
5610
7481
6040
2975
9345
2483
3230
4562
6019
9605
8792
4051
8060
8676
1400
5929
3378
680
6666
9372
5606
7415
2935
2481
4880
7313
5249
3818
6435
1536
6087
8397
5369
8479
1372
4714
962
955
5628
3334
560
4421
3737
4972
9449
5138
7253
9179
5818
271
8551
7777
4038
1486
258
8918
5151
1860
9088
1586
3396
1527
6335
5117
7
4060
9832
7321
1367
1812
655
8279
6233
745
3251
2035
5883
6856
1214
1701
7127
6118
9478
7517
7604
6089
6436
9108
7949
1876
694
7697
3404
3382
2814
9763
7442
8998
7084
5161
811
4092
3440
3396
4837
3043
1783
7072
9899
9350
8773
3378
5468
4604
895
9424
7045
3683
4884
1346
5560
1931
9043
5316
5313
8209
5079
9107
3560
2163
4268
723
2607
7708
471
7444
751
2255
4516
650
7957
9642
380
9777
598
1275
5553
7643
4959
438
8989
6871
2369
4384
2187
7682
8945
7266
3141
2505
5781
7409
9580
8389
1469
52
2185
2220
8659
3054
9222
6616
2696
9602
2745
9646
7229
8298
7289
8540
8736
2630
5411
7457
3366
7598
1491
2311
1216
4632
1169
6998
8393
749
5387
9862
7153
3924
8434
5812
6978
4008
8780
6026
9962
1525
5672
7192
9824
9313
5732
4912
1943
7496
8722
5309
5094
213
3973
6311
1198
1494
9661
5943
8595
1400
2158
5749
5324
592
1561
2303
953
342
8329
915
8219
4002
4459
8043
3315
6544
9308
1611
4040
8030
3272
5486
4595
3597
8149
5793
5091
7810
8089
3687
9210
247
9436
887
839
7349
3190
8144
4043
7871
5412
2263
8225
9871
6658
1541
2767
5966
9504
3159
348
2776
4998
1296
2726
3147
3441
7817
7310
1530
7856
2872
1777
3644
3759
8969
994
3301
7113
5037
1173
2525
3652
9398
8749
311
7291
7868
2629
6795
1028
2978
5924
6026
4274
8650
5525
4067
2819
2835
5598
676
5708
7375
4320
5819
6344
1666
9121
9810
3056
294
2335
6708
6044
7436
7019
3336
5305
9649
6483
2685
8979
2407
8711
9605
7409
4236
3672
6581
3424
9270
7257
5484
2998
7929
1303
9342
9596
6776
5504
2652
3422
4192
5712
9467
1628
2732
9155
3285
8733
5638
5970
4064
4398
1033
3669
8159
1622
3693
4740
5046
9316
1997
6882
2314
6279
4537
8008
5875
1314
3513
4879
4736
7705
591
555
9333
9675
9710
8971
4760
5349
4941
8824
6099
2327
8845
4258
3949
2539
8999
5347
1855
7348
2229
521
3627
6766
8529
5854
8080
2042
733
9169
9747
1325
9724
5433
7352
5787
4404
2113
1136
5697
937
7235
8024
9783
1493
8325
8674
6844
3672
6881
4193
2253
7402
7820
9020
5931
3675
3452
7974
760
8973
4073
2085
8698
9506
5790
4485
262
7903
1973
2312
8840
5560
6688
4975
7053
5014
1
250
5038
6882
4443
7292
4284
2263
2664
216
2290
6116
4542
3051
5090
8615
1488
140
4474
7278
977
1088
5181
2950
3400
374
4862
6441
1701
1915
1455
1703
8517
2845
8585
2960
137
2870
1576
2801
9438
3866
5270
3980
3269
360
8947
4758
6852
9773
8388
7829
862
3570
7131
614
296
1993
7055
8349
260
4862
52
8778
7708
4990
8090
4197
4212
9666
3351
3650
3533
8621
3982
6802
5333
9281
7912
2185
9055
6301
6366
9917
6223
3497
531
6519
1842
3939
1220
8454
8801
1273
3584
2861
6263
1675
3411
6827
1341
6762
6829
1226
5383
811
4381
716
92
2293
9253
9147
4946
5619
5416
1169
5468
2300
4040
3662
6239
5261
2116
1392
6534
5701
606
9149
7376
4017
2328
8717
779
9157
9944
2514
6320
4325
3230
6412
2970
8835
1912
7917
4454
3680
9086
6274
5980
9479
9936
8571
4740
8404
9964
7626
4105
6922
3127
7833
939
5455
2903
8070
964
2847
584
7284
3524
166
48
2846
9001
8312
763
9807
1993
6202
6081
4325
2033
2369
2897
6773
773
9213
751
4879
6135
3878
9064
3426
5685
1967
1496
6649
1166
8432
285
1042
8598
333
3889
3951
8646
1004
3758
6991
3558
9839
1316
5591
8560
4213
8716
9333
3426
9467
564
5913
9697
9629
5691
5382
1596
7187
8383
2763
1971
8668
3805
6921
5354
7694
872
352
5051
4630
7343
8609
821
8659
4201
9381
9225
9269
8715
9003
8737
5631
1269
8434
5260
6960
169
6857
500
4904
9620
2471
9925
9777
9393
5279
3824
265
1983
8875
1248
9326
7484
8421
4337
8037
4155
9914
3659
9222
8918
2396
4853
187
7182
114
7147
3703
6971
7647
4960
2943
6471
4885
9072
5864
6516
2896
2481
8499
1771
81
4177
5608
8503
4866
9997
9010
4781
3656
8232
51
2404
3085
238
9587
9551
3737
9642
6522
7737
4602
5817
4208
9487
4890
6424
2355
7786
8905
854
5910
5339
1383
1518
194
6250
7867
9204
7383
1524
3788
7434
280
6873
4024
6219
6425
7761
5862
9299
5498
464
1469
6058
6304
2711
2482
8659
6849
7740
5866
2759
3079
3601
629
9625
9851
4849
8829
3586
2725
2617
1020
3005
5842
5044
9225
8619
9158
5087
4271
4656
1903
2092
7067
8207
4803
9549
3219
1652
3641
5437
764
6720
9038
1393
6345
5242
6242
1526
8828
8967
495
9849
8325
2690
1245
7550
1309
403
2637
1932
5060
892
4024
8479
9100
8827
8028
8671
6832
1670
4108
7596
4742
3146
5341
7440
8388
7936
5318
7217
3255
5814
3418
1580
4856
4663
9130
6165
5067
8119
4450
6479
5364
8474
4958
4464
3654
9338
9487
486
7360
3595
4434
2103
6741
9775
5895
1482
7711
1213
8699
967
3379
2117
8899
8235
3132
4382
753
8199
8853
5203
4678
4217
3677
5988
5033
3683
5327
4520
4169
2687
8115
8603
1142
1209
4731
7037
2691
2442
8251
1390
9761
1630
9859
5013
9866
2991
9395
619
7543
4600
2174
8573
8818
2203
4562
3851
5887
6241
4724
6408
8928
2839
1364
71
4048
6095
3460
3091
4889
1711
4481
1003
9694
692
2368
5912
36
1763
2883
7579
6363
5057
2504
1533
7260
7066
5385
9499
3307
6461
5908
8588
9300
3624
5011
9701
9719
8471
2792
960
6535
3626
8315
6229
4318
683
2141
706
2446
1376
4637
5162
6433
7142
6695
45
4208
8432
9545
3868
4893
1805
2456
546
5429
7467
247
1500
2290
9391
2460
8825
3017
7128
5054
3688
7811
3547
746
6610
1275
5384
1772
7708
2526
4819
4106
3086
9604
3
3306
849
1808
2114
1395
3589
5933
7994
1441
8224
3738
253
7049
3107
7381
8456
3147
5193
8355
3894
1803
9631
9278
3575
3691
8156
4746
4149
7594
702
4152
901
1552
2312
3015
9299
2253
8949
3646
3694
7173
7384
3948
574
491
1329
5382
3639
6522
3738
3885
8325
9721
3163
8252
3412
7671
9351
7562
5265
53
8066
2518
1605
379
1886
905
2632
835
4551
6327
4360
8287
275
1286
8778
7956
6669
8769
4479
407
2654
9156
128
2169
3761
9892
9840
3112
3806
1458
9517
1873
328
1123
2252
2214
8380
1236
9401
9283
7563
3761
7570
4190
1400
2700
2147
8069
7822
2978
4828
476
2134
1308
2646
2247
1200
8838
1711
1359
6648
1229
3232
3329
8704
5484
5543
7084
3072
1297
2719
636
1410
6641
1178
2810
9341
3325
879
7163
6303
5707
3992
4790
7015
2990
7037
4568
1828
8749
5927
4829
6330
5511
8158
5034
995
53
8470
419
1350
1189
1055
9113
7830
2234
1923
3523
1911
2803
7039
4567
4862
7383
9357
8230
373
2746
9150
8553
7847
5077
9734
4177
588
7892
5563
7935
4298
4033
8354
2000
1574
5762
1113
5756
4348
3037
9280
6259
2192
2671
826
3406
54
6535
1636
6779
5634
786
5332
9833
2215
5067
363
9155
9311
5926
3442
9961
9960
8149
1962
1534
263
9427
7291
4611
8816
2923
7222
1008
1946
4401
4415
8352
936
2403
5131
2922
9542
6815
2756
8109
1882
3119
3617
7546
9045
7059
7507
5357
1560
5821
6892
8175
5249
535
2786
4065
9810
6361
1426
1756
762
5841
108
1698
4596
1591
973
4138
8406
3729
2248
6641
6848
2217
539
5893
5628
8046
7603
7189
3868
847
5364
5469
1382
4503
5886
7544
864
7312
9300
1626
9505
5760
9676
4102
3703
649
4592
2109
730
3192
5102
7578
5409
5641
9824
1038
40
7427
8227
260
8274
9943
5729
6008
798
1615
3552
1662
8928
9204
9640
4785
4964
5669
8887
8667
2670
3480
7128
3401
3024
8583
979
8434
4224
7155
9472
4264
4582
4051
4524
9208
346
6605
5216
1145
8221
8768
9159
3501
7972
5152
8286
9288
821
3526
4307
3491
3358
1436
3244
6382
19
576
4816
595
7731
640
4860
8666
1043
5736
7874
1390
2342
3091
8887
563
8211
8046
416
6184
3198
5054
5472
371
4932
9780
215
8290
7568
3459
1025
3939
387
5841
4534
8119
2834
5746
6785
3877
1483
1011
1619
177
4102
506
7092
2314
4905
7508
4850
4455
8914
6674
1179
3847
2806
1394
2137
374
1205
3162
665
1593
5356
1552
6064
4542
3650
9201
4771
1485
212
2743
1662
667
3249
8754
2981
4506
2614
4183
5314
1529
857
6493
1728
3664
7887
217
390
5444
9732
7408
7037
1440
8960
9453
5982
8962
8654
7105
448
8867
9848
2110
9534
9450
7217
8867
308
9831
3050
5622
7712
3907
2115
5792
3923
6354
6010
666
8151
2094
8074
1540
3534
3386
994
5868
2348
9648
2973
2796
8515
9174
1259
4401
8624
4828
3268
8932
1011
2670
907
8724
6578
9374
868
6853
5729
6878
7519
232
5324
1945
1772
8858
5331
2766
4726
4032
2415
4052
3180
7282
3226
4439
1684
8202
9267
1304
7134
279
3975
4393
5355
6905
3768
2575
3758
5849
5806
7630
6081
1130
9575
7853
9989
1259
620
1067
5291
3035
5119
8471
6669
4697
9263
8353
2899
4882
9658
6386
5161
3633
779
6868
538
4547
9444
648
396
5250
8278
6477
2732
4206
4331
2721
5465
4951
3789
7108
4338
5260
1931
1007
9958
1194
5713
2857
6077
1723
9243
7590
1708
6375
811
2246
922
255
9246
7671
1857
3877
4148
4589
8083
4831
3663
9900
6134
3804
3360
472
9064
5291
7832
9022
6486
9897
8232
8915
1620
3827
6505
3328
202
7316
1926
7477
3923
1172
5148
2132
1401
9296
6722
5836
4128
6737
5736
6614
541
5448
7087
9605
740
1271
4980
3578
1168
9564
2493
9140
3391
5350
8820
9946
2667
746
7423
2942
8270
2571
5075
9672
1867
8149
5508
2347
4886
7597
8962
5427
3045
2401
1384
137
24
2716
3715
7544
2280
2560
6684
2024
7911
5504
1970
6930
2602
9393
9872
872
1964
4947
6896
183
9448
2405
8883
4334
6354
4197
6113
9399
6598
3850
9537
2974
6566
9604
518
5199
2165
3554
7223
76
5410
5545
7006
4364
1290
3230
1588
3254
4530
8485
9789
3978
7242
8672
4665
3596
9221
778
9347
5819
980
5236
5145
3899
4841
2015
9098
3358
5569
2673
3434
7331
4570
6792
1695
5860
22
9636
5466
4552
8121
5255
4883
5363
280
9548
5311
5853
326
1010
1673
7659
6247
3170
1558
7440
5186
7008
798
7107
9681
4232
4439
603
7376
2486
6463
3750
2122
1929
4655
6595
3536
9538
8310
168
9086
3621
6022
5764
4632
4047
3423
7231
7217
1333
4671
8755
8341
5469
5863
8022
6053
6654
8625
9781
5492
1440
3531
7615
3369
8186
562
3258
4076
8873
9778
3162
8846
2152
5279
9830
6199
5054
7061
9769
6388
8084
4876
4729
3553
739
2752
5958
7393
7729
5739
2886
9170
9271
6853
8891
3809
7415
8501
7886
6288
8280
1048
5135
6784
2679
4965
2984
7734
8379
9105
4122
6463
3981
8851
6369
1073
7955
2327
8466
5685
8067
7704
1207
3690
4557
6450
7499
8325
4952
1737
965
9584
2786
2452
6368
1817
3770
5704
9551
2149
1161
3673
4964
1495
2525
1333
2568
480
13
1034
2517
4432
5091
76
8122
6000
6527
1973
4325
1479
3711
1643
7415
2849
4095
135
4666
7865
5840
570
6366
3353
4243
1331
4848
3120
2664
7416
9953
2677
4803
2470
7109
9894
2547
1583
5894
5426
9909
6572
3257
3620
8215
672
2821
2310
807
7487
6528
2999
8057
2894
6353
8653
4225
1201
8125
3242
8618
8078
2271
3421
6901
5733
9667
9448
7316
5561
1226
7225
8485
4483
7197
6700
5155
18
5363
2314
3858
8243
1666
8267
1137
8019
3272
1715
5572
1398
1309
4190
9476
3580
3963
6377
9313
3630
2177
2982
5544
3403
6559
4029
7886
109
7082
9393
127
8797
1708
337
7040
9726
8605
4529
7745
1877
2596
3317
3275
3905
3860
2752
3838
4175
5481
9503
4158
7659
2485
9702
7414
5397
83
1653
5506
3517
1046
5633
8666
9106
2323
5706
8832
928
6588
2929
2805
9184
2599
2433
9442
6459
1537
3280
6986
7018
2783
1144
1029
1621
7198
4796
7018
3634
6449
2524
7151
3847
4509
2170
2954
6832
7876
8138
4112
816
1068
3270
6353
3667
5703
5795
6478
3592
9075
3464
6962
8210
961
4344
9831
4511
9140
3201
8145
1941
2077
1649
5788
6587
3819
8742
9771
8047
6881
236
8864
4301
3506
1569
7968
5561
7364
798
9153
2791
614
6115
7353
7927
459
7185
2439
5951
386
584
7892
2464
2233
3681
5403
6052
8775
1526
452
2008
8114
5668
6309
1620
7237
629
3533
953
7779
2686
3744
8394
5154
1097
6321
1965
4634
5112
4269
1373
5697
2161
189
4282
2194
5592
6687
970
3470
7139
9330
1585
2807
1992
9557
44
2621
3091
997
6753
2129
1093
5147
3635
8542
7820
5601
9529
2933
9870
902
4982
8383
1091
9264
578
3035
2303
7900
6505
9442
7230
4442
8601
9222
4000
4997
8196
7091
5994
4949
5572
3439
6448
9208
8334
620
1161
7863
9905
7383
8765
4887
5766
6208
504
2696
9243
2807
6948
2100
8602
531
6543
7203
9753
543
2201
4301
3986
4547
5602
5910
4339
8402
5118
2673
9023
6279
536
8928
3662
5653
168
5781
1861
7024
8477
1104
9831
1778
9556
4785
2309
6099
1989
8414
2994
542
2716
3332
1441
8318
9243
5780
6721
4361
4805
2096
6993
5341
7376
655
994
7544
2788
9207
4568
7618
6663
752
9396
6220
5537
1705
2319
3878
119
1666
4420
9187
4998
2214
3858
593
7994
6931
4955
9152
9027
8300
4493
2755
5307
1840
300
8096
1047
1220
5714
7711
8324
1462
283
3862
3167
2602
4092
9638
4268
4865
8826
5619
7079
9036
6212
1425
5967
7519
577
1346
5819
1423
4101
7479
3263
753
5575
662
8326
7641
4725
6650
9103
5008
6864
8622
3963
957
4612
8231
5822
9790
202
9253
8826
6415
678
1145
286
1256
2491
6106
9031
6593
3585
2294
7346
5512
9308
5672
9505
4034
8675
8608
5394
5539
3582
9357
2848
8194
3941
5022
7985
4143
4275
3163
6910
4954
4309
7197
2562
6800
9655
1593
9745
9592
239
3444
1456
9547
5468
961
9933
4143
9569
5328
6035
9503
1037
8883
7697
4978
3906
2034
5474
8181
1550
2384
9487
5859
5933
8401
9011
1940
6346
5109
1532
6585
8553
2988
2485
4021
3949
2418
4517
9870
4098
552
5725
5136
5787
9775
6466
6045
1809
1940
579
9711
677
6418
1922
6610
4820
934
8551
1166
6043
6435
4104
948
5776
6589
4969
6077
5359
5838
2300
9458
2742
8025
946
8530
7800
7412
927
5962
9353
1506
5673
30
7925
3948
2992
9097
4882
7895
263
7277
683
4367
8225
6459
7308
9546
8888
2668
1737
1188
8478
4479
5566
9424
9361
3366
6836
289
5680
2541
1795
7706
8923
6072
1654
1916
5169
2888
6163
5433
165
6846
6152
4742
9657
9813
640
8546
2481
2377
6086
959
3209
1652
6735
2570
1371
9923
2859
3403
2465
1007
1109
7740
7079
9115
6008
2249
2003
2172
4034
8520
5370
6538
3262
5028
6351
255
9926
5184
8984
2364
2495
2193
369
9230
4764
8092
5506
3975
1495
7971
4982
8957
2063
8414
8072
8072
663
76
6596
1049
8596
1966
3939
8211
3346
6643
4818
9624
1827
3802
1989
4323
5996
2358
9905
7112
6802
5411
1087
8297
9734
6070
3606
1798
4484
1679
6222
1499
8107
2818
8900
3055
4784
2839
7618
4483
5834
2436
4107
7662
6239
6096
8337
8587
4806
4594
5699
1608
6
6786
6258
6092
9208
6216
7890
3692
4247
4112
1543
2354
3282
6795
1762
8067
5987
9380
8902
1821
8169
3009
9483
4408
9106
4172
2995
264
8767
5046
8225
8773
1832
835
1217
1041
7051
9108
1085
1299
9572
8981
5
2855
5776
1767
7274
1763
7500
6176
3585
5669
9185
9420
6429
4643
3593
5776
1260
8712
822
5837
3837
2654
6672
5054
47
75
4162
1133
7726
87
6466
7732
9294
2242
5851
6568
4006
9703
9096
3943
5372
8281
3363
8153
9277
3308
3929
6889
2020
4751
2726
5857
7406
9398
912
3805
9473
1426
1290
7200
1513
7756
1284
807
9999
3487
3727
357
3191
2823
652
4915
7457
367
3069
3086
3676
6998
9975
2048
1750
2701
4258
5508
2099
5170
9313
7924
2948
604
1476
814
4712
9112
1621
4711
2600
1701
1420
2143
4524
2072
7058
8333
8792
127
1419
2468
3478
1394
868
5228
447
5126
7088
8898
296
6401
6823
9597
3357
4651
411
8070
116
8384
9133
9068
85
554
1211
962
8978
8269
9295
4122
4749
7067
6590
8227
4813
3811
9807
5261
8937
6895
4159
5586
9648
7334
5183
3006
1986
5594
7428
8454
3978
6561
7522
416
3467
8733
1378
8798
3354
7025
2920
8103
444
5863
2682
5258
9674
8841
519
8611
5736
1030
4197
1737
8365
5732
4743
6703
1326
2171
5157
1657
5084
2679
2073
8552
1412
9803
7350
1118
3180
6622
5574
3625
2485
8256
5235
2159
7098
5754
771
9186
3136
1320
923
1501
7053
2018
8204
4731
541
3361
6388
5626
2392
4813
530
156
968
4232
1275
4149
854
6849
7774
3340
1457
9361
5499
4907
5115
2622
4094
8251
295
1369
6105
3700
3388
4309
8431
3929
4023
1172
5907
6415
2337
6437
2924
3306
669
4199
7455
1524
7400
1581
1216
8857
942
6715
117
2409
5690
563
7012
2337
1932
3117
6037
5320
3779
820
5602
7802
8344
1509
569
682
4299
9845
3988
4968
4044
7795
2844
7796
9376
4060
3006
6670
7128
3123
9079
9170
3686
2443
1507
5618
5561
3896
7291
5692
4716
9245
9846
3061
7106
6767
95
1405
6613
4083
2726
7009
8230
5570
4806
7606
5983
4164
628
3111
7287
6059
8633
7325
8502
140
9295
415
388
2938
6107
5104
2183
5953
4517
9290
2721
4612
7047
9334
5047
9773
2695
3277
1696
7501
7235
7679
1665
7863
7142
5304
274
5775
2629
8777
2267
8277
9192
2655
1215
5300
4111
3399
7605
8629
9041
6678
9593
2440
2364
993
2214
5060
4270
262
8913
7858
4293
579
2073
1435
2235
2348
3562
1217
1125
5829
9494
6669
8484
709
8321
2595
460
5927
7576
9501
2605
7170
1942
4970
4515
508
30
5137
7122
8943
2995
1415
5874
1421
9202
8110
121
2764
9327
7598
4945
5173
4267
9781
5882
2589
8728
6343
4868
6305
2196
7473
9827
490
8795
4342
7350
5177
9479
4472
473
8827
5887
6347
6600
1441
809
6721
557
6488
4319
5502
1661
4938
5283
7544
3879
4012
239
8747
6669
2435
6221
6496
2926
5016
7190
276
6546
3021
1101
7019
1848
3340
3366
4800
4782
528
1521
5339
7016
2192
7194
5030
7131
2477
8926
1010
2841
9165
9758
9510
7952
2331
2358
7230
3699
9548
7507
245
2570
8608
7264
770
8300
6983
5571
3082
7511
3444
4774
879
5637
1968
5909
9120
797
1187
130
9991
352
6240
9501
4657
8571
8212
1887
8623
4112
9394
8868
6682
4354
2485
3805
9007
9468
5728
2089
6979
9172
3215
4210
4809
5183
6472
281
2333
7659
412
2324
4364
3004
8177
9021
7928
6389
908
6551
502
6655
1771
3536
7361
4256
3693
6368
3724
9421
4810
7055
8594
8025
7618
9755
9561
4090
37
1894
8101
6801
570
2465
6157
5099
7838
4085
7841
8747
6988
4695
1754
8760
8231
5467
9368
8277
1836
9445
7698
6646
2852
2644
1023
470
8752
584
912
5141
8830
9014
1942
9400
7831
8099
4500
5670
8537
2341
769
5525
7036
8875
637
1619
4342
6
6248
6178
5803
3947
9176
8655
2943
200
9126
1695
784
38
6836
5967
5404
5130
5367
3236
9582
6219
5258
8119
4912
2379
9996
8300
1254
6986
6272
5596
3344
2520
8127
9147
2819
7303
7802
5763
3855
3280
3810
992
9671
6999
6959
5075
2129
8678
4663
1711
4898
9921
6182
6162
2300
2531
4463
9906
5869
735
5503
9213
9607
3630
4712
2427
7285
8866
4542
1141
2147
8352
8485
1818
5351
5444
3245
3833
4122
4261
1896
5372
534
4431
1535
9187
6962
5998
9093
9183
3085
948
8396
2692
4578
9460
1471
8216
8326
6013
5709
473
718
4194
8643
2421
9638
8241
6254
112
2502
4503
5485
9388
8934
7020
8575
5896
9370
7669
5079
2455
8617
9827
1499
9548
9287
2971
4116
7613
5336
9825
4439
2406
371
9434
1180
9
7675
7434
121
6529
8289
1958
2270
7223
8978
845
9471
8348
4866
902
7155
9836
729
5007
5736
6368
7978
9852
334
9666
6029
1125
8425
6400
559
9605
2761
4587
3391
9234
7468
1681
1193
9738
8904
6523
6936
8376
1224
1802
9278
4731
1638
6360
9738
3726
9080
4068
9930
9414
3735
5959
539
8512
8711
7451
8117
1472
2038
7860
7059
5858
9541
8252
1949
4798
1127
8885
3174
2351
687
8804
7083
8678
1516
3173
8756
597
7242
8687
11
7329
4646
6903
5841
9710
4354
310
1182
2744
8170
8241
4954
4064
2845
6903
8862
3973
5788
8388
2676
6476
7192
6111
1506
8709
9285
262
9306
6527
8949
5669
3856
9948
2572
9697
9658
3278
6359
7192
2374
4529
1786
7329
8593
983
4232
7455
4956
21
5843
3985
2849
9388
96
707
4449
9381
969
107
2260
6271
5776
6116
2571
4701
2165
8581
7979
8524
2125
354
9406
3911
4035
7999
1247
8267
1807
6203
8288
4002
188
7489
3390
6637
8196
7839
6018
5518
7946
8279
8141
75
747
7064
4776
9265
5645
9107
7789
4122
5813
7195
4386
9848
1547
5633
8116
3354
1836
2756
7356
8377
246
7099
5014
4794
1290
7384
312
5589
2015
4805
2016
9115
1869
6792
8380
7514
2251
6169
7989
4417
9717
2375
4265
1264
8008
8733
970
6196
7842
4678
925
8088
8129
2291
9234
5772
9676
5899
1361
8043
704
3377
7158
2574
6521
5538
6440
5124
8060
4429
9541
7777
6804
159
5393
1164
8892
2715
7361
6734
3745
8286
1174
1875
6930
409
7647
6606
2660
5360
1001
3364
8737
8160
5938
1610
50
2379
3086
4462
6808
2628
8591
9965
2787
3984
1129
8031
3051
4842
4766
6797
9481
2292
8672
6411
9053
2671
3017
1713
8031
370
5078
3120
4882
1016
4730
4933
9747
7816
5747
2908
6796
4339
2873
9583
4675
354
7615
7727
5197
8733
4524
4678
1025
9548
1089
6431
2219
458
8144
6602
828
3222
9722
5711
591
804
6996
6690
4972
9095
9598
1769
3434
8823
7704
8110
9178
1671
5837
4375
404
6713
5405
7782
6261
6494
4213
4832
6952
2357
1434
4132
1932
7508
6195
8875
8312
9543
5565
3284
8639
5164
5053
2073
3987
2758
183
3165
781
2372
3892
1186
9085
9297
5320
1698
2143
5885
2882
5447
4594
668
9580
2878
8176
2127
1753
2840
1671
7319
6125
6662
8835
1178
5087
9174
288
1623
8692
7422
3995
2584
4960
9433
8234
280
7483
377
2517
6718
5825
7111
7386
1757
9990
1915
3884
1743
4755
1907
5414
7232
8569
4249
4763
3657
3424
1403
5280
2116
8825
5627
1052
3785
5060
9286
417
8896
6016
2934
5614
8193
46
9352
9950
6388
1267
3834
4483
2375
2094
9898
9607
663
499
4370
672
275
2126
5952
8743
951
1580
9796
4737
2992
5434
5154
1888
1450
8089
7502
9643
4487
3207
5945
875
826
9780
1710
3201
1874
1608
9161
8889
8460
9883
9562
8735
2009
1866
7479
2961
3446
7275
4050
2791
9061
9204
4679
512
3645
8534
6507
4484
1741
2453
1711
2567
8585
3422
2121
6811
1382
7634
5700
9842
7517
1614
8578
5879
3481
2409
5192
3279
6036
9242
6070
5097
4798
7102
1961
4796
5636
8469
9280
3729
7274
7344
6296
2211
7118
4769
9022
8500
2403
1074
4695
9921
2689
3273
2152
2522
2034
7344
5801
8070
6586
8224
3167
1384
5326
5129
2532
962
9950
8165
1043
7224
5509
7339
9435
2627
8461
4809
1127
864
2235
5822
7137
1276
5447
9289
3798
3833
6633
5952
1903
3219
4176
5071
956
9502
6552
3488
6816
6502
8005
7859
78
3514
1550
5865
6141
11
7026
3621
876
9261
5795
4365
538
7595
3655
4336
1428
288
288
9684
9860
816
1107
7168
318
7659
7008
7134
513
5014
1345
6943
8528
2896
9160
1022
9259
6186
995
135
5447
3142
853
2337
7089
4508
3026
8518
1148
9666
4554
1008
483
5661
4528
801
9672
1537
4288
185
6551
5633
3480
1431
4881
2640
8805
4141
8826
9800
628
625
9295
1481
2963
6384
5989
5989
1254
7138
5655
5808
4498
2490
1469
9027
3292
1141
6916
3932
7678
9819
5917
1158
1250
799
3798
6408
4940
8976
2560
5568
9602
1855
3402
8917
8240
9391
4906
9494
2881
6913
1655
3732
9404
3124
9111
9048
618
6027
9332
4648
5846
5249
5807
3448
6048
5957
6208
988
4934
8769
2909
4536
624
6311
3453
5216
2054
4711
4711
1288
7976
2718
5020
3732
5842
4131
9132
2812
6510
8464
7461
8708
3714
9620
8508
9762
5577
4717
7103
6863
3486
6364
1399
4110
9027
1204
5679
1081
2267
390
8721
6596
3108
3741
328
5302
4224
9461
4467
7086
7925
8280
5794
1639
7900
4303
7754
9829
9020
4857
6693
2506
7573
4444
2968
6600
2001
8647
4033
4268
5389
2755
864
4849
2848
7545
6504
7073
7006
971
4159
1283
9251
6306
9275
3503
609
7029
3332
9629
8238
6377
8487
5811
7174
7807
8763
9175
6455
2796
9795
8196
5551
7012
3046
8400
4557
5902
1825
7915
6873
2336
5550
2476
8642
1177
5979
9251
8206
5663
5232
2796
8393
71
4959
5567
7879
3722
4742
686
2871
889
8882
8422
7901
8280
3174
8810
4182
1351
3077
1055
3688
4980
9883
8682
6157
2214
4286
716
4230
5870
3512
2623
5942
4824
4542
3821
4898
5636
4507
7769
6525
9741
6192
779
8022
5718
9589
8556
7070
9019
9612
7110
3999
5847
5792
156
8062
6430
872
2292
2301
737
1267
8243
1913
5809
8416
6811
1445
9275
4581
7970
5368
7125
5101
3390
2843
1043
1947
6265
62
7911
3375
413
110
5520
569
8172
1950
7794
6816
4251
4883
4435
8846
6796
244
3614
3607
1689
2889
8188
6012
8258
5313
1113
8000
4509
2156
6299
774
8570
562
4150
8983
673
9670
5905
5197
7972
3699
2014
2224
8582
6449
7422
1730
3046
1037
5337
1087
278
9878
7099
8536
5191
4565
2889
9700
3073
9188
475
1644
6103
977
6979
6776
647
2884
1973
8619
2935
339
7195
7869
3141
4618
9599
6187
2007
4937
7274
2285
4815
4374
7174
6358
5291
63
2411
8364
5603
2886
6360
1706
215
3340
4834
7214
6224
3160
2185
5512
3499
9381
3381
6640
351
2981
2827
2358
4270
102
995
9085
828
8169
1795
2471
4584
4206
835
188
3444
3548
8246
3659
6888
9433
873
9464
2593
9411
4976
6092
8792
4710
2733
5495
7691
1912
4205
1961
8366
5200
7398
5546
3370
9193
8017
7954
9752
5205
4494
9548
8753
9093
3208
1993
8526
433
7809
1119
9844
9138
3563
4988
3848
2648
483
7891
4561
1040
9852
9279
6241
3602
4826
5963
9147
2843
269
8899
4400
1116
8448
9505
209
8008
1498
5087
4793
5660
2558
990
4798
6121
5978
4998
8770
2814
2889
9683
3854
2741
8962
6447
2695
140
8762
1842
9336
9032
7094
3736
148
5542
3242
6709
9902
1092
8148
4695
6752
706
5685
7902
6827
8016
2900
1949
830
5789
7984
1036
4882
3299
3836
3929
3439
2598
5772
2775
1630
2866
6512
8130
4760
6106
1191
1014
7198
9339
5709
303
45
7747
8205
3225
2115
7458
1526
9297
9599
9511
333
834
2810
521
4763
2601
3120
6887
5377
1102
6105
8241
9233
865
699
6776
8231
4249
6116
3941
4552
2513
8040
9110
2090
155
2920
9969
9452
2519
5832
6137
9705
4994
6659
4469
7595
6131
1356
2972
7233
7462
7565
2818
4679
8264
9595
2911
2514
2063
3204
3418
928
7596
2528
3019
4103
1800
9340
9907
672
5172
6044
377
166
9055
1198
7761
5186
8907
7086
8772
6369
4651
1590
7400
2916
1185
6663
1782
9600
6219
5200
529
3815
4081
9900
7918
5881
9240
7825
6553
4412
222
3283
4578
5629
4481
8691
816
3388
5777
5940
6109
429
7530
9862
9697
5068
6525
1479
4668
2745
3031
5197
2912
3464
5097
7183
9346
4337
1360
2251
5101
7934
1886
6031
3564
6368
4723
732
6108
6852
6672
2218
3633
4202
2080
3330
5622
4957
1161
291
4054
545
1840
6967
4009
6938
502
9707
7627
1862
8311
9081
6149
197
5112
9713
2917
6187
6797
9026
9392
3469
7596
3025
4023
9676
2708
9646
4633
221
6289
5040
766
8129
2007
4776
1419
8861
835
9047
723
9146
4480
6872
5696
9592
2937
8613
2132
9734
3991
1524
9555
1587
4549
9931
7615
3609
5929
8601
3831
2218
3641
4597
6699
5648
5725
8119
4509
2913
3518
1584
8411
7998
4809
4107
3942
4098
9073
6074
185
9416
3950
9740
1004
4852
6023
8619
8461
1952
7220
2292
522
861
3242
7222
2861
5319
5341
3722
8232
8859
1659
6644
3209
2820
7103
7151
6918
6176
9578
7103
1945
3528
3196
2949
4732
5571
7920
3194
3876
1493
1838
4398
8706
1432
7972
7920
6752
3313
1642
1336
8524
9653
4332
1733
2473
1436
8885
5744
3964
4815
2847
5909
8343
2395
5210
3076
4319
3131
2622
8195
4624
812
2593
9682
2245
566
7602
5349
231
5597
3037
5108
5250
7370
6841
7724
8806
2078
3468
2770
6893
2667
5032
1589
1415
242
1017
5734
3373
3639
281
4349
803
2874
384
9400
9792
7986
4749
6376
3583
4139
1484
8834
1509
4677
2910
315
3108
6378
9437
6353
5397
821
7942
3164
1064
5311
5250
789
5302
5531
1491
6106
4758
1875
5506
4550
9861
6608
7278
9797
747
5114
8631
2256
9792
7893
8923
9252
623
4712
5605
6020
5534
9900
5537
2950
5211
787
3739
514
6319
5230
6620
1077
3457
8478
1979
9671
5086
9258
9468
5833
4372
4451
4441
516
2344
9716
9768
2967
4429
1726
8987
6315
1626
4524
9265
6837
1664
9356
7351
7983
939
323
9060
4396
8802
7391
4067
240
6649
3535
2426
7374
7986
6867
7890
6682
2936
4011
9649
7365
5737
4989
32
7363
5865
9297
552
7529
8653
4256
5512
5944
4579
924
341
9733
8316
760
9974
1317
4296
8752
8691
8634
1971
2934
1669
4907
6945
1318
8624
9034
6307
8656
6397
8525
4305
6949
6054
9311
7557
7919
5255
2137
8843
5596
8222
3511
6357
4548
4829
7005
3300
9872
1991
5272
2806
3660
179
6103
1331
5156
5137
7638
3812
7886
6163
8118
1188
8570
7429
8745
6489
2684
7234
1684
4633
5457
5196
7342
5
6377
699
3306
6249
2690
4930
9056
2703
1461
1511
4034
6617
6649
8024
430
887
540
4900
2075
5462
8681
7173
1951
7717
4407
9987
8702
9864
5183
6044
6222
7912
6743
9528
4162
5786
810
9570
4841
2271
1081
5227
5241
4082
9603
2023
4970
6495
6923
3397
1957
1956
570
260
9673
4978
6600
8376
1194
8135
772
7416
6048
3868
3296
210
9654
4106
6132
847
2730
3565
2426
7971
7648
2029
9994
8970
4877
6917
2367
6834
8873
9290
3447
4898
620
47
9626
1814
8182
399
9231
582
4267
2527
7144
273
2986
3276
7472
5716
6842
9898
3687
842
8279
3681
9812
3156
6950
8531
6343
2175
4173
6142
7073
4793
6189
6700
6608
723
3451
5839
7658
7718
4718
4802
4343
7704
8079
1815
3420
4921
1713
7107
2115
6344
788
1927
9501
7738
6810
5844
9913
984
1986
3339
5777
4527
6391
2385
1602
9842
4576
9260
3912
9295
4063
8255
6999
8494
6422
6772
9767
4487
3879
1882
831
1020
3809
332
5110
6971
2528
1376
7955
866
1067
85
5393
7458
2470
3348
7300
3399
2608
1212
9046
3023
5819
6045
1517
2241
9169
1284
6728
9401
3166
7559
6773
3327
4244
1883
299
6772
9611
4606
3991
678
1043
9384
8136
3514
2732
1788
3265
1693
9352
2311
4716
5171
4708
6234
3764
3878
3870
6844
3279
3389
4404
52
6716
5000
8287
3367
8124
7899
4326
2115
4929
5369
7852
3066
5235
6936
1206
8500
8629
559
7163
9698
2082
1872
2284
5847
2102
6154
2691
1733
9543
3447
8137
2612
4799
6424
5979
2924
675
6657
1391
1957
2027
9243
1375
7262
6180
2581
2115
4809
3140
9278
4507
1575
7502
6791
7422
9604
9298
6465
1337
8841
9913
9474
1453
4712
2251
3785
3988
2926
442
5380
4883
8821
4623
6258
2436
803
5192
4551
1965
4684
181
2824
6259
7684
5968
3681
7288
5266
147
4978
459
6412
4452
8265
7476
6703
8402
1465
5982
5196
6845
7217
4018
7820
9828
2806
4976
1372
7357
3293
6056
3890
6117
2316
7926
8437
2349
1567
55
8848
6545
6867
5260
997
5132
2737
4053
9886
554
6387
5082
7399
9956
5452
1571
6136
8258
6547
7508
1967
9840
3565
5858
2310
2233
136
7099
4582
1703
7155
3431
8248
4022
5043
5598
5506
4132
6003
1744
4686
2390
6826
8437
8698
8631
9
4835
3241
2908
2343
5209
9101
2260
7419
7763
4493
7555
4862
9076
9259
8369
8859
3859
2391
254
9457
4249
4387
5460
5993
9073
4202
9172
3863
2901
7803
224
4088
1044
3132
2783
2605
8585
5044
24
6348
5889
3932
7563
1317
9543
5932
176
3402
4676
431
2860
8925
1170
4672
1271
6595
8875
443
458
8128
4598
682
8568
5642
3815
1351
4600
8752
2747
4624
5101
8637
4908
9016
9954
4451
4948
6483
7854
5976
3266
7066
4902
4436
1738
2525
1031
6965
2968
1490
5093
3918
8524
3661
5912
8691
1365
512
7444
4112
1489
8897
2749
6397
7913
9056
7201
9213
5539
5055
5190
5157
2121
6444
9593
211
8969
6976
7177
8289
4818
8622
2207
3343
8636
8119
2034
1
4984
5830
465
6473
4727
3215
2870
2640
8623
6423
8206
514
1478
3396
5671
9951
9840
5264
6515
5161
8592
3692
3450
3411
8666
2009
3106
7302
6480
1492
3655
1464
7323
4121
7937
2050
3688
7160
1043
2311
3583
9249
2825
1414
2645
8496
7717
8837
112
4232
3998
8704
4276
3800
8467
2943
5809
1573
6597
2289
3066
253
3754
6741
726
8043
5143
4414
5203
6186
6725
5139
1787
5902
6553
784
750
4270
5973
862
4855
9971
5918
9131
123
738
8426
5932
8663
5024
4574
8081
5277
4680
4822
6003
2723
9966
6769
4279
2504
9846
9418
4292
5748
2323
1428
2850
2945
7402
64
7800
3725
5982
3284
3849
3072
1710
6133
1736
6734
707
9817
8363
1739
4640
718
4463
958
3839
5094
3462
3685
864
4106
5785
9539
1887
8635
2484
9289
8699
6637
3014
1034
9921
3215
4106
7983
9349
5842
1070
6408
5660
9433
8148
6652
6504
8963
7610
343
4057
7424
381
1273
7883
6166
812
9770
4802
9648
9059
9853
6285
8425
887
2558
1641
1346
542
990
3540
1612
7398
5552
7397
1898
2204
253
861
6166
597
1270
9943
978
2543
7826
3496
9707
7596
4650
9356
3007
4504
1993
1432
1743
4552
9425
9441
1446
6767
2982
9410
518
8534
6807
2416
7091
7061
3278
9609
4010
900
9552
1340
9796
3730
4836
9503
1326
9487
5211
4333
3991
7205
2118
2086
8109
1543
1528
9555
8311
4510
8965
8829
9396
2124
7597
2839
9185
7227
2449
9547
8128
8353
887
4276
2084
5724
3779
3410
5211
5343
4096
5554
2548
2566
3992
657
461
5520
6564
8772
6382
5529
3953
2131
4005
7903
4970
3191
5130
7419
2738
9610
2125
9978
3886
4209
5702
7666
7619
7265
3009
8067
9171
1909
6985
3163
8918
7447
5036
5482
2571
7770
7363
2877
9901
1368
780
1224
911
5910
4995
2
5521
7120
9980
9407
1329
2034
3425
5301
9299
2786
9720
4822
1047
6706
7985
9965
4153
9373
1799
6724
7144
9162
9601
3397
6883
381
4621
4146
2644
9617
4148
8165
6737
480
3924
8067
2514
3702
3368
8165
2840
3088
2987
3888
6146
973
205
299
6698
2005
7024
3842
7519
2977
7240
754
3359
8213
4901
2355
7830
5401
6872
4568
5882
796
8987
8396
850
8707
6562
3691
8147
9549
3931
4294
6874
488
4593
9925
2493
7969
3767
6365
947
7359
7119
658
5573
8372
3013
9755
3774
9885
4323
9656
7033
9662
4404
7884
8369
966
7927
2869
6868
8210
7163
94
8698
8108
19
7544
6078
139
3909
3377
3850
7380
4035
9423
5753
3400
5531
5879
3285
6206
5535
6670
5869
9939
906
590
7258
8833
3459
478
7043
622
572
2094
8731
6944
9638
1161
7083
9899
4538
933
7279
4925
6709
9384
8325
8592
5263
7962
4798
7150
4632
667
3442
5539
1258
700
724
4717
1178
4120
1692
8102
6214
6775
5046
2204
4288
8481
2103
8826
5767
5734
103
8828
1471
8428
7420
3086
2742
2218
237
7374
9238
3679
9265
496
731
9990
1565
8261
4110
9609
6363
6676
6384
1410
8880
672
6243
983
5850
2010
3069
5953
838
4540
733
8258
7627
3475
6829
4216
850
6067
4247
6467
6563
4978
6457
4480
9591
6919
4090
5954
3595
6826
3716
2475
7499
9960
9810
9701
1970
9232
2007
2809
3772
2740
7419
7751
6216
4248
8319
3418
6667
2566
9885
3230
3896
2695
4063
3487
9614
8153
9442
3210
1331
9510
2037
5182
9470
8200
4884
1441
7432
6891
602
7556
5983
4373
1660
2199
4974
9979
1969
1641
8898
8207
1224
2794
902
5287
2634
516
9792
8428
78
1123
7938
8468
6306
7409
6668
7542
5202
452
785
2156
8008
6768
6529
6020
5320
1503
6000
7289
3145
4898
1848
4369
4044
9102
6008
6678
5971
5800
5106
6049
3275
9397
4517
9581
6806
7537
3475
8360
7989
4260
516
2350
1029
7045
8370
6349
4901
722
9990
4398
5620
8191
8767
9665
7293
4775
2695
3264
6927
4154
9314
202
3551
183
6136
6709
4073
9611
5069
8414
3872
1937
764
4901
8982
5487
7602
235
6209
3944
4633
1830
2135
3400
7847
9429
4527
6894
2693
7806
1048
8359
8009
951
4895
4145
7660
8968
3756
9081
7382
3980
1018
4499
8881
1
9986
2835
6588
2547
6780
1222
729
8915
974
8576
4696
1854
1823
7390
9660
2871
2101
4021
3823
6996
8166
7835
2316
8275
6917
6051
8607
7935
6902
7489
4288
3240
6676
877
5787
3456
2099
6517
8724
9425
1445
3420
1279
3268
7162
940
2492
5616
4961
2667
8964
9480
502
1281
4107
3771
3684
2714
1707
6938
6555
2347
178
3232
3224
2317
3040
1675
8834
1764
7453
6632
1537
8732
6252
8699
6024
8744
4315
986
7763
3280
6818
8266
913
7277
8389
949
9991
6448
7887
2899
8796
4417
6131
8372
6734
5523
6400
5569
7288
3853
8553
5177
2585
4805
3876
8610
3550
4544
5948
1313
4176
9118
5931
5089
6395
673
2390
2738
7121
277
5637
2269
4694
8120
642
1428
3644
3394
3349
7284
7247
8254
2461
6184
3060
2689
1146
2962
7233
3446
627
1409
2564
2911
2850
8959
3584
1592
8050
7057
1869
3687
9327
2915
1808
6321
696
5452
9715
397
2736
3314
8652
1549
5850
1712
4238
6997
1026
1472
6795
1653
9233
9360
4564
8436
4671
4500
28
2721
1558
8250
2761
7237
7517
4569
3558
8213
6373
9625
8611
5461
2939
3615
7010
5141
5327
1248
8490
2705
9072
5286
4358
4658
4646
5275
9446
5669
9775
5826
8391
7685
428
1152
4922
7946
2073
4832
6159
8446
4457
1122
3907
3748
4737
7269
5242
6416
4869
3732
9121
3942
9018
9832
4952
3664
5107
4398
9334
1234
224
4077
5272
7005
1581
6546
4951
3654
1379
7462
8452
2188
4937
8711
2289
9674
5980
7531
2443
7201
1263
7916
1143
282
7748
2447
298
9207
6845
5984
6794
3422
61
2066
427
7994
8612
1730
8000
6343
9192
6452
4884
4129
1515
7173
156
3847
1056
2599
1049
2319
515
8544
8953
4616
992
9252
3823
4189
5236
617
7611
1650
9035
4390
5996
7648
2472
3997
343
1665
6801
5227
2146
8317
8752
2302
8516
9808
1253
9565
2128
8121
8110
1081
2737
5454
6685
2912
9643
8274
3530
3607
6276
8917
4349
2272
6565
6822
6269
3261
4839
9423
8488
6985
7740
7241
5640
2608
3401
3245
2174
5529
7718
6636
2963
455
2090
6000
9720
8085
4274
9602
1692
550
8519
6042
2823
1437
9216
5444
4698
4055
4867
9538
1040
8959
3131
3032
1568
6533
2630
94
8414
348
6730
1377
7156
8820
3730
6876
3257
8004
6478
4950
8555
4997
7344
7730
2786
6560
3174
7484
615
4394
7023
8007
9705
6506
1040
1273
3039
3670
1367
1454
370
4449
9183
7526
9621
2913
4402
2879
918
7232
7829
5825
8582
5173
9907
1368
1733
9433
5205
2348
3827
8580
6707
3533
5086
4099
1158
8126
7769
8878
5932
4492
3327
5115
2018
2949
4381
2773
5828
1651
5
3657
3828
8587
5182
3735
6308
6915
3168
1513
5615
3348
93
2322
3233
5179
6422
4391
9657
543
3269
1941
5035
6597
7057
3406
9546
7790
6179
5374
9441
6184
5383
3269
1124
565
7004
7432
3832
6524
5297
9447
6224
1742
8121
9457
3273
895
201
2931
7791
3470
4872
9178
6419
8281
2584
2317
6071
8763
4043
1864
4948
9426
1485
2424
6343
8489
6208
175
1366
1505
5974
7590
3247
4096
7048
6520
1343
3601
5803
9134
3423
676
8313
9843
5309
897
8512
7733
6013
2556
9597
7313
8334
7435
9737
4678
5924
5945
4853
3642
7450
828
7585
7049
1276
985
3569
2619
4586
9373
8106
8009
6401
6419
4204
8062
3668
2717
5795
9681
5273
1745
6994
9959
9180
3083
4637
1456
9028
5843
1451
2830
3023
9036
9879
4299
21
3449
3270
4607
9174
1376
2616
1927
4147
6821
9989
7816
5890
2137
3849
7515
3882
7196
7474
9414
279
2112
7222
9308
4307
8673
2138
7330
4061
2018
1629
4082
1819
1251
5041
7345
2628
7658
9272
3127
831
9261
943
3073
7750
1145
588
7984
8341
8062
7398
4972
6526
973
4280
833
5998
2771
8163
60
1141
6144
4142
2960
7396
9184
305
6376
3194
5929
9503
377
1542
6799
3450
9293
4296
4038
7277
2637
2100
1028
7609
8627
2001
8242
5812
7999
7365
328
8059
8506
6472
8554
7818
220
7738
4475
2948
932
404
2452
7661
1946
5603
1111
7591
9899
5149
4869
8888
3601
5897
2849
8580
4250
7443
4393
2249
4808
4721
6661
3314
7545
5215
7484
4118
9305
1959
7066
6589
8715
5870
4250
662
7825
5361
4605
7724
6862
9474
2964
463
1723
5814
5396
5973
3257
9789
4575
4418
862
1236
7732
4759
2803
1569
8877
2108
3528
2296
8697
2244
4518
9299
9258
2344
1012
3863
6420
7874
9690
5737
4689
1413
1551
85
7387
1160
6226
8314
5578
7088
5902
9663
8200
8705
1232
3429
7165
4760
5725
2214
3356
6596
1513
2614
5292
8877
2830
8064
6751
2520
3801
7792
3933
5352
7878
7672
2865
4104
2338
8443
7545
8240
4458
5745
3297
5690
9174
462
6803
1252
9028
6511
4200
6893
9126
9492
5770
8308
7556
2521
828
1358
6666
1113
3062
4544
5138
2279
5000
7476
7075
8897
2069
1533
994
5366
3576
6521
2181
379
7773
1209
6890
1973
8103
2368
7817
225
7028
1725
9099
4208
9435
5765
5322
2498
6661
6812
1129
8013
640
8204
6911
2709
9738
7905
4428
9666
778
2961
45
8551
4170
3287
6876
8625
2008
1045
5203
9036
2771
4302
3245
2206
67
4919
1056
6728
8083
2186
4741
8723
6742
8004
7785
2832
2262
2213
2498
3040
1526
8895
7944
5696
2183
1172
674
543
2218
5877
5931
4989
6531
5528
3547
6598
447
4604
9678
8530
3142
771
3606
9884
5128
1391
2717
7390
9956
5215
6782
1482
4111
4726
3530
2646
5899
556
9541
4469
2785
5472
5810
9316
1001
9357
2266
7800
3961
8296
2683
3455
5420
6289
3340
548
7680
6057
4290
3988
7624
1072
5470
8087
5799
5352
7085
8050
5909
6626
2519
5046
2099
8329
4363
9452
4038
2981
7252
4352
1278
9935
7807
6698
2576
1147
3598
6608
3556
7888
596
7533
8960
2418
5620
4759
7771
9058
9161
32
5684
8032
5078
7783
6361
5793
3587
6752
8775
840
1104
53
7127
8911
3103
9704
6411
6701
6312
6319
4589
3261
204
3549
5679
2177
4661
9802
1235
3822
9834
6919
8207
4913
1055
920
706
4642
7672
5833
1834
8776
5886
5314
4040
8989
5018
6803
2042
7682
3122
6631
7295
9679
6533
2975
1856
1194
2777
3091
1368
8964
10
9575
229
1065
6848
7287
2060
4520
3121
3894
9649
9007
9208
3689
4349
578
6844
2743
4613
6318
9375
8260
5997
5908
1235
7853
3454
365
944
1174
5681
955
7102
5910
8372
3950
3197
6784
4822
6318
679
4471
1678
6239
4512
2379
3170
1356
5122
4135
7675
849
2395
3672
3109
9983
1526
6563
6700
2470
4090
2381
9777
7544
8291
4502
7846
7840
1286
2668
511
8317
7140
2189
909
1652
4568
431
9361
6042
918
7036
6892
9665
708
1
9648
8586
2917
2700
7409
3359
5081
3538
903
9724
8040
8749
7565
5679
1417
4428
3996
4909
6617
1257
2914
7537
1688
2275
3579
2606
9311
6823
2272
6371
6825
8272
4958
6094
973
8719
9453
2406
2257
356
2131
298
5457
6048
2329
6874
476
2677
8136
3445
3935
1050
7334
1975
3325
913
934
8988
4089
9558
5359
7266
7830
6669
3360
5155
5388
2813
3914
3998
9521
6045
648
4978
8445
2977
8204
5273
5654
6340
5070
5941
7390
2404
7917
715
9669
8851
9703
3758
4761
1415
1024
8943
4436
4384
4099
9825
3549
8013
175
9422
410
823
4400
5207
3800
2605
6832
5806
5297
1902
1748
2688
4306
9665
9755
327
4868
5811
4086
9629
3578
5110
8572
8014
5847
9023
4191
5748
3388
4366
5171
150
5189
5923
5357
5341
4880
2189
1148
178
443
2896
9218
1101
8913
8973
1429
133
1136
5515
6114
4714
6977
1038
2729
9176
62
6920
1277
9802
7639
2800
9953
2828
8723
5310
8170
9956
3852
9318
134
4295
8566
5704
1749
7479
1029
3178
7612
2166
5045
3726
6880
8374
1116
5961
7551
1178
9234
5180
981
6873
7980
934
9701
3055
2596
4223
3011
6448
9893
3145
7096
8459
5201
8845
2290
6231
8375
9902
8397
3420
9980
1629
8146
1097
7591
5697
8627
6825
7229
5960
50
5209
3246
6103
8265
5843
327
7628
8643
220
7126
2091
5032
2327
7288
7322
8558
2015
3577
6955
5435
9909
4937
3582
7358
2528
5631
2338
5705
9213
8298
5755
4422
1545
8210
9039
3740
8537
6668
8735
5110
3794
7179
6494
6121
4467
3816
1032
2835
3745
4339
8270
3655
9276
8204
1013
1804
188
3351
3861
9401
8002
5968
175
5899
4179
5567
5991
9068
2235
4726
530
2381
8257
7024
4854
9077
841
5886
1912
938
226
6534
4593
5854
1091
1959
7659
1279
1662
7872
7032
6016
3841
3559
1915
4372
9126
7906
3440
7713
8985
3971
94
7242
995
1301
6319
8188
3539
8231
9127
117
1118
72
5972
2209
8383
3631
9840
46
7855
6872
6062
1696
431
4330
2420
5910
2236
5861
3623
1221
6184
3718
4816
3531
1371
7487
8072
4910
2071
3551
5028
3189
3623
1000
5398
8359
983
5238
8405
8838
8462
819
6887
5245
5149
5659
1155
3738
7872
4779
1311
4056
4849
6127
3940
6220
3615
2012
7482
5686
5563
2510
5227
5538
9862
625
3897
7197
2215
8654
6036
677
5826
9275
2274
975
1286
3430
1065
9159
8209
2377
3215
9410
4856
7155
5630
8471
5519
9464
509
7434
1975
2088
9325
8189
9065
9574
5387
1280
8229
7775
8309
407
3402
584
7734
4688
366
8800
3847
4927
1177
7063
4337
2385
570
6319
7209
2442
5783
7718
9876
4110
6159
9201
2300
5224
5128
4039
2857
3357
1814
7518
116
5216
8102
7850
9904
4820
6650
104
9747
4179
7167
436
6565
4089
6755
3774
6531
8891
7844
2760
3001
355
8313
1653
5580
3441
5692
8437
3150
7506
5955
3266
9074
410
1117
5331
1582
4119
5435
1330
4651
8954
1766
7568
3043
4874
1342
5927
3765
5538
5039
6766
5894
3352
4772
7826
6794
464
2615
6296
7971
4922
9563
7045
1684
7032
8728
3267
1151
4163
949
5802
3117
9067
9722
2513
3941
7416
8440
4058
2955
3479
7177
5201
3183
1949
9379
6329
2413
1994
2626
6736
3268
2189
134
4953
9221
8862
8220
6724
3026
5521
8879
6143
4588
8601
8656
8530
6018
3448
2588
5325
3279
9765
6878
6463
1714
6257
2792
480
4603
5418
7216
4223
3959
7350
9176
3180
6213
3748
6257
5591
9269
5136
1734
3858
3737
6743
8740
6107
191
7680
1432
9823
7446
4662
6286
5512
7271
5430
2344
8226
7201
9561
2450
1160
3263
1626
4341
9476
1727
598
1419
996
2086
9506
4854
2175
6249
9946
8283
2792
7627
6067
2615
1425
730
5253
6937
8001
684
5634
6228
7885
5195
8678
9045
8458
6656
9738
4287
8383
6688
5706
9380
8774
5212
586
950
7813
6885
5585
606
4512
1652
9573
5937
2382
4827
9226
6736
1863
4860
2964
9748
6407
7994
5145
4866
4650
4884
5505
9386
7924
7563
5118
3051
9128
2056
353
6941
8941
5938
3899
9805
3942
3473
5742
6325
8300
1321
3061
163
2533
2377
6263
8941
6723
1408
159
7725
2644
2016
7111
6921
9579
2229
9972
8707
638
6677
2001
9579
8967
5900
9385
2909
5725
1479
9234
377
9152
8647
6892
8038
7376
3155
3331
4099
916
9842
1825
9912
1858
5288
6833
7789
3870
3157
2849
4508
9834
4850
439
5153
7102
6176
8063
2828
4008
7297
3205
9512
2297
98
7550
6025
9605
881
125
521
723
8302
434
8933
3590
3619
6723
7460
3129
5924
8320
9315
7126
5112
4469
4228
1288
2532
3408
5296
6181
6614
4809
4830
3064
8711
856
2669
9593
981
9543
6668
5635
6329
1954
9225
6300
5029
3038
9429
953
7710
8745
8079
2822
3214
2307
4111
5746
5716
5759
8279
8682
6920
3110
8098
5632
3966
767
5225
1299
6662
8245
6934
2991
199
2511
9292
1580
1901
8721
2533
9612
3818
612
8786
7032
9272
9249
9130
1340
5009
3762
6374
1929
6872
4472
3913
838
1591
5490
2137
8254
3736
5423
1245
287
7934
6889
1868
9836
1963
4401
5800
5781
1366
4586
9166
6990
3836
4648
4682
5197
8410
7408
3478
5282
1880
7392
6120
9823
2882
4609
8077
6618
6384
5675
3258
4319
2564
5126
507
4527
5879
2659
6661
3597
3597
5827
6939
3785
475
7973
8982
8886
5381
2461
4168
3613
6205
6641
3437
9087
7602
7866
2058
3987
3541
1668
4658
2458
6794
1517
3337
9025
4176
9998
8975
4125
5825
2266
7911
2653
240
3245
1539
1973
2058
2059
1939
8263
5052
1728
3703
2655
9594
5761
2994
9488
7429
7652
8298
575
5521
1635
5952
6049
7986
1279
174
163
3546
4437
2816
138
7683
707
8463
9741
9119
402
4357
4171
2130
8060
6826
8077
173
6172
3917
3954
176
8567
881
5697
6554
6833
1746
4540
8113
8273
1056
8011
2710
224
4501
393
7284
2964
6487
6403
9719
7196
574
8201
5256
3753
6278
1781
9925
6547
5735
102
5114
6616
2151
1669
9801
3898
2561
4266
2171
9969
2277
1233
194
3130
7979
7478
6095
4466
3881
5814
8014
807
4015
9622
4560
6646
1403
4486
9545
3490
940
4660
6458
3091
2681
6259
3341
1594
526
1864
1564
9155
3098
8110
2286
1077
5588
4733
1895
5821
6899
9909
6628
914
9531
1189
3912
7286
2027
3458
776
9319
4470
7234
2410
3503
9845
2104
1449
371
3968
3013
5879
7066
1123
4517
4495
3063
9250
2742
8884
6149
2651
5513
3415
8534
3054
7328
2172
5081
7138
2948
4400
1608
6534
3162
5111
6380
5266
6560
3103
5587
5926
8982
2653
3401
9851
3501
6465
9101
6243
1701
1602
5247
3566
5018
3781
6620
8698
5954
1701
5836
5254
2453
3796
8141
1968
5259
4521
7234
8171
3976
2821
449
9311
1827
3851
9162
5328
6668
4616
7923
4721
6218
3170
8288
7588
6952
4908
2638
9258
6610
4826
864
5415
8622
9005
7383
233
9878
970
8405
3855
143
8854
9518
1970
9057
8680
3650
5725
3296
1574
447
5867
4744
8735
9807
8048
9995
2446
3658
2957
3624
4523
8373
8599
9880
5756
8832
6111
3078
7237
9966
3222
2444
5836
1544
1501
4516
5195
3579
4165
3121
378
6384
7865
5465
6191
2266
5460
4989
5924
8418
8614
6799
3143
7213
6680
8899
6045
2791
8330
9635
9109
1552
8431
4945
3096
9932
5813
4643
9863
6330
7764
6593
2714
1982
2058
8906
4248
3871
247
172
2289
8861
3324
5432
2426
4
683
4824
9147
9013
811
4608
6917
9242
9553
6366
5526
1718
1009
1742
8049
8774
8335
763
756
394
6021
5004
4265
6269
1528
2906
1482
1204
8338
261
1208
5373
1437
6707
739
2248
1315
7656
7842
7220
4022
3368
5291
5032
1462
3340
158
9798
455
7266
6544
2829
2270
7161
5450
150
67
3284
7707
4757
3545
5267
6482
4982
1975
7221
3582
9642
1230
1424
6863
5252
1145
2154
6636
2607
1846
3146
8757
8653
412
5301
1482
9034
8814
6932
5537
8881
217
3244
9990
114
8511
6473
1449
486
46
5031
129
1276
2808
3344
2881
3953
1850
5869
2912
3696
9016
8022
2349
9428
9675
184
8463
8490
7116
4000
3723
3685
3596
3714
3800
2107
6539
5249
8946
6585
6632
5427
7862
9440
8771
7095
9745
6973
2964
9010
669
1980
7032
9370
1409
6707
9554
6224
1549
3023
6576
5273
6708
172
5339
6860
2279
8230
2109
7577
4815
8742
3004
9029
4534
8127
6124
4280
5100
9089
3290
2121
7421
6674
7844
8830
3381
7398
1406
1283
6773
7982
2908
9834
4506
4599
6694
6786
2829
5156
715
3996
250
3720
3026
4784
1847
5502
9064
6948
943
8706
5421
8365
5380
3265
3547
5114
7016
4954
6397
3789
9288
5657
3623
3795
256
6670
6933
3085
1826
7648
7081
2076
1368
6459
3212
9568
1962
8629
2868
9257
7335
8289
7622
2716
1555
7522
4182
8571
2476
6931
2360
8116
2588
2336
1911
2844
9006
5196
2281
7184
2845
9362
5612
565
2174
8824
133
488
7453
9353
9745
1141
7643
3720
209
9198
1242
4391
7769
70
1322
6481
8186
3910
5169
98
3106
4175
1646
5387
7711
4491
1101
3323
1409
9627
8500
7894
115
2305
7248
6213
3446
4891
9933
7
4089
1175
4398
8210
1245
2072
1043
9431
2334
6213
5881
5440
6740
7528
7179
4452
8371
4633
4127
9780
4260
2627
7675
728
4933
4923
6941
4731
6166
6874
4739
255
4401
5489
4817
1998
7562
5860
1429
9896
2073
3663
1689
8814
7543
5220
3266
5914
9853
7393
2047
466
6373
6074
7546
1306
997
839
2389
7163
4065
7128
3770
8466
2618
8587
464
6532
799
8245
6428
2873
8260
4469
8039
5803
9690
1305
8070
5895
5050
117
2713
1423
6191
259
9081
3540
1098
7823
7055
5163
4951
825
9981
3921
5764
6797
6805
6563
5043
3234
5788
3303
4055
3827
5459
3745
1484
3529
5993
6535
3646
8706
4310
9837
8966
9744
9729
6416
7567
6784
7932
8870
7609
4265
9144
9725
1063
5949
2640
6106
5535
4781
5761
9591
8608
1220
9688
6445
4749
5681
2980
4747
4388
3642
936
9706
9738
665
2474
7305
7449
406
2528
1410
4672
1672
1135
2087
3973
128
8193
9509
4909
306
5452
3517
7879
5140
9962
8980
822
9294
3728
1562
9289
1016
1268
9027
1682
3742
2685
9131
501
1565
6894
1525
9589
8029
3612
3562
8157
8157
9423
9418
8463
4875
9288
2694
16
9250
1675
7190
4897
1755
8752
538
2771
6372
5917
805
114
4954
9937
6967
6519
3183
8492
6108
1212
8456
6023
5722
6613
5446
1492
1429
6674
780
4123
3042
6383
2150
232
1280
3905
5336
8170
3029
1708
4087
3834
8174
9042
123
5142
1913
3306
9986
4374
871
8443
397
2945
5056
2195
4437
6485
8869
5218
6961
1911
1601
9111
8495
9233
9369
3831
7403
2398
5539
7842
2584
66
3236
2708
5208
5150
2366
5194
9524
3237
3637
6273
6182
5046
8468
620
7883
3690
5838
4844
5601
3791
308
449
3024
9677
4280
427
8427
6172
8269
1011
6238
7858
71
7798
3008
2438
2992
8884
2027
2982
1509
8210
8028
6329
5182
5911
19
1020
7108
1973
4811
7416
2422
4187
3445
3054
4614
1872
5578
9235
9235
8168
7093
9307
5966
6453
8097
5311
1689
124
8293
3198
8334
2673
9528
9868
4936
5899
7240
2044
7872
8403
5812
294
2590
9257
9701
7204
1129
5279
2792
365
3448
6237
6024
5766
9043
4121
1077
732
4245
5722
3931
8932
4747
9811
5152
9684
5710
2393
8080
9935
796
245
6581
3387
9502
6282
6943
6984
1562
6087
3701
1362
2325
6077
7128
1368
198
4558
2100
795
280
2383
6079
1380
8546
1232
7416
609
3625
1848
544
4421
2093
7125
4160
7948
9760
1104
4932
7674
7191
4985
9036
5868
1062
2516
7236
7612
7074
5689
4759
3707
4424
839
1439
2971
8423
8855
9932
8400
703
476
9173
9149
3953
3334
7097
3713
790
8381
1387
4333
9718
6775
202
780
9292
3790
4744
2718
9479
9503
2777
3904
6694
4216
3227
1469
9423
3159
6221
127
9987
5395
5628
3940
5081
2725
4006
5871
7458
5393
6556
7176
2169
6758
4308
7813
549
5404
531
6380
4907
9661
6636
7954
3877
6215
5775
3301
5726
1997
9780
5713
7392
5408
6006
8825
4485
12
1048
1943
5405
7604
5471
3926
715
9779
1739
7616
5183
8623
3996
6442
8284
6985
748
8513
3200
6524
1814
8927
4873
7946
992
8617
9706
6998
7442
4191
3362
8490
2486
5120
2446
7957
9046
3161
4088
7138
777
5623
2113
1126
8418
6749
8111
9166
5262
7663
2042
3429
2942
3267
1375
3935
1884
1082
7285
9326
1625
648
4168
4112
5768
2967
8421
4814
6128
2510
8304
3258
8133
417
736
2903
7166
5199
8422
8781
2862
6816
2210
2157
84
9937
6092
1968
1019
9729
7647
2645
377
8167
3109
6145
1134
1530
7312
3615
4040
1968
6873
8526
8738
3961
7781
2256
9160
6203
1037
8374
3020
3247
531
3104
3185
2975
1424
556
2705
9071
9553
3082
7239
2662
5580
8373
545
9244
8340
937
1212
5213
5815
9950
5526
3597
2207
4686
9800
3244
9413
9172
2844
6296
2276
2381
9272
3701
9289
8329
2772
8843
7763
6363
7857
9695
1089
8402
8939
9429
9340
152
995
1507
6454
6521
5104
8661
7560
4905
8258
3325
429
7454
9621
2706
9835
5245
2759
9124
3574
1883
4319
7690
8247
2177
7385
5688
6931
6325
5117
2623
2829
6112
4131
9283
8986
9235
4297
2898
492
8907
6223
922
6361
5844
9980
2548
7442
2739
8024
7368
4622
8696
5058
9221
7225
2444
4909
4156
5121
6379
3132
7950
8843
3615
3585
7829
2850
4234
7079
9695
3141
3302
6969
5854
5499
3301
4754
2941
2392
9131
309
3366
7827
1720
2588
5052
4164
3849
5560
5637
228
8692
9939
5424
2307
9876
3253
1510
4111
333
7557
3604
9987
878
9459
5486
531
565
4779
2923
9696
5089
6289
3875
6809
5229
8927
7325
9079
840
9314
5659
5884
9253
1083
4544
9129
689
6054
3240
7374
9963
3197
7361
7193
2656
9200
7724
9573
331
647
5622
5420
3288
9497
8581
8518
4777
2258
3949
5617
1572
9608
1501
7177
7044
6045
2659
4085
8451
5899
1459
4766
5448
5172
1959
4456
724
6035
4030
1056
3034
9652
2828
6323
9149
7762
4841
3926
6372
5142
5895
4297
1102
7397
1474
8146
9794
4133
2231
4598
6385
42
9364
1833
1567
7676
6290
2291
63
6672
3347
3098
6324
2528
9421
1825
290
614
2104
6662
2108
7999
959
3210
1748
2434
7709
1543
2919
6292
2493
9304
6335
8209
7490
7902
5885
132
6545
2301
6804
6245
5399
3128
8773
1172
4953
9063
8138
7057
2077
246
1409
3037
3456
3157
1823
7517
1052
1094
3810
3545
6751
145
1755
4241
4399
3992
4373
7296
6293
1177
3541
8044
657
2314
5568
1962
7729
3706
5372
9807
304
6781
9196
113
6290
1019
7630
7343
2113
1440
7240
5216
7937
5347
9457
2336
5692
182
9633
8337
7711
9526
6382
4720
1841
1950
6683
5922
2009
8407
5729
2313
1540
4925
2426
7830
2296
57
1525
762
1497
5118
5978
5787
465
1788
8123
6157
8322
4108
4495
6034
9987
7229
7106
1828
5531
3789
4102
7540
8548
9832
9854
88
1109
8632
4271
9758
8689
2148
520
6539
7266
2850
2326
7732
990
6801
241
9313
7262
1088
1699
7249
4669
8805
5429
201
8947
9531
7741
7495
5715
3947
3936
6825
2580
8207
6583
7621
355
3455
4160
7622
2657
2838
1706
3648
9640
8299
2961
3254
5740
4660
503
409
3465
2284
610
8764
1815
4704
6260
7531
8651
196
708
7583
4755
3643
5205
5110
3450
5717
9084
6107
8556
7142
9755
4548
1794
9068
7802
7534
80
8305
7943
9898
589
4906
8662
8756
9610
4922
2639
4613
1470
9699
2197
6225
3342
3754
7688
6792
9471
3124
9252
8027
267
5359
2575
8413
780
377
5947
860
5034
3890
758
1975
8796
9421
7084
4758
695
9723
9372
8518
9423
7921
4743
9117
1675
8783
2262
1146
1908
1514
5526
8527
3225
8101
6940
4005
4831
9239
4866
9865
9481
1976
8193
4630
7749
5277
9388
8445
5000
5112
6963
775
3033
8058
9893
1060
6842
2155
8559
5102
21
4085
9981
3246
2186
3273
7252
7017
2512
2118
3235
1993
4094
1428
6623
1844
3057
2364
6641
4409
7476
9956
5185
6862
8014
1430
4274
1208
3585
2833
2662
9958
6918
8995
3204
5457
2268
456
8826
1132
8926
8413
3126
9373
9841
6101
7569
9250
8465
4210
3660
2294
518
5197
5508
4884
6627
9782
6093
6564
8968
5107
6522
5886
4103
6078
7695
6371
6535
6522
7504
1813
4935
6982
1186
1129
9435
8755
6731
4253
9317
391
6547
9835
5588
2055
4720
8567
8189
7165
1483
7157
2272
4357
9396
6375
436
7091
9099
3323
9965
2955
5136
1253
6289
6323
8734
5724
1430
5465
9977
748
5857
6524
6935
7797
4931
1655
2717
9473
5172
4200
2982
7445
4910
2378
172
5346
5822
5623
5021
2139
8578
157
3392
4867
2832
2126
592
4263
7592
6921
5011
9801
9798
8298
7598
1081
9954
6667
554
5126
868
3537
8923
2130
2267
9096
3828
4441
1071
8849
6581
9650
9006
9973
869
1839
2100
7813
6102
6044
4735
7465
5845
4533
5763
3443
5614
2069
111
2521
3548
7331
2410
2471
9461
1029
7919
3289
5471
8991
8490
2052
4993
7496
2025
5862
5687
477
3676
8141
6521
4763
5606
2366
5648
7722
2162
7614
6143
2273
135
9691
5956
8897
8515
1769
9927
2786
1410
5398
1777
9900
3802
3122
3748
2179
5337
9436
2657
9013
7577
9178
128
9536
7897
5776
3610
59
3390
9753
8684
9878
5797
992
8775
4312
2761
5054
7098
523
6804
5228
423
606
4702
523
2786
39
9959
1795
5404
3889
7325
5532
9777
1574
7660
3387
1633
1051
9492
6669
7281
5289
7661
6056
5953
6774
7463
9404
7297
4267
984
4072
1226
5686
4596
364
2078
4555
8511
7482
4796
5836
9367
4573
7411
7027
4312
5396
4430
157
2066
1711
1798
6079
4120
7752
2854
1583
3508
151
2202
4492
4224
9780
6530
8820
6496
8608
9727
5007
2443
876
7196
1810
1801
959
5189
6114
6355
9620
2623
4773
7683
4421
853
1803
8525
59
9738
2033
210
8293
2877
786
8073
5760
5958
922
720
2038
5929
3163
2914
9477
1325
4715
436
6515
7181
3144
2487
9804
7917
170
4226
5122
8326
9103
5181
8064
1137
1744
2709
366
2530
7135
6126
4841
8057
6847
6879
338
10
6145
9816
1336
7212
6604
4203
4394
9748
6690
550
4018
3212
1128
5492
1538
232
674
5955
7721
2418
8664
8087
1300
5799
4214
6141
3856
1061
9372
547
7423
5517
363
5111
2730
3319
9314
7124
3068
2356
4026
3438
5569
5155
8930
3459
1739
9604
9414
9460
8374
4431
7547
9675
230
1761
2168
439
9174
1541
986
2950
7058
7701
8061
9788
1020
3728
3264
4088
2436
3643
3878
4357
8798
2809
7817
537
8765
3583
9997
7140
8014
3896
3167
8245
2010
1687
8684
1184
3228
6022
4134
6639
3723
8548
2779
4743
2276
2396
5184
1064
6039
9062
5422
4837
1871
3239
1726
637
6822
8075
4129
1189
1971
7296
9434
3981
5335
4470
1518
8564
492
2004
1555
567
6904
4334
5310
5532
6730
6846
6597
2769
5909
2019
3958
4132
1610
2036
1121
8432
111
1602
5973
8435
5250
5407
8768
586
6229
6638
9150
3073
8643
705
3640
5547
1391
5303
1080
4474
8501
7677
3595
762
6048
7554
4895
7658
5942
2368
2442
2406
3971
8416
841
9221
175
5961
9807
6405
2600
5309
5830
7595
2366
9471
9494
110
1126
6926
4584
9627
955
8179
390
7003
2085
1637
4661
8028
357
3456
434
680
1872
7627
6254
2047
9940
2413
4804
2540
7723
635
6487
6441
106
5982
6551
7584
9260
1135
3563
216
5667
3953
7219
7752
1942
8233
5780
8652
1689
2566
9332
9913
6545
5586
1960
6486
8000
6765
5378
2075
7400
1866
8516
3858
4200
1420
1442
3460
8907
5005
3676
4574
5311
7248
2327
3605
1833
4459
2257
3522
7026
7942
3435
3571
3528
1747
57
7880
8512
1788
9955
2264
3654
4824
6122
4206
2596
3916
4018
1503
5274
4047
6078
6937
1295
4757
6894
9480
9216
9152
3002
2594
7094
2789
6166
6974
888
2575
1207
5753
4363
7514
8017
4369
8690
492
8575
1286
760
2594
9142
2386
6641
1572
9323
4288
6329
6218
3768
1897
1722
3122
4492
5168
2263
7010
8494
3151
5937
9701
5256
301
7216
3274
1022
5906
118
5950
3545
7230
4896
2687
9617
1537
611
5292
2177
6940
1510
2297
5189
9584
5419
9681
1104
4034
3043
9599
7185
8981
5652
8794
5634
2868
2068
6656
5127
8538
2606
5024
5768
7502
7711
5385
5391
8322
7030
3920
1614
8540
6217
3155
4477
7988
2837
5581
2022
2232
1532
5560
1213
7185
4354
3199
53
2774
9856
1532
1312
8814
6556
3432
2669
619
5170
4412
5293
2200
8333
3259
7092
4550
6415
1569
8891
5604
3503
913
7836
5035
6473
5402
2220
827
4953
8626
9953
1161
158
1265
9976
3067
1050
8997
38
6220
3409
1684
4772
8094
4943
1864
8997
7710
9786
7888
3314
9641
8801
7503
4676
1627
9257
3249
8806
4210
1875
8760
5372
8385
6377
1700
7804
7427
697
7843
9999
458
9527
4771
4905
822
2988
3902
8533
2774
8142
1847
8767
3295
5702
3443
4922
4959
6692
3729
5522
4919
8841
894
9657
5218
8946
7461
2646
5995
5304
2645
2805
1183
3769
7710
2006
6757
7964
539
5883
6106
8738
4650
5754
4441
4445
676
5752
1138
757
7626
2409
5950
8520
2066
1169
3818
9528
167
9813
1184
9164
2619
8720
2933
6681
726
9690
998
7617
1925
3456
6355
6575
9210
7148
1021
6239
9253
8511
3348
6879
7272
9299
1752
9339
468
5570
5219
635
1736
2755
9799
707
1475
9085
3740
8553
5127
4738
6170
7053
8195
8878
9980
7405
2378
1001
3644
7983
5864
6993
4863
3137
2644
2967
8828
3112
4889
399
99
6625
3154
6250
3684
982
5335
7425
5887
463
2163
2058
3868
358
7288
3848
4116
9666
1202
4112
4002
7066
7457
8865
6555
101
8184
1735
3213
3073
2134
9664
6051
1641
5915
9735
8975
7602
3512
4862
8065
2028
6920
1933
2386
560
2134
2854
6579
3336
6967
581
402
4424
5798
3310
4526
3982
5045
4091
3407
7180
108
9458
5173
6023
5546
4148
3625
9058
9010
8043
1086
2283
6328
9825
2843
8462
9031
9422
1798
2350
6355
8553
6775
2153
1863
7653
2487
3260
8096
5895
440
8204
1705
1965
579
7251
6113
557
2662
5124
8600
100
3759
1280
6277
6602
9743
5309
2377
7893
4011
8732
6446
786
7238
4661
4791
9725
7922
9240
5620
4714
3796
3678
3032
4376
929
9145
4933
9943
621
9885
44
4380
1165
2673
7335
7260
4334
9712
5154
8346
4796
7952
5484
2034
8966
6628
8112
6888
5868
84
7954
9664
3762
986
392
4692
6484
5325
987
7105
1562
7383
7838
2728
57
5173
9988
743
4885
1494
9089
9681
9447
926
8068
8413
7554
6180
1653
3422
6264
5959
9438
27
3298
9831
1071
9782
1508
2058
3239
3071
5794
1077
2151
5851
6250
8491
2946
7487
9986
2036
3521
9433
9314
1589
4198
6868
4121
5851
290
385
1810
9728
6764
1460
5911
4187
1242
7420
6246
834
491
2040
1911
8994
4243
4514
7485
7189
2001
7471
5577
5522
3256
4891
3463
3806
8111
7584
9657
8401
7970
7820
4482
1086
5632
393
5274
6875
4165
7872
4061
4656
6264
5972
2
6859
6838
7488
400
8840
1311
5978
4362
920
7221
7826
4726
5333
1762
736
86
6084
4908
920
7171
540
7666
2445
3767
1831
6669
7828
2840
2933
153
2842
9792
6991
330
192
5831
7994
2522
6546
8914
6096
724
9992
7781
8838
728
7867
4923
5636
5140
2094
2529
2806
891
6296
4637
3912
4125
7477
6845
4278
320
2989
7621
7002
9533
9805
4996
8408
2703
262
4504
9779
255
8637
8617
983
2856
3540
2972
7996
5634
5501
802
2877
1797
1792
6789
2274
9269
9986
2904
5941
2975
526
2944
8861
331
4292
7269
3034
4555
8125
2813
4810
6762
7782
2145
5970
1323
1469
3967
3309
6970
1121
6187
5120
2913
9328
3746
8535
9315
6651
4476
8642
7177
3772
3855
3860
8065
7476
3246
8972
5601
2411
134
8715
193
2279
4686
1516
101
5005
1178
3423
6126
7365
8543
9040
3045
8642
7575
8712
5293
8403
3707
8822
2176
7562
2682
6593
5039
2280
5565
6992
4691
5699
2060
4884
4330
3098
2753
4431
8103
3931
7855
581
7648
2750
9621
693
1392
3548
5758
3037
1952
9465
1859
480
3379
893
7073
8418
3173
8990
1763
7864
1041
3823
9101
5371
6921
1854
6155
1376
2137
362
1957
9785
3112
7931
6830
857
1479
2588
3894
3431
8405
2106
263
1785
2999
7336
6555
6173
6326
8318
389
7367
8493
9490
9091
1766
7696
5246
3142
9833
1960
1452
5970
5072
9383
2801
2281
7214
1741
2528
6998
147
4634
7261
1932
3985
4598
8487
6510
7276
3158
6900
996
1651
2742
87
9770
6791
1685
9264
2976
3645
716
8947
5069
6451
1748
7351
3666
3489
6231
664
9988
865
7925
8272
1202
8875
6760
7713
2504
6270
4613
3500
4273
3707
9939
4043
498
1624
3308
3475
1621
376
8774
6690
6828
6874
393
494
6715
6624
7510
6704
3841
1787
4976
5044
7015
8088
2757
9519
4358
3722
9371
4984
7429
9310
9027
4280
7286
8687
4107
8907
9064
2881
1949
2244
9755
8695
2738
6470
1671
6600
9526
1865
8387
4503
3261
1754
8943
2370
1273
3302
6092
6996
4638
9873
6306
17
505
9944
8705
4612
8851
4121
3845
7153
6365
9952
5848
5455
2775
3871
2055
2301
5736
6794
6804
8997
8549
2100
1367
6174
5402
3811
3171
6392
3685
5829
6409
542
5774
5114
1507
977
5587
5352
8130
1952
5305
330
7407
8080
4202
5814
381
6290
8961
3538
5288
3862
5638
3007
36
7392
6819
9559
136
6856
1741
6545
7398
7515
8012
8905
4844
3599
610
9327
1904
5915
6009
9311
347
6563
1478
7080
2854
439
6970
4494
4301
8960
7501
689
6352
4320
6601
2840
7528
8342
9386
1279
2209
7398
184
3405
7349
794
2732
9253
3061
8742
4917
9760
5305
6395
6841
4511
3186
3811
9005
3839
2772
6507
4528
5476
7179
7481
8317
4708
2175
4055
5987
736
1453
2523
4142
5154
9670
3226
4408
9083
8320
9325
8844
9978
2072
5685
4489
1610
5848
3495
5449
4972
2
9977
6801
3533
3811
5118
4593
5986
9173
6932
6723
6978
9456
7217
2132
5478
443
2892
4561
8764
8569
9757
8742
6993
1794
3231
8603
3995
3078
4052
8967
9432
382
5768
2966
4193
7238
7559
6531
6411
4492
9606
9741
300
6823
8226
2130
3619
7470
3043
2383
6040
2801
7477
3033
4595
7060
7989
8590
139
2041
3910
9571
8775
9678
8889
9320
6917
2801
5852
9680
3645
5458
5774
297
8634
4000
2427
2253
1470
5470
988
3862
8271
8465
6896
9219
5525
1237
4161
2016
9630
8071
7940
8406
7750
3181
4078
1019
5982
9930
7051
9627
1741
2825
9924
6727
6825
8703
8980
4648
4174
9968
8510
2445
4785
1758
8016
310
2995
2178
8679
2626
249
2971
7384
4351
6152
1462
1722
2135
7745
8774
8114
5838
1599
4391
2565
8425
3094
7897
9425
7268
7865
7935
6066
2650
9694
4082
9312
2689
6260
4343
1667
2862
7314
5403
3565
3467
6866
5288
1954
963
4062
68
3153
2013
4459
5718
6790
3906
3615
6215
1174
7832
4151
7240
482
3845
7675
6146
2886
287
490
906
3149
4156
6309
6715
7623
9527
8355
9577
6842
8769
5998
9995
782
6809
5713
7573
715
5680
3788
1890
3512
7939
5482
346
8136
3157
2845
7375
3445
9687
8281
2946
3843
942
6013
7819
6822
4368
7396
3664
3137
9746
3660
272
6556
5725
7845
7271
1406
7985
5513
1270
2277
996
7969
413
505
814
4140
3950
501
2421
6897
696
9716
9262
8515
6538
3631
2264
202
3120
2010
3862
9744
4918
5940
7589
2190
7346
1927
7703
4968
4204
5051
2937
969
5557
103
5110
5859
6956
3883
9108
7653
3599
8371
6168
137
2002
4784
6692
1474
6795
6906
1219
1713
2846
5160
255
6544
3439
4311
1513
7643
9362
4450
4965
1271
4554
6427
7131
7862
6662
6239
5515
262
4610
8036
6751
2964
2820
9795
791
5967
6702
8362
4033
9548
3522
4288
6093
6962
8599
7606
957
4314
8408
2274
5585
9314
8701
2716
7177
5364
5308
2692
1978
6270
7080
5081
9235
9901
4877
6378
5868
1579
4740
9901
7479
4614
542
3572
7928
5493
7530
8886
9807
5939
7512
1745
1605
2566
4461
8782
4282
6121
7827
2612
2392
4907
7693
7979
1160
2570
4357
7029
501
9097
3282
7981
63
176
7905
7992
5670
5436
3230
5477
7727
742
7222
9332
3308
8036
4467
3942
509
8646
6554
2901
9905
600
880
1066
9522
1589
4447
24
7038
4081
4357
7102
4258
2262
5094
9928
4050
8324
1757
1777
5418
5332
7462
5079
9720
8281
9021
229
3279
5576
3131
3184
6176
363
602
5698
1953
1401
2074
5343
5483
2783
2445
9741
5046
3891
6021
5448
2215
4130
7226
7634
9462
1040
9065
9182
9321
8086
9412
2600
14
8895
2136
2542
9258
2739
4593
7563
4140
3019
2907
5975
5803
5352
2068
849
9244
4441
6297
7811
8572
9875
1797
8034
7267
862
3569
2940
5301
2981
1892
5315
1876
4029
7858
7486
3120
8803
5050
3612
1822
7957
5940
7625
3309
8008
4826
8905
2450
7476
3069
1022
7351
4866
5408
4619
2081
8977
3911
7382
8310
5804
2697
6538
9833
6907
4025
9305
5710
9075
9269
3885
7032
5209
1510
6693
3218
6337
1951
2020
3813
5020
9394
7516
9886
4802
8487
1967
132
2399
9349
4794
8203
8399
1333
4388
5306
5358
45
7369
785
9314
1254
7817
4524
2764
862
4094
5453
2813
6114
5618
7833
1860
3135
4072
3014
7974
2391
3146
6725
8093
4293
1280
6492
5626
2020
1798
984
2065
5519
8121
7732
6773
5938
2256
5890
3152
2702
7695
2318
5168
3314
151
7028
2801
575
42
7127
2967
9541
3853
1060
3834
5133
7552
5812
7154
5702
3148
9219
7574
1269
3303
699
3559
1911
6589
6711
4613
637
9029
6133
303
5533
3161
3104
6108
9556
6583
5427
5449
436
2839
5635
5570
6743
1447
9076
8798
4595
4647
6372
5864
7951
7071
9423
9862
13
2486
828
650
1516
6961
953
3401
123
409
5861
6031
6992
1289
1480
3781
480
3467
5703
7224
4914
4779
6022
9509
9426
2394
1725
3729
5817
7500
9944
5830
9986
772
2832
7854
7733
137
1255
4208
546
3469
6591
3891
4758
8071
4024
5238
7890
9727
8814
2804
858
4836
8665
6636
3582
6742
366
9400
4242
310
1582
4229
1082
4415
8435
5167
4552
6043
9376
1451
9512
5967
1694
622
391
5718
2212
8281
5445
1027
7438
6303
5863
2455
2939
5798
9198
9657
1550
3440
9967
3132
4021
7401
3899
2457
8921
8452
8500
8297
6255
8012
616
7949
8634
7359
19
846
1993
5464
8225
5783
8119
441
8238
7410
6239
7436
7068
7789
877
3387
7273
4898
7141
1173
3707
6062
5977
8559
711
2232
6571
7679
6533
1557
1391
6552
8756
9736
8368
3333
5519
2839
3774
3757
249
13
1194
3669
4154
8423
3409
1428
9673
6902
2601
9733
9316
8578
8292
27
7162
1216
4058
47
2773
5449
6599
7881
1537
1319
1215
7056
4158
1341
7166
759
1355
4712
781
1861
3135
542
3289
9160
7444
5890
8893
3112
820
7186
9491
4334
8402
3549
4381
7527
5351
7332
1761
6888
8651
9328
3945
9161
669
1111
6273
8376
5823
7054
238
5310
3948
3527
4470
7744
5770
9716
856
2942
6902
347
7277
1656
248
1658
9183
5599
8991
944
8840
3994
6624
9137
9508
7294
6600
5781
5670
8775
2835
2260
4085
3135
5788
4907
879
1558
4623
8087
852
7877
8434
8129
9533
5034
6140
5069
634
5131
6013
5826
5477
2638
4963
4985
6284
1563
766
8306
338
9953
567
775
9440
6355
2034
319
4265
3010
8406
1469
887
3192
9599
6773
8227
5739
1842
5213
7222
7855
1039
2699
6845
2354
4037
9481
3917
1155
7788
607
1109
4707
7734
549
7414
9768
7221
8031
2778
1979
9500
18
5172
9099
6791
9751
4838
8633
1316
8412
2840
8707
7464
6038
1061
1501
5519
1330
2656
9659
8289
117
4366
6023
667
1780
5791
4240
6163
4922
6219
5664
4940
7743
4763
1731
3846
5954
364
5162
718
3204
3869
8182
9242
1282
9683
1114
2612
2340
773
901
8809
1492
6924
5828
9624
9068
68
5788
3990
2640
7804
5282
383
8919
7013
582
4873
3729
5744
5592
6933
5966
3774
2528
7248
9810
9994
6213
8502
7119
7114
7311
8611
391
3140
4588
5811
9560
6728
9801
2200
4532
1435
8936
3451
8448
9518
4677
2177
1614
6621
5462
3932
6747
4342
1181
6557
688
7394
1411
7808
860
8723
2771
7603
8215
7359
3414
7775
439
9567
6328
4971
1002
5264
4775
9450
1134
9452
7979
2748
6073
9794
6681
9172
488
4214
5730
1177
7960
7141
8985
5172
2216
8108
2776
6783
1820
6190
4559
2259
5758
7239
3583
6760
2503
8358
2563
9989
4162
6894
9089
6587
3040
5770
5759
3529
6336
7841
1058
648
1335
6395
5821
3551
4503
8597
335
6323
1139
1246
4935
6897
8485
8518
3658
7340
3228
2573
7329
3742
9467
6418
329
2508
8541
6088
2389
1229
282
3447
1878
1617
6194
4051
5168
697
9000
1855
3373
139
9453
4660
7037
4290
9530
7047
7982
2758
5972
1663
6500
5439
4434
3181
4299
2975
5621
3040
556
5903
2839
8786
7520
9033
9189
9041
6083
8189
896
9456
8329
6702
4116
1718
992
3646
8765
8975
2756
4737
638
5608
6528
5072
8789
7180
4399
4410
220
1308
314
9412
94
4186
8445
9284
3227
4528
3825
476
336
2154
7178
4452
3872
4522
4450
8989
3497
7206
78
488
9166
6607
1912
7955
3787
6312
8718
359
3972
5384
9771
418
9570
4569
6054
2798
9097
9880
3274
9434
2034
6804
238
2259
1326
4689
7600
1176
8247
7679
1664
7414
4286
3576
1721
4425
6240
439
1136
212
2175
7260
6983
1746
1829
3037
896
7278
2917
522
6712
1304
7326
3303
3563
5004
4344
1163
6180
2591
8842
7844
6357
9480
7773
8079
257
365
4870
7746
6930
7046
5006
3913
5144
6835
6950
6040
4113
9868
6562
7178
1172
240
6833
1087
5244
1177
8602
7777
3768
3797
1973
6478
3277
9746
4557
9887
6464
5779
7633
3394
9177
2639
3659
4321
5826
609
361
6291
6829
3275
9821
4353
9867
6654
5440
5112
7831
4043
2889
7952
7840
4862
4430
7469
961
5339
3708
7425
1118
1341
7171
296
332
830
969
6158
7791
1331
8802
4621
958
8623
5326
826
1630
767
2290
9461
1162
5179
7413
5354
6393
8195
9175
3706
3534
2884
7483
1005
577
4654
7653
910
1836
8622
3420
5980
6305
8574
6953
7264
7198
2279
8090
8828
9398
380
4641
560
1911
8407
2266
4656
6602
7794
8363
6489
678
5846
7494
1255
6853
1499
8517
5041
6473
1938
1021
2779
512
7974
43
4062
6606
4485
9242
6004
1217
236
2917
9480
8643
5183
4136
1597
2977
8851
8086
7
1050
1932
7615
7903
3431
6132
9296
6257
4422
318
9036
1287
4644
5431
1701
1250
6268
944
7255
7485
7532
172
3317
6175
1707
7453
7772
1037
6305
2211
1044
3707
4143
8659
1610
3927
1144
7258
184
1918
3928
5572
3205
8573
1003
4907
6175
3623
2203
9782
1108
9735
6306
777
2262
8014
8230
6386
5403
887
8597
6447
4594
9093
1459
2556
3020
8955
9815
9556
873
3743
5128
4079
8668
2483
5338
1196
6106
3893
978
3566
9980
7285
4343
2242
1651
8925
4980
7054
6165
3578
9853
7111
2671
7664
9668
2043
2971
5835
7951
3845
5930
9431
4276
951
1914
5966
2147
4372
9859
9477
7938
6191
3114
8633
8433
4765
3910
9765
8171
75
3343
4377
7187
2366
8393
3207
761
1365
5394
8712
1562
7676
8143
5838
8627
57
1804
7126
781
8015
6604
5071
4206
9718
3704
8991
836
3967
8756
5359
4042
8452
9736
7581
818
4482
7140
1580
5847
2534
292
7409
211
4788
9599
5190
4845
7755
8669
1979
2122
5273
7050
6328
1343
7107
1671
2179
1074
427
7539
5116
8879
3627
9050
6050
8109
6190
3982
308
5077
4274
4069
5288
5414
20
6830
260
7775
5499
8591
9897
7124
5641
2577
8468
2748
4248
6999
3822
1028
890
5291
6259
4518
4341
2309
8979
531
6291
5640
5608
6918
9709
7248
2332
6082
431
8944
209
2282
7535
6459
9407
9529
9036
4227
2277
9637
1226
2452
665
2117
7743
3276
2987
8436
1938
8318
5319
8229
3958
928
1499
20
4528
184
6102
1311
5480
6311
3594
9368
2770
9353
8897
8159
9932
7526
7796
1158
9978
4813
9627
4073
4441
8966
2509
6379
7285
7829
4609
1243
5109
2460
1263
5989
2644
3717
7301
4477
6381
7247
3845
9151
6600
2742
3662
6532
268
1458
4042
247
2623
22
4320
7065
8988
3182
3444
6273
1011
4405
3869
6120
3218
1484
2109
2214
5202
5762
6691
7935
3009
536
7086
5961
3278
7101
8845
9899
4911
9240
146
7535
9262
818
952
4602
4000
748
876
1363
1506
1097
7483
4724
2581
5945
6938
4135
1707
3630
2070
4717
4166
5509
7030
3797
2610
5876
3696
7521
5116
194
1408
730
7364
8712
5332
7717
9461
2560
9080
967
3657
2916
2043
6239
8861
8981
6726
6920
8963
8797
1637
9482
658
5020
3279
3268
896
3327
7141
2364
3521
8550
3094
7237
7262
4778
4954
3075
7339
387
394
996
3303
2437
3587
8516
7771
314
5436
6734
5463
3426
6216
6121
8446
5847
9389
5694
9174
6530
8058
9047
1432
7504
6285
5047
2282
7591
8122
5973
7978
8517
6970
7633
7306
6909
6149
5077
7223
7938
1812
2686
1364
4380
8807
9810
6580
4548
5504
2106
7431
9914
1154
5215
7418
3791
262
6052
7734
4737
2026
5713
9606
5348
9698
6912
2257
2200
8342
9481
138
154
8519
1502
886
3679
7664
7466
8227
3168
9573
2010
9434
7079
7226
3204
7222
3840
9256
4956
8577
7634
7021
4535
2982
6720
7800
5240
8920
6142
1073
9058
2648
5944
6912
3534
9623
4576
7353
4203
4096
3278
6213
3530
6709
9791
6734
3931
3632
2342
5239
8561
9977
2261
3097
9311
5333
897
903
605
7039
1976
6015
6039
7921
2927
9573
3896
3855
3278
8099
7951
6556
4313
7833
3265
4104
4567
3548
4088
3261
8788
2650
9590
7401
5747
8902
2734
2996
6157
9691
6387
8134
5706
2426
2407
4985
8351
6303
8840
1630
755
6791
4538
1420
4624
4156
1876
5543
7704
5965
5156
2844
8615
4747
245
714
1
9331
62
6158
9022
6449
644
4728
5227
9403
9713
3578
5707
4905
1560
2814
1696
6099
4234
2672
6607
6110
4567
663
2075
9724
3508
7042
823
3753
4108
7176
9437
4170
3334
8459
6971
331
9540
2198
9734
5605
2129
1793
511
3689
4607
8559
6140
8841
7584
2747
1304
2151
3411
3379
8227
6919
6774
5402
7024
7234
2578
6461
7757
2265
1273
4728
2596
813
3279
2330
6418
5408
4124
3281
9097
5083
1841
5238
3925
9425
4337
5229
7928
7748
4960
2508
1019
8086
7910
8044
5321
6841
857
3078
9106
2130
4158
8054
9295
7437
384
5714
2845
860
8995
8295
5944
7188
9885
6221
6613
4222
1450
894
1971
2762
3402
2990
849
7664
7386
6170
4505
8244
5600
9963
6726
9758
8017
6022
7196
8402
8088
6393
5614
7083
4688
1558
4272
925
7779
7237
5148
5581
8131
3471
4696
7885
2813
5545
5550
200
8067
6407
4796
19
6371
7874
9777
4388
3896
3325
9142
1984
9719
4757
5420
759
2667
6044
1685
6799
3281
3185
8732
7765
6656
3428
2002
9469
8973
3904
6021
3392
312
7169
3411
6683
5044
3189
7423
8940
2866
6566
7277
2585
7675
2697
9697
342
8741
1382
7141
8374
4567
5874
2491
7575
9302
4494
3396
4628
4750
5770
4372
5062
2939
7784
8097
7983
7325
5521
3276
191
8439
553
9129
6114
9602
8826
6456
4695
208
9950
3069
1127
2176
1913
5054
7830
2759
8450
2458
7509
572
6831
8924
3512
967
7021
7847
8292
8894
1123
4835
3685
8028
3964
9799
7630
2790
2608
2325
9350
8910
1747
6829
1086
3660
1883
8916
2771
6686
7727
280
7258
910
9204
7122
1877
2578
4970
169
7824
2445
1356
1510
6826
5321
7661
4456
8111
6621
3134
3814
5531
1233
643
2969
1245
8879
1886
4016
5565
9613
648
9175
6875
9853
6298
8752
8783
7620
5273
2959
6417
6629
4469
3243
1950
8483
4052
6414
5104
3538
6580
6988
4771
7223
9957
6016
6102
1843
6384
8019
7808
7032
3547
4683
3237
6197
9787
2020
169
5060
4980
6586
1690
5801
9830
9992
636
234
2758
5741
3772
9338
2729
4895
2914
9038
911
9016
882
7295
3388
5042
679
3287
6078
3917
9484
5865
5937
9653
926
7269
6239
8968
9423
2421
5312
59
9007
8071
2152
2779
3761
1233
7674
6675
272
4937
2044
7506
8584
5432
2548
9264
8719
4978
3181
4555
844
5470
4208
8122
9092
6799
3442
4867
9221
8754
4926
8228
3177
7079
7360
6939
4664
1386
3614
4936
6324
5658
2442
4908
7442
1343
524
6161
6321
3705
716
7165
5528
1276
1639
972
8076
1433
5839
3649
188
765
8229
9717
4196
5589
6656
8861
6976
271
3797
9652
2281
2592
4560
9724
3935
1437
2237
256
1494
9306
3774
7022
582
1765
7994
8658
3199
185
8659
3387
951
6889
9456
1499
8830
6113
6712
5806
2736
6862
5458
5017
9454
6371
1093
3389
4160
3331
9997
5654
2637
3771
2677
9571
5537
7023
8230
8736
7209
3241
8475
4512
130
7931
2363
8961
396
9076
1119
3132
5938
2930
4502
5392
5653
5595
5133
9813
5278
5130
5467
7915
5254
4496
7487
791
7872
2069
5879
1433
5310
706
5945
5441
4989
4660
754
5386
3736
1873
4870
6026
1155
9372
1418
6808
1320
2903
6621
6598
8034
8441
866
3288
2937
8353
431
809
6774
2662
2242
2084
9720
4539
3877
4709
9200
983
6447
9288
9209
7670
5315
364
3394
3085
3525
4714
5989
146
7665
4023
4939
8531
3663
7877
3236
446
5038
10
3108
3633
8446
2828
8172
2324
3889
3724
9659
6689
3013
8868
4359
4680
5585
7753
7765
9110
8820
3754
5608
6485
4129
548
1368
4144
4777
4604
4590
9815
4614
4050
3448
9412
3230
7973
8088
3472
1697
7748
161
1062
6616
872
5742
8553
8625
3508
7663
3797
3614
3272
6634
7744
172
8002
8240
4949
8958
2831
1116
9924
6881
4565
9337
6464
8890
7425
9936
6939
1525
97
8002
4494
969
3744
3047
5946
3604
711
6096
7219
335
2730
1315
507
7085
9555
1808
6043
8738
2924
5968
5620
3841
1657
8436
2731
5434
8372
9671
6960
4821
4025
1454
5790
7769
4501
8088
7726
5212
4184
1297
1899
3267
2612
2406
352
8519
566
2747
7258
3491
5067
9230
7332
6724
7666
6416
2159
2390
2439
5471
7211
6464
6925
9353
585
1426
7441
8311
2991
7978
9608
4890
7597
8572
3649
4301
3444
4215
7048
702
4058
8468
6284
7743
1544
302
4159
55
2692
6598
5526
9903
3062
2451
9256
3647
3878
3049
8311
6869
7379
4271
8111
1328
2844
1760
5629
2640
2328
9030
9694
6386
7498
5978
4129
9042
6280
4640
9098
5324
1238
4624
5227
652
7076
835
652
7306
236
8963
527
3968
3234
8638
5296
2430
6751
926
5070
5431
6308
4764
1817
3806
7094
2299
2848
3374
3291
8298
8698
4530
9275
277
1534
6351
7464
2186
9
7701
1149
536
8021
736
5526
3317
3166
8629
595
4589
4060
3255
9353
2230
7061
2800
4529
6262
6174
7820
912
1225
8702
187
7854
237
2890
5319
8775
2899
9372
9925
9787
3745
661
5314
3414
179
3943
362
4768
8004
3617
474
6586
679
3274
1115
3293
5800
5287
4205
3377
342
4393
1232
6931
7283
2903
5706
6535
8627
1983
6322
2372
8996
1636
5786
9176
1932
6148
296
6288
9766
770
2874
6797
396
341
90
6197
1980
647
9574
8674
5040
7158
5605
8676
6413
1312
5211
5040
9647
1533
3764
8644
9522
9551
7820
7806
2051
8116
446
8169
5239
3320
4966
5635
13
1408
1832
8345
8408
7759
7020
9800
1269
2625
8476
7683
289
39
9075
6289
7925
2840
4933
3799
2391
9105
1605
794
3573
2051
8964
8812
1723
282
4448
8088
8043
2632
6433
6451
6743
9805
6251
8013
2431
1080
2048
9072
1119
1123
5361
9044
3963
6646
2843
2706
5751
800
3501
9325
9203
8817
8137
926
9099
8937
5366
7142
7922
8152
9945
4665
7957
2549
9030
6740
3629
7430
5813
4748
4906
7526
145
8869
4173
2988
7928
9924
3789
7781
5601
9344
6598
3739
271
2049
9028
1989
5544
3302
141
5489
4320
4451
8038
9702
1191
8019
7133
3356
2768
2039
883
9265
7260
1408
8605
5188
7684
2394
9321
3286
1739
5919
3377
8362
4321
2405
6703
9865
2060
6845
1706
6380
7648
6097
6082
8839
4116
3215
2196
3236
1606
9431
2501
8867
839
1107
407
8523
9853
9729
1809
7944
2000
5186
2658
6321
3944
9362
2538
6004
2559
4245
2384
207
342
4818
9046
4458
8034
7594
4047
9640
7025
6548
4859
7864
7655
1619
6388
3861
1348
4549
1805
9700
9736
4464
2374
32
3826
4912
2388
2737
5509
4772
2944
2203
9590
8342
3014
3976
5937
7061
9969
2962
3609
1180
7179
7617
2799
3567
1478
499
4468
3283
200
556
4099
2574
588
4277
3838
2976
7014
5700
4100
6310
7903
43
4653
917
371
6942
4330
6692
9904
4292
7873
7083
1909
672
7002
9739
1172
1471
9374
7724
8379
3474
6650
8968
7751
488
8296
1118
2540
8749
7428
444
5144
2081
7713
5515
9023
8396
8560
5280
2688
6433
8715
949
7105
2070
688
4629
9893
62
2353
8272
9888
9003
3592
7640
5844
8241
5110
8384
6990
2538
5180
8486
972
9246
353
6347
7642
8913
7979
330
5346
6695
1279
8804
8765
8319
9785
5010
8381
2139
3282
8270
7494
6875
2262
3338
5116
7372
8075
8458
6262
3255
3296
7234
8853
3649
3582
6495
2563
7913
3177
4261
4608
4456
9417
9725
2775
9203
4735
7509
7694
8018
2131
5188
1245
745
4879
2713
4469
9306
7523
731
8913
819
7966
7767
4468
7900
4262
3383
5813
7440
3997
6774
8248
3414
6499
7376
8969
7587
1237
6663
5605
3368
8204
3202
465
3083
5915
4934
8741
9790
5665
7654
609
9983
5421
1429
4235
6036
1165
6401
9828
5162
3175
8076
8576
6026
1804
7546
3613
3041
561
5570
2761
8765
5124
3226
8200
1039
8160
6941
829
178
4596
7790
161
6369
9220
749
2405
385
7150
2233
1899
6677
6662
475
9055
8466
4373
9021
7860
4935
4591
621
3700
6068
200
8253
7107
8360
5194
4289
4890
6142
8431
5052
8864
4003
2153
7621
4388
9303
9855
6287
2332
2869
3115
7739
7687
3840
6760
5547
8775
7704
2521
8828
3772
9073
3433
7231
7433
8627
7872
8676
1122
6304
3728
9986
307
2233
7607
1048
7888
3814
3687
220
3035
6802
7959
723
643
4720
2622
5770
8776
1495
950
2548
568
4383
9779
4354
9363
7652
3030
6837
308
3110
3175
615
5343
7134
1663
3231
7301
5351
9803
336
8505
4114
7411
5500
8834
6386
7623
3962
4233
8573
6510
4802
9309
2642
5508
5024
6646
4890
1861
6954
8000
1388
3921
9695
8522
1937
9278
5823
3640
5433
2512
2145
9547
6275
3998
4734
9013
1621
8696
3247
6546
1559
4401
2207
4201
9909
7231
7199
1151
5444
505
5503
6832
4426
5198
1707
6363
828
3882
6355
6261
6394
8501
5808
9022
8851
542
8035
472
9239
1282
3370
7150
5683
5578
1351
1944
9161
4902
3095
4606
5407
4950
7790
6185
6500
5849
8901
7328
9732
5256
9941
2478
109
2102
1500
8960
2644
9536
9432
8235
7170
9155
5385
9206
4733
3088
1150
3894
7990
598
4852
9749
5548
8995
5935
2049
4844
1188
5729
928
6444
5671
3407
6554
7773
4907
5514
6769
795
1299
1357
7966
454
6742
7172
1539
6183
4674
1785
525
1624
6638
275
3525
1985
2562
1926
3181
3750
7655
4110
194
9678
7517
3100
7451
8776
8615
573
5924
6266
1930
242
6720
5024
3766
4611
1207
4792
6396
8085
6417
9386
8360
9942
1371
7274
1868
905
1024
5875
5015
7570
5554
8884
7023
3005
4012
1990
9930
9936
8256
1860
178
1328
6885
296
5939
4444
5089
8687
8881
1506
8074
3593
7800
5797
867
6020
6702
8243
1895
1717
2166
7449
6953
9189
6807
966
1179
6737
7254
5787
4950
3785
7115
8187
4081
9406
2631
9170
8093
7865
676
2519
1458
4828
8317
2326
848
5019
6921
2744
3089
9087
193
42
8276
3352
7360
5807
90
4615
1594
5040
8400
5061
3227
2481
819
2210
1652
5265
75
8680
7784
1534
3509
6101
212
4357
1121
7133
3453
562
2573
9999
6956
7201
3351
4317
3009
3441
5284
955
4833
3684
2369
4412
2517
3188
2975
4169
8453
9402
9202
2590
7288
2711
8691
3852
3420
6164
986
6874
6726
3559
6873
35
760
6576
4352
121
6370
9636
7429
1203
9672
9798
1968
2189
9338
4943
2711
4144
697
1913
6734
7986
976
5425
1838
4396
7942
9176
7622
1020
9087
847
1055
6200
7424
1759
2673
3794
7747
102
1349
7419
6252
3317
9609
5591
4612
8672
6087
1662
585
2821
6000
1561
4598
7838
2309
8892
3367
6284
9913
2454
3483
968
8654
7259
2728
7680
1053
475
7782
8755
4247
4035
8424
208
5978
9389
8880
8417
1051
9465
1238
7051
7378
2188
1241
6039
1081
4608
8675
7346
3415
2159
4666
8421
9418
3746
6101
6824
574
3884
5579
4821
4271
355
5029
6601
9744
3909
5018
7147
9726
2608
4198
3456
1148
1792
9495
2229
6400
8171
5927
6167
6682
594
4589
6100
4340
690
9276
4914
926
1207
6087
5197
1563
1116
1798
7659
1377
3168
4807
7455
5776
5357
911
6925
3501
407
5506
6254
4930
1434
2421
1612
8380
7010
4064
2720
4053
9693
3987
4979
900
74
177
8815
7543
8327
2827
8920
1496
7634
6376
3624
9343
7287
549
2845
4046
6056
5451
5328
3842
7872
3292
2222
4883
7357
1294
8936
3402
5281
267
654
1708
6796
9470
9251
1476
2297
4523
2972
6283
899
2948
1978
4539
3498
1175
4937
5906
6626
266
9748
4499
3558
8322
5734
7267
9616
1022
7021
1250
1289
7676
2958
4438
7146
8561
5914
5795
3084
8886
8430
336
1834
6760
1227
1684
7936
2516
7590
914
2782
3690
5413
2693
8364
7499
6312
4333
4873
3334
5583
6163
7362
4893
601
4508
9806
6515
6655
9242
1753
1437
9578
9939
8197
7157
7976
6133
9674
1918
3400
8808
1961
8813
1501
325
2665
4166
4658
7538
3852
6593
53
1214
7838
7006
2074
7644
9873
8729
6887
1626
6518
2817
7918
4715
9975
2246
7201
9649
4164
601
4809
6125
5766
6311
6451
8431
6829
7461
2322
681
4055
2375
1895
1893
9382
3969
9538
9255
9050
2777
7234
5568
5594
1504
6635
1921
3750
188
7922
7914
789
2732
392
2908
5395
6843
1339
2224
4304
13
9257
4711
2389
1152
6605
1771
1473
2495
7378
6875
1624
4612
8795
7218
6116
1782
5492
6218
1971
3414
4133
2760
6146
4525
5668
1541
7720
3360
117
8376
9725
9374
3088
2114
6878
6045
237
4703
4892
7616
7930
6516
8580
6725
86
1049
8508
5578
7267
479
8993
1400
9591
5139
2277
1612
3033
9997
1324
9502
8374
1049
8877
7814
3164
2107
3859
9753
6811
8751
7369
4741
5267
2302
7819
5353
3351
2679
7284
618
3158
6277
8371
9101
7768
648
7065
801
6998
8389
304
1724
9439
5533
9538
8955
7640
9749
8708
803
8500
2430
1897
119
4732
9716
1824
4435
8747
9108
5053
8257
1737
3424
7358
9506
425
4424
6659
7423
9165
3315
9147
8604
8848
5037
3911
2841
4786
8972
9996
3286
1402
1893
9757
2486
7961
7933
6921
6708
7042
8326
4965
8779
8103
8676
4637
8528
3100
1297
5951
2265
4612
1450
7222
9813
6487
7485
9006
1273
6457
9002
911
4211
896
7020
6697
5209
4953
9970
1918
1995
4649
3235
7127
2752
1911
1764
1280
1363
9413
3583
9981
4026
1385
7203
191
7872
1040
9197
5497
7498
8199
6408
1709
5447
3428
4759
7009
4733
1081
8927
3081
5730
8514
208
4834
426
8324
6114
8141
7738
6049
8122
8116
7434
1677
8307
1658
2718
3856
7155
6568
8407
9915
8277
3855
9695
9388
864
4429
6822
6143
7510
2552
1009
4070
3739
7787
2394
9853
5929
6484
2255
403
952
6041
8433
5611
7700
1151
9467
4855
4071
7875
4771
8700
8082
4466
8089
5298
8895
4911
7793
2757
3815
8802
6827
7554
2942
5574
3760
8871
8410
2367
5626
9363
8408
4059
4974
6108
1562
794
964
5633
5021
2087
4334
9455
2905
8775
1105
1801
38
5250
910
205
404
7738
4112
3346
9664
7872
8569
8074
6591
4196
3789
4999
8255
5116
7460
6170
2262
8424
8155
7283
6863
2489
3090
9768
7616
4195
7921
7654
5797
8832
4212
6201
2922
8324
9548
8938
2548
8117
7012
9139
8665
7154
490
3273
2270
7950
9443
4532
6374
7598
8167
9589
6440
7609
9358
408
8156
7279
8063
3953
2463
8627
154
5385
6951
6054
4323
9499
524
7688
4990
9189
1194
5480
2462
3464
3431
8257
4348
6157
5856
8867
5747
8648
2828
1457
9056
984
8736
3471
1289
7552
2098
1443
2937
5401
3850
3613
4900
4374
7653
9890
3563
8847
1723
6026
8663
5154
635
3011
1311
2843
8230
3410
1491
1058
4867
6900
8394
3604
371
9683
1156
8822
1126
445
4223
4976
410
5476
5702
8063
1718
9266
3262
3441
1644
1925
8595
2279
1288
6259
5123
9518
9669
2966
6928
4537
9866
5322
4493
238
1357
2001
5412
8836
8798
9635
164
9209
1463
5867
3624
3182
5133
6887
2975
6777
5164
7923
5408
6453
4182
6883
2323
203
9850
5604
1092
9716
7278
5585
6306
8636
3938
1718
7472
2737
7706
7636
8298
9169
3503
8274
8703
4988
1513
1679
8117
6678
9602
3526
9483
136
409
1806
339
6611
3762
1432
6328
1041
3369
8986
9677
7308
705
3501
6397
4763
1137
1047
284
993
9321
8988
5981
7187
667
451
3865
6621
329
9700
6757
738
7858
3448
7350
1621
4880
30
2662
4602
9016
8691
8262
6073
2192
1011
836
9681
2058
1121
674
7731
6461
3008
1270
3480
9811
1487
101
140
1187
3210
7230
9046
6658
932
667
7891
962
9681
2493
6331
8372
755
2404
6916
1766
9593
6597
176
7066
3624
4259
3527
2984
5530
7007
2795
7017
3460
9287
8205
6670
6517
3603
3328
7450
4270
1219
4764
303
64
1095
8675
7171
9852
1943
5289
9445
4892
5465
6511
8516
6077
6390
7852
1607
3397
6999
4976
6857
6286
9533
9879
9156
3136
9559
6606
3758
7131
7722
4061
7195
5170
9088
4367
5022
1031
9656
4467
2276
1474
7330
792
7551
3720
4997
5510
3469
8348
486
6678
4635
20
6557
143
9508
6116
3101
3267
3247
823
3680
443
5993
2769
1162
7367
152
818
1834
2428
2292
5516
9573
6195
9236
922
1705
2705
9270
2192
5735
257
8564
2292
400
8072
8409
3501
7691
8008
677
1372
4803
3022
493
5965
390
6997
3136
2224
9426
1780
4093
5351
7976
9681
6273
9681
8739
1895
8225
4474
2153
6789
6767
2553
1214
1528
2407
8905
5888
3084
6629
692
6106
7122
3009
6496
4120
6145
5073
9898
4278
5518
1601
2254
5199
7874
1935
3938
9769
6513
8413
1922
9654
1532
828
868
3060
9587
6126
8948
9023
9107
5992
5129
6230
9002
7978
6702
1499
9403
2952
5777
4921
4553
8031
120
8779
6319
411
8548
9184
8824
6823
8838
356
4003
9707
9768
3590
2185
8716
2613
1292
1061
4094
3874
63
8424
6928
7914
4179
9880
3692
9100
4433
8075
5573
3212
746
2336
8113
9930
1160
1288
5121
7868
5291
1180
7636
5233
3365
2704
4198
1009
3765
8292
4884
180
3069
1812
4447
7248
8045
4491
2701
8830
8918
4626
8395
9665
6962
6508
5947
4474
4148
7420
2342
9439
8600
6330
1024
8317
9034
5222
9327
9152
3514
563
5684
6583
8727
131
184
6772
4622
2885
1955
3541
7511
350
9558
825
3210
1857
5299
7358
9278
7641
3149
7878
3971
4173
2548
9357
9395
1875
8509
9261
2438
4194
2197
1165
677
2381
4290
5300
1618
6245
5193
5481
6595
4751
6306
9805
2960
1605
3515
2238
5598
6664
6469
5921
837
9017
5278
6584
7244
3788
5845
9682
4334
8042
847
5011
423
1489
6663
8393
7734
1856
3874
4329
6607
180
486
9568
8137
4001
8158
3735
7017
979
9656
4206
6348
4935
790
3592
5075
6636
3274
5761
1030
474
772
7806
1963
7436
6199
9698
5644
74
379
2252
6606
866
8172
4744
1219
2682
4831
4589
14
840
8795
6362
2127
9586
9955
3554
2574
9581
9315
9956
6407
6439
7762
8371
227
3962
4421
5872
388
1152
4476
3346
8370
2648
4442
9590
1682
9274
4179
1696
114
2974
8059
8593
8912
4366
2147
7838
3947
1462
7795
355
7901
5557
5078
4481
5871
5851
353
2611
7003
4829
5958
5374
3829
400
4964
5511
6026
5495
3560
2492
4821
7971
1085
86
2337
3232
7924
2636
1046
2071
9343
5300
7629
4421
9781
9852
272
134
2464
7276
1315
4774
9002
5144
5174
3966
7007
7553
5813
567
45
6986
4890
7483
7072
7227
715
1349
6216
8114
3420
5559
9766
7401
9981
9547
3606
6605
6033
2422
233
7348
7196
9235
8844
8722
9553
5851
6275
5366
2771
2673
8705
7661
156
5777
1241
7223
3478
7457
5337
3251
3016
5103
652
9349
1002
610
5955
7035
3032
6188
735
228
5424
5931
5303
4977
8135
1578
6696
906
603
5401
4919
759
7530
2512
7983
1009
9969
9672
4260
2986
4776
1264
8687
2130
1875
4642
9166
1259
831
6253
1488
2607
8537
6791
7584
6672
4721
632
3930
5325
6033
8849
2436
3564
1362
419
925
7683
92
1537
7021
1220
9153
5709
3350
7380
351
8868
8640
7534
1474
128
141
11
3271
4078
6683
4344
4710
613
6021
7096
5814
8458
7012
7176
5229
7937
1212
1673
5826
8233
9245
4979
3942
8948
2360
4294
7816
1000
8180
5642
7480
8322
5653
7103
2400
8688
1447
3462
9301
3821
558
5116
8631
7570
8644
3860
1859
9856
1886
7685
8090
1131
9017
8384
79
7729
2678
4248
8729
859
9890
2561
5533
5544
9664
4285
4232
7463
7747
9886
1284
4658
1354
6267
2228
6350
128
440
6207
2014
4477
649
9497
3494
9033
5929
1223
8064
177
6304
5275
67
8865
7160
1963
4881
1445
2548
8697
5544
8786
6333
202
140
2601
8783
6490
9081
5575
9049
7447
52
6050
6944
9899
1436
2873
1122
9500
3050
3779
1127
9470
8996
8287
7785
3878
6084
333
8927
1628
9119
5260
8183
5611
4213
3318
8454
3294
8893
7503
741
5297
9906
7686
5196
1342
6911
6319
7194
6314
6450
8321
5784
5446
2960
9921
5676
5396
255
4603
3376
5726
6216
1559
7690
429
1229
6144
3724
6474
9999
817
1772
9905
8503
6968
1247
1767
9639
8441
8081
6089
3114
217
7888
6074
138
3564
1470
6745
4520
4847
8824
7088
2758
6514
7517
340
2658
7593
6814
2657
8411
8586
8915
3266
5555
162
5033
1546
8604
3114
7636
8070
9683
1876
4145
9822
5440
1967
6567
6312
3166
5391
3400
2277
8257
7270
2617
7267
4863
9431
6277
9626
4370
5192
2893
6277
5354
4278
7823
310
3745
1811
8381
3428
3687
8878
9602
5480
7197
6170
1792
6716
7913
5193
8993
2523
2463
7962
9790
3678
3745
6067
3305
8115
1259
2550
4392
2966
6828
2216
3276
573
379
8009
354
4067
6887
9956
9547
4085
2478
1339
7153
6744
2884
6146
9267
5347
460
9057
9026
4205
5125
8683
2321
2736
1233
3065
5702
4413
1633
8979
1339
2013
6988
1693
6080
228
8001
5627
665
480
3318
7818
7224
6203
316
6491
7902
776
5548
6928
1333
7025
1963
3654
9762
3196
3072
1816
7610
4705
7147
5301
6718
488
6994
2798
716
4995
4777
1381
5475
4448
5551
9051
651
5867
5542
8553
2995
7443
1834
4328
820
149
4335
6934
3346
7407
8751
7308
2112
5898
2609
5183
6386
5955
4333
3454
7302
9111
1187
9130
9911
6738
8181
562
8957
76
5467
1952
7519
3653
2633
8339
155
6968
1626
9853
727
377
7161
2839
2627
6122
4374
5366
8429
8708
8820
5731
4171
8
4861
4082
3098
9395
996
2056
9471
2815
360
6990
2821
2993
1681
2976
9961
3307
2829
688
36
6342
9880
2664
8816
4254
8030
7245
9314
3202
9328
3485
3210
542
7567
6309
9937
4915
4717
5760
7731
5077
2750
552
8071
783
3528
8032
443
6357
5073
479
2699
4953
9495
1515
5559
3877
5112
4874
7080
4440
8359
6642
1334
2279
9303
1271
3546
4020
7031
1277
9098
6133
1829
3521
3269
1709
7905
64
4418
2978
543
7117
4283
6391
4984
9843
268
96
1069
3700
889
5780
343
2223
8059
9646
9847
1606
19
6878
9235
5469
9364
7417
8990
8985
9126
6895
9049
3545
6226
5944
7014
509
2335
1999
6704
8956
8447
7773
2656
5688
3554
9351
7912
7965
5350
7759
5923
5369
989
5159
7190
6705
8928
6180
5690
4406
9427
4739
7951
5653
684
1318
2515
9371
9669
9219
8327
4468
6993
7336
157
6899
6687
8069
4864
8389
2180
7140
3758
9521
2299
948
6227
1227
3480
8269
5633
9260
3009
9937
4913
45
7607
3780
9416
7276
3000
4096
1744
6345
1432
1901
9596
4471
6322
812
2861
4854
7952
2971
4376
251
272
6955
7830
104
5224
9816
9364
4585
6105
630
4630
3712
4410
399
7340
3762
847
5436
6459
2279
3690
6055
3102
12
6868
2315
1219
4820
5287
1947
1424
1911
8902
5606
2015
478
1774
7732
5064
7879
8362
6046
7943
2772
6445
5283
2887
7292
720
9346
5923
4410
1754
5378
774
4974
7693
1993
6146
9332
292
3922
7595
9194
9529
9611
9673
1303
7343
4737
5535
2057
7135
3478
1181
3581
5114
4068
7225
2186
9767
9501
2948
7873
4879
74
9199
8924
8420
5345
8257
8712
9268
5852
7907
5149
1815
3932
2804
5510
8669
8339
7567
5804
8170
5101
5737
9636
9169
9315
8174
5288
8816
1122
9513
47
1196
8712
8971
9616
4058
3580
4681
9678
9433
2588
4827
7600
6520
7631
3111
1541
2323
7030
3697
6845
2131
5787
6481
7653
1454
4655
9293
6622
2129
8807
6669
3325
7519
1992
9294
7929
5573
3975
7607
1358
2915
8786
5310
5787
2770
4773
3680
5093
1804
3729
1938
287
9516
4771
4292
970
9426
9938
7592
1555
8745
613
1232
2616
2606
6878
6898
4531
7205
857
2241
120
9644
7551
2259
2414
2325
5939
3859
481
9669
5797
7120
5537
6920
1413
6508
6346
1351
452
4253
6448
1066
1837
5416
24
8716
2314
907
5921
3172
3148
2394
2816
7051
1005
1582
9376
3297
5441
6209
2966
7590
3330
4855
4510
4743
7715
7208
2446
8168
7813
5246
5586
9650
662
1962
8366
2977
2869
640
6149
2369
9386
5317
9420
391
6899
8797
3688
8692
5006
3006
2634
4688
7862
3496
5783
1929
704
8229
6449
4869
3475
2035
4519
4138
349
9238
3467
9570
6230
9616
1939
5616
1285
1360
6007
8184
6509
6048
3228
7867
5406
5862
2556
3268
9358
8339
1550
6414
2921
7999
1283
2748
35
2154
3238
6736
1392
3057
6307
7622
2673
8246
3238
3958
5958
5598
8494
2467
7998
1722
6687
3404
3936
5595
3025
9646
286
4575
6060
9559
2574
3695
2308
8961
5850
1898
5698
7242
4956
8357
1217
3981
6603
807
4292
8914
6405
2786
7733
4403
861
4420
4160
1149
6367
7185
796
6654
1760
3208
6213
4334
6904
4873
9648
9106
6772
5346
2700
8080
3703
3917
2061
6658
4725
6353
1924
7482
5492
9658
8238
2705
430
2398
3854
6798
9583
1002
3452
1343
4211
9665
2029
7467
891
1677
6573
7663
3375
9273
2095
3430
9543
4156
6441
620
6862
8365
8102
8706
4375
6340
1411
4806
5090
1617
1604
4673
2620
1408
2368
6831
7425
750
650
8316
8779
7223
2331
2155
2848
4426
1937
8743
8583
8378
9363
1797
6744
3818
503
1119
158
8266
2277
5249
9883
3881
6274
8855
1641
4995
2038
9067
5745
2688
3735
4524
6263
6067
3031
5464
493
4969
4207
5428
3347
3571
3577
6443
7389
4080
7563
3899
8698
9840
5500
4934
74
8127
3789
8067
3122
5828
3486
8867
8516
7222
9743
1132
3289
2775
6596
134
7744
803
1915
1091
726
5492
7535
4467
5925
1450
8367
4623
7642
219
5909
4068
8346
9699
2136
1468
1879
5622
6687
6747
9196
6431
7879
8837
9206
4475
5324
3302
5279
7239
4393
2357
2731
8280
6825
8656
6082
5192
9632
3725
5411
5541
7793
110
5240
6281
1578
7119
8256
4618
219
7452
1049
8098
2642
6607
2574
7966
9909
4205
5205
654
6562
7936
8935
3387
2945
1369
4931
2577
5094
343
8118
9240
6805
3359
1873
8383
6830
129
9353
7049
3934
402
1500
6576
3361
4074
4542
3270
4631
6099
3925
1193
387
9212
4581
3332
6933
9512
5909
2028
6207
4028
7620
3012
3739
9493
7748
6921
9623
7101
323
9909
3856
1823
6485
7217
2249
7379
6840
6880
9830
7117
8073
217
6329
9006
3550
3262
8519
9459
1642
1078
9839
5614
443
3578
5108
4543
6852
1083
7996
7175
992
1852
8998
3829
5422
7599
7560
2262
4479
7390
9379
2552
3959
2060
1559
7509
1674
6430
3321
9669
3860
3160
5283
655
3091
391
5198
6295
7826
3195
3470
8818
1399
8820
8999
3173
6419
2911
1787
898
301
7518
9802
613
9578
7713
4474
7605
495
7795
3626
708
7308
8909
1363
6751
5653
2914
3046
3479
6109
2868
8650
3860
1688
4001
3386
4459
6913
5173
1709
3566
9044
7863
4179
4974
5577
8654
2579
2424
2801
6205
3132
6461
1467
848
3212
7120
3762
2610
6951
6223
5478
1953
6435
3518
5955
9821
7977
2868
1347
6038
2786
391
3902
6966
5365
5831
1972
4297
4607
4773
6854
4092
7587
8321
4940
7151
1793
8702
9762
5097
1277
1592
7050
7712
5111
9357
3886
9440
8577
1585
1831
1364
8328
5733
4682
45
7916
6654
4342
2523
7779
7549
6615
1718
5870
1555
8870
4016
6609
8632
5465
7886
6576
2515
1951
8039
8225
2189
7480
6802
3774
9311
4518
2102
1396
9200
8499
9312
2206
2842
1835
6338
6743
4803
8056
8965
6358
3278
2981
9320
8262
8446
3558
4839
7314
5509
2878
5539
4050
6710
8693
7824
2373
3212
6278
3769
8764
4778
9433
7323
3972
7621
13
715
2424
4421
9680
5134
7700
9014
4454
5962
7460
4365
801
1126
6226
32
3017
277
6742
1711
8101
5468
1275
732
9237
6391
5510
5023
3714
5834
8996
3727
6549
1420
4501
6229
2906
2201
5243
3713
8163
9056
8078
5317
182
4304
1701
9552
933
8443
1263
5387
263
8890
6119
9501
5281
7981
876
5348
3815
9872
5427
364
7644
9928
2945
6902
8481
4541
615
2997
3597
5045
4666
131
5702
6367
9683
6635
1162
7298
2022
1426
2540
8141
7279
4174
6122
8155
5874
6289
4379
1301
6653
8375
7582
5951
5277
6063
492
2245
9060
441
7290
3726
6924
9344
6445
2960
5980
7608
6610
4354
9034
9151
8848
2665
9677
1322
7172
5551
7612
7903
3204
617
6278
7138
6568
7907
3202
3412
152
8614
205
3795
8693
7130
3139
1490
90
5471
9098
3052
9826
4484
8555
8674
7149
8232
9996
673
135
3960
8576
3340
4578
4854
6830
7498
2762
32
911
9266
4999
1116
9413
44
4598
8905
1534
1040
728
6985
4093
554
1469
2648
5580
4971
7233
1929
5644
7368
2241
4221
7060
6819
9075
3891
4318
8189
275
1581
3808
1626
9049
3221
1670
0
8478
9557
1040
9207
6542
1485
6113
8011
4134
8046
2982
7719
6327
4979
1439
8568
9200
8500
5388
4627
8743
6058
9169
9018
3991
2977
6997
9392
2550
8667
9392
7381
8224
433
6588
4766
1918
2701
9130
2404
747
8464
6475
7074
3443
7915
1995
8995
6415
3735
3623
1510
9793
2792
6880
136
2121
3877
9528
1023
2545
8921
8404
7121
5706
4992
8240
3976
4046
7370
6381
1145
5834
9208
4572
9278
7123
6567
8273
9890
302
8248
1400
6447
7392
8281
6583
5865
2158
6111
6889
1055
1384
1645
8177
7090
2990
6417
1067
7036
139
3800
4533
5973
3008
9105
1603
132
5672
6229
6374
2326
829
7775
8773
8222
6056
5356
439
4566
7820
7328
5622
9204
5326
151
2647
8316
2920
66
1704
3059
3866
6237
5384
3226
5343
3340
9710
7367
5921
6085
9694
6750
212
8467
1324
2620
176
1764
7186
7996
5444
9160
3552
770
5663
6199
5438
8583
2617
7142
7994
2835
3380
3379
6062
5075
3071
2124
2442
8992
4561
2136
2094
4773
6956
3419
7393
7132
1535
932
1480
3331
92
5032
4102
5756
7584
5892
691
201
3035
8686
3037
2767
8417
5451
7842
1488
3927
6636
6832
8489
5125
8926
3262
2081
8697
7008
5565
6584
7940
7045
9916
4384
8429
370
6492
2365
6262
7184
2567
9297
2222
1956
8416
639
3759
6258
8479
7686
2895
5311
6175
8020
589
5790
6453
9287
2798
2018
5871
7090
5415
2139
7826
3844
2509
4319
6210
8772
7855
5129
4421
6429
3437
2838
3420
7196
5448
1899
1234
4695
3562
3762
9067
4151
9552
5520
9790
8702
3890
2014
5792
9305
4153
9970
3150
3015
4289
9360
1787
8496
841
2560
1277
4278
1750
4697
1474
7199
6596
9060
8246
6510
2822
7314
662
2374
2834
6804
7428
3077
8818
3220
2382
9324
9543
5532
2339
184
1244
478
8681
2085
3038
6310
2715
4789
1008
541
8340
3956
9602
6586
467
2424
252
7481
1151
9439
4285
8579
2516
9456
8152
4898
5132
7695
6783
7471
7879
4379
4301
2912
2817
7339
9223
5532
8480
6583
6074
3172
539
2028
6111
7358
804
6363
4839
8307
5802
5477
6887
8318
1285
1391
9569
6417
5438
6352
240
9669
7083
4541
8934
9900
8232
4509
1785
3065
1092
4211
6237
7983
6239
2348
5342
3395
5064
181
1703
866
2010
8590
9185
3295
6333
5106
6064
1771
7810
2656
7792
4893
7197
6726
4794
1782
1235
6579
4847
2327
7142
7436
6663
3381
6137
2005
6776
1201
8538
8479
2067
549
3421
7604
196
9754
2710
2613
7877
520
5269
5670
5414
8819
2396
6560
601
9984
9491
1800
8663
6633
9236
5326
6366
5373
7331
3142
6574
5870
7974
4994
2771
7747
2598
2967
3854
1661
5580
1731
8533
850
3753
299
9669
2502
6859
6622
2486
2702
8422
1149
9335
4010
2828
2053
5736
159
1548
2310
2381
9522
3656
5152
7269
6255
8120
1123
4268
52
9207
2801
7254
2960
3101
3275
5462
6312
9897
4300
9015
4671
1802
4702
8682
4630
6756
4418
1141
8304
3080
3523
4178
6737
5027
7799
9344
9499
5275
3612
9552
4482
2765
6806
3794
5866
82
5609
8531
6331
9909
7546
7355
1711
8600
2389
6341
5356
3159
3835
12
6239
7358
4190
9328
2385
8342
5024
8237
3617
8636
7789
4451
7754
947
8245
3620
7381
3854
8503
65
116
6049
7420
8179
1002
9809
873
2710
2968
4708
2723
5559
2066
3265
1240
803
1607
6264
5392
1576
1253
3181
6027
9007
481
4273
8979
7862
4479
7483
7927
4595
9884
5347
2775
886
1508
3648
3597
4476
4708
2672
6388
3126
5937
7628
281
3897
3892
5674
5473
5145
8855
1501
504
9336
2126
9484
3551
6605
6967
7830
7553
3203
9530
6680
4090
1038
6680
4039
1867
1388
6711
8255
4514
9000
2235
4795
2897
6127
469
4723
7625
5677
6224
8129
1365
4702
3965
1268
1307
7284
9099
5212
488
8629
1892
4578
6019
4924
8617
7886
6312
1680
2493
7178
680
4728
8326
3578
7208
5147
4653
4833
7176
7229
9314
8542
1931
3280
6162
9590
6916
5261
4803
7404
242
3047
8334
6262
7972
3303
4148
4284
4983
6642
7815
5664
7722
6141
5594
4930
7640
247
9763
4817
7476
5430
9711
5759
5062
5873
5349
1978
1135
152
5735
1377
3200
4069
3991
1172
7373
8140
1808
8708
1134
5975
4372
8856
2116
6318
3787
9757
2917
9902
926
393
5332
637
2504
6746
6510
7854
8725
3997
8006
812
1727
7558
4881
5718
5082
8606
210
3243
3667
1344
9218
4391
201
1335
710
340
7444
3627
242
4722
373
1927
5359
2877
8673
8221
731
3750
8571
5090
4562
298
9000
9444
2368
4083
4402
2579
7326
8069
275
6544
2461
6828
4231
9523
7168
8027
3150
7411
2749
9875
9338
4460
2753
8011
2682
9836
1762
1253
4926
2676
7903
3927
8472
6623
4362
2875
9202
8040
7296
5830
4584
6109
2658
5168
1984
6179
9547
1487
3590
2297
1362
9280
6757
4115
3643
5791
304
1757
7044
1582
4434
1299
1861
2906
7923
6223
2133
3477
4263
5782
9307
5200
8243
8318
6720
228
4497
6267
1715
4439
4916
3077
3719
8026
3545
3714
3817
201
5472
7214
1783
6258
8513
3645
5516
6436
9868
7650
6266
484
9784
5573
2036
8027
243
8756
8255
4740
1375
6322
5531
6292
5752
9250
4318
5649
9317
4487
5850
4789
1701
7633
7399
6567
1278
2915
9355
7499
565
5621
4335
6701
7547
6371
4729
7790
1479
9336
8883
2854
5659
4414
5498
1411
17
9816
3412
5686
656
9262
475
2357
6895
4226
5276
4526
7141
4632
8377
4059
6605
2712
760
4152
9083
1841
8295
562
1178
3530
9768
3189
4296
5267
4600
665
1435
4364
6351
2091
3626
3178
801
6873
7404
6077
7751
898
7061
6128
4957
3667
5192
2069
4171
4275
3911
2466
1189
5089
2348
7310
8278
6645
2577
9230
7310
4012
3594
14
2456
3572
3192
3257
6797
597
5686
4549
1495
2748
7029
2804
6415
2222
4873
586
6497
8784
9405
4039
225
1753
1349
8503
4750
278
4085
8413
642
4031
8427
3098
7603
1619
2707
4401
8568
8394
5302
6415
1142
2331
5571
3909
4553
445
4495
7403
5581
252
1442
5807
2006
9143
662
6756
5773
1100
5169
6415
5131
9948
5866
9087
1568
8573
3488
6488
6967
5142
9256
4461
7473
4827
8370
2027
5272
9218
9430
7206
9470
7224
3013
1476
2719
27
4585
8492
1127
6106
1259
2611
6055
7125
1698
3975
5699
1538
463
9018
6680
6071
3480
505
899
8202
2532
6171
7420
8314
3377
6891
1890
2742
4719
4609
9122
9304
9453
6601
1763
713
9212
7818
4190
7262
8145
9889
5152
4960
5260
1832
1032
5092
2338
1931
3294
1222
8102
715
9537
7832
3958
1427
6926
8677
2389
6048
4334
1842
2650
6097
8907
8214
267
3098
5477
8412
9339
629
3372
4599
8814
4404
9691
7504
6335
9338
8726
790
53
4615
4974
4011
2395
1900
9040
4784
4301
3374
2978
6951
9471
1886
5165
9738
4984
6994
8150
675
3976
7875
5275
2790
2279
1318
294
4967
656
5372
5757
7061
9988
7083
1072
8735
8983
6465
3519
3284
9839
6497
6587
9311
4735
8105
5401
6071
1451
3552
6747
5427
7779
8374
8217
58
9692
4863
5025
349
6588
7134
7410
2928
569
4835
1663
9553
1300
5182
9189
7491
8031
2129
3154
9119
6586
8556
5190
8037
8460
1937
9817
6239
311
8034
6297
6356
9250
7675
6705
5838
1161
467
8766
1731
1654
6781
7636
9306
1963
3177
6798
6346
1658
6304
5465
8244
4860
7008
2634
3320
8945
2451
9559
5609
6837
2209
1965
6087
6236
5022
8277
3749
1841
3395
5480
9848
176
9468
5506
8491
8998
8656
1190
656
4961
6655
5253
9821
15
7887
9494
5313
338
5405
922
3527
3966
9239
5967
202
613
4244
304
8806
3992
5784
8654
520
1605
4161
9012
603
2817
6554
7611
7778
9561
2864
3952
9577
7103
3446
4890
7441
8851
2164
969
2818
1403
3288
9372
8368
7532
9676
7174
7876
1813
5829
8397
9770
6342
3761
6725
5511
315
4336
9642
6228
3553
3594
5805
656
3392
695
8098
8595
2859
5419
1413
614
8707
7138
8982
2591
3166
6157
6820
4979
8338
5217
1101
4680
5330
7826
6543
1997
2163
6185
8225
5716
9779
4031
6372
9523
1078
822
8119
290
2593
5884
904
7652
3022
9887
6596
2541
2396
3416
7520
7086
4985
4974
8118
315
2800
4661
8664
4963
847
6889
7031
6978
7272
9756
6502
8351
6930
4621
8641
9524
505
5897
3528
9880
2136
124
2421
4532
9892
6293
1618
4877
1267
6088
1544
4068
750
6560
5383
1597
3450
8767
8575
7074
8523
1429
5425
1805
6050
418
7681
2908
6316
1210
9140
8452
7686
1561
9337
7579
4206
7307
8808
5474
3396
6705
5894
4146
3265
7629
5743
3067
2748
670
142
7623
2100
1919
9429
4502
2338
7110
3762
8654
8320
2902
3458
2359
815
2795
6290
5022
6455
5098
6848
9851
8155
9094
3997
7773
3075
6092
7192
5824
3114
7334
3447
1566
5606
2876
6069
7944
6339
6183
2950
1011
9086
2760
3370
6253
5556
9660
1275
2011
1111
4475
8214
5618
9921
2211
3391
2997
4655
584
8821
7769
4270
8620
9336
9876
7849
1757
4172
4188
7940
3474
5199
3378
6235
8570
9632
8143
4582
7259
6506
5693
1735
4720
1312
8008
3283
4703
1005
7938
1639
6178
2059
2262
1151
7747
2138
9000
9504
2663
3188
3797
6137
4739
3527
2372
3309
3159
515
4244
419
3373
9937
8506
8093
1249
2866
1376
2305
3872
5666
296
6402
7726
2558
7553
1825
1049
2905
7682
3712
2445
1479
9849
7185
1358
8574
6846
4518
5441
1090
1289
8815
1028
6147
6908
8629
9013
4637
7286
9237
303
3935
1992
4381
6493
5897
2559
7542
8803
241
7606
1248
8072
7456
4785
9430
2382
1632
300
7823
2722
1589
6638
102
4088
9899
5084
9454
4536
8722
8691
1191
2657
683
1925
5503
2933
4484
9397
1736
1077
7004
9336
9149
812
4122
4931
3194
5754
5232
1017
4828
3173
4008
1283
7262
3907
2719
6716
8443
1441
1759
5986
451
8795
7911
5954
1728
8747
5351
3464
9824
8707
2800
8973
9519
3274
3905
9065
5380
5489
6435
6561
8662
443
7844
5924
4350
6915
8992
9145
4708
752
1483
5159
9547
5747
7465
1275
4494
9169
1091
671
7876
243
5996
3748
3518
6253
9165
8898
1742
5600
1811
405
6043
9655
2681
6745
2922
1674
2242
7631
8778
3726
9142
8325
9473
2960
5952
319
8481
7043
990
2709
3638
6987
6457
3508
3240
1975
2407
4983
7575
4218
1740
3619
226
4421
6716
9500
2447
8959
3483
1225
9037
8978
5902
4862
1938
8206
5181
419
1601
6172
3128
5240
3159
5938
8748
6399
7913
7507
7734
1840
8078
9474
1811
4656
248
8528
4156
2695
3839
3992
273
2876
2970
2527
4090
4908
734
9271
1679
2335
5443
1159
3927
4954
3449
9028
7706
7714
6535
1792
9555
965
1267
1366
1973
7867
9894
6130
562
85
6474
7187
9313
9444
9715
3403
4352
6801
2675
2383
9136
4470
3542
9416
5777
3344
8444
3483
1058
1331
5275
613
2297
2894
1980
4270
761
8226
6752
7676
8312
3226
4863
7625
9022
930
7381
9726
7731
56
2109
6868
878
2004
2636
6655
5348
1080
138
6406
8763
1766
7020
1060
1012
5352
1683
1774
3578
4787
5802
8242
4366
665
2220
3388
1596
9601
3115
9327
9657
1576
2547
535
3580
1535
7191
5280
2615
3681
1687
1379
1799
5059
8791
2812
411
6826
938
341
1614
6740
8584
5980
7405
804
5720
5353
405
5187
1033
6414
6764
9932
6949
6696
1468
492
1977
435
526
3664
8166
2325
8723
3310
1489
5486
136
2427
5827
8102
9167
763
4082
2925
1567
6155
4630
8324
1342
2015
4738
4458
1948
8040
1155
9768
4884
3132
203
5410
6796
8370
4088
1871
1680
5577
3709
8168
8005
9536
6271
3524
6652
6705
2801
8219
2860
7432
6544
555
9447
7634
5013
7747
5674
6168
7515
559
9300
7719
2321
2448
2441
6409
671
473
1987
4380
8641
6344
269
1264
9868
6921
7970
9022
1492
7182
6454
4388
7737
2253
2023
9103
1
4049
1623
7516
4608
924
1587
3282
9724
380
9691
396
853
8030
1128
5847
4374
1397
7111
595
8318
1433
9617
9811
8616
2423
4199
2705
1028
2574
8160
1029
6624
9784
4898
7584
7060
2837
866
6784
3218
558
3532
423
4940
4661
6270
9315
6058
9734
6262
729
1167
2231
540
6135
1006
1091
5193
2034
18
3353
9416
6642
3137
666
4226
197
3503
1445
3334
3073
8355
6866
3497
3295
1527
9767
8962
3938
9501
1576
4667
7021
3807
1559
3156
4813
9002
8349
3200
9020
8055
2616
5662
1192
9634
6241
7742
3137
7686
1076
2563
2393
7942
6060
5688
5822
2179
4651
9760
8033
2579
4427
5054
6387
5986
4562
7552
4988
2912
752
4009
7319
9720
6023
8511
9354
2264
6253
8844
6302
3681
1407
8695
1624
7467
736
7446
9646
1739
7206
7679
4318
7985
9085
705
3971
3648
4610
5311
2912
5362
9320
231
1435
1696
5094
789
312
1348
9633
6615
5029
7392
1662
3005
1211
2398
6803
858
4137
4009
4889
4808
8346
327
5513
2317
3975
123
7629
3239
1838
3301
9822
3273
4997
4916
4062
1662
2616
48
8277
3998
7440
6291
7003
8652
5042
159
5862
9179
520
7103
3987
8867
3782
5853
1184
4109
2328
5165
7348
4166
4819
7170
3791
6168
8439
4206
7830
7407
606
2459
1405
4398
8751
4761
9402
3793
4920
5264
9324
5440
8720
9664
659
2502
1869
1844
6612
4197
3361
312
4716
4532
3835
4859
701
2274
9065
8531
9681
9671
7343
7439
4070
6094
2200
3472
6239
3472
5089
1915
5264
161
1579
5924
9015
3448
4120
5627
3998
7481
2292
5066
2014
6127
9925
9067
4753
5343
3950
786
5014
1293
8225
5436
7387
6777
5261
9978
6601
6702
1894
1866
6863
9825
7790
5878
3274
8262
7858
3624
5743
150
8690
4109
6277
4967
9528
7382
310
3479
8168
1677
4772
2746
7113
8512
9523
2374
8490
6125
9076
6736
7991
2291
6562
2133
8170
6188
395
2380
9812
2490
2530
4854
2952
5159
9821
2480
2541
6484
2311
709
8161
3436
3455
1626
1948
9331
353
6790
5456
5781
3527
9799
8073
6441
8284
2595
2629
8679
4975
8793
7521
7505
3647
6825
9016
9820
9306
1557
2656
7969
2266
817
1405
2074
2444
3353
1405
9149
6496
3213
4930
6375
3012
3003
2816
7648
1950
5445
2679
6925
4238
200
782
4237
7026
9798
4057
2684
7707
3066
653
6326
3883
8411
8400
2679
1764
9805
1828
4612
9370
6759
987
8734
6114
3803
6382
8065
5600
9061
1342
9838
9261
8477
427
2639
4627
837
5323
2335
3903
2329
8661
7786
740
3413
6818
8856
9570
8646
3469
8940
1757
4456
7674
4224
4612
4056
8641
212
9469
9983
51
8730
4812
6830
7722
5792
7667
3045
4479
1570
1726
9492
5709
2466
2905
2527
1323
2475
7525
4792
7767
9283
5600
1793
3507
212
5849
8500
425
1670
8483
6828
6752
9648
3658
4474
5440
7678
7520
9919
9248
9246
9411
4957
8065
8668
3836
9388
7495
1362
532
5262
6997
2484
7055
6856
2697
9256
5356
9474
926
191
2654
7678
9839
2664
2153
1631
342
6025
7902
5943
1623
3665
7252
9688
2333
1089
5428
9828
8803
2312
1442
5800
4797
8497
2656
3846
4105
4364
9672
5031
4555
2326
9062
747
4990
7567
8730
1685
3592
6633
7628
1567
6650
4880
7608
8984
2321
3036
5164
1124
1701
2959
3276
2850
7808
2284
6696
1914
6648
2720
3297
7556
5046
2359
8303
6388
9926
7033
4425
9870
18
2053
7790
6669
3286
5398
2005
5607
4786
3521
3084
6487
6480
6360
9337
4289
8645
2385
2555
5293
5105
5852
2849
6503
4564
7504
9244
842
4538
3669
713
908
2075
4855
7577
5361
253
9582
7320
5039
3104
6756
7879
5936
3117
3568
6577
8114
2306
9132
9759
7411
4985
8961
267
5901
6465
9511
6743
7355
3180
3808
8264
5255
8663
2193
6968
8916
1776
641
308
1232
7397
8187
3520
6866
8107
98
4980
413
9230
4740
4177
567
3701
4444
2820
6518
3955
9564
3874
3487
3372
8490
8743
8388
683
2063
7304
8811
2704
3964
6395
6454
8503
9916
3320
6611
6366
8301
7024
1948
9393
1201
8868
9446
1997
1688
5964
5952
1252
9838
9440
977
4680
4535
9365
5364
6598
3021
527
5655
3338
6923
2109
1841
3191
1781
8452
9557
6434
1829
7857
5827
9382
6725
5273
1380
4766
1238
3684
2370
7428
3124
3347
2109
4011
9064
3825
6962
8438
4352
2617
1776
7627
1078
3617
818
2859
8422
6727
9294
251
4585
1473
5985
7662
6747
7365
2428
4337
1050
4799
1765
526
4498
3874
4538
9915
4051
1500
8353
8404
469
129
6031
7899
98
3202
7110
8520
9929
6404
5123
866
4230
7461
4881
977
4826
7309
5314
2228
8460
3431
9107
9311
3658
3645
9226
7709
1497
7579
6113
8318
4060
8497
2569
4158
1699
9679
9031
7980
2436
506
8847
6666
7967
3728
7643
9146
7389
9309
1374
2202
2740
481
1513
6398
478
7091
460
8327
1022
6573
2997
5082
1422
5566
5592
3121
5246
975
7454
7682
1482
6301
4348
9449
6381
8343
8595
122
7652
6322
8676
6744
3155
6541
9495
9986
3632
9955
8313
4654
2880
7663
6088
4303
3229
1681
3776
4827
2656
1230
8861
490
3883
9561
9940
6616
7904
4887
3091
1908
1209
1767
5005
717
8309
4500
703
8293
807
9016
2948
3687
3031
5388
4342
2613
7069
4471
3792
6078
5701
2654
6568
5937
2215
2860
2553
6472
7748
5644
4732
5309
3764
9737
6026
8425
589
6729
6718
7748
2098
6018
7788
5129
1407
2130
4094
4828
6601
7887
7258
8655
541
3827
4592
9108
3039
3497
1932
7139
5494
6665
2449
9258
2754
4827
4035
9696
7909
7105
7444
7
3124
5232
1488
883
3715
1935
2063
6668
9822
9322
5323
6715
9501
6267
5823
2540
9765
4108
9680
1611
773
8481
7221
9879
3308
1256
9575
1217
8361
3372
7576
7837
4956
5417
8720
5023
7352
784
1692
7174
6458
3367
3889
5959
5987
6064
4851
2104
172
883
3715
7297
9364
936
7177
2673
2192
3104
242
553
2828
4171
4743
7785
9588
3463
9160
6940
599
852
466
3409
572
707
5720
6559
6771
572
5015
3296
1455
8730
6945
820
6018
474
9845
8210
3579
6439
5115
2759
610
9858
6896
6550
9674
6057
3490
6625
3261
308
35
3833
1015
5755
6744
4139
6327
1759
7435
4135
6841
732
1307
2859
1207
7504
7421
4786
3943
8889
3897
906
8747
794
7456
4773
6851
7299
1399
112
7607
1434
298
8623
3541
3394
2762
6221
1506
6549
356
4699
7281
1663
7559
8488
5519
1332
9626
9462
221
9876
6720
5321
670
4177
94
3873
7828
1493
3985
5435
9279
635
4058
2821
382
3172
9042
8240
6073
5750
2939
9707
3765
6850
4547
9284
8183
526
5098
8404
402
1819
3725
1072
2348
172
4945
176
1665
5282
5611
7297
2270
6022
6470
2652
5546
1864
7244
1620
7614
183
7679
1379
7034
2226
7015
1569
2752
2113
9973
3154
3932
51
4226
2632
223
5523
2808
8240
806
4772
5537
9428
7146
8359
2080
2692
223
5676
664
4189
5859
8343
1920
9245
6922
8935
814
9674
1049
7140
2829
1333
7191
3407
3966
7414
8931
3126
5654
6089
4250
7544
5517
1396
2255
3949
4089
2479
9625
1105
3020
1836
5801
4941
1082
2723
228
8248
2397
7629
5388
1578
8963
2579
1338
9281
6345
6621
8759
2000
2710
3010
5896
4579
4406
8151
4880
4847
6982
857
2305
3
2693
8106
1296
127
7181
7876
8376
9578
5506
116
7509
821
2696
8847
6454
9041
5468
5213
7393
4530
4575
9641
5461
5334
7793
6693
181
1127
7550
2486
1130
6595
6944
8778
6723
4125
6655
1451
56
2161
7919
7565
9334
6967
2764
5788
2361
4584
7353
9754
5466
1929
5748
927
7263
3541
7620
3796
4668
1522
2635
2151
8117
9579
7281
1192
57
3936
8995
113
2449
6915
4030
1783
3882
3146
3923
6243
7730
1277
2350
9548
3206
8098
6827
6821
7991
799
617
9011
2321
3252
7514
6790
9184
4796
7983
9241
8732
3330
5706
7534
245
9736
9317
480
9234
3241
3075
3316
870
1777
2864
4076
6227
9691
897
4218
6842
7866
9582
9163
1119
7096
5953
303
1892
288
5896
625
3619
1602
8159
3864
7690
3828
696
6924
3421
3772
240
4291
5549
9456
4719
1777
5499
5616
2347
2341
9835
1929
7856
954
9026
3809
7609
7270
450
3505
7895
4069
5107
2406
4285
9149
2587
4982
2425
6008
5106
9017
6652
7007
8473
1371
5136
324
3340
7484
2665
3175
5765
521
481
1143
682
8090
8414
1132
1595
2661
5201
3054
5068
5839
8555
4007
821
980
6367
2279
9997
3019
9286
8470
4391
4423
5146
7731
8259
7811
7258
4024
4684
7739
5168
5366
5829
3582
2851
3776
6243
4404
3182
7663
243
1737
1670
7416
9069
8038
9695
9066
7409
5334
3888
1800
9757
9034
5883
4368
3197
3141
8392
7881
7232
3560
9599
9413
3494
2450
9541
6090
3207
2723
3753
3450
812
1776
7219
9881
6166
3266
5299
3575
8600
9187
1728
4709
4573
7611
9077
7770
7105
3822
5651
689
7382
1603
103
7229
4053
9644
3319
7260
8720
3424
7063
5884
5200
634
2118
1366
3900
7417
1294
2501
2957
3022
3562
7530
633
8992
1653
4090
2814
3656
4780
6548
5259
4883
3777
5665
879
3448
9277
9599
6873
6340
1836
2073
6974
3954
9792
7227
1371
7438
6080
680
460
9642
4563
7445
4986
6216
1536
7800
9872
2668
701
5132
3903
830
7149
4782
4279
6426
734
1152
2767
2570
9577
6093
6524
5721
3320
4247
3159
5752
1280
3619
5395
5843
7417
381
2059
5305
4534
8283
7973
5235
9767
8228
2417
6916
3010
6696
3343
96
7848
2462
9018
3778
4907
1894
9499
4580
2494
2659
332
3774
2630
5727
9617
47
2461
8028
5352
3347
2663
9677
4934
2431
7905
7351
9347
7268
4048
2690
3716
8248
1504
2735
2026
6412
981
7878
992
3475
537
1324
7249
9519
3404
3218
9567
2217
7598
1271
1916
262
7301
6850
2693
1558
553
8392
8826
953
7435
8895
5554
8939
7982
7580
5351
8963
1810
2695
2439
2347
372
6040
8219
3776
5611
7786
2345
3209
5409
4261
3471
2710
7463
2516
621
8016
909
5799
5322
8344
4694
876
7283
2676
4808
8987
1640
6619
8034
431
5318
8406
6471
3537
2182
8434
7675
879
1644
3085
5140
1467
2147
2603
3984
2768
6972
1245
4920
2294
9589
9614
9522
3224
2291
4330
8563
283
949
6598
7066
6268
5004
9889
6157
3539
8324
3833
4418
9968
3270
5911
7787
1769
4866
1771
890
8190
3016
5810
484
8957
5424
6
2182
4067
689
7097
702
1638
3695
7768
4258
8700
7658
416
8591
5982
4249
3009
2302
7519
5272
89
5640
139
8213
6530
8329
7581
2340
5166
6539
7765
1524
5073
1832
2213
2170
8887
204
2218
6655
4462
7270
665
1230
5861
6647
1831
5222
5301
9350
495
1743
1343
6986
9956
7873
1667
3889
214
3185
428
7979
1062
1853
6163
9627
376
5050
9831
2594
1706
646
9864
8723
1876
5725
5371
3708
7299
7024
9410
4146
5119
753
1132
5075
8627
9152
8965
5193
2337
5745
3172
9751
7599
5687
9379
4327
7090
5562
6921
5148
6208
3137
3871
4437
5214
5594
4497
2513
2619
259
6660
7738
7365
4144
9166
2344
3296
4483
7537
1986
6580
7061
1737
531
2748
1116
4858
9838
6679
1779
4986
9239
1268
5210
28
6482
804
4525
8996
3423
1137
5656
7514
8502
9800
3032
846
9449
7515
4735
1435
4095
1796
3172
4627
896
641
9485
7087
3672
7617
8425
9263
8885
3635
9292
5368
4440
169
716
4215
1306
2724
8081
9808
2524
1113
7006
8325
8628
1741
9760
9076
9889
9285
55
786
6278
5892
4225
9950
9861
2650
9213
8747
2638
4857
467
7078
5027
7535
7645
6333
259
5727
2494
9135
6840
9500
7461
1821
7594
7221
897
7483
2858
7304
4621
9136
3196
8846
5438
3058
7849
4652
8157
487
5861
4976
7565
888
2511
5210
3574
2770
937
6068
1905
4130
5568
5718
5951
9514
9292
3200
6998
2150
504
7971
1287
52
6818
3077
3110
1019
4081
7619
1506
9943
2595
5423
831
5106
6985
4405
4228
4275
6825
2486
8405
8746
8204
4356
8260
7496
3908
1610
5999
4412
9582
3638
4464
2752
6715
3927
3771
797
1546
1629
740
494
7052
7923
1952
4037
8681
6181
8312
5506
5019
6717
4252
3223
7425
8865
7072
1333
475
3071
2097
6409
3061
2914
5513
9776
3193
5636
573
4739
7265
7665
5233
4317
1941
3538
8355
622
9719
6667
2480
4738
9737
3085
4313
7162
1950
7737
4848
8777
808
6945
5187
221
6211
700
9998
9404
2689
6923
496
9954
4589
2081
4272
2882
5619
8979
3504
5338
5646
2336
6428
1735
5421
7094
8898
7371
4831
98
6149
1992
3395
7688
2213
9607
4740
2211
5363
7429
5487
5859
7384
6428
7941
8008
9310
9912
6987
2814
1603
8985
5150
8031
721
6924
1477
5971
4295
6309
6069
6796
8301
5816
836
6866
5423
5577
5430
7139
9358
917
2998
3094
7345
7291
1102
6655
7204
4441
5821
8807
3427
7323
3190
500
4247
4668
6471
4895
977
8892
1691
5630
4708
8880
8848
6484
4457
4278
3623
167
5195
2973
3262
8892
265
716
1899
7469
5158
4072
2628
4937
1396
5818
5437
1995
486
8260
6890
7815
3504
4934
3445
8212
3814
2294
1048
4623
2924
1023
4790
4472
3997
4404
3364
4262
5121
1616
8083
6631
5688
711
7920
3436
2881
3357
1784
3368
7969
8674
7535
1473
9960
7333
6037
126
5979
7086
4749
8903
4461
5892
3375
8458
296
3092
9072
1769
1060
3507
4752
6748
4218
2672
6537
3452
2381
8321
3172
350
3347
707
1823
3308
8040
4213
3434
4019
1299
4536
2923
2112
428
2650
571
7076
2094
9643
5198
3154
3151
6302
6255
3721
8975
2792
7173
1356
7465
345
8059
812
7405
9882
472
5445
447
259
9465
1746
4795
8740
211
5223
7742
782
8651
9837
6777
201
9343
6280
6504
5598
6354
5479
4742
9879
3187
8559
6577
1246
9372
3982
7481
6196
9427
7928
6455
5244
6027
1250
336
6238
2825
4431
3372
7829
4268
149
8030
9963
2782
4534
1914
9136
6365
6656
5367
9553
1568
1944
7151
7292
5926
984
3488
1706
5265
9944
3302
1292
7546
9991
3882
6724
4422
7254
4553
5042
3755
2583
5005
2889
3470
6919
2025
9835
9928
7393
5740
1496
5689
2892
8788
7968
228
2276
9674
5493
8572
9328
3137
2471
9319
7019
9195
93
625
3748
5135
733
2683
141
3622
6153
3412
2000
5989
3340
5745
8081
4836
7786
7325
9976
5754
7554
8605
1780
3047
7177
1109
2537
9648
6780
5908
5195
6874
2886
8943
8361
3619
7979
4854
3593
4132
8267
1945
6473
7959
4042
4555
2796
1829
1880
9124
7583
5786
7729
9364
5186
1259
6825
7723
7259
3605
3631
2455
6831
6517
7750
5193
6488
5729
47
82
9862
4666
8379
2687
2626
2422
7242
1774
4251
5475
898
8186
1261
8628
7550
6447
6239
4375
522
3498
4333
4154
2305
1164
7023
56
2709
3512
5785
9109
9946
1999
3775
8325
4687
2753
7099
8281
4527
7702
108
5426
5889
7722
406
9791
521
2997
519
1044
6495
4852
1550
8801
2368
8573
5209
5078
8437
7346
539
8383
9346
666
3061
385
3420
6512
5018
7947
4215
1479
9725
6456
9201
131
6247
9722
3128
6766
7118
5976
7970
8668
1129
339
3594
6338
1769
2031
3684
8660
6767
9382
9326
9828
6119
2746
6340
1138
694
6907
2617
419
3363
8170
6903
5963
7892
6383
2729
5011
8711
7052
31
9840
3743
3625
2530
5512
2009
2567
524
8776
1949
9850
4956
8069
2597
7648
5559
3291
4556
4528
62
4271
2698
3317
234
6942
9701
9316
8305
8412
6368
4689
4605
6463
8314
7135
8327
323
9702
8851
5451
8004
8701
407
2425
1298
8056
7984
941
8964
8864
1004
3235
7914
4321
3470
1208
374
9138
5866
5139
1858
555
9744
8321
5221
6879
6648
1897
2934
5499
7348
938
4200
7756
3363
5499
2164
7699
2792
1128
6563
148
4363
829
4470
4185
2037
1196
3323
7903
6335
5181
4810
6079
9854
32
9311
6502
1929
2245
2001
5629
3183
6202
9737
6546
8053
1901
4245
845
9381
7160
7346
3745
7989
8168
4282
6378
9364
7606
4282
5700
9139
5444
8131
8994
5476
7442
5496
3757
9687
3850
5739
9222
6404
5476
5768
809
3730
6365
8006
3111
3525
5352
3208
7866
3520
3843
4245
2885
1449
8527
4937
6940
3971
3068
2286
5800
6863
4135
5909
2902
7985
1648
2125
741
3477
4245
1550
7207
6963
9556
6670
488
4909
6231
8355
8429
74
8952
1314
7875
7479
2603
1167
7802
2024
3454
9954
8887
7589
5864
8141
1926
3864
266
2667
7341
864
4217
900
7827
125
7571
4667
5034
154
9374
3464
228
8326
1130
8103
2157
3734
9270
6312
5758
9076
6266
997
3017
8482
9138
4943
2347
5757
3962
6040
6621
4531
6941
800
4657
864
1819
9691
1018
1194
9507
7598
5872
6990
2053
8030
7076
7675
4342
2834
6752
6960
183
9769
1795
9321
1065
494
1430
5027
2886
8051
5911
9827
5203
568
7043
7023
6611
8061
8217
2471
5659
4089
9461
4064
8471
6537
1740
9165
5723
8492
2478
5906
4613
625
1579
5678
1119
3010
7058
4005
7413
2969
185
2617
9889
7228
5992
2852
1642
561
5323
7301
1002
4784
7718
9474
7673
9458
8639
3396
7950
7469
5654
2563
8094
3586
4594
5565
2948
8004
9571
361
7325
6108
9330
7214
3336
5322
6418
4978
2235
1742
8632
3238
2878
6350
2712
6904
2160
7703
6652
110
5173
8659
9025
9619
2245
9971
5185
5193
7975
1108
1906
5300
7216
7589
8866
6904
9263
5285
8235
1499
3379
3219
4737
6257
5921
3801
9513
8081
1504
6166
4543
3029
4825
3568
2649
3422
3540
4186
8615
1515
5294
6873
6816
8862
4462
5682
5766
3726
7319
353
1577
698
3572
6314
3308
9493
115
2821
3926
7971
8987
8469
1001
164
2038
2
3586
1930
4188
8553
9797
5834
5427
2965
4696
6241
5000
6814
6319
2319
7168
7896
3018
740
562
2678
6586
677
5499
512
5001
839
8982
6002
1003
7372
2356
942
9302
2896
9495
5451
8730
1274
8417
9778
7516
3417
6592
187
2088
3760
8084
1458
4501
4998
4136
7439
2028
9636
7951
7029
6827
6933
9383
7830
657
1739
5124
6311
987
4620
1763
9717
5894
6532
5847
9762
9949
2439
9950
8389
6200
4386
9848
7053
9384
3984
4492
1412
9972
8795
8441
6799
2081
4176
982
2738
5915
6106
9050
6902
726
7165
2971
2973
3697
8818
2735
9998
7610
2685
8387
162
3423
8235
3567
9160
2220
8059
572
2192
3206
5366
5344
5287
9542
6326
4378
1810
2432
3428
5064
9511
6945
4388
2484
642
9558
5219
6992
7168
4257
5379
7330
7680
3615
897
3192
2187
5308
3765
731
4867
5483
6075
154
1377
2401
4532
9539
1186
4312
4604
697
1257
8992
3181
8251
4902
4752
5243
2071
9009
6975
5753
3042
590
3003
6234
9129
4663
6351
9860
9530
1834
2288
6037
9564
4689
6921
9103
2227
1234
59
2924
8843
5403
6105
3447
306
858
5042
8729
6219
2017
834
9261
8959
189
1848
8088
1205
8199
4301
7087
6386
6589
3124
5950
7630
46
1405
9858
7632
7817
2782
2827
3220
5240
2626
9878
2450
7669
8607
8669
9686
5794
4283
4998
5983
6131
3086
7188
4330
3739
4276
716
328
3752
3018
7959
150
776
7817
4134
8593
6951
3314
1813
2191
5940
8044
4641
3609
3003
9663
9648
8797
3946
4646
1133
77
4084
4673
759
7824
8949
1476
4504
9054
846
2463
9204
1622
6632
3339
6567
3584
6653
8381
2127
8945
2777
6769
8907
5780
2784
8555
930
6730
9553
2063
3159
9989
6736
3918
4165
2038
1746
8670
1092
2593
1133
296
567
4118
9987
7135
7702
2992
1868
9829
1938
4645
2950
7197
6777
5734
2104
7707
8816
1657
9770
1975
7998
2859
2246
2164
4897
3992
7186
5989
2937
4671
2637
9857
8789
8977
6992
2843
8321
5212
9025
6611
9857
1975
3808
2986
4062
5912
694
2878
3921
6816
1206
1920
9675
9804
436
4572
3796
7622
6913
3086
8645
5903
2943
7435
4880
6287
278
9553
1499
9303
6165
7708
7631
9973
694
1693
2238
7740
923
6159
4557
8481
4431
4232
8285
4867
5157
8434
8841
8422
7872
7487
4325
815
1274
5557
3454
1552
5111
4953
7208
1276
2661
4839
7601
9707
2884
9839
7448
159
2351
2005
4993
6782
2589
3278
8002
4098
8064
6843
2521
5936
682
3198
3103
1956
8756
6557
9861
3867
7862
3421
1495
6875
4612
5448
6583
7496
1640
4031
4007
3991
2388
9000
7125
1329
8631
5127
5428
3047
8323
4301
5336
9005
7499
8439
7314
6255
1349
7175
6474
5563
6948
4321
2439
1560
6122
5374
5408
7762
5757
9415
8105
8145
4768
5230
5826
9751
358
1254
2798
8681
5555
8134
4038
9407
2926
1352
5662
627
4879
8489
6190
1827
9162
4981
3387
5284
355
8795
3046
6112
4563
7503
4257
5683
2734
84
5434
3092
7690
4584
8125
9598
9071
8515
9005
8349
6220
1019
8976
1099
9508
1518
9279
8671
6500
9018
3955
6855
4166
3354
2968
5081
857
3577
764
3591
13
2550
3035
4056
7134
7512
3654
2557
6028
2659
906
8600
3678
6234
9699
9539
7753
5330
4562
605
701
8517
7460
4867
8223
6780
6300
9081
358
7064
9024
6723
5966
8412
779
3100
2276
785
2010
4656
9796
2916
3256
9827
5503
9308
9366
3256
4638
3928
3861
1691
8797
7673
2910
7021
4454
9210
2454
1164
2626
7830
4239
8592
2594
5019
8045
4871
2156
55
9527
1953
9323
2784
1780
4826
2092
1146
4434
3082
1426
4647
4774
6575
2321
7684
9948
3127
6895
2402
643
9521
6585
4882
4466
9179
6253
2511
4050
8410
2566
9930
363
8241
2714
2143
3068
1158
9641
3854
592
7419
8502
5366
3994
7175
9403
3943
6654
2650
2697
7297
8523
9282
2179
2989
4814
8433
5500
8864
6843
4418
5146
7206
2660
7860
5701
2080
5370
1694
2286
5963
9113
788
7681
3107
4315
7084
3402
969
9734
6100
8266
8258
1734
446
1247
6548
5231
3100
5413
8426
3870
559
1984
6530
4772
7685
4962
6494
9379
7249
2457
8492
4389
139
7951
8705
3575
1354
9674
3310
7454
4293
7920
5540
1091
5519
2089
6322
8619
3854
4748
2490
765
6732
5372
5537
769
6687
8384
6500
288
841
1344
4677
7332
9295
9734
908
7001
5761
570
807
54
8490
6348
7497
361
8437
3819
8981
2291
4919
7823
3056
8003
3195
4946
5124
9882
3330
1624
6522
523
2968
1200
4208
8615
7286
5116
5617
3047
2038
6424
9453
6880
2772
6950
7241
1209
7121
2574
9852
2040
397
2909
6395
3593
4207
1519
9827
7537
9495
6350
8060
2463
3902
8620
1079
1188
3736
6696
588
2126
9472
41
9006
2245
3344
2600
9806
465
5174
6011
8858
5572
8920
5253
5517
3127
3125
1696
7016
8972
4398
1428
1436
4652
49
8867
2193
137
1915
2781
2264
1387
9174
7622
9984
2518
6574
6143
2984
1749
2154
8194
3673
7426
9799
5542
6905
2924
3590
3921
8249
7989
1701
9685
8993
1750
4904
1186
8240
6819
319
504
4558
9494
4478
895
2012
1053
3390
1348
9154
5544
9542
9179
2970
5694
4721
6227
4970
8311
148
3219
2652
1849
2904
1646
9952
4160
9184
8192
7331
9504
5048
1890
8998
5878
9137
7362
3283
2527
5063
2437
8071
957
7968
7393
6651
2689
3620
1622
7353
120
4841
6357
8321
4098
4355
4625
8258
3540
2817
5590
9396
4217
3832
8394
96
2969
2108
9731
5496
7171
8521
9919
8129
6489
3664
4780
9179
3636
6402
2884
108
1244
9241
8429
1694
9949
3055
9952
3489
2224
5542
2885
2794
9374
7631
9242
8695
6091
8973
543
3263
7494
462
1392
3984
478
2524
9515
466
5279
8751
574
2875
7992
9004
4569
4293
8411
4521
7782
6987
6416
7019
9781
5790
1002
9023
838
7094
4349
1381
6709
1843
8196
4453
5827
8674
6977
1694
9141
2256
445
6067
5131
4790
5071
9700
9083
9834
574
3218
3174
6990
6589
9307
9132
7592
8331
9970
1038
2680
1352
7747
875
9548
2200
3055
4574
5529
4749
67
7786
5195
6135
9269
9985
7558
5322
5420
3745
5896
8638
6919
2886
5228
6226
2018
9172
909
1989
210
9941
9693
4309
817
5593
2861
3872
167
8390
4973
6587
2528
168
2722
8150
6505
280
3472
8278
4025
9368
6916
7296
8606
8496
3523
624
7668
4432
8965
4230
4374
5010
4891
1543
603
4104
1767
7123
2495
6740
3710
1375
3261
6432
9525
6118
3064
9349
4396
3442
5069
7665
738
3675
6161
613
652
182
5046
5969
764
5772
980
2008
3667
1583
6112
5434
5058
4959
2174
8768
6335
1787
1552
2212
7906
4617
1562
8654
4411
2983
6319
1501
6659
8833
2115
7311
5367
7161
9632
2483
9285
612
4491
2952
8548
604
8386
3606
1915
6912
2375
8250
8700
279
6815
2958
1248
4729
1612
5659
7712
4284
7161
4371
3117
5628
8034
8484
9141
7667
7319
8426
4631
1811
7730
3179
8767
6116
3138
682
9380
1865
5285
8080
2144
2100
7390
3393
3181
9003
5404
893
3287
8917
1617
6404
4545
6003
1240
3686
22
4911
8464
4654
6722
6194
4185
5489
8662
7323
2524
8043
9188
7809
2475
7685
6261
9866
7430
9442
8869
2834
6687
8508
1752
8304
1264
2649
4308
8856
6336
4330
3767
1152
5336
490
7347
9522
2331
6009
3197
4855
4052
8738
9016
6528
6423
1629
2746
205
1071
1615
3039
7759
6475
1143
2415
7739
145
3075
6595
2833
7406
362
3985
9094
852
1332
8616
9536
7342
8166
743
7746
6904
9760
626
9679
7741
3372
9884
5165
1339
9275
9276
7814
6771
1691
5553
6916
4767
2148
9749
8525
2511
3734
7619
9715
1419
2588
5603
8761
754
6347
2859
4010
2459
3486
41
200
6858
6277
5365
4550
5552
4641
2364
8675
2685
4270
5591
7452
6418
1692
2329
5281
1779
9948
1349
9550
8888
6952
4663
5994
9651
7522
4
2110
1008
6397
8663
4219
2674
380
8769
4579
5022
7485
3254
7707
1755
5198
1511
4526
3242
192
6159
1373
140
7508
923
5381
813
5586
1375
464
3109
7732
8927
469
4129
7590
1040
3156
7970
9809
4087
9344
3647
3693
3403
5402
8891
1266
9928
8486
1458
6088
9859
7951
9948
7135
3332
7113
2721
1059
7578
2182
8791
2857
9004
9273
6799
44
2429
1121
6206
2868
6818
9853
6561
221
1607
5453
1488
1536
291
9298
3976
6502
7249
3924
3637
581
1038
2711
7993
4968
1245
6784
4177
249
2409
7328
6646
1190
8449
9204
4058
5267
9057
620
1841
664
2425
9681
8552
2716
8979
2528
9218
6229
2805
9208
3162
195
8271
1155
1515
9516
4292
2044
6118
6701
9372
9116
7892
7821
8320
1950
9441
3729
2570
1282
745
4995
963
5650
4063
9942
4530
9634
2523
7335
8842
2038
3882
3465
3193
1749
2981
3837
3793
5451
539
3165
4567
4783
7339
9239
6733
6780
9320
5656
8062
66
7003
5377
2068
7419
1671
6598
7053
4195
286
2247
2585
4168
5712
2130
5918
5045
5968
6063
6849
2859
9229
7768
7642
6568
7008
727
9700
2680
2735
4114
9098
6091
9491
1166
3510
1162
7765
563
1709
8051
9162
4294
8571
1226
6425
841
6271
2393
6905
9472
1604
2486
7241
9246
5406
601
6325
5106
3281
9061
9220
2380
1504
8711
9898
5014
6225
7663
1929
7935
2066
1091
8581
638
8669
5006
7831
1292
3751
4736
765
1707
3574
8006
953
8980
8607
3631
438
8240
9044
9658
6972
548
4721
6871
1914
7299
4534
3843
5234
2953
1286
167
9943
9955
5174
7774
1247
5277
8863
2012
6985
2437
6370
4290
7770
1329
4273
8208
9570
3317
4219
6542
217
8940
9765
2131
6239
652
5974
7825
3605
7260
7993
3548
3567
9519
7674
4815
1148
6537
3179
4485
5327
9550
5128
9449
879
9401
4009
6801
9071
8228
9696
9288
3521
9461
1420
6112
113
3746
290
70
7359
8283
9970
926
4154
7645
2093
1654
534
5273
6140
2213
1175
1268
1662
8406
7021
2024
5208
6092
252
4904
5381
125
717
3153
6238
7183
6899
6528
7253
4258
1163
3576
1537
1669
1221
3630
3323
8107
5255
5815
321
6430
7083
8335
4837
4105
359
6397
6549
6964
7653
1930
7089
8370
5083
9679
1905
8335
6207
5511
8945
3722
9087
482
5391
308
4113
5067
4767
5720
882
5088
2151
4318
9776
3340
4775
6487
6089
1324
9803
3742
9607
6893
8464
1042
2924
370
9377
5484
5881
8323
9206
4968
5157
950
1628
9270
6017
6395
1343
3251
7836
9846
7569
3964
3186
8696
451
9275
21
6607
9369
5980
9852
7833
7022
2776
4555
2752
8260
6788
1075
3819
8108
6232
4769
9736
1855
7138
2484
9550
389
320
9396
4311
636
2582
3007
7439
8209
9380
4046
7578
1712
3898
1763
8735
6675
6319
1487
1287
3107
8914
5106
1216
1498
9875
7304
9705
3365
9788
9255
3755
6460
8651
4418
3448
1233
3777
888
5794
9510
4934
9724
1222
5185
1488
6309
8212
4159
7796
9499
3618
3062
958
1186
4561
7185
4843
4266
551
983
3522
658
7444
8525
5076
892
9759
5205
8132
1905
1067
3067
1630
2290
4604
9470
8599
2816
9981
2748
8667
3599
5810
9625
1138
371
6811
5981
990
7362
6964
864
4372
760
9389
5800
8005
5500
1005
6137
7406
2073
5556
5388
715
160
4858
5666
2976
4839
8414
7996
4790
577
7621
5928
948
784
1909
8290
4498
8874
9154
8870
9634
4896
4670
3991
396
5676
129
4154
4101
5685
9542
4816
5846
752
482
5174
1943
5249
3170
3086
5826
7144
9014
3126
7928
7276
1417
2427
2502
6923
1297
8488
1819
2320
2480
2216
7996
2609
6370
8449
4646
2265
9617
492
9369
6451
2019
1313
1700
1541
4399
7526
5037
9765
7005
2966
7041
8422
1745
5895
1697
9394
4384
3517
1714
6864
2085
6062
5825
4807
4511
471
3424
480
7316
2794
6932
5687
4107
8632
7228
4858
2511
8618
975
9516
1584
4369
4290
9681
264
5987
9075
1000
5856
790
4216
7941
3204
41
9101
7716
513
2525
8196
4181
5319
1480
9868
5778
113
3448
6988
8976
2066
7964
4844
2
2333
9134
9683
8949
5121
8759
9950
7330
5901
4166
5271
9105
560
4372
3173
7425
6898
7722
1606
8569
9202
1474
4348
5667
4922
1336
4643
3341
5652
9487
3343
4337
4973
3027
3287
6447
8138
9589
3777
4039
107
5400
9496
667
9773
2670
8092
3023
392
6050
1592
5946
7524
2292
1614
8799
3629
2609
2140
9281
8449
5483
3619
9774
4862
3258
6221
3000
2847
9998
7039
9306
1751
2888
9974
1524
5558
4418
899
2302
469
8843
4600
4345
1136
6214
3144
1117
5176
1636
398
9977
3472
369
9751
8334
3627
5973
1335
2826
2323
4726
2133
4074
7614
8459
1950
9524
2877
9201
8178
3346
8045
2779
4044
5533
5345
7188
6650
521
5177
3400
498
8649
3770
6602
3335
3749
2575
4670
6576
1250
5749
5061
1677
9715
3520
3627
5592
2749
9181
3770
2448
3578
6549
6492
9111
8247
32
5761
8768
5209
5513
5619
210
9283
2221
3546
3033
1148
4568
5961
8750
317
1022
427
6385
894
407
1977
3643
9588
5747
6091
9518
8649
2583
8629
6896
2616
742
2016
4177
6255
3987
4388
1891
2560
4286
1276
60
8854
3589
8811
9172
963
5590
1909
1857
5997
3886
5500
1937
9633
7944
1455
4634
6879
6436
7882
5847
3530
9899
25
9786
3886
765
8029
2799
5051
9305
2859
3905
9246
1670
9429
209
7261
1338
2066
9610
5224
3918
1548
1210
1862
9355
2196
8742
5792
79
4589
9322
6330
966
5460
216
1731
9841
9367
6782
5498
2227
688
4744
249
6469
4953
7510
7808
7019
7121
9384
938
5021
594
9152
728
9143
4246
2872
9222
5188
2195
5552
6154
4007
2120
7886
3849
1488
1020
5699
3715
8060
444
316
4530
5397
7827
8690
2417
1300
8074
9707
2673
5021
5211
3401
4164
9458
6274
3386
998
4821
5290
7152
5180
7410
1390
5381
8898
2411
1081
8965
471
1525
9282
1353
6922
3461
43
5691
1113
8118
1750
3786
3139
3314
3539
3655
2772
9813
7041
3770
986
2331
7274
6167
6093
8665
7900
1344
7428
8981
309
4251
506
5943
5605
3781
5756
2000
5824
6869
118
3927
7007
9609
7241
547
3264
6365
6712
6657
6487
7699
5340
113
218
1434
8778
8118
2778
2558
7100
9439
6810
3958
1735
8767
4091
7491
767
6268
713
7238
195
7720
3199
3788
4619
2816
153
1332
9473
2992
5383
1166
3105
1953
2600
8236
71
5378
794
3523
1169
3956
3834
2904
9075
4277
6748
6195
545
7461
3433
7092
5181
2984
880
6153
5800
7385
7485
1626
6729
9220
2792
6187
1173
5392
4423
7596
7122
1569
1120
8291
1878
1306
7548
953
5583
4296
7148
2481
1757
6933
5925
3290
9918
3158
9443
5718
6895
3280
7344
3625
2500
136
9812
3673
1880
587
1270
9002
8508
8742
3646
386
6400
1194
1340
1983
1842
8488
816
3599
1774
6742
3241
1692
9900
2685
7410
6795
2317
1107
6772
4818
1243
6584
4843
3124
3523
2465
8478
2032
7559
8476
2418
3959
9670
110
2295
1512
4951
3111
1463
6725
6205
4705
8417
6105
3742
2179
9253
6059
3286
6025
877
882
8962
2073
358
2485
4538
8836
869
2098
7313
3288
2409
3335
3398
4704
1200
4701
4168
9015
1426
373
3720
9843
6479
7462
2023
2084
9874
1661
8109
751
2543
7071
9176
2901
5909
3715
8090
6778
2165
1755
6418
4574
1442
6169
5631
2642
870
9799
8010
2297
172
8082
8492
3003
1897
6867
5087
1771
8529
9549
8874
7424
6620
8051
326
8881
8118
4768
2012
6635
6523
8430
1209
7965
951
3192
6960
1822
2991
4970
471
9516
9404
5315
8871
1301
8535
3959
3072
7064
3508
1947
840
6480
6350
7518
5362
4468
2286
3726
1103
8809
2156
8664
3127
9460
1857
6439
7634
1200
7761
4457
7068
7165
9772
5940
8467
8307
9899
1539
1723
9759
9838
8916
6239
6188
6434
7953
656
8721
8031
8111
3882
188
6776
7009
6000
4985
3448
3634
6185
1209
8091
9606
8375
4215
5546
3194
2523
1797
4733
598
1556
924
9514
4147
7112
5949
8453
4121
1022
6484
2232
4904
3024
5360
8266
9024
345
8066
9010
2883
5628
7101
2489
355
1317
8035
3549
192
9832
4634
7142
7740
5558
3009
1887
9023
5310
6692
3144
6332
3177
5376
7588
2553
7089
5854
1578
7434
273
588
317
5901
4042
9158
6256
1711
3545
9805
8255
3377
4439
5397
7469
6350
4758
5709
5373
68
2401
8517
6400
1930
245
341
4484
7334
2547
2414
4769
2820
9354
1438
8721
3396
6949
4977
1459
494
1134
9714
224
5574
1464
7693
1924
6222
3402
7297
6291
5804
2166
9043
7734
2411
5736
8570
6098
8284
984
7219
1104
339
8657
9826
87
1958
1155
7899
2453
2290
7613
2677
4216
5429
6722
6140
1652
125
9789
4295
2281
1955
9690
6367
718
5427
1290
6816
3711
2274
4035
1167
8965
9045
993
5405
1003
8501
3304
9808
791
7269
8837
5007
2699
5560
7499
4351
2037
3640
4998
670
1947
4688
3389
9017
115
4679
5834
178
6954
6221
1346
2271
1618
8691
7676
2622
7192
980
8782
4335
8250
7620
5694
7301
9532
9545
8004
1569
3185
3002
8591
1484
4042
1980
502
510
6660
2688
688
3614
8909
8386
2237
6880
3430
9914
9502
622
7246
4636
1310
1848
2256
7004
9149
1788
2902
7153
9709
2439
6507
8300
3924
550
281
778
1060
3293
3466
8100
6907
8727
6487
5496
5607
6269
5410
1461
3243
9009
6098
4553
7209
4706
7910
6359
2847
812
9864
2556
3251
2724
7209
3527
9626
3842
4305
686
7135
7771
5138
394
2851
7977
5890
8458
4246
7653
6272
7490
3014
2370
2043
223
7076
6305
2934
6275
3469
9151
5184
3073
1875
2393
6600
1501
2587
906
8539
9722
5029
3677
6468
7880
1655
2358
2691
5901
6363
8963
3391
9377
7685
1787
9601
1113
4444
2535
7389
7914
1686
2573
987
9913
1318
7587
7766
3905
4845
6305
3627
6227
9983
95
459
7990
8805
3150
243
5169
8465
9987
898
6150
1774
499
3616
6218
9387
1005
484
7425
3578
1471
3691
1248
5411
1457
5153
6608
7763
5132
2835
4098
5227
3295
2088
384
2797
2331
1905
1263
2318
2804
3765
444
9655
7381
3015
5394
4738
3499
9172
4668
1323
2863
5916
6734
4320
1069
3342
2083
6201
2530
6181
7780
5825
4621
4517
8622
6953
6422
6237
5623
5578
6355
6068
1586
88
9083
3332
1179
8934
2504
5847
257
5367
8116
3343
9688
5537
3038
8123
1739
5568
657
5871
7745
5278
388
2719
8583
3163
8957
4207
5093
1664
275
3031
8104
5710
6364
9283
4644
8868
1483
1254
588
9599
4597
276
5136
3987
4751
3227
9555
5408
9099
7300
7039
5839
6372
5622
5354
1681
9829
6800
3345
6456
9831
1449
2166
6195
7085
3163
1416
8568
4417
2004
8167
5366
8632
9655
9354
9735
2883
8909
5144
8334
2562
8535
525
8934
4157
5880
615
339
9032
312
6795
8863
8113
5314
1411
5198
8477
2827
118
9246
1183
4637
4612
9815
4293
3966
9550
3528
9228
1046
1862
1790
9581
2387
7076
91
4619
4043
430
3651
707
3577
2515
8820
8891
278
371
3720
3105
489
2966
640
5127
7579
455
9420
1545
6357
2948
7125
3756
1162
5267
9689
9901
2343
6132
4521
2738
6562
4524
3445
6492
3391
8618
5383
3669
8989
5456
3126
9478
8422
3766
4605
6001
4221
377
3899
6931
9677
1024
7039
839
2644
6728
741
4987
2861
1614
4078
5775
6138
3875
2267
9530
2493
4003
3199
1482
5811
2678
961
4233
6444
1918
6587
7018
8648
6838
301
8325
4214
7340
9165
6858
420
6258
8198
9633
7872
2276
1761
362
6151
380
9892
4997
4383
9444
6479
6546
2122
7440
780
4918
5711
3719
1936
4359
557
2237
2684
4771
9577
8201
7982
6350
811
6180
5983
5035
4808
7744
5398
7311
8125
1642
2308
8860
7438
8788
5407
9560
2580
2539
4479
4643
6258
2767
9002
6815
5005
8039
7938
934
2592
5920
7284
3404
8452
9620
8439
3260
7364
189
6924
1841
1832
9232
7054
9270
8020
2461
5183
6953
5000
6014
1596
7610
8781
6951
4425
138
4990
8715
7425
7582
4636
1061
7338
9440
681
2130
2701
4398
2319
9625
6239
503
5209
3293
6126
9582
2106
1309
6535
3458
3675
4483
1068
8808
1434
1845
8947
6424
561
6372
359
1549
3785
4049
989
4467
6179
42
8865
4851
6019
1456
1706
1229
1102
7832
811
3208
5493
3698
3019
9168
8181
4087
7977
9616
5933
6924
2392
2846
9648
9103
4395
3433
3153
1736
4252
9332
1779
3117
535
7798
926
2242
5379
2028
6426
6190
1588
1920
6240
4607
1088
4422
5047
9065
390
7332
2341
2782
178
8341
1886
925
8127
1391
2661
2379
7075
792
1849
7611
4943
2775
6205
322
1155
2631
2865
2743
4551
9105
3703
1992
3527
5102
1057
269
2434
9751
3052
8964
8092
1290
6241
2571
2681
5254
4951
9756
6047
3152
3719
7342
2279
9924
7664
3434
8908
6881
2529
9811
5987
2584
1803
5866
7686
2861
6136
6472
8964
5540
5436
7056
3182
8029
5980
2215
3284
931
1971
5683
435
2043
3025
2714
8319
7041
2500
7227
3923
1381
7039
6262
3966
8842
2128
8004
8055
4616
4477
7019
6508
6265
428
9690
647
6408
8257
3931
3691
229
9614
4126
8624
2639
3192
6943
9680
5692
4171
9955
7073
7562
6217
7391
6404
4698
1748
812
5666
2577
4183
2175
5194
4611
8217
5841
7371
6475
9772
7414
3056
5738
7892
1680
4729
1084
8623
762
6776
9146
717
202
6708
6935
3945
9465
7985
5693
6629
3651
8270
812
2178
3465
1776
396
9306
5499
3223
5431
2914
6279
1169
806
4311
5899
1891
9286
6661
5019
8433
3730
1573
1493
7017
5519
7310
5002
7564
3939
8654
5835
4752
832
5652
2880
7580
1310
8379
803
6741
1293
3434
4263
2100
4097
6514
343
3384
9527
5362
8169
9609
3288
9662
6627
5159
6973
1629
2723
912
6635
4910
2016
3820
6914
4896
7752
8225
3276
4908
1318
921
8342
1933
3021
8792
4799
9716
2176
4326
1431
345
3936
4719
6359
563
9878
3332
8544
8953
597
1532
3864
8965
1704
778
3862
9456
5355
3490
4364
6674
4411
9059
4959
3785
7851
9759
3501
27
4085
4932
6724
4373
6003
3083
1288
2233
2768
6185
1187
9717
7717
5051
8682
9421
2181
8896
5229
7537
2386
9594
563
3150
5005
5522
6935
2856
5281
6788
9235
5719
8073
2311
92
4076
5394
7733
6310
4514
3918
3849
4231
1635
8900
2914
7408
7433
1810
2637
4970
549
8583
1885
51
3588
7408
6986
2796
2689
126
8383
4760
4551
7046
4853
8628
8793
2586
1290
3307
6504
5139
7539
4491
391
6805
8251
4176
4967
888
9147
1868
5824
7384
1919
5764
4792
5257
8561
3834
5384
3296
8594
9935
343
9799
4915
9136
2385
2557
2443
5241
4048
6334
6084
791
9491
4335
4968
4459
1576
467
2679
3752
7851
4599
9516
2644
6208
8077
2830
1592
7726
1424
7880
8069
1224
9147
3557
9961
8057
6000
1555
2105
8687
3991
9249
8178
8327
4217
8989
6255
1036
8021
7
8887
8972
9523
7883
5180
3953
713
3125
8031
8490
1005
6100
6066
6504
6009
2379
4561
8361
3934
3019
7048
7926
8620
1579
2605
9189
6920
5212
225
4941
1571
5464
3913
7446
3348
9094
7751
413
2219
5782
5255
9576
8234
1321
2432
4243
53
3346
2605
3987
6365
6005
8265
1337
7584
7222
526
857
8786
751
5798
6709
6215
6064
4156
5915
1510
8259
2681
81
4042
7936
6009
8628
5610
8441
2872
5663
1787
1829
6002
4504
7834
620
5841
1771
4194
2719
2628
9333
3470
4778
6042
6038
7194
198
8305
8704
8458
986
5137
8852
5275
1146
7480
7237
5940
6704
2900
7727
8533
5254
8584
6368
5874
777
8139
6421
3497
7119
5754
3319
1897
1796
5709
9092
8347
367
4148
3157
1353
9286
2009
2980
432
5841
217
6372
2546
9469
452
7431
4724
5388
151
6950
6165
4642
3371
6014
1761
9125
5686
3659
7274
1395
9103
5621
1762
9603
5130
9468
8889
3491
8800
5674
9332
9018
8398
8230
8487
5202
5662
9563
590
5813
6514
3108
456
6237
5474
8569
1715
1160
8580
8989
8908
7683
962
7022
7287
6092
2842
2528
9583
1643
8202
5267
7013
2953
9850
1852
8155
5512
1416
5098
7677
4282
8206
4485
519
3680
3055
8586
1193
7987
7575
6453
5671
4889
3475
9310
981
2670
1838
6916
4313
6393
8536
7678
5698
8386
9530
3853
250
7298
8951
4279
7932
3509
5117
4804
3542
4524
3390
1087
2511
966
7540
4534
2207
1015
3844
9541
37
2035
2809
4350
4780
1345
8380
478
6083
7911
4331
2685
1561
9635
6965
5846
9496
8434
650
3038
2958
4040
477
5469
1358
8017
4
3566
5385
200
3107
5422
2235
2268
6125
7015
3614
4505
7493
6049
8768
8177
8735
6682
4164
2052
2528
3660
486
3178
3051
9796
3570
3528
5265
4929
7898
1621
4847
3283
1822
4306
5057
409
6574
1182
3777
6540
5688
7622
2590
808
5799
7677
7490
6315
9729
18
9976
6567
3196
9379
6363
6767
9259
7980
8048
7157
5954
2895
6792
7776
3553
1850
4537
127
3032
8314
6668
5072
2289
5610
5881
8088
3287
3371
756
3016
9742
7084
5935
9290
6463
2298
2409
2074
6630
457
9232
2584
9704
2376
6712
3257
4226
1250
9737
3611
5916
2757
8683
8205
8367
916
2646
1654
640
3402
1022
382
486
6957
9672
3301
5607
2082
5375
2237
8891
959
4822
4948
3336
1534
4557
3914
9136
4294
7525
5053
3403
6209
9610
1770
3477
2256
9776
4117
2010
798
4499
2496
4107
524
2149
9714
8958
7525
1952
4201
8484
6774
9149
8172
4660
59
2087
3797
705
9612
5202
4109
2173
4812
5879
5651
3421
5656
9768
5431
2806
620
4280
6914
1144
6429
6628
102
3954
8580
4303
8791
1706
9805
3315
2719
9864
5402
6516
569
1367
1718
4678
9892
2882
6910
1895
6303
8918
8016
1735
1724
8636
6015
8638
6132
8796
1619
2586
2751
6551
3241
7894
8258
3046
1209
977
9262
2964
3845
9832
683
1915
862
6927
1149
4124
8823
7453
3042
3191
5540
1119
8179
7907
9757
4311
6703
7728
3249
5806
4280
6490
52
8890
9537
7614
6219
8799
578
64
4983
7613
8331
2198
892
9480
6322
6067
3285
5717
9258
8825
6836
7437
6732
2945
8100
9788
674
1349
5594
4954
4192
1999
3844
3729
9613
63
8880
6543
6479
216
4156
4810
2414
5048
642
5088
7468
3928
805
6726
2753
7641
516
5838
587
4968
1978
7613
2670
3924
2567
6862
5923
2763
6943
5536
2826
5823
2079
5657
2391
2587
467
1157
7636
7461
6246
1456
1389
3403
8182
4143
1045
5050
6333
7984
19
8311
5597
2689
2235
4516
5903
8159
7279
2846
3695
105
5021
2127
5762
7413
4714
2581
4922
8702
42
1168
158
7784
924
4693
1927
1969
9743
4612
6305
6114
2923
8254
5155
1510
2770
1058
6021
49
3904
6069
6506
8926
8196
8620
2691
2910
7553
7613
1613
3947
5134
1771
1731
6058
2816
10
4379
2560
4622
684
8674
3897
8938
182
5408
8060
1240
7781
8109
5145
3850
967
423
2046
9587
3114
4957
7140
727
2922
1087
2213
1045
9171
8271
3862
9181
2650
6422
3804
9686
1448
4053
4976
1630
5813
3036
9223
3595
7497
4368
7445
8464
1143
9492
4403
4257
801
7895
1336
3723
5335
3550
1120
4506
1821
4982
3687
824
7756
3843
510
5557
7897
1839
7187
3710
1227
2762
7305
8725
7130
4751
3541
8273
595
7945
8882
1396
5840
219
1471
1175
121
2591
5681
8294
7574
5721
9118
1682
9564
5981
7239
3813
4172
779
3876
5399
3541
1181
4124
672
2284
7666
5297
2879
1963
532
627
7803
7103
2098
5331
7224
1042
7364
1870
8616
3085
7341
298
9002
3322
3890
2815
7494
4669
3043
9245
8210
4225
3370
8882
2861
7388
532
2093
9351
7416
9072
3506
4519
1171
5189
8095
8565
2554
9965
7181
5639
7306
3831
993
6980
7721
161
826
2390
3204
72
6953
3781
9794
2187
6643
7182
2719
5088
2885
6487
4160
2743
1006
1683
7933
9101
248
487
5419
3781
2478
2725
7613
9824
6058
1686
9985
6884
429
3189
3308
7382
6971
3102
9569
9966
6636
8641
5054
5873
5128
9214
8617
2487
898
2902
7940
1146
9741
3359
4928
2219
2437
8893
2043
8495
6931
8380
1731
7360
1570
5040
1094
4893
4494
7016
4859
7483
5657
6265
3356
7137
5479
8325
9624
2729
1227
7565
228
968
924
5156
9540
9713
401
7935
4560
7332
6316
6292
1045
4238
7684
8491
9131
2178
5507
342
9661
7516
6607
9370
1006
8438
7695
630
1168
5275
4547
7748
2595
1824
9256
2135
1537
9657
6423
6098
3341
2739
8742
738
3329
6426
9230
2460
4956
1089
9154
970
4958
2113
340
5964
551
8035
2946
8071
9662
7494
5819
2258
9318
5075
745
855
1084
7168
3305
4426
6259
2047
1516
9588
8473
7098
8400
9782
8188
7554
752
9498
9667
1092
5462
6571
5479
8408
994
5142
5902
6814
3752
1572
8241
4497
8780
5678
1666
2085
104
7925
4133
7972
7514
8958
5071
2266
8740
9611
6173
5844
9109
5840
6936
4571
8763
8768
9331
9758
3910
1586
2924
4014
3158
7517
8511
1938
3195
177
376
9651
4455
861
7624
8321
6171
2695
587
1264
2306
6760
7108
1415
8953
4045
2338
4068
9165
8021
178
9427
5959
9454
3441
9118
6972
1952
7408
6519
8482
4136
6171
2937
4997
147
7610
1169
2842
8197
2433
1500
1310
9541
9267
6615
9938
7957
683
9103
5978
862
8530
1938
316
1971
7408
3640
276
1168
160
8758
5305
2683
1695
302
2830
9305
1471
5672
3854
256
3524
1516
9798
2791
8131
6088
748
5167
5192
3078
2381
74
1368
2697
8398
8776
2690
8674
6297
9202
7432
1602
1885
5479
1904
4715
1136
9728
6739
4990
6336
263
2859
2486
9406
990
8575
6506
6157
119
9584
8538
193
7305
7588
4943
2433
6630
3617
8730
5832
7401
332
7717
2880
8589
2432
368
4669
9171
1711
1005
5786
4570
3492
5192
5560
8419
8050
8070
8538
3986
2960
5083
1291
6900
27
3725
3530
9996
2455
9362
7398
9140
7079
6630
4081
5863
6999
8750
1386
8710
6107
7172
3280
5951
8716
5192
4370
3118
3262
2908
7105
2575
4344
8396
9475
4371
8473
3006
719
7281
8720
8117
6421
2152
1100
6854
8015
8099
1956
5754
6809
8063
9278
6441
367
7995
1633
4737
7465
1248
3998
4570
175
8342
2967
9650
9065
1440
9008
9784
8721
7729
4254
1494
6233
5354
8348
4248
9805
304
2
2966
4720
9281
9407
5087
3628
7392
6176
7445
4992
174
2016
5167
4868
4983
4818
3933
2775
178
70
7849
4259
4324
5695
492
6030
396
1093
5835
700
1095
8801
1772
6728
4560
3211
6708
1952
9388
4154
6945
9562
2522
2112
4431
7505
3282
4716
6632
9813
4786
833
4072
5462
6529
4565
7844
6925
5658
31
3977
3105
5184
5750
6186
9744
5313
9246
1697
4701
9752
4994
616
2274
3458
1399
6131
3093
6115
2764
2906
7254
9949
3330
9068
6478
4247
3265
9755
6257
3296
3733
5715
8481
5835
1901
8225
1148
7499
6274
2202
7252
7620
2818
5878
7431
4217
2010
524
6684
1126
9782
290
1075
3112
9359
3906
3712
8976
3661
9969
2272
3746
5684
753
5933
3937
5331
3434
7789
7957
5636
1393
5578
4806
7271
3009
9023
9281
9885
2059
6759
9667
2350
7835
9131
8061
1741
2843
7037
1754
9165
5661
1853
1201
6415
4138
5139
8098
7572
9280
6055
9560
673
7985
4366
7944
7346
9741
3578
7231
8153
337
3250
6855
8172
2382
4916
6265
1577
8305
4372
742
3966
2577
1944
6733
6715
3435
4831
640
9067
7239
200
9740
5224
919
4036
8923
7012
7614
6154
1517
7952
5757
8372
2476
4491
9640
5094
6068
7945
5818
3163
1912
8395
1459
4997
1462
4894
9829
2102
3961
3420
8655
53
4996
5926
4089
3919
9290
1704
6426
808
6008
2183
9180
4836
6674
8821
6282
9094
3118
2100
2257
1382
6847
3716
6380
8310
4962
2561
412
5275
5981
5419
5328
7329
1345
5770
1249
636
3826
7675
1444
9834
6210
6976
1022
9236
2149
7305
8330
1620
5757
588
3002
2605
656
5734
915
1971
4647
7679
7246
6980
3099
8927
4310
4444
1049
5559
1432
4875
9586
9228
1061
5796
6205
2083
5032
4706
5740
9714
6326
1498
6654
5681
4103
7311
7767
1370
5634
2415
9049
9232
9395
2148
8159
3705
2945
5560
9264
4377
435
5202
9958
1496
998
6163
3580
2382
7221
9320
2097
9900
7170
8751
5581
1273
2414
9700
2643
8048
2115
8045
7281
1511
6545
1792
1568
9490
3705
7185
220
4140
2387
178
5637
9738
2693
5569
2120
6266
1241
569
6166
8412
5673
8099
6037
8087
4152
5033
2488
6267
3078
6121
4130
9623
4265
5699
5466
7970
2884
2038
2111
1623
8568
4100
1361
7613
6021
9834
3879
7262
403
6398
2026
6076
849
8064
516
5001
3097
3004
7621
2527
5477
1751
2150
9742
3802
7616
4065
6686
9654
6176
4662
8222
6628
6023
5835
2649
2209
6067
6263
2613
2465
8290
5041
9666
2706
1909
4668
2155
1265
2289
1034
6742
392
3184
2837
4195
7153
6902
7233
6807
3078
1895
1382
6058
7919
3569
8707
128
9636
1322
9093
8453
9612
487
4472
8670
2396
9140
7177
3662
7781
8211
6756
8173
7748
9593
8720
4901
6495
5954
8060
5925
7849
9442
1983
2120
9364
7042
8601
5352
8365
4046
3806
4329
4533
8278
9352
3282
3770
2881
3296
7903
7445
52
2428
5193
9646
1149
94
2493
3455
4506
4771
1304
301
3106
9777
9665
149
8378
5017
4866
8776
5175
5547
3310
9805
4899
2944
9927
7781
6240
7830
5226
6292
259
6771
2290
7760
6865
1136
1215
1371
5907
8871
1672
9013
8648
7689
5514
3378
2707
380
2155
4234
5928
1817
4040
7179
4761
3967
1312
1001
8150
6538
3645
4761
9661
5936
2521
6526
7072
88
4250
9331
8959
2274
8344
3960
6316
211
7338
9023
6943
5845
9609
9223
7662
1
6403
8775
321
4067
6128
8471
6958
9774
3232
6619
2062
2105
3146
5486
2193
3748
4817
7504
2374
9513
1464
8690
9724
8803
4065
3020
4648
3675
2243
8663
3676
4998
7438
349
9066
3567
8820
6024
3341
8404
2643
1755
509
2141
7241
9054
2241
8410
6559
4616
7923
8023
3306
4000
3178
3724
7020
7827
7399
5615
6490
7427
6966
280
7777
6032
3847
2949
8408
3540
1354
7403
5295
8215
5897
2536
7270
8138
946
181
9106
5222
8204
8765
5574
1383
2489
8946
5562
6240
4561
8404
3667
7879
8684
7796
263
8884
7098
8671
2424
8452
2427
7720
3019
8324
6608
6641
2814
3907
6822
8273
5481
1379
7038
1055
9114
9527
1
1028
5767
914
9432
5786
8794
4468
9935
9057
3352
7033
4081
5777
1837
2860
9849
4856
7536
2809
7850
350
3068
4672
8623
8549
2403
5661
5956
7869
1540
2309
8897
3659
3224
4681
9446
8370
9150
9381
3779
2502
6414
4212
4631
4603
7072
832
9459
4608
3642
3661
1311
3062
8334
9934
1612
7089
1948
3920
4959
9840
6230
208
3500
5806
4890
2946
4176
392
8679
4307
9246
1445
8520
3878
6048
5592
1062
1859
6553
1056
5521
7864
4119
207
4150
2083
7296
6098
6003
8607
2291
2233
8816
5791
8039
58
5089
8567
450
3768
2875
6048
5213
1395
6278
1261
3339
7341
3120
9892
8397
8641
7756
2516
5200
1907
4599
2497
4357
6955
7456
6648
9188
2624
8791
3580
2682
3880
2147
9484
7648
5022
5533
9213
2769
1811
6826
6109
5504
6299
6001
3902
1292
3758
2770
6493
2017
3722
5342
2726
677
2798
9375
9865
5423
4518
9797
4457
8399
1945
3942
2399
6967
5827
7965
9737
3990
4791
2198
9495
1090
8199
9749
8735
8309
2519
5228
326
2593
570
9405
3270
3368
5132
9488
5143
9650
9285
9601
8049
1230
9895
6801
4550
2074
4766
639
6064
9557
2837
1911
7000
7388
1660
5735
5698
532
7315
2376
3125
7885
1781
6396
7605
6913
2236
2749
2916
1521
8702
965
9104
8597
4118
3654
671
8884
645
3087
4794
9834
4999
1794
7222
3011
3881
2920
3543
1196
1649
3021
5433
3430
9417
3038
6696
1653
2139
9612
9526
841
6929
8630
5790
1048
8636
2813
6284
9281
2253
1078
5467
7252
9224
2690
6615
3105
1962
159
653
3611
3180
6086
3394
8949
5477
6442
6954
3968
2406
2832
1162
9335
1463
6952
6735
99
6118
3020
5733
8371
450
1200
1975
6027
242
8590
9132
2205
5101
6138
2168
4633
8576
1914
3582
4053
8356
6888
8022
762
9721
9184
6450
7536
2488
3185
3987
4958
2557
9720
3329
9360
7273
5304
5387
7515
247
871
6072
5348
7009
8241
9982
5586
155
9916
5991
8512
6805
365
5626
2878
5901
2076
414
8390
1614
4401
3348
523
474
3030
6235
7747
4686
1622
1614
4933
2494
7687
282
5855
5928
264
7793
2435
180
137
7299
3337
502
2926
2567
6404
1354
2981
1146
9320
3735
846
9844
561
3876
6079
4660
8563
4054
6274
3496
2900
3961
130
5107
6241
394
2901
8677
6927
3038
5976
6616
9892
5254
9184
6296
6609
8517
3794
5929
2252
4641
2125
9165
4869
4557
3825
3432
4963
100
3281
7863
413
3411
2970
6655
158
2223
1684
7085
5261
7660
3701
1506
2915
9237
4154
5876
7755
7949
8157
6359
8942
283
5525
3811
1192
9350
3596
6155
5802
6877
4018
6216
6640
3340
9223
6798
5564
907
235
7177
8567
289
8683
7834
9526
2838
3710
7281
7139
1868
9993
6081
8503
5518
9892
9695
1220
9840
2202
7023
6717
2572
9591
3358
5912
8814
156
1476
6073
6744
8654
992
7033
3689
8827
6559
2879
8889
193
18
757
186
2451
5612
2056
8696
1659
3276
8536
3861
6651
5254
6433
2594
4964
2346
1408
1472
174
3833
8216
5180
4826
5249
8870
3653
8161
1749
8894
8354
8120
9652
4892
571
1616
6948
5619
3276
6576
4156
7137
3228
5762
3571
5822
726
2269
3583
2198
2443
7416
6767
7624
2242
2016
2846
2247
177
947
1142
4883
5419
7146
9775
2343
8762
6723
7962
8390
3300
2118
5528
2880
4232
5451
5054
4958
4072
8637
3509
2867
2406
276
491
1000
8644
9689
9600
5174
637
742
57
6056
4240
9833
8399
9354
2908
2714
7745
2560
1184
9625
5440
5417
1428
495
6727
5500
5484
6588
8367
7890
6864
5211
5243
1861
1252
4843
7035
1889
1937
7092
4298
6177
3277
9049
5531
2538
8115
9628
5098
9300
5605
6891
4717
7033
7386
7796
8885
9222
4385
3605
3465
7601
5168
8708
9462
6420
3551
2849
4662
5488
9942
5312
8017
9571
713
9900
2109
8829
9529
3560
8129
1486
451
9198
4872
7837
6994
109
3411
7731
3714
6876
5333
5234
5584
4795
8007
9135
7645
9021
975
3939
685
8992
9862
1398
8893
1972
6579
4774
5532
4708
6260
5983
258
7484
172
3605
7594
3583
1336
7660
6812
6669
2895
2396
7817
7254
7884
5462
6275
5211
5753
3312
4204
5615
4710
9449
3939
1290
575
5823
2350
3187
8158
8961
672
4682
2566
8266
8266
3902
5926
1430
6924
5173
3826
4741
2427
1710
6555
5054
6922
8660
8366
7478
627
9429
3279
4567
7071
206
390
9421
3393
8549
4734
417
3231
7300
5035
7849
7555
962
9279
831
2487
9458
5572
1267
7520
8479
2673
794
7139
7392
8272
7766
6821
7903
8685
3892
8109
5428
9665
7855
3977
4400
8272
3560
8052
3308
7762
1959
622
3393
2790
9461
9203
8362
728
6724
3193
3402
7518
6684
794
2143
4451
3967
6398
9488
4211
4508
4916
228
8715
5245
980
3339
5158
9033
2999
2920
7344
3621
2665
135
3083
8221
4849
163
4945
8043
3565
8815
1079
711
7310
5530
1030
3709
1371
5241
8217
6287
5470
3284
1533
2802
6623
6691
8187
9623
5963
5532
9596
4980
5667
2679
3201
6868
9195
4498
4911
9112
3314
5991
9824
624
7873
854
4333
5596
2448
8902
1884
7918
2186
3417
720
8810
6460
8908
4785
8775
792
4381
3755
6459
3413
3309
3327
2608
7807
4591
1720
7473
6934
7896
4450
1159
8751
5135
6756
1199
4038
8640
5469
2576
8409
2541
7738
1221
7801
2523
9996
8593
6905
3751
1404
6670
3412
4732
9278
1220
5675
998
5045
2609
8895
9495
120
3998
4631
6876
1549
5021
1868
7018
7597
277
5911
1688
1498
3713
4211
7846
2306
7468
7950
3711
4138
1362
4795
9768
2582
470
7119
3980
9431
2366
3475
9551
6364
8106
6428
7913
3127
4648
1283
7077
4926
7194
8765
2776
7259
9328
623
9566
3149
4925
9629
7287
6287
4424
7056
5222
1246
4175
9202
7029
6541
2677
6580
9257
7136
9360
3522
6615
4009
1157
3692
5287
8351
8809
8063
5611
4490
5038
1529
7639
9963
1158
4926
2603
1934
8334
7825
9532
8861
3379
6561
1754
6056
9493
1011
9544
8854
885
6160
9215
2042
6204
4502
394
1366
8917
2357
5856
308
238
3495
6623
7748
4773
9226
9682
3108
3403
5566
8321
6782
8479
76
9191
7972
7439
8735
6826
8325
1247
2393
6719
7452
6895
3465
8818
2165
5822
4674
2473
6060
4521
5448
160
9294
4675
6194
8754
4430
1760
7076
1213
239
3504
404
8212
7295
5491
1390
1972
6739
136
8692
4191
7031
2157
9361
5548
4332
387
8021
6744
4908
9822
6905
4202
4497
3099
9309
5279
4860
2737
6492
1451
6241
3248
6015
9888
5092
3758
1861
1831
3894
553
2374
7277
2710
1735
2826
7042
2122
7199
139
3382
7021
7044
3936
7870
143
3245
3150
1355
2334
5994
9159
8575
5595
5174
8464
687
8932
6677
2518
9178
7230
1244
6456
6292
2979
9282
9687
1453
2833
9826
1187
9855
6870
5123
7725
3365
4721
7227
4721
7055
3222
232
1983
8817
5406
6799
5856
691
3476
8374
9869
7058
9618
6325
3350
8949
1959
9389
6754
4793
9215
7941
1000
2437
9416
5077
5803
4137
2305
6876
7545
1879
7108
9528
7048
8866
2679
2904
9557
6155
7630
9427
9565
3600
2104
2915
8901
416
2305
5655
5209
7872
9948
6209
310
9364
1286
2465
9854
9943
5693
3751
1822
2801
9631
5222
8019
2310
8126
7577
4817
2108
3356
4382
5708
1812
3649
4609
2228
5954
264
7437
179
6564
9998
6841
5929
7637
9306
2135
7580
4999
5886
5755
4152
1869
977
8523
4179
5456
6100
8996
7564
5808
9730
9625
7621
3379
4234
6201
5686
851
9991
5865
7415
9989
2706
9696
3978
8364
8183
1559
9715
421
3666
3867
2290
4643
8742
6469
6451
1195
1817
4016
7003
1547
3641
976
1279
4227
7178
6965
5078
3521
2830
8846
3510
1888
4894
3841
252
3078
5400
9967
3499
5418
186
5790
6413
5280
8611
2865
6475
429
3233
3479
8328
3226
807
9607
7453
4337
6572
8884
7858
5754
7730
7721
3994
2624
1562
4246
2054
3314
565
5554
8732
7103
7696
5145
2384
6307
4362
8859
3088
3947
8690
1417
7173
9498
7376
979
187
3949
9863
8046
6055
3945
2119
50
2921
3681
648
4976
3347
7566
6882
2079
1021
4578
3576
3405
885
4291
8617
326
8238
3659
1743
5412
9509
9119
2743
9697
9420
2606
7743
5476
2903
9862
1878
2176
9895
2526
3504
3242
92
386
1673
1114
1316
1601
871
8554
2244
5840
8880
483
9500
623
2247
9009
6094
4990
8706
5515
3948
2801
7343
3203
9015
9221
5379
5262
8099
8884
4856
4544
5622
6529
2010
6939
4483
9233
5493
6727
5074
725
3562
926
1348
2161
6287
3794
3503
1346
5661
3803
499
3004
7006
9515
8577
8738
1129
3029
7622
5986
7573
9596
2515
9583
6535
3350
5168
8380
6430
242
9105
9992
7520
6805
8506
3808
600
2009
1506
2613
5813
2005
5618
2819
1520
547
1557
2650
3576
5531
4988
7501
1480
7503
7084
8015
7206
8605
2748
3636
8847
8205
9980
2720
5011
8486
2880
1963
496
4386
4576
2661
6391
6546
1832
4264
7094
9742
3266
7022
1625
8254
4524
3105
2109
7960
7473
9315
6565
221
9303
1765
8426
9284
4485
9789
4122
7365
1752
970
8103
2681
3631
4494
9227
1816
5110
2673
1558
8376
9696
3183
2982
572
2641
5092
8532
114
759
5098
335
63
6863
5113
5699
7700
4903
6173
1417
3007
7144
9520
5688
7127
366
1268
8943
5477
3941
6853
3853
3637
6389
6836
561
9030
8280
9094
9144
9039
544
5831
5454
3759
944
1153
1459
2199
3679
9228
1559
823
8748
3599
4302
9114
4867
9598
943
8809
6451
4797
8798
9192
7985
9360
8222
2617
4806
7366
1656
5350
9549
3463
9109
6846
968
568
5397
4647
6148
6956
1822
4896
556
6125
362
1775
2075
1306
6936
4878
2455
5735
4071
6792
1447
2293
9409
6253
6012
7417
7955
5561
880
7064
2407
1849
3984
7805
6496
132
1113
8319
1380
8021
796
1742
9797
2871
9400
6733
7749
8207
8820
1820
1351
267
466
7112
2872
2830
4530
7179
4743
1762
4243
7151
3611
8227
1308
6460
4711
8773
4779
6091
6795
1927
4186
2944
4798
9938
9677
8899
4498
8498
7072
5849
5117
3890
2962
4342
6720
3844
1521
1463
5606
2117
4966
9218
6696
2626
5678
1408
1400
6809
3851
4547
5088
4389
7491
6238
680
3520
5137
5178
8370
8561
7379
3488
2451
6693
4182
5523
537
2055
6987
6144
4172
8305
1714
7221
932
3744
8629
8684
6905
8832
3231
1993
9574
7074
8231
254
594
9720
1784
8965
8282
9163
8805
7085
5857
9339
2609
2746
1394
5948
8890
1919
4253
6956
9140
1537
700
4121
6573
3957
9305
9804
5950
8879
3230
533
5485
3825
6606
7269
2790
4888
6433
7947
8325
8642
7286
7286
1388
5032
3234
6631
6951
3840
3587
2443
1729
640
2916
8303
4597
2222
4459
6900
7453
7690
7433
2939
7867
4039
208
7009
5279
2993
4956
9957
1635
2242
7243
9376
7274
6830
6007
578
670
9594
3021
8751
234
5938
7054
1184
4512
7866
8084
1965
5556
1869
4904
9775
2261
5113
6784
7540
4458
1740
3849
6094
3982
1093
1822
7608
7923
7829
8186
4945
3775
7560
3696
4010
3498
7103
1546
8010
4969
9630
9975
6877
1499
1232
6652
3760
2697
3436
7653
7155
1528
1502
9601
5510
8947
1423
9470
3222
9252
7657
4519
3028
5217
8216
3390
5067
1671
4936
9429
2992
918
5756
9869
2417
6988
2873
2530
9685
2661
183
3193
4189
8037
2794
9699
3337
4218
5521
6559
9822
3178
1079
9202
4747
5647
2592
6166
3670
3880
1947
6662
4798
7704
6531
7216
1044
5756
6098
7082
8417
2633
275
2606
670
3069
8657
4007
3639
4178
6919
9814
3709
4350
9016
4808
9997
1609
7327
3667
5489
9274
329
6640
6978
3212
3856
8023
5320
6306
1457
3737
8939
1732
2695
9609
1153
1352
9969
1145
1882
3240
959
5591
7590
9975
6752
3939
7936
4079
7606
9778
3353
4287
6418
6684
3851
6626
1059
5523
2932
2516
9260
1871
4248
1955
7832
1753
9659
4153
2898
1541
7393
209
3485
1335
185
237
5274
4473
4316
9232
4251
4021
3519
7021
705
3722
3647
1764
9245
6579
4280
4857
4802
4880
3164
2635
6634
2823
3140
5884
717
534
6094
4202
1869
6279
791
7144
7104
1459
2728
1356
5480
6248
8377
6186
6322
8377
4302
1920
1308
8583
6777
6111
9815
9942
5098
6449
9117
8238
2334
6186
5124
4780
6740
3346
1059
7531
6842
4515
8990
9570
5871
823
2170
601
3361
8493
8978
7663
413
286
6246
3542
2749
2414
9836
7847
8863
5306
2438
7549
1492
7562
2329
8233
7260
9740
2116
4102
4256
7459
3673
6479
8282
5843
7080
1643
688
2410
9306
7453
2697
1905
996
1798
4319
7184
5998
9534
2490
8436
3436
3983
2350
5765
8568
9611
1858
684
3713
2466
4495
3738
8945
2777
9582
2378
772
6622
4788
6431
4076
3837
4688
1424
5636
5359
8608
1634
1245
1099
6422
4681
1434
8772
6799
6354
4735
5009
3390
4801
7475
7886
8539
6420
7015
4473
5150
7788
1096
9939
571
1524
3776
5259
2948
5764
618
1556
3750
1863
9007
172
2897
441
5297
9696
3147
32
4705
6538
4833
8532
776
9725
4952
7791
4198
103
1931
1646
6394
2502
3170
6522
7761
6118
8639
4731
4027
2389
2947
3034
2562
5844
9828
7859
1892
2975
4243
2949
5865
5429
1481
6641
5154
2785
4433
5704
9240
6364
7351
5634
8867
521
8509
2980
2992
7148
4064
3371
9537
7011
6405
8451
9207
2585
2662
7451
1913
6906
400
7778
2335
8233
772
3841
1018
1557
9545
259
4273
6896
2245
9492
3770
7106
2473
3114
4254
2889
6485
3792
9900
9242
8595
5459
1828
1258
2910
93
4516
9662
7871
6851
7895
4995
7044
5265
6552
6589
1876
826
9838
4122
318
9960
1228
9143
3074
1835
2032
5911
1979
8284
5153
574
3743
3333
1832
3005
3426
6348
9019
7650
9551
3266
2645
6595
8532
5550
9537
408
6376
9375
882
3046
9335
2111
8542
8761
298
6926
4672
2277
5211
9825
2851
5306
3159
1036
4664
6585
3736
3683
587
9640
6950
3233
2587
5482
8783
2124
2242
1511
7851
3125
909
7186
1588
9451
2299
1886
6378
6971
4163
7941
3149
3366
3247
2660
4402
4263
5597
4491
7947
6185
4131
1249
9418
6718
3083
4553
5195
5325
6064
3046
4802
3325
6585
6390
2777
8884
8276
5507
5856
8791
9800
5357
2158
3047
8017
2912
3663
3614
7403
1610
6151
7886
9211
1921
4605
8646
6474
6152
3971
8890
9198
5126
2216
5783
1516
1345
1020
9793
3204
3228
8584
3004
8585
7094
2403
2954
7
6066
2920
7410
4028
9072
1649
9591
993
2606
8237
3820
8758
8561
2710
7956
3687
1278
92
5203
8975
7464
1348
8531
692
6285
1535
5629
3379
291
8583
9738
6357
1503
3501
6738
6927
5150
6329
7921
7756
4567
8093
6514
9480
7155
822
3167
8434
7266
4722
3761
4730
6071
2293
1774
8708
180
7403
8439
6823
5986
8178
3181
3842
8031
6271
769
3181
8952
5042
7289
9871
3135
155
9351
6643
977
2518
5077
4596
7241
5190
5678
9664
3835
7453
4724
4016
1208
3163
839
3547
7693
372
3741
2076
2995
4510
5257
1948
5905
8898
1819
5392
9053
1171
2035
6383
41
3464
979
3634
5007
3009
9650
8842
6814
4374
2858
8023
3890
50
1570
7935
6774
1663
12
9770
6173
1621
8070
8430
520
9889
175
5925
7412
8562
2308
7454
2027
9639
7440
7034
2649
7091
2228
9463
7817
1439
7486
1707
1489
5408
5995
4615
7071
2359
737
9597
3980
8807
4379
852
5049
906
3130
8813
9469
5438
2619
1496
5078
60
4882
7727
3503
7110
3542
1320
8549
1029
9380
6390
2789
5375
7358
6213
4086
8095
2162
4418
3255
2893
5271
8304
3800
8401
3469
3269
191
6089
1117
5269
6149
2351
9348
9652
5813
2891
7324
4363
272
6704
7105
9413
8431
4463
1978
2517
2559
4140
6936
2166
3386
8559
6822
7186
3312
291
6807
3503
6380
4276
5125
8881
6627
4473
4885
2440
7364
2210
3155
7636
8914
261
3402
7346
1076
5380
6215
3635
5873
3151
2153
9259
1710
8975
2797
1374
9267
9604
4878
5647
232
3
4529
6859
4476
9414
5651
8193
7976
8807
2181
6891
5420
5583
589
6496
964
6804
6484
3189
6308
8637
2448
4370
7613
1597
5745
6880
7553
623
8879
7785
6978
3408
4644
7806
9175
295
5999
7151
5454
4533
394
874
116
7335
7371
7432
492
3855
621
6800
2492
9421
7522
6457
1018
3267
3337
8571
242
2217
6356
7220
1977
7352
5027
7504
4000
7378
1008
9454
1911
1402
6681
8380
8738
4052
5812
9230
4259
2786
2382
3103
8559
9904
9561
9578
9524
2898
4501
9766
1467
7210
3339
9797
4562
4718
7301
4914
8448
8309
721
360
6064
7402
8740
4802
7806
904
384
2065
42
9118
5168
8602
9022
4729
8180
4898
3980
2681
1017
5447
9891
4356
1596
806
5426
8898
2072
3874
3559
2793
4234
9623
6547
9326
777
4353
231
1161
2770
273
6631
7939
8875
5654
9020
3407
6904
3000
2441
7921
4800
8684
8629
6396
5842
4055
1646
7915
7930
5206
7060
8516
4829
3608
4195
5607
7961
778
3120
7084
7403
9752
5023
6279
1758
395
6038
8662
9748
8479
6584
900
3516
1565
7296
9358
5621
5295
7273
9903
501
4334
4771
1682
4294
8966
3641
8607
9744
6762
5691
7148
6514
714
9779
4624
7462
5817
3286
7210
649
6222
8110
4165
4140
1758
3523
9761
7053
7149
9664
3906
7835
787
1941
2129
9754
5582
736
9498
2344
6428
6646
5210
3494
2777
9834
956
8595
9473
8166
5596
2047
2628
6113
6187
4387
9636
2300
7792
3137
8316
1699
972
9104
3640
3101
8858
9222
3838
4708
7919
266
1355
9481
112
484
9316
1069
9079
5141
5587
1027
3540
8216
7140
6080
2603
3129
8380
395
6266
3049
8446
3591
2153
8438
6692
7363
4013
6882
2071
1932
3500
9778
1413
3613
263
7081
4682
5694
8574
6621
6722
8467
4837
214
4547
3792
3343
9279
4188
9610
8680
8986
9553
833
7425
6245
4548
7790
9480
6620
6074
2980
2750
7487
6593
3013
921
7627
5060
5847
601
1782
4314
5438
1996
5213
9231
1692
845
9771
7654
9525
8757
7207
6711
2534
9804
7611
6676
9284
4231
2750
2265
3334
238
5210
6347
7511
9190
1407
9710
9791
9541
4025
1581
7890
5590
812
9582
2787
583
7236
8665
5693
795
1728
4579
599
9339
1256
9884
9923
4006
2149
3257
596
3711
5956
4459
2901
3716
4170
9044
3257
4547
626
7499
137
7790
3433
9277
8374
7021
7942
419
7816
6022
1350
8416
5361
2606
8300
5284
2965
6801
8541
3561
512
850
8021
9766
4566
2191
5162
4175
3090
5788
1675
3227
3579
5108
8856
8305
2130
3150
5076
9946
9172
6426
4714
4534
5385
3014
6170
8350
6167
1064
1911
3032
1914
6284
2798
6480
4827
4312
655
7917
6453
2330
7497
6384
3791
6353
1041
2273
9504
6117
8571
8676
2543
3286
9562
7928
2652
5733
6278
8820
6797
4542
1852
8711
826
1002
5191
5654
5314
5846
9923
1767
4529
7420
8151
4672
3774
9192
6945
9630
1661
5516
8306
557
8802
4221
4837
7807
9954
7468
6627
6751
2010
8479
1814
9188
9481
3357
1194
1147
9203
1118
2915
84
8538
7418
4756
8664
2963
8053
8294
4624
3570
2953
5181
8724
7174
19
6531
7128
3839
9510
231
5849
7989
8397
1389
3822
1754
2584
4970
7309
3702
4237
7394
8592
1655
8502
7257
970
6556
5551
5595
6478
8504
7128
1554
5678
3499
4438
9158
7338
3948
5741
9539
1938
4138
929
2112
5892
9865
7082
3202
3567
7671
6948
2159
5679
5450
5768
6649
8358
1320
8596
1188
9824
2077
2743
1855
5576
7181
7365
9267
1129
3107
8806
9419
7245
6087
1532
9490
5952
4966
2692
5871
2638
9640
4383
8317
1442
151
1318
6153
1471
9915
7341
7648
1992
84
5855
3920
3617
3220
3187
4747
6327
8346
518
9925
785
8402
9415
6738
3369
8459
2609
2359
4451
6992
7028
5893
3496
8346
2046
4967
8261
9388
8967
253
5824
4822
526
9442
8043
3713
541
722
8411
7411
647
9197
5814
6414
5935
5535
4873
4896
7894
9324
8241
4922
1570
1737
9620
9968
3056
7882
5708
2024
4487
1533
6846
5013
7327
1241
5079
7868
1964
3490
5279
2611
2687
1093
5378
4974
2980
251
6223
7226
5928
816
2148
3850
8905
1769
3818
1961
6003
9527
337
490
7412
3536
1856
4739
4777
6935
2607
6741
425
4238
5705
9465
1684
1083
791
4664
7686
7014
1891
9966
7830
391
168
3087
8512
3987
5049
4515
9866
1738
1358
3630
5274
3214
8369
52
149
7328
6793
6926
1566
8850
6391
3250
9933
7183
4267
3972
549
2510
290
4732
2901
459
7819
7766
798
9220
8633
664
959
9991
4294
6233
9557
9015
6285
6058
6343
9431
2985
4261
4633
5728
3864
919
9263
8131
4891
9813
641
1533
897
9894
1992
5068
4012
2790
4289
2646
9806
1600
8989
452
7833
4899
9467
471
957
5810
6254
294
72
887
2375
3936
1806
1638
8419
3049
7803
5412
4583
5052
1658
6575
121
5671
5718
4410
4669
5524
6010
3658
5977
195
8557
5444
7018
5867
7607
3272
2513
4031
512
4888
4319
8670
6527
2738
1720
682
8150
2655
5735
6160
5582
5856
1831
1300
6618
6500
6825
8980
6511
9154
5527
1420
950
2546
7287
4909
2170
9801
8940
9034
4689
3259
7705
7568
2349
9425
4603
6851
8432
338
3012
4014
2546
1195
5315
5516
4048
8492
4496
559
7646
23
1979
4948
8921
5619
9858
1092
1772
5150
126
2813
4762
7831
382
3463
3608
4985
315
2040
1675
3327
6055
573
874
7722
6089
4922
6214
585
5481
212
6960
3813
1512
5882
9432
7722
3326
7556
2873
9804
369
3987
3988
751
7450
7596
2088
7765
5989
115
7444
8396
688
4671
6118
3129
9593
8684
3714
1427
8896
7027
5240
408
9261
1024
8131
2587
8580
7356
2391
8949
7695
6379
6053
5145
328
4493
9263
2669
961
3059
1065
1649
7730
3535
1131
7324
2219
1197
8751
7467
8224
343
4227
7485
1367
8710
6424
9947
6066
5168
5248
3761
1547
1301
5259
8227
2147
4522
896
3108
7581
8313
1109
1664
8200
2240
8988
6771
3438
4091
4238
1662
4434
8466
5500
5801
7176
1924
2100
9595
7092
3700
9708
4992
5002
4967
9571
7149
5841
6820
6609
9775
1485
7718
1439
9686
9959
6779
6457
3397
870
7048
1411
1656
5514
6911
3809
9042
5188
5909
4989
8632
9609
4698
9976
963
6017
9548
4464
1859
2720
1073
1634
4205
5144
9425
243
5103
6204
6701
4852
3426
3749
6263
5082
5615
9527
8891
1009
4715
1152
5999
3347
7113
697
3324
4429
6714
9224
8893
4925
1944
6319
6559
6149
1463
2336
2745
2918
8540
9446
7770
8318
9547
4033
9752
1514
9912
8643
2523
4627
6147
8522
4327
9613
5571
4003
4042
2286
3227
2935
3563
1523
5606
123
4024
3421
8811
6769
6339
3704
6215
461
2022
2114
4495
1775
9980
759
6770
2504
5387
9270
7378
9714
8883
2950
3717
2925
1588
3296
2212
5151
4819
7819
1626
8843
7592
438
5613
3932
4142
8180
4393
2516
6647
5240
643
6627
6000
7414
9131
7739
6684
6510
3805
5567
5812
3874
4844
7400
7170
7056
8903
1989
1227
530
7184
8820
968
9149
9104
1462
7330
9849
3978
3977
1442
4622
604
3794
8388
6088
7885
1424
8950
1690
3343
4762
5564
8187
8514
9086
1595
7417
7427
2823
4299
4611
7995
1619
3761
3451
3081
7443
9652
3412
1420
1094
4386
8376
1240
9126
4464
9125
550
9766
7167
3893
4528
2731
8432
9394
8169
27
3164
5596
9202
7463
208
3549
9083
321
7000
8516
7764
6653
1928
5536
4099
2666
3912
1692
1792
4729
7169
2342
847
4337
2587
1728
3420
7371
1122
1590
7399
4286
3538
2953
8102
98
6503
7185
419
9855
5701
4535
2860
3982
71
6960
6648
336
5004
8441
1417
2173
7135
2264
2862
6075
3992
2635
3446
1467
577
7197
2105
4115
151
207
566
3006
7392
985
2861
3094
1873
5722
3428
8296
9034
76
8632
4038
4869
6401
2563
8357
5018
1778
4432
5362
765
4230
6829
1342
7780
8935
1809
4283
5494
2375
7289
2887
9713
6502
2333
1586
2224
5761
9882
7610
2189
4867
1648
7059
7620
564
5416
2638
8694
6200
8001
9459
430
1182
7153
4562
117
5314
8845
1964
7690
6134
4851
3755
8989
3536
5341
1213
5649
1575
8824
7838
2794
6824
4897
415
3740
313
3053
8786
2865
1054
8245
3296
8589
1750
7858
8706
7065
3056
7022
1107
5542
1873
1214
4531
1761
6555
5745
7410
4482
921
5249
7277
4097
146
7692
7838
6812
7097
6624
9677
4504
1222
9325
3093
9324
3536
8151
2741
6592
5174
200
2134
3399
1414
3018
5161
4321
8763
2571
8804
6036
7820
2433
133
4319
6477
4323
7483
3574
7300
7160
8078
4874
2838
7523
4198
6374
5675
6940
9318
849
7140
7804
4248
8555
822
5761
2876
5937
8333
8032
1973
2505
465
8459
3176
6942
2782
659
6869
6434
7820
1299
1308
658
8823
5507
3384
4498
8799
2702
1699
2291
506
5947
7198
7681
8061
6427
3618
2746
4459
1944
5251
1277
403
4780
4571
9537
5439
1440
5972
9611
2740
3632
6621
1563
5491
5
2413
4290
9059
4112
2934
5918
6411
132
3599
4472
6559
7217
7218
7371
9161
8822
5000
5916
9954
9571
5454
5393
7364
7778
1357
6456
1410
7978
4371
6902
4336
6784
7544
3395
7248
6830
5665
3659
6963
9264
4484
9874
6482
8054
3597
1995
6876
8597
7912
3182
4521
9718
8576
1885
3848
9933
8341
5258
4263
2712
8512
4951
5848
2409
4699
3096
9239
364
6755
2554
9629
7591
8781
2463
5646
8730
4458
8874
7328
8722
2057
8201
4792
633
86
8640
6918
4779
251
7533
3843
8763
2485
9691
7524
7184
2787
3116
7548
5894
2022
3529
3486
7155
2344
9132
5886
6803
4358
9566
1877
6415
7767
6670
3400
4205
5310
6670
8984
5561
4204
2827
677
6689
8870
4553
225
8009
7669
4125
3903
6044
4007
3741
3199
6351
9225
9085
9506
3584
5003
1384
9999
2770
4406
9752
6975
9716
6422
2311
1630
626
1490
8659
3667
360
3212
244
4721
7234
4370
4977
9630
8377
8718
2829
1080
4296
8267
587
4232
3270
1971
4231
2393
2729
335
5720
8797
6758
8032
427
7384
5874
5438
7404
2587
8651
7648
7308
2237
8370
2285
1867
6747
7356
1048
4180
8004
9315
4767
2236
2586
3090
2819
1331
5819
3155
7051
4616
9913
1435
1396
7297
7310
6834
1053
9897
1837
8702
3557
4074
7072
5843
2293
172
9551
3342
4352
7555
2657
9119
9791
1595
2209
2610
2926
4380
2117
9978
8996
2030
7765
392
5680
5075
7227
6733
1324
9064
5435
4882
9491
8860
7077
1784
5384
6628
5126
9736
535
4136
5207
6678
5731
3768
9288
5010
8148
1406
1340
3496
9788
9105
3889
5468
4181
7468
2202
5505
2884
3989
387
2375
9201
7464
4160
4585
444
5638
4321
979
9774
5880
7657
1858
9648
3298
6868
4148
1056
8208
7645
844
3665
7886
2665
7846
5354
1219
9704
8238
1560
6443
6966
762
260
7478
5347
704
3116
6021
8036
9243
8253
2045
1101
4254
1695
4321
8402
9103
8881
2399
6300
2546
285
8965
6745
1991
6536
2801
230
8096
9244
7196
5210
9504
1026
558
6561
4142
2931
949
9737
1184
9346
7190
5438
7394
1511
193
6497
6744
2592
9149
5643
9230
8114
2388
1221
1002
5189
7803
9099
785
1351
661
6642
2377
1219
9555
2872
502
504
2609
8039
6202
9800
9829
3596
7663
6374
6446
760
8967
5595
6403
4549
62
8791
5770
1064
332
9926
6515
7469
1277
7177
4111
3655
4748
3666
6527
1603
522
5488
5994
6725
1640
5823
6673
5656
2198
3119
6416
7517
5067
2819
8418
1481
7962
4188
2545
4646
4114
5413
2115
1744
8942
6227
5399
42
9893
8278
1645
6768
118
7639
3493
1759
9815
6518
7415
8365
5990
3831
5882
1057
3002
4300
2538
964
4840
1435
5610
5307
3200
7725
7051
2142
304
8802
8537
6550
7080
182
3318
3550
4174
3163
5309
341
9681
9076
8706
5671
2907
4588
3080
5909
5240
1970
3225
80
3406
8835
1739
2958
2913
8790
5101
3217
3944
3638
9767
7376
172
3085
927
698
6248
6236
1039
2282
1665
9745
4305
4572
685
7386
6834
5925
9356
6411
2358
9114
5247
449
2073
4512
5592
3526
7729
9536
3516
7497
6913
40
6934
7840
739
9535
428
8130
1817
2093
4228
6122
3018
4913
9860
6204
7191
5569
2615
5901
4683
4214
6350
3108
8726
1942
6634
6456
7831
6502
305
4744
6543
7239
2584
3634
6774
9364
8116
4943
1458
2344
7418
4476
3610
3630
680
7153
9199
9647
3054
235
3862
5756
3343
8940
4051
6330
5396
1882
2832
5701
2978
5727
9293
5562
9361
2419
1278
7478
7363
2736
6174
1133
3564
9784
4763
596
6937
3963
244
6343
4198
458
8452
3893
9398
2503
6575
1147
737
9408
3200
3715
5135
2493
5629
849
4913
6907
4679
8628
5996
853
6113
9560
6990
876
6509
279
1191
3105
6623
1741
9915
1427
5635
9313
3930
2210
6812
1019
7970
13
4734
9458
8858
363
307
123
3622
1338
8751
9618
2191
4864
5531
9181
2093
2040
9461
3284
1497
2436
5026
1412
3863
7013
7077
4145
9223
3890
5164
3546
3903
9898
3004
9113
6613
9663
9237
6587
1001
7988
6206
9544
9205
8089
5078
7650
6481
891
934
7978
3327
2312
9390
3542
9325
2819
7687
4901
6709
9203
8447
6964
5453
7803
6078
8418
3818
5315
5005
4819
9655
1211
4363
5212
9300
5793
9214
2133
6684
149
111
11
8813
5853
9905
8139
8673
3944
3040
1734
3147
7839
8699
4952
1994
1129
3370
5812
2796
8376
6983
8803
9587
7698
4016
5240
3492
3230
7373
176
9731
3837
6540
8545
9690
6445
3036
4715
6742
2428
6450
9889
6619
1501
4842
8613
8982
8212
4425
1778
2940
1408
581
8880
9106
949
472
8950
4180
7845
9127
263
8034
5667
5160
4077
8464
8196
8792
5206
624
5242
1448
7243
3095
6290
5856
2077
854
6633
3855
147
4393
789
9027
9852
1738
9499
8802
2270
3696
7929
2534
1731
9948
4046
5808
8413
2243
952
9971
9219
6195
1419
6463
5642
4061
8671
7720
1268
1657
7927
1415
6050
8716
442
2254
6807
6293
1057
9077
9989
5338
7963
1720
1639
2010
3880
6404
4253
4833
6375
3472
7380
4147
6287
3022
8208
1311
7094
5828
2968
1374
7243
5370
6442
4037
3977
3249
330
5034
2327
320
6724
290
8392
8363
8652
8625
4767
9257
3458
7495
2730
7190
1642
5369
6564
6202
6680
3659
2031
6000
5033
5626
7723
1475
6016
1700
1077
6346
6734
3404
3018
9810
46
7763
4526
5051
6388
5645
4308
6198
3140
3390
3388
1134
8760
9952
3689
1792
3611
2072
7793
4996
7698
5516
2824
66
7216
253
6413
302
3657
5783
6464
55
3546
990
5106
6286
6636
9415
2484
6128
2805
5872
7263
7917
5825
7304
9710
5788
9376
3855
7137
3426
5723
6313
3493
9291
6566
6258
9593
6575
2041
2409
6630
1940
3400
8089
8226
6388
3856
7063
2516
3013
2935
6131
931
5112
3435
6993
7253
2811
7200
742
6238
2923
7055
6083
2214
9973
2341
8159
6548
734
568
9530
2674
320
3971
7253
6708
7827
668
9225
841
3603
5356
8124
5068
5144
1469
8673
7955
8669
9415
545
1592
2822
6628
158
2795
8969
8317
5695
9704
5237
1577
8730
5558
1901
2335
2266
9728
3003
7843
6921
2959
9552
1397
4379
4696
2866
3052
2651
1535
2467
9549
9479
1641
6177
9637
788
5147
7954
6483
1203
9544
4412
6285
5102
6313
4973
3720
2394
7976
7916
5667
7287
7468
3417
1666
2164
6283
1070
1167
4171
9889
716
3650
1530
6894
3288
2318
8393
7594
5153
5948
3490
9566
2233
4944
2231
7206
8665
977
1535
6581
2997
5174
401
6414
3193
2565
9049
4263
84
3220
505
801
3223
2035
4047
6511
4354
2440
457
5859
4740
300
1777
3325
5244
4009
6884
3909
1338
8419
6842
4335
9945
3595
7101
3138
2512
6151
3754
2597
5723
4259
9750
8946
2646
3797
1809
3352
2589
2267
9212
7329
2567
989
654
4163
1350
7538
4425
9041
2309
1267
9728
8607
1215
6830
8097
3727
9333
8203
6324
5056
8814
2426
4003
1461
6223
5812
4813
5164
4431
377
2493
3350
7719
9500
7514
5421
3390
1939
4462
2052
9558
543
659
7125
7373
5108
853
3058
3312
3529
8114
2126
5956
2117
9939
8531
4282
4753
3696
8713
1482
2541
8416
5553
2041
2282
975
1784
4221
1789
188
131
2332
7199
7257
6057
2307
4462
9115
5619
7991
3582
4098
299
5699
4037
8831
6333
5142
2527
5047
6625
5068
9815
8530
3462
2097
9505
1598
2670
7647
1786
9153
6331
8985
2762
8741
7644
7224
4208
3264
1568
7790
3714
1867
3490
7751
698
9823
9246
9577
1222
2223
4646
7389
753
4460
9486
6611
6058
8508
4258
4196
7662
6941
3181
6776
5682
825
4001
9891
441
5569
7681
507
3788
7523
8259
4487
3699
3857
416
4921
6080
1414
8663
6833
5874
4501
3444
8284
3010
4054
2480
7024
996
2013
3800
6678
2839
4153
6569
9632
9722
603
140
9863
8126
4751
4350
1825
8608
1118
3099
4688
2533
1762
7873
8407
6263
1318
3044
9273
1724
5524
2649
2720
7538
6450
9399
6729
603
2320
2713
6678
2923
9205
6541
1050
3956
7243
9227
8916
8361
2326
9956
7246
4088
7830
5654
352
5500
5050
5977
7224
574
8627
9945
4464
1429
5696
7545
8384
4368
259
1414
3644
9464
4307
1046
9773
7902
273
8689
2616
8952
8646
9862
3040
6476
1868
9744
8328
6918
2074
5552
3845
7053
1849
4661
4834
3897
2207
9570
4618
8818
985
8262
4634
1644
9308
4407
5899
5933
3097
8515
4885
8095
4729
4278
923
6598
374
9251
9868
2448
4803
65
9501
3005
4727
687
3254
3286
258
7872
2104
1243
6134
6738
9239
1794
7498
5138
4080
6947
3653
5317
5042
4735
9595
5965
7685
9970
5216
7553
2418
6371
3971
8272
9376
5050
8959
2631
8336
9217
503
6792
6812
2990
9882
6052
1136
7380
7542
5216
4327
1196
534
9369
2283
6481
1686
9968
6451
6902
3873
5222
3274
7844
9846
9002
2894
8805
7985
7582
4375
4841
4374
7539
7831
609
3591
5319
4341
7486
6888
8669
5034
7422
4390
7317
255
6077
7285
6707
9331
1158
8281
8957
9003
8127
4312
8249
3284
2297
2184
7659
7138
2910
5199
1321
3519
5142
6641
7861
2628
3529
2882
7662
7303
3624
1331
7558
9701
8616
617
5385
9775
8898
694
5130
3377
5006
9731
6662
7304
1915
673
794
4826
2224
2116
8345
3719
5109
2558
2699
4990
5440
6714
2293
9065
8045
6203
5118
6662
3173
6855
2789
8423
7550
7919
1801
2556
4002
4815
6212
5918
5488
7007
744
7713
5475
5441
7784
584
4352
483
5574
6144
7197
4219
5209
5243
6774
6680
8257
6299
9887
1046
4723
7437
5317
2876
6346
9319
7691
8910
1589
9531
5917
8685
7244
7744
4127
5028
8328
4831
1864
254
975
9061
825
2537
4304
3952
9217
2561
251
9104
9959
4974
2894
5276
4202
5592
948
1893
4502
2537
1425
6772
1223
5021
4516
1702
6402
2845
6533
8266
9451
7508
7327
6629
45
7984
581
5614
6897
7184
1071
3209
8511
3965
8485
2713
5909
5785
4607
411
8323
2384
7183
5898
7405
1700
7600
159
897
485
8425
6700
7993
2105
3329
4391
6441
3910
5
3338
1095
1076
2899
9606
1393
1385
8671
7302
3522
3278
4066
1845
2014
1249
4095
9420
9301
1695
9579
198
2180
4357
6899
6526
2814
6580
917
9255
491
7274
8945
7938
8351
1845
3896
6096
9582
8919
9751
3104
2198
3817
1302
564
1418
5397
9984
720
3445
5916
918
5625
6625
4169
8503
9439
750
5772
8694
7593
3047
3991
1883
7750
5836
2131
3846
5418
1050
9949
4875
9600
3766
6177
165
1537
1574
6501
2257
5019
8769
9527
6997
5394
3697
1852
1185
4447
7625
6231
8392
672
223
275
8422
6059
2406
8620
7830
3456
4922
2705
9409
5040
8882
9574
6577
6808
6075
8834
1828
1197
8362
5177
6591
8411
7029
4129
2858
1006
360
1250
1678
583
7877
6452
6643
283
1425
4473
91
6347
3530
5852
7739
2412
5426
4317
9220
7854
9503
7400
9051
7865
8929
1994
6276
5959
6123
5486
6965
6484
3088
4996
3419
965
7800
6414
7600
9225
887
4044
1924
769
9896
9664
3181
1675
3981
8754
9529
3484
6154
4932
7702
5084
3278
330
7395
5754
5817
712
8590
8905
5708
2009
6223
3509
8424
3823
9086
5663
7867
1011
6433
4116
7027
5966
5791
1008
4720
1672
844
875
2956
8546
2311
6234
8877
6058
1988
1046
6770
6930
6303
8831
8940
2526
8692
3716
2702
7778
9379
6921
5141
2164
1037
2168
8131
3180
9528
2851
4852
373
78
7808
5271
8741
395
500
4799
8735
1546
1570
5666
7850
401
4606
6728
5445
4674
5782
3223
4053
2704
4717
6218
93
3237
701
3274
2766
9904
4478
9491
9983
2287
4762
8724
2682
5263
3524
7769
3161
1446
3435
7363
8199
4393
4092
3644
9067
9874
3219
9473
8930
7936
5691
9024
7526
2744
8650
292
2648
3128
9783
2631
1767
4545
7708
801
6160
7584
8571
9322
9030
2006
6685
3581
6400
7129
7225
1819
3356
6796
1292
8638
1085
3335
7662
8611
6079
2664
8903
8728
5793
5038
7711
3912
9583
1771
4714
2096
9355
3285
1418
4737
1643
4455
4670
8043
7937
1895
6215
1293
5044
7507
9931
6129
843
3946
4740
6922
2962
9995
2002
8755
5033
6066
9020
968
7837
3734
3064
3545
7019
834
4634
5014
1642
9305
9410
5931
7552
5625
7224
2596
3132
3507
8725
3975
3805
9817
898
6768
6164
9252
1875
1197
5318
7247
8518
3156
981
7934
3053
4352
5121
7687
9367
6763
6992
8777
2694
4545
4402
6270
7141
7534
6129
2219
1510
6287
8388
8760
9407
4553
4364
7634
2102
9683
4882
620
9191
5863
8555
2244
6568
3676
6283
5935
6791
3276
1064
5837
4173
5466
2107
1314
9352
4588
9885
7214
7227
4626
2326
6634
9179
6691
4269
1281
2726
5503
8254
8269
7718
3161
513
4286
6837
3148
221
9980
6424
1285
5817
597
3103
4276
8264
2456
5216
4501
9670
2444
9127
1997
9078
4658
5040
9699
2292
7766
5202
546
6035
2921
3707
2900
7207
6896
6048
3781
6876
8825
1418
9045
5774
874
3321
4038
3330
8537
4892
9352
981
4019
7701
6412
5030
2741
6111
7322
6859
7666
7868
9246
6939
7927
8498
498
4823
4547
4279
8051
9724
2050
7096
5498
2924
417
5889
2606
5306
781
8310
6288
1152
6012
2700
6182
5105
5163
9856
8317
2829
4076
7563
9768
2003
6062
267
3178
6961
898
7581
6685
9300
4677
8535
8576
1446
4424
1182
6753
1557
9493
9393
2710
1857
8445
5244
6962
3608
5101
5279
2790
5529
9195
8910
3885
5257
5529
7063
8570
2780
4645
5255
2080
5674
142
657
7121
4567
8191
3874
6124
7684
9619
5186
9541
8064
431
2856
1672
1884
4487
4462
3765
3682
9725
7650
8939
5254
1066
3861
8034
5711
9116
6467
7737
9259
7124
4858
178
5315
5084
2654
9352
4703
7841
5245
2767
4624
8101
792
2860
2589
1606
6625
6271
1331
4276
1563
6586
5342
5424
972
7405
893
7439
5142
6504
915
6353
3034
6231
1437
5688
1935
6141
3529
7180
5260
4505
1634
6052
7365
575
7659
343
3198
8990
971
1113
1928
2665
6538
9253
70
3783
6692
1564
6639
7608
7917
9673
191
5707
5361
2126
8200
5243
5658
3460
9748
7292
5865
3466
4219
3524
3809
7418
8866
4780
8531
7147
7445
1421
6400
3867
1556
3092
1783
8195
7052
9701
4220
7243
1760
5934
9369
9960
7529
1380
3420
3629
5024
9285
7095
9244
9161
7256
3014
4380
8388
1545
1527
5833
9319
4279
6052
875
3723
7836
5423
776
3889
9643
8019
5649
1929
3741
5609
9458
5121
5381
3088
6497
1019
183
5741
180
3792
8755
4560
2180
6653
2439
4366
5972
6718
418
3199
442
4606
8622
7570
8495
4618
5589
4144
6547
9330
6105
2358
803
1487
5446
7301
2506
1981
9394
9038
5773
4502
9951
7954
1155
2390
8672
3479
5461
9090
6678
2255
3697
1653
9825
8544
2623
5414
2689
9170
1097
5146
7880
8252
2985
3326
1905
5491
1660
1300
882
7433
5802
833
1739
3309
3223
411
6788
5036
5854
9818
7291
5903
1471
7116
4447
4094
8883
3488
9617
6332
8635
7497
4584
1620
7176
6490
3464
8836
4142
4346
2621
6296
5179
713
9605
4754
1124
6393
9791
3330
6211
7082
9233
4035
551
3681
8129
5786
7169
4098
2118
2156
1596
3054
3777
8772
9544
3593
3960
38
7939
6581
6334
9470
7294
5939
4224
4771
8684
4015
8101
4896
7450
3687
8931
8001
7368
3412
3787
889
7511
2257
9398
5459
5311
9527
583
1208
3120
4543
1246
7411
7476
7581
6881
4771
9872
7457
5894
8557
1473
347
3453
5275
4034
8736
9628
7754
8500
9767
4996
2363
2024
4394
7822
7335
3921
8405
4895
7041
9300
6142
4452
6777
75
7685
7900
9947
5142
3794
8504
2967
4141
8309
8242
4528
3397
7870
2282
8250
3989
7278
613
6013
1672
8436
9701
5593
3193
4596
8986
8846
7090
9790
1975
7165
7475
9875
7113
2618
3669
1969
1937
4162
6631
180
8690
28
4402
7325
8278
8392
4603
5244
757
2628
32
458
8221
9577
1407
3560
8423
8497
3350
398
5663
826
6625
9128
9796
6646
1097
1733
809
4080
8265
5851
4109
2668
3176
8739
1060
4132
3983
8169
6760
367
8628
1333
9945
35
4893
8368
4884
8244
5119
547
5422
1744
6027
1570
8391
7125
3303
5552
7557
7921
1403
1666
589
932
6758
8001
5064
7093
6170
8176
7461
1150
9509
7406
7537
755
2126
2422
5351
3597
9321
7125
5342
5349
8695
85
8826
8350
5637
6383
6271
3392
4402
3212
4324
1160
1213
5740
4605
3736
268
8418
4886
9778
2176
8776
6885
4303
1198
2236
7900
6871
9361
9594
2220
4408
9679
1046
2758
1668
3782
5382
5061
8184
8594
5737
5696
6160
7830
6653
9896
8098
5072
1134
4228
7248
9910
1113
1551
7460
3349
5804
4332
9062
5398
6552
3470
1430
3951
2581
3098
7733
7963
8159
2269
2909
249
7965
9069
8079
4618
8965
6177
6042
6452
406
3291
6362
1519
1194
3823
1221
6998
8155
6635
8749
1059
6458
179
5010
5391
9629
9095
9706
7789
1364
2615
8038
5681
1685
2469
300
7002
8646
6342
3454
5404
5985
9817
3276
7180
9992
849
530
4499
3836
9279
1910
294
5810
6921
5685
5440
2368
1743
9581
3733
4359
3971
5766
2396
6440
6066
9398
1438
8761
2853
3195
1098
9022
6471
8278
5366
7320
8809
6217
1156
4440
8127
7803
6603
1400
9840
8395
3769
1584
7976
3854
2295
1947
9620
4691
4739
2039
4089
2529
7152
3294
5724
8250
8668
8547
6529
4034
2219
1690
251
9728
2482
8379
7531
9085
6131
3723
7480
9900
1659
1808
3754
3954
107
9727
8645
1198
1766
9087
3728
5270
2381
5804
3520
1050
4352
6401
1436
6571
4443
8040
6299
3278
2771
182
2363
8902
3906
6196
8803
5565
4356
8909
9520
4464
4988
4517
5662
3106
3604
9390
8376
2338
5195
8249
3388
5899
4650
1176
2470
5446
9216
8770
8724
1987
8952
7439
890
9210
9987
6045
4776
4344
4954
648
8808
9943
1517
822
3049
5122
6565
7778
7460
8112
6027
7200
4011
7029
8376
6481
8827
7593
1603
7551
5932
6908
1343
6822
6118
1330
9219
7246
5674
4174
4246
834
469
5764
1657
9870
7238
8222
4000
1050
6334
27
8250
345
3409
2978
3178
2236
6923
1134
6140
2856
8042
7483
6030
512
8813
5250
4111
840
5776
4709
8026
2597
6825
9683
8819
415
4257
2820
1465
6943
9199
6067
3640
2608
9046
6819
1197
2321
4305
7337
1529
2347
4820
7560
9211
9985
9162
9674
7177
1290
736
5204
239
7561
1239
9058
7977
5497
8230
5794
8792
3782
1862
2433
2742
7260
5604
3939
9581
9909
7628
1111
8608
8800
5023
7819
5138
4185
3846
2315
1827
4582
3871
2066
8495
5111
7476
6472
6960
2059
2267
5752
5841
481
4537
4935
7741
141
8875
7322
50
6503
8433
8658
5304
3456
2830
6794
3993
6676
9109
2172
7610
2981
590
6105
4444
4419
8930
7756
6478
1197
9860
8671
1678
4398
3606
5771
4539
8833
3093
942
1689
7879
9600
3345
7687
2430
139
8033
5458
9248
205
3068
8581
796
9174
9377
1567
8104
7133
8045
5653
3346
3068
3683
7744
3026
9454
8635
1860
2547
9577
3549
6778
5530
3246
4466
7960
3385
2499
3419
2633
2704
2839
7567
9852
2013
3296
1419
6469
430
5816
8474
128
5236
2157
4224
4615
7963
2859
6475
6863
8789
6376
3641
4319
5974
8107
8631
9359
6958
2050
8344
6015
4890
5911
2219
3255
9208
9991
6077
5990
2159
903
2470
7396
3061
6694
8363
7376
5905
1190
4239
4694
7566
7881
5365
3540
2340
3997
9251
5651
2399
7595
1666
3641
9859
3885
6897
5419
228
9326
1409
2388
229
231
6136
9642
6925
4499
7019
2830
5689
1258
3877
9607
5491
9242
9499
4184
3239
8750
9835
5639
6345
7853
9280
2556
8090
2529
7975
8319
8207
9384
7059
4789
5967
3195
4431
2892
7694
7802
2075
9735
5413
5952
9342
7256
1546
5193
1440
1138
3943
7627
6777
6640
1832
2409
9197
9923
1291
7172
4594
5850
2909
1653
639
8876
1200
1423
8121
5246
9225
196
4981
990
2500
675
8247
4046
5868
6039
5184
6163
19
8313
9155
1851
7075
4704
8126
4718
8229
9072
568
7490
7077
7560
2718
8277
8983
839
9875
4560
7387
4856
1903
9887
1883
150
3934
4103
2541
9118
266
2560
7432
5774
764
859
478
5242
5577
8707
667
6145
2549
7744
57
5268
2374
5392
6107
2249
6305
3495
3458
8208
3382
5341
4710
3668
9445
7251
9139
6063
6164
6571
1837
3280
7430
8668
4874
9359
3727
5541
5504
6277
9638
5562
1545
8364
954
4004
613
7259
3851
423
1819
3586
5765
6529
7254
1562
133
6393
7625
2649
9316
5815
5929
3098
835
7155
2457
914
9049
4314
7191
5039
6228
5088
3403
7182
5445
368
794
9296
792
8965
9234
6557
5495
2841
4471
1980
9234
8448
4629
4903
4263
6910
4353
1450
4065
6811
2365
9466
1125
5908
4505
3705
7349
4260
887
2794
4629
8033
8442
5421
6999
7677
8330
8846
6870
2801
826
6104
1249
5455
7359
1865
8717
1713
9667
9134
4876
2032
8601
2353
4293
9458
6058
1642
3719
3297
788
8348
7683
9230
121
4682
3259
4803
9880
129
7604
706
2586
5205
2513
6297
3422
1230
8010
9442
6716
9238
1474
5317
1591
2119
4776
4001
3761
8495
7299
901
3195
4982
132
9668
6016
9743
4471
5896
6225
8427
2954
8811
3632
1819
1460
3407
9401
5823
2849
6117
5061
675
1435
6653
2795
2563
7006
2908
7410
4305
3810
6957
9287
294
6625
1655
6389
1096
7551
2614
9523
6857
7777
9507
8676
9238
9266
8077
5061
2115
547
6474
9143
8334
9479
8290
7249
6486
1198
4659
791
1360
1616
6431
8006
4593
8086
4396
5689
1990
3362
1564
8847
1140
7423
7524
6730
6690
1953
1791
8805
8852
8265
4300
7186
7745
2590
4435
4231
141
5446
1374
1501
3414
7805
5860
8007
5892
256
48
4234
3618
1612
3081
1110
9036
6957
7840
5726
5263
5983
883
4115
4249
1536
1302
8346
4126
2089
8929
4267
7536
6655
2121
950
4461
7981
8958
6705
4589
9006
939
8207
6971
372
5670
2359
7330
3510
4437
2593
9494
5320
6708
95
3208
4362
8441
7335
6452
3722
7954
3988
377
75
4938
1190
4408
248
4247
8997
9255
5186
3557
2578
5559
9227
4937
9241
2737
9374
1834
2231
1046
8542
8678
4255
2905
7119
7942
5709
7193
5896
9697
7571
2324
987
5113
6732
1236
9361
5730
6843
899
5639
9421
2810
1218
4358
2051
3955
84
3885
2539
1130
8780
1217
1737
8037
4689
9679
3746
1882
5576
3443
5805
7900
4430
919
4632
2018
6632
6714
8861
7531
8705
8282
342
9923
8992
2393
231
9076
2631
2770
6559
1411
339
8296
9448
1380
4328
9546
3263
9904
9341
5420
4156
123
2691
8788
2142
9323
1855
1003
6855
6912
5638
3549
6836
4630
5942
7067
59
8573
6189
2970
6336
2880
7618
2136
4261
1946
1682
3876
8202
1023
9296
2358
1147
8340
7499
3289
4015
5706
644
7222
2618
6282
771
5806
7265
3066
2873
3676
7991
5414
6646
4328
8295
616
2816
2556
2563
4499
2784
7117
1874
8432
9476
9373
6772
3327
9014
788
9033
9659
8010
8003
2293
5134
3810
9558
8200
6683
3234
6191
8450
6232
6871
3097
6849
9688
2005
5764
539
4789
9233
8765
3221
8709
8139
6346
8388
7153
3486
7421
3164
7848
5425
5458
2982
9235
1368
7534
2270
955
78
7072
7187
6949
169
388
2989
2174
2504
9880
6963
1738
8646
6537
6799
6785
2883
5188
290
6369
8961
3455
4217
738
5265
3552
6325
6633
1086
4948
7588
1164
2020
1128
4466
8542
1516
7455
716
373
3688
4032
2111
2334
569
5262
9119
9804
6802
5761
2525
2116
9216
3094
2854
4481
6646
5532
7467
4085
480
5055
5249
8852
6183
6067
7394
4052
9875
4463
4425
3563
8495
2888
5897
5416
8150
1368
1572
1305
7129
4097
3421
6346
3543
2627
7179
190
8159
4646
627
8639
6054
5876
3844
2237
8296
1238
2641
8171
2053
7066
1734
548
9954
7631
2316
4457
5351
3888
5762
2480
4337
5535
5178
7881
8162
2358
4423
2674
3356
5050
7665
9410
7278
1509
8000
5574
9100
641
3745
1153
4060
1831
8054
366
5814
6722
4823
1165
6963
6937
3646
1300
2472
8824
5533
6987
7534
6308
9661
7243
7710
7326
6653
4989
5188
1005
6915
4288
7999
7013
5441
2059
8844
9847
2425
1011
6570
3601
2176
3533
538
2174
1185
9363
999
3071
2702
4885
9379
2363
2128
7090
6041
5134
8431
1229
6139
5346
5517
490
8711
7311
2549
7556
3510
1327
4919
80
4928
7095
3613
1818
9270
1151
7533
6621
4222
235
1506
3601
8950
9987
7043
1344
5121
5474
2573
7612
7173
4443
4455
5884
8106
7004
9792
1616
4683
4711
1697
5963
8159
1662
7782
7429
2813
1667
402
7035
1903
1908
6989
7205
8247
4032
8549
3368
5859
7475
7333
3032
1918
1788
5268
6376
5144
1413
7992
6180
2476
6041
2143
635
4056
6277
8064
3221
7945
4818
6609
6200
6727
3598
3405
1326
3982
8307
1047
9841
5782
8380
9225
4052
6520
846
428
8016
2259
4772
4196
4735
7166
2692
5371
7574
8969
9787
795
3266
4606
3756
5818
7685
7354
9224
5363
7689
3883
6410
7530
9665
1142
3108
3717
7662
3954
497
2031
2565
1621
6227
7300
8787
5271
9023
6361
4241
5163
3509
3859
6121
7265
9678
158
972
5254
5521
8661
9137
1932
2543
5154
3074
5651
5223
7089
5957
5720
9120
8522
7341
1699
2175
2481
6971
7550
8842
7564
2713
8703
7775
8834
5969
7453
8992
6941
9059
866
1954
8196
2798
4497
9702
2224
6501
4925
5665
8810
645
1137
3685
4339
9189
5860
6820
6160
3410
2014
76
2476
718
7851
7662
3039
1657
3007
6332
716
3873
4638
8913
3023
5487
4967
1599
8340
9893
7265
7151
6890
8402
836
7581
3943
3048
4401
103
2810
2768
6531
5286
9838
4383
2949
9229
6040
2308
5561
3108
6181
6551
8373
9204
2038
3341
7155
379
3234
4420
7530
124
9175
4718
7706
3118
7766
8459
9574
6928
7579
2457
2215
7417
3192
1516
2998
9232
3824
4911
8693
6357
1462
7066
1913
3501
407
9068
3880
3641
9841
7762
118
9016
8832
4176
8486
2950
8987
4412
9878
6567
6870
8445
336
62
6313
3335
5647
137
8246
4340
2846
9709
1406
1111
9562
1814
180
3442
1807
21
7556
1925
5389
6388
2453
227
9338
1441
4640
5568
8008
7862
4014
8344
7924
327
8031
3571
6817
6278
4263
6015
2339
5670
7127
1901
3836
7307
1695
5643
3680
5603
3921
5421
8343
6374
2000
4033
7815
6640
9601
2175
854
9967
6872
8779
295
4903
8702
3464
7533
2966
9479
9872
4988
2958
8125
8824
6617
6172
819
6649
1775
4740
2070
118
7467
423
503
1634
3415
105
3810
4270
72
682
9401
6719
5585
8103
6535
9471
7421
2367
9343
8761
5325
3821
3937
1943
9993
4757
8592
8121
5849
7015
4591
3316
3790
5095
1303
7205
1552
5113
1475
1624
5795
876
4696
7732
5332
1231
7203
2753
3598
2899
1515
5276
3072
5452
3571
9417
6561
8515
7538
2411
5530
8482
2079
5672
3577
3382
2878
5129
4847
705
3105
6994
1582
4153
4727
3266
5385
8282
6019
5335
7533
3886
6963
6957
5691
534
6375
2252
9050
265
1015
932
8747
9447
6605
8676
9181
9483
157
4029
188
9615
1023
8122
3768
2102
1388
5505
6737
3760
7193
622
3998
4156
7580
9689
1043
307
8294
93
572
5661
7377
5672
5108
3982
700
642
9817
7210
4671
6358
6825
2046
832
6945
501
2221
2451
3590
2333
5996
4212
6331
152
8144
2373
1195
8451
7019
7640
5376
2680
5018
1048
4141
5352
8100
4783
1522
5310
5806
7880
8487
4204
8712
5433
4705
7285
4236
4647
5970
232
5212
8654
384
3356
1027
7932
8160
4398
1924
3536
7078
3294
936
7571
4999
9036
2354
6521
699
4512
4401
9186
8717
9465
971
9774
3103
5207
774
9073
5439
5986
7727
2176
9342
5106
108
7502
5856
8384
7390
2935
1679
8326
6858
6678
3715
5565
3199
4414
77
3952
9952
5146
9769
924
1273
2872
6131
2047
8298
1571
8033
6025
3747
7375
7484
207
1230
3340
8591
8620
2627
6622
3299
9486
9652
7014
1403
9203
7780
1480
3155
7732
2979
9277
8656
4252
2149
1140
2651
447
9063
684
2825
9162
4411
6661
9369
1993
1
4312
614
8981
7287
3913
4819
6939
7279
6222
2495
5059
4054
5650
2791
7033
1279
7800
7637
3429
8940
288
228
4355
972
3053
3517
1736
9714
9238
3729
6068
9902
695
5049
7189
4608
6220
481
8239
2442
2976
3298
6496
4978
6090
9882
6258
242
7519
9687
5534
7808
6267
9889
5132
9321
3406
3220
5387
8996
6950
7807
8898
3997
2856
6088
4958
5428
6569
3197
7870
5897
6496
719
875
8938
601
7133
9180
4472
3172
4714
8632
5792
955
117
5113
713
3337
6852
9709
6639
4660
8607
637
3868
4695
5595
9297
7616
8792
3519
3513
1640
4238
741
578
1191
4226
6110
5664
7399
824
648
3191
8131
765
4656
8844
4103
7860
4905
7094
2520
3513
7731
2741
4560
9678
2038
8529
4823
5557
2042
6463
6148
9135
7042
7339
3362
3152
9355
7113
329
4
6656
4812
7121
7664
9
7576
5524
4914
4671
4397
8427
8754
7138
2988
8433
5528
1517
9608
7437
9911
6071
9937
5399
9465
3629
8761
8970
2984
2226
5651
9340
8882
463
2814
6546
472
390
8422
5387
5061
9171
166
168
2661
9506
4953
8189
1023
4561
1979
7287
6984
1916
2686
6450
5545
7799
1772
4882
25
7423
574
8907
4238
3388
1805
4711
3779
6579
6450
5192
5751
6616
5360
8412
6123
313
2954
3498
1226
4933
7137
8211
3201
6175
1013
8747
3974
2785
9981
3999
6560
555
9258
798
296
7415
1861
4075
3995
8311
5619
9746
1280
980
4510
3755
7645
7464
3605
5224
2397
743
3435
5599
6918
800
698
893
9937
7031
1244
6497
7586
503
7295
7882
4270
5509
8309
8265
3820
281
8011
1452
1261
8874
5207
5258
6338
8813
482
5088
5908
269
687
2826
7421
7737
71
7358
4768
7668
3855
8706
8171
7503
2941
8793
3012
7602
7059
3184
7883
1422
4637
5496
296
6196
755
6635
5009
7589
1723
917
4211
8762
96
1632
2851
167
8991
3971
7835
9198
2677
2358
6701
5618
1152
6065
9573
4563
9250
7456
5985
3887
2953
6282
83
60
9269
1445
4001
7344
8714
8212
2458
8810
6197
5309
5330
1540
9280
9517
738
8309
8228
3792
280
5732
9857
9853
295
9107
7309
6280
9346
262
8914
5782
6674
4535
7227
676
1879
2293
5240
689
1104
1437
5998
6434
2977
1630
2303
68
9940
531
3860
220
6263
3717
6425
6558
9177
3734
9191
8523
349
4457
657
7023
8993
4236
4051
7224
6530
9292
7914
7634
7081
264
420
59
8247
2723
127
8187
9607
339
4759
5870
408
1184
8781
9585
1270
4324
4461
7971
8781
5118
1347
4126
9355
5398
7703
5885
1042
1969
9871
8124
8585
291
8183
6832
9366
4662
1371
8973
1353
6130
1196
1761
3666
6329
7699
1289
653
2160
9260
5786
3630
607
9913
9337
2358
3968
1574
3400
2289
1445
1524
874
8088
6059
7707
3807
7073
9078
2780
8426
1561
328
6540
1579
6657
4239
2868
3662
2751
8481
9449
2733
5440
5714
2071
7798
9682
3645
7551
1971
1443
5427
2845
9531
7839
6904
9690
4912
2335
8823
9691
3896
9151
6231
1827
2161
6822
1048
5823
5925
9529
5272
8658
1321
986
729
5472
7020
727
3023
5343
8522
4802
4541
4405
2641
1445
4096
7554
3780
2919
3597
4028
2070
6180
2208
583
9354
3256
6407
5279
9137
1679
3937
458
9018
1019
5930
2390
8098
5305
7734
6620
108
2275
1025
2749
72
5121
6655
205
4392
6604
585
2815
2784
2793
3398
2138
2401
9805
3769
1538
7837
7707
1997
6855
5078
4279
9245
3176
9585
3331
6148
6045
1958
7173
5146
2031
8647
8154
8588
3039
4758
9173
5854
3895
8319
5605
2385
720
5410
6155
2259
3247
214
608
6454
5292
4887
2052
4820
824
5383
7320
3221
3694
845
8368
5725
5844
2874
665
8884
7632
6190
1090
7879
4509
3047
265
1582
8458
2772
193
8057
2986
801
4512
4630
2040
2916
5802
9217
4651
3122
2438
8345
3967
7158
422
9812
32
1087
5048
4017
7278
2490
1896
8139
5538
8513
6073
348
1285
6266
8405
623
3419
9269
5253
5460
2185
7407
1029
6837
529
3467
5182
849
626
5605
7013
7010
3044
8413
1027
6674
7255
9276
4814
9145
7789
7239
9493
9075
3506
4251
9698
3277
3520
1304
5089
2058
8711
6118
8895
5593
5938
429
6442
2916
2386
9807
9926
5431
8220
954
2105
1827
230
3271
973
4371
511
6818
3446
369
7421
9497
3646
942
801
5088
9352
5864
1206
8247
1457
7144
5028
4251
60
7415
4058
6339
2846
8630
3645
1303
6810
227
4575
7783
4598
1438
953
4397
8159
8375
3894
1805
5669
1047
3245
5021
3263
4452
9620
4721
7948
4648
5324
4361
8415
9383
700
1261
4365
4345
8917
1175
4572
3492
5310
5522
1282
2616
9919
9441
991
3813
7598
3012
1212
844
8033
4476
1648
4005
5549
9596
8653
873
3957
7069
6608
1009
4682
7326
5354
3599
4853
6278
3443
6516
1801
1077
9132
1720
518
6475
1886
4469
9487
9450
5313
3872
278
6961
7877
2179
2909
2882
9405
6867
6303
2365
4228
986
9691
9583
937
897
2213
733
3765
366
1810
2897
8439
8681
5724
325
3150
1563
6127
4815
1787
2758
8128
6016
4937
1037
8898
694
4256
5202
3060
8485
2540
9103
4420
9829
0
2985
6914
117
3352
8725
9366
1791
3758
5090
8468
3260
3005
947
8075
4792
3705
2555
808
4995
3592
6059
5689
4201
7613
8749
9038
6505
4205
9810
2686
557
2795
9601
675
2499
4678
41
642
8436
5132
5462
1696
4489
6410
6123
5634
6467
8678
6442
1462
8622
8853
3504
2823
2818
8605
8213
9323
2810
8023
2010
3368
819
7963
4043
9670
2641
4084
313
7429
5568
5775
5477
6410
8537
1600
2044
5005
6630
4838
2819
5252
3692
6323
8076
6510
4929
6289
2186
7739
665
548
1107
7836
8511
1502
7506
7504
1939
7819
4933
3859
9947
6762
269
8484
8362
2313
9841
4992
7152
2661
244
844
8984
4672
3706
3913
7314
5892
8005
7979
6440
5464
5815
1303
6967
9673
8807
5258
3845
92
9117
3792
6854
9387
8628
1568
1700
8470
6560
8852
1131
3157
6048
6467
4181
9755
381
7847
1999
4738
5826
4792
202
7993
6095
3521
7667
4903
8779
1512
1347
7897
1656
8202
7284
284
9770
8984
5106
2683
4189
2589
2192
237
9057
6373
6344
5790
4221
8344
528
6399
3136
730
745
9231
604
8412
486
9383
6276
8186
7280
4284
2740
916
920
2510
6253
6027
1545
442
8616
3737
7031
4025
6463
3376
9815
7036
8072
343
9787
1208
7426
532
6791
8030
5296
3630
7413
1572
1816
1046
5856
4556
1962
3129
3418
8215
9156
1316
5009
4124
1405
2041
8150
7868
1769
7965
1256
9841
4661
1044
7401
8439
1576
4192
6469
6873
4174
234
4797
5990
7632
7006
6898
9595
135
6669
4162
5643
7985
9172
9767
9390
7565
4269
3611
9334
8587
4867
5527
3248
5911
2928
8039
3840
7120
4508
7065
1295
1094
1862
3637
8727
5220
6888
4674
5355
3557
8836
7350
1542
4360
3470
932
8277
7739
4543
3963
2678
5763
9490
2278
8026
2418
317
1866
5891
4825
5283
3538
2272
7146
7175
7351
8718
415
2025
426
3972
7213
7776
5514
7926
1246
2799
6203
5338
3694
167
8016
9457
6009
295
7484
8428
612
5702
671
1790
986
4209
4062
4484
7736
1413
3202
8152
9790
3628
2124
7003
7757
3991
1281
9003
3142
3837
4341
6836
4004
2358
2646
6365
2653
6482
1145
3265
8536
1816
1407
9522
6025
5469
358
114
3234
9913
4618
3024
9893
6742
6380
7650
7085
4013
6654
6579
7850
7347
3416
8206
9705
2414
4572
8710
5248
5717
8328
3784
7534
9735
9659
9911
1557
17
6377
4791
9930
995
4168
6176
4090
6900
3826
7527
913
6832
4107
5116
4180
3875
3322
237
6289
7894
8948
1537
9964
7276
5321
3850
3363
4980
3761
4920
1350
6491
6064
7632
7486
232
3808
1576
3484
7635
9104
749
4467
3211
5865
8647
7086
9188
8885
9727
3434
4185
7616
3398
7813
2937
3600
1176
4270
3714
6097
1972
205
2161
9604
7691
8745
3413
5620
2229
7400
1076
2978
1867
639
5196
6867
4077
736
2104
3804
4170
6289
1420
3921
4102
709
7521
5278
1331
1235
7727
3303
7792
6240
9260
5484
1337
2673
7456
3566
73
8532
2897
8292
5523
8093
5159
9600
5181
7263
9756
9351
9904
7528
9624
4006
4589
3498
5637
5921
1085
9716
5576
8878
5957
4836
714
3646
3861
8170
7213
3934
3054
6462
8579
4929
907
3738
4529
6088
7354
4285
1791
7258
8165
1416
7617
2754
1266
3254
8675
2351
9322
604
1229
1631
5440
8295
5278
9302
2817
8843
9588
5871
5305
4519
7152
2564
8258
1681
5004
1964
2318
6795
5574
483
4563
3191
3238
5829
2797
8265
8181
8472
8869
5762
103
4310
4058
5381
9964
6875
576
5904
9099
2233
424
6251
4797
5034
4285
9801
3350
6603
2949
8924
3439
7512
8468
6677
3342
1265
1294
7875
6089
164
3637
6193
826
7695
7926
7142
4571
8503
9398
22
736
9822
6273
1886
1208
558
8039
4558
3514
7340
3483
6953
4853
1951
9982
4547
9568
1276
2422
5658
7792
2411
8203
4970
107
6129
2112
1030
984
1511
1052
8073
7685
3677
6311
8894
4236
4350
3452
4102
8043
3287
1055
2896
5238
7389
3795
1159
5017
6217
3169
9162
4980
1372
4132
5087
3853
2597
2469
4838
460
9873
2911
8145
3551
9222
3391
4139
9924
3196
8241
7967
6483
5648
7215
8074
9389
1010
9233
4406
3579
8754
3568
8560
126
4053
9999
3979
6650
2469
5169
3462
2342
8080
7959
2245
3654
1351
6384
9931
4547
977
7898
1030
6625
1466
5456
6014
2476
4689
6773
2408
3443
341
968
9921
746
967
253
3748
9788
5422
7210
8483
9855
5170
728
3509
2873
3465
3440
7420
4442
7691
4802
7420
9157
259
9786
7985
1300
6559
393
1096
3253
1361
7369
3999
8681
7622
7748
4821
3045
1310
3304
2900
6480
385
2761
9353
3850
2554
3125
4644
6597
4280
2064
5754
891
8203
3739
2191
4762
4133
9639
4367
1846
7009
4719
6879
4631
8819
1701
4028
129
1357
6928
6610
1742
6042
2315
5592
8596
1793
6589
5193
6073
5005
7299
6964
3208
7390
5507
4323
7875
5147
8690
6074
2156
3409
2953
3139
2228
4654
7168
8710
6012
448
5320
4106
2842
3987
6051
7790
5780
2640
9335
8205
7645
6634
1521
7206
377
7029
1529
8252
8528
219
4326
7036
9981
7280
175
8561
8286
3695
7271
650
496
8943
4757
3338
2931
7160
1129
5063
9800
6816
9621
3797
3451
1142
1003
3828
8171
2532
8432
3051
9104
2759
87
9085
6391
6615
7646
1029
310
4918
1680
7158
3861
2789
497
3144
9949
7978
4560
6101
4794
4181
6250
4597
5323
7254
4777
9847
6138
3210
2898
5242
5969
9338
4327
8712
5953
8326
9741
2615
3244
1421
9774
3457
562
271
6602
6863
4601
1162
9316
9395
1695
5567
345
7018
2821
5122
3217
5311
8332
6116
554
653
1806
1233
9365
7759
9559
9107
374
9155
6880
148
8965
3795
6771
5567
658
1372
3081
9975
7120
4776
1894
7465
8146
4715
8939
1364
26
7272
3832
6932
7925
5638
8166
3643
9749
4077
9102
123
9585
2334
6624
8550
6129
9747
469
3140
7472
3550
9467
4592
4678
1361
8409
9176
2428
7348
6892
2454
972
7076
5739
5250
9066
3905
8893
8815
4334
4347
5291
3919
6681
1915
2469
2811
1662
2938
2303
9134
2840
1770
78
3870
3131
4839
9399
5559
8540
6291
4365
5864
9720
6456
1114
8786
6713
6359
7602
1048
706
2893
4967
7388
1160
3789
6551
2822
3079
8854
8309
2272
6976
4739
2494
6459
5931
1893
2018
823
4537
2735
6687
4257
9192
7802
3043
5905
4161
645
3305
4868
9890
4625
8608
1050
8414
5159
225
7845
365
8534
117
7341
9625
2612
3800
5556
4505
2170
6379
5394
1257
9419
9651
6801
7221
2695
9059
1382
9692
2364
2602
9583
6989
1210
633
1755
2721
858
9601
3086
5744
6070
427
1722
8682
579
3630
9540
2749
6362
4934
359
5781
4586
7160
3002
3633
6219
736
3325
4936
3339
2908
1925
901
3542
33
3623
752
5986
6709
2849
2056
3489
4571
7091
420
8201
6631
9522
4563
7917
9881
344
8855
3393
9698
2488
9613
435
5814
4549
126
5074
2826
1027
8616
9211
1002
5721
5197
4064
8570
3606
7553
9493
697
4325
7694
3680
3847
8610
1597
3728
8954
6805
7122
5005
9293
3087
5440
1459
3988
5566
6534
3166
2945
1502
2378
3948
7223
3927
8012
2145
3885
1917
1638
4582
6242
9333
4614
90
7943
2564
170
3249
9369
3644
8254
8662
6731
46
122
7071
1964
6656
6590
4910
8158
8968
5210
1734
9247
3222
3879
3133
1491
1870
4067
7733
7555
8682
4175
1850
1246
4346
5099
615
4342
9706
5629
7426
6104
5751
4497
8069
8759
1087
9331
3270
6407
4541
5004
2007
7763
5235
1492
9254
7105
5559
3339
4660
4241
7515
2862
1839
8213
7962
2454
2555
4020
4436
9981
124
187
831
4545
5299
8270
3876
8569
4678
8417
9925
3037
2532
5160
4529
8138
8618
88
1478
9630
682
5345
2493
2521
3558
6807
1328
2465
7179
5764
8799
3655
2303
9630
8201
3954
7900
2077
2523
8930
6847
8800
1967
9379
313
6496
7518
8931
6585
5348
4913
3619
693
3758
6140
603
565
3820
9420
4096
5936
8219
7752
4592
7849
5953
8546
5750
4382
7422
4680
1229
6222
6648
609
6535
3144
4479
1818
6081
6179
6732
9700
6872
490
2193
3827
7408
2365
3247
1504
8302
1467
9256
9246
5668
1561
7792
7770
5944
5214
2451
3525
1437
5451
486
4324
4947
4965
6143
7381
1144
2875
3433
4368
9717
5626
4547
7125
7992
7795
4982
2646
5614
590
1892
7634
8504
9684
5405
800
1251
4208
4325
9040
6011
4812
3364
7310
9777
5859
4691
7274
5086
8125
1642
4804
3751
2542
8281
8095
6689
9615
741
8655
206
8985
6289
8710
5022
1694
9510
6273
2254
187
1665
8265
4999
1381
5576
1129
7241
267
8403
2327
4744
6397
3483
4848
8939
1765
2943
1980
7732
37
635
7938
5374
6925
3000
396
4971
8862
3021
7226
9050
4686
5491
401
2420
1067
1530
9661
7687
6285
8340
2431
9035
1824
7279
4326
9941
6575
6307
7673
2964
6942
1964
8338
3867
1316
5087
8839
6531
8108
6065
1933
9147
7908
2334
1567
5328
217
7580
3015
6502
5920
1798
1889
4096
9078
6216
4037
2005
2523
8063
1321
9465
6379
9659
9685
7695
1098
4876
4226
9207
7293
6159
4706
5201
4846
6273
529
5063
3853
9896
7917
6125
1695
9807
222
7125
6023
611
9130
8546
8674
6803
4363
5053
2814
400
2749
3913
5276
3327
9472
8921
5839
4178
475
685
6803
7356
2100
656
7253
17
3133
8948
9824
3355
2425
5847
3967
7907
745
8993
4710
1461
4047
7524
1861
3148
1437
3490
2827
909
2411
8666
1439
9238
5703
8242
6595
7803
5250
3848
7821
8384
9148
3997
8091
7925
9845
8410
5832
6942
7404
542
8403
1451
4418
6617
951
2208
107
3778
3117
8870
2445
909
8109
4500
9151
1056
2304
754
1256
6477
9138
6756
474
3581
4681
6671
1992
513
3614
9396
7407
2017
7199
1825
8634
4502
4033
5093
8280
3503
316
7077
764
8425
1578
9915
5833
234
669
7089
6711
6159
3845
3537
9741
4878
209
8085
5391
3823
3833
9150
2192
7384
975
7179
1886
1361
2272
6518
1216
2588
3596
1980
7365
1526
8247
9550
1760
5269
6639
4823
1428
6836
8360
7521
1714
4921
1958
3457
5096
5791
2607
7289
9527
9935
820
1413
7648
9444
7932
8864
8385
7880
7196
2102
9406
5443
1653
7518
712
8292
2341
8493
1481
7053
6014
9547
1975
4325
3005
3423
116
1964
712
9644
1899
7884
7409
5899
7329
5341
1115
5714
9573
8311
4168
8979
107
5821
6497
819
466
5190
5664
1947
8596
1679
1494
6923
6004
851
346
2472
2816
7411
8468
1067
5295
5878
6967
8976
7571
8082
1042
7145
6394
5211
2476
2853
1032
5326
3672
1498
516
9337
9797
9112
7368
7644
2387
9724
8495
2734
8548
1311
145
7017
2379
1792
9247
5698
769
6818
3780
8163
315
6526
3374
2792
9379
4407
8118
9404
2257
4986
5093
8407
4099
8813
6051
2838
4889
898
5572
3437
8562
2069
454
7293
214
6053
2991
7335
2872
3123
5498
3187
6002
8873
2331
1733
9632
449
1137
8241
5436
2582
3000
5887
7747
9051
8725
2636
6302
650
6074
4864
2719
2880
2157
2933
8934
5148
6620
1806
4623
2119
1345
625
7344
3677
2359
3328
478
9848
1569
2266
8783
4570
8153
6530
9973
3231
9167
6275
3881
5241
1139
2952
8121
9648
2238
3407
4796
8858
1565
5772
977
9263
6397
4673
2940
5108
8001
9770
4957
9571
2037
3740
493
6542
270
6818
6125
9437
3094
6
1030
585
9311
5504
234
1549
8911
1382
407
6829
7154
7737
6092
3552
2410
5384
8660
412
5154
9969
6335
3543
61
6828
6438
332
9998
2563
6121
3092
8922
3504
30
8233
5360
264
9782
623
1646
6541
7452
5153
4278
3544
5057
6689
8928
3717
3453
435
39
9788
330
100
2968
6768
6784
2966
9332
9258
2411
4606
2762
2441
2839
8122
2705
2621
8745
703
5514
6198
2208
9793
6094
7265
2834
5023
983
6287
1810
7374
2427
2140
7474
1747
8909
4259
4713
4593
3517
3476
9199
2631
5917
8390
753
4974
7363
5850
2030
2877
8400
4238
2670
4495
1504
5504
5870
8839
8143
7680
6213
570
9820
39
2317
5081
650
3383
9674
4167
6859
5225
3150
9129
3615
255
455
7330
6106
2485
208
4506
6724
9230
5353
4580
1087
1223
3419
9230
8903
5984
6153
5076
6023
4822
157
6674
4557
6184
7193
7769
7761
344
6898
7729
6951
7353
5059
3057
6191
5267
3916
2915
850
9269
7495
1937
6845
7266
7519
5748
3250
3672
7176
5625
4847
7334
2299
9404
9870
5845
3525
7631
2541
423
5360
9492
4129
420
2550
320
2039
2818
9587
2889
8439
3434
1178
5284
7052
8698
7385
302
2370
4561
2279
3569
8247
4579
2974
4469
6776
2851
2101
9317
9627
3813
8809
3756
585
7711
428
8977
6881
6367
8218
5321
6153
9397
605
3205
8095
4342
9859
6817
5256
2138
387
3503
3069
9713
4325
9845
2564
2778
5514
2191
6591
676
2299
3529
8387
2727
2506
1621
5446
724
6942
1599
6473
3899
1156
4568
4594
7367
1386
9850
5858
1773
9705
8927
1486
4030
5125
402
6808
6991
2594
9752
7667
4893
3281
2407
3973
5787
4028
5771
2863
7322
7371
9337
7573
4879
3905
2167
2247
1643
2017
8105
9768
1723
3384
7606
2105
4861
8009
8914
1853
6955
8666
5872
1848
8299
8279
2173
438
8659
7945
3301
5981
1668
8990
3555
6547
9248
5722
5146
891
4092
9603
7012
2167
9340
4618
4272
4201
2627
9538
2406
9582
4556
8279
7783
2855
2910
9956
9645
1570
4253
2947
7551
5921
8289
7458
8821
7537
9533
319
4781
3625
6275
1793
2144
5615
6411
2768
6168
5391
2307
4927
1325
3215
3206
9108
2423
2468
5417
2068
4038
9670
1367
7942
1944
9657
5400
765
3546
1285
7436
4679
4910
3711
2824
3406
9326
5588
6175
1847
979
8482
6774
8656
8049
6332
7765
472
8800
9534
8893
9191
9204
260
7133
7500
6269
8885
4617
9816
171
2054
847
1433
5765
3672
4840
1444
9260
1015
3291
6591
5849
65
5247
3898
6397
9364
723
1549
8898
9616
740
4455
9876
7873
1955
2498
6759
6573
2314
3282
8627
9513
4715
744
3185
9555
2188
8797
570
5479
1740
2771
1896
3340
6670
4645
2704
3745
6195
7955
3361
6935
2410
9589
1161
4365
2087
4272
938
753
7554
5917
6619
2269
6662
6156
8177
5202
4954
8747
682
3046
7871
8930
6386
893
3576
9091
4638
6123
7046
4351
9410
5808
3940
571
173
2380
4843
7464
9485
8749
9733
6104
1019
2747
2261
9196
7950
3567
4295
4984
6613
2166
3914
9352
3059
3842
8443
7697
9965
1841
8400
9376
4001
8693
6299
526
1073
7495
7990
6910
6244
4076
9367
7263
6823
1628
2811
4773
1547
3459
9757
4512
5625
24
3864
5037
3866
8659
9086
184
6852
7487
9560
853
6180
2211
1380
3605
9706
5722
515
5951
9798
9882
9566
2974
7862
8730
7747
5761
2189
7505
274
4166
3881
4138
9203
7747
2798
4642
7931
9650
2129
3843
504
4661
6055
8236
8266
2113
3958
5133
4416
109
1368
3983
3083
9230
2713
7182
4992
1254
1039
5266
5420
4920
5756
976
2668
8554
5618
6951
4557
7747
7147
1413
8760
3202
9649
7026
1667
9959
2159
6084
6420
9879
67
5855
9110
9132
3038
454
6738
4077
2072
2158
8998
4180
3134
8018
2735
8752
1321
3644
2851
8468
5057
1611
8022
4706
4989
9690
1017
3501
5774
7438
3380
2193
3293
8842
7677
2683
9296
4415
6761
7720
2925
2111
1901
6060
6481
988
1164
7802
4632
4016
2623
9689
1979
645
747
6969
335
8116
470
2461
1906
3850
1006
1552
2693
8683
4235
8341
9450
7348
2414
2376
5811
667
4788
8644
1655
5952
2799
2639
6320
5422
2328
4652
6067
9427
1621
2755
3895
8443
5216
5802
2293
6223
7354
1338
1258
7941
6032
7061
1642
4798
5789
7453
5465
577
2450
7120
2881
5249
9759
9202
671
8439
3854
6738
4218
1827
9493
8113
270
1062
267
8915
3637
3973
6606
4895
1915
2638
8308
9909
3788
4097
3714
9253
4674
6164
6373
7556
1413
2484
3110
2084
7275
3316
5175
1493
5143
1020
5958
1765
2082
6226
680
5719
199
3638
6967
8466
6276
5275
8375
6416
9373
8442
5669
399
4606
8394
4307
2372
878
7417
808
8153
7085
5983
5998
8580
3356
1957
345
5438
4535
7378
7510
4734
1016
829
9553
3645
6104
4280
61
1829
2722
5731
8581
3681
4125
2888
6053
1356
6658
6861
9509
3743
9197
1860
8676
2553
3817
9021
4343
8352
6399
8205
9438
3768
9034
5343
7413
1491
9624
7474
9672
8698
9557
8253
2379
35
7494
4784
1391
4152
1646
7252
4247
7195
9112
2923
6100
9281
8297
443
3985
1048
5001
9776
4816
4035
5119
8581
1878
1095
6056
1551
6146
1965
6156
8525
2000
3650
9662
9743
4154
7660
6996
8402
4855
2460
7677
955
1742
5974
7750
5727
7023
2751
5503
8191
3139
6975
6773
5017
8070
9181
2920
4216
1146
9077
9094
9499
9079
5108
9242
3234
2768
6238
7988
3975
8699
5665
1282
6793
7992
9032
8872
1367
8136
728
9558
1275
7703
6331
2644
2125
1864
5565
2694
3011
994
1788
8862
73
6896
8104
9659
6016
695
7647
9991
5746
9665
1273
2539
7657
6657
1411
5376
4793
2139
4934
2420
6194
7618
5065
8320
9482
630
1014
8845
7976
9154
7707
8049
2402
2164
7709
8418
2859
1708
8409
8605
1373
6034
7496
5382
2691
8907
758
7485
7399
2045
6257
9945
9663
1322
4617
5497
8304
5631
695
6280
1137
8402
4330
3539
6918
8391
1957
9777
99
6718
4734
1473
9104
2230
3207
1796
7490
318
5633
1241
2363
1890
1186
8378
3213
5804
3875
7869
7787
922
4150
8925
9325
4832
8816
6243
3223
7126
2373
9674
196
3459
7499
9301
5690
707
1097
9532
1025
3082
773
3388
4972
8311
8118
4537
467
8345
8759
8255
9268
2909
3532
4945
4093
2348
7540
7316
5826
9913
3342
6023
9725
842
5324
5415
1549
2773
1299
8926
5855
8424
2314
7179
6735
6784
8069
3555
5129
6828
1810
4397
6089
1694
9342
182
394
3235
3850
6221
9500
7192
2244
9225
8034
3920
4640
5935
6693
2291
4861
8900
715
3527
6079
3803
311
500
7358
5441
7328
5520
6190
9769
7214
1885
9951
7608
5120
3801
181
4620
7346
2425
3846
5380
6345
4838
7668
9390
7130
2529
8290
4197
6057
722
8000
2720
1222
5358
8161
8551
878
704
8320
4444
2589
4624
8405
4061
4777
8586
5033
2123
7364
8879
3856
61
70
1524
5804
7200
405
4094
1397
2814
4816
5750
5535
6039
1108
48
942
8339
752
5614
2783
9693
6590
7540
106
1368
2479
5140
9843
9843
4019
3699
6256
4089
1575
2060
7641
8333
2507
5391
1147
3675
1141
6682
9714
8601
6731
7008
6940
3835
8975
6076
9881
1917
9968
9987
3285
2447
5127
3129
8642
5499
3180
4899
9588
1108
3311
3582
9441
5818
8973
6940
9494
6466
3623
5560
5067
6706
8921
8360
6893
4248
4436
6774
6165
4404
3114
5803
3204
8241
5284
1846
3740
8464
3097
9681
5924
6409
3263
1717
8579
8588
8658
4425
1406
2281
6338
6473
5339
1611
1185
8584
5859
1973
5359
8376
2730
4825
4179
5934
3066
9463
7780
3159
4280
878
2840
204
3639
2455
1922
2218
7395
580
2996
8801
9213
9334
1626
904
945
9164
9488
3156
1137
1199
1532
3867
6024
2064
9801
5443
1527
7582
8602
5807
4812
1442
2364
8451
249
638
7021
7644
7570
17
2797
3135
9351
775
4039
6648
9939
9879
6156
1077
7431
4041
1296
9807
6105
1098
5250
3984
5032
204
6144
9844
7998
8508
8295
8247
9146
1668
2243
3068
1686
5040
6203
7389
2168
6594
4038
2107
2825
6546
9536
256
587
833
6416
3044
8283
8018
7029
3315
8223
3173
9511
6221
8033
4158
4469
3531
5826
3064
6599
7512
4457
2802
4902
6625
5748
5292
5084
8573
1838
973
5182
8778
1806
1598
8174
6441
9616
5203
9756
7839
4728
9267
413
2761
9777
4882
6292
5603
4298
9243
3116
8755
2045
4370
5380
4145
9662
6817
2719
7852
7790
4253
2982
5948
5851
1157
2389
1819
6360
2145
6011
7441
7764
6424
202
7541
7658
2847
3144
1956
2090
2612
712
488
6982
2444
985
2996
9261
3704
849
7051
7957
3831
2999
160
4988
1740
8332
7701
3885
4343
5142
8001
7119
1696
1894
1129
895
1391
3085
9338
355
149
6178
7338
2594
7163
334
8207
868
7535
5259
5177
1367
4610
1690
2707
6351
6374
408
6588
7069
1902
942
4188
9951
2836
5317
7198
579
4754
6536
935
1256
2714
4625
202
6230
1311
8409
7098
8847
20
8627
214
4631
6669
9273
7334
3043
6034
3922
112
7936
1216
652
4239
405
2321
1438
984
3428
4326
8271
4684
3393
2896
4886
9623
4208
9647
3073
9407
9668
8052
9621
651
1074
5246
7985
469
1280
8259
6934
9217
9476
7586
9808
9881
6260
7598
7217
9688
1925
5489
4372
1670
4737
5610
1293
5297
5257
718
4704
1277
8770
677
1928
6196
5924
6265
6666
7204
4525
3600
2773
353
1186
2582
234
7446
6532
3803
3486
4809
9292
4210
6479
382
9820
4124
5679
1430
4842
384
2707
9965
7413
988
6161
3337
7253
2827
542
1778
6427
9667
2131
3966
2249
8717
7764
5134
2521
7603
9943
8165
1813
6423
8547
1634
547
579
9416
1742
7315
2123
8059
4728
9463
4220
4418
6717
3400
1312
4847
6179
979
3331
6497
9581
2048
614
4715
921
8217
4658
5439
30
7433
3986
8016
7981
917
7432
6075
8232
5908
486
9313
5371
1058
3731
8440
4458
5043
3288
6990
6022
6619
9839
5603
8667
453
6670
5941
5022
1329
1380
5053
8762
1718
9421
3095
2636
3206
5522
7220
9114
6008
6533
837
7067
264
9278
7877
5307
2566
4867
7682
5537
4707
9637
556
1512
6308
6497
6535
7637
4229
7940
2751
5948
3713
5847
4936
6919
1369
8508
2385
7378
1394
9575
797
1658
8853
8674
3318
7771
9894
7352
3308
953
6989
3864
2465
3297
6714
5352
7286
943
9644
38
3243
3358
5885
4531
277
3606
3040
9015
7336
786
8590
8133
8796
3795
3160
2114
7918
3054
5818
7578
4007
9160
1442
2824
2457
4508
8177
6096
5452
4173
6134
5047
7531
8371
9579
4161
8329
8971
3176
5666
9757
8118
151
8553
1913
3311
7020
6183
6365
9190
3761
6724
8350
1555
9549
808
6064
4078
3256
7868
8251
9390
2915
5783
4113
8846
6296
2442
4169
9472
8108
3926
3942
4612
8832
2207
7923
5852
8390
641
5042
8503
7365
9745
58
3266
6905
2474
7344
161
342
5596
9551
9610
7731
16
8456
379
2458
2626
9851
6919
2904
145
1531
1736
2352
5806
3940
7094
6447
5335
5597
3813
5080
5655
7079
1985
8130
776
2146
4824
2724
8049
4434
6807
4417
9243
7186
6875
8221
3389
146
1125
3534
8029
9214
5886
3836
3154
9332
283
4841
4929
448
6273
6936
3880
8258
1418
4656
6756
6243
7380
1157
7029
4187
5574
6272
7725
8802
845
1114
8948
1971
4648
6978
7537
6886
814
7043
6218
7449
1885
7499
7898
8158
4435
8130
2769
5854
2786
5877
8449
6518
7035
5478
7057
2609
8103
4782
7763
8948
5896
6712
7271
6896
42
4808
3782
7208
1852
6352
4657
3737
3851
8907
8247
8286
7037
7368
492
6175
3246
8941
9045
281
772
6102
9242
8875
884
7006
4175
3132
70
1447
28
6464
6255
162
3672
4459
2866
4681
4548
6717
9941
2796
1356
3330
164
8200
9506
3410
3494
8551
43
4266
1006
5638
3141
8242
8996
7316
1375
9066
5115
7755
5530
1371
4270
5554
2182
7136
235
6731
206
176
9527
7914
9859
6043
2466
5717
5806
5960
4268
2201
226
1626
7839
9719
9869
6835
7036
7596
5901
8503
1703
7783
9874
2325
3337
8409
5814
9925
5140
6020
6453
1019
286
6312
7062
2752
2029
9220
8713
2650
1422
8939
4276
9261
8659
497
2449
2047
8093
8350
550
6149
2486
6777
8474
2175
5186
4288
2100
6678
6660
4906
7697
3298
1218
1111
6051
9600
332
1116
2250
8106
6407
2878
3719
1418
3376
6168
3465
7821
871
368
322
3357
3497
8797
1884
5035
9437
3985
1713
6098
8891
5762
9396
6461
6873
1799
6061
3557
2915
8311
1663
5675
7542
5383
7093
7270
1551
6911
5091
2422
7279
1766
2131
7128
563
4016
2163
6352
4353
228
8802
9596
5990
8199
6057
2863
6350
2119
6421
5618
6782
4436
1293
4324
9819
8386
1594
7723
5297
3038
6497
8928
4804
4981
2408
1719
8997
923
8071
3350
1151
6874
9298
3493
1425
5355
6357
4127
3826
9130
9745
609
3566
7390
1285
9738
2129
2880
3813
3778
2270
6662
9059
3426
1643
1467
5145
640
2391
9568
342
3542
6442
9640
7036
4219
1348
9745
8347
5174
5227
4444
5783
5145
1835
7069
1235
3964
6301
5048
4094
4923
1711
3153
8349
3354
4621
3494
347
7012
3062
7041
6906
5857
3034
294
76
4382
6391
4775
9556
1618
9220
1692
3116
7407
5113
4351
7723
7766
9400
1817
2689
7463
4971
7390
7169
9592
884
3868
2956
298
7262
6214
2507
296
2861
8936
1030
9252
3711
6938
7223
9283
8630
339
6690
95
4690
4413
4213
442
2583
6902
7905
7554
4292
1427
3498
1528
1647
2806
8179
8909
5372
686
9205
8233
9622
235
7486
3334
7174
4709
8969
2156
5048
5660
2252
9738
6425
6465
181
5360
9720
4438
9266
364
2217
2764
8245
3865
1922
6424
2774
7295
7110
1980
5528
3085
8567
9366
2771
5741
4075
1740
4250
5475
3752
6502
5214
6530
9319
1747
1890
5391
2537
1157
5756
1107
273
4001
4972
8548
6777
7746
5843
3887
6078
7723
6972
998
7090
9743
6739
1165
7836
989
6641
1588
3843
8207
8118
9515
6306
6361
4906
8843
7518
662
9950
4143
1015
1274
2691
7792
5373
8534
8032
1451
6258
1356
2449
9700
7452
5541
865
5288
2882
3858
3228
3078
2065
7699
2593
4723
4060
7499
3567
7930
4514
9869
2073
1881
7496
4765
9674
2869
9651
4058
672
2261
5414
3122
1961
9218
5015
9179
4506
7897
3037
4087
975
1455
1786
9920
6178
5846
7420
6097
3776
1934
2319
5849
3815
9815
6966
9841
2684
6618
251
3356
5231
5666
2830
7193
4884
7845
6372
5743
2095
5761
9830
9422
7216
1616
5695
9747
7462
3115
5844
7590
1401
4515
9791
1568
4330
6758
7762
3366
9728
8013
6723
1311
31
5905
8504
4916
103
1228
7011
8550
3342
6841
4324
6910
4809
19
6657
2271
3134
8854
6213
887
3369
6004
2456
4052
9114
218
7418
5194
4583
493
6506
4615
6399
1362
5883
6502
8943
2894
5052
2285
9735
5728
9195
4544
5748
2205
3167
8882
7411
9380
9770
7132
1736
8578
1184
7203
5148
4955
2397
9731
1800
8903
698
8199
266
6581
1053
9209
9475
2457
7846
9210
8186
3393
106
3934
5598
9625
9168
9361
5357
5290
6494
7094
3868
4030
4297
5368
5337
3046
1452
7138
1950
2150
5337
8568
8732
2743
4129
8207
5200
1975
3770
9738
5368
228
24
7319
9854
9193
6680
5211
4483
9526
8657
4704
3557
9306
72
5246
2353
1524
2384
655
3675
4074
9223
8759
6817
3352
3318
8369
5327
3440
4460
7047
3669
4484
4366
9875
3677
1047
1438
8161
573
96
9217
482
5754
9289
5729
8107
814
8113
8762
841
8539
4337
5952
1708
7689
9270
6430
9368
9063
890
6416
2732
5374
782
8959
5404
8181
397
9917
5107
6845
9134
5589
2600
8423
7670
707
5589
2136
5822
2782
675
159
8734
2384
4201
4357
8814
9921
3420
6056
6337
2504
7782
3472
7815
3186
8005
8212
9455
3112
1410
8589
5054
4010
3365
2724
1069
5306
4860
6891
8089
5536
3403
3175
4272
3956
7532
9438
3877
7304
5494
6567
6160
3276
6391
3975
6463
4396
2188
5918
3861
9950
860
8915
3960
4225
7991
5029
5883
2852
8273
3972
4740
8028
3500
9012
1984
7384
8450
2213
4689
3944
8780
849
3572
5171
4825
6387
5920
3365
2306
9781
3315
9518
5048
3627
95
3039
5008
5978
5891
9633
6303
6983
7661
9803
5995
5997
7187
797
4563
8228
1093
3343
9078
4666
4867
255
1053
7139
9972
9711
3272
9639
9229
8320
3266
5676
1359
4626
1655
3603
4260
4310
6938
1921
4113
2934
4271
1300
83
8834
5881
1177
8529
4959
5843
9748
1566
3248
6887
1538
2960
159
7529
8541
8479
7147
570
6191
1773
2225
6146
6033
6535
3084
4307
7000
2370
4930
4652
2454
3764
533
9983
8645
1844
2178
8394
3410
5426
5281
1300
4738
1793
8829
9632
6624
2328
202
2815
4102
8779
5313
135
1666
8398
794
8666
7120
5724
9670
9574
5840
204
5909
4486
2048
8087
2880
1811
3514
4513
3111
4604
6306
8293
4236
9283
6973
4438
2098
1075
9569
3764
7563
1235
8514
8357
6253
5634
4082
5924
1561
9922
6128
7470
760
4528
5558
3640
6339
5424
4506
5803
28
7164
448
617
6447
7421
1407
4898
8497
977
8662
2412
2212
7176
769
4818
9162
1203
742
723
7478
3222
4546
8238
7750
6456
8231
442
1880
9089
6245
8260
6253
6693
8877
9053
4114
285
303
8963
1262
8965
1375
9826
2493
8497
996
8007
6052
1738
5083
3530
4960
9629
8121
9063
6085
6352
9505
4317
5441
5750
2577
8046
8795
1455
3451
9261
1740
3754
4577
9354
9071
2304
5532
7916
801
6529
5924
6854
4619
1007
6736
5932
6988
4857
4995
9425
1209
4500
3742
3002
6602
6319
7401
5397
7774
852
1010
5866
959
5587
1572
30
7892
3457
7947
5045
6338
223
1899
7309
7582
8636
3241
4570
3493
8236
3995
1055
9088
7737
4057
5690
4056
1458
7439
8183
8663
4802
401
9622
6741
8326
6004
4633
1783
3951
9679
4473
526
7930
1782
8108
2918
5024
2678
2764
9612
3025
3819
8701
762
4228
743
1171
2039
4535
5706
702
9337
6107
6676
6078
4433
2680
7064
2568
2984
3095
7041
3510
1025
8824
1619
296
3848
649
3060
9812
3675
6879
8513
789
7459
5609
1960
9498
144
4018
6552
5833
6478
3228
8263
911
5909
1679
9832
5245
4774
6873
8755
2152
2049
6726
2448
2249
7376
5508
2062
7403
8739
6927
8192
6198
2536
6505
5697
9032
6875
2249
4865
3353
1830
9481
617
4091
1160
449
9336
2287
3674
4443
4439
5724
1170
6887
4325
4898
8747
2739
8653
3838
9667
3197
36
2203
9702
2085
7588
6578
687
8805
6283
2517
8286
6900
2960
5799
7349
2296
8086
1024
3091
2525
3100
4261
5764
3777
5511
863
6517
4164
4701
6184
7362
1089
4739
3416
3175
2327
6346
3862
1133
2630
2731
9419
9530
5691
1570
3232
4339
9656
608
7430
8533
3708
1692
649
7485
3555
7864
4002
4072
2565
6538
7786
7
1278
1202
3182
3605
3901
3396
1090
6531
6127
6862
2413
8170
8432
5645
2509
8089
6253
9939
2974
6313
7983
3624
151
1539
1488
505
1963
406
7044
9749
413
4674
951
3595
4631
1204
3343
5722
4087
5822
2584
6501
3992
1016
8498
6501
5457
1104
6440
8432
3769
776
8408
3920
2315
9896
778
4278
6654
4174
379
7067
8848
1330
7014
3479
8887
357
5553
2974
6179
8137
9475
6523
5506
4326
3024
963
1782
5817
5747
5551
2945
4155
5824
1612
404
6602
5890
7058
776
2621
4126
5976
3951
7492
9455
2838
7850
1361
2165
381
9498
7992
3257
1356
2318
6281
8672
452
8450
4419
6004
1395
4927
8180
3007
1683
1134
5249
8741
8262
7870
9219
4238
8174
6712
45
7364
914
1406
9529
7647
7257
3874
904
8613
6192
3538
7285
6645
8340
8057
9001
6088
9336
3533
5447
1019
1019
7049
6112
9281
4919
1684
9871
9445
8396
6268
3162
5662
4027
9043
9661
1284
2917
6918
6249
5462
6808
9887
8459
5148
4296
3812
7588
3632
7345
3036
1003
8364
85
7115
3997
1356
8799
3868
7154
3547
6488
316
5561
515
5711
1575
8151
8629
8493
4401
443
1653
640
8902
6801
4936
2714
4390
4920
6411
3778
2275
4775
3863
9390
5124
1571
4542
8992
8725
4441
1832
5393
6355
2348
1105
7930
499
6086
2775
1252
2881
4428
8244
1783
7581
3180
849
8323
4452
7260
8453
6727
8387
2316
2470
3511
240
3364
8855
8965
7805
687
711
512
3035
1816
4794
9887
4254
3921
7491
7135
4701
5736
5270
2283
8916
6119
6958
9721
3379
5412
6448
1766
4080
5270
1629
4320
8634
484
9638
2792
1171
349
3304
559
8517
4451
446
2771
8372
7937
6258
3074
3673
1528
1709
8942
7647
5019
5015
7378
6783
7815
5496
864
3086
7125
1536
1720
7609
7526
864
8780
7875
4169
5691
2744
4972
6137
5515
9696
427
8125
9122
452
9653
7183
5746
3652
2203
761
7382
8986
8577
2878
6202
8015
3
7739
9735
3964
1617
600
9097
9493
1121
4788
2237
2445
7278
4105
2141
7705
8582
1264
4509
8236
8447
6608
8240
650
7369
5623
5989
2298
4853
2191
313
1209
6282
6401
5173
7900
3353
4270
3745
4474
9059
2334
3271
6337
6439
5412
394
5022
6676
1255
9610
1476
7863
4202
2126
1585
6177
4467
235
1031
3011
6901
2240
5645
3302
3765
9897
3007
8036
3642
3833
3447
2329
7104
6136
8768
2516
2882
142
9193
4137
6104
669
8353
6659
9147
9938
2836
9967
6525
219
2978
3426
8811
4975
3080
2577
4873
6087
6965
4867
9920
6764
7196
7024
2900
2317
9541
5782
8811
5086
6271
4916
2107
4624
7927
7606
914
763
3925
7440
7335
6903
7218
2498
8231
299
1427
3104
6386
8392
7971
2659
1508
1520
9683
4408
3837
5576
6542
2648
7014
9166
3916
9121
142
1843
3080
1057
8959
7005
4849
2646
261
2067
5144
8492
8718
6572
1596
1457
1316
5919
4116
9177
3791
151
3585
7628
5728
6480
6629
2742
5646
6897
8216
5788
8741
1296
3197
4052
8301
8046
6698
8562
6466
8194
3406
1536
1118
5002
2993
8787
7274
7109
7964
1065
3613
1549
5046
5693
4381
8027
8435
6379
4924
3003
8520
3665
4299
1717
4069
8953
6116
7119
3867
8934
5314
7274
470
6432
8628
3464
5219
2254
6925
3183
9672
6890
1085
4718
2583
1818
2745
1019
8198
7669
374
6718
7687
4674
4787
8108
9979
7255
5228
198
6189
542
7472
6660
3326
2453
6476
4898
4707
9753
4433
4379
6644
1870
5449
9227
41
4546
6598
8239
8568
6973
1309
2607
7999
2448
715
7978
9704
5943
8176
5893
2837
2001
8905
2516
4454
5381
3766
5513
1487
8199
6245
8131
6422
1694
7358
6463
2593
3957
1054
1161
930
2363
3768
8929
4811
835
3259
867
3131
1435
3113
2320
9788
2018
4836
4242
3752
8602
6108
5239
3154
2353
3370
9576
399
7080
6039
2992
7389
7093
505
8319
5808
625
3600
6971
1461
3211
7839
4592
4647
952
6912
787
9322
8101
5030
3074
3055
1138
4665
6209
9843
4387
2137
242
1468
4528
3235
8857
1621
92
3529
3781
718
3481
7105
2179
6693
1296
3123
7692
8600
6387
8479
7922
4488
9861
7349
7544
7351
8366
105
7194
2754
2243
7437
574
6771
7024
5783
4745
7116
5664
4878
7834
9146
1983
6365
2191
3279
9488
9883
1879
5876
4714
6154
6716
4576
9855
612
1927
8221
718
9122
975
9313
6559
7901
6084
3583
3685
829
7051
9349
2060
4886
4847
4043
1251
7038
7323
7092
3273
5554
9320
7988
8060
2388
2564
7915
3001
843
6137
3719
6317
3464
9384
9228
1366
5468
2811
5051
2650
6215
4400
4710
1101
9248
5105
8704
2638
2428
5796
5912
4335
1468
3900
2395
3857
2816
311
6858
11
6448
6929
6329
9912
6313
5557
7630
8133
4721
2681
783
936
3434
1845
2037
9034
6951
7093
1672
5731
9242
7584
66
710
7836
8814
4567
652
9125
7777
664
1925
4706
6993
8189
7371
8902
5820
5505
3623
4853
2640
4559
8287
838
2948
3673
7789
42
5346
9872
9284
9282
6291
6346
7119
5105
914
4123
582
8691
4787
8859
9750
8132
3400
3473
7035
5572
8978
658
426
7971
1570
5065
8809
4518
8739
2950
912
4085
2822
6548
9719
9113
2895
6838
570
3809
962
7504
8852
2101
6363
4954
234
9764
8428
3621
5336
3758
631
2114
8081
2201
7180
6890
3072
2271
6192
3984
2708
5367
6885
2427
832
9780
9266
1403
9941
228
8907
5145
2329
1623
100
8915
1387
4880
8888
3075
8638
9520
1542
6720
8073
8722
9962
1145
7345
2507
1482
53
7874
8367
2480
5058
4499
1746
2813
4440
8326
8073
5937
7008
9696
6037
2275
7435
7269
1164
6862
5908
684
8404
8980
8757
3478
5294
6255
823
7801
4089
876
2027
8808
3357
7086
3307
1455
9899
4099
9782
7972
36
3142
7668
2426
5417
1455
9695
6581
8318
5603
3617
6722
935
8727
6553
6230
1334
7376
383
5423
4605
2411
4231
7962
9497
3890
5769
5748
7989
5551
3721
8025
5045
7741
6803
463
5549
6499
3396
3867
8454
3366
6941
9390
2093
3494
1972
3427
7223
8707
5202
1828
1118
5785
9790
6967
9675
1911
9068
7664
3815
2789
2041
8860
6882
8845
5675
2431
1696
9072
2650
150
2438
9592
5892
883
9438
4216
662
6661
2924
5864
8489
4042
1649
4631
7362
7676
6543
6430
1692
358
5571
3733
5570
8805
8930
1246
7589
626
318
239
7129
9108
6183
9373
9991
1974
3590
7005
8635
6514
2869
3477
6908
870
8108
622
4898
1003
7052
6590
7713
8975
6675
3284
7781
5606
882
1722
2584
1200
8313
6065
6660
4497
5439
3003
6471
9029
8
1458
1895
9229
4935
5155
6451
9396
5778
1349
399
9182
7939
4465
8158
4614
4101
2291
6572
4983
4013
5509
2535
2326
1574
9195
3175
7013
2198
5998
2394
8558
7457
4289
7787
8744
9445
590
8140
5223
1939
4892
757
6230
9357
8915
7196
3458
7558
3769
8441
1571
9278
7328
250
7204
6523
9777
4218
5073
5776
6612
3631
9585
7254
7770
8329
3051
8360
2822
4626
299
4066
5383
2881
9775
4299
77
9585
1857
198
8026
9781
5828
1706
6383
3033
8229
6160
3603
3302
8288
6567
3285
7873
3821
1055
2555
3224
5767
1729
7850
6066
5795
3234
5299
5570
7533
5376
5155
5742
1927
9533
5523
7755
1239
8258
7140
5820
4419
743
5474
2707
3663
8759
6933
3836
6166
9488
7061
1933
7569
4911
4351
3364
8145
9650
5286
2030
1378
6793
7773
9657
2678
9648
7413
269
4259
905
6089
8678
8001
1563
7737
1664
6674
4670
5500
9192
510
8913
7477
8079
3825
1828
7795
8322
7830
9433
6705
5560
2578
830
5218
5256
6830
8983
5525
1089
9888
7966
9767
7889
5881
7505
9553
8907
8527
1406
8099
9038
319
5576
3469
496
3756
7617
5171
7938
3402
1876
3499
5981
2706
8717
1237
9536
7700
3115
626
3940
7433
6745
1830
3315
602
7735
2222
9130
9141
6674
4520
5813
8602
4341
6309
2359
1958
1480
297
5361
9708
3796
1342
2414
8865
8931
8303
2917
8398
5281
6858
5832
2026
8688
5499
2629
6423
7721
8111
1917
747
8983
7730
9350
3324
391
1709
1635
8224
8358
6996
7932
8507
4690
6699
7372
9973
5002
6642
8372
283
3500
556
8661
8540
6055
7642
1315
128
2105
3232
876
1088
7314
226
765
7706
8287
2400
5930
6645
5748
214
1504
6790
6913
8877
6763
8267
1871
1487
4902
5371
8395
9916
263
4450
7558
1578
4579
6016
1163
1807
7104
4829
2033
7869
8887
6672
6621
1169
9669
2369
1384
1174
5511
4649
6403
8627
2917
8274
114
4171
9997
8510
4087
260
9312
7998
8190
243
4014
5705
2050
1118
6887
435
5340
5774
7107
8313
6944
3129
7035
8328
4303
2546
9329
706
1173
8598
5332
1288
2770
5329
6150
6857
1941
1814
4855
131
2058
8869
2189
4108
6340
9076
896
8032
4850
4355
6345
8146
7484
3380
2826
8139
5927
2156
5197
7100
754
529
4740
3524
2210
7242
6734
4151
9057
7941
635
7467
3163
2824
7927
9503
8252
8823
3887
3102
3179
232
1249
7015
9965
427
5155
2244
2583
352
9344
3338
7234
437
3214
9444
4031
6300
3596
9440
4242
4231
6907
7405
3407
1187
3260
1659
10
7147
1113
9541
7379
8714
2909
3696
9142
8064
5940
8077
4768
1637
1415
2002
2074
982
7799
2457
7282
1395
1898
7876
1978
5157
5281
1737
6344
8541
9748
2707
5688
7213
8600
9420
2280
1509
9468
1422
5925
5409
5851
7046
7046
3619
9048
5472
4601
6847
4281
8235
4594
6179
6112
2924
7689
1393
1013
385
6287
761
9444
8327
4327
4397
4099
6607
2258
3568
4381
8184
8977
232
5230
2375
3851
630
4199
4804
3830
8480
3040
4776
1012
5504
4053
8701
6897
5066
5438
9536
2180
1235
4216
6507
5632
8315
9466
7890
8235
3847
2426
3564
431
4008
5939
4283
4639
138
9087
4821
8619
8479
9597
9631
3983
3650
4684
7233
5069
6474
3121
3601
7709
7337
108
3341
5653
9574
7584
3888
9773
10
7453
204
4019
9744
839
5010
6235
6279
9831
4854
4758
5780
837
5094
5783
1873
8679
7204
8347
1800
805
2409
9138
913
5750
1143
6839
3334
1383
2964
9697
5188
3168
68
4933
360
5078
1168
6639
1261
2374
7749
7041
9563
2843
9176
1436
1522
6380
6135
9675
7185
8544
8813
8098
647
9956
1289
333
7691
4253
6382
2880
3774
6450
7813
4134
1528
5333
773
2789
7707
4874
6183
7270
7718
5359
5058
5592
1740
7545
5267
8925
2442
432
3376
9441
6740
4665
6126
4432
5271
2509
7312
5397
8959
1477
9531
488
6810
6656
9629
4517
1530
5812
8139
5600
7524
9549
7545
9264
3446
9164
8189
2240
5949
7917
1681
2689
8935
7808
3473
558
317
785
5955
5628
2262
5486
2468
5424
8494
2098
6293
6376
4262
4432
1977
1786
333
5874
7402
132
5038
1944
2372
987
9861
406
29
8796
8214
3502
5706
4883
640
1661
511
2902
3499
2980
4679
1993
1430
972
8370
2044
1757
6699
183
8442
2573
7585
8574
7611
9529
7299
4951
5743
7705
4980
891
5919
4834
6598
7154
5474
8259
4017
4729
1759
3349
9408
3752
1131
380
8474
3176
2137
5173
3359
580
7746
7296
5506
1710
6826
2805
3013
8921
510
4345
9812
2781
9179
6410
6287
4654
4670
305
9383
2781
3654
5143
2885
4786
5523
1360
4314
4013
2885
4025
945
632
1321
6451
8694
4499
5609
8059
3420
6119
2404
3233
5253
1583
5995
1540
2589
7017
1845
8324
9798
1852
3467
2684
2990
5343
396
7304
5708
3281
7681
3005
265
9002
9456
8959
9854
1417
3370
3274
3889
5774
2859
9142
3710
8855
682
2651
5872
8880
976
5671
7084
795
4707
74
2490
5103
3730
4550
8384
1411
7555
8650
413
3364
3961
267
4781
7332
9894
8670
9458
2753
7812
3168
7960
4847
2172
3833
79
3148
5856
7163
295
6915
7237
9138
8370
967
3688
6754
8730
1244
1756
5495
4608
2070
2115
9389
5754
2009
4412
5212
1114
2224
4733
9075
3423
6905
9260
3502
6405
1468
665
3052
4735
4254
2190
3105
5221
2231
6211
3951
3475
4320
9447
4435
6390
1562
176
8496
9923
4588
60
1037
3165
1145
6464
6588
4402
2076
91
7159
9896
7108
212
4631
1363
8754
7736
2936
7337
3948
3240
812
4620
9039
1599
7362
6953
1776
5858
6876
6364
5918
4265
9529
3416
7082
2470
7818
9158
8913
1330
9055
6021
1542
3686
3736
6648
7775
6673
338
8075
9913
1150
2695
5304
9102
57
2257
878
2267
5485
7242
4537
6102
3124
7953
3184
5594
2124
8695
4507
3454
7750
6880
1348
7788
617
4348
1915
3642
4686
6342
9907
2189
9037
5211
1291
5446
3820
2169
7713
9305
5763
8603
5407
5239
6556
4944
7185
5032
3639
1692
8486
7741
4925
6186
5529
5542
535
3797
5536
5221
139
5443
7410
5529
654
5053
975
826
3574
5041
131
9338
3644
1890
929
6552
6834
8115
7937
6825
9807
6423
4566
1084
2610
6448
2978
9497
245
8514
4718
384
3957
8481
5913
963
3534
3241
1789
7109
8282
8272
2799
8278
6515
3728
1182
9701
1843
9119
6527
8003
1895
1093
5439
857
7541
8418
354
4138
6932
1424
4523
7242
9905
6788
8205
9792
29
6347
3253
4663
971
2404
9293
7486
6132
6828
7188
4328
5947
67
8683
7842
7512
4122
5051
5054
2540
5405
5544
5825
6830
6419
3067
3087
3208
1272
2879
9589
3971
6132
605
4943
4888
6250
2429
1021
3078
5969
1701
9026
6036
6736
3220
3549
858
8272
4955
9751
29
6851
5576
6859
3271
8643
9947
2831
6267
9178
2420
239
1663
9377
5182
6551
5628
3963
7572
8706
6285
5625
4084
8673
2361
7305
2222
9572
1929
3529
9323
1958
381
4899
5170
4
3542
5117
2835
9809
647
1607
6400
2310
985
1582
8862
6613
1898
2786
1671
8183
8412
5756
3208
7125
9413
5431
6697
7694
5312
6020
6004
2045
7271
1174
2049
813
2643
4884
6975
3291
2844
3375
5601
3829
1310
4463
6794
3208
7250
8465
7743
2014
573
951
5491
9986
2734
2189
7680
4399
4561
37
2796
1833
1211
4846
8998
207
6082
5973
3498
8926
5701
5451
9107
7011
9915
5901
6571
3517
4367
666
1883
1292
7969
7374
1279
7056
5915
5311
1455
477
5348
4251
8662
2912
5449
7660
3119
1532
3634
6617
6810
5687
2068
5918
2698
8335
1819
5621
8204
2538
6287
6439
3831
4256
166
1462
1312
6081
3125
9119
2910
8474
9723
1572
1386
5172
5585
857
3056
5571
7474
9867
1258
5894
2137
3956
582
308
9577
5138
9199
2216
7930
3030
2824
8096
844
4137
529
3969
9608
9792
8795
9331
7716
6533
4504
3301
7390
7560
8872
1216
3779
6482
3463
5916
6790
4045
2577
2719
5535
1776
4935
3465
1158
7760
7913
2002
8249
4795
2323
4209
4587
1119
3541
2303
7652
4397
1957
5043
1957
7181
2611
2089
3664
6074
4357
454
119
6934
9526
2007
8710
4461
1824
6220
8573
9738
8222
3174
4533
6898
7384
5472
8017
925
7775
2021
5322
6084
3416
3631
3266
6028
2072
3282
2102
6430
3736
8574
9716
3262
581
4779
4076
2405
999
9001
8495
5574
2176
3028
2472
9560
8500
6841
6837
2628
8862
2159
8712
8631
2142
8330
4659
4215
1612
3113
6997
1701
1687
6713
4963
2268
1492
5391
1026
8844
4393
9521
4418
2921
8902
3242
2481
7402
83
9318
6382
5297
7829
5095
3928
6323
3425
4939
538
1390
8053
3887
3091
9740
601
4406
8361
8445
9798
5739
3641
543
5260
4411
3464
514
7653
2297
4269
4088
7967
651
9386
2148
2098
9666
8471
1876
958
5362
3266
9011
9249
6357
5103
6202
763
9816
1000
6913
1907
4641
7456
3520
9053
7272
4034
3058
9569
8303
7147
3888
8955
2885
6036
1053
8903
4508
2929
9861
6222
2547
5224
5471
8904
6680
8026
9668
2848
9026
6581
4756
19
390
8276
9072
7662
2310
2131
3584
6966
5630
7472
5921
8515
3509
3326
7418
4369
2608
3632
591
5155
8856
2414
4060
5536
440
80
4737
9466
6661
9493
9486
3403
7769
4910
1066
6431
3393
4650
3397
9023
8474
5670
7538
1983
5349
1309
2704
7957
4941
3295
9464
149
2062
3524
5686
2502
9956
423
8321
2970
6268
7807
6373
389
9069
7439
6820
2463
8441
6570
7838
6916
8592
5377
5251
3941
3038
7956
1898
7979
7603
1363
8128
9665
1239
166
2168
1196
6941
489
518
9561
4648
6891
9950
69
4331
3123
2532
9124
9693
6723
6040
8285
8452
7644
8579
1490
5600
477
5821
9555
8192
301
9221
5784
6820
7741
3332
113
4582
3850
9675
5582
7093
9625
5651
7776
2748
4536
6901
8793
1259
9293
3431
9711
6937
2010
7553
8889
8839
3374
8445
3384
3675
4018
9168
495
8111
8852
6961
2693
9054
6636
4627
6147
6261
278
3924
5362
1166
825
4155
2425
6470
7586
8488
3408
5948
6041
8649
4788
5767
3446
8172
9443
7464
3692
6290
1927
8896
3251
972
7950
6239
5599
4097
2501
5878
4373
4215
3396
1550
4722
5822
8021
8661
662
7781
4609
6704
6430
9397
8823
9877
3921
8266
3693
3965
909
5621
2861
512
6593
7163
6752
8545
7613
5605
775
1986
9820
4171
3537
894
6345
7910
9555
7008
5691
4165
64
8473
9914
8887
4702
188
3506
4748
4153
767
369
7015
1279
3314
530
4383
8211
8143
6340
8986
130
2512
3158
19
3407
9503
7929
2962
2863
9972
7127
9279
8445
3394
8167
9500
3582
8025
4248
7735
8792
969
1102
6423
635
1633
7159
8847
9776
3499
7833
6258
6012
991
6277
5771
6847
558
8733
6062
530
2213
5342
5328
5607
9861
4828
9189
7886
5428
3276
3030
6397
731
5805
7032
8716
2964
5879
8492
2816
3713
1103
5180
1056
3732
951
4255
4291
6036
318
4821
8249
2012
6501
208
1873
7681
5749
6111
3109
9026
5493
9506
6109
1298
6539
4825
615
8770
9669
9783
2483
772
4963
9892
4505
2266
4147
5148
8302
4465
6321
2904
6477
2823
3112
4702
504
8862
813
9966
4240
6306
9472
6701
3957
2363
1526
924
1134
1195
707
9969
8320
5670
9861
9177
4288
4009
4325
2590
4826
646
5494
1304
3469
4959
6006
326
173
3172
292
765
5830
6116
7466
6139
8480
8992
7063
5966
6539
7770
5935
4859
9792
5797
388
4080
6158
4713
6671
984
5360
8517
2288
5181
9828
4647
5507
1
4171
2151
766
1
8268
4584
2493
3100
3576
9556
9066
6468
3679
5001
7679
3471
798
8068
7552
6956
2781
575
4293
8141
5444
6581
9675
5273
7580
1534
1626
8103
3686
8745
4457
1954
3329
6950
5054
3258
6506
4120
9726
185
5473
3757
9
2624
1825
3913
9580
959
4488
3873
5452
6284
6807
5127
7909
739
6662
5888
8843
348
4633
3300
8654
4314
250
60
3924
3108
532
2
9646
6005
3760
9655
8629
5585
3568
4562
6544
4408
4787
1997
7044
7946
3476
4954
8686
138
7194
3881
6838
8179
3533
5492
2493
135
1904
6418
3243
2436
6420
2889
4794
6532
8896
3423
2118
2464
4337
5014
3224
5477
3363
269
3423
6840
1575
8461
3330
8769
8694
169
3300
2227
5661
5793
2362
3918
8563
1958
6354
1336
1199
1148
7868
96
924
6338
8912
1613
1353
8489
7090
1068
8758
6866
7908
6685
5327
7591
1806
374
7760
5106
2601
9773
7251
1316
3691
5815
3274
6398
7151
825
7546
5019
921
4822
1358
6186
2788
9063
4675
9878
131
9785
3096
4392
6470
4776
1983
4628
5150
6095
9734
7751
5868
6985
5419
9560
9152
5045
5958
6303
5871
9856
7675
3144
1031
5385
9330
3819
800
357
49
931
142
9498
1675
2964
4274
10
7592
9424
6105
3678
3527
1974
7016
8947
7886
6168
3992
196
8824
6215
52
2851
9360
7435
4588
5042
7606
5388
5400
4008
2671
1894
3506
699
1211
7780
709
5155
7204
6815
8834
7083
5141
2202
6030
3027
8370
6375
3223
3546
8942
9627
2749
8302
7063
7337
9697
1021
2725
5097
5029
1749
3343
8535
2448
4554
2667
3157
9710
9871
6324
4896
3307
1465
7098
5689
4492
1820
2064
4067
1719
7359
3695
4468
5661
7110
1806
5358
8131
883
6807
9513
2632
151
4400
5080
1057
7068
4590
767
3291
914
2015
6598
2380
9113
2288
6872
7286
704
7292
9005
8063
987
3473
77
4449
5279
5435
8932
2515
8595
8445
5147
5098
2846
6580
6155
9914
1170
3275
9557
2084
5290
6156
816
756
4796
4041
4394
5500
1333
3399
9916
2320
6872
9993
3121
8504
1780
2053
1019
375
499
2518
5473
9697
9098
7981
9611
268
1256
5520
8705
2898
1676
5873
6
6472
9914
4400
8325
1247
7799
8241
9919
1024
8234
3040
9528
6366
5094
6899
6742
1945
9417
8567
1642
4868
6548
7605
5136
4156
3125
193
7055
1154
6067
3413
7626
2333
7814
5951
3581
5613
544
9852
2989
5130
9245
2517
1497
4339
5768
8239
2636
1538
3158
4278
6406
6059
8235
7894
215
1360
8088
3622
2514
507
7036
6493
9192
4850
8796
2773
6815
9341
8978
9805
4471
8223
8674
2320
8914
795
559
1550
2333
70
2180
8739
6129
415
6633
6344
8127
1073
6319
642
7932
3355
3487
7125
4557
2283
6250
1372
7976
5228
7529
8800
9803
6204
1120
5069
6999
8032
6619
5684
8102
5151
4423
4231
1918
7408
6927
46
8482
9598
7040
2766
2953
527
9891
3862
9162
6142
1587
7139
7722
9116
5939
3878
1672
7059
8947
5023
1443
1919
707
9545
7070
1482
128
8989
8891
3408
9035
3725
3006
2427
6491
2312
2954
2735
6174
2116
5229
7761
5607
2951
3230
1546
3181
4902
4958
2129
9926
6401
400
6985
2299
7470
8468
2427
2811
7359
5835
8198
7436
5194
625
3927
7506
9931
6662
3680
8400
1891
7794
4007
1195
1024
5554
4376
5926
6864
2857
2204
9617
3257
9190
1916
7080
4010
4344
6243
7721
6531
4442
5157
1725
1419
5436
5583
1351
8451
9264
9751
342
7058
3758
7889
4434
5664
8618
360
8880
7827
8917
8498
1085
4459
414
4517
8469
1110
760
2542
3994
1554
7699
5719
2974
3135
7655
677
1586
6919
428
8281
329
538
2522
4763
2555
1140
1475
7787
8968
6744
6285
6405
1203
3052
922
6024
4162
8034
8566
8156
9589
2617
228
2563
5753
7883
3240
3691
1154
20
8324
7835
6910
847
8950
5817
8339
6777
3605
3659
3522
9890
64
1077
2942
7338
7102
3457
5373
2020
7965
1314
4638
8193
229
6743
2428
3469
434
3582
9841
5111
1417
3103
2310
367
8921
649
3497
2526
4309
7019
8768
725
8096
8063
8064
1550
1520
9789
3571
5837
7455
8209
4031
7684
4952
6459
7505
1738
6394
7346
6849
4163
449
5511
883
5722
6161
4380
8248
6822
1399
3369
3899
5847
7784
1963
7398
9304
8104
969
5141
5559
5530
5524
3243
482
8336
748
2220
4730
4446
5422
8893
1248
933
9776
6970
3446
508
1571
6620
1907
1292
520
4107
9076
8835
1505
4732
6940
8826
6225
8851
4356
1750
8447
1190
86
5547
3410
1168
6346
5184
6413
7594
2470
2542
916
2268
3050
2487
8889
1310
131
9409
5417
9207
4596
3274
3939
1536
8452
165
6740
2808
8267
1539
3998
8353
7086
3760
5873
3432
5297
8638
7378
7767
1180
8295
35
583
7134
5276
1893
7266
1037
3662
6473
5634
3288
6765
3522
1740
6930
262
4548
5197
1801
4898
9902
5240
5010
2127
5024
6659
765
2403
4426
1946
7050
814
8881
4184
2442
774
7802
3480
788
4276
9114
4076
1041
2636
5816
4323
9251
6716
9520
1052
7966
5774
2644
9328
7901
7669
5988
8666
6424
6766
6964
3474
3932
2197
7658
6375
9323
5461
9855
111
6089
8969
4187
3482
7957
6355
7805
7208
9423
3677
4613
7389
5803
7257
6718
3704
1278
9058
8722
7702
5824
2039
1176
9757
4236
5187
6132
3560
648
2339
23
3089
1308
563
6571
5617
6918
728
2826
6342
4405
7439
83
208
4696
6801
264
2327
2211
5338
29
8036
3729
7558
7793
7966
2745
277
7878
3393
2616
7901
6482
276
8464
9405
5893
1735
133
5071
8077
4538
2510
8160
1098
3559
1314
7714
5886
3525
3052
2267
7913
6782
9825
2058
1100
2570
8687
5330
5963
7655
9583
8797
7931
4400
8202
177
6135
4687
5248
564
5577
4111
5076
6675
7670
2742
741
9908
6268
146
2175
533
3280
2001
2592
4380
4571
1279
6062
6887
8935
5645
2036
3218
45
6591
9747
6180
1278
1348
3096
6856
5459
8173
9883
3129
915
625
9389
3535
771
1564
4069
4051
3565
3013
4783
4489
644
845
7728
9579
2842
9764
9150
2888
6355
8897
5420
7634
245
8517
4490
2056
3042
725
1537
309
1350
926
197
8473
2491
4266
8876
2408
3631
3659
3249
4275
856
977
207
3699
742
9357
2939
3449
4606
8359
7435
1204
3228
8277
3260
2622
9003
4798
2932
353
5724
3129
5179
4567
3747
4055
6976
3730
7715
6577
8005
4923
7555
4564
8622
4649
273
7913
4450
4880
6273
1886
6084
5853
163
9344
4828
9166
494
7760
5872
6219
7241
1051
786
7340
5106
4114
1070
9173
692
5427
4097
4599
6344
9071
5600
6617
6985
50
7849
9610
1936
285
1815
8452
5982
6643
7618
6476
755
3490
2695
4348
893
9834
1688
6000
3948
9110
5173
992
890
5622
5591
7234
4694
7543
203
1679
7594
8053
7641
5882
4690
9456
4334
672
6100
8305
3501
6855
8147
2548
7556
9041
2382
9244
1393
2683
4707
6566
3675
5597
8541
5619
9183
3235
3162
9386
1266
7108
3791
8907
2991
4834
4715
7325
5506
815
1982
9007
4023
130
7908
1579
9171
290
7175
564
2973
1882
3482
3001
3831
2023
8620
3014
1610
8134
8753
9228
5243
8896
4487
8234
3730
9203
1911
5589
6370
3894
948
6745
376
8856
4676
5899
9147
8204
6463
8472
6438
6297
1473
270
4673
6445
9636
2635
932
8389
1864
6175
3638
6351
761
7368
1906
9024
9309
4629
2918
258
1374
9646
9114
2403
5545
4613
607
2008
9438
7045
4658
7263
7315
5683
3709
3304
8318
4641
8045
182
7168
1683
2886
7929
5404
1144
6953
4713
5773
6224
1323
3500
5870
6790
5903
1416
1403
6510
9776
841
9907
786
8105
3575
6469
8166
6879
1140
9159
4924
7674
2679
2960
6912
608
8364
8057
3913
9429
182
6489
753
3682
8712
7543
9585
6480
5298
2447
2608
2492
2355
3395
6949
2282
6216
5115
9161
7356
626
437
1383
3305
3397
8295
265
8113
6352
4178
7543
6535
7020
8296
217
5732
2191
6155
8564
7489
4954
1172
9981
3661
919
6930
5943
3488
8397
5104
7196
9023
5542
8579
8680
5291
6875
8945
3405
9579
9476
7300
2466
6496
1948
9036
8580
4139
5191
3496
7980
6497
4668
7962
159
1940
1244
6102
1780
5994
7559
8976
5017
9453
7556
3698
4744
783
8995
4501
6714
8471
1801
9181
1319
3749
8217
6251
7888
9760
9747
5869
6257
768
183
6416
2708
7779
8871
4488
3773
6430
9816
5143
5883
3724
5193
627
4507
4188
1481
1222
2660
3282
403
331
7032
4972
6583
1272
4732
6330
3493
989
3450
28
3758
2510
7808
2629
3350
1581
9059
3167
6724
4942
6891
1917
1921
7751
2458
3402
5325
1470
3037
2080
1801
6421
7052
8384
4045
1784
1067
7539
9125
4517
3919
2883
3380
1727
5512
6730
9661
4571
9897
2737
5865
3141
1007
7787
892
3465
7541
2569
4935
6930
4649
6736
3351
8053
1473
7397
9837
8892
1288
5314
9761
5207
8198
3141
3287
3710
9872
2948
4634
6121
5685
499
9262
6692
4638
6506
6509
8532
5427
1444
5462
76
4533
5166
4481
2358
2563
670
1250
203
5985
7363
5410
4183
505
5049
7893
6729
7997
2527
2850
35
9379
8465
3079
4017
1323
9589
2549
3103
1033
4364
9531
1918
9530
4013
4276
2093
4683
1878
8648
668
9242
410
4851
9747
5460
9097
2828
3457
7976
2030
9844
3707
6847
2924
7725
8171
2513
6626
7626
9898
990
7157
1817
520
1170
2445
8965
5854
4324
7613
2874
3566
8024
7726
9665
3484
3175
2493
3293
7503
875
3138
1211
7723
6062
5288
2246
8575
1914
9872
4825
2905
7029
6642
3425
8200
5440
2391
406
9764
4
3280
9682
8028
7358
9347
7864
6885
8192
1158
4389
9067
4296
1952
3142
358
7240
5388
5285
9154
1612
6462
2059
8642
9457
1837
3194
4897
580
9952
4661
584
3232
4343
4965
591
42
9181
3828
8234
339
8217
3653
987
169
6796
1345
3761
8536
2982
2916
149
5797
1327
5143
5254
3164
4689
151
96
4641
4812
681
7873
5507
1998
4816
5549
1179
8645
135
7871
3214
3788
8858
9736
6936
6556
3497
5473
5890
2765
1974
1687
4093
7117
6941
3609
8158
7092
3706
2799
8256
739
7024
3763
9089
1841
5664
6620
6838
5799
4491
6404
5940
9702
6140
2876
6258
5990
8349
2148
8755
6675
188
9200
144
7129
9162
8302
574
9220
1101
8830
9959
8126
8946
5400
6319
962
2020
9509
6762
2864
5913
2702
8918
8406
1930
5176
748
6632
3676
9503
3307
3864
5056
3452
7346
4218
1754
7920
3438
2856
3102
9749
7334
8400
5149
3653
9363
3521
9514
2477
2737
5427
1531
1655
185
3461
3183
933
93
6860
6789
9753
7076
1845
3205
774
2415
1311
5046
2205
519
4501
1954
7853
2901
3455
7858
8616
3328
3724
7445
6066
5504
8976
7721
5689
8790
7257
2975
5235
4117
9764
4988
7545
7961
4545
4672
6728
5857
9718
8933
2728
4219
887
6934
3473
4342
4792
8441
4022
4869
5887
88
373
1215
4162
6062
5
1419
5389
5241
1888
1505
229
9433
9466
1127
4105
6194
6984
176
5127
6064
747
2366
2998
572
3060
4143
9014
7083
9012
1253
7171
9385
2468
7685
1799
2474
9104
7189
7715
992
8694
4296
6778
4513
5423
7235
7059
8759
3763
8539
4824
4511
905
7822
5083
318
1965
449
7401
977
1702
924
6714
4171
8610
8514
2997
4066
2055
712
1411
749
1360
4541
1614
3136
1776
8674
8247
1892
7213
3071
6403
4470
7246
7838
4788
5563
4640
8541
2893
6342
9466
9607
6865
4428
8121
9862
4846
176
6926
6257
7278
4639
7150
8892
7775
5279
3918
6022
7171
7483
5446
9926
1954
2692
4116
3094
4607
8756
1636
7500
1451
7454
7108
8316
8234
1581
4531
3080
8110
7809
5690
1740
2448
9192
6984
6575
4471
903
2598
1642
4738
4396
1568
6692
3440
5685
6139
8047
4441
7775
5548
2244
1581
9008
6913
9815
6941
1444
9247
1403
5605
1289
3143
8054
482
128
981
4953
7383
9931
6596
2121
4327
4516
5166
7767
201
1305
2167
995
5432
7715
3239
7013
3075
152
6828
6368
7948
2427
7772
9906
3717
915
4312
551
7395
5293
5504
1130
5225
8452
3252
9552
2969
4770
3672
9522
6075
5839
517
1507
9906
109
8520
9333
6613
1700
5701
914
4127
3473
820
4196
741
5132
4747
4488
6777
6604
5619
2002
5056
5223
7907
4377
9993
1579
3900
6068
3770
769
3927
3676
878
8799
3009
3844
499
5062
4758
978
8536
1930
1527
5629
3414
6274
117
191
2878
2088
8546
4287
7311
6453
8664
3656
4384
2564
6076
4506
9686
3
8182
564
8802
7543
760
5653
2605
1870
2984
7493
3800
4511
9474
3566
785
5944
110
16
8032
8656
4303
5344
1461
9319
5352
2197
1884
1429
6703
7922
1432
1237
8486
6587
5132
5599
2240
4089
7469
1576
1583
7622
6087
7409
1188
6873
3353
1298
3241
1386
6306
3896
3082
4119
3215
8434
6316
1451
9863
9371
9373
7648
6960
4212
4235
2092
9811
2827
6182
7280
4404
4117
1254
491
1526
2443
3716
4880
93
3309
2618
2752
7205
2052
6871
421
486
9540
1872
6702
5263
1246
702
2224
5458
1289
4316
1621
4116
498
8901
4872
4615
156
1716
2494
8951
1784
7374
5396
5094
6344
4500
2299
8396
1372
2720
5234
7264
945
1936
2527
2191
8990
1103
4001
279
1772
5622
748
2270
875
5620
3238
7383
3688
5732
6334
5473
9458
8083
6919
5802
2583
5570
4198
307
8291
9432
3923
5588
7721
2803
7779
3063
3906
8132
3343
5678
3754
4091
4301
4629
6063
3891
8365
6104
9623
1051
1577
5433
9134
4848
1235
8070
418
1785
8377
5061
7569
8653
649
1642
1456
4780
4706
5362
2912
4401
7393
6666
8492
1694
7648
907
5585
6013
7011
1560
7064
4940
6993
2551
9788
4580
621
6559
2717
5350
1620
286
4003
2270
8281
5459
7050
2987
7174
9963
3740
4567
2981
8584
2613
6981
9491
4550
9346
6503
6110
2763
7795
9455
5314
7584
4035
2287
495
6752
3989
2115
3390
4345
737
1671
6156
7788
1010
9682
4103
4750
601
3436
3334
3214
418
2826
7764
6116
5681
226
8879
3476
9681
545
7412
68
9184
7907
3172
9526
6375
6563
3871
7112
4586
6379
1252
5597
6062
1707
6699
6663
5144
34
6230
1914
9212
346
8030
1245
6925
3262
1073
2958
159
4838
3027
9344
2745
2551
5222
5472
5466
9093
8937
53
1824
189
2002
4238
1897
8701
7254
3393
5087
3484
1659
651
182
6041
1896
7107
9303
2970
66
9463
7808
9445
5159
6905
8348
381
8730
3815
5826
7667
3868
7650
7856
2222
1889
6105
923
5495
5850
2363
8979
7509
3014
5513
3551
4911
8973
2854
4233
9039
8669
8393
4836
180
5298
3184
561
380
6999
2739
8047
7219
6742
2256
5793
4983
8361
3069
478
4212
5432
5809
8073
8446
1322
1624
9709
295
831
3942
5686
9500
2335
6874
6033
3986
59
2946
4366
3410
5686
8766
6982
2428
1022
2775
7411
5735
5844
4241
9947
7628
50
8021
6075
1372
5997
2136
8020
6828
6079
3706
2681
4766
581
8714
5104
6992
1660
5823
6754
7346
4589
3736
6126
5611
2864
9889
7698
5060
4130
7646
2689
4180
2019
8764
1905
4368
7252
6277
1197
3331
9983
3878
4450
6916
8944
5906
260
604
1729
7015
4303
2670
7103
6781
4633
9967
6671
2332
1380
7153
6330
4069
1334
4701
9185
9591
9069
6437
5868
266
6121
2203
496
6923
5472
9440
2829
5732
6397
911
9099
700
3581
6203
7481
4567
2522
504
3251
3902
7658
9581
7971
5344
634
3508
4935
9703
9946
7155
6322
6067
9358
3170
2990
1182
2611
2171
6915
9008
3082
2366
6060
3016
8569
9893
3935
7444
398
7186
1346
8056
6767
5670
3400
7401
9178
4687
3456
5476
1842
6130
1543
7552
9301
885
5087
8264
3057
2002
3624
2491
4368
9684
1859
9290
9577
5794
6734
9975
2980
4432
4383
6099
6454
7783
9852
5633
8822
3309
1109
7016
9439
9005
921
8740
6242
6008
3356
5651
8010
6980
8143
8730
6664
2
4372
2594
5797
7458
8921
5129
1891
3305
1229
8345
7440
1081
330
6263
742
7792
3279
182
3149
4200
5274
9391
208
8631
5043
4570
5611
3186
9653
8628
9540
377
1222
1689
7836
6495
6819
9727
9800
8048
4424
3593
5481
4755
9856
6224
2547
9487
2758
5696
40
8032
1439
6600
3015
6482
7523
4979
6020
3528
9959
1913
3905
7533
3602
1741
4028
421
7820
3829
4821
2245
3774
303
3352
3630
2879
2251
9469
5637
4299
5861
21
5738
8814
3037
8573
6337
4368
945
9865
4327
2858
122
1860
2813
8216
2240
9586
2388
6069
4408
985
6195
1063
4337
6177
3942
6588
5647
9579
7239
7860
9600
9330
6674
8989
7903
3011
9709
8848
9228
4036
8059
5703
2248
872
3919
4489
458
6307
6910
1218
7293
3106
2281
7982
9283
2575
923
1282
2154
8162
9143
8107
7492
2169
7096
1747
5181
6806
6948
761
7194
1359
2816
5795
2231
3087
284
9041
9395
3546
6612
3040
6652
5245
7374
2288
7821
8297
9922
9975
2812
5417
8082
6656
7587
1531
4756
9120
4689
1704
9881
1883
3063
9050
7678
1646
2137
4314
7039
7884
7861
3651
7276
865
8897
4651
9505
6718
9300
9428
3045
8464
4845
7480
5121
2432
9011
9877
1552
3700
7933
7786
1935
996
6836
5966
8994
8973
280
6033
6858
8141
9685
4134
5359
4934
8785
4864
8004
4438
4292
7401
2902
5490
4881
4375
7922
244
4252
5827
296
8537
3613
2232
9533
449
8198
8527
5774
4830
913
2632
9324
6950
6767
4683
1884
1904
5899
6240
6342
6544
3641
5597
2034
8523
9972
6308
5119
577
2135
5416
9114
2100
4000
5000
2549
8550
9879
4676
3380
792
7308
9056
7742
427
3739
5978
8684
5991
2218
1378
2535
2212
6975
921
7087
6948
3581
2206
7525
5717
3974
2991
4169
7974
7991
6719
6524
7871
7747
6257
5015
5055
5313
2758
1835
5405
5088
519
7748
3659
1897
283
5871
8873
7556
2958
2173
1137
1516
6050
3206
5491
5393
7376
9817
3385
447
6342
7608
8194
8951
2623
3249
616
1733
5084
2373
6822
1955
121
481
3853
6756
2704
9078
4312
2014
7603
1802
3530
5
5008
5373
5398
2384
5191
8783
2831
7885
6391
7377
3188
5367
6979
3804
7100
2063
6178
3922
371
6299
755
4224
3056
3459
9654
3720
1825
7257
5522
1708
7262
531
7081
2660
9267
8624
7796
8451
6509
539
5828
9697
5906
2807
9854
3007
1223
6032
6929
1594
8683
4037
2170
8091
3848
1824
8164
5674
9081
3686
7382
2695
569
815
5355
6189
9440
3151
4640
5949
3691
6820
1999
9597
9628
1853
8956
7203
4237
5886
8797
9272
9923
967
3716
3771
9143
1880
5797
8224
1918
3179
919
2488
3995
2626
5029
9787
2130
9669
2088
2173
6489
4087
8122
2469
2292
7079
9672
2881
9317
4821
2154
9240
2140
2222
9363
1283
4102
1513
9507
2372
4692
6778
1212
5039
9405
6241
1178
7887
5910
3267
60
8752
7354
8182
7573
5999
1613
7246
5232
930
8419
7386
6522
560
5960
5886
1843
62
3751
7703
2435
8443
4481
9999
9835
238
6241
1013
8125
8503
632
4537
7255
4339
9072
4829
338
685
8427
5570
1616
6846
9309
8138
7406
5269
376
5602
1684
4127
3305
471
8923
4138
470
8758
729
6711
6123
5206
5215
6756
9744
8822
1095
8816
3
7785
9501
8430
9707
7469
1629
9016
5608
5387
638
5984
989
8674
112
646
9145
9035
1137
5967
4145
8218
9031
6620
3424
4246
9728
9520
9420
823
4688
9424
4960
4190
4206
4668
8011
5835
3684
3619
7575
674
9604
4916
9348
6068
5563
8493
1455
3052
813
5600
1270
9844
2220
4694
442
8301
567
9862
9124
5255
5638
437
5797
9845
5105
3809
2032
5141
7428
5959
5816
3384
876
5164
9452
2791
10
907
5843
823
2859
3465
667
1432
8159
1109
9733
8726
7323
5209
334
9314
5646
6131
5511
751
9940
7543
5893
7369
3503
8061
753
731
3225
6558
3522
9587
3817
9365
410
6677
2830
7429
8109
7341
4890
4194
2420
2214
9403
2754
1528
1402
8885
3391
2153
8826
934
4398
2547
789
8811
9652
7872
2037
6210
1394
1624
6380
7111
8387
3057
6293
5816
7518
3635
707
1712
2407
9273
7467
1513
7153
8869
398
544
7375
5576
7830
8125
4475
4972
6937
4128
2844
8974
6690
591
6950
3070
7702
1689
2479
3996
7506
9997
3983
4565
8061
6390
190
5529
7903
3695
4398
4653
4239
8125
230
8421
6251
1057
9745
3188
5185
2590
8514
8228
9533
1816
7650
7235
3506
130
1231
7364
6479
5214
1929
4541
7956
8471
70
5859
2166
820
513
2757
5298
7095
1178
1549
4504
924
4737
6042
9866
9603
4270
9399
1419
1920
2986
4925
8402
4218
8641
4882
5784
570
9423
3741
5393
5845
5952
7559
3017
2817
316
8315
6264
1495
6216
769
8771
953
6811
4989
6908
1081
4388
8328
9353
7374
9605
4108
7944
8247
8990
81
5169
4765
3822
563
610
6126
4474
9979
8944
4791
8295
5208
2638
4511
5977
7761
1817
2788
2750
5077
221
3490
3405
5927
7216
9363
35
5161
7610
9025
5242
9131
142
5416
6046
752
1542
521
7083
6838
5312
1730
2047
4302
6242
8024
2063
4411
7165
4813
9488
7386
4655
9246
3313
1871
4961
9700
7032
8923
5077
8626
8054
5219
394
4101
2323
8289
4622
9407
5127
6286
1137
3526
588
3731
1551
2651
4494
5068
3816
335
8806
8471
9581
8472
342
894
8172
3727
9817
3250
8705
7871
8469
5452
8324
793
3741
2946
200
5220
9232
7689
8747
6172
1421
6650
8823
5915
1718
8991
6250
524
3814
2183
8996
509
3077
3521
4236
2894
6771
9293
7118
5240
4745
5442
2385
4838
8389
8937
59
3973
6627
8806
146
8048
1808
5321
315
3526
665
2918
402
4479
5101
5751
4988
4531
9272
5576
3777
6043
4870
895
7635
5967
6338
6373
806
1079
5310
7217
1404
1937
2375
7902
6337
4183
9576
3005
4061
6593
5923
815
7424
7376
6566
2413
1907
2190
4341
5685
4585
5563
2932
2221
1531
5622
4946
8689
3053
256
2258
810
8546
4633
8712
1235
5168
4640
4240
9229
1233
6515
6396
8658
3892
2963
7423
2151
5153
1764
7836
9739
3680
7121
8312
5211
2743
9610
252
2149
9866
2510
2959
4764
3495
8023
2352
8663
2664
6592
4244
249
9460
640
5259
3352
9955
9034
5503
1461
7151
9692
1200
831
3165
5864
2394
5908
5474
2646
4409
1692
1508
7368
2809
5003
5392
5161
18
4408
1753
4262
1009
1213
1254
2621
917
1210
1655
2773
2671
5158
2465
223
5989
5630
2439
8383
7890
7913
7381
2300
5957
8889
6020
8766
244
7764
3927
262
2172
2033
876
9534
9598
2131
2155
516
9693
162
3289
8716
5321
2106
8939
7662
7736
1378
2398
1978
5643
9779
630
1600
5021
6651
6719
1617
4415
646
8232
2940
9031
9108
2474
8630
7591
981
5498
3636
7495
8787
2352
9168
7245
1291
6831
1333
9021
9229
3311
1016
5360
3942
8969
6733
6945
5688
8351
1360
2686
2935
4300
1718
2043
3126
348
5987
4107
5846
9623
1603
985
8328
771
4582
5971
3954
5915
4993
3183
5578
6009
4896
5872
4978
1629
2817
7018
6332
4178
9705
9267
4830
1423
7663
7957
8123
2
2064
3969
5977
19
1306
4305
7143
5888
277
1097
1803
1622
633
3733
3983
5529
9606
5314
3510
2423
2332
6195
2953
2037
1814
7784
3460
5829
5741
7935
5831
4157
1904
8161
4177
9562
8818
1320
5450
5447
8769
3605
7069
9402
7339
7405
1283
3297
2719
1146
5720
5051
7341
8674
3441
5507
6458
3253
1337
8551
1189
3520
2708
9445
1681
3237
9008
6852
909
810
2299
9679
4416
5721
9081
8107
3126
6717
1404
5845
7863
3476
7248
5204
8502
689
7063
4960
3943
8400
9863
5132
8273
2572
4577
6306
5809
9937
3158
6719
748
5458
2750
1516
1179
8183
5975
657
4900
3731
6502
2763
7207
3750
4319
5710
792
1383
7022
4735
6135
6886
6219
4408
9458
7148
715
1619
7086
225
4690
4186
2035
3792
5702
9566
1976
1677
223
6876
5408
6725
9640
8967
6828
311
4677
7620
1694
1700
8707
7830
4938
1278
8590
748
4778
5657
8719
8216
5883
3410
2402
4270
7202
8104
3837
5530
6133
4060
2407
1541
7138
8399
509
3966
8710
1538
7938
405
9590
2997
4587
4528
627
9529
5276
5405
1539
3996
3622
3774
3758
6024
8044
7312
481
1881
2843
6614
5942
5250
4508
9432
1
1369
9750
8711
9259
7688
5468
8850
7037
6407
3378
7664
5937
5007
9421
7476
5355
3043
1250
5465
5420
9294
9129
5901
7528
1972
8867
9822
3574
9727
9254
3575
1096
9004
8639
356
3044
4107
5558
81
515
5288
4097
2804
6647
3518
280
2002
2914
7882
3819
8334
3528
2949
587
1056
1273
9454
7230
4848
5534
6484
4775
6630
5488
3414
3338
4884
3874
8896
1317
4389
537
5414
7193
7184
5285
3825
9187
8199
8059
9358
2885
7939
2307
3472
5348
3581
9278
2578
4781
4812
9063
5908
7795
903
9323
7485
5788
9549
2734
7105
3938
3271
8872
7483
455
509
7660
5994
5060
2071
5353
7945
10
4012
7769
5358
7593
3399
4289
8726
4564
3352
4635
8711
607
310
2548
2747
9859
5282
6205
149
8553
5077
3984
5361
1938
7996
1355
6998
67
3060
1295
6429
7073
5416
8140
4666
8815
2429
9745
9731
5781
4380
8442
2740
4690
991
5488
901
2625
1693
7402
7531
3122
1386
2892
5060
9382
599
8410
5801
3660
9705
2230
733
5121
370
1751
288
2799
1496
20
4932
2228
4814
4025
3270
2157
9513
4171
4783
7558
1573
2314
680
2959
5206
2092
8693
5805
502
846
5817
6559
9429
6550
1680
9799
4654
8320
8951
6150
4692
235
4731
9507
4260
8001
1664
125
2173
6447
7683
98
5113
8363
9410
319
455
8103
2477
7309
5302
8294
3868
4731
1197
1900
4530
2203
221
9833
4705
4913
6421
9436
772
681
7438
8789
807
9611
1588
4842
9709
6702
3206
9119
3373
13
3575
5850
7323
8877
497
1191
3608
8046
3092
4490
249
9665
676
4954
930
7097
4391
1703
4130
8181
492
1289
4144
2080
6132
205
8782
5690
5677
2156
5703
9252
4358
9378
4481
1207
6922
4441
5605
6366
8931
5854
6031
5959
7161
6961
3056
7904
5016
7187
6085
5508
8476
229
3941
960
434
2723
6650
6111
1231
8706
1715
1942
8084
2548
3149
5006
6989
5107
1372
2273
961
3755
8232
4474
7069
7641
8730
2085
1180
4815
3946
6008
1396
7887
6969
8183
6962
3619
646
4546
8677
8714
6488
6762
1262
5989
8120
4604
1096
5845
6877
8410
9600
1461
2884
3021
9102
1615
5107
6634
2782
9053
2643
531
3292
9612
8714
254
9583
5712
4800
8261
4426
7640
5023
2041
3630
9495
6645
1078
5340
9874
9488
1293
1335
8725
4314
6790
6692
5773
3424
9474
1178
6067
6357
4470
2031
1423
1077
1615
7136
5877
6228
7914
3518
1251
9955
3500
7098
6600
4578
2439
6474
419
3732
4162
9144
4398
7304
5836
172
7080
1662
1350
3148
4372
5821
1531
5795
6898
3146
2931
9127
5726
846
8997
3329
801
8849
428
3754
3428
2867
6580
199
2951
7094
9343
7349
4398
1531
3873
1479
9545
5224
979
3917
7397
2510
9713
647
2009
8996
9774
7735
9842
5124
1065
6996
3973
7845
750
3753
712
3682
3952
15
777
9647
3716
1527
7530
7590
3006
7076
9166
337
7345
2915
9200
3410
3562
1209
2407
9688
5296
2249
4812
2713
5597
5138
558
2699
8891
7622
6382
9196
7637
7159
8843
7706
8686
6374
1648
8045
9802
814
8382
3499
3729
7582
6910
7291
5143
9317
3331
6792
7918
8144
9505
3516
3282
6416
6215
8525
4038
8949
7721
8028
6108
2917
2086
1147
9291
3734
5544
5445
4548
278
8944
4629
4213
2206
8272
5708
1523
1603
2500
5794
6099
8358
9310
5733
4774
1877
4259
5164
827
8332
9544
3287
1249
7982
786
6892
1716
6330
2337
2616
2961
7634
7245
7174
9840
1869
2882
7716
3473
1735
3510
5924
93
2820
1658
1219
1049
5917
2735
1876
4249
8632
1516
1851
6614
2302
8743
8331
4985
1081
7299
7946
5067
4545
1472
4907
2766
706
2623
6239
2441
6133
8516
8886
5305
174
6457
6355
6091
9193
4583
6692
4177
6099
8543
791
8402
7287
5474
9739
4720
2774
4037
9787
3671
1861
4694
2789
2567
3670
5381
1361
6155
3897
247
1461
4071
6705
4168
6514
2250
8751
9558
2779
1203
8102
3570
5957
1741
5397
5696
2813
4523
6085
2600
4546
7946
3646
7335
513
3668
2716
8226
9824
2965
8474
1285
7036
1531
1805
3550
133
556
3109
2912
8111
7563
2834
4068
5656
4583
6116
8469
5458
2201
7421
4
147
1067
3692
7013
1088
2760
5239
912
5726
65
8549
9114
7948
354
2665
8081
7262
2126
7345
5374
6041
6532
5794
1697
1115
1911
166
6574
4112
7587
2930
612
5006
2974
7625
2446
5735
2864
3358
7813
2930
8259
6927
878
8613
5944
5312
2228
4422
2657
3954
463
9189
9748
8512
6657
8011
5030
3231
8476
8969
2513
9088
328
5488
6713
2774
7575
9577
6133
1740
8859
744
5019
6090
9358
7316
1402
7938
1738
411
8244
8554
5953
4344
7066
2610
2356
2097
2193
832
1066
4706
9920
1394
6546
2985
521
473
2562
6654
2213
7774
7398
7233
3864
3108
4549
1618
7398
2639
2029
5642
7545
7982
9987
4612
592
8695
3061
2785
9527
479
3844
5799
8226
6742
8784
8747
7216
7698
1753
9429
5472
5503
6662
5688
4964
7563
7306
8714
6555
9336
4357
4100
3670
696
5064
4263
9391
8125
3400
5270
4957
3596
1069
9535
339
6205
8282
7555
3903
6387
6984
5728
8242
9999
7768
3206
3914
5075
8273
469
763
2630
4570
785
9678
5986
1400
5421
4112
1153
691
5421
4749
8112
4956
1440
4317
9590
8995
4572
2329
2332
6652
571
8683
4421
130
8949
5848
8403
9419
2963
7385
341
3748
7063
2679
5149
2484
3143
6302
9527
8564
7403
7639
9872
8844
8308
5814
4191
9232
8143
6523
2237
5067
1558
6658
1549
508
8858
9952
6279
1821
3689
2972
1921
7104
5651
7070
5940
8795
9724
5467
3711
7128
9458
3584
5972
4118
9398
6515
9702
3894
3039
1939
8961
949
8597
510
7809
3807
6814
4088
5628
6855
3412
7550
3959
5416
972
6251
4211
697
8070
4274
4177
7528
7858
6501
7998
3609
3016
7700
7503
2407
9640
2816
3357
4589
3326
1166
8397
6492
1607
377
3347
5019
4279
3658
6787
5252
9909
7350
2301
7979
1625
6478
1859
9483
9331
6209
9444
2347
3909
6947
4755
9901
9763
4464
843
9441
5630
5592
2285
3589
5969
1984
4961
6601
5642
1748
8205
1903
9099
506
6234
724
3336
4445
6559
2667
654
2356
1366
916
9303
6121
817
5419
585
8012
1212
2568
3604
3498
2509
5926
5482
7470
8879
7477
5571
7084
5732
4670
3942
1967
1746
7278
2764
4657
6297
3419
7013
7663
687
2669
137
7856
8088
7074
5869
5652
9642
5825
9150
8504
1751
985
5974
630
4814
1545
7714
546
2567
8008
8865
665
5286
1630
5323
7935
1401
2336
1951
2088
1357
2088
9944
9445
9162
2165
1450
5157
7991
6952
3661
9742
7937
5987
6725
2751
3885
791
9650
6452
8800
8515
3470
438
6497
8793
8374
7898
7481
6677
6338
8839
8765
2635
4636
4279
4800
6086
5788
2791
3039
5801
8886
7328
1789
5611
6432
2026
6402
6082
4830
1554
949
8300
1993
7447
7093
6719
1697
927
9748
8036
9766
8513
671
4402
9144
5471
6841
4933
4615
9880
7086
3501
7208
5227
9112
9992
7253
1866
6074
2084
9773
7024
384
8118
823
3830
1189
2520
4757
937
6908
875
5802
7579
5277
4946
9403
8470
6231
4018
8350
3318
3871
1911
4897
9335
1903
2151
7553
4330
587
7326
7706
7323
5444
8529
7505
6633
7401
2262
3922
4310
3137
9724
1889
4767
4671
7644
3237
7254
8014
7940
6924
1885
6203
1822
7572
8106
325
5126
8788
912
2452
6494
4587
4249
5023
2093
7234
2425
707
1157
3087
197
881
1328
4964
1904
8973
4553
9159
3339
8845
6083
1577
5048
4257
9149
9507
4582
4275
8295
1846
3080
1142
6434
7329
2517
4879
4563
1294
5586
2072
4381
5783
2954
5710
7099
4858
1035
1653
369
4374
498
2805
5951
1899
7062
1453
1406
1645
5728
9701
9843
8808
7195
6277
2489
9713
1156
7053
1007
3095
9125
5389
8878
8431
1099
5978
3290
8486
7631
11
2860
4481
2816
5164
6380
9879
6617
7786
7876
8697
3840
7719
7506
1035
3997
9995
748
1505
3400
8108
4600
8878
3497
9831
7309
948
5809
6951
9434
9792
6963
2294
625
6131
3810
7006
6010
6779
1144
3886
5477
1336
7958
9335
8724
8307
5682
5824
9812
5435
3932
765
4313
7429
596
7974
4729
2757
1278
4163
2549
4593
2810
3174
724
6620
6532
6735
3400
4029
6973
8877
5365
4931
4564
4089
3238
246
6266
9403
5681
198
6520
6346
3980
3468
4321
8709
6225
5599
2873
5126
192
5683
8300
916
8655
1185
4003
8407
5214
7329
3636
579
2260
8200
1021
1851
8447
7287
7606
480
3837
4126
6827
4169
7594
1148
2879
3819
3099
2104
8945
3291
4139
3597
559
9146
1134
4563
7554
6348
8244
1190
3280
504
9391
653
8707
4190
4292
6313
4670
8129
439
7849
8651
4385
8997
1530
8204
8448
9986
3501
1739
477
3451
8651
5975
4585
9566
3529
7286
7810
4720
566
4666
463
1219
3374
1005
5511
6039
5675
9992
6479
9877
8643
864
5226
6525
5421
3675
2863
5274
1766
3340
5077
417
9316
9663
9983
9197
6949
7793
269
3867
2460
7084
5086
2186
8089
597
8225
117
6941
1056
9994
5585
8273
5220
2110
46
8895
4974
5320
662
4666
398
1079
334
6413
7415
9532
9714
5208
6153
3581
4020
3238
8667
2558
1327
5616
784
1444
2557
1840
1438
4494
6465
3011
6605
6511
1906
7931
1832
2568
2597
8582
0
2932
1347
7415
8816
1061
8975
4969
4642
9348
8207
3309
1906
5887
5277
9042
7331
4186
7235
5122
8681
3700
8133
5286
212
6391
3217
8396
8960
2166
3330
5312
1450
4677
9079
266
5738
4406
1588
6732
3754
6147
41
2013
2034
1670
7407
5718
5856
4642
840
4537
4695
5325
6175
4907
1716
9392
9655
7028
7911
9337
8692
9361
366
7771
9628
6104
2178
7568
2836
2284
3715
9229
649
5750
7251
8057
1468
3107
2699
8660
7645
7394
337
3820
8653
2053
9565
4660
5434
7476
3997
4126
3189
715
1898
2817
6819
428
385
6007
9064
453
1588
9714
6203
8839
7771
4023
8299
6822
9035
2296
569
9372
2468
9222
7777
8385
235
3211
5861
584
7338
5403
1300
5588
8220
4471
6016
4958
6831
1432
5411
8419
1146
7966
3611
5269
8341
8262
8444
7376
558
9013
3100
3026
8235
877
1412
4822
4089
3625
5407
1427
9028
6707
3367
3601
1178
9383
4911
8009
7167
6674
2781
8314
992
2744
9935
9333
1006
8379
3061
1564
7392
6161
4590
1980
7038
2354
6802
1127
5980
8561
8906
1360
5268
2273
4961
6447
8008
6224
808
5176
2898
3589
9842
3890
6333
6129
3223
3691
4509
6284
5255
8253
8797
6198
233
5836
8552
3388
3315
884
1949
8574
8597
7218
847
3558
17
5208
6135
7177
6736
9033
767
2930
9276
3452
9059
2499
7144
9920
5136
8751
8174
3933
1301
8407
6121
9854
8147
9437
7090
97
8011
5687
3667
5210
5598
36
6770
1733
7213
9858
7118
4332
2788
6394
4137
1848
5246
7633
1768
382
6384
6294
667
7686
4702
3141
3892
9201
2578
7334
5650
6941
3022
9317
8503
4972
5705
1626
6705
2919
1484
3823
3603
4273
6570
7740
2473
1816
1725
593
8550
4462
6888
9217
8500
7942
8710
2392
3495
7640
6078
9146
933
5452
4815
9437
424
521
7415
3481
9792
8899
3657
3395
9524
227
7488
8349
2043
9213
5295
593
27
8535
6162
8527
2829
1225
7271
6324
8865
3350
5470
9799
8802
286
5588
5579
7159
3003
5412
6951
1902
9069
6698
7779
5648
4186
2480
4043
9752
7775
988
9779
6310
3503
8307
9139
4728
5578
1816
3593
5280
7286
3392
435
3924
8980
2366
1083
8335
7778
8034
6590
3200
4733
4369
8848
5271
6849
9244
5023
977
232
1155
3639
3735
5814
9131
4815
1392
947
8409
3025
8233
8153
3460
8510
3486
5826
9593
1821
9956
7628
8411
3156
8713
9132
8357
3984
2334
7601
5360
3311
7833
6515
3302
7921
2329
2433
2736
73
3380
7497
9450
7966
5651
2910
6476
5489
5088
2421
7310
1397
6401
2074
4553
5114
1206
9262
5451
3540
6863
811
3203
1049
3678
6506
5322
6007
5291
8058
2432
5024
5556
1883
9342
7559
1145
2170
3048
2586
4591
358
3983
993
8784
4888
6107
9991
4151
7910
3531
7366
8721
3087
8415
2399
5945
3737
4758
1236
8148
3543
2612
56
5426
1954
7615
2923
476
7015
5509
5068
3725
9492
2413
2510
733
4872
2501
4884
2783
2384
2250
1504
1823
7018
256
7768
755
1366
5357
5255
4909
7969
5311
335
6276
9278
9611
3104
6293
5120
8172
19
965
6937
2529
1698
1810
1382
6582
4593
3766
5184
2449
5590
2202
9057
9710
9310
424
5067
917
5333
9389
6229
2021
2017
5507
1632
5121
1801
3104
9646
8172
4069
2935
7053
5767
4745
8435
8701
5690
8553
238
4492
4143
2440
3549
206
8102
325
1625
9020
2011
7366
1601
384
5735
7108
8368
7209
5261
1472
6855
9785
1894
9790
6838
4013
888
5273
2715
2930
3827
9305
7422
4322
8097
7324
880
6200
4001
2506
1572
6012
9872
3173
2748
5608
6633
1116
2817
8247
8941
6024
8032
835
2166
4871
1200
9406
6496
267
2337
6675
9572
6111
998
7670
3435
8230
222
7437
736
1794
9801
6961
1319
2550
8921
7952
18
8090
2551
8959
4114
584
6146
2632
1807
7347
2039
4655
3966
728
1331
3539
6839
8681
1209
275
6911
1431
4064
7648
9577
217
961
896
2767
9882
5200
9138
7972
7752
4449
8438
4688
596
1070
2847
4295
9461
7502
8261
189
8833
8152
7029
7514
5713
3656
4426
3496
4072
8426
3073
4289
9387
321
3409
9269
1874
2547
3593
5978
6996
2031
666
3944
9453
9865
4591
8915
7367
2853
5456
2553
7357
2485
67
3071
2493
845
6567
6565
5623
5993
855
5010
2666
4264
631
4540
3163
576
6870
159
2607
7536
4104
2061
3753
8695
7328
1121
7900
2784
3674
1610
1622
93
4681
4115
7291
7600
681
2914
9945
7888
4277
2612
2152
1260
3504
1667
1837
375
1826
796
4263
2282
2857
8017
7330
6537
5490
5230
9322
5516
6840
7296
5609
7873
1411
2900
1826
8444
2167
1771
6332
2796
735
4836
4056
592
6503
2245
7319
4682
3042
7934
6964
5899
2303
4294
8789
7793
5877
8111
3309
9069
5407
5271
3295
3170
4523
5121
1615
6690
3244
4299
5838
332
5488
9895
924
8343
2140
4595
3025
5182
2529
9990
7434
4833
636
6223
8978
6513
686
2288
1935
2445
3911
5230
5615
8434
351
3582
1477
9947
4234
7315
279
6074
3562
7555
4417
5703
2150
7443
7237
4680
3785
1023
5865
4421
7246
4843
7287
4284
3483
9222
6729
3746
4452
8697
2181
1155
8631
10
1102
9217
3677
7734
5291
7240
5289
9709
9295
7440
7152
6532
8472
937
7556
689
1710
1154
5532
8997
5439
5368
8219
2168
9114
9023
7217
7647
178
5849
7657
7633
5066
1335
5367
6710
4927
656
6419
4222
4448
9923
7106
9272
860
1014
9961
8922
2169
5494
7920
3960
7214
2491
6128
6328
1515
9698
3976
8045
1899
7985
5678
6965
5672
7397
27
6951
4406
6446
1173
8854
6369
4632
8127
3581
5646
8088
2504
4167
9934
424
8127
7148
9267
608
9829
782
306
157
5180
2205
4494
7210
5522
167
4608
5550
3470
5366
8348
996
4220
4718
5628
8699
4651
7626
3140
7155
1794
9426
3931
6273
2927
3199
6881
9108
333
3539
9265
1865
2096
3759
9076
3971
278
36
5873
3749
5402
4221
4745
5974
5291
6725
1026
9943
4351
4166
7098
2497
9944
7382
8771
9223
6933
2004
8331
7266
5544
7596
9132
7640
7708
4560
1611
7986
4596
3836
8087
9998
8058
9184
2324
3349
5909
3350
3292
6613
3868
6743
9110
3813
4125
4233
3036
7410
6238
7720
1028
1782
5316
6512
5774
3024
1072
3738
7363
5668
7574
1802
2018
5632
7339
4343
5334
3248
4045
4978
6213
7914
1721
1676
8079
2198
5909
7467
9608
8499
5187
6989
281
6856
3501
2408
9880
4574
2498
3595
6594
72
5398
4965
2057
2737
5660
3743
2337
9705
8721
4903
3971
443
2931
2050
8993
8840
9518
4954
7340
1057
1943
3973
7913
5444
2733
4146
6370
5231
7741
2965
1656
9491
7930
65
8580
9942
3808
7270
9647
2529
8525
3619
9324
1456
2021
8318
6648
7891
9624
340
8949
7919
4314
6862
3363
3399
7360
9734
4983
5102
9051
6639
945
3333
6704
5878
3275
512
3148
2922
3041
1673
2893
8718
9481
4915
7036
6129
2806
3012
6470
8107
931
7136
4970
646
535
2330
6732
5518
3784
5783
8509
1082
5468
5213
6960
8743
2077
6460
8018
5119
4485
911
3837
3966
2178
7225
6447
1337
6589
2917
9444
7520
53
4414
4518
6941
3097
1251
8811
3233
7034
7321
667
2503
2534
3979
7598
964
439
5616
6083
1276
2880
6272
1594
5058
9849
8042
2747
2790
959
2192
6662
7365
2958
1180
4306
2407
2431
3117
5641
5818
438
2660
8321
9325
6640
2271
289
7079
7888
2724
4708
7120
5348
6302
8530
1549
4344
1278
4339
5304
3470
1001
2669
6428
2181
3327
8836
965
2796
829
6783
9587
3489
5104
8912
129
3727
5553
3561
1615
4629
8269
5087
6329
4571
3618
7878
8916
4896
8569
572
4718
5922
9593
7498
4455
2920
6334
5420
5716
3515
2203
5303
7005
3659
567
3486
7387
2472
7047
5354
3453
1668
442
9782
6240
4060
4012
1508
5308
8933
2080
6378
4855
8025
3876
9311
945
211
4731
3013
78
6935
8317
7083
6946
5236
6922
4333
7709
3969
9688
1162
1990
130
7297
4582
542
1309
6090
2202
243
4522
8580
5098
2547
8808
761
9844
5371
1845
2857
5450
5132
7526
2533
2078
2763
5807
6412
472
6129
2452
7986
8119
2582
5283
2701
9476
2945
5143
8030
3188
9665
2962
4638
8564
1770
1752
8408
7142
3597
7617
2592
8729
5144
1477
807
7907
7285
7219
4731
9766
6023
2717
7885
8605
4353
6938
4433
7298
2081
8815
6838
8098
1777
7828
6662
3548
9580
1422
7042
3177
9039
5986
1906
4183
7463
9066
2090
1100
2637
6821
866
8661
5891
5103
3618
6596
2041
8052
246
4122
6867
7084
2220
4997
4912
5234
4897
4493
6656
1939
7670
5696
7925
5929
6231
1740
4995
8322
9193
7632
1495
59
6293
3738
1515
9912
334
3556
4316
580
4031
7535
4016
6251
2532
8929
7838
3781
9774
4494
5720
3796
6542
3645
6077
2774
1738
1072
7448
931
5057
5295
990
7702
9034
8857
3966
5720
2414
4634
2653
6445
8522
6669
9048
7406
1950
6886
1188
1724
7733
6908
1873
4275
6906
7950
3401
8644
5375
849
9575
432
2497
6917
4486
1531
5775
4805
3603
4541
9439
6256
986
7961
9278
6386
5368
7580
3273
6556
5657
1006
9816
7530
1633
6722
5480
1387
5366
7207
8588
1293
3991
1085
8211
8478
8968
338
3283
2572
4879
2722
5180
2217
7036
810
8603
2404
8391
1876
5312
4048
9234
5128
1578
7220
8203
3410
8607
9921
618
3547
1215
4609
4633
5778
9439
3601
6116
2722
2525
995
1797
7706
3212
8833
8516
1815
7589
3259
44
9253
7307
5630
733
8885
9202
8936
2296
4161
8858
9266
7709
6425
3875
8694
2203
3315
2295
8319
2389
1173
5666
4186
5231
8878
9371
99
7045
3312
3359
3441
8917
666
9072
9651
5904
4626
4939
4552
8788
149
3818
6497
6574
4045
5191
8777
3712
3838
7096
6102
1363
2762
6640
6594
7992
2364
3046
1390
2028
6405
4831
946
3423
255
597
9327
4882
1888
231
3670
2038
4049
6519
8612
4447
8062
3742
8159
1900
838
613
9616
9953
7254
2562
4297
5970
5608
5687
7998
8365
519
8944
1789
7126
5893
7468
2008
7782
7700
2030
6172
8101
8549
1136
2548
6611
4878
708
4864
5717
1321
4480
2022
4927
7042
6319
897
9003
2007
8896
7368
8878
4192
9157
6004
86
2978
4365
4220
678
6395
6744
8779
1297
7880
7680
4260
2759
8388
9124
4828
6061
9956
6850
989
3351
9521
8238
2354
1528
3486
6074
6758
7679
5232
9115
4117
4562
9832
4689
1592
2579
1433
6723
3876
9313
4403
8137
2072
2791
3613
6900
5205
9922
3750
2546
3273
3272
784
1979
1152
4271
8053
4263
8302
9637
9730
2419
4199
9562
7108
2143
2141
8541
8867
2370
4206
3270
507
6279
2414
472
3179
7619
394
3282
165
19
2906
7301
1998
410
7924
6404
1025
2578
6041
755
4997
6593
6669
8457
8736
5163
3350
3955
7533
7557
7226
4392
188
5992
4864
3367
3611
5259
3001
128
5278
2259
3781
3629
9022
8058
33
47
636
2426
7155
5634
9019
3824
443
4108
8987
3794
8063
6520
7703
1641
912
7891
7633
2129
7610
7596
7388
6964
7724
9018
9223
7858
2647
8245
5916
9032
4645
6552
1459
1800
8538
6830
5624
8982
7290
964
9128
5354
3836
3183
3347
1101
1074
981
3230
5036
8577
6970
2000
2654
5988
1224
512
4988
5821
2780
372
466
9332
1831
2266
7871
8662
4243
3205
2304
5207
2333
7658
9043
5516
1006
6496
2942
8339
9726
7978
6916
3048
9979
5922
9037
7555
2786
377
3376
5566
749
3843
4899
8933
2461
9122
3947
6704
2327
6251
8263
1012
262
3659
2880
7620
155
5822
5959
9882
152
9227
2930
131
5150
8319
4038
7936
5048
7415
3503
2150
7610
4754
1083
71
3876
1382
3128
2555
7633
1391
9919
7895
5050
2799
5515
1558
4973
1474
1440
5125
7054
722
1609
2204
5394
5647
140
6794
3062
9995
8944
7024
4749
6379
3448
4977
7761
6576
7532
1747
4319
7451
9642
5722
6602
1510
7280
1575
9336
5072
6701
6390
2146
4662
8594
7540
309
5087
687
9724
5082
9631
6748
6184
2363
6548
1161
6476
3124
5046
8223
3796
2497
4218
9518
9100
5728
6798
7027
1416
8222
80
7807
368
4742
2753
4261
5052
4192
4948
1128
5627
931
4228
1811
9646
777
9324
6123
253
4370
4346
4049
6868
8564
3567
2320
644
6717
9347
2061
4939
9428
6220
1660
522
8973
5921
1926
9518
7221
3054
5145
8152
7283
6956
7799
4412
6280
274
4665
651
4620
5067
3871
9537
4986
2543
181
1704
8242
2242
2995
4022
8462
4655
4545
3788
6928
6471
3306
4149
5878
8451
8654
9513
1759
2805
3925
4391
3079
4942
5042
4051
9
5265
3588
4996
7808
3770
3052
2403
2364
2399
6425
7179
3407
970
7319
335
3794
625
837
9672
5428
5843
5537
3539
8648
9462
7930
8079
756
9325
2130
766
4590
5719
2114
8751
5841
1518
1154
4557
3917
3931
1736
7324
1254
9055
4012
5048
6032
1201
1072
1460
7044
6609
4999
2044
2423
2930
6475
3179
2255
8605
297
3197
676
8763
8300
6517
281
5806
1075
551
9738
9163
4227
992
8219
8239
2392
603
5792
9816
2064
9188
2777
3415
7584
1552
2697
4059
4731
1304
2665
1381
854
9693
144
9154
6211
6778
4961
3638
7329
1051
9153
1556
2043
3724
6148
787
4328
8292
603
2744
7481
9732
2511
5065
1284
5209
5477
2367
2865
4494
100
3719
4187
6597
9226
6750
3375
539
388
7056
1590
5894
8612
3633
9618
1112
772
3946
9405
7727
6690
3238
7459
9202
8303
5095
763
132
7462
3628
4626
7563
3700
8814
4160
9278
5564
3887
9817
2305
943
1407
8199
5907
1392
7817
7020
8516
8116
2777
6243
4806
6015
54
360
670
5149
1123
803
2611
1104
5429
6526
1156
4243
7038
434
6160
7277
6603
8465
8220
4362
3016
480
5754
833
3852
4270
8949
6629
6865
108
8996
6919
468
9666
2068
7944
469
1031
9048
2251
3910
204
2846
948
6990
9006
8226
9945
3823
2798
4307
6839
9630
6413
4025
3482
7035
9326
6463
3900
9434
5459
819
6255
5126
9239
4199
1947
270
9599
4198
4180
6155
7045
1481
3145
2403
6059
9442
6227
8857
3749
3066
8488
6514
7091
8322
3549
6418
4786
3801
2204
245
972
8459
1723
211
9010
23
6833
8609
4221
7366
4764
7618
8847
4261
6374
1258
3703
2601
115
3804
2019
4955
318
9111
9630
219
1881
768
4020
437
1013
4992
5249
9089
1555
4259
9112
8389
9221
9685
5755
3985
3656
954
4599
30
2212
4654
2631
8679
8459
4650
9987
8777
113
5969
8997
8346
6737
9369
8784
4102
4362
4033
3191
5917
4644
8655
658
3865
4693
2765
4203
8349
3719
8802
8379
2283
9808
7362
7315
8267
8364
3654
3397
4830
9623
8746
3176
2712
8115
8312
6814
8829
2345
6358
4747
6990
1365
5405
7207
6058
8171
1410
4407
8242
6564
9138
6878
6373
2852
545
992
1217
4199
741
2399
174
9487
1927
9238
3955
240
6052
2784
2585
8762
3883
5927
128
9289
9487
6186
3812
7249
594
8406
166
6084
5284
6539
8937
2181
3883
6506
2732
4625
8905
2906
4112
832
2144
4419
1072
4549
7204
10
3311
1087
2289
9791
6728
1776
5978
540
9026
2924
5299
9192
9008
6935
2083
7945
9117
2318
803
1849
6943
9708
1108
7408
6893
9604
1827
7965
4153
5383
4327
3817
6471
2969
9960
9551
4745
5938
6444
123
5214
1743
5667
575
8678
4102
4872
4147
2773
5676
5997
6068
5384
7105
3476
8629
6709
1656
6595
7215
3391
7274
7384
6214
243
7344
5766
1341
9635
2210
7816
1201
305
9836
1776
8983
290
6649
3131
3063
2325
5480
9132
4061
8937
8960
2691
1998
6968
5638
9213
360
9264
2949
6574
5860
6646
2340
7201
2633
902
1369
3834
1207
1205
5611
6543
7848
8612
6026
911
7289
1506
6395
7702
443
5356
6745
2441
2324
8735
8007
9036
8000
7308
5611
3860
3954
4303
7413
2939
1558
5134
6774
2765
2692
8737
5660
540
3701
1686
7803
990
9544
4199
5044
6339
5907
1790
5133
8231
525
9492
3620
4877
6800
9231
5089
7107
9886
8854
46
1444
3989
3172
562
6681
1909
6222
3573
5610
7909
1376
2952
7453
1927
7997
145
7834
9787
5278
2418
6664
4770
6038
7894
7922
1621
2983
5029
1507
1838
1428
9304
2179
4600
9866
5212
6510
6088
8785
8472
3997
6513
1425
7803
4793
9422
4300
2627
5561
9578
1397
8577
700
7435
6471
8622
5408
9455
3652
3268
7645
5080
2572
9824
6032
2438
5036
2542
8526
173
1015
8876
3038
8792
3031
7831
4566
7331
6811
127
6909
8208
8704
7609
1996
1528
2583
7404
983
2587
672
4980
4019
3244
4804
52
5682
6192
2594
561
2717
9961
9437
5755
5105
2468
9939
9671
6151
6750
6150
3060
4958
1207
7021
6954
2735
9604
4359
3718
8544
1383
8698
2563
4628
9854
2615
6662
2398
1562
3575
5115
7875
3012
7222
2981
1832
7161
9004
7983
3911
5155
7395
8870
6362
768
2176
9097
6725
2887
9167
5269
4271
4217
7832
5251
4071
6800
8265
2821
4714
1841
7936
2589
1205
5158
1922
9390
2320
7279
7373
6231
2434
1121
1453
5148
1889
3630
4245
8614
6517
9764
3883
788
333
8068
2391
756
4868
657
3577
9582
2498
1513
8523
55
3023
6798
9445
5343
4077
6819
7927
6511
4292
9380
8011
6181
3010
8608
1148
5880
8372
5031
6668
8705
3099
5412
9461
4319
6069
9390
253
4919
903
8777
4974
278
5575
4420
5622
6004
7591
9901
2515
1883
9281
526
4416
8644
9134
5564
4524
3858
596
7544
8915
47
9308
4728
719
5377
4118
972
296
1373
9749
1623
1651
1676
6043
3625
7680
9986
3526
6547
8221
9160
3425
2637
7804
8911
8202
8680
2769
5150
2576
8036
1549
1885
2764
2268
3614
3234
3241
263
4607
9342
1886
6259
7371
4281
6236
5051
4267
9763
7951
8840
8923
1376
1477
3079
288
6031
8111
9409
7533
7039
3798
5435
5276
6562
4055
8891
9797
7296
5506
756
2991
3744
3367
362
8025
9604
5413
8644
9367
3364
7484
4642
1093
5313
7721
7733
1345
2184
7142
5230
9223
940
665
852
3855
4721
6095
4
8369
1601
760
1360
5345
4128
8074
9722
3732
9840
4718
9451
9556
8554
4093
649
3867
8166
8382
1564
350
1877
6795
5925
9169
3812
6777
3024
4885
2872
3028
3255
825
141
967
2522
621
9042
8596
4353
5234
3314
156
4790
1868
4249
1792
2088
2415
6526
3652
9117
8403
6799
5042
7573
612
8172
6949
5497
7396
6330
5104
4574
6471
6072
7096
7092
1466
5693
7797
6700
5359
7953
7842
7228
8554
9634
9316
7321
6161
9320
6438
916
6120
7832
4841
6732
2356
1791
8581
9753
4473
3686
679
7296
9758
7775
740
7576
9820
8537
628
5180
2842
8470
8760
7748
4457
4428
5069
618
3748
7859
7886
9868
2043
2728
2952
4400
871
1534
505
5344
5220
1184
2640
1330
5311
3380
5258
5132
8269
5886
6664
7463
708
5424
5211
5165
9852
6632
2135
3600
4491
22
9821
6534
9102
2773
7286
9973
4307
7791
5317
5879
5327
4309
3561
6991
7689
8819
2123
2310
4705
8787
9773
5414
563
1336
6931
415
7968
9067
367
2459
9089
188
5345
8191
2962
2632
4516
3621
6775
9833
5853
8455
494
9414
5446
4535
8234
3921
6845
9291
2708
2970
1057
3271
4306
7989
38
2274
3408
405
1085
8849
594
2782
3392
9908
1766
7908
3529
4894
4093
9382
9701
4587
5149
5147
9122
9735
5420
5967
9026
8128
5289
6436
7751
9595
777
4141
8221
4185
4546
5658
9386
1492
4792
2778
1400
6559
686
1282
1453
1131
7016
7506
5718
2165
2653
1192
1900
8073
3511
7279
2553
8800
67
6656
4747
7196
7149
2968
7733
1695
4978
7119
9540
9770
9897
7292
2681
6935
8574
486
8066
1943
7992
136
460
645
1328
2361
5070
1191
5992
3975
9991
2411
6983
4738
9607
4132
4058
7340
2180
5388
4459
1720
5158
708
9012
7840
3995
3939
8326
8413
5882
2671
8549
6342
3316
6229
5055
4739
7420
7399
5066
3763
6162
2050
4853
5769
2534
8911
9461
4714
651
272
2786
5809
7332
8151
1
1327
8442
4680
9740
676
7351
8289
7018
7019
870
8426
8110
4642
2177
3177
8405
8340
1579
3258
461
465
8521
9923
1532
9172
6547
4318
1334
3880
8821
7687
5207
7263
8719
1300
7939
6070
5941
1310
9442
6812
6088
7552
7806
8265
7081
6212
2957
5012
5822
9771
5478
696
6046
7010
6220
2593
7680
7554
2825
6502
1594
4385
117
313
5685
8057
2736
1626
5719
8530
4790
1807
2434
2597
6424
9516
5161
5734
880
983
5505
6358
1679
1551
9720
7900
4144
3753
1806
6970
255
9752
7707
372
6418
3392
4781
9154
1370
500
4036
6161
8659
6470
5110
5084
2338
271
818
3219
7606
6323
5929
5638
7874
2002
9890
8370
5755
8048
1692
2362
7801
9399
2734
571
9143
3868
6077
514
720
113
3027
9380
6583
4489
4464
8922
1112
1634
8493
8718
4309
4422
708
8535
2776
598
6905
8531
4999
4950
893
9152
701
9980
9723
9845
3848
5800
6711
4568
5913
6090
300
8848
579
4764
4122
8043
2750
2615
3113
7059
3390
3822
5594
6166
772
8852
4698
5771
154
1943
4923
855
1923
998
7052
2123
6798
115
3044
9063
6205
3344
4264
3136
4461
8386
7531
7211
7354
645
623
744
4467
6217
3262
1591
1421
4312
7363
1575
6256
8638
8783
4531
9637
2187
3007
2787
8655
6051
8203
1212
9395
2467
4349
208
7205
1880
7420
911
8877
8043
8007
3344
612
1270
4936
2034
1934
8651
9961
4542
3641
5096
9074
9630
3636
2081
8770
2291
4484
6973
3503
231
5792
4204
440
9349
2437
7860
261
1314
2255
4620
1011
2867
5890
2299
1253
7825
7302
7567
8719
943
9015
7793
6926
2651
6226
5696
1294
710
9021
4798
942
1165
5354
1382
6866
7791
5594
7127
5458
7849
1748
6469
7068
3990
8768
8322
8167
6070
5889
6887
3365
1256
1032
291
3908
7259
2339
5202
4321
1360
6352
1615
2525
1707
2997
5744
5850
4943
2871
1308
2792
971
7777
6213
1314
2897
4535
5833
5319
6776
2720
8685
8032
105
5328
8292
3716
7668
9847
8037
5380
6199
9653
4258
7906
9002
2
109
3946
9225
1417
3090
197
9195
9303
7863
8444
190
3696
3764
3318
2769
2449
7703
9226
4129
5995
2942
1797
5842
979
7178
8394
6984
7788
2652
5987
7790
2761
6285
7015
4179
5727
3564
9726
5031
7779
8170
1573
1476
1934
1244
597
735
8947
9823
4865
1294
9117
3014
7137
96
6544
5531
3433
4332
4535
9420
8474
7297
2057
5490
1476
7784
5406
1202
9167
3186
5724
741
4662
7659
1985
1611
4746
7284
7786
5963
8578
6903
8978
2067
3351
1874
3950
6784
2559
8486
2556
1033
5783
4613
2875
7259
2398
8282
4813
1565
1468
6889
8658
2482
4548
6995
4093
5647
4279
8231
1610
9210
5134
6940
1277
4837
8815
5228
1622
1374
3714
530
8759
9497
5144
1635
3108
7542
9917
4273
5459
1385
1162
4118
3867
2063
7465
4312
7710
8097
8895
5672
7307
381
2613
8584
5218
1428
3812
3192
9154
3878
3723
4265
9727
8867
5900
9187
2761
2169
9812
8220
9906
975
8690
125
9390
6156
4437
3452
4253
3332
9124
1560
65
1737
6496
5284
9517
6661
8476
5023
539
8551
5641
6619
3770
1541
5806
6531
63
5619
1104
9969
2946
9794
95
8688
2302
884
2140
2907
569
7616
819
634
5706
7316
5918
1575
329
747
6599
7220
5650
8592
3839
9421
133
5998
5952
6548
7969
7056
6518
915
3203
6613
5955
5505
7497
8095
8413
8066
2063
9232
5053
7769
2900
971
9345
3229
8070
2296
450
3721
888
4289
3142
7373
6639
5446
3922
4608
2503
6792
1875
2058
3405
7830
7563
7254
2277
2328
1673
4341
7913
6726
8462
813
4049
7807
395
8472
6455
845
2193
7343
1486
1687
1069
8126
7133
1343
2734
5988
8135
4610
4398
1540
2440
8314
5146
1070
642
3171
5411
8555
9897
225
5721
299
8033
6116
8771
840
6961
7316
4536
4799
5355
5605
2925
8840
6948
2012
1181
5083
6622
5579
2975
5414
3893
4473
6484
4536
7645
8247
9443
3894
4825
1516
4193
2858
7632
9316
50
945
2984
4586
5745
8339
191
8670
7180
3491
682
8361
4926
3656
3940
7901
5423
4186
2375
8259
8722
6372
2859
4517
266
7684
6034
812
6894
3666
6480
6944
964
9465
1531
6709
7804
8074
1731
1336
1566
8766
9697
6492
8774
9990
746
4197
4176
9473
2457
9250
2197
1668
119
2463
9352
6153
9627
2598
6172
2460
9542
7136
1925
7425
197
6081
5500
8280
7418
3418
7046
7115
6262
2173
3457
3360
6370
7633
9185
5179
3235
1382
3199
3355
198
2551
9508
9825
5149
2032
2285
1044
5520
562
8469
5717
6644
321
350
414
91
3748
7529
2706
5921
7339
6066
8644
1324
5252
3823
4560
6634
3375
7915
6832
5926
3775
3010
7428
5808
1647
8472
7680
8562
3293
9750
5206
9967
100
5620
58
3848
9501
2764
9770
6840
5183
8414
4517
435
8589
9077
3421
1964
6992
6606
4243
7119
5968
8023
9279
7615
2847
6960
2529
6140
6710
7735
2459
3162
9707
2518
7010
5561
1634
3132
8753
6817
1546
3270
3604
6488
2347
7026
4804
5691
9984
9047
9163
5952
7070
8442
9919
9917
5402
2449
2410
8464
6536
4869
1626
6244
3739
4989
8157
5374
8121
6910
2191
9668
181
5796
2508
8880
9174
7312
924
5510
6360
87
1462
9782
8529
7733
6052
284
182
4814
8748
3071
9683
6727
5667
9775
1716
3824
5149
9837
734
3692
5857
7267
5840
4717
2500
5014
2030
3424
524
4742
3511
8338
4524
2040
6072
6928
8676
2606
1742
3777
5677
7778
504
7696
7553
8572
1520
2702
4761
8607
2746
6971
2226
8587
1688
4726
9953
3718
8150
6830
4812
8013
5168
5689
6406
7592
2617
5082
6551
712
5211
8580
8490
5715
6277
6043
639
4149
5097
5401
2756
7843
8724
4983
2782
412
6061
2736
483
564
9566
5295
8577
1086
984
4983
5031
3602
6418
7934
666
1629
6514
9156
3697
9143
1551
688
3293
6648
2441
2401
843
1165
3736
3626
1578
9798
2714
8413
362
2280
3708
5291
9718
1045
6627
1101
999
3045
9035
1665
1026
5550
821
4723
1045
2372
1764
4338
5372
4205
6740
2567
5371
476
2545
3301
6626
5259
1714
6988
3891
1774
2280
3610
2819
8907
4711
3818
8304
3747
5483
9330
5649
2656
406
6694
1380
8522
7385
6752
2727
477
5672
8098
7305
8217
7751
3932
3477
5817
7272
7368
7592
9552
7330
411
4811
2042
582
9467
2141
2417
5150
4142
5074
1908
836
6454
430
4573
9559
3157
5050
5231
7608
2356
3448
5359
6288
3277
1177
3560
646
5121
9465
7976
1884
628
6370
2466
96
4863
4884
1598
9005
6310
3506
6194
9116
3936
767
5027
3445
2170
258
1053
4526
59
2765
7166
3336
294
726
334
5415
6543
4663
7299
7172
7385
6118
3620
2249
7354
5218
7606
16
5076
152
9132
9012
7272
4160
8809
9442
770
9863
320
7181
8980
7486
6870
9274
4564
7204
1041
1108
1867
8340
4632
5605
810
4604
7854
8164
6174
1812
8180
1250
1965
3665
6614
9237
4177
5423
5031
4947
1638
5351
2129
618
2837
8999
6244
7401
2555
7285
8509
775
1978
9493
6380
9140
4097
4234
3657
271
6046
8189
7873
4363
1854
4487
3600
6031
6263
8631
7331
7901
334
5812
4872
3171
4811
7468
573
3718
1106
5434
4493
9436
1280
873
8576
5377
1459
2233
2001
3858
423
9874
4573
8629
714
8174
1013
6977
3157
8344
1230
9844
4156
2454
3015
5319
9923
9940
5389
1029
1727
9883
465
3007
7108
5393
4736
4920
7627
6737
8778
4402
2964
3351
3031
30
7877
4044
3359
7387
8740
4589
3583
9248
7044
6598
919
3319
2891
6309
4348
4618
6192
1165
7625
9652
6558
8713
4572
537
1803
9702
4939
4767
9406
4323
1149
3635
8367
4508
7374
3460
9097
957
2708
2493
7556
3628
5812
447
9937
6512
1417
2481
4029
5394
2133
6940
4107
3058
7477
5910
2760
8769
7029
2166
3092
8178
5802
7811
2686
3176
1271
8136
4134
332
6981
8042
312
9146
4841
6601
2010
6258
9082
2392
1652
7567
9332
5759
625
6809
8022
9738
5578
5051
1904
5022
3230
4058
2834
2268
7235
457
6756
7721
789
90
5763
1101
9236
604
4054
7598
3214
3136
9990
4866
7056
9322
6977
4033
2484
4999
3771
4414
51
5676
9437
9633
9734
2271
8253
3321
2728
1362
1042
9870
1452
3157
7323
7040
3761
1378
4638
6975
866
981
8193
7922
6655
5171
8308
9139
170
2079
9906
6573
4107
9343
6206
194
7966
812
3515
7046
2174
910
6916
9978
4067
592
7018
4181
1970
8008
7508
2836
5341
2054
7111
1997
7225
5419
1136
3747
7498
1042
321
7958
6737
2879
8152
4703
3691
8019
8102
2217
5281
1370
2195
5701
1962
5565
6234
3932
9926
94
3121
5267
2148
232
7264
5725
2003
8401
9473
9501
5795
6146
3811
2533
5377
1963
3588
5421
6335
8042
7638
1616
9413
6186
3669
7727
8103
9903
8012
8029
9998
1133
3297
2146
7717
561
4224
9720
5314
3697
5573
7462
6195
9385
6347
1572
7700
6287
3345
387
4330
7336
2004
95
3522
2025
7822
1625
1929
5834
6007
1927
3319
9304
425
1036
6217
4649
7108
7884
4698
2682
1698
7245
8419
8045
5170
6119
684
8515
6507
1366
5851
4863
1461
5725
6888
5636
3703
5169
7822
9710
3448
1142
5366
3874
8530
7935
4875
1991
2171
5926
4673
3869
3171
3092
8266
8341
5563
8951
3209
8422
317
5412
3285
8131
1138
6526
3767
4841
1695
1589
903
5144
9083
2621
5370
3966
556
6597
5957
2728
2523
6982
6597
5695
6426
1216
388
1989
167
3597
6764
6836
9010
49
4967
6500
2927
8734
7693
975
6676
4948
2471
2111
7569
4193
2429
8125
790
8386
7205
3314
1720
3803
5361
8146
5019
2101
6488
1538
2051
3252
8374
7413
9653
3342
3913
2581
8428
7958
9908
1456
2906
2379
9920
475
6572
2349
4952
7362
7088
2158
7028
8808
2313
8741
3307
3684
843
9795
5222
9246
3047
9948
6659
2700
9642
6924
1633
8071
4882
1541
5879
4140
272
5799
4615
6844
4501
9567
559
7941
8077
3939
6749
390
2681
56
4074
9876
6203
5648
9122
5602
5597
5781
4655
5239
9057
6288
9662
3939
4182
1894
8079
806
4045
9046
4003
8546
4965
4562
6487
3043
4853
9589
9785
7534
5997
3860
3762
2201
5860
2884
7803
1457
5017
2458
3049
4074
5099
2711
4365
5633
4605
8796
6439
8651
4194
442
3549
5512
1356
37
8555
2562
5978
4692
96
1975
8552
211
528
765
9447
4684
2222
4465
3494
5271
4891
8593
4335
5609
578
5292
757
3370
3943
1304
164
3845
6816
7873
234
1723
435
6212
6415
6883
4539
1320
7094
5068
2085
6542
9752
4307
7359
3246
5931
2250
8192
6618
4211
8770
1910
1321
8492
5854
2625
8657
6051
9441
6530
6285
1164
6965
2497
7579
3848
7036
8899
943
2104
984
3837
8208
1644
1196
7807
3927
9798
5999
545
4010
1121
2455
5331
9614
4661
7956
8271
712
3749
4801
6997
4913
8118
5846
2492
1966
2883
7744
9261
1339
5080
3098
5900
6724
646
3707
7003
445
9706
7548
807
7179
6356
6138
6793
1017
446
1416
1730
4195
2569
5079
5460
687
926
4304
9006
161
2048
4619
1500
3481
7718
7400
6557
8364
7459
3561
5161
7165
1109
5968
697
7465
2106
7490
4835
8904
5259
2917
9451
7828
7996
4911
4868
5274
9216
3874
5435
7616
8493
6936
1097
2563
688
4007
7280
8148
7568
2441
1665
5029
8410
8714
2495
6868
6205
3682
2125
7816
6599
1576
5644
4595
2840
6864
9870
8408
7090
1657
2376
5584
4945
9826
4499
5634
3833
1779
134
1401
573
8151
6430
5335
6866
5277
2203
9423
8959
4328
7239
1910
2257
9235
6506
5097
2452
2728
9857
9542
737
2233
5126
5683
2059
5978
1317
5892
4109
7803
3645
4682
2306
6428
17
9172
1705
8573
4947
7017
9253
8538
8927
1510
4126
1785
2959
6578
865
9168
6120
1603
1402
7599
7286
9813
3577
4955
2058
4038
9110
5703
8721
1416
2131
5090
6941
189
3663
1888
7206
9269
6779
6133
779
905
4271
91
7483
5136
9259
3603
3091
7013
1202
377
6827
1131
1684
8885
5170
794
940
243
2211
9424
5333
5504
9613
5349
7392
3171
4618
523
5656
1749
1428
9927
8192
8911
1416
7452
8867
4507
817
6421
4885
7644
3905
6569
2881
9075
3716
174
5670
5927
9598
1003
1431
5563
2704
5175
8734
3674
5699
4390
1776
3479
4318
9968
2391
5734
3772
7610
241
4590
4031
1478
8586
4288
4400
1468
3363
8116
1642
9033
395
7592
6389
8178
3155
5445
9705
1889
9120
5404
2631
896
5236
6949
7216
7627
9035
989
1589
5629
5579
1972
7107
4165
6261
1507
1985
5976
5975
9979
5010
6370
7571
7751
900
7078
9548
606
5319
5020
6010
7951
2268
1246
1252
9485
5225
288
474
3166
2269
2405
5139
9376
6570
1400
7236
8556
7376
9563
4887
8738
5934
2459
2841
6834
5889
2390
7440
1209
3762
9803
5512
6031
7401
6764
5516
8979
3404
5990
8497
5673
8395
3636
1402
1317
1388
4990
6225
5117
4553
1113
207
6839
9924
3049
26
5813
1791
3818
3374
5553
9973
5238
7936
3727
8355
3452
2706
1759
5794
1203
3785
541
1192
1539
1859
8932
6529
8084
4049
7434
5549
4257
4274
5473
3658
4300
7639
1801
8118
7365
3706
4444
8956
1643
8171
7311
5095
7229
5422
7242
8432
9207
7783
5976
7098
9642
4909
3627
4079
5310
1062
5980
5919
1688
7806
5929
5988
1797
7730
458
9162
7789
4902
4470
9432
3073
1781
879
302
7204
8121
5087
2763
5905
7415
9862
1899
8676
9841
2330
3987
7255
4663
6258
8943
2469
2188
1283
4266
9918
1742
9780
4059
2996
4251
3491
2422
6032
723
9076
9588
5196
515
2352
7453
4283
8566
9353
2959
8407
8035
3298
5663
2698
9557
4606
1519
1745
5890
5785
8015
3984
5566
2075
3332
6169
1918
5754
2201
8993
1183
8142
4190
8050
494
1643
2333
9060
7348
1645
3819
1736
4943
9482
4434
852
441
5954
2597
2683
8091
6965
6667
9
5392
6351
6178
3662
8458
4732
2656
9641
2874
3198
4043
9720
4841
6377
5132
2190
8022
8951
278
9317
4786
4712
170
1579
7018
9119
4262
5110
6084
7281
1471
7828
3632
7650
1491
8442
2382
499
4435
1608
3697
8479
1328
4890
4856
2812
3432
9230
1763
3710
8547
2901
4775
8717
4480
1793
7837
5094
3255
273
2375
4727
8102
2360
2377
5945
802
1111
2796
5238
9071
6493
3717
6751
1383
4925
9563
4816
507
1326
8526
9054
580
3301
4124
5060
1447
8313
155
1054
4938
8882
5781
9392
1242
4510
5337
8397
1973
8133
3635
1044
978
3704
7795
2362
4981
7358
3530
5488
5037
8408
4542
5617
8062
5018
7029
5861
9683
3536
6915
4622
8771
2697
4014
6365
3559
9352
4762
5533
3837
4749
2929
4816
4805
7077
3530
9786
787
7060
5274
5824
1820
6169
7793
6234
7539
1175
2095
7223
1063
9011
1845
9834
8060
2211
6200
1619
1563
7314
3504
1753
8416
2786
2921
3221
9863
6451
3008
650
9863
4634
2827
1683
7155
6972
4270
4695
8147
6365
1918
5563
5376
115
5397
9788
2326
7949
7760
242
5264
7616
1995
3680
402
1268
3253
6617
7719
2613
3620
7582
7248
6447
5617
4403
9771
9887
9098
7919
2605
7368
3482
4333
7483
5231
4122
6162
3181
1882
2756
4797
9498
1103
4829
6253
2371
4434
9222
90
7048
2842
4024
4296
5641
5993
5051
5413
2233
4150
9684
4838
7870
3166
9171
1706
4749
9645
7868
4282
7879
624
5431
7378
1727
260
9983
450
1047
9205
540
8095
8400
916
2391
4041
6909
7442
9454
9142
7944
5490
332
5815
8656
5856
3873
9758
5501
1741
4040
3381
8717
9472
7111
6796
6084
3446
7246
7131
2651
4138
5226
7403
5054
3969
1445
1963
7764
7251
7458
2060
2742
7790
4227
7750
9998
8100
7508
5500
6193
7901
5233
1262
3725
2344
8058
9809
5790
1656
3293
4793
2146
4871
2197
7200
8841
9994
5516
2957
3597
2974
5017
2691
7116
9245
442
7115
3697
4302
8967
9891
8555
552
1153
2280
2896
5564
2090
5038
7220
1735
6183
5719
6606
4732
2919
1799
4726
8435
4756
4676
7761
6126
7367
1230
1723
4161
4697
5420
4816
16
5311
3371
568
6465
2004
3464
8381
446
4854
1953
2181
7389
7672
8787
2122
592
6939
3200
5379
8047
7876
9493
4173
1596
723
2248
5757
1772
7669
6925
1788
9332
6649
2356
2149
8653
2172
530
9099
7026
2484
7632
4415
156
6419
2889
7100
3358
6090
8832
7758
3966
8325
1931
1914
5400
4180
7672
3524
8201
4597
5312
7533
7598
7668
9683
6251
6192
213
1702
9570
9049
9334
3985
5558
5754
3227
2658
5464
9317
7842
3222
9635
2519
1506
1550
4271
2038
5574
7795
239
6523
3107
4124
4122
7127
3807
373
3319
373
2076
9241
5774
1410
3227
1332
3516
2806
343
5333
2123
8185
4907
1758
705
6413
9660
4976
4803
5234
2772
1394
1758
2231
5519
5880
5711
5678
2605
5382
2403
1033
4624
8178
8796
4203
9510
2312
7009
9853
3997
9132
8039
8905
7242
5096
1670
6903
72
6474
8489
2844
7868
247
1428
3387
2479
7139
5418
1437
2521
7821
2470
7145
5999
1266
1348
1862
9931
8357
8067
3928
7489
2458
2833
1084
7554
856
7987
7627
7330
6476
6823
1550
3076
8251
4938
1907
5390
6708
9696
4264
4529
2167
1409
6881
9785
2758
8743
6068
1115
6810
6349
4957
5621
5534
6041
3175
6390
380
7154
3720
3208
3978
1623
2636
8581
6561
4544
324
3269
592
4588
4150
2759
2349
1031
8897
5107
9774
1317
2575
2937
7666
3884
8558
3201
9925
8085
9591
6657
5240
9664
9865
5570
1287
8854
503
4200
9750
7179
3821
342
1767
7971
3102
4117
9003
8351
5576
5129
9668
8151
4418
3687
2035
2976
6888
8312
7414
6479
1321
2654
6143
1187
4576
3782
6393
1431
7982
6143
8611
1803
6485
378
6127
5939
847
5130
4290
2776
6611
311
927
1030
3998
9315
358
7238
3979
4124
3717
5301
3130
6213
2840
7706
9995
9233
9138
4330
5376
7749
2485
1861
4479
8612
7801
1679
94
8443
4455
6706
5106
1734
4088
5456
7401
798
2694
1381
4923
6412
6682
8053
8977
5874
2112
5324
5107
1250
9654
6835
5351
2140
8696
6182
752
2849
4213
7199
7645
5020
3905
2751
6755
4345
8208
4156
5143
7254
1889
66
3666
4923
4472
8995
797
6584
4320
2256
4186
326
9091
5889
2466
4140
8423
9571
6989
2637
6770
986
7657
7027
90
764
1372
8298
4921
2867
1904
3162
9286
5571
8086
3758
918
8883
6694
5238
1140
880
1917
6583
3121
4383
723
1544
306
4065
4181
3428
5051
8191
455
5141
8955
8179
9791
228
7399
1696
3391
6685
3619
7829
6795
889
3064
9841
2480
556
7073
4397
7140
194
5132
4215
1738
5439
8280
2272
8867
9684
463
5675
1177
9418
206
7321
5999
7605
5369
5742
642
5340
3571
3789
6229
6635
3630
8709
7192
703
3106
684
7249
8239
4899
8988
30
3180
1260
5249
9216
1723
924
393
7493
1131
4066
9844
5088
9435
5586
2083
4775
9157
5872
7357
2145
5855
2418
9337
2910
1877
6373
160
116
1272
9148
6498
4452
408
1747
20
8483
9024
414
2328
155
832
2173
1595
268
7759
3678
1395
3269
5903
5104
5414
1758
7523
1103
4668
9400
7476
4828
5868
8748
328
2366
9553
7088
465
9573
5571
9489
6339
7900
5996
3524
6425
7592
3792
4184
1270
1539
7453
3525
6644
9219
5283
519
322
9952
9919
4150
1132
2139
9251
1461
857
5156
4901
1322
1081
473
812
7421
4725
6808
945
1150
4400
1089
1686
2023
8980
5492
5548
1976
4711
7184
2495
1386
3488
8766
1888
4620
905
1139
2433
1762
6295
3687
3085
7377
512
249
1150
5237
7057
8447
2739
7810
5888
777
6185
4868
6269
1733
6845
7333
5269
9340
5071
8757
8107
6959
9730
5364
8099
8515
3479
746
2202
6564
8123
2714
6813
5625
4303
222
4072
7042
8032
9960
4172
4217
4829
441
2303
8026
4126
7572
7366
9197
6330
1825
6157
2412
7190
608
927
7021
1354
9482
9937
5830
2196
3102
1455
6500
3324
5528
9894
7709
1840
4066
1926
3021
860
581
1047
4986
8154
4766
536
836
6591
6693
3248
133
7301
527
7154
8655
9
7091
837
8558
193
2293
5058
9870
4173
1304
7579
6013
1723
9505
5387
8935
6439
6434
273
4593
1200
809
1781
4144
7502
1381
4277
1155
1908
7784
6163
8270
1227
7000
6828
7773
9293
8238
7643
9818
5894
5222
2184
7617
1079
7571
2904
7518
357
3178
8463
1558
3987
244
2054
7842
1625
2683
5349
9886
467
1512
4508
8047
4865
7688
5820
510
5926
3463
329
8172
8685
8865
2142
6116
6436
5046
3635
3145
8224
2098
1055
8564
8695
3109
2758
6672
5793
8107
2910
2612
5972
7418
659
7189
5106
6479
7699
7384
6294
4380
1909
4979
3245
4051
1096
6033
9097
1083
9179
7322
3181
234
2238
8228
3344
4996
4901
5489
9455
7811
8101
5427
5230
5113
2616
6688
7944
6668
425
4239
7400
2334
5570
646
6385
3018
3031
5482
4101
8562
9156
3635
8797
1394
1863
8493
2742
6764
3982
2198
928
8435
7625
6158
9900
6594
9198
7845
9614
5975
2084
7014
8309
7654
4012
1046
673
7044
2881
4774
5606
2037
4761
755
9784
6625
9248
2526
9741
9582
4724
669
4370
8702
3179
4270
1648
8730
2115
1262
4705
4199
8276
9367
8206
8641
6765
8879
5685
9646
5
7643
8036
4767
8399
4172
7744
3999
6698
7485
9934
7775
4507
656
2829
7686
4926
4477
6416
3394
5739
7474
3945
367
3193
2151
9008
9958
7382
1045
9605
7388
8689
3993
2155
3440
8165
9899
3791
4863
7384
77
8990
8243
733
1819
5930
2012
6296
8698
5406
8387
2524
5703
8755
5717
7855
7763
5676
5237
5161
1633
8977
3850
5626
1132
3642
3791
1031
3785
5006
4768
3863
3997
3011
948
2168
5293
2960
8465
344
4718
3204
2868
422
1959
4938
4629
6075
614
6218
1236
8599
5196
1438
4225
2680
1432
4368
64
5217
9374
4832
5432
9723
4195
6381
1892
5841
9341
6709
6185
412
9913
5405
834
8225
343
1815
4300
7309
8033
1888
5908
9581
9678
6485
2262
1110
853
2326
2679
228
3510
8112
6303
4057
4493
4547
9898
186
1256
2435
598
7522
4193
1432
5747
4536
9599
6399
8198
3985
4639
458
3566
4317
6944
2180
1779
7797
858
4458
4377
720
2570
7033
4778
3415
1580
1028
3602
9189
3464
4200
6711
7657
1985
8810
8545
7936
5209
3095
1921
9848
3554
1840
517
498
372
2296
4647
1231
6754
9025
1951
5677
2410
3081
9092
3990
4110
9046
3179
3926
9599
6242
7935
7936
5052
2832
5872
6613
5928
7794
2813
9482
9634
3330
6332
6358
1978
979
7589
5085
6356
5893
762
8766
8974
6206
9109
9436
5253
8640
3362
4852
4883
7649
2788
6287
482
8660
2901
6410
2806
2066
2244
8792
1749
8576
5151
3727
5907
9092
8812
8616
4985
5926
3734
312
2133
2843
9748
3738
1484
9463
8590
2719
7112
7730
9006
7594
2742
8259
356
1901
6678
2600
693
8427
7528
2196
8506
3436
1289
7319
8404
2626
9597
2138
2938
1730
1334
9039
5468
9170
8502
410
1889
1966
4492
7247
9561
7235
1859
9917
9136
8537
8870
6181
6964
6398
8378
1822
6186
6019
5493
4590
8645
5091
3081
1584
6821
4415
6975
8642
3585
5477
9052
1826
7443
3545
9073
3356
7132
932
9626
2620
9469
4848
5153
2785
1246
9883
4608
3785
5902
101
4727
4548
1544
4160
2484
8366
4927
9459
3360
8512
1288
8764
6690
5083
8661
2116
4792
5793
3048
4418
4765
8870
5618
9919
8007
3216
9802
8967
7001
2057
5421
8081
6605
6965
2241
5441
1683
7169
1252
5043
2033
2540
3808
8724
7623
8821
7192
8767
4615
6592
9537
5732
1814
5155
2003
9822
8372
1806
5141
1725
215
562
9806
6820
3880
8400
8613
5563
5569
9865
6959
3954
2405
7119
9030
6380
5940
6222
5148
6907
2815
1037
8992
4629
6193
995
803
4565
2801
5945
2642
3016
2859
2449
6188
6739
849
1153
8655
2770
1018
5614
6724
9775
9085
2107
2508
1377
8329
4008
8285
7496
5045
7277
2126
1238
8272
9281
2155
7426
5226
4798
6794
4438
3599
9335
1177
800
488
6184
3570
7859
8150
6646
7634
7235
8753
6494
8613
3435
502
3250
931
5548
6879
9409
3138
1503
8691
5294
5281
269
6444
2076
4707
43
7763
2237
843
4603
8421
765
2462
6572
3763
6449
159
8869
2943
5124
2304
3446
4726
3235
5346
1605
8997
8484
9461
7688
130
4742
7957
6574
6818
2665
2969
933
4902
164
5537
9675
7281
7999
2599
1045
4448
2759
9914
3744
4235
8570
7190
8962
1805
2536
6919
7154
7372
6380
4842
7503
1123
2800
4077
4293
1817
3399
1579
3071
3563
7116
2746
845
1467
1698
8242
5916
809
4508
6012
5044
3078
3202
358
1235
2090
3630
8390
9462
6362
3232
6965
7485
2384
7395
8131
4201
794
9710
3624
709
3178
2723
7906
4645
4421
6148
6913
1582
656
2925
6626
3734
6127
3337
4970
8217
3319
9712
4032
9681
2944
997
3519
5329
4744
1650
5882
5538
7712
5859
2600
890
8582
506
5535
9355
3007
2449
937
3663
5374
3915
3750
7854
3604
5072
2423
6923
4784
6455
6605
7728
3805
124
9409
8549
8126
1644
440
5838
3855
9392
3080
2437
9898
8615
8144
2905
7416
9081
2921
9143
9348
6671
3349
2953
1743
5772
9876
2879
8580
6481
607
8737
2957
6369
7286
1083
4365
4078
3273
8220
3470
6353
7009
9721
1321
5153
8978
8737
586
1899
4232
6286
8570
7581
9239
6665
9706
5468
9544
4638
8301
6504
3375
1259
9225
7013
8694
3590
1092
1968
8162
914
8321
5171
6987
9642
6676
5966
4732
3614
7865
8964
9900
2788
2898
5492
5805
8956
960
1702
3594
9261
8206
6969
6872
3783
334
5567
3725
7778
7535
1887
8693
5856
3410
2032
1851
86
7998
6583
52
5864
1899
9952
5004
1149
5444
809
105
2756
2511
51
2018
7069
7020
5242
7204
7355
809
929
1485
8344
9168
178
553
2578
2211
2404
9016
6561
5339
9068
2425
3590
5373
3781
4740
7169
943
1197
9926
3454
1249
8296
6876
8269
3538
432
1976
4348
1362
3462
9044
6882
9992
5949
9461
8555
4705
4829
5117
44
3898
3894
3635
5623
4028
4727
2792
4971
5924
2718
4777
7173
1014
1653
1795
905
8438
123
5253
6152
9937
649
3034
6282
6599
2495
1189
1304
7325
6306
1349
7575
6553
1336
9550
581
2415
2342
5552
8339
1413
329
1865
2427
8335
12
3332
3125
135
4937
9277
6425
5587
2311
2707
2186
1159
3896
9842
4836
6555
1191
8763
9460
8879
8313
41
7646
655
1945
2338
2068
8626
4203
848
3313
567
532
6438
702
5470
5715
3479
7409
4379
6186
5947
5538
6435
5789
6726
2990
3333
5489
2450
8564
3802
8843
6211
809
7140
8549
9230
5766
9104
78
5432
9671
6962
1870
6725
8784
3938
205
6193
4669
2743
8492
6559
9178
4282
3285
2168
3967
5126
970
2531
8928
9813
5094
6089
6953
3643
5319
9072
9099
1749
4504
5122
8712
2726
8200
7496
3016
4757
3690
7685
7500
2182
4244
3031
2816
3881
5199
6783
9007
2522
5667
4287
2335
761
377
5641
4405
2048
4713
9856
3798
5569
1331
2510
8295
9531
6
1312
4288
48
5349
8140
8583
9594
1171
1399
9827
2723
4535
8835
5245
202
9474
3932
963
6203
5925
1720
8252
6990
7929
2050
2559
9260
912
855
8791
918
8519
9431
7319
3868
3923
5902
9814
1447
3653
5994
4170
4540
1181
5767
4742
655
6051
2058
6859
1977
130
1463
8967
8059
3513
7879
7319
777
5086
2462
8047
3605
8245
5366
3825
2169
7620
9992
3616
7626
5986
4138
2166
7167
9905
3261
4174
2308
1671
1033
4285
1801
2496
9605
9861
2361
7484
3532
3138
2570
2347
1186
2527
592
2904
2704
9113
525
2696
9081
8151
5034
3219
6669
8553
9476
6282
2728
8137
7953
3761
8774
9755
2610
8379
5968
4971
2215
5852
4462
1137
8199
2000
16
5144
4904
2721
609
1781
1769
9691
9932
6804
9262
2954
5357
5091
9236
8085
3228
3542
8199
2002
9649
809
6734
5617
2132
8949
7821
2946
6439
2373
4946
6455
7517
9851
9176
4478
1632
946
4169
7917
4102
9784
871
9459
4875
6459
3897
4455
1
8448
2809
9650
9257
9543
1619
7741
4845
5793
688
1284
8166
5634
7739
2035
1837
3268
6513
3470
566
683
7739
4668
6819
4962
479
8046
1421
4376
2501
7775
2824
5310
3777
8433
1206
1749
2527
2403
7542
3215
3687
5708
5201
7778
7743
7039
7398
608
6861
7964
7643
4600
2632
4462
5914
3112
2508
3687
3840
1361
1462
3017
6672
1592
1450
4230
3341
3977
6633
883
3544
6672
2943
8746
4450
7038
2137
1849
7646
8998
9813
5290
9950
8798
9752
5864
8262
8613
9551
2102
9974
7366
5119
2998
8958
2922
7228
8651
3251
3861
9534
6796
6885
8829
1894
1336
5867
4031
9537
3513
9381
5702
8803
9331
4500
4908
1547
9114
3521
7450
1217
3495
4816
2688
6494
126
5610
74
8777
5214
288
4663
8362
7173
3492
256
4861
9359
639
4398
9225
6372
6453
4380
2055
7305
9288
3602
6420
9161
7404
3989
9009
8573
6677
1855
8699
8640
1929
3829
3854
2217
8492
2216
9391
1985
8824
604
7696
5815
1355
6921
2187
7808
7654
4242
1465
6942
4196
4237
2456
1600
8226
1465
173
4904
3320
5225
3544
5249
9054
3750
3819
7546
2318
9562
5883
1142
166
9932
3309
1521
6853
5496
5681
859
6090
3499
4154
286
7736
6610
8238
5963
8075
8412
7219
7747
3637
7115
9348
2691
865
9519
6589
3183
9081
2473
677
5600
2405
3986
3473
5610
9482
9155
2822
1924
9006
6976
2210
6742
3586
448
9057
8013
5212
6276
2112
5201
3391
1460
4244
608
980
834
3791
6413
9659
4468
2013
8416
8454
5487
378
4288
994
3200
6212
0
176
4774
3094
114
1575
2152
8127
6787
4780
239
8341
4524
8052
2585
5132
5384
3419
5276
1797
9430
9744
3811
7846
4551
5650
4577
5191
6644
7777
7756
2996
4306
2530
6090
4420
4105
4594
8900
7245
5727
9139
5586
251
3543
8171
1735
8927
7943
7011
725
7373
3108
888
1572
7659
6538
6149
9202
3182
278
6958
2530
4584
9489
8620
9005
9946
9567
7905
3543
5294
3396
9129
1897
3292
3653
3632
2219
1596
644
9296
5321
3752
184
6893
7763
6722
9394
6965
6256
9673
3924
5138
4257
3413
111
9614
9711
9678
3871
3255
1324
3620
2384
3221
6912
2389
6853
5483
337
7497
4780
5659
7601
1316
8904
5364
4391
8299
2330
6999
7972
2606
2138
8581
6019
2249
4548
2082
1927
4771
5337
3251
8391
4074
2824
1655
6463
9677
7139
6801
3527
8271
8812
1128
9587
7716
2845
3978
6015
1527
978
339
4133
9468
5273
6504
1717
6173
8586
9996
944
3924
9599
5688
4350
2423
7343
813
8452
834
3966
1979
9105
2778
9460
5045
495
8657
5375
2862
184
2705
9554
669
2173
1179
7173
3890
7352
5759
238
8296
6035
9837
3984
385
2260
7680
7551
7065
8514
1517
5396
3972
648
4856
5369
1143
9865
744
357
6401
3450
6263
7070
5623
7442
4243
5866
4794
6355
6104
9443
2390
2294
9779
9128
906
7459
6679
7971
2326
8196
3368
6298
8844
4576
1667
6339
4442
8763
3049
843
2213
9312
4266
4189
3107
8509
6407
4253
4864
8863
48
3607
1157
9828
2735
2064
3639
9414
6387
5965
3962
9755
8615
9159
684
282
5498
1478
5398
4899
2321
7611
564
6587
8152
3671
1449
911
4276
2665
9775
4325
6272
932
505
5359
9348
4144
4773
2088
110
5088
1843
8725
4247
8879
5360
6097
357
758
997
9031
4721
1561
1970
9226
1584
3419
137
2212
6085
9912
6537
8709
7197
7042
4069
2897
7539
5194
4985
7649
282
3181
2726
4529
2060
8086
627
2418
5196
7976
7801
9918
5889
9771
5496
7473
9543
5633
6037
1980
1898
2575
689
5447
5969
1110
8344
9860
6305
3330
7509
2939
2863
236
3821
4923
4674
800
3693
9871
8776
1494
6141
4665
7618
1637
8490
7161
3622
4527
9141
5520
3454
9830
7319
5776
7293
5664
5636
3598
5346
9498
2889
8209
6086
6710
3132
760
7510
3178
6983
6286
4672
3124
7303
2290
1113
2145
5803
1088
6673
4944
2960
6479
1127
280
2255
8420
5944
4244
8370
7642
3742
1259
5851
9828
7970
5335
6940
1832
8513
3924
8119
9538
7048
1774
8180
4514
3920
3984
5602
6945
5280
4914
3424
6407
5194
2032
4827
7490
6276
9549
5132
6370
809
983
6198
5131
2671
9490
6963
1184
3414
1434
7074
6815
3209
1607
1329
3481
5591
3283
426
7223
4549
202
3631
9744
2234
4810
7234
4862
4360
8719
7584
5169
6054
134
300
8725
9625
3615
6262
3039
5050
9688
9854
8259
1295
7535
1740
3238
7170
8518
462
1720
8720
4093
1464
7307
8903
5050
2169
9615
121
6106
1136
6176
6240
7788
4901
5865
1404
7515
8905
6454
7204
8759
1065
8499
2647
2805
1738
9817
7675
8552
1537
6395
2645
9353
54
7900
756
8576
3868
877
4682
5004
3405
922
2793
8307
6788
4197
2174
5693
651
9378
804
1716
4230
3451
873
2320
9621
8548
872
7510
1295
9869
6864
1350
7769
3972
9926
7989
1201
4608
2994
4607
5530
5787
9266
2318
9984
1440
4363
635
819
1520
8703
1401
1323
5928
3721
944
4476
4593
4807
2123
4462
8023
3473
8583
1995
9751
6573
3196
4359
9567
4155
6242
5354
3421
4912
1690
4862
5628
8677
2033
7148
7380
3434
4823
3308
7155
5768
4136
8100
6927
6259
2562
4950
6085
7497
6945
5836
4070
6493
196
9989
649
2790
1695
422
7702
3385
5284
3330
2062
3669
6830
9442
3455
1654
9102
6962
3774
3238
5062
701
5850
3976
5651
1935
1474
8948
4123
1896
5441
4319
1886
2442
3461
9933
2865
1164
3319
4501
846
5381
4523
7677
1176
4330
9331
278
1293
3105
9869
2707
3806
5719
3036
5809
4006
862
4757
8129
2758
6550
8801
996
5345
2262
930
4562
9778
4249
5415
625
5982
9938
4654
7158
4269
3985
7437
1914
3442
3658
973
3600
9377
4009
9409
9735
4871
4166
4216
3982
7068
3017
4978
2413
1632
2260
3327
1410
2861
8743
8387
8844
5033
3041
6002
5654
3378
9791
7568
6820
3449
8542
420
9178
8903
9829
8913
3775
347
3130
7757
7416
2499
9087
6181
4131
7700
9509
1894
6913
8252
6633
5757
3285
9675
8112
8940
3053
4255
2860
6226
4057
7754
6646
3235
6658
2828
8501
6785
3175
7983
4542
6943
6834
9981
9477
7318
4033
8986
9212
947
3590
5845
3056
3227
1872
7520
8519
4926
1776
1380
7504
5833
5486
4150
5420
2144
6978
273
8929
6506
4608
9823
9801
1443
6157
9278
8761
190
4616
4325
1137
4558
6522
546
7786
8395
8066
2657
9673
9842
389
7177
2027
5876
1327
3800
4372
4658
425
9654
7516
5034
9477
7317
6477
1986
2948
1590
2177
3916
5915
9666
8475
2437
6564
2613
7184
4631
5270
6857
825
5660
4034
9205
1536
1714
3005
5908
2724
3430
5562
6592
4816
1392
261
1293
9730
3209
9235
8259
3478
1502
4278
1953
292
842
4566
7476
5473
9836
4334
6299
1848
4720
1856
9736
2786
1213
5645
1862
4643
7559
8454
5812
5303
5068
3457
5034
4629
2693
9645
8107
4195
3923
60
839
4766
978
8316
6591
7167
9002
9242
9015
74
1098
8752
2861
2311
749
1075
3307
4660
5882
9119
6316
950
2576
7702
5579
1621
7347
3687
5817
1271
99
6656
2389
1078
1324
8980
8245
326
8223
3612
401
9321
2364
9614
7985
3113
7041
1292
4126
2923
6763
442
3873
9339
8144
5805
961
5491
9492
3130
3114
9591
6138
5503
7021
7463
4484
5266
4141
9059
8879
894
4732
7595
6860
2717
7061
3902
361
1187
3177
7124
1629
7051
6464
6125
2856
3777
7968
8700
3259
1083
4643
9397
2938
1665
3212
3774
3283
3706
2833
8514
952
7566
6110
7813
283
9523
8067
645
710
1244
4121
8691
4647
6937
4816
3855
714
2784
8907
325
219
3551
6075
3158
1568
9287
6932
4851
9345
6118
9718
298
3684
2180
4463
319
1703
2530
7316
8765
126
1438
7456
1126
8375
8624
4981
5442
7760
3889
5767
4332
3792
1842
7490
5360
7482
774
6563
3179
6892
2633
3477
6928
4813
4292
7248
2868
6822
4564
1633
3301
2354
5441
4427
7082
4065
5760
2524
8178
6001
4643
2510
9793
2838
0
1505
6672
7126
4421
9851
371
7054
3329
7299
8220
7621
4547
1088
796
5464
2722
449
7818
8163
1228
4900
8581
6988
3776
6759
9342
4772
9269
9135
7610
5621
6993
4282
9099
7766
4133
9470
4820
3814
6770
9392
7788
1317
481
8584
3133
9555
5385
952
4070
6613
2204
9003
3601
2333
5762
2943
7105
1383
8431
4715
3356
1776
5349
8808
9542
9482
8278
714
3297
5048
107
1085
2718
6940
6021
2203
6495
1406
3155
6917
8019
1712
5921
7972
4045
8035
916
1150
5771
5699
2217
9127
7475
7566
7935
3369
7048
2566
4083
6697
3966
542
4134
6684
7482
6507
8888
329
7913
8395
7247
2284
6459
9520
257
504
7555
7525
1654
3326
9576
3871
8806
3403
1437
3093
6772
4838
5659
7207
1535
9626
7750
2022
2662
5232
8529
7902
1914
2795
2650
5513
5079
9109
5033
1688
9614
8940
5565
7620
8619
5141
7844
7425
8544
5633
518
1668
6823
2530
8876
4711
8508
6626
6733
1170
8210
1614
5425
6476
4409
8075
1989
5841
3536
7022
7529
9502
2315
9447
3475
934
940
1319
8359
9485
3304
5229
7505
128
4111
6381
4839
2619
9359
7924
142
7570
9538
1919
4046
3948
6346
2388
9789
9882
5762
3670
9385
8077
9469
2860
9011
410
531
3722
6247
187
5304
3752
315
9415
134
1506
2035
9493
9430
8529
3415
8969
448
3814
9269
6794
6202
5410
3028
1964
9080
2413
6394
8550
1625
5405
5312
8508
9128
1559
8696
4432
5311
5363
199
1797
6870
8586
1291
2652
7115
1058
7973
3915
4872
7242
709
7426
2652
90
5743
8085
2503
2137
2987
481
7542
8299
5341
3022
9858
389
3806
5169
5753
4006
6967
8975
8944
4610
1627
6060
5668
9601
6327
6893
3195
3389
671
5848
3479
6414
3933
2334
8551
3272
9167
2446
1571
4509
1820
1429
4898
1979
2950
7003
2337
6269
2330
1281
879
310
3693
2900
6263
21
6145
9458
3410
6816
1658
3241
9583
1943
5575
4486
5215
4743
6932
6786
9252
5105
4567
502
3436
7518
3858
5773
139
2540
3406
7371
2850
7100
271
9113
3473
2768
4924
3235
5936
6582
6476
5519
4878
2051
6
93
6794
3290
3232
2398
8395
7799
9253
1831
1669
9463
3956
1809
2003
7363
5532
4854
4463
5803
319
4288
4923
5243
7523
859
8178
3999
6379
3056
6050
6385
3149
9197
6027
2733
7947
775
533
7200
8958
8554
6663
2915
6715
8667
278
2247
9873
1093
4402
192
1733
9325
1788
9256
185
6318
3255
2916
9374
5657
5653
8875
1206
1680
1609
9154
2455
8494
6354
1414
7048
9370
681
3764
8037
959
2363
4262
8404
6766
4454
137
6091
2594
5745
2628
8912
5352
1896
4638
1009
7549
3514
8568
5582
1475
7722
4389
6321
428
5803
3369
9798
6484
3485
4187
3795
5849
8449
8551
8967
9256
5040
5058
1850
7137
4039
7115
2489
2287
1753
9851
9837
1619
8419
1771
9446
6141
6160
5767
6569
8316
5489
2720
1152
5326
6907
1300
1175
5357
6203
6494
965
1244
7905
9167
4733
1944
6282
7223
4231
4388
7074
420
2359
1845
8543
1806
4338
4704
7573
7259
9372
3062
9979
524
8389
3239
8176
5916
4948
4380
8763
5913
1976
6668
5080
6709
8612
7715
3932
9195
8455
7358
5968
814
5555
863
2620
9893
5567
6546
3505
1291
5960
9836
1816
701
3075
6344
2970
8023
724
1733
3936
2700
8401
5369
9410
3365
9436
9694
8912
7891
7053
4880
8705
2608
2096
7678
8854
4015
4224
8711
5307
6536
8547
3475
7238
1623
9819
208
9646
544
1941
9935
3244
6694
5304
9006
59
1092
8701
8971
8983
5754
204
4040
4714
2300
1718
9920
6315
2294
8631
7974
8831
7179
1449
6069
8802
1269
2629
4800
8165
4570
4735
7761
7616
6391
6768
7675
7483
5469
2998
2818
1223
9554
6859
2289
8206
8577
8562
874
872
7193
8848
9703
724
298
2124
5878
7919
4753
679
2436
5675
1766
197
3291
4510
6965
7318
8345
2434
316
1164
9
6223
8023
2299
4429
2952
861
5303
3824
4406
504
9879
1483
802
2003
7361
5073
6756
4392
7509
8783
2511
7706
2074
3373
1024
9392
1718
3458
6061
2882
3468
8636
7257
2119
3065
210
9332
4721
386
90
5225
266
1573
2379
8621
5287
3804
1730
6031
1313
513
8542
5371
2588
1915
6395
8332
3634
9854
745
2868
9674
9381
126
1793
8799
336
1125
3520
722
7567
8745
7340
9141
7476
5962
4428
1280
7692
459
2593
4557
5354
4316
3497
3621
7064
1830
7255
6918
8927
6476
2944
8309
6602
1089
7108
3290
2214
6980
364
9781
5725
4057
5274
9553
19
6054
833
4063
6514
9778
4972
8220
4094
8470
1841
1158
6652
5449
4428
5579
1925
3724
240
4879
4813
3700
4521
3379
680
1237
9513
2757
5294
4787
2310
1665
842
3143
2080
3708
9273
7053
1928
9720
5523
3769
7230
8527
5570
8011
4106
7495
1735
699
8726
6549
4399
3247
6280
5080
4485
5793
7837
9779
6933
6500
7797
7775
9643
9877
7835
5269
6930
6115
4989
8805
6236
2219
7332
1807
230
7791
9302
1966
8490
8029
4867
9241
7628
1147
4321
8465
6941
8511
4597
3874
5011
2394
8001
1006
2271
2188
6275
5554
8303
1264
4359
4539
3484
8044
6346
3714
5835
2001
2032
677
6382
6899
9918
362
8047
592
8828
1340
9103
3425
1566
466
2171
5919
7824
4442
8107
4100
9996
2762
1716
708
3653
5200
8752
6352
5267
4587
8353
7299
1616
1087
551
1534
1449
8598
8478
6629
6290
3933
6406
7856
4399
8577
3775
2224
9372
8234
2676
9368
996
4392
6428
1001
5945
5180
7353
7564
6119
2058
1215
7735
3145
1766
5622
947
6716
4100
7576
3006
8034
3983
7214
2433
8912
7341
1009
8284
1927
37
4005
9275
4430
433
277
6727
5614
7630
4291
1733
9689
1858
5821
9186
3625
1443
6485
6693
5543
4062
6052
9929
4397
3266
8715
3309
6960
9724
7946
8887
6114
1951
8163
544
2384
8440
3623
4350
2422
4266
2436
8463
6124
8257
4002
6101
6052
487
2795
1595
901
5199
7877
5298
8465
6592
4960
1777
2668
9258
665
8782
1209
5180
5678
3593
9972
9301
4296
2394
9919
6732
858
6044
4989
4860
8497
1041
1699
7644
8988
2601
2843
6865
4251
7661
9809
5563
9438
2478
4821
6455
1260
6030
1635
6939
5976
1607
2592
272
354
2512
7004
1212
4908
8345
2424
3405
5738
4123
1050
1078
3076
245
4296
7328
7906
4105
2891
3697
6583
7713
152
4196
95
1788
1135
6071
9747
79
2695
101
2591
6051
7665
7499
4396
6441
7257
134
565
4659
7565
9993
4904
1861
7321
9163
5966
213
2860
8902
4278
3012
3098
4373
1152
585
6797
7252
664
9492
7353
3256
5544
5019
7107
6292
1460
4364
6427
8377
9023
3992
8371
280
2205
2044
9443
8171
2257
2303
3425
2887
1667
6523
7261
9172
7108
4058
6424
4125
9902
3777
7381
5446
5148
840
8091
2961
5205
4518
7690
580
4862
6061
860
3419
4458
303
1590
3067
8958
5016
5955
6978
7891
9568
6150
1352
9978
2574
5477
9880
2703
9210
1679
7852
50
9770
813
5255
640
8503
2188
1854
917
3048
5273
1727
9704
3215
4794
8662
4583
749
5640
2475
317
8142
179
295
716
5656
6528
9772
4866
8207
7624
1268
4329
4789
6524
4969
9644
8712
6823
6913
8112
2096
8640
7816
1663
9787
2831
6247
536
4823
5074
7206
2966
5253
3853
34
909
381
9806
2127
4940
3782
3395
9269
8571
6271
4238
4568
1335
7413
7833
9448
5861
6474
3616
7525
6261
6447
124
3149
7623
5198
6707
6941
451
6913
6975
7712
3646
3134
6191
8587
6916
5938
4208
1840
2210
4799
6408
9897
2212
4241
9345
4426
7067
9314
1951
9680
2113
8427
9182
9736
3625
2241
6677
428
9154
5
4492
2801
3139
683
1388
55
6621
5596
1895
5183
6747
4655
5081
8960
5249
778
3386
8668
92
1689
4701
2206
6468
3883
1942
93
6124
4972
6873
1631
4977
1365
4432
8116
2048
5820
4523
8669
7768
6419
205
868
7426
5286
9828
9027
6064
9566
7696
6157
7607
2397
4715
4075
2632
3009
520
5108
7981
7393
6739
9310
8758
1171
3778
806
3343
8302
5827
7464
1073
2384
8332
8499
7670
4512
7527
3735
430
1575
6244
8037
3972
7311
8464
2956
320
8984
8064
4654
6377
1156
316
1487
2327
4095
8645
2023
2397
824
9487
3470
3209
4171
1969
879
8683
5848
966
9113
7423
3562
3502
7747
873
1966
7055
7546
7302
5120
2200
31
2628
2516
1518
4955
2963
163
3330
5360
7339
9169
8830
548
3340
7152
7780
8375
3000
8746
3840
6776
8661
7342
875
9534
5660
7931
7080
2962
9403
5632
9345
2031
4501
863
3338
7464
7378
6669
2825
4718
2190
8007
1618
5531
5159
9398
258
4512
4497
4099
1288
3158
7793
8515
9044
3454
6446
6125
2768
5849
8109
8466
4232
2610
9329
3923
6427
3060
6944
5604
4130
9134
3611
5748
4665
8771
1499
4924
3283
2348
5375
923
5506
3168
9438
902
2974
2237
7027
2095
4438
1489
561
8671
451
6242
8946
6878
9302
5890
2482
3432
5024
6094
5533
9690
1217
3384
966
852
5732
6341
1775
7590
5861
7565
8492
8836
9802
1872
7283
593
3361
7844
5616
3812
438
4562
7043
9741
452
5877
9525
5476
1971
1410
1518
9540
4794
2484
392
6878
5177
8519
820
1039
6085
9313
6227
2239
7537
9862
2832
898
4058
4800
1062
4496
9362
4457
4237
9814
335
115
5291
8658
7877
6809
8199
9024
5646
8591
5902
823
7111
6723
8214
9548
2388
793
8139
9925
655
7324
7175
1065
2124
4589
5562
1487
9047
6151
1301
9382
6266
2944
8040
4144
6106
6239
3168
1752
1183
5422
8927
4646
8497
7142
4194
885
4287
8685
7162
1295
6009
4337
2360
4486
5279
7922
5973
4326
4074
3626
60
6692
6571
8100
7188
2677
692
6708
781
8227
2131
9708
2873
6980
3202
7067
4218
7490
5752
1380
8785
8114
2070
7497
2600
7349
5420
4925
8027
5846
8551
8087
8890
1474
2539
6079
503
9583
9139
1284
7810
1270
7345
683
4603
547
4102
8821
8037
6207
6553
3174
673
8623
672
3273
2324
2444
8198
351
4642
3101
4790
3532
928
7330
5963
1431
6913
5103
9068
1076
2725
6413
1759
7328
6960
2214
2501
1350
8421
9055
876
9094
4030
7900
8719
2707
6696
6917
3058
1338
6370
7849
4871
7298
1531
7186
8730
8444
2289
4150
5872
5015
563
7632
2343
3875
9846
1197
1577
4619
252
2454
3713
634
354
8784
3341
7051
2053
6400
8389
8423
601
9612
5722
8484
6799
804
3280
5440
4954
9153
455
1869
6785
9151
2096
2983
348
3674
7602
600
6128
7667
1234
6482
2803
4576
9885
4856
7328
4627
3279
4281
591
5353
2765
3742
6157
6045
9183
7463
5198
9638
5684
8335
8789
7781
7670
5489
1455
5272
6089
7583
9291
3676
417
2094
4604
6655
6950
8284
1282
6582
2565
8225
1935
1682
1968
4445
4079
1151
1908
9278
7141
3945
3965
2283
1726
1636
7772
3181
3260
214
7116
8904
3890
3885
7350
4846
6892
653
3130
4526
7235
2047
2752
9170
3729
4720
9967
7808
2223
1876
3438
5716
5821
3756
7999
3899
5392
5772
3432
8652
2338
6900
3908
6228
785
1259
7426
4030
1912
6908
8556
9147
8955
1308
4669
9036
2380
4637
3196
955
2865
2987
6672
5038
6743
4671
8937
2135
6795
8721
7139
9133
5621
1048
1713
2758
8659
9139
6788
571
6047
5345
6070
1354
3005
7091
6742
1738
8080
9939
2693
945
2926
9365
2335
6021
4037
7624
8156
832
6345
1647
6318
1966
2695
8031
4725
1354
7171
7865
8277
9570
3210
4347
7277
2568
1439
4019
4306
5871
310
6999
6817
9588
6365
9152
5609
6754
6777
3765
3938
3122
1765
256
1441
4460
8288
2518
2167
1811
383
6796
7733
9946
1144
1362
2514
8935
5382
6820
4806
5692
171
7975
1633
2888
3480
7242
9642
6609
7360
9933
6083
9125
189
7524
3585
4829
42
2104
2992
426
8901
726
6724
6397
8440
9238
1684
3822
2410
2842
5867
8933
818
7500
1822
650
4742
7816
7259
2102
7749
3342
1227
7939
7219
1165
9120
7261
9621
2113
4039
8522
9191
763
1271
7631
6353
2955
7806
5115
2150
3673
4049
2968
7525
5871
3618
8619
3687
7229
7074
1437
571
4653
5728
7790
5818
4848
1404
1792
3313
1795
6666
2504
8911
7938
6488
5264
7245
4294
380
9395
4319
4429
8715
8196
6652
8685
6815
339
5914
241
8128
2838
4895
3856
6980
7065
5057
8384
8857
8370
6532
5524
7227
5443
9814
67
7059
7059
713
3791
2807
1384
4572
1522
9580
1224
6560
2747
1564
2474
2989
6044
5312
4236
9901
2293
1301
4958
7029
6511
9680
3561
2035
6907
5356
8201
3326
2416
5260
4039
2559
4419
5423
7132
2294
1355
8356
8854
4103
6272
1328
3444
2317
2993
4032
8570
5286
5333
9880
8667
1844
9560
8581
231
2820
3937
8432
6146
2705
45
6538
5265
4464
1961
2397
6758
3317
7105
1964
3772
3378
3293
3568
2047
6286
7600
617
7924
9285
6849
2943
7482
6409
1524
7713
5581
5462
2498
1728
4519
2543
4618
9784
3359
6579
8533
6470
6248
5639
8434
6372
5369
8079
9940
7416
717
3892
4385
4993
9530
1234
7937
7012
3995
9461
1077
9577
1275
9927
7657
5795
8822
2275
1931
2182
5206
465
5004
7807
6104
3438
4179
1473
1518
472
5241
8587
716
5978
3581
246
3564
1518
3610
7559
7331
4688
3488
4959
967
7497
754
9790
6124
9037
8324
1331
9502
3328
5490
1958
6766
9669
3431
4636
141
5024
3224
7210
1002
6805
7456
918
4675
1067
8478
2006
2107
8318
6965
3074
5816
4071
2864
1940
9461
1188
9623
8963
868
5113
922
3987
1135
705
8623
7628
2082
8199
4838
9436
1356
2295
355
2383
9714
5185
4390
1821
3503
7707
1247
5671
8131
464
7612
7592
8004
3587
2907
8873
5053
181
2860
6188
887
7835
168
9321
6035
5007
8757
3743
3654
9112
6127
3368
4297
6869
1541
4153
928
9140
9824
9059
9604
3788
3003
7609
7376
2263
2834
8781
2444
5694
1321
9683
3529
1489
9004
5916
2848
7762
9660
6502
3226
5787
6222
3876
9008
4115
8029
9936
3256
7853
5348
9212
1642
4703
3173
5370
6966
6007
4151
9411
8053
5472
9094
1583
3313
4451
7499
6162
8565
7159
2664
1791
9298
5239
2019
8306
9354
48
8243
8962
4254
3591
4527
5896
8294
4052
1266
1613
6412
1769
1024
4465
7241
6470
6048
554
7273
9900
6716
5838
7059
5733
3982
2710
972
2353
1016
6678
2402
5611
1993
6656
5554
6520
8904
201
6924
170
1814
3336
8291
9190
7802
5532
2012
202
2438
5638
102
5507
7828
3514
7592
8162
6224
8564
516
3592
1594
2918
5556
3587
5926
1110
6459
4830
7663
9736
1352
5829
3072
9643
1371
874
1527
3384
1077
317
5374
1179
5824
3202
4693
9768
1365
7269
8332
1881
862
6279
1151
6418
6218
7077
3880
9030
8259
1544
8766
5963
3725
1838
1958
5097
9065
9837
8481
6494
154
207
4025
2331
3409
5071
2099
4774
2340
6784
3007
9554
9415
4158
2324
5633
7587
6205
4663
2198
4101
9781
8161
7826
1620
6471
2923
7037
6308
7756
3531
2815
7963
7556
1498
7725
2627
9949
8851
4968
3085
1859
874
2500
2369
3199
4486
6309
5756
5501
8507
6209
5283
3021
4035
3255
5844
3311
292
8505
7419
3823
7672
1735
7731
9170
5812
359
5471
4663
1679
4909
2874
2553
3761
1596
2104
8247
7905
7860
101
2764
4069
5384
5785
4457
8639
7982
4120
5283
6487
1539
9106
4159
9626
6837
9681
5438
3548
5152
6454
5227
61
9328
4133
175
924
6237
8422
5181
4098
8523
7946
4519
259
83
8976
5250
8065
9448
533
904
988
9639
5063
6966
2829
4744
2405
6377
6249
8859
7957
2662
4539
2090
2837
1816
8327
7612
6997
8777
2487
1295
9649
2747
7731
8625
7997
2148
4426
8531
3053
1766
4522
8116
8732
3703
9213
1137
6433
5462
6348
742
8124
888
2832
7314
2704
7511
4926
6053
2641
7413
7349
2290
6512
1432
7267
4510
3580
1693
9393
6633
3459
267
1102
2192
323
315
9681
3108
2129
2382
3850
6605
9622
3034
3919
8678
545
8845
4731
9538
2611
8432
1828
9123
6216
5448
9985
9797
3493
5730
6430
6953
5998
7532
5497
2673
4199
1530
5781
6328
264
9631
2934
9886
2665
3205
4916
9562
2051
6000
9101
1014
784
7281
137
7001
9081
6475
6798
2575
2205
9580
5880
4555
7113
1377
7228
7664
9259
3009
345
9524
8992
3279
5762
1657
6484
679
1220
4887
6679
6673
2253
3815
306
2391
816
9388
5218
7614
1963
7423
7195
7843
8331
660
5572
5559
8324
1183
4921
5021
7059
3913
8300
2822
5571
1137
9853
3143
2376
2884
6168
4630
6699
6474
3373
7516
2214
8591
1482
4177
2366
8677
8372
697
5689
296
6257
366
1480
7530
5387
8539
1443
40
7713
3366
7529
3918
2861
9905
3154
5381
887
6206
1856
4260
74
422
9203
1556
952
7922
6586
9324
8619
2275
5973
1228
2641
7453
8758
8029
2344
6554
4421
6410
9920
1950
6680
9134
8207
6187
4515
9095
2393
2723
9707
2467
3146
5263
375
4098
3185
6961
9774
1804
5589
2099
9385
8230
5904
8143
2611
4601
1049
7032
7363
970
5334
4043
6456
3542
230
971
2637
8975
3695
8696
1442
3193
3959
8170
3643
7144
5131
9769
5301
720
1869
4686
5303
7773
9181
7914
2374
231
1299
9737
7553
6633
133
4009
175
363
4980
9164
5691
5027
7861
3485
8220
8172
1655
1863
5317
6787
7985
6970
3859
9854
8008
9162
7627
7189
3429
6354
3772
4728
2443
1325
7713
2576
1686
7889
9292
3019
3405
4983
8046
1266
8468
2619
5791
124
834
7460
3263
8819
4430
7122
8673
8790
2637
2653
2331
6066
5359
6104
7146
7802
3781
4859
379
5468
9100
6023
4839
8858
1006
2885
6476
5826
5504
2267
2302
2691
9727
1917
1510
509
5392
6536
9299
8029
5541
1631
447
900
7735
7593
8702
7868
8804
5433
9688
4257
7808
4527
3115
5166
7413
9591
993
9269
8211
9647
8312
7938
1565
9823
8448
6957
2711
4099
1338
8252
5730
1785
5504
9817
5730
558
7686
4534
5992
3726
5143
152
8254
8258
5319
2019
4202
2664
7640
2413
2311
5953
6703
3876
2128
1503
7185
1191
5603
8523
9443
1333
308
4947
1151
6038
1857
5189
6925
4201
8915
2068
4354
3521
6679
9673
1892
7233
2337
9533
9646
4648
1838
6349
4877
3966
4205
2062
5157
9808
6938
952
1141
3598
2251
8644
5989
4108
185
2914
8310
5453
1334
2664
8974
8013
2337
867
5246
1026
6752
1244
2026
8590
3946
6903
8908
8151
5318
417
7959
8608
1369
5452
2206
9972
4097
8195
4080
634
1109
8742
6087
8796
1406
5062
6809
95
2281
8408
7473
9033
6004
9500
3975
9950
6403
2883
4453
8073
3300
2412
6681
1021
4217
5240
993
8314
3435
5073
8948
897
168
1388
9693
1574
2802
2854
8022
5083
1262
5495
468
7267
4995
795
3569
7751
3678
8023
2176
3330
6787
8858
4351
1004
4098
1696
5670
3885
3121
971
4782
3289
2359
827
4864
5161
3682
9238
6596
1296
4733
3416
8563
9729
4211
8485
3832
4241
2860
6008
7571
9647
1218
8274
652
1668
9970
6322
5554
3091
7293
6688
6381
6004
7516
1245
7517
1198
483
4113
2494
1568
3881
7410
7649
8092
2247
1481
2333
5107
3842
9904
4754
5060
4530
1758
6729
4500
8081
8635
7592
1726
5323
3973
4083
2839
1570
1600
389
8405
5714
9236
9973
9595
6646
3975
4040
8893
5456
2725
4000
5650
2630
5106
711
7160
6865
3792
8013
4946
8779
5605
3024
4102
9578
3459
3294
7500
5060
35
5905
7126
9271
5878
3073
5917
9853
7113
1162
1662
9839
1514
3664
8821
6621
4375
2333
3486
4519
346
4784
3298
2303
4160
3753
1881
7620
3399
9381
2680
3434
1638
9806
9058
3869
9231
4975
74
2697
2490
8088
2536
4004
1753
7709
6977
6128
6394
463
7000
3093
5247
6650
5396
5760
403
3630
3380
154
9363
6060
3589
1002
2218
2647
4871
7801
3974
1297
498
2816
9386
9386
3173
1139
7095
150
3619
9842
614
619
2935
2213
7270
4683
7973
4025
8313
7705
4180
4029
117
4121
5031
2335
3120
6254
6489
3446
3903
6987
6263
3289
6374
9436
4428
9821
5938
8048
9663
2904
5019
8950
5118
8641
3634
9443
9019
8299
7149
9551
2328
7266
3672
3711
5954
3144
9965
8795
6590
3869
5782
9205
3510
8508
4993
7939
8330
932
2339
4345
3836
3710
9648
5306
8704
9634
4750
7723
7933
8251
7274
262
1869
7298
3973
4175
442
291
2970
3384
512
5105
8942
4022
3613
3935
8313
8295
4867
7004
8993
5056
715
8641
362
5771
8275
1464
3494
2560
6067
7120
9174
7937
4418
3148
8464
1212
9791
1435
948
6655
6540
9890
7029
6505
178
5343
4801
5045
8699
146
6453
5766
8787
3168
1537
3414
4632
5031
2326
7052
2151
1501
1341
2921
1001
9805
485
792
7592
1434
3799
484
1324
828
6990
1502
2523
8143
2900
1223
8289
5705
3341
3428
8873
4879
3194
9858
6262
5520
6910
4766
7021
4603
4039
8022
4408
4525
5166
8353
5959
8965
8837
3635
6146
2179
1490
8669
6674
4390
6244
4963
6447
9586
4743
5321
817
7937
1531
3431
3458
4793
4549
479
9396
8589
4854
156
3114
6372
8509
9073
1690
3699
2708
7836
2230
4198
6505
8905
4940
9102
220
7740
5040
4964
3061
2209
2901
944
5640
6359
5737
190
3191
5133
8779
4397
5289
8245
769
151
7318
8811
3850
6378
6647
2432
6929
9505
1337
8221
8607
1558
5961
3647
2874
9022
2208
5775
9966
7848
8487
2055
4390
8030
7188
9521
8779
8830
7766
5900
8981
5084
4712
9183
7815
1359
7967
4744
864
9305
2965
5823
7215
8927
5822
6441
4301
8030
2216
620
5879
7055
2675
6621
1437
6216
6143
216
5046
3909
6117
379
5346
829
5914
3161
8540
3881
4257
9405
9538
7222
1580
3105
2501
7403
9546
6803
5433
8115
7423
7664
5170
6450
4286
6608
2666
6781
6824
4064
7042
9293
795
2388
122
3061
1901
5015
3295
6158
4420
2833
9733
6000
5939
2234
9755
5485
9037
1541
9952
2812
9205
5123
9263
9843
8083
8281
2976
4907
2346
19
553
9493
2407
675
2555
661
2042
5850
6819
6462
5035
2904
8815
7326
5139
4922
9164
528
6463
9116
3341
5669
4239
8956
1864
2322
7237
4841
3582
5935
1212
4135
1781
9971
1162
4336
632
3205
6538
3804
6019
7925
6708
1186
5252
8199
6109
4416
8728
2572
3532
2069
4593
7772
7377
2810
6446
4614
7651
28
6902
5215
515
8683
5186
1678
9371
5819
1235
5909
9623
7254
3834
2683
8441
5438
883
902
9854
9611
3474
3387
8032
4420
7511
5409
7230
309
6375
1233
6690
3277
6448
7205
1960
1634
5235
1331
7453
6470
3592
3428
77
3779
2464
4870
9217
3347
5772
9072
9310
5598
8811
7342
18
2674
2751
3600
2983
9126
4833
9673
8756
7633
6879
716
9268
8466
8400
3073
1289
1992
2854
1366
2123
5318
2588
1341
8665
4712
6765
7975
310
5576
1669
6681
4602
772
281
7585
6250
1467
7259
5006
9100
490
5723
4720
8956
475
4146
245
2467
7000
1611
943
2318
551
2284
7335
5263
5401
5310
5574
7329
6979
8607
1931
7751
5240
9516
4001
6707
3127
5360
2160
3617
1083
3232
2574
7910
7378
2819
377
4378
783
7672
3048
1334
6308
383
2950
1709
5693
4876
9038
9024
3483
7321
3127
8723
6838
3481
1783
9965
8841
295
9935
6276
3527
2509
4186
7258
1680
915
1636
2463
8588
1037
150
1248
1420
9452
2958
3466
4328
8348
2490
7811
5670
1970
2886
8860
1803
4669
5177
6996
1316
5112
9624
4844
7621
162
8454
9302
1077
90
8117
6017
1127
4619
7266
8900
4071
6576
2366
4751
4924
1208
2562
6946
9530
5449
5806
1333
6470
984
8329
4139
6096
4305
8983
70
4467
3789
5724
1897
231
193
4266
1359
1165
7884
6611
1588
4460
8977
6340
5737
185
5254
2683
9716
7055
8490
7401
3526
5826
2083
7665
8274
6388
3000
8344
856
6789
420
9105
7020
614
3371
4731
8131
1256
7694
9719
2068
6671
6059
7805
3209
1314
489
9277
8369
5331
6678
8247
1157
8761
2264
5783
1502
1616
4128
8710
4757
4548
7815
8130
1514
1186
9213
9645
8794
6908
9365
863
3579
1776
8668
3140
9442
5509
2417
4164
840
9096
8763
8349
4209
7380
4133
2063
8996
4613
773
106
5513
8588
8236
7028
6127
7449
3025
4921
709
8742
5784
641
519
805
3781
6313
6314
6199
6829
7155
1647
5593
5504
2208
2973
5989
4272
1969
602
5045
2075
6116
3634
6663
9496
6113
465
2521
1034
1174
1264
6819
1815
8135
7624
5597
800
290
8148
7630
7445
9795
3223
9302
2003
6196
5291
6275
4517
2246
1321
2945
8362
1307
5960
4210
7420
6425
6731
4806
7600
4347
7977
9415
8834
1953
1364
9635
2244
9512
7265
6041
9307
488
5343
7663
3036
6987
290
3905
9233
7963
3202
3947
9270
9163
8157
3042
5588
1240
4201
3188
5588
2178
8956
774
4132
320
409
6376
9833
7674
2417
5492
4514
4113
9507
3902
7452
9798
4160
6685
7761
7362
6984
3384
6525
1493
2778
8466
9085
6979
8006
1025
9158
6962
1800
9642
3635
2209
2370
9820
6236
1139
5312
7102
5252
1172
1005
2704
970
1517
5741
5083
8879
9077
8467
1757
570
7598
6575
6008
929
4581
7033
6439
1544
5185
6081
1531
7395
8451
1351
9983
9591
3015
7085
1195
4187
4442
3900
5157
5959
5993
6593
1191
5071
1412
9300
1993
9010
5875
8001
9940
456
1387
6379
8352
6572
8813
9883
319
7264
1234
302
3207
4250
7388
4403
4789
8182
4655
9947
494
648
6540
1685
5719
7952
985
7713
3315
6860
2066
9607
3668
3453
5986
2021
6378
4799
8256
6697
8416
5843
7000
7975
6445
740
2378
1234
5274
7033
7533
5768
4034
425
7453
9753
4730
8438
3818
8045
1650
5885
7652
5319
5690
9990
3692
2068
1142
1948
8766
9558
4143
2118
3885
588
2858
6264
1823
4484
9649
5708
253
3683
6134
7706
3437
864
2497
3607
8909
4147
5844
2913
5818
1535
2903
9510
3603
397
7811
8721
6307
1954
839
193
8895
49
6457
7070
4534
2458
2778
1139
6142
5264
8845
5931
6128
1342
5890
1389
1842
1735
654
4012
3270
3558
9875
3225
307
7686
8299
6615
5992
5490
6808
4887
1892
9617
8309
2778
8427
1088
3917
4569
2704
2762
6852
8833
457
2743
6574
8651
4478
7229
2663
4100
7139
2538
3677
7446
6576
1976
4061
2569
7467
7221
3808
9359
3190
2118
2137
1618
9558
6054
2539
2262
5168
5744
7447
5625
4839
4022
628
9317
1251
3292
9769
8390
5830
3446
2188
8759
5423
6250
1328
9242
9823
1488
8601
9366
9958
7090
984
5868
9496
9875
4483
4664
5619
1930
6642
6810
2304
7270
6127
9907
6914
2248
8297
9097
5695
486
7856
7470
3088
5536
6712
9263
7024
1665
8629
6983
8755
5965
9203
4603
5841
3686
9267
7812
1969
2261
4623
4273
9532
7102
4181
6446
5703
8830
1895
1398
5668
9751
5220
5108
5287
1932
4372
2312
9949
3001
5647
8704
5319
4850
3307
7512
4889
8926
1676
6858
1188
2651
7483
7072
6106
8016
9870
1809
3199
1766
9559
8867
1517
4779
3976
3157
3063
4700
1821
3012
4053
3820
8068
9372
5022
1375
3236
9911
6653
4913
3121
4193
7564
605
1265
3670
4973
7488
5479
8172
9254
5038
7040
7123
6169
7368
280
9232
2068
8453
2244
2473
2273
312
1846
7296
8039
5082
7207
1045
6347
329
5238
3912
7286
2856
3934
2259
344
5766
432
9598
7156
3824
3073
3326
7544
9706
2558
9612
8159
1155
8437
433
1467
283
4081
5859
1718
7640
6904
8065
4321
2142
8329
1607
4998
2264
219
5342
8030
7003
1292
5186
827
718
8512
8371
424
7423
4335
8583
8578
2772
5368
6397
9408
5801
2256
7478
3442
5512
5543
7763
4007
3873
9371
5357
2489
5942
700
519
2945
8344
2057
3772
9062
6922
8495
5838
4345
9182
4422
9275
8306
6142
2024
4066
1944
633
1544
1738
6145
7088
9501
6504
7313
5224
1862
9802
1166
8914
6673
463
7258
8730
587
2673
5652
9082
8511
6349
4616
9285
5624
2923
1780
4001
6989
76
4634
8534
1814
7131
1974
7667
3636
9287
2892
5498
5441
410
4412
2114
874
8022
844
1461
695
6497
6896
5559
9198
7864
4844
1175
787
6624
5176
4129
6700
6162
9015
4866
3293
7341
2534
6929
2980
5426
8779
8421
2188
9543
535
9414
7566
7731
7228
4613
580
476
172
9779
8340
5017
954
9128
7993
6130
9609
4694
2292
4976
9560
1937
2317
2094
5219
5297
3872
3998
3718
2413
3542
605
8179
7460
8336
5407
2073
5269
5883
2246
5048
4224
7263
2354
9704
1608
4836
5665
6302
3480
641
2215
5417
2958
661
636
8255
4534
987
8325
3299
881
8930
1478
8341
3618
3238
6766
8887
9121
9012
287
9697
2627
2641
5753
4236
7477
7770
6890
957
8411
9105
2727
1369
9767
9715
5976
653
702
4301
304
7935
9583
1782
2628
9554
1372
9395
8441
6846
4759
8729
6543
7387
1370
8649
7975
5200
6419
4865
6157
1183
3971
8884
8904
90
4952
4881
7095
5654
5534
7399
9942
1470
5533
2570
1024
6906
8317
5817
3752
3077
4546
6647
6816
2269
1648
4791
7469
8068
9656
9978
9251
9979
5215
8155
6421
167
9388
9868
2173
1275
7267
8467
2745
9153
7390
121
2411
5707
5938
6163
5136
485
9162
1952
9106
811
6743
2927
5231
2752
9257
834
9083
4472
5341
5505
991
1082
1725
9517
2357
8993
4336
1454
4498
1726
1575
6909
3786
7513
9424
8922
4350
4938
7227
3456
5749
322
6383
7332
3074
1993
4518
8510
6465
9860
367
3809
942
2092
9678
9651
7437
4014
1105
1935
5741
2680
5196
5879
193
4620
4801
4544
9559
2028
4352
1660
8703
7088
5345
8129
9081
9863
6639
1898
9723
7006
5707
7017
5451
1737
6668
2888
5752
7773
1176
7845
453
6372
3724
6999
7345
4877
1543
6904
3258
2247
4916
1961
9335
261
90
8416
125
3082
315
6200
6440
2374
3218
1891
464
9886
1132
2568
4012
2308
413
4465
5032
489
7816
2377
1718
5711
5633
4976
7959
550
3289
7294
811
9732
2063
7288
2814
8730
3489
9254
1104
6707
7498
1568
2945
4982
488
6957
7290
901
7775
8674
7742
5591
1052
5813
1303
6685
7141
5614
7235
431
2908
4399
6515
1323
1687
9329
53
5176
4935
1158
8235
8785
9078
1181
3767
9567
8138
7409
6820
2265
6084
915
7857
3488
6728
5512
173
221
1126
3761
652
386
4512
7167
1710
2551
2848
1763
7728
4136
9273
2315
2921
8352
9848
3041
4271
4339
450
7443
6604
6534
4710
4461
22
7790
6325
6548
8012
7451
6661
5016
7838
1173
8536
9548
3724
1384
1311
7804
1872
585
6472
4794
5289
6320
7835
5912
659
4637
9707
7264
7524
4418
8077
3898
2208
4403
446
220
1854
3459
5237
6044
4632
3773
5592
4709
1509
3256
2513
3382
193
8985
4528
1834
1658
8715
4098
2317
3352
3805
9581
7228
8223
4011
1127
6784
8414
7925
7004
6620
1385
8593
2665
6017
8718
4609
726
228
4217
9592
9962
762
4929
4490
8948
6587
9557
3046
8905
2909
3204
4838
6490
7779
8849
7617
4563
3615
5542
7920
236
6927
2865
9253
2945
1584
214
23
8164
4432
5967
8126
1546
897
8968
495
3836
8525
3541
9093
7786
3097
3932
4276
877
9133
1893
5440
2749
7436
3360
2985
715
6226
8590
12
4162
8804
36
2326
9588
2355
452
1135
9604
9420
7982
3441
7945
7875
2534
2083
973
2818
6360
1850
1952
8253
7290
4701
2041
7003
4038
2757
9581
2628
2769
3743
7784
9157
6069
7373
7865
2873
4860
7469
2293
2842
910
6590
717
9797
8673
1690
2615
1385
3540
919
9639
7183
1972
8032
4186
6010
7141
119
4990
6263
3862
2775
5420
6283
148
3285
9156
5008
7107
7801
7850
8017
743
4919
4166
5768
6610
3134
7154
6502
4053
3145
3685
6026
1177
4223
8388
8319
4342
3379
4582
4556
6154
6354
839
2654
5992
6347
7662
3099
4148
1864
7468
1243
6783
1635
7012
9745
1121
4166
6248
5174
7311
6285
7552
4840
6861
5941
9511
1203
5672
445
2112
1826
6800
9303
832
9144
5651
8494
2243
6151
6710
6063
7395
9845
4050
4407
5943
5171
4925
8543
6698
2236
4828
4250
3428
1689
6543
2940
9245
2215
3385
7709
393
6537
7012
1225
5681
2663
6071
4276
8815
9133
340
2562
5331
4390
6969
1274
5914
8246
9817
2612
6834
997
3214
262
9039
9758
3202
4636
8325
2940
2345
5071
9477
9357
2648
1511
8373
5072
2139
3540
4205
8831
6102
5888
9574
9423
7162
5488
7669
3331
8100
4503
4329
7666
4765
3368
3776
4320
8004
2102
3612
349
3525
3089
6058
2525
952
4431
7597
3092
7971
8155
8275
4073
4043
7849
9848
1206
3337
7517
4537
7789
8372
5218
5456
9490
4938
9232
3810
2942
7686
7422
9643
7563
6863
2054
89
4168
6485
7686
3612
4457
5841
1887
4882
6237
9737
4731
7443
9426
8600
8332
7216
6973
3551
9024
6463
8489
8256
6625
7784
2295
399
3779
9858
7262
5833
9947
7782
2319
3986
1394
3128
6179
3282
4362
2416
9371
5445
9859
8797
4046
4544
6013
7371
4447
1389
186
9288
5998
3163
7072
8293
3562
7204
8151
7176
3037
4451
4959
1708
8437
2705
1188
968
5987
5551
3385
5358
996
9596
4156
1394
4140
6521
5117
4939
7911
1655
4228
3909
4818
7652
8554
4732
4856
3057
8261
4246
7508
9572
5954
2297
2277
3495
3266
8265
9046
3003
9975
6394
2599
483
4141
3092
3357
9258
8031
1268
914
2259
1529
2084
9912
83
3169
1120
9492
1430
5366
7001
7354
7673
5650
9631
1168
5268
4248
214
8271
4224
2960
871
1059
7101
3963
4416
6360
1994
2036
3626
606
3565
2062
518
0
5231
7990
9493
3013
3357
2846
367
1030
8496
6351
2198
117
599
8764
8388
1175
1724
5611
2235
8826
5926
6651
1538
7921
8688
5164
4879
8605
3578
1749
4958
8810
9739
4451
8175
3096
3649
4895
478
8497
1246
9028
8614
1845
7792
3355
3021
9517
8966
5256
4695
4893
8259
6233
9166
6947
7749
4045
1905
1327
2146
6863
6489
1885
7666
4665
1334
1315
9560
1812
6164
806
841
1131
9003
8633
4486
2024
4502
3452
3632
5549
4697
8244
1782
3863
5191
9531
4260
3448
859
6406
311
3700
8292
4329
8365
5978
1996
4277
7790
8161
1435
4983
9292
439
9969
130
8815
823
3582
2448
6373
4632
692
8155
8495
2235
4039
2756
2036
1250
5514
2347
4950
158
3029
9668
6136
5025
3945
279
9538
5381
5262
8830
5820
5231
5312
987
6055
5247
9787
8780
9879
6831
6935
8374
5419
7326
7482
7455
4928
9349
6154
9879
9507
9183
5899
5644
4209
9844
5923
3747
1577
7537
8930
3749
2769
594
4737
5176
5841
4524
3956
5720
1356
7243
4095
6775
922
7929
582
5850
7278
6736
2081
6786
5920
7980
8782
6481
4177
1057
6580
5754
8594
1862
9504
7715
2457
593
2891
8298
5117
3199
4019
2825
6795
4466
5952
7717
8747
6534
3567
2378
9623
2001
5516
5543
9981
4298
8376
510
1707
1308
6265
301
3171
2121
8017
1980
2714
7260
278
4183
6812
649
3361
3607
1467
9313
1324
215
2200
1243
8945
1823
9596
4461
3718
5930
5111
8446
6440
6818
9754
9057
7119
2925
1178
1488
1257
244
5101
7888
780
8265
8537
4141
1872
6357
9806
9548
2924
8358
7143
1869
181
6740
6330
251
2670
1441
8697
9110
8259
4804
8168
1730
7729
5698
9571
5339
2295
1024
3227
3075
9289
8116
7216
1161
4473
3374
7061
7397
1733
4204
5618
8266
944
1948
8518
9966
9741
3567
9077
4352
8371
3597
2435
2453
5647
2006
7792
7942
3030
7371
1017
8671
5487
4585
9832
9961
7960
3245
3710
9693
7449
9329
4311
4746
7629
2829
4712
3723
2749
141
4427
1120
3738
6862
9925
5738
5220
4069
3680
4602
1440
1050
3273
6928
5635
9457
3241
3595
2702
6951
9640
6504
2632
3952
1250
6614
3133
2314
6689
2234
2456
1116
9707
2546
7979
9632
8284
3199
3702
8317
4154
1494
9367
7427
8422
5002
6885
8015
4950
5939
1319
942
2443
303
1246
45
6917
732
2360
3606
2966
4816
1075
2673
3714
9054
8658
8351
8605
8712
6668
2759
206
6035
6539
4981
7389
9776
2996
8691
5715
667
5986
4511
971
7232
4556
4240
4316
6916
4199
7283
8084
5274
6308
8151
4328
4966
6502
9285
30
3170
8397
237
5557
4936
1570
9298
4712
918
4342
6779
1586
328
1290
8909
3912
5847
3149
8229
9115
7348
1864
3552
2622
8172
1703
3302
9491
8205
2588
9521
7727
7337
6110
9636
2273
7680
5286
3337
4951
9628
116
2889
6308
7759
1798
6573
9958
4947
1154
9073
8648
3018
2625
1270
7542
680
925
7033
5237
9865
2907
2964
7202
9017
8952
5827
3050
4239
5516
8001
219
1984
890
6528
9743
9040
9453
9701
3987
607
8775
2635
3625
7752
258
1167
4785
7535
4553
22
7400
7460
9339
4602
2829
8291
6781
5879
2530
2297
232
9102
4281
7474
1982
4025
6514
1435
78
6854
2042
5205
5841
2019
2958
2451
9538
4095
9986
443
4117
7386
7903
3456
8340
7085
1748
5121
9316
630
7418
9549
6084
8052
3375
8066
8429
6242
9501
8507
3096
7895
3713
5289
6266
3023
7741
2157
7118
7727
2600
1235
1466
6856
4692
9806
3941
2792
1280
3257
9774
5050
9158
5859
3102
8886
3925
1531
5128
9779
39
8224
4026
104
9865
293
3127
7606
2450
245
1686
5050
7832
3152
8258
8876
9310
2199
1668
590
1809
7795
5641
7319
3654
5095
6205
3931
6627
1333
3710
3018
5909
7737
3122
5775
8030
6249
9733
6832
2846
1419
8234
678
923
6493
9555
6586
5044
7575
7176
6853
5370
9169
4173
5376
4265
6730
9308
7244
8064
3018
6614
3973
7107
9736
6100
1489
2337
2186
8321
1535
9957
6556
8565
881
9401
4472
3819
4445
2048
7347
1299
3770
6517
1824
9147
7134
8554
4807
730
2970
7825
7344
3296
4933
3432
9396
2774
2121
1582
1096
3656
1540
4004
8573
8773
3405
3046
2592
7850
1446
9939
5501
5216
2808
7325
715
6294
2232
5522
7024
5202
9700
720
8498
985
504
4247
3759
2625
2181
4855
2633
3721
5211
1207
8846
8616
4253
7790
2819
5699
7730
8320
7267
6890
1998
7983
3185
4230
9857
6561
5784
9557
3634
635
542
4138
4882
4302
6764
7063
5509
5749
7137
721
6956
5983
5689
7561
3774
8508
3260
7856
6829
6880
4746
8827
4863
4283
9409
4720
7197
1545
630
831
2180
7524
4969
7062
1826
8085
478
3688
3835
7615
761
7143
9950
6450
1057
3724
4959
669
7932
1788
7549
9031
6967
8764
9666
2728
9837
6863
625
467
7694
2806
7991
9016
6220
6170
3453
6698
6210
3640
665
6971
784
616
3421
1841
692
8380
2510
8625
6520
6412
7656
9839
5176
3674
8919
5013
538
9545
5480
4584
8703
9824
3600
4923
5994
7054
7974
2204
694
8639
5527
7830
9255
8948
6023
9948
3681
4886
8573
6553
1298
2581
2745
6474
6255
1664
1488
3145
7561
3320
7730
6264
3144
1330
1188
5490
4736
9162
4046
5431
4153
9573
9613
3409
4874
5637
3357
8555
523
8282
5108
1821
7215
7853
4647
9822
5870
6135
2968
3431
5808
7050
9696
5304
8380
7236
7147
9469
2750
1193
1252
6903
7119
865
312
1993
6502
21
548
7025
4655
2008
5198
1870
9862
9846
8045
2084
2333
1013
5515
4493
4415
1563
9798
9147
5151
6945
8616
7901
4490
9868
4805
1609
734
1469
3602
3588
7843
4150
6966
2498
2511
2164
721
8725
8362
8766
809
7048
6131
6324
1541
546
4240
1339
9693
9391
4636
4662
7293
9127
4530
8450
736
1616
6271
4339
5205
466
4841
2171
2965
7352
687
38
6077
9050
8804
6886
6098
1287
9563
3991
8185
155
1683
4230
9546
6319
8892
3191
1798
3423
7993
2535
5039
617
3226
244
1083
4419
8767
400
1772
9455
438
4201
8505
5594
7440
955
3233
3355
1298
1418
3510
2981
2001
9408
5653
893
8952
3803
668
3297
2690
2060
3914
2268
8656
1350
6688
7424
1750
4812
6879
8541
9013
1736
487
2805
9043
3721
6160
6693
1491
9670
9675
9844
5431
1680
738
4383
1835
7758
7680
4526
9818
7947
6794
8475
9297
3482
2251
7399
8294
9130
2292
3660
7218
2780
6465
6261
2853
2626
2954
696
8648
8981
541
431
7013
7631
4814
8849
5389
8847
3375
1560
6794
6521
35
2443
4
2286
9842
4650
7768
2135
4662
4986
1267
1128
7599
4120
106
6905
1168
5106
2239
8061
5538
5604
5692
6704
4453
7434
5551
4180
8994
8697
7054
5381
1140
7058
7667
983
8060
1787
9470
2723
6773
737
203
724
1209
6661
3981
8729
1767
6220
6791
7305
8177
8835
4010
8982
6269
5913
3163
5263
4611
217
644
5751
3627
4663
3086
8039
6450
2556
7114
9575
9645
3669
6651
7206
330
633
2288
2098
3205
9079
5755
1382
4266
9765
6717
536
5679
9880
2151
6642
6449
9148
2393
6428
163
5480
819
2966
4388
7934
2541
386
7955
5545
7592
8286
2530
6232
384
5735
5311
6139
3470
5930
2257
187
6466
4288
6419
4969
930
9220
469
3323
2000
633
5155
2819
3599
5896
7105
2492
6282
5061
8037
226
3347
567
6459
83
2655
8122
2574
2477
4052
4831
9016
6870
9119
5435
1840
6401
1007
8661
6077
3007
9294
1232
2178
9245
3480
9284
8090
9762
697
2479
9989
396
3047
2800
479
2054
922
3053
883
4975
4237
9899
8197
9708
5334
6389
2462
2693
5051
8539
5700
4345
6123
7878
9943
9604
3514
8033
9366
563
512
5707
959
9911
8507
7790
8317
5782
7196
9200
7109
1433
9099
5306
7493
785
1696
9955
3478
6747
4846
5530
7444
970
9761
7387
574
3275
1772
6292
3839
8637
8352
1150
8548
6859
8941
3218
8993
2489
2418
6102
274
7870
1409
7767
8655
3105
4075
8486
6204
8921
4016
3648
9891
3777
7388
6817
3405
5512
9462
3596
4149
7814
4746
9050
1025
39
2268
19
2528
1038
6121
2802
8908
3882
6922
3916
3339
997
8754
9543
9918
9122
9544
6162
9252
6932
2979
2657
8796
8793
2605
2946
6607
7351
8348
3985
3743
6968
4004
6271
8006
6477
5426
3267
360
8700
3535
3699
9697
2289
9595
5967
1411
9139
2129
663
2423
1461
9672
1219
6606
2277
517
3214
5981
8865
7199
9724
5833
7555
2347
192
4032
4125
9811
744
2825
3346
796
2522
1987
391
4842
3398
5882
3323
414
8305
1136
86
5876
7743
8716
2746
957
4697
1611
4508
773
3797
2063
3120
341
2447
7246
6504
9544
71
9850
340
8946
1837
7083
3788
1587
2965
3463
8353
7622
4600
4792
9850
2343
3508
2596
3300
4557
560
4160
5330
709
2575
8450
1050
5022
2048
7554
918
8472
3756
1258
7418
1945
4693
7558
9884
4010
1021
8238
1632
5621
9382
1483
4316
2890
431
7616
3799
991
8128
9129
1700
703
3931
9102
2078
5980
3008
2996
804
3116
607
4574
5061
5300
2132
1298
9311
9505
9536
7295
1479
8918
5130
5795
8160
5562
9764
1959
2905
7892
7440
958
4948
1371
60
7026
3703
9421
22
4507
2537
6981
9081
3951
8634
7565
5249
7945
3423
1137
1592
4902
55
3075
7049
4567
4989
3165
2878
7894
7410
318
8852
2358
1689
5265
9384
1745
4686
5758
6252
3575
2740
1686
7526
1374
9251
2775
5671
2674
3912
3615
3928
319
6690
7330
1238
1679
495
4116
5926
7905
4434
4778
6615
2476
6395
5999
4221
7433
8110
6825
1009
850
8511
8535
8576
7763
7663
4247
6789
7927
4214
718
4599
905
4400
5837
8936
4895
9954
1214
9153
740
2345
5768
9568
8740
8120
3789
6174
6230
6967
7183
3432
5478
2070
2008
9593
6085
2607
2735
4013
6821
3453
8612
4078
4205
801
9367
9100
755
581
4605
7848
2926
6726
7416
1667
4846
7558
4193
7428
4525
7728
860
3
9798
9220
5949
5884
8179
8684
6249
1352
8489
4861
5431
2694
5662
1150
8146
2770
1731
9104
618
1010
5830
4386
9029
7028
1944
3222
4456
6469
950
1668
2825
7100
7240
5126
2984
5419
3810
9233
6771
8651
446
8554
1345
2461
6056
5843
5231
7788
4947
2201
8798
7129
6587
4179
4157
4884
7401
4965
1353
4703
6633
530
1803
3873
5656
4788
5644
5818
373
8768
4469
7172
3674
2166
9633
9731
8010
1216
3871
9309
9769
9021
6439
2708
3200
596
7592
601
5562
5298
1656
2195
5828
3459
2421
7837
4599
4417
3655
1325
9537
8125
8497
3212
291
8130
2943
4653
9346
6814
3963
9115
5835
402
1823
5387
998
5768
2340
2912
1066
3996
1460
3246
7455
233
1083
8407
4650
1091
9732
4188
9216
8229
3752
5859
6359
3047
6865
2057
9861
828
1172
2048
1230
9347
3787
8580
5115
6127
1493
6181
123
2953
5780
3930
3186
6863
2337
4188
7954
2069
4728
3522
6650
8480
5734
3009
1527
2599
1418
7740
9779
8942
6140
7361
8290
9927
5941
9757
6054
3786
2291
2529
3091
8071
6460
2629
4934
8797
3170
9241
7219
7898
9115
3869
2731
4849
3231
4258
3800
4649
8351
3579
3592
843
940
8234
771
3234
7991
3177
3372
282
5707
2816
4705
2167
5445
5992
7316
8615
5233
4535
2866
4348
4757
5597
5550
7988
6207
9350
8989
910
2930
8933
1754
222
7167
2525
9808
5159
2054
3181
1793
7761
5997
6499
6280
7794
2491
3597
2762
4076
4484
5628
8424
9241
7577
326
3581
136
9677
8923
1047
8959
7856
2801
5533
5024
1678
5342
6535
3732
8523
4680
1494
872
7531
7774
8666
22
7723
7780
450
2208
9760
5227
7801
7337
5553
1383
3826
5230
6658
4873
541
4514
4026
6075
5890
5704
1417
2425
5788
6292
7106
3634
7164
989
7761
2182
1012
5484
6315
7814
4044
6075
3041
1846
9765
8595
9581
3591
177
6239
4816
719
753
8842
6794
2996
4546
4563
5421
6686
855
8879
321
4371
9869
8082
2905
7233
9918
9220
5047
3963
5296
8089
5809
1413
3036
5390
5004
3213
7981
9820
3932
5086
8662
7078
8082
9560
1641
9856
6246
2496
5087
2919
3219
1308
7353
6125
8541
7272
5345
9941
1235
6993
4382
3396
8406
7418
5138
3410
6983
3119
9582
916
4557
4596
4346
2640
4156
2340
2496
6755
4836
3935
9674
4408
5244
7028
533
3785
652
5878
78
1887
9224
4460
1635
7630
8230
6773
7393
5214
6244
6975
2482
801
1572
6828
9793
2080
9168
2289
5187
357
2577
1214
1117
7821
4594
1650
7958
5246
3880
8037
3485
3104
8849
5120
7087
7080
8245
4480
8646
4489
7807
1128
1642
5731
4308
1436
7812
9829
77
9351
6538
2654
565
7655
475
5159
9305
8434
405
9537
2823
242
2642
1672
5362
6081
5104
9959
561
3750
4448
4720
4878
2443
452
5539
231
4616
5368
308
3967
8258
9315
885
5913
6142
6044
1570
928
2802
1107
3751
3044
101
5424
4759
6182
6880
4718
3095
631
9167
7816
1861
7962
4620
7400
8193
9236
9120
4853
9555
7378
4168
440
9643
311
6485
1213
1239
5639
8673
1343
8683
8774
3119
3442
1309
9999
8161
4404
6982
3680
8572
8844
1642
3192
2596
6187
2428
8069
1040
8336
5447
1561
8776
1443
1872
1613
9008
9463
7252
7681
7158
2288
6456
277
5730
4117
6629
243
8521
3611
3923
7094
2455
1917
6638
1404
8104
5419
9473
5497
3755
1272
7058
8883
2715
5282
497
1724
1097
4101
9405
8256
6389
2213
4885
2120
6330
1514
2363
1204
5126
2639
4650
3933
908
1288
5337
9013
6707
4810
862
462
6083
7920
9346
5150
3202
6195
6874
651
296
6280
8907
6686
4845
145
5158
1176
1659
3873
8732
3137
2864
3382
3423
3773
4670
8760
9138
1378
9923
0
8192
2358
7920
3890
7508
7474
85
4383
8125
6734
7015
3385
9772
1860
3530
4930
9388
1541
5155
8120
4679
8020
1502
8102
1793
2525
3214
931
255
3137
931
8447
5495
5203
8690
9356
9029
8775
3739
3506
1861
754
3243
1633
8966
3125
2915
4707
4667
8071
2827
5698
6091
682
152
7884
9559
3366
5167
9814
2856
2450
8261
4703
7653
3303
4059
3034
2079
4150
2892
292
4904
6136
1926
223
5613
4841
4930
280
2912
4109
5978
5355
1143
2482
3239
702
5849
8406
516
5057
856
5130
6112
4861
8433
6524
4247
6864
674
3492
7157
1931
5980
5435
2154
1593
6628
3436
1874
5893
7545
4204
1248
8689
6687
840
9391
8888
5598
6260
297
2807
7742
6409
4020
6175
9285
8268
3040
9960
1760
6549
1891
7740
8336
397
5685
4964
3833
7559
857
1378
8116
8458
6419
1155
9298
2163
43
4896
8423
6692
7703
2517
9453
8076
8692
8739
6344
8084
8699
4456
985
6942
8548
9321
7339
4233
4286
7524
8145
1495
8902
6261
9953
1674
3768
5603
3837
3811
500
8612
6855
4555
1129
6308
2631
6173
5047
5327
4258
98
9783
1595
7040
4683
917
731
5269
1555
8255
3414
3050
3510
6027
9356
5184
9795
4959
5373
9958
1811
337
6813
6367
7818
9473
5350
343
873
678
953
971
6813
2549
4364
7849
3466
1447
3118
1373
9703
6532
775
9565
8911
131
1101
8706
1443
2826
5016
3254
3163
1829
5973
7333
7654
1324
7676
8527
8354
8630
9499
1519
1179
215
9368
997
1662
2486
2370
7717
5370
9497
7282
633
5981
8383
9339
7424
7561
4355
7030
724
2536
3004
4409
191
680
2086
5070
9034
7068
4569
553
8247
1136
9922
5596
2799
8760
4318
6868
483
3815
503
1116
9796
5238
6808
3572
2800
7515
603
3524
52
9959
4286
6595
639
6372
1665
9673
9792
2587
6578
8039
75
2852
9987
9226
7965
657
6095
8448
4472
6598
9564
621
1836
2724
545
4636
240
1148
4513
6644
1107
5151
9591
1746
1523
1256
7771
1315
195
702
5706
271
9906
2045
9497
7871
2702
1944
2671
3526
8542
8588
499
6731
1312
1045
7719
1552
2193
8584
8196
9653
3735
7787
7751
1610
5396
1875
9277
1943
2577
1335
8566
8835
3380
8064
6707
2434
6360
9378
5961
4903
7966
6460
7986
5631
7505
5705
7183
6051
642
1732
2056
4377
9519
6159
5988
1267
8034
5265
9563
6963
2953
8129
5799
6333
2545
8858
8768
8906
4588
1081
161
8907
7541
8147
4538
1399
204
1721
3802
846
3453
2210
1576
9325
8369
3916
6944
6404
5533
6507
9719
8486
4637
5518
4820
3534
728
9940
2440
5317
1021
2601
4224
4914
7100
8762
2665
3657
6835
6467
855
6641
8677
8783
5966
3399
2699
9262
9803
8233
2122
9522
6719
6759
1393
7891
6645
2121
7831
9086
7438
5204
8039
8014
119
1492
6776
2784
1501
9964
5604
2356
6605
633
1140
8923
4032
191
8185
187
8424
307
6062
1496
3418
7455
9387
64
5928
3571
5502
9719
8775
9893
7733
8894
7737
862
8031
9238
826
3635
7947
7431
4268
5439
2706
8301
5630
891
8488
407
7551
4550
1903
7321
8357
1290
3737
4286
4861
5591
4005
9989
5485
8090
5235
3222
8952
3266
8813
9778
6901
6760
3561
7522
2199
6267
2175
4181
3511
7015
4588
7414
7918
6491
4735
6275
4134
4825
6913
5347
416
7270
5336
2253
5361
572
1828
4313
190
641
444
3444
3753
357
966
5952
6625
3141
6485
6488
6508
1074
3902
4426
7565
4989
7054
1699
9814
319
7047
6583
7590
8735
5188
9303
9307
7016
9968
9498
4009
412
9294
7762
770
260
66
3747
9753
6552
235
6261
7626
489
7040
1543
5478
4094
3243
1645
4413
6642
4580
8355
1729
9768
7658
1037
3137
7627
6887
7146
4391
2533
4909
1513
2793
4975
5260
8898
7879
1847
1511
5505
2336
8551
7049
7815
8997
6644
5812
9763
9638
392
8118
1367
160
2129
8756
3297
9756
1995
6796
4147
4528
1705
5661
3673
3032
7273
2571
912
9121
4083
2769
1457
8986
6170
5624
7984
9166
1436
7747
8804
1828
2217
6524
8341
4346
1632
7990
454
3628
4786
954
4508
2843
2967
8182
5876
240
7105
3140
5713
7540
2261
3523
6527
8432
9147
863
3950
6936
4962
9107
5116
7179
5631
3457
7878
3615
7800
8332
3595
2586
5638
8104
5430
8605
2638
7658
5198
6095
798
911
3636
9411
4434
6515
4195
9934
7378
8146
6870
8692
3605
1986
2223
9236
1796
101
9203
9596
4786
2799
8534
424
903
3964
5382
9893
1622
580
5988
8772
7843
5976
4536
2278
2491
8731
8564
6221
3229
5434
4913
6834
3772
7137
2422
1920
3590
1626
7868
4728
4425
6403
5153
1680
6719
6887
7925
4694
7467
3913
9818
1662
6242
4354
3940
8733
9438
8856
4955
9019
642
6220
5854
4415
3357
4628
2687
3300
2606
6908
8028
3383
9663
3181
5063
6382
6420
9340
1076
3887
9606
7247
1902
5848
1601
5842
4581
7391
1051
5888
6411
1693
2109
8617
6108
1818
3245
5148
5118
5852
2056
3147
9235
1719
2680
651
4453
9101
9991
1882
9340
5949
9129
1242
1797
7082
3437
2731
4474
4488
8619
7237
6181
7080
5854
8642
8899
5451
3790
4017
1303
2198
3516
6891
269
6197
7542
4722
5298
3885
6604
990
9835
5733
2233
7984
9168
5670
715
3642
158
5687
7231
2691
2767
3085
1333
8018
8536
1475
8388
6192
3673
1904
3083
294
8101
6977
5017
9751
7214
1621
742
3401
3707
2975
1386
2875
4997
8453
2869
5155
4140
6452
4198
3260
9537
5532
1278
4425
3359
6018
6969
3385
7923
6404
3679
6024
9733
8696
2128
6948
6670
2870
6701
6729
2197
4439
9604
7194
9245
8825
8701
3385
5277
2899
2997
1166
4783
628
1943
8143
6646
8913
1528
4569
5317
5207
6946
5051
256
9074
8351
6926
8296
5052
3655
493
5844
9611
7687
5089
4788
6388
4826
6417
5639
7824
7583
423
4804
9526
8566
1450
4791
6446
2372
109
1653
5670
1512
1909
4744
9863
5187
9392
1267
8842
9885
7111
4805
3924
2200
9593
312
7027
6010
5951
1203
9945
2726
2359
5824
7644
3809
615
4090
2533
7076
2096
8203
8588
4005
9299
8451
5545
8691
9719
739
4928
3182
5545
8852
5383
1490
9164
8762
3853
1468
6317
3798
546
8676
5974
8191
8837
6590
2281
1371
18
4377
5926
8607
4735
1578
3410
280
269
9481
7371
5198
2664
2916
4050
4399
4407
9567
9513
8260
7387
5830
8410
4285
858
4385
2476
6047
7327
4758
3770
7345
5487
9697
2304
6574
1275
5715
3206
7896
1548
578
9446
4212
3494
9849
8611
4253
5768
4476
8865
3155
6658
7276
7440
7516
1661
6269
3564
5340
7379
3686
9037
2866
3383
7694
5793
1010
3409
8999
5259
1309
9577
4705
5522
3072
4554
485
3677
322
4962
2543
9829
1620
9819
3622
5489
7832
9891
5405
9524
7270
9091
8561
6488
8827
6255
2281
6189
6016
1281
1448
7326
7210
2506
9200
6634
7060
6037
312
3735
999
2855
9916
8972
9026
3538
813
6858
3429
2570
6382
7051
8013
1295
9892
3192
7551
8525
9382
9919
6158
7182
3597
3369
6040
2797
3
9453
8835
315
3188
6186
9522
3104
1510
8548
2995
8675
5406
2776
1245
8140
9828
5611
9436
6072
8803
3339
4597
4537
9610
756
1720
3208
4125
7760
2357
480
7213
7544
796
6753
3731
318
6210
1593
8867
9205
6621
625
1981
7866
8766
8161
3477
4554
4233
8633
4245
8831
3170
3855
5939
4890
7063
64
9003
9421
544
2568
6965
7692
5674
7048
4363
1884
4994
3230
7441
1615
3855
9422
5833
8973
3936
5663
9879
8169
4296
4124
3352
7466
7980
9291
8709
1395
5707
7712
816
2604
6632
4134
296
8658
7534
4659
542
2528
4241
4335
495
4449
110
6329
3422
4046
1992
9654
2215
6288
3778
1920
3754
1758
1211
2463
3154
3271
6527
322
5875
9512
808
6171
8170
8343
7183
5065
7223
1424
9400
4071
5873
9510
400
5648
3556
8744
1654
2124
5032
5432
4044
5138
3543
1607
3954
6697
4878
6833
3371
753
6345
532
3277
868
5227
6812
2285
2450
8236
1685
6521
462
7548
3273
2462
7456
2017
4116
9580
3401
9548
9976
8540
3091
7936
8846
6140
9166
5679
5864
6272
8377
6396
9549
9245
1623
2713
1530
425
949
9567
3299
7763
7115
6572
6577
4572
4942
693
504
8343
6594
6833
3235
6037
1121
2081
8530
287
7761
4394
6559
6138
7142
2460
1735
8765
5173
9617
9190
2475
5536
8841
6590
9004
1766
3168
9928
6708
3861
432
1403
6807
3617
4639
2845
4738
6720
1375
1378
833
2121
7937
3323
9263
6750
1410
4380
8275
7379
9922
750
2916
8764
7341
1920
530
509
1848
3590
722
8632
4993
7530
2250
5984
6727
3340
9057
8102
4718
9890
6575
9008
9566
2190
2110
976
6570
385
4708
6492
1136
7624
1608
4829
9544
8490
1690
7744
2080
8764
6376
3426
6294
4978
9410
3021
4671
8467
7475
9389
4710
402
4749
628
2592
6859
7956
9162
7245
2664
2007
4733
288
3615
5914
6184
2106
7604
3928
538
2720
6657
3964
9015
1635
3375
8388
6306
8194
2216
2048
9256
2618
6797
9884
5211
9
7841
725
3606
6857
2732
8339
7146
2700
4253
3330
4806
8209
3611
5344
929
268
5661
6296
8255
9036
1037
4562
3582
9605
2962
9191
2223
6111
9075
3786
6120
3268
864
9726
126
3596
4417
3624
2648
5022
3306
3806
9583
3269
9151
6865
3537
1164
3161
1793
6552
550
2707
134
155
5669
9325
8731
8132
4753
2517
4253
4373
3381
331
851
3330
1101
4475
2330
6123
4134
6137
5707
7403
1640
2572
7293
2804
2085
9086
9356
8988
8145
9490
9143
166
5168
7874
8298
6273
6744
8903
6998
6477
5587
7850
6159
6688
8677
8490
2811
2811
4627
4870
6567
6267
3794
3860
9071
5880
9298
8427
1220
7443
4269
363
7609
5789
4590
2259
8414
7686
1163
5413
4163
6750
3263
323
3438
1940
5165
2601
1104
9792
7472
4023
2411
1266
7883
1482
3498
7181
6261
4718
976
6882
1434
8585
2672
2376
844
1086
62
8359
2851
4225
5109
6114
900
4899
4407
2417
7501
1863
2209
1325
5886
4620
2591
121
2454
2442
7302
8715
3512
4630
5598
1298
9567
4622
3674
6763
2060
3736
5123
4912
4314
232
7378
1566
5132
8137
3984
8985
0
2545
310
5886
3518
9253
2359
5972
8047
9661
1040
1560
4291
2990
9210
3858
7612
2885
622
9672
2973
2097
936
3639
2329
8315
1558
3813
6452
1894
9150
2805
4439
9460
5043
4309
5066
7403
282
3113
3416
7674
1025
7708
664
236
7918
8276
9473
4892
4300
2446
6989
5237
2438
5671
9904
3996
5836
2708
2242
1339
5513
3033
799
6909
7343
2217
4312
7625
5331
7728
5299
6356
1788
2315
6592
6059
591
2417
951
1243
1216
4293
2832
3654
6316
2736
4002
2152
1797
6244
9843
3662
9277
643
571
6620
9212
4883
597
4543
8964
2248
7252
752
4563
196
3163
1506
2614
4115
2750
3830
4760
5582
7484
1076
4671
7838
9580
6468
4082
9424
6482
9711
6419
7054
2684
5631
8289
9633
6527
3605
1882
3779
710
2797
3975
3873
656
6589
4340
3406
419
9100
5340
4255
6528
11
2093
6109
2831
2527
1885
5666
8591
4656
2720
1275
287
7361
908
6814
7319
9142
6945
8029
8292
921
1902
8948
7510
6243
2354
7930
1695
4046
8537
8224
4058
631
685
3241
9510
8922
8907
8101
3578
7979
9376
217
1693
6637
3384
9012
5779
329
7041
423
1250
8943
9371
5113
1538
8077
3043
9586
2124
7932
4162
2534
8563
1199
2127
8074
121
1035
6175
51
9014
1904
6620
7059
8541
4
6071
672
6686
3112
7448
7936
8408
6819
3049
6298
1249
2444
5884
9725
377
46
2259
5292
1245
4386
9718
7718
1773
2246
7769
7140
4150
742
4199
9043
746
271
6067
7432
9735
3515
1721
8143
6687
1122
794
7936
9919
6678
7661
6648
3077
6272
8292
674
7010
8011
8393
5136
6609
2514
2276
759
3256
2827
6154
355
9450
2221
4139
9186
2089
2212
3681
8776
3335
4475
6712
9606
1154
725
2606
583
3349
898
1257
359
5261
9650
5495
1870
8517
4123
8981
1773
6951
5135
8480
6401
3709
2620
1939
5798
4832
5621
926
4519
96
3990
4125
7602
1067
3083
8185
4416
334
9443
1127
5595
5445
6623
3818
3962
7098
2799
2088
401
4287
568
6803
4348
3188
5094
6498
8021
715
7424
2540
7164
7766
3018
4766
8833
6101
2952
3249
2787
2395
4376
8383
4192
7351
2201
8155
4450
1352
243
4851
1991
811
8006
6339
352
3101
2837
8373
168
6613
7265
7332
4379
6635
2099
3212
9089
1403
6461
1876
150
7190
259
4342
4541
8812
2497
5343
6517
9092
6547
8508
6256
905
1200
6608
358
4037
1333
527
7003
8598
4211
1382
1586
2662
947
675
4065
3760
2551
4215
950
9163
4910
1844
4327
3759
3539
844
2852
6438
5705
9108
7344
6905
2068
4054
7294
3401
933
649
8351
5145
8384
9937
7807
9331
612
8225
3091
9516
2440
394
5031
3702
8590
9358
7462
2129
6555
6666
4920
2260
5774
2264
5517
4194
2670
9163
7595
3604
9813
5946
8749
8197
5884
2908
3880
2848
1133
6971
2364
9926
3717
7395
9980
2307
3106
7442
789
9661
4108
5709
8273
6234
4325
142
428
6995
9305
4375
599
5470
322
5700
19
2558
4961
3899
5406
2446
7223
4123
8724
940
7870
8705
9600
976
6147
6741
6989
6608
8802
1614
2842
3127
1756
9623
6474
7414
3998
3426
2884
4320
5478
9256
3230
6791
3155
4989
9238
378
9112
7962
7671
3334
6667
3623
663
9167
364
7652
5775
5518
5619
4969
4997
7375
4592
1471
1141
8591
1249
378
9263
6728
9634
8846
3519
2789
3835
9109
9520
2947
7072
7191
2633
91
814
3296
5610
7530
7301
1385
9400
2920
2707
4397
6647
7299
2220
7789
2242
3470
8167
7858
6550
7801
6704
6421
6942
539
5531
6462
9838
8955
5
2471
5398
819
2120
1009
4701
9421
8746
4101
8693
1453
8498
5340
8753
719
9481
7347
541
7648
5205
3443
1801
1909
9864
5096
2448
1747
1558
8638
7054
1564
1110
2453
8735
9582
3462
9789
9003
2208
3890
7696
14
8741
9388
8767
5812
8870
6114
2705
2870
7672
6148
4672
9581
6012
9768
8382
4112
7678
7020
1166
5594
4482
3619
4330
4064
3433
471
9419
1994
4361
3467
2008
9454
2856
7127
1618
1726
9593
4323
948
7265
471
5620
3199
2836
1740
1581
6948
5771
4953
8114
1365
9436
8086
2047
9852
7871
2518
9272
9865
3232
2739
8225
9038
1947
5352
657
25
4946
1332
974
8563
8156
2946
1762
992
1039
9695
4292
6810
1001
8758
4527
437
3196
2927
6641
1068
1797
2265
7285
5029
5005
5511
420
3304
7215
1077
3330
8513
8761
656
7077
6917
3602
5191
4261
993
4887
4905
4155
5888
16
5035
2677
3212
7962
5670
4280
9759
7936
7918
1141
9293
3429
1561
2597
644
8990
2279
9158
7751
2935
2587
1021
2890
7778
5282
235
9017
6540
4391
4905
6556
9426
3934
9768
3740
9605
401
3499
3893
4671
4640
3186
8100
6201
2135
5096
1543
4415
4254
9295
3702
6841
6668
2944
972
8302
9532
9989
4842
3923
1247
1398
9701
5181
7519
3441
1138
4272
6940
1383
8943
7933
4569
3395
486
3057
8491
2030
3824
9098
7677
7526
5939
4345
6823
6911
2647
6355
3253
7490
6630
4500
5240
6331
6033
9111
6124
3524
9735
3064
4907
5030
7349
5829
4777
7836
8886
3269
6218
2710
2367
3895
6588
4658
8240
9763
7922
7239
2470
1175
4729
9100
5675
6322
1783
8060
1785
7907
1584
7873
7324
2844
2903
4673
8673
7681
8861
3911
7302
5079
6621
9669
8974
9561
679
3566
5677
8601
806
8147
6128
1887
3600
1803
4561
5383
6216
6347
9643
7800
4220
6967
6996
3475
7992
5669
7508
6854
9580
4810
8285
2553
831
7260
8467
1511
7178
4144
6464
7984
2291
2593
9872
5891
748
4433
7627
6964
7132
7270
1117
7704
589
8113
1180
8581
135
5040
1787
6067
9851
73
4973
7034
7333
3440
4897
863
3936
1362
8848
6227
3955
5072
8471
1055
5857
6098
8020
9342
9720
5489
7046
309
9954
4578
8890
89
9619
678
6157
5822
751
7482
2856
4436
922
7754
5299
4858
5468
499
7437
5775
1923
5908
6830
7781
8358
1202
7123
8078
6691
521
8387
6646
5100
3630
3087
1071
4308
5596
6893
1411
3078
6101
2199
352
207
3850
5210
2027
4350
9000
7802
6273
1260
4633
406
9619
5835
3881
4049
8879
4403
8789
1877
5855
2419
4964
6926
6727
6913
171
4490
9991
2624
6689
6696
9184
539
8258
1211
1241
7258
9014
3867
8519
3647
4273
4490
5834
8155
8539
1065
8910
7328
2942
4765
9747
4259
8043
2826
1172
8214
7316
7515
838
357
4211
22
7249
8822
1234
8490
6080
6600
2357
951
247
2983
5441
2433
1138
333
3499
6400
4013
6441
1165
113
7052
9208
9291
4576
3774
2960
2092
964
3317
2655
7339
566
1477
8573
5409
3910
1525
7766
4861
1772
749
6655
557
8239
3340
4056
4639
7353
6850
2156
3818
3902
1364
3110
8479
1490
2422
6923
2455
5739
5930
9794
2658
3760
4719
8067
7670
6244
2185
8883
4368
2935
1890
4925
1174
5230
5334
2166
8936
2184
4322
9106
2438
2039
8568
7269
3529
990
544
5984
3082
6475
2130
5740
6587
6849
159
609
9445
2344
9492
3813
5279
7735
5091
2806
2965
425
1324
8253
8961
5646
7360
1399
4037
5928
8669
7567
6919
9213
9903
1
2040
2034
2093
8627
5235
2252
9236
4681
4596
5081
4846
6228
2816
9937
5386
2133
362
6710
387
9323
8708
4099
7075
2746
6379
2096
313
3298
7661
6568
9651
9702
4954
8096
4681
190
348
3918
1223
1297
5351
6069
7525
8167
6007
9263
6652
2721
5973
3391
8397
4681
7490
1824
7427
3870
3920
4092
3520
1581
661
9524
7635
5615
7620
2317
2157
7969
2587
3380
5618
7938
9450
9495
2457
1809
8758
9109
882
4731
2501
5631
5764
6343
7455
3192
6565
1375
3636
6438
9309
4297
5962
6944
6265
3582
5613
8422
7903
8200
1803
3521
6138
7605
3016
4947
5766
1774
4057
6648
2857
2910
2280
8622
5605
9735
8166
2171
7463
8154
8609
6772
2452
923
68
5069
4505
2034
3491
8761
234
1646
2282
2725
5603
1651
7672
1369
9777
1729
8018
8987
991
6650
3961
6597
6385
8479
5120
200
6633
3729
3324
5437
4652
9745
506
5509
1779
350
4270
2013
8348
2905
4738
3952
908
2411
1673
7037
492
9691
6024
7836
2693
9985
4433
9079
4816
9553
5631
1450
9634
8956
6887
638
8701
3746
6147
480
4096
6770
8845
8796
6027
9936
2748
6935
2347
774
3972
9191
6817
6349
7027
9511
2686
7812
4942
7503
7365
573
8953
6999
9529
5840
3989
4582
5938
137
1414
34
3259
260
5183
9286
196
4283
6221
8895
5057
6545
4438
1875
2894
1466
1386
5581
9278
6328
3084
2996
6901
8389
6347
2783
4229
337
7365
168
6826
8780
6554
85
5392
1737
9371
5588
6021
1944
835
1078
4841
5273
9305
4088
3091
691
9669
8722
7019
9105
1718
273
7494
4417
3056
8075
4754
6773
4595
7932
1905
7502
8017
7297
9239
3740
9237
1612
2036
72
9043
6878
5346
8348
966
8437
9040
6987
7159
2411
2444
5229
2684
9938
9647
2092
4365
753
8866
8961
8686
771
6463
3055
4421
2054
3148
3658
3667
5184
3731
9062
8414
5429
3762
9380
3866
2802
2719
7378
1566
5163
8959
602
5101
4958
2695
9467
2064
7913
4780
750
5036
1243
157
9457
9649
3305
3116
3316
4842
6847
8730
3256
8628
2493
8989
2494
1647
1708
6224
3213
6872
1536
168
8325
6494
9215
4144
8558
7128
5276
5660
8516
6519
2170
7974
6169
5475
7442
5837
317
641
920
3574
9269
3413
8915
1763
5060
623
4340
4626
3847
5876
4794
8525
8722
361
9021
3633
3841
4298
9293
2357
7169
1463
6683
9690
3291
4125
5528
9960
4766
6448
9886
4035
6213
8801
2151
7625
9425
2843
2251
9624
5071
3397
8149
3793
110
7171
7426
3951
1469
3072
6309
8638
887
9344
8329
4178
3470
209
4139
8236
3009
4025
8624
5574
9179
775
3199
8604
3618
5451
8228
8689
5200
2730
8834
5311
9901
2613
9262
7722
5685
1923
2712
2924
1268
7393
7103
4738
3954
7594
9326
6963
7971
7950
2537
7150
5077
5737
2106
8695
7540
6687
3736
9092
9417
2571
4403
5670
5184
18
9744
7221
8293
2456
145
9561
6202
3600
651
156
7546
6330
3472
1870
632
6009
9020
5710
8098
7479
4405
1990
518
8142
1083
6287
7065
1838
1957
2249
8208
8053
9470
6502
6861
5967
2415
3063
9568
9419
9572
7114
5749
3044
8984
2733
9053
4357
8443
3504
8188
9201
5494
8706
3695
2929
4993
760
4768
3302
9361
2976
1355
8831
5830
4568
1150
8246
7632
718
7665
7204
4185
9766
248
9521
2499
5653
230
943
5509
8418
6496
1004
7124
191
285
8469
951
1405
1771
312
734
9478
5495
6564
4047
6645
1162
8031
3716
8827
1587
4253
4945
8187
3774
7445
192
4005
4740
5702
8775
1236
3058
2252
1427
9695
721
8730
1101
8845
5394
1835
4675
889
4751
5074
3886
5914
9457
3954
1093
7396
8207
6039
1935
1982
3484
2128
2339
4576
4182
7466
2164
3592
9718
3591
3287
6792
8673
740
5637
4067
2575
6664
1308
3679
1739
5194
9593
7548
9149
686
4945
3708
6725
6880
5690
6561
5360
4381
7489
9542
1848
9653
9486
7918
9596
2774
4710
8269
3514
6699
2336
2442
3364
3644
6121
1455
5191
5714
9003
692
2752
3948
4400
9478
7181
6443
2391
2541
824
9881
8436
9024
5886
7922
6943
5483
696
8005
3752
563
4705
2441
3005
4421
2437
5478
5876
3980
7544
1231
4672
296
1532
5425
6126
8713
1868
8518
7606
9044
4751
6042
8069
6989
3965
1364
2472
1013
9369
2577
1576
426
1370
933
4847
3807
2763
7075
4140
307
8307
5164
604
9839
589
6730
4904
2457
1600
2510
1502
2703
8553
5923
9693
8870
3639
2165
9883
3008
1094
7812
9787
2464
5097
4634
2624
7861
8062
6764
8168
6369
1928
5124
2560
2518
1855
3816
1327
9807
6326
2829
2511
1231
5104
2204
101
8743
721
6337
8104
1816
501
7891
632
1950
8877
3256
9811
6939
6372
4332
9660
4653
9456
8572
3523
7663
2388
4850
3823
5067
4032
6334
6298
9136
4890
2752
7880
1963
9089
5984
131
5942
227
764
7892
9104
372
4056
6044
3097
8388
5704
7750
4196
4277
1273
8212
3017
2475
2035
8084
6507
4721
4383
1996
5963
3487
6228
7926
2576
8564
4410
4870
8791
5174
2762
7895
1898
6818
3939
4995
1558
5996
9097
5755
6625
6722
3967
9642
9198
2354
4079
2057
7075
8462
405
3038
1949
6633
7316
877
5197
1726
5747
3988
3252
4861
1884
5151
1680
2175
6498
3238
4523
1948
5345
1148
8670
5664
7143
4220
8018
1222
2630
1445
6036
3035
4483
4337
9669
1800
1566
4866
3526
3665
8855
3131
8526
7091
8282
6558
5618
1132
6149
142
3080
1494
1290
1751
7159
4785
2323
1529
6007
4953
2975
8395
7989
3810
2732
7658
5610
650
8876
5489
4315
4083
8620
2842
1174
3254
5752
6793
4386
1901
6935
3819
9748
4577
5570
3259
5715
4245
4788
8074
9199
4115
6470
7188
7926
5554
1198
9888
6205
74
5377
520
4158
349
9714
1684
9955
5467
8477
694
3720
1764
4513
9820
2694
6435
3079
8409
680
4220
6483
9879
8335
9305
3419
6261
4860
4617
6150
7417
1044
7879
7937
1554
4581
4004
3238
888
5823
8068
1582
5895
6184
6095
5716
8878
2530
8795
3639
3211
3015
6475
9442
1351
2132
2862
3964
6992
3831
6466
4409
4875
698
8699
6429
1631
9055
9668
2519
4878
7736
4102
773
272
6549
6489
9151
5432
1637
9142
8643
4652
5617
4437
2355
7750
7299
2672
1094
1131
5490
1856
2358
6188
6907
8788
4171
5962
4808
6691
7192
8896
7145
7965
9168
46
807
4671
5478
2444
3814
473
3448
5783
4911
2156
9885
2210
4828
7332
9693
6670
9188
2052
9211
2447
7192
3382
4761
2000
6425
1953
896
9922
6270
64
9969
7077
4736
5447
5873
4902
5921
5674
685
7184
7830
571
5746
9010
4255
5440
5680
3443
3844
4891
2242
1036
4626
7003
9388
1051
8956
6636
974
5226
6700
943
8656
7788
2742
881
9042
5015
6555
9728
2199
737
6651
7946
9747
906
9738
1780
701
9934
3023
9295
7322
4001
6298
6710
5053
1606
3346
2379
6832
6398
9674
1840
539
2416
2722
9581
3784
5629
5661
5983
6367
8664
281
2466
5922
6371
598
6623
2657
9974
5918
9979
3975
8568
6689
9028
174
6387
7759
7007
9138
7433
5199
9677
6202
7921
5610
9986
9903
1272
2321
6270
6288
8955
8736
2211
5326
5687
8834
7984
5661
1105
4315
9636
9673
1005
5017
9848
3744
2776
3207
2882
210
4758
8911
6412
9032
4522
2750
8935
2146
5071
5205
8434
4026
293
645
5705
5980
5832
41
7993
6937
4356
7630
2962
1713
2647
9162
5458
5423
8721
4692
1985
3480
3604
4749
2512
4478
3851
7799
6624
8923
9356
5058
9301
9649
5704
1358
1982
7888
1399
9975
1177
2108
3957
4139
173
6604
9654
1983
8380
8375
6676
6717
8207
6632
7819
719
1110
1670
4870
7734
6945
4226
2792
6247
3876
4848
3957
2210
9088
1709
8537
265
3817
8847
4405
342
5451
411
2326
183
8786
9002
3253
3346
5634
1072
417
6744
2742
5288
830
9688
9514
9974
2287
9742
1175
2596
8304
263
4305
6842
529
4474
5689
1286
4817
7492
1697
7143
4028
6835
6145
7281
181
8131
4705
599
1227
3799
5887
2057
9839
1753
2031
8478
1496
3206
1075
9800
9822
5380
2994
351
9855
5035
7989
1024
8880
6038
8167
2908
2873
664
6541
9407
5147
7598
6358
6374
1397
2245
8431
1237
350
6814
9715
1846
6373
790
7999
6195
2523
993
2898
8730
6029
887
9754
4909
6925
4273
4169
6150
1289
7062
5557
6436
4660
1915
2810
6057
512
7593
3646
863
759
9714
9061
3484
6856
7060
9679
9379
4406
8929
4461
435
9816
567
1696
3093
4840
2217
5596
2481
9279
7505
8917
291
5773
8079
6348
6285
2024
6347
3500
2784
6061
8914
6268
9269
2326
2300
5001
6732
1229
9462
3519
7398
30
5215
6843
1222
3784
2439
3704
3063
9945
8973
3354
5718
7053
6055
8355
5429
8754
8208
8213
1167
3474
834
436
5800
3134
5437
2533
715
4900
6052
8113
1282
7620
4957
8856
7756
3748
8912
820
45
7886
526
5763
1291
2933
471
6720
1687
5031
1286
2854
8505
2120
9643
4305
1606
5080
3190
2321
6332
5595
6787
7614
9567
8096
6471
7323
1844
1735
4495
1890
9621
1374
4005
7264
659
4476
3985
2347
9507
5271
1553
4364
3743
1196
5022
5349
2629
8212
4022
8961
159
809
6576
9726
8905
9399
3402
7102
1134
4249
8992
7108
5623
2997
4372
6283
3826
4709
4982
9685
9980
2887
402
75
436
5424
1776
3065
9988
5799
2026
148
2960
4954
6226
1866
4353
5980
8968
1840
230
4312
8948
2205
3661
9672
8488
3839
4382
9822
9877
714
2710
279
790
3146
5703
8918
6211
2043
4717
4589
8543
7678
9544
4770
5896
249
7102
1216
8441
3684
1880
3741
5890
5541
3414
730
5733
4148
553
5610
4862
9615
5889
2004
2761
7944
923
5324
9987
1992
9913
8531
6022
5809
9653
1918
2411
6755
9486
852
440
1366
4594
6330
6908
4360
3412
2641
8508
3965
4603
9722
3580
492
8079
2693
8436
5354
4369
8423
7346
635
3306
9721
6444
2959
1639
8855
6067
1126
6060
6507
8844
7006
9189
2104
1366
2601
4745
6226
2919
9348
5948
6499
6192
379
5545
980
5733
9914
5756
9432
549
9062
9153
3346
2022
7144
2201
8089
8270
4613
948
3467
1619
137
5571
9337
9090
6669
5563
2009
2369
7864
4861
8562
8243
406
9542
329
6672
5298
9761
7222
4361
8914
568
2735
6058
9121
7176
681
87
8124
4148
1706
4613
9719
1044
3703
6388
6607
2065
8758
823
6926
3672
5419
3684
9566
5748
356
4865
5509
3930
5578
775
850
4665
6833
9972
1841
3866
6411
6317
4366
8117
7282
438
5513
7337
3178
8473
9402
8288
9296
6328
1960
4715
12
1527
463
369
2744
2324
4299
8322
3099
1502
2987
6285
7826
1180
6503
4237
3849
870
2354
1131
1308
7868
8468
4486
2693
7871
2775
1989
551
1087
3057
564
2614
3520
7285
5358
2197
7936
32
5296
9438
9371
7933
7264
551
4437
1501
752
1659
208
1883
2967
4428
6704
3805
7121
4575
2932
5462
1478
4020
8519
2042
2986
8392
5679
8345
589
9968
4729
2237
5758
4101
171
3023
1004
960
876
1757
2619
7436
9992
1938
8216
6696
5743
5337
7623
5028
7152
9102
9048
5671
7496
2034
4063
9528
6731
4652
9496
1461
6890
5254
1914
3413
4629
9270
725
1858
1027
3344
5646
7372
1634
3863
420
3729
5552
4396
8757
2704
3498
7805
8376
7346
6192
8791
3226
2923
9796
9074
736
6686
681
2650
6451
5310
1921
7176
3520
9300
6872
9167
3024
8506
9382
3445
2235
4934
7841
993
3991
7691
5150
8719
1389
1342
7510
968
618
7306
42
1354
344
723
357
6795
2386
8630
323
5906
4282
7195
1425
7307
5701
807
7104
7937
5742
1297
5282
9733
8988
432
8452
6729
8127
2314
7697
8745
9621
7740
99
9965
4815
6808
3113
7201
5438
3436
3108
9721
632
885
3380
2685
1693
484
6974
7435
1781
2256
3520
7121
9041
8324
202
7168
638
4252
5913
259
8344
2364
6577
3159
9173
6042
361
963
9478
9821
7036
6462
706
416
9148
2399
7252
6122
6186
5385
4731
6058
2506
3772
4382
9061
940
1373
3313
3205
7984
1657
5569
4561
4816
1094
603
1529
8410
6434
7702
5446
2896
8409
2215
8396
7160
9467
4519
9699
4853
9250
2109
3711
9374
6492
2772
314
7865
6085
3519
5849
4094
5440
6763
5263
2887
3718
3144
1297
152
847
3095
9401
5608
5310
4149
9120
4778
8668
8819
5983
4270
929
9694
3644
3773
2467
310
7990
4904
181
191
5351
5622
6954
614
4861
7025
3758
6158
3529
4605
9253
2930
6565
4564
3432
5686
5694
2100
4505
1677
2723
1786
1371
2719
1911
190
9382
9901
1447
9563
93
6798
1537
3399
3764
6398
424
7522
8908
3954
8480
8162
3236
5045
9078
6668
731
4772
5121
1589
2801
4196
9727
4172
3267
1639
715
2649
1540
2162
8565
7985
5312
102
1385
9076
2853
8161
6598
1761
2115
1430
6275
1704
6476
5353
4724
3559
6477
9845
1500
9278
393
1228
9803
3661
9219
518
2662
7111
9032
1227
5097
4344
7682
2834
3420
535
995
6370
8648
9463
4153
4924
1167
6981
277
5891
540
3107
2089
8393
2385
8834
9621
2188
2495
8840
9058
5158
2303
4442
2737
7400
8786
6771
234
8558
7306
1230
1281
2307
7045
5434
7231
8212
2415
3860
455
9307
6967
8896
7700
9353
7731
3673
7893
6578
8865
3304
8088
1169
7746
826
8569
2885
7597
5156
1443
1256
2738
9076
3563
9783
4510
794
4347
3277
1006
1154
8937
7974
51
6637
3679
7782
311
7924
4360
5528
1228
2449
6697
5327
9627
1619
8212
3576
3127
9655
4832
5865
5084
4747
2000
5946
5541
6347
9224
2900
3853
8161
874
3904
1150
905
8038
7813
8829
8751
3342
6410
7552
39
1737
7179
8010
9949
755
1137
5956
1940
3354
1040
6687
5354
6987
8581
8053
2563
1481
1907
7076
8707
2163
8226
9612
202
6040
4793
8953
9382
1203
2857
5773
2940
36
3784
9241
7143
1273
5198
5435
4628
2590
2123
9982
5929
7056
8036
8492
8537
6295
5568
7244
8458
3795
3208
8660
6187
8001
3965
5569
9205
6822
7694
8497
3210
7830
4091
6706
9104
5641
2141
3732
8231
616
66
4161
7672
4454
2653
2561
749
4574
6157
9208
4721
9365
4220
908
7367
4538
6477
2924
7712
523
7773
923
8354
1864
3981
7458
7505
2474
7542
2089
9443
7608
6250
7115
2063
5255
6029
2812
6181
2186
8372
902
1552
2593
1810
5271
3483
4639
4547
1195
5163
2320
2118
3517
537
2451
7327
4394
4926
4869
6483
4369
2477
9085
7836
4540
693
3865
3705
6874
6052
2077
7777
3956
1022
9587
9227
4505
579
3774
5701
5742
2446
4171
5611
2983
6623
2938
7378
7901
7807
213
2270
6636
9299
6458
1177
9992
324
4882
6866
2728
3311
995
3036
4334
6935
2263
5191
7514
2389
892
9608
1187
1416
5219
4171
8039
4509
7901
2292
8668
4466
914
5304
3765
7372
6481
109
4048
7715
3328
3128
7379
4323
6164
8065
7610
4779
3256
1476
7168
501
1084
8356
1917
2655
8879
6308
7164
3132
8600
2184
7598
9514
7489
7716
6886
322
7825
7287
8038
1153
415
5417
1829
6580
9834
9439
1359
3090
916
4880
3591
8352
9588
1860
1008
4819
8168
4524
7951
3120
6709
1901
2634
550
9617
5873
872
7443
3160
8910
4948
9927
679
6777
6507
513
2569
4219
9956
9837
5451
9899
4541
1391
1760
1901
6210
9928
6426
513
9401
9487
2414
2035
37
8384
4260
7261
2179
3772
2524
7127
3700
3203
257
6559
69
9178
778
6377
9015
2581
6276
9908
3972
8036
1810
6534
4317
4588
7047
3718
427
5814
5753
6816
4198
6366
4077
2729
138
6601
9856
3838
6157
113
398
6226
5643
7528
2603
1010
110
8879
919
4082
3268
2729
617
7585
7317
4016
1303
7744
6182
3408
4560
6732
9774
4989
9461
9913
1591
9318
103
7748
5783
501
326
1427
8030
9281
2437
8140
4512
9708
8574
7780
2437
9191
5365
6106
9560
3020
202
5742
6429
1114
2475
2555
6104
1936
2468
7695
7606
2572
1795
9742
9425
2121
7521
7455
1402
9958
1947
2266
6019
522
47
8456
6065
5412
915
5625
4785
1117
7720
1214
2232
195
121
4688
8483
2590
2383
2442
1514
530
2184
7291
2651
9705
4747
405
6015
6694
2671
2034
3568
2718
6843
9634
4483
7758
1611
5620
5227
9331
6834
7459
5878
6955
2147
714
5897
882
3156
3763
1412
5340
1055
415
1397
2154
820
7412
5200
9844
5799
8769
8914
2642
4755
9749
6752
6366
5369
1979
5698
8555
9439
7928
1863
7938
8642
7760
5173
1798
7876
6585
3490
5283
7001
4887
7437
4173
8652
8989
4017
4451
7758
9284
3445
2513
9033
197
5232
4403
2176
7282
2958
7967
5210
4821
2258
3853
8934
7431
2003
3162
368
5494
8445
3721
6733
2234
7895
5385
1223
8264
9836
8982
7548
3281
7847
2934
9830
3079
7337
2007
6713
6647
6326
1924
1469
8584
2129
6755
2367
4132
9917
2736
5978
8362
6457
2712
596
704
8097
1819
8969
4286
7153
2869
3919
1353
5803
3750
4432
9492
2109
1146
6140
8435
9422
7609
3372
1551
716
5739
2035
633
4827
8014
8995
1285
7078
5943
1989
1527
7762
7310
5813
1268
6532
6085
2621
2335
6187
3405
8180
8296
903
4320
3083
325
8281
2807
8228
8997
4899
264
9630
9726
4630
4977
1011
1708
920
9353
9587
5034
3015
5401
6302
9547
7838
5275
8235
4025
8681
6415
8673
9584
7087
1756
9910
1720
4564
4490
717
9463
4754
6699
5541
5736
8028
2905
3796
8948
2258
3384
334
1625
5137
2989
1173
2975
8264
5760
3352
6945
8527
2025
2882
5614
3781
9144
7334
4697
3634
4403
512
4741
7454
6054
477
5482
8959
626
782
7569
4010
7468
9194
9147
457
6719
8474
5074
2479
1826
8371
7358
3851
1253
2972
3984
397
6658
5034
4032
7413
5546
5125
1219
1600
5602
6701
6911
6228
3835
832
6590
7656
27
2089
4465
3098
563
9539
1930
8741
7911
9288
8944
5516
8613
2929
5914
1623
7963
6298
9037
9861
1423
256
7814
3377
3310
4725
5958
3497
5558
2548
1153
1937
990
5619
1387
1553
1510
3317
6647
9421
2606
5591
1290
7571
4872
7204
9194
2835
9854
8231
9049
7629
4840
6863
7358
4502
7940
9668
4351
3498
2217
1857
1787
3207
7476
3175
1112
5338
2844
7759
1112
5450
9703
2402
3021
4575
5958
2216
3763
5812
6799
2812
9793
7991
9675
7151
8845
7615
6820
3197
7466
5389
5054
5605
4948
8882
5132
2412
4220
7977
6524
5332
9779
6227
7734
2801
802
3692
1369
917
5856
4520
3729
2001
8864
9756
5505
7709
7372
2325
906
1190
4066
5960
3147
5366
1194
8280
7778
5415
6257
654
7099
6036
6881
4834
5189
4036
4878
2910
4953
7087
3783
5035
9088
2647
4791
4593
356
8515
3270
1263
6057
3688
3575
9205
9054
4770
7485
3185
6537
94
3839
3636
6130
7073
4822
7672
7461
6053
582
2414
3140
4365
7449
8580
3364
8593
9526
3721
7108
9148
1336
3166
2837
1263
2371
8243
6033
6208
7780
2570
6302
7972
2559
8784
1397
7381
6456
8858
3434
3391
1272
2926
4108
5074
7859
7473
19
3737
1194
7127
2885
8882
6645
2074
145
5368
6670
2531
7928
802
5101
4230
8774
4012
9367
171
1394
5823
5381
1180
5566
3006
459
9675
4432
8318
3500
4451
8407
1046
7930
7644
9928
4576
9719
73
6296
2741
2604
4225
3543
4058
4807
8670
8070
4174
5193
5816
6350
575
3349
1916
3581
3808
1591
4365
8478
5091
8816
6885
6137
6746
4529
2417
7674
600
2491
3971
9693
1447
4548
9589
1857
9355
4611
6280
9882
9804
8448
6232
6731
1797
8148
6664
5605
6092
1029
435
1183
6197
7320
3673
2944
8202
6090
6970
5154
4933
941
1200
2733
1841
789
942
7549
5400
3574
7431
1556
2023
3663
4640
3820
1811
7656
5778
7903
8686
6213
5439
4883
9886
5464
4179
4440
7906
1150
5946
9192
8443
7146
8277
285
4287
9219
7834
6039
2794
1617
3948
4817
5280
8588
4989
7091
6244
7119
1347
1282
3333
3138
2518
9571
8602
3049
363
6508
4199
6309
5700
8995
3456
3977
9280
4095
9549
3466
135
8695
1435
4083
9864
6715
9023
4853
158
1619
1973
1505
2902
1658
995
1772
7581
9597
4821
7944
2458
5373
4253
4510
4368
4061
4840
0
8157
4389
3466
4644
3084
4901
5079
2948
7968
4102
4153
8126
5721
2478
5984
4975
488
6979
3099
8069
2929
4273
2365
5387
9646
6619
9897
4014
7032
4737
4014
1541
5478
3832
6185
4914
5085
7616
7862
9405
1718
8368
3883
3792
7198
9867
5119
7687
3199
4571
2108
2480
8844
4474
7867
8490
7445
4116
8856
4477
5206
9222
2371
684
9406
8556
5599
843
2525
9813
248
4243
8181
483
4387
5380
351
5859
9419
9902
430
1527
2382
9274
2353
6601
4116
9798
717
9324
628
5923
4898
2999
2960
656
7907
8559
1499
432
8372
8099
1028
2906
8582
5415
4638
5285
1274
4057
1539
8056
1936
3921
3682
4290
6874
4150
440
3944
9826
1068
6219
4724
4067
9179
5380
8327
7738
3231
8759
2463
1330
9787
5369
6265
5203
6359
1550
2829
6768
3090
7238
8704
3363
920
9346
6590
1423
9787
534
1249
855
6753
5974
1275
5933
7706
9602
23
938
8361
2486
8620
4501
4207
4885
6056
566
2788
5237
7334
2230
2475
2391
1945
9748
1737
8535
1171
7876
5421
2420
5084
2175
4746
6359
4460
2453
2313
4483
9743
7026
3322
8363
1527
3881
3249
7583
800
2389
2821
4486
4619
1648
6877
6564
1396
4967
1452
2567
2843
6873
1340
7927
5400
6086
638
9860
4891
2951
696
4634
9978
4018
2998
1505
7899
2599
9089
5051
4988
8262
9538
9607
9910
6415
2523
1307
1382
3975
226
578
7201
7918
8505
2601
357
9144
2462
5248
8447
9510
6235
8425
3528
9233
9931
7779
1832
5372
2831
3172
9986
8721
9131
9896
5136
1654
7555
2871
1982
4134
3449
5535
2052
8306
8136
2409
3802
6950
4010
2250
2812
245
675
2692
5830
6958
472
4014
8682
9655
7186
8668
8376
6317
4917
9864
4323
2472
9087
2657
2958
8888
4544
5011
3547
9033
3772
7349
5983
4134
5951
5148
4379
2979
7840
209
9937
4664
4223
8620
4319
7761
3640
9047
4078
8557
5264
4754
1030
4351
3763
3988
9592
8308
5351
3139
7341
5476
488
9676
9610
2792
4824
3990
5771
2665
551
5708
7329
1127
680
8001
8888
4321
3400
2967
2878
5016
4073
260
9368
7836
601
5312
2496
2304
8451
9837
7780
5291
5866
7391
8083
690
7733
3854
9707
4636
5915
7037
5763
2947
1390
4652
3620
4790
3971
6499
9807
8044
3111
5527
2232
64
7191
4729
2369
5642
918
149
933
6784
3892
5369
3827
7977
5575
3534
2614
1490
6923
4729
4438
8313
9381
8058
9456
3352
909
5615
7748
373
7494
6333
437
4685
7414
2806
6679
8332
9308
3964
1469
9552
9333
5296
7530
4909
5182
6496
2751
8458
1225
3541
6771
6959
7952
2579
6663
8861
4546
4412
5586
2040
7097
6024
3077
4511
5182
9756
9195
842
3721
664
395
9406
2312
4277
667
3847
7125
3419
2305
4702
6960
5428
8013
4912
8008
4677
126
2554
5441
5712
947
2538
8088
376
3401
9623
133
2596
465
206
9613
7212
9612
1925
7841
6632
2124
1318
51
4429
6021
7011
9858
4034
8276
4218
5063
4754
3124
504
6818
423
9394
4907
800
2795
882
933
5392
7699
7491
5005
1264
3455
3282
9105
87
5407
424
138
6188
2797
3502
6046
3183
8130
6616
4599
2884
9741
5103
6054
164
850
7313
7316
3645
8195
4601
5389
5895
2092
394
3511
1900
29
2616
1987
1788
9392
8478
7976
8541
8332
375
8077
2814
6991
2676
5698
3084
4131
1752
9601
4981
9066
6917
4979
3613
1519
368
5860
3611
7115
9371
5511
7144
8340
3851
8932
4084
8681
3260
2626
7013
3635
7055
9827
627
6083
1877
3711
214
9981
3312
1548
5399
6582
6527
5365
8101
3247
1225
8064
362
597
3576
3858
5289
3779
9142
9373
2460
2403
8351
5825
6038
1758
2004
3017
7841
3881
3081
4408
214
2745
5956
5614
9327
8835
979
7428
2082
8556
5493
8797
5505
5421
9007
794
9200
4502
6520
8012
3257
1223
3837
5647
2982
5841
8665
823
6074
1746
5231
6288
4491
7539
8254
3819
6374
5585
7599
4809
4142
3092
3606
5999
4865
8965
3146
417
3467
9666
8429
6724
889
8618
2372
223
811
7389
1047
6885
5487
2630
9526
9978
170
4132
149
2896
9718
7749
7705
212
7193
7663
2563
2059
2981
5709
2476
2800
1727
906
5877
2617
5876
8249
9192
6688
1990
6591
9925
7477
9222
5803
3807
5744
9936
3957
4992
6006
8058
2698
2570
5251
6713
5133
7310
9694
843
6139
2495
2570
3397
8372
1539
9273
2973
732
2313
1315
7323
2239
8792
2897
8042
2599
4993
4330
2908
9986
336
966
2684
2906
6218
5749
8040
9880
1796
5235
6019
4291
4157
5768
9015
2049
5042
8340
9133
7355
9655
2808
5946
8447
2058
341
7398
7051
4671
307
3389
5008
1273
2425
4266
3843
8175
8658
3724
9971
245
6095
614
4403
1864
9629
2804
3258
7969
8289
6965
7624
7449
2912
2423
9507
9605
9821
2911
4276
6480
6300
9284
7754
8726
9903
1597
6901
8561
1673
3224
8807
7769
3838
9562
5985
3467
2366
9243
7788
7007
6208
1764
4456
5472
539
316
5077
360
3227
9354
6841
5879
4990
947
4605
4893
2544
7858
3455
570
1082
8614
8339
1272
8176
4324
1091
6894
9919
8879
3901
6127
6995
4709
1600
7534
5025
3029
4247
4604
2383
1088
6836
3726
8387
7793
4971
931
5652
8426
7853
3086
3392
6192
4359
1568
6868
5450
8462
3139
682
8715
9267
7677
9777
7219
5212
1154
6600
9459
2111
8984
6899
8947
9062
5286
6740
4033
2569
8744
8812
423
1831
2204
2967
2542
3773
6188
4344
8587
9327
5026
3655
4946
9056
9784
8517
620
938
5118
79
3049
454
3330
8348
9516
4968
5089
3549
7537
3833
2361
4312
2016
918
3632
910
1043
6172
5255
5982
5499
6633
5989
6798
5689
5773
1667
6309
6712
3137
2740
6113
3591
2422
4462
9459
7390
5903
3009
1280
6088
1722
1944
8105
8992
5576
5367
35
8100
622
6018
9952
7256
2007
6750
9297
4133
4769
1959
845
7907
4699
3310
7850
3474
4124
7310
864
27
6671
8496
6116
4745
441
573
3738
2369
5940
3773
470
2915
6143
422
6523
4503
3524
5820
8636
4645
7779
5833
2552
8831
5495
403
2305
9620
7713
9521
5999
4384
4370
8467
5481
1163
5392
9219
3532
7685
9345
354
600
1840
7128
7123
6343
7004
2943
1331
1650
7075
3516
554
5906
5364
957
4563
4984
5022
436
983
5758
4806
5803
1240
5969
1195
6811
5854
8880
6156
2560
9480
7997
9689
2955
692
3045
5899
8376
1047
9326
8244
1602
5232
3608
8911
6147
4944
3934
6583
2280
6044
7742
8083
3636
63
9278
448
5917
8159
6604
8478
3991
953
4519
6947
7998
7564
9198
6374
8612
8524
4618
6566
108
4579
5477
2607
9523
5763
9190
1803
1808
3284
9886
5444
3348
5517
2244
9265
3676
5201
4095
4019
6154
8614
7318
504
2531
6516
6878
1143
5040
7849
7709
1500
2428
9538
4107
1951
5302
9650
107
7110
2934
9993
8906
6282
5510
1151
1900
5538
2704
2347
5910
5210
962
3228
5715
3493
9745
8945
988
1137
6794
5049
2638
5574
939
6745
3878
6241
2747
3985
9703
5682
330
8610
8316
5841
6113
6568
7731
8817
8916
3641
379
9878
6870
6094
9723
2967
5040
7063
4104
8186
8464
6742
3761
9403
9840
7639
5645
2587
7976
5348
4621
8306
310
2938
499
2775
5858
4583
7944
4774
8224
8324
1004
1446
4418
7079
4413
9458
4142
4870
7645
8958
7964
7758
4714
7804
1749
6711
6744
9725
2059
7717
4383
8722
7007
4883
1497
2866
9466
9442
7640
4042
7766
4997
1841
8536
2076
2606
4347
2571
7476
8344
7881
5441
6102
2595
9597
7851
9306
2693
7576
7718
411
8311
6440
7418
3194
4289
284
9012
83
4277
9407
4201
9274
1248
2738
7702
206
7085
273
7683
1781
8155
9476
7883
7102
9073
2086
6409
1767
6014
4127
8530
4325
6919
5948
3872
1208
2585
2884
1292
3214
8643
5493
2488
6243
4583
6542
6450
8020
3168
4133
9801
7675
3609
4036
4777
9034
6122
1186
7153
2136
1665
2035
2814
8584
7984
6686
9793
6921
5922
7437
135
4566
9282
8975
809
3866
5517
7259
1886
5037
7744
8040
2712
7705
2076
7490
3092
4551
8676
245
3039
342
2281
5853
5278
6617
2539
5071
9890
8462
8860
6377
9380
8143
5352
189
2009
7221
3801
247
2259
1545
8287
4971
5603
364
2461
8695
1267
7490
5292
4306
4184
7573
160
9462
542
9051
886
6784
3865
9746
3161
3245
7889
8513
3435
6250
2087
7236
6498
4346
5133
4785
5669
736
1501
4483
9431
9120
8325
1076
3427
2509
8649
3587
8323
5544
8990
9209
2328
2856
5308
5490
6101
9549
355
5888
5800
2442
9476
2298
3140
4610
3435
5162
1698
1289
9645
7482
409
7970
8558
188
6831
3559
127
5154
5455
9118
716
4136
1974
6024
9626
4427
1925
6333
6668
7725
5128
6144
6375
8268
7106
6163
9782
5157
3804
9427
2639
4213
3749
7549
754
580
7460
881
2087
2916
9999
2803
7052
8325
5179
3030
9105
7104
9363
5773
4830
843
1917
7557
5464
5376
3720
5246
533
7524
4674
9524
8090
4775
7073
8844
5356
4533
6077
7443
3801
2429
6598
853
754
1777
235
9859
5233
5951
1984
6415
6794
254
3973
2258
5630
4045
7505
6163
1570
8531
5687
6012
3306
9112
1208
5014
9997
7285
8809
3799
9714
5407
1004
6821
3536
1240
3032
8770
3543
5017
5185
337
5271
5510
8948
7253
9556
2805
3416
7478
1336
5455
9842
994
919
1050
6009
916
4687
4818
1067
754
226
2072
3927
114
9664
3311
8884
3207
8328
422
9896
9951
2284
8844
7204
8192
1649
6972
5670
9337
8779
5512
332
9698
2914
6341
6967
3954
7511
8034
1060
4089
6458
4987
4204
2474
8298
9440
2033
2979
6214
1930
9282
8499
7126
2839
6691
8776
9811
8714
4465
4943
578
4797
993
3493
7490
7960
3799
1354
2347
4859
5443
5157
6198
9647
7632
848
5440
6017
3827
1654
7947
9462
6505
1426
2301
9549
202
2112
8263
1019
3407
8841
5817
4401
8686
9659
2361
8837
1013
1060
48
6457
2570
6246
2456
202
7095
4248
2571
7274
2255
519
6736
8760
1945
9037
8309
8499
7502
2924
5870
909
8118
8039
1662
3156
7699
4024
1994
5064
1436
2042
7873
4006
4641
6682
560
1736
930
3132
5362
3185
3
2099
8298
8300
7488
6607
3151
4990
5884
9021
2252
4002
3413
3914
3510
1112
4290
5504
2528
2079
3899
402
6085
8540
3436
2998
6628
4366
6130
8342
7552
2485
441
2202
7137
4282
8809
288
9272
1045
5661
7876
1399
9074
8143
4910
6538
2433
6766
5419
4512
665
5821
6950
5557
9257
9948
2185
9975
2430
6880
3879
1267
7321
6081
8404
1603
1243
5044
7228
2288
7057
1456
3688
6132
9599
4950
9022
8385
1716
4441
2897
2382
6614
6199
7939
2223
2499
6477
2199
1281
3357
6078
2548
7030
8512
7304
4986
9755
2348
8566
8395
5758
22
8435
1890
9622
3385
7264
8007
5102
1706
7256
3836
4672
9808
8127
6896
2307
956
9095
9941
665
1525
8841
7696
37
6146
9034
6144
4846
7600
4540
604
3974
2975
8846
3596
6361
6111
7955
7815
4169
5212
1651
8841
1372
9778
5737
3679
735
1184
9972
7752
9062
8814
1800
5451
4960
834
1596
6158
4786
6136
6763
8761
5463
5609
8709
1824
8072
6665
5991
2241
8229
7642
7435
9601
3773
9524
3280
860
7061
3253
8612
6123
2067
413
1574
3379
7599
9522
9537
2386
5658
2652
1147
7474
8262
9856
9298
2686
2873
5290
1280
1102
9284
8715
703
3057
4591
336
269
1652
3589
8882
4127
2008
9295
5702
1739
6894
1576
1276
5632
7235
281
3131
4709
8543
9340
359
7581
2213
2001
8861
3316
7638
3928
4019
7047
4872
4355
7317
6524
4296
6199
7004
2656
1846
9058
747
5092
634
8376
725
4221
8657
208
5282
3552
9548
5642
1133
1762
3995
6347
1430
7985
6627
1801
5033
1499
2509
2350
4376
3157
8549
1380
5814
6747
438
6561
1839
1072
4937
8916
5294
3594
5477
576
3498
5025
2570
4632
3139
6566
979
4569
4551
7606
2723
5936
9106
5232
8286
9834
8389
3187
1214
555
9934
1652
3469
8126
2724
4758
3394
4370
4705
8871
4947
8203
249
7517
2835
3388
435
166
4310
1339
7773
7033
7275
3231
2265
1914
3065
7006
5101
4279
7562
1388
2283
1031
5866
5007
5789
5612
5730
494
4484
677
8698
1085
4546
7885
4473
1334
8052
5135
2673
5825
2168
6300
5408
785
4566
4825
7792
6020
5456
1706
7408
7739
2737
9626
9098
4878
5238
4828
1725
6074
1857
423
7159
6404
8308
7985
7738
6360
3120
6763
8537
5289
9415
297
2426
3982
5122
6570
2
6930
8276
3762
4669
7365
3388
120
2244
4978
4948
3969
7405
6806
744
4564
9562
5404
8901
7300
8117
2022
415
3006
3663
9830
3304
6089
3812
4778
9012
3814
1709
7288
7576
2730
1006
7316
2850
3250
2295
4151
3571
6052
7309
667
616
6871
6071
9518
523
4188
7892
938
7195
1555
7120
6851
3996
933
7981
3008
1099
6042
6649
5028
8773
7655
2344
7975
7257
991
2126
7180
7043
5787
7847
4012
2658
3918
9882
9533
4459
7774
6823
8006
9329
3944
1209
9677
1229
9190
9038
2328
5233
5687
7356
358
9694
9701
8333
6951
7044
6812
4131
4088
2599
1978
8100
5258
2248
7982
1143
3059
5756
7967
7417
1437
8263
8626
7466
9492
7817
6504
1820
9402
8543
9177
9760
8237
5230
4445
5188
2274
1257
5671
2714
3857
7649
814
5467
6250
5148
2962
9309
7256
929
6727
5045
9192
1705
8864
8684
5874
5368
6857
5276
3912
2386
1388
8501
7616
5834
42
6242
3443
5713
8957
3652
9715
6123
9119
5965
7624
2082
1626
4880
9363
4705
6278
4908
2763
5142
9944
8637
6862
6801
266
7126
9187
1654
5628
3155
3840
5670
9398
3636
1383
4707
7288
1098
7182
2760
3415
4806
1194
1394
6039
557
6099
2317
1817
8862
7459
1762
3852
673
4915
4118
7800
455
2124
3428
9962
5965
5450
5712
9601
6833
419
3241
4284
7602
6001
7699
8760
7195
5445
4799
4105
7897
7116
5922
6759
927
4036
6963
1601
8952
1081
5753
5759
3206
9181
5721
5523
4631
1434
1476
7816
8205
4717
2100
5807
719
6152
4568
4266
1597
5719
8371
9494
2836
4294
2606
115
8330
5921
8068
3634
7003
3821
9393
6561
3002
5115
2084
3985
2901
3560
1802
1106
8277
254
3266
5348
2758
7834
9615
4356
9905
7986
202
2741
8632
9160
9209
3315
5082
7277
6949
8437
1099
2695
4998
453
4162
7082
791
7063
642
8945
4521
5271
9199
7787
6972
1958
1973
6587
2666
1879
925
9220
4620
5910
8381
181
9225
9815
7459
2526
8252
4910
1573
3250
1715
5735
6684
2506
9150
7326
1451
3672
8949
7003
1459
5921
5313
3433
8860
7979
1664
9786
3551
2636
5696
8284
2818
1273
8099
277
3799
2703
1539
5373
5953
3254
7460
2637
2113
6611
6315
9916
6635
1617
6919
4446
7538
2232
7879
6399
6563
5895
6185
115
8532
8233
8399
1350
9506
6499
7979
9657
5554
9518
5030
1508
9124
8843
497
7589
5454
3165
7506
8441
4782
4425
2887
2320
3010
7119
5071
9573
3014
7608
6040
1546
5841
4440
2896
1699
7291
875
1357
2845
6745
2739
705
2222
1582
1203
9811
7036
720
7317
1829
5502
8095
4717
4174
1105
1836
9246
7030
4850
3206
3071
6397
9048
3863
5645
7099
1154
6521
8456
351
9618
1196
1057
1840
2778
8612
1652
6167
9332
5321
7996
1186
3416
2713
5360
873
901
958
4256
5752
4165
7327
2149
9565
7542
4146
6664
5048
667
5121
5399
6638
2669
2808
8478
1799
7772
6482
4318
3456
8156
2315
4642
1572
1380
6355
8798
2282
7313
3054
4386
7830
6733
2887
7395
4275
7033
4060
9323
4053
5533
1074
691
4554
235
5521
6353
4359
8356
672
7816
6512
9339
8810
8084
7071
1517
6882
9353
5183
6288
3739
3013
3021
6626
409
3648
3660
821
9323
7713
2706
398
4756
7260
6985
277
9965
1344
4985
6989
5512
1497
6328
675
5934
9752
2192
9168
9105
7375
5457
9197
389
8478
2175
7150
2127
2187
4323
1450
6252
7029
8200
1008
641
1537
7638
6958
2882
2623
3948
4746
4121
6628
5421
6407
6380
7614
5575
1838
4989
1032
7387
1730
5863
9562
5232
4342
1750
9555
5792
8002
2936
345
5363
9929
1882
9353
6888
1116
1976
836
2215
2449
3816
7636
8856
6549
5250
4432
8387
6592
1816
5774
4674
7679
1688
6259
2021
3438
5814
4166
7793
5103
863
9508
5032
9097
8861
8272
214
7189
9108
2429
9639
9277
6417
4847
5826
8020
5631
565
964
3800
2691
5638
1479
4379
8249
9853
4170
416
371
8315
5519
1234
7823
6903
331
6684
5176
6897
3873
636
5678
9864
9913
2096
1064
2091
116
6695
9008
1080
495
1699
3070
8327
2431
1320
4532
2953
1736
4903
1268
3607
6137
5443
510
6468
2127
5686
9718
2352
2675
5396
8569
2588
7492
9633
1032
3960
2680
40
5040
9528
8092
4463
7855
523
5783
2387
3476
3871
3642
1096
7478
9779
6539
4340
2599
5018
6379
2317
7370
9054
4066
2291
7994
1558
1924
9026
1871
4605
5419
6911
485
3511
7726
8340
386
9861
7079
214
3732
721
1310
7562
6852
7849
8255
9451
2867
4634
8121
6589
3688
2187
8881
1682
97
7157
7061
1968
8114
2480
5232
8599
5991
2958
3291
6377
9172
370
6591
2904
7443
4253
6819
647
2102
5074
6451
1321
9708
4572
4262
9748
3111
3143
1430
9560
301
8491
7881
8415
7323
9465
3367
3314
2423
6658
6043
1595
3381
8986
852
7176
3239
4023
7824
1693
9097
4275
3014
5157
5199
7277
4905
4662
6772
2687
574
3425
7531
8455
8193
4854
7920
1560
4521
6696
8218
564
4643
7951
9551
5495
5128
9142
5870
2952
836
4967
3579
3850
6476
8778
7479
1381
9792
604
421
366
4029
7952
8822
8574
2806
3094
134
7327
9790
4705
4244
4434
2656
147
6281
4136
9289
2152
3440
125
3471
7019
328
9948
2149
7807
7681
1941
8411
8102
2308
8793
6054
7482
7367
5213
576
3854
8892
6719
4911
9488
1153
3919
9635
3786
8056
8925
5938
1496
9050
5762
4868
9378
5710
7017
3538
3391
8959
8301
1494
7619
3446
3900
1453
814
5465
2029
1020
710
8748
5931
198
6253
9850
6186
40
7906
5111
2330
5755
4161
8092
623
9892
154
7640
3430
3546
2951
8083
1392
6922
1530
1644
8375
8696
3462
405
9716
524
5505
5647
722
8111
1849
6908
4503
9756
8371
3185
1863
8885
1278
2486
8777
7784
6478
8559
1330
9430
6642
9074
2704
4524
7071
1080
3220
533
1485
9288
7409
3342
4935
4483
1453
6785
7744
2308
2893
6115
5494
4756
5000
3124
3594
129
908
6424
8688
8591
2206
1683
7665
4911
2559
1088
5991
5780
7973
3828
5068
5382
7170
6356
9866
4976
9493
7610
7284
8738
77
2778
3494
5078
2254
3440
5207
3163
9864
248
1754
2071
8283
5771
6982
842
6860
9325
2974
1185
3153
4395
6568
323
751
2786
1651
6596
6748
5288
5334
6825
4418
5180
1903
6673
8620
3463
9836
4836
63
7942
3259
8346
3713
6593
9188
6925
5918
2163
8111
9071
2910
1031
5747
3661
3817
3750
257
565
9038
1943
7390
3457
7123
5646
130
2095
9109
6318
6931
5524
4260
191
3870
4325
6784
9410
1251
9055
7925
9362
8126
835
393
225
848
562
3976
7457
1127
3014
9400
4869
2823
6523
515
2953
8618
5976
5623
1902
1500
9883
2093
1722
4209
5229
1133
5460
4284
9058
1174
8763
9894
7919
8988
742
8481
9316
4552
5960
2331
3952
829
5154
6828
7697
4460
5446
3673
83
3700
1526
6319
2145
3248
528
7375
4381
2340
8011
9792
9866
3126
6038
7785
8467
6780
2618
7783
7684
8578
6466
1637
5759
7973
8465
3456
8785
263
7130
8868
3964
8656
5187
6109
8256
2067
9836
2638
4407
4200
2430
4273
7326
8468
8410
2145
1600
1028
9929
9285
5958
2747
7274
8070
720
5739
1526
9505
6002
5008
4726
6318
16
6265
8780
8273
8333
8616
7263
9092
9168
9693
9718
2847
4513
8128
4992
2465
5509
1273
8102
7819
4021
5376
5889
1093
1115
3768
6951
3470
8776
1677
6140
5145
7942
4920
3418
2627
9889
7033
1720
9057
3078
7790
1904
7591
2270
6897
6408
7779
4522
4511
1951
8543
6239
4192
9637
3707
7960
6588
7177
3089
4617
9669
8234
8911
4590
8004
1539
831
5037
9611
9888
8115
3753
8145
2058
6023
1394
4818
155
5916
5681
2106
812
1921
6298
449
5628
4259
3389
9157
3700
4358
8826
1934
3269
9768
6290
1160
599
1327
771
6840
5794
876
1337
4204
6900
9083
5374
7055
4999
1056
9161
5811
2977
1811
2612
8605
6070
2353
7762
6122
6711
2940
8056
9981
2709
4346
1141
9660
2025
8265
2852
4171
9141
541
4727
2393
9624
102
9448
4624
1158
4961
6787
4135
6773
5752
2740
9195
8105
6854
5318
1169
9794
3374
1150
8855
4073
8643
8516
2450
3260
7720
6622
8754
8262
1349
1147
7886
7803
596
8862
8961
1909
2002
3096
8682
7754
2188
7878
2211
5394
9548
3380
5189
9274
882
4044
3347
9526
8912
2150
9138
6633
8772
7892
4895
6473
5392
9133
4277
5988
7996
9590
4249
6350
9039
2932
4104
1227
7162
2667
2974
6710
6048
8163
5984
3282
8559
5684
9160
7472
7834
8299
4105
2958
2543
5352
5783
7935
837
6412
275
8833
6003
4525
1535
5042
7457
5639
2621
4619
4659
5595
7681
7059
110
17
341
8670
5701
9502
6142
3535
4153
6599
2845
6696
8303
8629
4632
9140
5041
4907
4326
1044
9432
5861
2438
3241
7853
5060
4212
2512
7007
1893
5923
7118
1911
6264
5788
3964
2118
8282
3852
6271
1233
6697
2968
9536
1678
7600
5028
6720
8859
5706
4116
8292
1568
2907
7885
5773
4319
2098
4637
1326
343
560
4796
8606
3176
584
2571
5295
5218
2775
1566
6451
9472
4534
2339
1151
8486
3720
4223
7346
9426
4691
1990
994
7598
6227
3119
1917
8325
7756
9596
5021
8316
4392
9979
7845
1329
2550
3140
2899
1677
4706
5703
1150
5593
8042
8653
431
1762
9228
4129
7541
271
6119
8535
4222
2347
8007
2491
7024
5763
2087
8397
432
2832
8377
8277
4161
7279
7769
3412
8957
8827
9115
6459
4420
7158
1464
1204
5272
692
5333
2813
963
7805
7701
5185
6504
2060
7677
9880
7823
6116
8278
4607
8948
3007
9236
9461
286
7005
2874
5595
5833
1989
2054
6605
5499
3518
7809
7124
562
3143
6289
7878
948
342
9415
3804
2402
7092
3684
6578
9561
1962
1185
4861
4969
6774
675
1608
3779
3549
3555
9612
1890
5610
6218
3742
5480
379
7218
6043
3522
9859
3921
822
202
3336
4626
8956
6781
8311
1886
2694
6625
9424
7555
7947
6198
8230
5907
9977
8131
9462
5942
6374
5072
8512
6468
6905
8891
3686
2948
8766
9897
3221
9588
99
2909
567
5408
6042
5230
3646
8736
1855
3070
2644
9802
9268
7226
5709
5598
5358
1524
7892
8084
6596
6404
4552
3501
5295
4590
2801
4061
4487
2374
2
939
1636
6921
2699
7678
2151
6345
2767
358
9416
1763
161
5036
8989
2222
6986
699
98
4878
8783
6695
1282
9687
6548
2930
4277
5702
3343
5117
4428
9697
6056
6064
6618
8755
95
8769
5100
9214
9128
868
977
5641
2257
6318
4215
9243
7018
4314
4122
2153
7361
1756
1841
261
1038
2470
2315
4382
7587
6744
4079
9995
9160
7050
8750
9255
5819
203
8469
1299
1071
5798
3292
3328
2117
3860
8924
5487
4526
3046
7640
1887
1154
5833
8500
2193
4656
816
6575
2243
7560
7006
2239
6720
4056
7341
2328
6228
7544
797
3879
4968
2948
7172
8296
5065
1032
7220
6904
1910
6618
4544
3797
4125
6730
8649
6318
1386
9465
9245
9981
3377
6251
8572
98
6660
5914
8778
2888
3458
5927
6767
4778
8875
291
9427
292
7675
6647
7196
9585
9618
8093
3382
3743
1175
8384
6413
2561
7849
5658
8894
1227
1909
7467
7677
8569
3381
6455
7809
3191
2382
4577
7970
7610
4868
7397
7902
2544
396
1451
8481
6366
9544
1864
109
7071
6600
6522
9632
4449
8532
4878
5676
442
2345
9705
5363
5726
6160
3173
8918
4895
7750
3240
2505
8970
637
6759
7866
1033
8210
6348
3752
4106
4564
3861
1177
1164
6736
7161
5613
5268
2040
7642
2062
737
3699
7426
6464
6212
6951
1734
7459
1053
1326
9964
23
1963
3075
4242
9348
7638
590
3100
1744
1506
3314
9274
2670
6402
2787
4635
1670
1179
8629
85
1917
8681
3863
4733
4893
814
2819
2352
1867
4145
8668
8242
2460
1743
8836
1808
9381
9426
1261
7478
7284
4575
3104
6306
7329
2243
7294
5351
9775
2275
5436
1692
956
9299
2777
2201
6465
5596
4553
4684
6093
9573
2927
8553
1317
1763
6713
7050
7542
7974
880
1178
8901
336
7485
6230
8932
1131
1582
8707
3406
3370
6751
4363
9022
9528
2916
5487
1476
7470
6524
7569
7043
9451
2474
4712
7566
9187
8115
1460
3514
5347
8991
8767
2036
6476
1350
968
3959
9284
9675
7365
2654
6426
8080
1676
5954
997
3516
3782
4819
40
7703
8214
5843
177
2927
9761
5716
7394
7574
5582
2741
6565
4350
1129
9393
2052
2097
3352
1336
1772
7069
3990
8198
5150
2019
504
2499
1887
638
7318
1927
8341
5532
4122
4870
4811
235
6939
2205
7809
2521
1299
726
3223
2428
119
5275
4526
9823
6611
2650
6893
6954
7201
8395
5325
7705
894
7212
4696
8212
5491
3037
96
9613
4260
4908
9848
1199
7113
4010
3720
4764
4736
3296
3545
1208
4923
4423
1031
7887
7073
7924
4841
4274
6319
166
8332
3565
3730
3028
1777
9221
2417
1874
5186
6677
3134
1386
7876
6599
5396
7949
1364
133
7597
4909
7693
2520
9332
8724
407
2757
3001
5248
3384
5672
1766
1716
9238
5496
1096
1015
1069
9865
9241
6255
6543
2375
7642
771
8975
3038
5072
6691
9523
2669
1600
7216
5190
7284
2293
5597
6393
5294
7198
9777
966
5316
1493
204
813
8941
7572
1882
8807
6813
4490
1702
5541
2132
2473
4516
1522
7546
1207
1046
6567
9159
4614
1757
2795
6907
3707
9188
8553
905
5318
5872
6221
6811
6076
3386
2105
0
1621
912
6814
6111
2614
8707
4595
1439
3223
6117
5337
782
7163
1905
6293
8130
14
5440
1389
3721
980
9943
978
6298
5815
3552
9462
8243
6938
1567
8244
4911
8831
1410
7374
7797
117
1969
5588
9692
4439
926
474
1602
9183
3119
6084
9197
8559
7474
2919
5891
3769
3897
2190
9584
7449
1652
4179
740
9571
2423
2003
4754
3833
9378
2551
3950
7699
8139
3642
2138
5417
468
93
4600
9939
2529
3798
4850
3
6717
742
3772
6966
2932
9708
768
936
3888
1508
507
2663
9863
5261
6497
5593
4164
6799
9645
8655
6794
1783
4073
3614
8228
8673
3554
758
2471
8404
7113
5540
5498
7238
2507
8430
6946
3275
5718
7186
1135
2577
9850
7350
4190
2699
2944
8354
5850
2589
7010
2644
724
7435
2611
8953
6108
6165
6063
4932
921
3176
6824
6420
6766
9331
1202
65
8958
3273
7251
6445
5850
3453
3796
6393
2504
3092
4747
4707
5681
8109
7351
6405
1896
6314
1710
4357
2479
4125
9289
9753
3654
6113
2525
420
1797
79
485
7107
3352
4089
9905
5555
3894
53
1948
2751
3145
3047
7458
5178
7509
1161
7935
9405
7476
5998
3762
9955
123
9403
6060
3777
5517
8585
550
3666
8665
7387
7125
8369
1476
7030
3924
1723
3435
2224
4474
6580
5272
1932
8110
2781
3093
6046
2186
569
2044
2301
6877
2167
1704
2937
2297
3573
1523
9199
7239
6540
6586
4365
4909
8063
7747
5186
9786
1183
7410
612
7763
9034
2544
2226
1815
5637
8272
354
2559
316
2655
9436
8835
711
8725
7484
4285
6600
6683
1524
3140
3270
2241
4402
7685
9989
5940
7471
7524
3350
4435
1639
8737
6979
3865
552
8968
2137
7258
7879
8805
6265
7315
7641
6977
6041
1477
1262
2641
8161
9138
2134
1431
7732
2888
9116
4073
8828
2939
1597
8530
7374
3236
7267
705
7102
4172
6025
5591
1430
3905
4397
7696
1220
8390
1025
3613
9867
8639
2607
8028
4129
1093
5811
1861
3981
1279
5934
9161
4218
3883
4043
7944
3472
7663
5001
574
1835
1027
2517
9617
4932
6914
3665
2504
1656
4690
2470
1524
3329
5077
5904
7459
2522
1716
5672
2855
2995
7959
2016
3566
1842
2411
1510
5314
74
6512
2240
8261
3891
4758
4231
8823
8024
7896
1327
9681
2587
3797
1205
2268
5226
7109
6079
4100
5177
1752
6955
4525
9711
5323
8091
1553
4087
5953
3220
4161
8817
5460
8775
2708
6570
3006
1531
4595
7254
9211
628
6193
9360
1833
8462
939
5294
4541
5039
6824
6293
8347
1349
2356
3670
5792
3910
7757
1745
3482
8271
563
5294
3398
9623
1865
2756
7507
2812
10
6718
3440
6204
2430
1625
1018
3369
3271
5559
4761
95
8205
3108
7796
561
3130
3588
823
888
5334
657
5511
2249
5952
8909
1872
7817
1665
5731
6981
1675
2449
421
4231
1232
2046
5249
953
1669
7161
5714
1765
1718
5174
9561
2279
8305
3150
9455
5545
4836
112
1056
7085
2416
6317
5309
233
7982
1041
7214
6009
9842
3987
241
1074
2385
1842
8380
4055
9003
4094
2172
721
9269
1733
9353
3926
1235
5160
9471
6071
1624
6879
9508
4041
3196
1170
4274
1178
8563
7841
3539
8405
8180
132
5832
566
1975
4212
973
7330
4658
3145
8052
279
1230
3757
4205
2466
8917
28
4889
541
6907
4398
4582
103
1920
5209
7633
483
9402
1173
5240
3934
1305
7424
852
9632
7988
1825
6963
8999
4970
1367
9278
2553
5124
9836
5019
393
9864
9908
934
6772
658
1869
3227
8930
3430
7213
5765
2832
8386
1006
3118
6043
4782
3971
2028
9123
5796
8991
8122
7119
358
7400
9672
1834
7236
1043
2227
3453
7303
9513
225
7962
7734
9804
3244
1164
7017
9010
348
1755
16
3467
4151
1150
7438
6179
273
9586
5170
8395
3057
1880
2148
9081
66
9384
124
8645
9189
7428
8158
5766
1742
2245
5571
4986
3409
8940
3996
110
696
364
9929
4847
1515
3719
1026
8140
3305
2548
6536
6363
4428
5036
5444
846
772
1921
9491
9962
9349
4001
5728
7443
6246
1299
2429
9656
240
2778
6118
7288
3142
6047
2135
1009
9766
9513
9150
9423
2061
2038
2138
2841
7074
3935
3687
7846
5856
3178
7808
1557
7179
3537
9000
9778
1188
7781
9434
7780
559
1904
5068
3702
7951
3555
4711
4069
3068
213
3492
1481
2251
5631
4322
5677
9566
4361
3524
5422
3891
7684
3331
7423
7573
2331
7201
8762
112
6635
2894
672
4891
4315
726
2842
7870
5437
6911
7291
5651
6755
8772
4254
2386
9447
9932
1952
3808
9808
3726
7700
7492
7057
5123
5066
5740
2324
180
5853
5311
9426
2877
202
3741
3603
9396
1612
5392
2659
5255
7395
9414
4027
8002
8153
3474
7934
6457
7283
7742
6536
1335
1586
9945
2810
3004
5686
5134
9536
7891
6797
8963
7120
3351
2704
7075
9099
668
2467
1758
5923
6215
7524
6303
4217
2029
6129
2151
8487
9764
6245
5023
1099
4183
4968
3909
7188
7006
5395
6724
1249
2192
2039
8369
1895
4744
5444
994
1764
7912
2752
4040
479
6629
343
4696
8658
2824
3199
3497
2589
5796
4872
3688
9979
9841
3950
7167
3199
5697
244
4449
4242
2283
2818
6137
3379
4615
7132
5144
2527
6236
5536
9358
9217
5879
4054
7876
5055
7253
1373
7644
3049
6246
7685
9380
2439
7987
2900
1990
3684
3144
6439
7926
1779
5610
4064
5159
225
7548
6655
9104
136
2191
8462
9354
4422
8868
7230
9477
2473
4955
7122
1874
7553
4807
1254
6344
9146
4154
8335
2830
3650
1126
757
5430
3088
1173
589
3313
5073
3596
8769
5209
5787
3583
4563
209
2451
8145
9686
1276
3101
3160
3150
7006
4319
757
3351
3465
4911
8038
6296
8562
9164
3405
344
8605
930
7285
8270
6003
881
7040
1212
6668
6975
5776
3229
5779
273
2915
7055
9726
2428
6558
6733
6747
7315
6436
213
2226
4474
2861
7140
9990
6266
3836
8595
3548
1121
6866
9551
2002
258
763
5022
7233
2891
8251
3012
3165
1167
6420
2891
9947
2978
5976
6694
293
2412
3259
8871
6886
2472
2364
3229
5090
6200
1824
8638
7322
8690
8189
5676
5300
5305
699
2534
8196
5302
1898
7713
6469
8318
6957
2768
1296
2933
9463
7941
5346
9074
6813
8584
1547
9177
1813
6637
1729
9990
5276
5403
5032
9817
1080
333
5122
8131
9219
9671
3433
1117
7384
6255
9436
4341
9023
7084
7275
4838
5026
8973
265
8191
3909
1812
3720
5723
4801
5449
2065
6429
853
7097
6247
8285
7430
1369
2768
6649
1040
6201
7767
4777
8808
3555
5470
4184
6991
9097
9022
8369
8070
9287
6560
1980
7451
6632
4055
2253
2082
6120
8682
9287
9569
1281
3924
7000
9003
6692
1
6395
9245
4120
1172
8054
4027
6643
2238
1019
5740
7612
5740
163
3252
8653
8495
703
5285
8902
9308
3719
5022
4343
3006
4591
5624
6930
7943
4627
9974
7945
1023
9220
8417
8547
3626
2445
1542
5864
9816
3635
9828
5556
3798
3080
4209
8645
3784
9495
7547
9444
3214
2569
3787
2573
3512
9412
5855
7808
391
2182
2105
7766
1402
522
6314
5028
2967
4208
7244
2783
7843
7072
4692
1641
153
8901
286
289
4748
4185
9733
7963
3106
3521
6888
6619
9285
9095
779
9676
1277
2884
7443
9031
9758
109
4059
2726
4317
1303
1861
2161
4728
6553
154
4881
5455
6793
1522
6555
978
1255
4518
4085
1128
7758
7056
413
3206
7835
90
4483
7071
3885
3515
6829
3994
3926
5907
8311
5230
7769
6824
6310
674
6979
1191
2481
3772
2713
9037
1102
320
9907
1539
1449
4018
8595
8214
7224
2782
4656
1707
9853
8541
1574
3035
8887
5501
8942
3551
7083
3063
375
3393
90
3706
936
2571
3830
1
7960
4933
321
4220
6472
8122
8238
1420
2689
5462
4202
7345
3521
408
2239
5096
9795
1126
6949
5089
4677
4032
8153
1405
3777
4595
5111
4713
7166
8942
4714
1479
3875
1387
5699
6699
5862
3937
8119
8551
5751
8674
5896
9272
5434
8135
720
5229
9262
7669
318
291
8053
4823
1696
1830
9418
6808
6543
2937
2102
7609
4416
2329
8997
6467
9028
4859
404
3500
3410
2507
8526
5658
1779
312
3794
8852
5541
9408
6521
2211
6051
927
3387
7748
2757
2805
908
5653
5742
9362
3262
6510
1691
8611
2977
7071
9822
9733
571
9584
8592
5449
5243
6724
5761
5389
5576
7654
1149
8449
9866
7200
9376
3253
1300
2134
2410
8560
7787
4505
7922
7401
1015
9613
6013
345
6685
5835
6430
3608
1772
5023
9058
7015
1747
1171
8756
3675
8826
9905
2124
5044
7105
1501
8297
4758
3635
7059
3318
7774
1564
7593
5175
8932
7206
7540
9277
243
3376
2059
204
1500
3434
9262
8515
1533
6785
3623
5208
5611
3528
7333
655
6985
8834
5304
8095
8821
2364
1414
6595
280
9007
1770
9212
2565
9311
4841
9161
9039
6901
9365
6891
335
4979
1758
1869
1764
5381
7077
3728
5261
762
4383
2246
9596
6040
6694
8417
4756
8108
1364
5036
3467
9487
4249
2384
5150
9090
1545
541
2343
910
7432
2679
5889
9190
900
4006
4571
4329
7734
6184
5092
8469
4782
1040
4509
1476
5810
5617
5936
7174
654
5755
3013
1255
8140
8163
6697
6037
5056
9041
3300
2488
8072
9189
8030
5324
3195
8953
6005
7281
5137
1097
5751
9920
8490
6612
1396
4300
2230
7333
7826
9236
9440
7192
491
7580
5355
3540
9970
412
2581
3270
9252
7005
2459
7283
8681
2007
6236
4687
5640
7726
2136
1391
7646
626
8004
5394
1278
234
9079
5457
9470
8520
2649
6313
2452
4356
9853
2422
1120
8787
5692
373
2144
4504
4008
826
2863
6596
5513
8503
4322
7649
9895
8320
8276
4251
67
9554
4485
9146
5011
307
4018
4012
6620
2823
8369
2825
5245
9489
1612
7290
9862
3757
8146
222
935
1009
6819
6448
5864
7493
4097
5759
2166
8725
10
2233
4632
847
7731
5995
1154
1750
8
4126
925
8377
3304
6170
7866
1268
9812
4081
1377
7958
655
2312
8967
7474
8760
4832
1320
2858
6943
3486
7935
3306
2071
2567
4153
9802
8563
1660
7904
8571
2138
8829
6948
5442
1352
1166
6711
1164
1599
8088
9123
2255
401
4442
6081
5513
5626
7401
4723
8922
7239
2659
2228
9310
5226
2733
9113
3789
745
3369
2360
2884
2199
5660
4678
3551
3179
7741
1067
4778
2182
6542
7033
2583
985
3115
4448
2963
6868
9172
1885
4108
1831
465
9770
3409
9551
5235
3551
296
8605
5911
9532
7156
7924
563
7059
1103
8304
8126
2233
486
1021
5619
9421
8358
5086
3870
1321
1954
9394
9559
2414
7577
24
2185
986
5927
3772
4537
6224
2377
6801
2108
5885
1077
2671
2944
8532
976
7423
7117
7814
8444
2736
7236
6802
7822
7458
4475
9777
3204
4034
8543
781
411
7080
8119
6338
853
9009
8914
9582
2162
1023
5468
3239
3694
4764
8123
1022
2187
5240
5189
6983
7977
8777
137
2151
6235
4613
1928
5791
4999
6824
6572
1762
3904
1043
4453
1109
52
3367
692
8566
742
2512
8157
789
3628
6280
8163
5816
7873
3352
9151
5850
2129
9289
8001
4716
3902
6282
507
5253
9458
7079
7016
9714
4475
1469
824
879
1188
7868
9446
1931
6732
7603
9072
360
236
7235
2528
8109
588
1680
311
2717
969
4664
7434
1223
7298
4293
2828
6756
7725
9844
6471
2200
7665
3647
3079
5206
7867
2525
3489
4599
6481
2561
4959
6717
9796
7488
1178
6736
9168
1489
9454
6489
2505
3240
4064
9804
7533
6892
2912
5258
3089
9383
7458
7106
9382
6890
2312
7249
5767
2153
1848
2248
4714
3160
5317
863
648
2847
7599
6168
4336
3405
9009
3194
6645
3073
2998
4179
6317
5910
5789
9406
1646
9600
2865
7380
6490
1529
4630
8609
3683
2830
7210
4749
5990
2527
5612
6638
1727
3212
9158
6063
6617
8167
5609
9615
7592
8607
146
3910
870
5935
3316
2516
1887
2533
9896
8377
4063
878
6987
7746
3709
4197
2495
9699
3076
4460
2690
4803
4024
1848
7219
6993
6368
2828
6608
3960
7788
6754
7870
8658
9042
7539
7526
929
72
3774
5659
487
4653
8998
8233
8362
9547
7081
4413
8975
1541
3455
3779
5565
1656
7350
2558
8024
6530
5519
8336
4318
8625
6207
9328
4019
98
6854
1301
6522
629
6960
7010
1634
2310
1595
6348
1857
8676
761
832
6569
4217
963
8486
5873
4665
7397
249
1196
2916
8585
1866
7893
1144
1195
1913
7594
4401
3214
4117
1382
6526
7479
3016
8836
5426
9364
7045
455
6478
7877
7024
7047
5193
1863
9272
9858
9260
9521
7406
8528
4458
5625
6421
5603
3172
4686
9549
7573
7900
18
8956
778
7497
8324
9614
9276
7689
6659
9731
519
889
3107
7566
2434
4970
3190
8644
4230
2711
6051
9110
3521
8028
1884
5476
1200
6570
5026
8773
823
5044
4081
7953
8894
2406
7568
8170
6447
579
7901
3318
1468
1008
884
254
5979
426
8899
6561
9489
4950
2024
3010
9330
3908
8487
530
6830
3513
5655
4005
8557
9737
1959
7451
8495
5879
1973
1294
2810
9874
4612
4279
883
1848
4533
3214
2274
9784
6127
1763
4734
8151
1125
416
8411
9612
946
1594
3125
6602
5599
8035
2691
3910
1838
7538
6141
3812
8832
8952
38
3444
9583
7273
1644
468
487
3918
253
6615
2033
1339
1118
3158
1756
9530
2771
2702
1124
2248
5656
3075
6635
4699
3338
4826
2237
5831
8638
1069
4783
8676
865
718
5950
2509
1187
2789
2779
7792
5756
4812
9131
3227
4323
7239
2757
3446
6294
233
2046
1950
9660
8682
6650
9350
3508
8887
5182
8498
6309
6317
3526
3526
7036
5828
2388
4575
8618
5167
2367
726
6332
7850
3953
7007
5090
3062
453
1384
9647
2499
3334
9308
1181
6336
5010
1041
1576
192
9539
4237
2862
9418
7763
9898
5246
151
4473
216
1671
3192
943
8003
1042
4896
5010
6132
4311
1815
7516
3958
4314
7203
9618
1848
9891
4629
2889
1467
1173
8781
5704
4035
8199
9820
285
3445
6323
1110
3662
7994
4302
957
5997
5345
2205
7359
1477
6516
9174
5346
475
9841
2549
6445
1689
2440
7426
4578
260
8600
9711
2316
8987
7910
8488
5625
7708
4812
6735
7722
2806
7390
8679
5156
2735
884
2515
564
3753
8042
5910
580
7883
4811
7025
9572
3604
4452
502
216
9404
6566
2532
4743
4476
1021
368
8536
5833
3456
6258
4991
846
1289
147
3581
2174
9015
497
2279
7057
2760
2859
1292
7571
6236
7216
7527
688
7718
7743
6444
4284
6628
1188
5113
7649
1556
3649
9834
5012
6260
4825
5858
7549
1325
5791
6075
340
6289
8354
7397
9049
7565
5041
2972
3802
2257
500
842
6327
8243
7287
6964
4871
8475
2077
8872
6383
2078
5058
1396
8338
6236
3606
2240
7561
5750
8315
4253
2039
6670
8002
7440
587
3043
6764
4389
5300
7264
1584
1627
1860
8871
8591
3083
3698
7020
8308
81
5451
9718
7829
3789
5954
7788
6029
9867
3538
697
4120
1929
3719
2122
5721
4306
5165
2485
8696
6817
6102
280
8445
4314
5503
3388
7397
5553
6761
2057
5634
2212
1776
9816
2353
7730
3956
4735
3950
3846
5432
4422
2127
9151
6545
7848
3457
8062
6685
8505
4880
9139
5137
9677
3453
6992
9417
7203
2545
6178
9260
4532
8390
1036
4348
744
5119
4656
5479
5421
8502
7263
9843
629
6414
6388
4829
6223
803
1514
1081
5683
654
6218
1712
459
3211
1129
7662
5756
7308
6923
288
2050
4311
988
2794
9430
5644
4625
4851
498
8240
1047
1127
4654
7435
2308
7230
4590
3823
8311
273
829
881
8337
1288
444
9467
8951
2553
3127
2226
2841
5177
6537
182
4324
2320
2178
8949
3523
2677
3542
4570
156
4548
8358
2465
1778
2948
2640
6441
9574
3469
7323
7911
1109
7767
3730
6412
320
6857
4990
9514
2035
1528
6048
6359
200
4578
1660
75
3607
5202
998
3764
6103
9356
2581
7881
8656
1573
675
4582
1394
7998
8846
2503
2117
2576
5268
8790
5786
258
4656
7821
8138
704
532
8338
5282
8544
4766
8890
99
5764
9006
6202
1472
7939
435
128
9512
1110
1063
906
9108
9909
9761
7578
8837
5029
6368
975
5288
7376
5148
9778
8080
5680
8117
9714
577
2883
4956
676
8647
314
3230
119
8253
3665
6599
4117
4776
4014
5023
236
3923
1137
7814
9113
6166
534
88
7806
7910
5237
7585
2342
7269
2054
8409
4198
1289
9717
4874
6288
32
8104
2759
4637
8122
9358
8755
2898
3373
130
3134
3648
1267
7301
9113
3786
4187
5554
7944
8450
7143
1881
7144
764
3935
5553
4963
5224
1623
9837
7864
1655
4294
623
2644
2416
9982
7751
1666
9707
7882
1152
9707
5501
8453
5173
5639
2641
7079
3584
7443
4222
1817
4587
4986
5753
141
9949
7329
1764
6139
5194
9771
6785
2169
8767
5553
8503
6519
7219
4562
4401
8371
4270
6254
3177
5795
8246
2170
2874
1830
9613
3448
9999
4200
8434
5752
693
4736
9434
8809
7227
980
4932
4012
3149
3700
5917
1653
219
3136
6215
972
7859
6837
7226
1036
8984
5472
9558
8210
3654
9171
1658
3654
9724
6445
5758
417
1181
1544
9227
4760
8876
4159
5124
2026
4211
1041
31
4430
4177
2598
5402
8388
5788
8981
5777
1124
4453
5335
9335
4460
4507
993
4466
583
7438
6576
1000
4971
8121
6579
9731
6997
7091
4855
5375
1302
5896
1758
5733
6425
709
7487
1166
2849
6468
6943
3973
7274
2278
3308
8086
3137
654
2552
3720
4444
9128
1073
9416
3601
4004
5499
6951
1095
355
8678
8750
2603
6789
835
5381
7498
8322
6547
347
1143
9842
672
8417
2120
333
2855
1610
987
5407
1682
5431
887
9107
1199
841
3112
6699
4144
559
3406
2822
9309
2361
9611
6496
7742
3461
1171
641
160
2314
483
833
7083
8956
7518
9938
6918
8505
1697
8600
288
2584
7708
7840
9777
7172
4539
3921
7731
4297
6744
3393
6658
2707
9889
753
6169
1060
7746
6329
3374
4582
3514
6809
3538
1032
6747
456
5889
8444
5408
2530
7381
9468
370
3510
6640
1261
7432
724
5558
528
4117
8568
3235
4006
5673
5756
1419
9772
8438
1145
4354
8304
7955
7892
5689
4702
4700
1578
9499
6460
4108
3232
5929
830
6742
8921
2091
4174
9645
4001
4702
3762
8922
4290
4121
4595
6398
5540
4367
4836
3037
5073
3141
992
2965
8830
2047
4017
6760
7898
478
7221
1130
2759
8051
7872
1680
6495
2047
7678
496
3101
7792
5770
3743
1913
366
142
3805
1085
1330
6843
6159
823
4187
5476
6005
6234
5846
2766
4132
6324
6339
1614
5435
4390
9487
3467
7237
7886
1145
7734
7339
8938
3504
1083
7203
222
7577
1009
7660
8907
4204
171
6083
4743
1999
2088
978
7845
4854
1462
521
7545
3077
5956
1936
8916
9424
9173
6802
6921
3259
4141
5859
3116
1576
3063
9690
9153
424
3702
4413
980
3873
496
5723
2225
2584
3053
70
3791
868
6944
1336
297
9252
9624
9213
5028
5150
2367
1950
4761
6508
4161
4229
8085
7224
3920
3590
4000
7622
8003
4980
7848
4851
7056
73
7436
109
6495
7579
977
3439
8915
7626
2692
4892
6839
7720
6394
9206
6022
1155
2067
184
5385
6504
7408
5657
94
7761
3279
4450
9093
7479
9301
6149
7552
6737
2611
4048
668
3588
3839
5936
1215
6531
828
4406
604
7222
9965
6626
4729
2032
6810
114
8536
571
2123
8630
4684
5403
3080
3777
9234
8734
9927
6787
5471
2538
7187
2492
2478
1026
8428
45
3910
9256
804
4514
2830
769
7492
3911
2801
655
4026
1337
1226
6149
6319
2262
7904
5752
6039
7139
4486
2318
278
6309
1208
7465
8801
39
4843
7229
84
8753
2837
888
9619
2019
8009
7112
5931
810
4119
6309
8499
5345
2458
4819
7607
6715
571
9998
206
5057
2317
484
7718
3525
4301
6520
9916
5496
3749
1
4250
2939
7241
221
4958
5251
3685
889
2413
7804
7198
913
9501
6009
2084
3460
2724
2655
3459
9282
4064
2128
6118
8134
2005
6771
4654
1922
2267
4756
8275
2869
7695
1868
3091
2653
3471
3128
9895
5885
933
7093
3150
6786
3102
5234
247
2178
4241
58
7812
4657
8538
3930
2791
6895
701
7446
8817
9321
8554
3444
2190
6249
5313
1633
5254
8784
4762
5149
1021
2047
2243
4171
8833
1697
5757
5432
228
6350
1842
8040
1007
6732
8323
3799
3628
9024
7597
8797
8345
6151
2242
6888
8752
3907
8521
4006
9043
9635
9156
65
1682
7751
588
6868
9448
2698
8652
9676
9048
6847
4069
56
3579
2392
207
7207
1416
4156
6005
6114
6659
4599
9354
5411
4858
4227
9417
3901
3863
4925
318
1897
2676
7259
5117
8477
9957
3770
8153
9005
6969
2222
5413
548
966
1972
4108
8735
6128
113
1201
9139
1064
555
4550
5922
4782
320
6175
4997
5245
6494
6895
4274
3753
8364
2751
62
8486
904
5419
5455
9479
833
6004
6797
2805
112
5532
5286
6577
6733
4425
3993
7288
5328
6267
8423
5648
2442
3420
7245
8936
6667
1519
9041
1384
4270
9103
9870
1527
4523
5326
7358
1708
7682
4155
865
4146
9688
2503
723
6421
6929
1068
62
8609
7335
4837
4257
9777
4609
1502
5066
1277
9374
4107
9013
3644
9563
8883
5171
438
4209
8881
2146
8243
3037
3011
2389
9077
5515
9464
1850
8796
532
1912
7405
7867
3101
8014
3997
7711
5868
9063
5340
5242
9522
4353
8887
5437
3236
410
5875
3798
5644
8021
2041
8681
7385
4431
4110
9252
3895
5960
4400
4428
4225
1805
8647
7326
6171
8996
5037
2039
8059
377
7282
3934
4730
2521
9371
4319
9283
5247
8117
4927
9620
6510
9960
7005
941
422
2609
1189
6383
7009
1969
608
5166
616
7934
1337
9613
9324
9729
4024
9701
3363
4310
784
2236
3682
5103
7871
5281
9572
9151
4901
6082
9111
8259
3376
9534
7220
4565
2269
4230
6534
2877
5748
3502
7163
3438
9467
6487
3167
9844
2541
6530
4154
3325
5118
7836
4780
2989
9469
4352
2140
4371
6786
7604
8982
162
3490
6202
4727
5759
6784
7613
4988
2533
1116
2151
5971
583
4991
9138
6779
7532
2020
934
7209
3490
5122
1989
6479
4592
2693
8620
5315
9479
2576
4297
5994
6066
499
721
8177
3636
8335
3165
6169
5803
1668
2140
2738
3011
7630
9518
543
6002
452
4104
5844
1926
6093
2323
6518
5138
7295
1833
970
9871
2482
6964
2289
9334
7685
466
2970
2372
9983
9139
8175
1652
7631
914
4663
1613
6784
1559
3967
3588
5663
9811
5514
8109
2134
2033
3247
5782
218
4217
5653
2701
1181
4295
2035
5219
4761
5005
3943
4745
496
2119
2749
8127
9385
7412
6092
2521
5323
59
6109
987
9870
1623
5448
2004
3656
8695
4138
227
9265
6144
2928
6798
439
4963
2017
5200
6320
5961
6297
6816
4432
9046
1295
169
2811
7387
2690
8134
3798
8799
5473
3668
422
921
2024
431
5969
6163
658
5234
2307
3586
2032
2746
4901
402
4298
7573
2715
596
741
3499
5994
8388
3668
8805
2127
2710
3292
5925
1509
8765
9593
8283
6039
7969
5066
2008
4132
5724
7242
2791
5662
5626
5537
6915
6028
6188
840
8743
3136
1581
2242
9130
9969
2262
7936
2096
4972
7580
8021
2833
2697
3966
7469
8736
1936
2535
7096
2420
4612
690
5212
6626
6317
7101
9894
8697
3289
734
3793
6425
2316
2387
5556
8637
4650
9844
7086
5974
7424
5107
8808
6473
5426
2629
1562
7362
5164
8658
6134
6128
9349
1346
9107
2018
8448
9001
715
1737
9735
860
8163
8403
3248
71
3393
7898
6267
479
3872
3691
1938
9032
6516
7364
1661
8078
1078
3178
6737
7213
5658
2438
8559
4765
4456
3359
3766
1523
5097
9854
2384
9612
4609
5632
6035
8002
9882
2302
4833
106
2345
6772
9139
8861
488
7152
6940
1567
6682
29
5132
2341
2467
43
3458
3275
3403
7225
1150
4852
3431
3534
816
8040
5518
6851
2395
5400
5505
7228
5507
7850
352
998
3063
841
4502
6355
2408
1185
6384
3892
9878
5203
3935
3336
8478
7338
6913
5981
8542
6696
5867
9358
4737
1386
6209
3484
3138
1714
7064
4997
5916
7417
5995
8980
8258
6850
1687
7018
8035
8072
910
4265
9627
4845
7601
8106
8536
867
439
7078
7563
6306
2789
8652
7692
8998
2136
7183
7065
5553
2180
9333
2970
4528
4665
7580
1378
6353
4598
5765
777
5508
30
404
6705
3983
4862
1593
4850
5301
5024
2414
1608
7813
1066
5652
3163
9555
2835
6580
5108
1368
2266
8078
2248
6931
5658
9978
9636
6608
5743
413
8468
2125
818
1525
2460
2032
3119
7311
7334
4495
9725
5294
2308
7143
946
1823
6698
134
8404
1806
7854
670
6236
102
3953
8246
80
3590
4854
2175
355
3322
652
7525
4848
3112
9558
4319
423
6892
8814
6500
2186
1122
9996
9484
9297
6694
9618
7701
4853
7472
4723
7441
7574
5029
5688
4006
4971
542
6181
5326
217
3185
2852
1417
6298
2410
5736
6721
5654
4550
9574
7840
2024
9570
7324
1321
2616
3295
5375
3821
767
6450
1263
4694
1479
6951
5052
6450
3845
7586
8129
4062
771
981
5479
7069
9743
7567
143
5397
8469
9717
9589
493
5639
6913
8167
4607
6560
9894
8429
3680
2696
9692
4726
528
6643
9778
3330
488
7364
1459
903
8136
8792
2734
1557
8535
302
1700
3932
8771
7769
3521
5617
9760
6787
136
4368
9699
6382
2797
3379
9078
2489
8105
9606
5484
7884
2937
2324
1600
4396
3227
9736
3189
2314
7646
8076
2616
9346
8361
7739
3468
8234
9708
3228
1373
9844
7596
1073
6226
393
4452
1657
9234
2558
1263
4718
442
552
7043
2042
1301
6622
8131
842
8936
5777
8918
1552
1475
7279
5644
4943
5514
1704
8172
6887
1549
5768
4312
4127
2514
8765
2136
1748
1323
3400
2819
8117
304
9862
6511
1605
6484
994
2447
5421
6771
1366
3325
4599
4997
5321
9542
6863
7026
4066
103
4927
6187
4415
5406
8701
3180
7543
6801
855
7295
5972
8972
3951
2186
1836
5557
8671
2830
8004
444
5954
5722
121
553
720
1795
6447
7583
5173
514
4038
100
6701
8454
1858
1754
7986
5753
4907
8842
9400
880
4166
3352
9418
6002
8909
8089
5185
3265
4885
1139
8988
1359
8044
9708
9506
4491
3643
4679
1357
4034
1131
4410
2488
2989
6164
6826
5095
7424
5668
4495
4656
6187
4199
4074
2189
9460
8516
7374
2726
9753
4865
1714
1112
2909
7774
618
7401
7769
1649
8758
1803
2780
3169
643
2122
5685
7470
7217
9461
9490
8064
4117
5677
2264
4544
7867
1724
3060
1593
802
2813
6459
2516
278
9368
6642
7248
3121
764
8898
8232
8919
8030
1401
9563
152
3438
3385
7369
2900
2875
1786
3369
8553
4050
7913
2772
2126
7325
717
2929
139
3528
1797
6769
2897
4792
369
2370
5556
9267
602
4475
3650
8355
390
3802
1794
3775
7524
1046
3003
9310
4415
7908
3360
8681
680
5486
6006
7749
4767
6145
1278
6565
9266
527
1357
9636
2897
3265
5255
9852
7740
8905
8207
4483
9060
6353
4610
6584
7399
7613
5894
8167
5521
5606
6848
2553
7444
2854
303
2212
5352
7933
5129
970
8460
6486
606
7709
6103
2214
3913
3843
1119
2121
4678
6531
4826
9289
3115
8578
6902
9009
6745
8776
4615
9945
1329
2060
9151
7984
624
4503
2269
5753
5474
7081
8591
2432
4791
4694
4646
8704
4889
2118
7177
9568
8649
2004
8857
1765
6934
2111
7126
31
7239
8094
9976
4921
6506
9127
2905
7130
9983
1527
2883
5457
8608
1474
4241
9751
6168
8888
8456
1057
7358
1985
6977
6007
341
2186
4124
7275
650
7603
7306
7889
5697
3634
2810
2203
2762
2068
5685
2745
3595
8568
4554
2203
6394
8795
1955
8914
4035
6763
6323
7745
5100
9653
3753
5442
1839
4229
9069
2489
1832
6376
6731
3881
6362
9541
2436
9124
7961
8121
8221
7908
3041
9127
112
9435
4275
8419
4701
4662
1534
7377
2408
6634
7030
2513
8428
8869
6742
7498
7711
4927
226
4442
5160
6588
335
7597
2065
8297
5718
6638
6205
8760
5766
2669
4547
6393
7440
9249
1055
5326
6626
3463
8313
3656
2328
3093
8877
5423
6943
2940
350
3521
7382
1862
6462
4070
9459
8527
8719
5178
1517
1276
290
3635
298
4837
28
7738
438
7436
9417
3416
7251
7730
3424
9580
823
2302
5003
4119
5242
1705
7640
8977
3567
4102
9399
9379
2629
8118
909
499
9394
1199
4134
6044
2388
4163
135
2827
7951
9552
6243
5202
3634
9668
4782
809
8322
6137
4928
9916
7842
2569
5245
7762
6671
4644
7141
5653
9114
8050
6152
4861
9249
6638
905
7989
7153
1040
816
5104
592
3412
307
578
9432
1441
1388
4106
7579
2668
374
1773
5237
5620
9535
8261
6616
6676
266
2083
4726
2770
6944
327
9408
7849
8317
2914
5242
5485
8018
2186
5249
4677
2765
4681
2471
505
5139
50
3173
5514
8175
4763
7486
7711
9376
454
4387
9642
2537
5466
8764
5833
2145
4524
3683
462
7438
5277
2300
5457
7463
7549
6486
6580
8583
8957
7085
3722
5359
6611
5588
3535
1374
3074
1246
750
9881
1985
6744
2418
7451
1860
8252
9597
6384
8287
6411
3823
9916
5063
5632
7379
2613
8470
3960
7548
7428
7397
1270
2787
4008
3211
6322
1734
6285
3920
8836
6166
5906
1932
4937
9709
3792
9541
5658
177
7828
8422
352
7744
3485
2336
1475
2450
806
1787
9998
8234
5537
7621
1022
9545
832
3696
7632
3469
7617
6468
9636
9875
8401
925
9584
8545
466
1595
8722
4646
17
5426
2390
3502
7762
217
2305
8569
2005
2303
6803
7542
6276
4177
3439
7108
4226
1071
578
8195
3892
6566
8070
8645
7491
4006
7190
4309
5601
2265
8955
5618
7691
7697
9121
5454
7914
1426
4023
9919
81
7178
3813
6358
1356
7253
9818
5582
4676
396
3777
4920
3314
8199
9917
7157
2205
7108
1466
7807
5725
6773
3425
3416
4470
8898
5222
2385
6676
5597
8656
3110
2776
2470
9468
4132
6075
9286
6066
7103
6035
6195
2024
5701
4394
1941
2859
6599
5401
677
758
1126
7451
4184
895
1921
9434
6117
4306
2463
1715
9315
5573
4491
1785
1393
4975
7860
679
7393
4963
3066
3588
3339
8768
4334
5281
7979
7285
7034
8656
8044
8161
6107
8580
9056
4381
4366
1525
5039
6829
3240
4354
2402
4083
6139
3795
5410
351
827
2803
1667
245
2743
5006
9013
3429
6639
6992
715
3674
2001
5111
8187
8108
43
3595
8841
4409
5120
3881
7591
4713
4587
6345
5148
7079
6493
559
7430
3672
9714
5449
3917
8810
6808
2931
2239
9799
6275
9306
9825
8276
4417
8012
2737
812
7959
1578
1574
3080
1811
9165
4145
6399
5510
9293
3478
2003
6204
908
5675
2271
2710
5945
1081
9518
8876
3320
9317
1503
8979
9143
6132
3396
3507
8869
561
1467
447
2135
899
8611
1300
1396
5010
3162
7041
8488
1518
3246
5748
7193
5517
8458
9490
2950
4328
4718
2622
9998
6222
1601
5493
2354
4998
9000
7575
5559
6819
8022
4046
4070
2985
5346
5466
7995
8508
2508
6483
26
2106
8584
3572
7623
3394
3062
6925
7723
7781
9547
4073
355
1149
9566
9061
2499
4918
6636
4410
1738
1010
8456
2160
3996
3802
7627
1991
8662
135
4827
5041
2241
3411
8613
6216
6805
8027
9493
880
2160
9040
4953
2515
189
4519
1576
9040
9438
8212
3450
7528
9223
8258
6040
9571
8412
3667
1562
7075
154
6389
2116
8747
6152
7081
4963
2958
5108
4456
190
3621
9849
5144
6136
6390
6015
4065
5431
1805
8629
5233
5685
4204
3492
1726
3775
8256
5393
1690
1683
5548
4431
151
4295
584
7232
5611
9894
8693
6419
84
2314
2620
1580
4802
9011
7596
5219
794
9401
3849
6027
5087
8053
5871
6813
8181
4128
8558
9871
2163
4106
4302
2315
4754
1238
9547
6717
1132
4592
9488
7569
3258
2109
9149
4413
7472
6745
9632
8266
2499
3481
645
7586
7887
6517
751
2420
6997
9309
2291
9160
3416
2945
7827
4522
4184
7375
7591
1668
8319
7079
9237
7930
5540
8387
2343
3012
1484
1975
7630
3983
1809
8276
1569
6048
1145
2320
8468
8142
1630
7111
3654
1398
6408
1482
2272
6944
5209
9863
8613
9880
3294
7850
7810
5187
2589
153
4551
4074
8481
2182
8057
290
6810
5979
2690
7955
8299
1158
2449
6281
4621
6103
4031
7381
3937
6303
4326
9146
2518
2939
5379
2165
7141
3189
7352
9731
3343
8255
3805
1824
437
8214
8466
3599
4193
1156
1554
8845
8666
4003
5126
9639
6459
5510
7020
396
1813
7698
5895
684
637
1274
2849
4131
815
6553
3862
4158
4808
4019
2334
1598
2233
7152
5197
6427
4660
3104
5272
9678
7107
6750
9317
9918
2260
2690
6667
426
388
2562
1110
7378
188
311
1509
1003
6864
5371
1514
1672
9390
200
9622
7975
7353
4820
754
8365
7924
6026
8044
1383
9129
3713
7654
7741
6403
4321
4519
3144
3235
1981
6874
9775
2292
8383
778
5508
106
8644
3533
5848
8845
3155
3823
2550
4327
4578
7267
8603
6956
5311
6339
2437
5377
3993
179
1780
8314
1050
1276
7901
3032
8150
7676
1676
2885
8454
7185
2991
3451
7070
8839
8648
225
9015
1198
905
9945
4817
9508
3253
129
5847
5691
5506
9840
2222
3638
4506
3272
1267
2407
2656
5769
6435
4333
8655
1242
7870
1646
4693
4940
6838
3341
1517
2205
891
2422
2150
5708
8283
1755
2189
4130
7446
7695
323
6020
7686
1181
9293
5305
9941
8301
1074
6376
8986
9729
7618
6856
7728
2311
8148
4566
2004
9666
3123
2895
8440
1625
8604
6723
3380
7145
7206
7179
1193
3881
3199
8879
5062
2492
4184
1355
7146
5258
7732
6132
1340
5350
2989
9068
4014
7489
9986
6018
3507
3109
5266
1948
1086
222
5023
4466
7367
8581
1645
8560
8814
4845
3791
229
3689
7975
1584
835
9586
9316
6968
7278
1019
6309
6346
5033
3798
2684
7403
3658
5793
2669
1958
6879
9243
3333
7697
6611
1915
9343
5171
729
540
8963
958
581
3290
2543
1417
9228
8211
4737
2858
9230
7398
9204
615
7548
1888
4371
1206
4033
7040
3164
7264
2636
6498
4962
9247
4765
657
770
1846
7549
6085
9157
8130
9376
8052
9547
4956
6263
636
7815
1846
4386
3371
8813
1935
1612
3184
9493
5645
6577
2658
9262
9213
5508
4224
8460
6625
1233
9230
8471
8782
5316
7628
6912
1044
5680
2812
2352
8296
9800
6519
6494
4187
9891
5307
6122
7855
8492
1967
3500
5069
4625
9114
4282
6485
3338
9094
3110
923
4676
1582
9705
6344
5562
2970
3740
7595
5782
6093
2243
5582
8964
8737
6121
5207
4044
8595
3062
8888
563
2915
309
1540
2029
4591
8026
1720
37
7488
2643
4714
9070
2349
7410
985
1671
1151
4932
7453
3596
7175
9387
2560
2264
5509
7768
2660
4104
830
1549
4667
97
1858
6208
2127
2802
586
3847
9191
8074
2842
257
3497
1543
7668
4482
3214
8819
5766
667
2415
2941
6407
1327
1557
1916
9095
4217
2372
6278
2118
3392
6375
329
5952
4854
9483
6538
5053
8674
4612
7896
8932
4461
9439
6600
5295
2654
1771
1061
9673
4186
354
6080
5513
1911
4348
961
2481
6721
3591
4599
113
9966
1280
6065
4821
763
8955
9874
9438
3567
4122
4722
8029
3562
1322
9676
2568
3093
738
2241
3631
1092
8322
5496
9356
2670
2809
8189
5743
6400
9140
5856
6367
421
8273
7540
1184
7228
3766
6974
7148
7889
1696
1529
7803
9370
1205
371
8815
1943
8964
2446
9388
7286
4295
5096
6309
7104
3285
8404
3505
2425
4261
6224
9198
8886
116
6735
6115
3882
3709
9615
8123
1758
1144
2278
1128
8701
2649
9944
645
1614
8742
6385
5252
3037
7833
7913
6494
7470
6318
9999
6247
6931
2575
5446
2169
2691
2181
8284
6573
2242
4251
1049
4000
5395
3327
5129
4097
2329
1425
1094
295
167
3831
1899
9557
8016
9813
6051
5486
2483
2402
8085
9414
4977
9883
1583
7668
8416
6220
593
659
6823
1642
4659
2219
4970
6140
2668
3651
3917
114
3946
437
3945
5845
9994
8313
2010
2397
151
4493
1151
8236
259
6128
8120
8195
148
6536
767
741
7195
7590
8736
8207
9809
58
699
8829
3709
969
8943
7655
1406
9240
9852
7752
3905
1863
6501
4056
6356
7652
2293
6616
132
6765
1163
280
3301
1930
7373
6849
9520
6109
1408
5682
6167
8459
863
9876
9428
9807
3883
7186
5399
3736
4938
5657
5599
1439
9713
1955
5443
2006
4923
5575
5123
6086
2207
8425
4368
9581
1626
3889
5690
9386
5923
8210
7845
6786
8086
3626
2945
1970
812
8345
5706
5751
4002
1305
3542
67
9612
5338
8426
888
7265
3549
6974
9473
1974
7695
5406
9952
1584
1096
9338
7507
9306
7184
4293
3745
810
7239
5715
1622
1936
7773
3725
2290
5430
3620
2357
5042
8958
783
2282
6223
4333
5609
2048
2659
3304
7454
2612
4888
4903
1950
8747
561
5486
9392
658
2648
6631
2725
623
4919
498
700
7209
5928
4320
5919
7323
9630
6702
9605
2206
7387
1566
4254
47
4870
8061
9011
9758
9316
7313
4857
9877
2800
4250
536
1800
881
3261
2423
2153
112
3124
9362
2392
3796
1633
6067
9779
8336
2025
1985
2075
3591
2591
8474
8462
7004
7485
4572
6320
4799
9430
2550
3951
3680
9438
2103
913
2699
4527
3066
9163
4003
8781
1556
4151
414
7623
3930
5102
6000
5915
3530
9592
4859
2004
8054
1863
9490
8978
4536
641
8408
7086
944
8440
6524
3047
5706
5575
3926
5124
4739
4281
257
2647
8433
672
6622
2363
2126
2623
4631
5656
2215
5842
4013
6621
4057
9855
1951
8593
496
360
5679
7792
5152
2203
839
858
4131
1118
5983
8870
5399
6240
7869
184
3264
4491
2548
1743
3466
3531
3751
2033
9373
4116
8654
3430
3971
606
8376
4467
7318
4055
2259
8822
2611
9451
9681
6742
6921
2016
1964
2320
4608
9833
2505
4225
676
1405
2320
4143
1288
2423
6176
7013
6540
1183
6795
511
8141
5171
1331
1811
9227
9942
633
8190
9393
6666
1284
2666
5034
3248
4987
5995
9433
3844
220
6461
1601
8892
604
2889
1315
3133
9902
4207
4316
6697
4719
2457
1869
6050
620
7448
5992
1253
1990
1738
7920
3274
4404
9306
2874
5743
5301
2307
9587
1873
5120
7540
765
5725
429
8433
8858
6683
2640
9526
3381
7359
8335
1602
9761
8955
5402
5754
208
7392
3844
4480
666
4600
3787
9892
344
9088
8551
6283
7314
3671
3824
8079
9396
605
6512
4606
7289
9153
4132
670
2864
8819
8624
2626
7774
4026
4732
4335
7770
4928
8815
4788
9528
8954
4680
9872
4395
3231
2508
1709
6902
6332
6140
2651
6937
2653
3609
578
8158
4094
1248
7374
2913
6224
6352
688
6602
7436
5023
4372
2364
190
5512
8245
5497
192
4469
9892
9775
6977
7953
3030
9661
4093
5681
6599
3098
9290
3529
1256
3384
1130
8631
2650
7354
1335
3338
309
8772
4713
4681
7488
4903
6546
5733
400
3090
203
6644
2866
7180
4597
2248
6842
5043
4281
9793
8141
3571
3322
9398
3308
4452
4381
5958
8159
2068
5648
8468
840
361
9501
8329
1616
6047
4062
8369
5490
617
1365
4708
7798
2315
6956
992
7358
1237
7137
1851
1160
6811
7601
820
7616
1982
3130
5775
4051
8778
595
1243
5491
96
9572
3460
2496
9987
8181
7986
604
9546
2694
4754
8213
6002
2098
5571
7239
9235
7423
8399
6047
5024
9220
3663
3359
8702
5790
3762
7481
6385
5005
9324
2833
930
9136
5329
7269
7317
9667
4225
6864
8713
8980
1429
4715
1078
7001
8306
6666
776
3058
9065
2152
2278
2728
1863
7332
4870
5625
4813
7607
6983
490
440
4265
9626
2122
1534
6944
8141
5759
160
6855
1091
1589
7922
2170
4942
6229
5188
2070
9287
4253
4223
7917
3333
6086
5249
8203
8064
6415
5810
5047
3257
2602
9312
2883
4724
7198
6179
2866
9309
2691
6073
401
633
347
8923
1927
6576
4111
3998
2215
8364
4573
6484
1697
7011
1734
9900
5075
4501
2062
6474
7758
4664
2138
6993
5741
9336
9525
4959
8646
8568
7384
5399
5553
7731
4322
7481
4308
8433
1479
2875
6797
2404
9360
4846
9415
7446
4746
4491
1947
3160
965
6057
4176
9456
9402
6269
8792
5279
1228
3790
3848
4964
9189
9401
2696
3511
3234
3356
8296
1065
6231
5093
3469
5591
9939
2885
9389
1037
3728
7688
549
1045
3745
4726
501
9500
7347
9294
4779
8576
9436
4979
9892
4978
733
2588
8489
3967
5944
6786
5033
8528
8231
8502
4119
4523
7739
9861
1912
1467
7549
2462
2513
7647
3540
3014
7147
7239
8660
8278
2167
8097
9610
2060
3075
343
4648
7916
4310
593
1054
5695
9121
9286
4198
9592
161
1937
5805
8425
9757
3355
887
2270
1002
779
5284
4501
8019
297
2779
6538
8394
2389
8598
7821
2732
3247
5737
3395
192
3144
9090
5665
8782
9640
1609
8943
7930
7415
7368
7687
770
4608
6309
8124
1739
7945
2625
6110
8242
5404
2649
2988
4146
1247
809
3230
846
2899
2977
1038
6043
2068
6703
1177
8060
4665
120
2342
2080
3840
29
9202
4800
2690
7326
6540
636
9951
9002
8878
1707
1651
8219
5853
9251
5380
5436
97
8279
8413
1136
674
6833
4191
1851
4894
8856
8323
7236
7288
2164
3618
6490
3316
2660
3816
6208
3296
119
5211
8527
8179
6862
6746
384
2465
2126
5820
2563
6758
4234
51
3784
7419
4242
5636
8665
9451
311
5902
6739
8827
5872
3230
2144
8532
3398
8352
8181
9870
3563
3060
4401
6778
9806
4785
9243
8284
6958
8158
1394
7544
8209
5179
4963
8804
7167
3629
8255
7478
5883
1346
2658
8107
4576
4802
2991
4327
9506
1172
549
9422
4232
4950
6200
390
6087
1795
5027
3045
9954
2773
589
4515
7952
5553
3319
1471
5534
7926
5302
1417
9273
7960
9524
201
2762
2515
880
8620
40
1429
8042
624
2731
4242
7367
8819
2390
2394
8216
8696
5167
8806
3211
9472
711
2883
943
6245
809
6245
4014
82
557
3538
284
3319
2405
1164
1940
8797
8946
9982
9422
1677
577
6789
6848
2967
5535
5065
8015
7054
223
1226
2878
934
461
174
3531
1271
2771
7545
7705
3329
7435
4341
3000
6192
1858
1292
4990
804
7627
764
8833
8204
7553
5682
7523
9440
7099
5538
2846
7322
3116
5725
4608
9930
5899
8139
1201
8670
5684
5258
8351
9471
9600
1352
5663
1458
2644
7005
2262
271
7769
7447
4827
1674
9481
2350
1114
6580
4240
3961
3902
3709
9686
8510
3639
1937
3001
1192
6959
5037
6450
5311
4508
6050
6663
6524
3860
9307
3529
2474
5931
1299
9922
758
2973
9403
3109
440
2336
3701
753
2590
7410
439
1101
7401
8728
454
8593
5687
5492
5044
998
0
7446
4013
6524
1307
3321
6406
3781
9252
7705
55
6362
7030
5811
9471
7470
8147
9525
8223
737
3287
5014
8190
689
94
8645
5634
5782
4137
678
3132
489
4477
7146
7014
2136
6819
9772
2269
2423
7477
2325
8785
859
8136
4609
8330
6283
4134
2905
3372
3773
4272
1563
4462
4366
208
97
6500
697
7127
9633
1186
1604
3131
4552
92
6302
4324
2362
8725
8153
4687
3862
9013
9175
8471
3695
1810
8957
2952
5182
2731
7224
6745
3545
7943
3305
9994
4443
354
3474
428
1541
1430
9911
2445
1523
6213
6770
3885
4938
1275
8572
8801
288
4099
3624
335
5909
8934
3288
1091
1665
512
4189
1562
4807
3846
7909
5603
4201
1383
6031
5742
9165
2295
4539
688
8508
1309
925
9799
2585
9497
4952
9225
9948
8576
9561
5857
3862
2849
6949
1879
9713
7490
3442
4521
1336
7703
6476
5537
5438
2507
7631
4603
1154
2171
1644
9663
9832
2569
5814
8769
8419
766
7995
8367
5694
3908
4225
9557
3109
7526
1436
2822
5016
1230
3695
6352
8933
171
8242
723
9031
2225
5327
185
4396
6971
6200
581
9540
2014
9350
7959
9132
3697
6327
1179
3957
552
736
7066
8078
8524
9889
9446
6107
9936
2150
1392
108
6744
2116
5491
8970
7443
5676
9718
766
1877
299
306
243
6002
4618
9376
6051
945
6907
9
7849
3995
7075
2279
2519
6964
1725
4978
3253
227
6371
3361
6972
8487
8852
5942
2282
880
2012
3048
9109
8664
9706
5705
4666
4324
1433
7069
1621
8340
7078
5822
2335
4154
8101
1206
7470
6178
6185
7075
2758
8908
436
9730
3747
5640
2024
6029
2873
4036
5429
1982
2700
1487
4039
3718
5812
5472
788
3785
3812
4218
9608
6147
4724
4061
3706
8547
6592
9891
5622
9350
8799
2411
5432
2546
8051
7456
4927
7276
7844
356
5611
6897
1843
9650
6967
4007
5123
4107
4145
5287
8326
105
1435
3050
4166
5141
7949
758
1384
3572
6460
6535
5983
1892
9081
386
9348
4008
7663
3545
716
3274
442
8911
2924
7409
9271
8047
1517
3416
3335
9843
3521
1122
9245
4039
2615
7195
1150
351
767
7610
6886
3102
9503
5967
3488
5203
6327
1151
8748
3395
4425
9190
8658
3702
2952
7929
1749
4469
7697
1436
664
7570
8910
6261
7962
7877
3456
9112
8228
575
3074
5114
29
8929
7433
3518
4133
112
4669
9233
3507
5447
8424
8518
9149
7728
2799
7250
2197
497
5039
9213
4419
3949
5474
8733
8179
5283
7845
6407
2210
7272
7874
2240
6201
5307
5758
334
1772
6779
9568
1631
2226
4344
149
7727
2072
2949
4978
621
9798
17
6186
4217
318
1660
9303
8497
3295
7148
1257
5506
772
5483
4098
6974
7142
9856
7308
8914
2987
3228
546
1566
3924
695
9293
2348
9996
623
9321
9794
640
5507
364
7311
3520
9667
2160
6815
3167
9769
8673
3940
5252
2771
914
2395
8979
4574
1309
8319
7803
8207
9885
8079
8903
5530
428
5251
6154
9749
5046
3146
1609
5410
457
5129
1429
8970
8296
4596
8739
6970
8536
344
6093
5802
2739
1425
377
400
9744
4532
8608
5981
2611
3863
1511
3039
9114
7665
9141
512
812
750
5922
7621
5879
7351
6591
527
8300
1683
7497
6836
2027
9943
2639
1118
1368
9368
7870
7464
3900
2830
3445
6511
3045
4956
5903
2160
2622
5044
9024
9786
2146
4947
7407
4377
8650
351
4904
6950
8386
8754
139
6765
8697
2778
7883
6417
2146
2105
3881
2398
4936
7326
8909
7981
8634
1164
6493
7608
6208
5518
7394
4706
6817
1154
9083
5467
7857
3988
8770
6243
2742
8909
3008
7791
8039
7243
4208
6537
9348
8089
8935
4284
1767
4196
8618
6753
5361
1463
714
7921
3333
4460
2628
150
5614
8063
1970
3471
8403
740
9714
7497
6001
9074
5288
392
6317
5848
6929
5666
289
2216
6302
2056
2764
1272
5162
8125
2736
5876
2399
6069
336
5027
2572
2303
9442
4542
2126
7846
1634
8193
5343
3987
7267
6984
4379
3585
2832
7660
5603
3122
9876
1905
1530
2640
3178
6692
7118
2266
8920
9517
8335
9257
896
907
7912
338
1801
38
4536
3435
8231
6232
3774
5499
3216
8153
9084
6048
5813
1039
5522
2041
2944
7053
1034
2474
97
8152
4740
9018
4021
9428
8275
4917
6687
6187
1607
4841
2577
2496
4628
809
8728
8403
6308
1944
6556
1744
4344
8722
2783
9867
763
2079
6920
8149
4554
7017
6301
5646
2387
6674
1426
7014
7943
4466
9553
5903
9307
2131
8399
3935
2940
7127
2338
5600
5423
5247
3696
6119
3969
2831
5986
1084
4910
9258
9234
5816
2628
1887
7815
1367
8562
9241
8382
6505
3707
7935
2408
3014
66
7159
3302
9358
4286
5640
4958
6061
7239
8654
2181
1208
7837
4519
8645
2748
130
4231
4916
9110
6118
9083
477
1032
8325
8859
3890
8384
6795
2650
7751
3213
9810
1053
2572
448
3045
7530
6510
285
2537
5043
7845
374
5914
2842
9474
2396
7073
743
1506
9544
9826
8336
576
4503
7195
4466
2888
342
7117
6991
3556
3279
8044
2480
3727
7441
6362
6589
4078
5251
7984
8276
5626
3899
1118
1452
6295
8192
8547
4154
7736
8374
2490
4664
2877
6037
5483
2117
6380
2600
9108
6288
2231
3504
8768
5958
7298
1482
2548
1376
6734
532
9652
8712
783
771
164
3431
5315
5064
7585
9403
3438
75
4067
2667
6112
9550
1137
8844
8502
6597
1484
733
6454
6604
3044
3752
8087
1944
1480
4821
8828
7485
3533
9612
4608
49
3043
9923
5113
6980
9326
4903
3407
9745
3923
5871
5648
5060
4716
502
1657
6200
7588
4463
9157
632
8215
7244
2576
6048
2065
1404
3533
1950
7368
8141
1999
6763
8064
7113
3743
3742
8368
7150
9839
2291
3022
1839
7351
4090
2342
5361
6642
9930
9824
5799
6914
4392
3043
5842
440
1460
7246
3973
3410
967
8466
5410
7730
2882
8875
1474
2976
7243
4976
2815
9535
7998
4655
3238
2088
3349
8599
5083
3279
4776
882
193
9168
3926
6035
5960
5386
9633
6285
8797
6952
4751
559
4683
7633
9434
2509
609
6677
7485
9776
2564
1836
783
5803
276
4132
754
5359
3763
5530
6242
3956
1050
6520
6343
7010
8258
2329
9647
3407
5633
4398
3966
6668
8383
3400
9177
5344
6430
3015
5121
5346
1203
5904
1149
7831
37
8256
3191
3800
3786
5785
4109
1189
2305
6804
4551
563
5485
4199
3971
1119
4949
4289
7787
3333
4042
3317
5029
472
2684
150
2170
239
2407
9672
8070
8796
7928
1261
8948
8066
3398
9409
9255
5703
6214
159
2619
8051
710
2942
5522
5659
3583
9662
5344
7625
9331
374
4449
8367
6876
6620
8606
9283
6292
6676
8079
572
4290
7028
8638
7688
2789
4246
9744
9003
4405
8715
3407
5115
8009
5281
7126
1592
4943
8823
9218
626
9197
3667
8993
6073
6639
7599
1709
2931
4276
9788
3503
8566
3168
8494
2606
5958
2740
2350
1313
3497
1065
1072
4964
9074
6354
2090
667
7649
7265
6237
8276
6462
9904
7269
8888
6544
1221
6949
5827
5497
3089
5683
415
6258
4177
3021
8568
3269
1724
6233
3118
9141
3658
8082
8216
12
6524
5235
4013
3790
1472
2289
6604
7728
5911
5492
624
7132
2441
2804
8981
5531
8487
5748
8141
9016
5121
3061
8637
6845
5646
1755
5987
9304
6189
555
5668
2713
5790
9682
2855
3614
8323
9460
7694
4234
1304
8319
7718
98
1123
3051
1981
5962
8799
6474
1330
3921
9535
6319
766
5181
4426
3105
4486
615
3660
154
9680
5802
6188
2536
9416
4512
8348
7111
5098
9652
1782
2817
6102
9257
5868
8083
1571
1020
4557
9253
4941
4092
5572
2059
5626
6350
5165
6464
3317
8825
2970
2997
980
9159
1885
396
23
6585
3859
5121
2590
1993
4290
8692
1250
159
6776
9173
1179
1333
8426
2472
1778
350
4531
3756
3052
9696
6572
6369
4874
9542
5719
5854
5053
3956
2602
5076
542
2814
198
3132
4807
4488
8176
2410
999
4952
1583
8530
2638
6362
1002
768
3064
1886
4524
6117
7934
1096
2486
2808
6990
8205
5014
2044
8514
3969
7120
9056
6783
3670
8540
7942
4511
6716
6704
5510
8021
4640
393
659
1002
1395
7779
418
9633
2303
6535
7568
9751
5374
376
3093
9931
1743
1489
8445
5712
8610
7501
8847
8632
2393
3141
3143
9110
9846
8654
3483
838
9047
4142
8192
6794
1921
8610
6428
576
5146
348
6679
520
7076
6124
451
8819
7614
5249
883
2576
2750
9730
1208
1496
9224
4352
6958
5422
9358
441
6260
4757
935
4452
7903
2856
3062
683
9784
4560
1031
2815
1432
8108
8939
8236
6927
6553
3485
4163
5481
2587
3893
6690
4083
9469
7394
1041
4891
3104
7834
1151
7861
8769
5603
5764
1625
5018
2800
7761
9578
3831
6928
1011
1939
5868
9247
5219
8773
2732
9382
4255
1671
9627
945
5755
9097
4691
3148
340
7795
983
1492
2008
9752
3447
4124
7730
8465
6924
5491
8044
756
2420
5407
9047
4640
1006
4266
9765
90
0
4020
1761
5980
1317
3868
5077
6008
7017
1769
155
8000
3261
2163
7752
6709
6288
1834
1526
3212
7326
5922
320
6098
1329
9368
7090
8687
9986
6855
8777
6339
876
6891
2319
8545
759
3748
906
7776
5517
1061
2128
8779
3225
9881
1840
5865
1715
9718
9077
5393
5641
5750
7843
3322
1470
1285
2010
7808
8141
7139
4147
5369
4030
6466
3914
1142
6566
4820
5270
2084
2234
7399
7215
1811
3632
5407
7676
1699
5125
3105
3445
766
8855
1288
441
325
2574
2451
8134
7067
5942
8633
2436
6325
1452
2702
7467
8018
3875
2737
102
6109
6488
3669
7920
120
9076
5596
8172
554
8701
1617
7672
3909
9257
8113
586
8183
6916
8720
5250
2859
3706
4038
9184
5158
6741
3003
3176
6968
2092
9631
3077
8581
9652
7349
5053
5081
9297
3225
5635
4350
4842
3307
8259
4100
1421
8846
2283
8337
3918
3886
7548
7624
7924
6732
9134
1017
9735
2311
4337
1828
8294
7414
6761
7946
1115
1814
3027
6764
5040
5014
1115
6234
8322
5726
334
6095
924
8970
784
1195
2856
4685
8819
7132
7769
7954
4502
7505
6617
8839
5685
1263
2606
8798
5561
73
612
8589
6838
2004
9955
7953
8239
4629
3679
4925
7076
956
3895
4213
2151
3103
8898
7322
6588
6667
5276
7442
524
8245
6281
2561
5860
5239
1359
1422
5313
8324
6363
2151
328
6318
104
4919
948
135
9845
8024
7443
3740
2237
9594
3196
7487
6917
9784
4155
8545
7226
4679
6791
9859
3593
9003
5099
1304
425
412
9628
6788
8915
6309
3107
5371
1228
4055
1858
1073
8431
9302
1166
7021
8896
4362
4508
5813
498
8663
4359
4076
9695
7502
3935
9640
6505
5386
944
3283
2150
573
71
1065
3234
3178
6436
4462
3585
8295
1888
8369
7597
9406
5390
2845
3768
9898
8659
618
4914
9370
4694
961
3224
4981
601
6081
368
1545
9364
2518
8470
9436
3584
1704
8966
6372
2519
2552
1019
4407
7273
4968
3813
2663
7814
3933
2561
2825
903
3827
8547
1949
4788
1771
6930
5389
4204
7298
3287
3569
6169
1757
9357
6105
3462
8323
2477
2333
7227
3497
3092
4500
8465
6905
7163
2631
7190
6077
5456
4445
9904
4003
6394
1045
2126
3324
6434
6331
6975
9721
9900
3144
7831
5609
9249
7645
3932
8078
9978
7512
7927
3070
8364
6393
6327
1880
9024
9869
4309
833
4314
565
4836
708
1610
6963
384
4397
3294
3711
470
9546
3207
8301
5155
8808
5946
5439
6887
2276
9303
4814
5346
7668
7559
8025
9548
2936
7894
209
3769
2208
774
8605
9268
2385
1920
6005
6782
1566
9716
7252
7464
9276
5554
2619
8084
7852
4411
1323
129
3714
6138
1827
7734
49
9853
3634
2985
7747
3843
6754
6308
4618
1712
1928
3355
9984
7933
137
1551
4002
3741
9015
3278
9295
7987
7714
3500
8750
9038
9981
8816
1528
1808
6551
1577
8013
6537
4563
5761
381
7669
8421
1351
9381
349
4706
9366
4635
1195
7269
4989
4936
2636
4619
584
623
2333
4084
5725
7723
4065
4542
9251
2225
1093
7181
239
3982
1744
2352
4363
5765
7125
2066
1499
7474
6772
865
8461
7967
4486
9802
2904
7122
4421
3488
4098
3107
3924
9823
830
4341
4365
6434
6566
1810
3615
3157
5793
1711
1861
6508
7476
8986
8575
8975
2813
1699
6192
1274
9667
7030
7429
8923
4153
1850
8763
8251
1309
2687
4426
8492
3380
8792
4926
6298
6954
4893
9456
9099
6604
7669
5608
432
6656
535
5760
9469
2234
8304
7095
8253
5335
4524
7176
5840
2727
2291
443
4036
1330
4869
2528
4710
3661
3806
1009
6968
8699
465
6067
1655
4486
8027
8440
1142
8562
552
6963
7149
8856
4059
5402
543
4935
8931
6383
7662
7574
6826
1699
8905
8048
579
3615
8061
4386
4624
5029
9437
1441
7449
1093
5928
5476
5885
7070
391
6437
4034
7540
1645
4445
9294
2189
9380
4577
4924
3395
2152
8103
5094
1057
6151
2025
1024
4212
2763
5649
5594
2201
7090
3043
9646
9370
4871
5531
2793
5262
8320
3179
9154
9965
7624
4801
8506
3356
9378
9783
6751
7882
7886
8197
5291
389
6575
6316
953
9338
8317
2899
1539
1759
5942
7537
1130
814
3068
3923
6076
1388
3454
1583
7706
1078
6384
6212
786
2114
5995
3890
6349
233
2087
7992
6974
8662
660
4280
8001
8977
7179
5892
7089
3122
3430
4571
288
2850
8494
2716
591
1948
4299
8297
9378
7035
861
6516
9150
3209
406
1851
3442
8846
9843
6769
7508
504
1049
1861
5833
8228
4106
2922
1350
7536
7493
1638
386
2339
4355
7329
639
5006
5626
6369
2042
2840
2886
7544
6049
3292
9395
5843
2138
9238
2612
5999
9742
3661
4212
5576
1890
8318
4850
9592
2206
2344
7583
8945
4683
8290
6274
5323
3296
8253
1692
1690
1093
930
9234
7142
4223
8629
2985
2713
7868
1950
5064
3962
5611
9277
5890
7501
3947
741
3446
6154
3085
1029
1451
4120
9319
7725
5795
8967
2330
3840
658
3423
4770
9892
6917
5345
4874
6255
4411
9094
8205
9475
3056
168
5104
5299
4022
9052
6040
7468
1558
5477
8497
3009
9597
4168
7086
1745
3135
9417
5585
3793
9192
6707
38
2462
2053
4912
8717
6464
4006
3274
2291
3414
9794
7396
8713
3816
6448
4753
1284
4358
6582
6133
7367
2532
301
4453
4277
3437
222
6214
3582
9415
2921
3620
1877
1326
4884
6946
4142
8890
6572
6434
2305
6366
3830
7370
183
6630
8476
7819
988
5058
3953
8355
7590
606
9160
8219
4043
9383
785
3978
5150
3707
3950
3379
5033
8835
6677
9176
7725
3249
1962
6382
5967
5792
3753
2502
2422
2229
6674
9762
3639
627
4469
7582
1233
3629
5801
1629
9364
6587
5607
866
6646
9557
4245
8031
4744
922
3559
2470
523
5521
5204
2843
7665
5309
5345
6439
3890
2019
6201
7530
8998
670
5112
6584
4300
7265
4565
16
204
172
883
3202
6081
1480
1234
826
2403
1145
9648
9278
6667
1204
2121
684
6514
3819
7124
404
2190
3325
4286
1189
3996
9398
4125
4648
3016
8690
1016
3220
5214
1899
2775
7647
9732
4009
4825
2135
1506
4473
7765
4525
2030
9887
5210
4896
58
2334
1652
2248
5659
5939
3437
6007
1689
3914
655
4705
2604
1672
4278
7818
9923
7053
5466
9655
7414
291
8142
8920
1117
5908
9798
9499
2147
5008
4395
2205
7342
6047
805
9353
1986
595
5361
28
4509
2368
4733
7114
392
5363
1284
6668
8768
6750
2675
2534
3394
818
7807
863
3078
7605
362
1577
2613
4757
134
9955
7156
939
5660
5495
1534
1021
5523
6044
9742
6608
9510
134
8324
794
6802
7092
3897
9478
9627
3643
6648
7434
4506
6078
5039
4868
7655
4004
5977
7789
3959
3133
5080
9619
4980
2967
6993
503
5363
6735
7112
4873
3221
5436
2019
24
8880
2268
5854
4859
5911
2502
2293
6769
8580
3684
7989
2587
7688
3966
6728
7999
3452
1808
3971
8432
4775
7316
5288
6490
4051
8752
1363
7272
4188
9735
3648
9420
2003
5854
4280
4267
8356
2925
7388
3288
6610
5378
2227
650
5696
8955
8650
5500
7116
8973
3933
8243
6289
5573
4734
340
4325
6097
3964
4865
2184
3965
4285
540
9819
8565
4807
4528
7843
2195
7816
4453
3925
6396
5103
9622
5351
105
5122
2467
9078
5407
711
5367
980
1797
2059
5305
4246
6024
6522
6431
6341
808
6971
6160
5725
8130
688
3568
6677
4857
4373
603
1253
9477
6577
6604
5934
8051
5424
5013
9811
2487
6732
791
4284
8792
2449
8530
1168
8971
1313
7509
6131
4636
3669
8209
2766
710
1777
5796
5567
6151
2751
3172
1980
5680
6128
7914
3731
1552
9279
3542
391
6012
686
1027
1156
9487
5910
2324
4810
7223
9833
7294
8212
9854
5503
978
564
7280
3126
6131
9783
5877
9303
8115
1557
1784
2382
1641
3336
1661
1535
80
4025
8573
1107
5181
4412
3369
7505
9223
593
3690
2869
8805
3545
8372
6135
4109
2004
5614
6593
1788
1491
2248
6255
9401
4032
8637
7394
3721
6651
5281
153
676
3855
1260
2210
8267
4630
6067
3842
1575
9758
6711
6732
3303
5083
9219
3764
3440
4833
6709
5228
2677
8958
7835
8430
9342
6473
5824
9415
3124
1105
9568
152
1312
7181
2362
9580
1811
8430
9774
9738
8188
6486
2822
7843
7921
2041
7959
1361
6875
4669
2941
5904
9979
777
4334
5673
7250
6510
5089
6726
3967
4657
6878
5280
1838
9241
1212
1
4023
986
6091
8563
7472
8913
6406
1746
955
717
3107
4182
5386
6049
6438
1717
6826
772
7391
428
3634
8832
7154
7601
9841
384
9233
8032
5977
6797
4385
0
7784
477
8563
1608
9390
1321
3354
6697
8391
2814
879
129
8863
7317
1847
2041
4441
5590
2469
4427
774
5975
2029
615
2711
7614
8647
8689
764
3033
5041
4900
9862
9957
6508
9252
7630
6215
2302
6021
5381
3181
6151
4244
6851
4350
2637
7644
9940
5106
2072
7066
7433
453
7681
144
4419
2681
8833
5183
2066
227
83
1928
184
2944
7532
7814
5511
9834
3836
892
9368
9987
1488
2571
689
4125
215
629
9231
8639
4047
3016
5444
1728
3160
9864
761
8346
5047
2827
8573
5131
1107
8757
4427
4992
2923
9938
4826
6759
830
546
3098
2318
3117
3787
6443
9685
768
2026
4676
4815
5042
121
2896
4554
9985
3657
9252
1384
2837
7825
6515
296
2934
7294
5288
5858
7232
6467
8969
4414
7013
8420
3084
6483
8559
5879
6168
5680
7905
7196
495
9299
7317
9743
206
7302
9753
9458
8687
2590
3636
1554
9238
6570
8849
4527
8780
2433
994
7750
6848
4359
2522
6284
842
1081
2164
3362
6761
6421
559
3609
2073
7876
3352
2279
1531
9457
8089
218
2047
1725
8124
7638
8296
3325
2165
3428
5759
9511
7530
8959
3870
52
5243
1065
1134
3759
4427
4247
181
1338
7856
8606
9215
7561
885
7098
7018
5326
7316
5418
7052
1792
3056
1700
5118
1573
5128
7229
1084
2659
6188
1306
9063
7783
8723
197
7895
9503
4445
4428
841
8653
3034
6408
6214
271
3506
3233
5597
7174
8651
2649
8967
8059
701
437
9632
5830
7666
7068
4841
206
4726
3904
4341
3450
454
2236
2953
1251
6664
146
9904
6050
6555
6119
6321
6413
5704
8271
9940
707
920
8907
5118
1622
5696
4750
3804
3362
8170
4997
9920
2896
8901
4261
2698
9355
2850
5651
6958
5866
2150
6863
1917
5057
9334
4590
1470
1390
2861
1410
2097
134
6669
7215
1756
8717
8317
1912
2079
6487
6909
8351
9383
2162
2613
2082
1518
1815
4085
8476
7681
2587
1691
5950
7644
1025
541
5467
8767
3402
3229
864
9888
6251
4431
1644
4968
9100
9908
7048
5587
6817
1751
1323
8980
716
9757
6850
2531
194
1678
6565
2782
9722
2515
6778
7099
3056
2245
5867
2811
1827
3083
2699
8078
3867
696
3046
2967
6956
6446
4907
3774
8198
6230
9106
8914
2339
2308
1446
2533
338
8011
1667
60
6878
8446
7160
6287
7043
3027
5450
8870
2462
4501
6948
6329
1549
6347
9297
8506
2793
4204
8632
991
6786
4090
9906
9125
6398
7704
8010
6736
2067
9678
3149
5297
4476
309
1584
7871
9688
7034
3094
2150
1536
6394
4832
3085
2741
4129
7943
5535
4685
6575
6526
7823
665
2784
6948
7063
6840
1310
152
5259
988
3301
557
1816
9962
2141
9688
6002
5528
2782
4504
7064
5528
9336
6501
8270
9817
4445
3805
854
1020
6683
8677
8038
5820
1977
1453
2660
3288
1605
7920
628
1258
8477
2445
7572
6970
8485
3574
2498
7619
8079
5914
3147
7415
2416
1417
3585
3213
1574
4439
585
4610
3117
8623
430
5094
77
9442
8382
8034
3714
9011
9293
2191
7808
6865
9162
6293
6792
8012
264
4871
3927
3411
8638
6343
1181
2223
5908
9107
6663
6493
3717
9780
1469
499
1226
7898
9942
5961
5932
3656
4972
1577
2200
9132
4795
7714
1777
1587
5726
2041
2810
9653
1804
1448
2348
9337
24
4608
8445
6687
7454
8514
2819
8923
9014
397
3173
5308
6358
5457
5316
1330
7035
3868
6814
8182
1582
8591
9769
3661
632
8931
9666
8789
379
8367
8126
403
2975
2923
3442
6781
1438
2613
2056
6804
3011
5229
2112
9369
687
3780
7052
4074
7649
3866
2256
5583
2458
8377
5596
9442
7308
5263
8231
4039
9982
6358
795
9309
9281
4237
6091
7071
6851
8147
3875
9862
3377
2339
5583
416
6120
2635
4490
121
6502
6746
2056
8960
1475
7653
4754
8783
9268
2986
9174
9250
5696
9969
4911
1329
4207
1002
8401
7410
5502
2276
3624
5231
968
9207
5647
3440
1843
6489
3561
4697
9587
1969
9
1062
9622
4763
6197
5242
4101
5371
4492
9797
5341
5756
1127
5900
3110
9528
3310
8612
8156
3286
195
9124
2493
2194
8916
688
8683
8829
1737
4622
799
1746
5684
6773
6510
1881
2016
611
7253
2860
6761
8946
8616
7888
4846
1727
3768
4508
6691
1924
7794
3239
7401
6639
5433
6317
3680
469
5147
5417
5091
2298
7164
7128
9071
26
9009
1087
6989
2614
3948
3750
1560
2564
1638
2758
643
1758
7266
3687
3683
5060
6926
7436
8052
8711
3753
1732
9180
5252
7149
624
3902
665
7752
2974
691
3113
4061
4033
2080
4361
7783
3640
3278
5774
6399
3921
7532
17
7608
7567
1430
886
5003
9482
9598
5109
7566
5130
6713
1067
2106
616
1733
9858
9942
8776
9324
4003
2809
1404
4717
6945
1396
7995
9071
4147
1916
6603
4165
5877
523
1947
3115
1878
1429
2713
3339
5347
4196
6405
6414
6302
7021
4499
2513
3315
9628
1837
3670
8789
9593
8387
5734
7341
6382
4805
1489
4651
7761
2006
6880
4636
3953
9995
6514
1734
2709
6206
7081
6905
2611
9847
3207
5984
699
2072
9299
327
3909
2969
9116
9854
7709
1203
7196
4091
2360
8685
5094
121
7043
1974
1109
996
1970
3976
9082
1031
182
2515
4288
9145
2362
3847
5129
9413
5920
780
9740
6181
101
5209
6036
7810
6412
3232
8254
8772
8269
3348
5246
5312
5323
6355
2660
3645
331
1742
4676
6865
4257
8964
6010
2971
9163
7491
2385
5083
8271
8477
1265
4725
3686
7301
2535
98
6885
789
5223
1506
490
469
6818
2165
6824
5830
5810
3508
3924
6838
6725
4533
2154
2736
7504
1317
227
6241
6401
4851
4719
4018
9576
4757
7671
8463
1208
4556
5605
6431
6062
6095
6900
9232
4612
76
1414
422
9936
5338
3612
6662
9871
5766
9398
3727
3435
5977
9969
6188
7180
1040
206
3108
5797
7877
7924
7005
8785
3529
3436
1199
5976
6688
6783
588
3117
8197
7362
3053
3535
974
9715
9758
3092
5465
3486
6527
7795
9807
2716
4975
847
9274
4436
2996
3504
2360
2
8641
2241
9790
9841
8217
6479
6624
5157
9596
1174
2519
9001
1061
9845
5069
820
2937
534
658
5816
4681
465
4884
6009
7664
4159
445
660
4015
2805
662
2656
5046
6805
2497
9615
3284
5474
4772
9232
3000
3643
4585
4061
3488
9654
1233
2777
189
1891
8593
4870
8708
3478
879
6372
3989
7676
7033
4356
6833
4047
7012
8231
852
5862
7846
488
1336
8970
9720
688
2613
658
4749
2453
312
5983
5230
6853
4226
3824
1724
2935
3654
8955
5659
3995
2984
2692
8351
9817
6740
5363
8049
7592
7577
2247
8081
8913
1218
4153
5953
183
4811
703
2637
5124
3038
4219
1977
3616
8043
53
2903
8049
5361
8563
2044
8345
7607
6747
4514
4347
8463
2563
8292
6040
1163
2725
1306
2381
6878
7259
8916
8042
7962
1553
9518
7352
5773
7847
969
168
4253
224
4570
9614
8787
2966
4311
6395
9714
8825
7094
8177
7741
1738
4217
8904
4463
5523
7637
7694
2783
6553
5736
7097
8107
1606
4450
232
9453
1771
6752
3706
1995
1322
9672
7135
4289
3983
3530
355
9161
6976
8532
6902
8715
9101
5806
3178
4625
3443
872
3760
9996
2960
857
4455
4566
1659
1039
372
3430
4144
4078
1778
5466
3751
8913
6107
4086
8795
2814
3247
5771
1346
149
838
6800
2307
4017
1425
2102
1241
1537
8451
554
2394
2906
1472
4054
298
1844
3836
4442
2275
5614
6260
2378
879
8720
6464
9674
1534
9712
1798
9233
6213
2636
6033
8521
3005
3810
623
599
5347
9074
1153
4093
8333
8977
4499
4983
822
4688
5777
9449
302
8389
1827
7534
7109
8291
7208
4996
4355
9006
581
569
1643
2966
5442
4648
3128
2417
1599
8475
7844
2752
8920
2529
8082
3420
3864
8904
4460
9641
8353
4762
8030
6532
2296
1492
4823
5857
2840
5531
4863
3421
2452
2858
6387
7894
3859
9515
6663
5458
4342
859
4563
9614
3388
2645
9386
7252
7901
3846
6893
2606
4961
1276
9138
3609
2768
313
9466
1960
5844
682
5381
4648
9892
8120
2542
3751
3987
5558
5562
8329
6417
6477
4295
6158
5474
3682
3410
3375
7528
6656
2333
2489
4284
7823
6099
3404
8136
1917
5364
333
2599
745
4981
2492
5217
3876
2595
9204
5786
8157
3885
2203
986
8180
8361
6460
1862
8124
6187
5743
1132
8520
8232
5416
6343
683
8820
832
2601
4184
7517
1552
1281
8850
4044
6498
9078
2992
5702
4864
1149
9587
3420
8488
4119
8133
4948
5982
6257
1136
8077
3741
6008
2661
9157
2352
3345
7977
9536
2298
8513
3405
3850
9794
2255
4247
6292
7686
7239
8346
2550
4740
4285
2322
3228
8405
456
8177
4387
3065
5665
8816
6807
1673
1477
5964
377
4822
294
6265
3472
8807
9670
7323
4954
8278
1570
7598
5964
5161
5945
8514
9901
230
7189
3130
8635
7645
7659
9374
710
9676
8190
3869
1349
9668
9834
8079
842
6480
4344
4315
1639
4015
7990
6593
8645
5912
4192
4609
1073
6489
9475
7326
6719
6664
456
1707
4309
4467
7433
1372
4143
5624
1593
1845
1644
7779
9924
8838
4259
4268
9505
5899
4635
3847
8844
3280
9759
9388
4241
7184
5877
3717
4511
8949
6733
1319
7008
1043
2139
4441
8767
6282
6417
6712
4479
4413
4492
4403
3252
8751
5024
2757
1002
6011
2957
6199
5644
2716
5587
9885
6253
1465
9954
7116
6766
6688
4787
3774
4083
6926
4567
9202
9561
985
5914
4040
5398
406
4796
5002
5510
9820
4112
6512
5831
7069
2711
1475
9785
8299
7713
2390
6116
7667
9506
9234
4355
4294
3008
8438
7572
7575
7640
7133
4912
3555
7526
6663
313
2322
1665
5823
2142
5777
2336
4325
2846
1399
2153
8984
6050
9866
1374
8518
3885
881
7752
8241
1527
7112
3031
9099
1040
7024
2585
5952
6931
111
2615
7244
8785
4281
3068
927
6410
1756
5252
9257
3155
3757
8241
9206
3623
9615
4076
7509
6848
1829
2102
4727
8941
5133
179
9981
8509
2764
2286
5440
9227
4901
2685
8012
5534
5753
5291
1945
7509
6895
7554
7016
653
5795
2574
628
1762
6651
8137
4963
8480
6591
9690
7421
8077
6221
3755
6586
8985
6041
2027
4564
7294
4712
8928
2829
465
4219
1126
4326
7467
5032
1342
8120
827
3917
8748
8941
568
3238
3904
9048
9829
9947
2821
7906
6168
6576
4493
1506
8969
6520
2422
6264
7584
1351
5445
4401
1922
2923
8727
9389
7955
6421
3861
5134
6690
2610
4075
7258
2200
4332
2658
2029
631
1832
6288
3151
8408
7133
4657
3730
5
3432
9994
7589
4783
5439
1990
3057
8362
7069
8799
6317
3490
2660
7803
6533
1622
8230
3791
3822
2562
2802
2204
9545
4634
8492
2697
9394
5625
3706
3124
5630
7138
3118
9571
8273
4909
7913
7683
3271
4982
6482
5940
4824
9142
95
1357
7117
8326
1501
939
7240
4303
9495
6786
8937
4339
5835
4683
9964
9541
7808
1946
6680
7278
7869
1305
2188
5782
8988
1811
764
5470
4104
1941
965
4199
3298
8082
2525
4799
5373
9766
5454
4869
2904
743
5560
8739
5427
1877
8280
3235
3823
1312
513
8045
8970
9053
3827
7958
865
944
9781
4969
2885
746
5520
2535
5180
8046
3687
6905
4164
9141
8126
3420
9885
3687
2159
5312
5564
6791
4899
5739
4456
1764
3784
3426
818
7612
7736
8035
4908
7517
9356
7793
4615
4876
328
6147
9274
4015
3053
9790
3157
7531
3210
9394
1218
1721
1058
3134
8513
5957
8874
9321
4073
9010
2747
1243
2974
483
9278
7882
4353
4986
5675
8968
6215
2356
5116
1841
2723
4521
1632
2232
2052
1194
1626
3271
9268
2684
6405
4133
4993
1631
3454
9067
642
2553
310
3616
3036
5941
1499
3741
927
3526
2710
7142
2234
4178
8984
4958
8699
6968
7190
751
4514
8817
374
3782
7853
3132
4267
2847
1115
7721
8266
1757
274
4928
1726
9663
869
9577
3404
1797
9455
2466
5291
1690
6644
627
6648
1695
3947
190
2447
8462
5359
9173
8596
3213
2305
2864
2412
3421
6937
7030
1530
7212
1958
3256
3227
2828
9185
2983
977
8641
5450
2620
331
8446
3248
3331
142
3547
3521
8941
2009
8881
8114
6958
8446
6772
6174
7210
6545
3111
4240
8075
6675
6198
7684
9902
5378
6869
9238
6355
1862
4688
8976
2193
9486
8576
1876
9628
2123
5398
4921
485
631
3036
3795
5429
6160
9969
2639
2705
3080
6879
7132
9756
9429
4816
6010
4808
8038
5248
7515
9900
6288
6491
8446
2127
1419
322
8107
9895
5720
3029
380
2703
2417
4175
8132
8577
4144
771
1282
3576
4002
8414
9684
9784
9583
5695
4592
7621
7295
2107
7521
9936
4951
2319
2063
2722
2642
170
2617
4714
9551
2997
7418
1968
3524
1902
545
4020
9026
8179
7597
3028
6594
3633
2812
6177
5680
3756
150
2976
2216
4023
9264
3519
6343
7679
6241
8985
4201
5211
51
3753
4560
7469
2073
8085
5724
2619
2105
4750
798
6054
4130
3744
9688
6943
6273
1720
7051
6423
4696
5619
6799
312
9138
9494
7991
1732
4831
8545
6943
4882
2298
1503
8704
4371
9588
4428
3342
8046
9178
493
452
9660
4237
6492
6603
6863
8213
7
3286
9261
5626
6437
9574
4765
5931
3917
6497
762
2462
9792
1997
1112
1295
701
1836
7236
1481
1530
1634
7011
2023
2086
6671
6261
4931
9627
3124
3144
9634
2762
2405
1612
5552
8331
2729
7835
8601
5578
4950
7415
5370
6947
8528
6666
4000
6716
254
5481
8246
1888
2492
6622
3974
5515
9235
8905
5142
8711
8401
1128
1473
7159
2741
3377
5490
5470
1213
443
7401
6163
7859
2771
3110
2739
5789
3462
9455
6043
8943
4053
7931
7787
675
8258
3302
9910
7163
4797
8621
1917
5925
6447
9076
5018
9824
918
6841
7389
1362
4242
9904
9221
3365
9366
1960
9155
2828
7767
5198
1771
1820
9482
5910
8848
7740
9213
8758
4903
362
3732
3172
6287
179
2248
7658
6355
3167
4499
97
4529
5093
1
102
8458
9368
2062
7613
2196
6181
9164
320
4353
8646
6230
3201
6386
1795
1960
7641
8509
5692
814
4797
2223
3062
8807
4930
2581
3306
5027
7110
4751
5029
7212
3209
4397
5626
7175
2945
8159
6339
9617
2513
4985
2200
5714
1371
3995
4026
9012
8857
6070
6178
6
8293
9241
8813
3224
8174
8471
8251
5285
3222
9632
8849
6431
4029
828
3606
3327
8987
6297
2944
1500
1282
5144
7215
9005
5492
1241
4370
4349
3664
548
4355
1957
6141
3168
1533
4316
7991
6137
5953
1213
5769
4802
3996
6151
5630
3955
5830
970
252
8774
2470
1535
271
6037
6892
5763
3631
1262
6464
7295
1811
7171
5604
4304
6691
3490
8620
4682
9627
4573
2247
1748
5728
6243
7899
7710
6550
81
8680
6803
8856
7503
4690
5479
3540
1582
7594
7171
9197
4058
818
1008
7581
6423
5312
4272
9913
285
5306
5892
1210
7553
7640
6938
3796
1892
4649
6699
1973
9681
3502
7181
7184
4544
2660
725
2478
254
4248
1675
664
1419
9035
8245
7842
4348
8869
4107
985
4175
6351
2195
1728
343
9134
1877
2235
135
8576
561
9816
8430
4094
7001
2974
6755
4078
1804
3361
4678
3480
378
6097
2515
8623
3939
3215
7493
4398
4200
8020
7101
6396
9749
7445
1882
1626
6032
2017
6554
6593
8185
4984
688
5186
4310
3795
5616
2466
3508
295
5946
3886
6392
4814
8862
6684
8029
2707
1082
8582
727
8184
1330
476
1981
9564
8454
8013
1581
5008
4607
6118
6344
1647
1305
7006
1794
6921
9473
1654
7216
5419
5541
3609
6585
4403
293
4615
7110
7727
9549
7837
2263
7231
4666
4244
6795
3120
2258
4728
4481
3217
846
825
1216
8503
7832
9362
5425
7305
1016
8993
9076
6557
8954
5662
7312
5599
6629
774
9679
2530
4964
8294
9761
9630
2539
6556
2750
1149
7636
3583
718
8482
4409
1934
6986
8593
1296
8763
2250
8664
4108
7678
5222
9415
9692
8886
5014
2673
9661
1045
5203
4625
9340
4964
4255
8231
7872
3357
9380
1860
6941
98
343
7702
8384
3681
2647
6032
2444
4897
4696
2904
8927
6270
2319
8620
5157
3686
1293
4818
4731
6497
5795
4071
7813
50
8654
2038
9759
8034
3898
3052
4484
593
7106
9220
4274
9753
5252
3070
1002
6301
5975
9930
2571
8294
4902
7728
1980
6195
8898
3064
9044
4693
3487
3210
1095
2142
1600
7207
176
1850
259
1013
2444
3718
233
6718
3471
1838
6141
826
8139
2116
7108
710
6762
2010
4791
5095
4557
3689
8159
9954
4735
1646
9516
5830
3788
1116
3037
317
9318
9649
7682
1762
3367
4267
4833
3190
6105
974
368
4244
9442
7476
1307
6204
5838
2450
1299
6748
6139
5810
6702
7226
7457
6218
9409
7597
3686
8798
7914
3004
8447
5596
1119
8166
6216
5952
7709
2321
3278
8077
2918
2720
1906
577
5276
7744
3027
2928
4492
5518
8738
7546
2745
2547
116
2154
145
3802
952
8059
3159
5752
8
630
270
6224
6582
7979
4897
6212
2409
7815
5284
4315
8392
6912
2059
1419
9840
2904
3290
4931
450
6035
7478
567
8189
7623
721
5493
2035
232
1245
2043
862
1516
4619
3796
5847
5868
6360
8256
3684
1644
2571
8428
8557
983
6200
4749
3887
9490
9680
689
1877
3511
7608
66
1134
4682
1911
3169
4914
3157
1564
2129
1025
2535
2277
6872
8404
8638
1481
8440
6634
4052
3220
1543
1387
5772
6293
1626
5262
2325
2316
3491
5836
6276
9909
3323
958
1821
6492
2225
1330
4409
706
8707
6944
2983
1931
1700
7973
3412
140
4608
3817
9713
2503
5204
5485
5148
3183
7100
7474
1851
591
9662
8127
501
9337
5438
2322
5830
4015
4
6591
4721
8711
9887
4056
642
1588
8382
4055
8080
2990
4224
7793
1845
9428
3279
6994
2611
379
4468
814
7322
482
8942
7823
9820
732
6497
2002
4747
6501
8593
5820
1564
8480
9876
2207
6420
8258
2614
4501
7600
6838
2294
5798
6266
1925
2792
5230
8656
3612
6044
5979
4094
1338
3802
266
2070
6652
2268
6817
3153
7213
2637
4718
2046
8866
3277
4818
3476
5891
9319
7429
2729
7966
3227
5347
9891
6019
6929
8548
9631
9326
4527
77
664
4681
344
2735
7685
8964
5904
839
2530
4894
1909
928
112
1538
5746
3588
7429
5066
7369
6510
9384
596
1857
9275
2967
8787
4175
8950
8113
5054
9028
5129
6088
5724
4216
3773
1040
121
964
3570
1367
9225
4498
1479
763
245
5067
4544
1663
8789
1054
1047
5737
2912
322
8705
8051
850
4007
2516
5904
3035
7645
8344
5111
1862
2118
6152
8335
3082
9722
9702
2308
573
1181
9423
818
2600
3968
8833
7741
5022
9880
3479
4286
6554
8536
8689
7404
2543
1205
9661
1931
5203
8005
7042
3417
6475
9546
8104
5910
5621
7806
4570
6194
5339
3993
3364
4291
4313
2197
2033
9336
2077
1864
9974
8631
400
8664
2388
2943
6221
8401
1226
7776
2758
8269
7545
9234
4167
5649
5144
9788
9807
6066
5982
1498
59
9346
5790
4373
7895
4175
61
9972
6039
35
4956
6439
5051
3696
5734
7625
2097
6961
1753
4855
1582
9299
4089
5749
1300
5585
5538
1108
1651
1520
2606
8063
7219
4748
8788
5114
5275
8849
1439
1314
5236
2747
4105
6640
6443
9840
4265
4892
3153
2370
9747
4735
1669
189
6836
9322
2126
2374
430
3778
247
9388
8193
3818
489
6981
5284
5764
5830
3075
7079
7418
5822
7536
4058
8617
3728
4675
3509
6881
7046
3257
7968
5067
3446
4805
741
1924
3531
7523
2054
130
6912
247
3948
3753
7228
9233
9517
9410
2308
2948
3181
4483
485
7239
3100
4213
8267
6610
7447
1665
6219
1767
3084
6017
6572
3826
7941
6456
1349
9996
6586
4613
243
535
8366
3824
6120
7884
9586
4780
7184
2767
9263
4021
6359
8716
4587
4626
5326
2034
2643
1545
3801
5727
7562
6726
5905
5503
3182
3607
1851
9768
8220
2095
6655
2939
5919
9127
7175
1857
3908
4359
4625
9523
8381
984
8239
2968
1962
3565
1354
4605
1462
5155
6684
9024
8233
2590
880
1415
6197
2731
7536
769
1178
543
3708
3449
9671
883
5307
3579
5243
9932
3102
9976
916
1342
9296
2878
1259
650
3835
2722
2157
519
8098
391
9461
8978
8158
5658
8062
5694
2780
9240
2590
6488
9042
2261
3724
4349
5840
5319
633
5294
5295
7901
6636
4591
7131
4248
1593
966
6970
3750
1485
5068
4141
947
399
2300
2957
4813
4346
5737
405
6936
8578
9447
9197
2302
148
1389
7621
781
6684
9268
8682
9672
3859
5813
3920
1804
6779
7242
5554
4617
8663
6048
1916
5414
8348
1225
227
9046
6963
6984
2335
1893
6432
7884
4195
6580
5626
8168
3714
8662
7436
2396
8334
7647
4562
8607
9451
1341
2201
5005
2310
864
1053
4226
6278
5753
5452
2857
1152
8767
9842
9839
660
2626
4075
1207
5558
9701
9375
9272
8363
3163
1669
3050
810
6231
8009
6613
3924
210
7970
2587
7427
5376
6813
3705
1129
8617
2915
8633
3736
2757
8472
748
1735
2548
1955
7293
8601
7682
6566
6965
7197
8235
6367
4359
818
4376
972
1094
938
8943
3681
8365
4319
6847
8423
1800
5464
1338
6786
5553
447
1610
6301
2182
510
4609
9475
9112
8643
6041
2429
5841
628
8796
6552
7798
9524
7525
8893
462
2820
2574
8828
3491
5773
3603
1643
7590
4941
8429
3143
5388
6392
5796
3922
6902
6757
3397
2366
5401
5791
4795
7594
2771
9943
498
6922
5819
8023
2167
2634
7195
4741
1462
686
6867
1417
2330
4457
6358
7111
7600
8098
3503
9748
2020
6758
6506
1769
9124
8259
3912
272
2205
3036
215
2703
9958
2387
727
2125
5021
7922
3218
2835
4961
85
4252
3643
894
610
754
8494
5060
610
8243
3432
7368
4749
5201
6492
9360
5466
6764
1565
4854
3332
4268
1164
5719
1347
3289
7092
5622
2859
9927
583
9297
4179
4226
191
1141
1332
5038
6201
1942
9633
9633
9310
4382
1186
2155
94
3004
5271
1659
7858
8603
5927
9022
674
7275
8663
7766
2897
7875
4045
9832
7172
8224
4058
3715
9365
1742
8753
1918
3685
8386
1551
9347
9120
9090
7854
9214
2094
3126
873
6305
8081
3153
5327
8756
428
343
2874
9677
8218
6920
9509
1742
1496
9919
5457
862
1661
4211
9132
1698
8949
684
1046
8070
6126
8900
3636
4572
2026
862
877
108
4015
2557
5216
795
2900
4442
472
7470
1362
9981
9212
2859
6252
4669
73
7913
5232
9205
9612
534
6241
658
4956
8719
5910
8592
3292
4289
9454
521
749
9821
3078
5965
616
2330
407
7440
9800
8122
3773
9012
7333
25
34
3758
7939
1618
9315
7551
2152
1909
4561
7108
628
6823
5701
272
1112
1507
794
1861
1329
3872
4178
8297
6203
938
5738
2355
5412
9511
7720
2745
5889
7754
2855
3828
9372
8522
7731
1525
431
8644
8633
7412
5467
686
7684
2932
8546
8478
4793
9875
8703
5324
4524
4906
6262
6614
3613
8026
2478
1333
7123
8367
9087
9978
8547
4812
8500
6278
2689
5284
1274
1322
2696
6741
8361
380
6025
6907
5211
7171
3134
3914
2495
7658
5172
5109
625
8785
3135
3103
6471
258
1470
1910
6588
17
6722
1440
2647
9411
6724
3921
7086
5772
7014
1799
2505
3040
8706
7716
6563
8192
1630
9058
5850
3154
519
6475
8291
6
5930
4762
6616
7400
6673
3204
3769
3395
996
2768
9159
4073
6689
2597
9845
56
4396
2350
9448
9454
66
6011
7646
8048
1421
9848
1202
1940
2676
9494
1946
8606
608
8562
2359
7281
8118
6128
7029
9114
8897
6188
9539
1938
5137
9385
8346
9533
1735
7794
5339
8154
3805
2985
2554
1578
9185
3757
3518
1861
9603
1816
468
211
6730
2827
3845
4848
5307
874
315
556
3414
9854
2495
8551
5591
841
4436
3679
4988
9775
1833
5145
9112
4387
6724
8297
4496
6594
6511
451
8411
3331
7015
5141
2510
860
6342
7817
8086
3009
8374
1500
9215
7221
6403
4807
8062
839
8486
9402
6966
6671
4548
2430
7410
1272
727
8259
7866
3590
8710
2629
6921
2077
7771
9431
9289
465
7249
7375
3474
1975
5227
2689
9196
1630
7496
3610
8821
2334
3013
5787
9005
7561
4569
6416
5185
5297
4675
3051
5239
9737
5681
2161
1815
9804
1592
1104
269
5193
4832
3743
3520
6411
2784
2716
8042
281
2679
3215
8967
2044
5355
7973
5957
9924
4389
1142
1573
5416
545
6813
5153
2578
8974
6968
2382
6918
4425
9003
2112
5609
9098
5632
2020
1883
4701
6414
8516
3732
9630
7483
5776
4985
1808
1733
4909
6197
2875
6483
1613
9772
3296
3119
2351
8622
87
1085
5540
864
89
4004
2825
5539
5989
1198
3774
7042
7612
2290
774
3594
6126
2902
8579
7934
4635
9841
484
3862
2676
8449
9986
2324
1568
2337
7298
8008
3423
2838
8872
9864
3195
8050
5403
5536
9248
9178
2578
6860
7820
9704
455
298
2606
5386
8233
3593
1579
5069
3807
607
3518
3793
2931
5087
2483
229
3095
2258
9420
8319
2122
8967
6369
3877
4503
1969
9407
3433
8830
3580
3137
5637
3878
2095
7375
8463
2040
5307
3532
2199
5914
7051
2344
8846
8490
1179
5427
7937
3437
4847
6256
1911
3814
8978
2141
4669
947
1548
8102
6129
1480
7591
8118
5359
6038
1846
3822
4430
7153
3707
6629
3067
7110
5326
8265
5600
6505
3693
9889
6295
4892
6145
8206
5059
1475
6699
6080
8775
4600
4183
4904
6080
8126
9375
7791
4165
1221
7966
8595
8374
1673
1577
7793
8783
3255
2411
735
6112
6104
624
2407
7348
3121
6966
8759
4597
3665
4840
9724
8265
5375
980
698
3501
355
8489
4018
1576
6455
8966
6302
4480
543
448
3263
150
2859
350
6262
5315
974
8670
2663
448
1988
7775
1397
5653
2615
1121
271
7990
2101
7321
7843
2457
2162
1862
385
8618
828
3040
9450
7723
3488
9066
7873
2699
9416
487
8014
6743
5509
7029
7191
7497
4804
8588
9503
3771
9709
6126
8113
8162
3447
5957
619
1961
4171
7357
6931
4999
6749
6382
9074
237
5448
3299
9288
4864
3786
7302
1607
9296
4331
5150
3145
9136
3738
2648
9259
9799
8774
7373
7962
8573
3330
8581
535
7501
2290
7466
8852
9039
200
7926
5628
5648
7577
4916
6865
1363
8570
8472
7011
2902
9975
157
8390
3713
2805
7649
3513
7932
5022
1475
2857
4704
6408
9744
8557
5051
3563
7409
442
3763
1687
6071
9412
9264
7339
6277
6980
2262
1101
3991
5164
1076
500
9906
1142
9658
7555
4655
3942
8930
2482
6799
9986
8890
2896
8544
3941
6459
2305
4384
222
345
6807
5986
5961
498
8615
2941
2760
6069
3285
4276
7145
3785
4182
4639
9795
8090
9294
3737
3372
8128
537
3358
7019
3433
8254
7312
6244
560
8048
2818
905
1207
8805
6866
8058
3772
6160
7170
9841
9445
1447
3339
9582
1981
7978
5730
6423
3625
9467
9795
1753
6356
9506
8772
6141
7760
2437
2385
8320
6837
5204
9225
8045
4009
2444
2455
7781
8604
9625
3975
4401
1072
7314
335
9406
5292
6065
5829
8917
5533
1977
671
1889
1483
5795
8031
9243
4584
6768
7564
1422
1972
3141
5819
2333
1937
8274
6467
541
7899
442
1294
5324
4108
1630
4730
9400
4047
6911
4670
9580
8888
5341
7822
371
7488
2205
5967
2073
5325
9883
3495
7298
3024
9314
5983
1314
3940
2450
8207
1839
9244
9502
7163
3352
7484
8245
2753
1531
5157
3775
7464
397
5468
1638
769
2956
195
3088
1381
5520
2971
1228
9170
2347
6894
5154
3661
834
7604
1869
2674
3201
1371
6189
6553
5207
4435
5658
6738
5944
9433
554
6341
4901
2192
7110
4210
2387
6550
1943
4260
9521
3172
3430
1869
66
8584
5530
901
2541
3751
9927
5742
1474
6116
8647
6681
6903
4306
3420
2847
91
326
9189
1345
2519
2651
1907
1258
9202
3850
5518
8723
7022
8949
6944
3441
3885
2475
694
2778
2578
621
8520
4053
3089
3520
734
9993
4178
506
9192
4269
833
8381
1966
9704
1033
225
962
6587
4076
2833
5310
7450
8134
2255
891
2019
1082
7937
4798
3660
8558
9670
7713
8000
3190
4800
4345
7368
5306
3537
7990
2491
8271
6308
2195
5656
6534
3158
2243
610
5991
7553
4412
477
6160
5304
2496
3594
9593
3646
7255
8152
9669
1320
2504
9211
6120
3201
6580
7779
6738
922
270
1361
7230
2466
7017
116
1976
9260
7078
4319
3166
1491
4796
9326
3147
3644
9273
2740
3643
2880
7244
3312
4200
9748
8875
6673
2949
5455
804
6040
2729
7426
7401
6312
6244
4419
6428
8220
31
9859
8891
3197
1350
39
8876
4497
36
8149
3589
3679
1029
834
3343
1581
6934
2218
8254
6236
4026
5410
2276
3107
2837
6029
5771
9081
6800
8552
3654
6832
8411
8897
29
9761
8937
5257
610
5325
3406
4199
5356
4435
1385
5051
6017
8320
3621
623
4556
7647
6034
3184
7107
5223
9213
2878
656
2366
1430
4310
5550
6193
9560
1931
2306
8497
7189
2916
174
595
3468
5530
1383
4853
581
7400
3173
4202
4375
4081
8202
6761
7265
1661
1984
2831
4539
2641
5197
2322
3303
7099
4867
2863
9030
7174
7712
6219
6442
7886
3167
6262
9768
4550
1116
349
8302
641
904
2677
1075
5458
9439
8340
7119
7775
7523
8010
6768
9072
6684
72
6171
1552
9287
5202
8726
7000
7773
1520
1238
940
7783
7359
5490
5251
4060
3792
5892
4964
2822
6967
422
8613
1660
3893
6388
9183
1904
3157
8256
8588
9581
4427
140
8868
5981
5218
2220
3755
6739
9811
4695
4522
7170
6538
9773
1230
6682
2017
2547
9504
5337
9321
8117
6997
3215
858
2532
5119
367
7140
59
9948
7920
200
5168
3901
5418
3741
4008
8509
9904
8704
3031
3426
1594
9156
1008
8276
1174
3555
4133
6511
2877
8602
9860
2444
5812
2392
3915
6179
5885
3974
2479
3805
4174
4000
7706
5945
4093
1715
4454
3997
6771
3838
7423
4717
2994
4783
9345
4168
8339
3478
7031
7568
8433
3243
12
4245
1988
3927
425
7873
7901
9256
1678
8428
3256
9384
4373
7349
7451
5179
7698
4222
9017
1473
8939
2012
6257
4637
2532
4596
8115
5916
8516
2900
9159
4880
7146
1147
5159
3923
9020
3060
3179
698
7840
2788
83
8565
137
3886
3745
4188
8109
2762
5661
3400
1126
1918
4389
3659
2866
8857
9575
1382
1757
8734
6262
5255
6234
1421
9178
5254
834
8710
5953
5026
7850
2388
3592
4339
6274
7337
8527
735
6451
4189
488
7578
2459
4877
7589
5326
3734
3516
6708
5492
8602
9323
7099
4836
7096
2630
91
4282
7692
6044
9309
5542
4784
2901
9881
1058
6590
4761
8146
3041
5302
8634
6971
7761
9863
4560
3087
3598
4428
6148
5442
3031
1823
2541
4219
8919
5171
4310
3202
2863
6706
8863
4757
1490
1764
991
8901
4706
5752
7047
7747
1054
5681
1071
8815
1896
1983
8255
5494
6412
4403
7288
5795
2578
9830
14
1497
1353
4325
1051
569
1031
6266
5326
8874
4382
2669
7775
9088
8421
1174
3188
5827
3207
4259
4643
5103
6242
9250
598
2654
5
4238
8449
2583
4068
8464
432
1774
9141
7836
2343
6524
4102
4021
5398
8485
6691
9525
7573
1464
699
761
7292
258
1372
8287
5362
7615
7537
2312
269
7542
6550
5071
6477
6971
3535
6909
8745
9028
4745
7440
5552
5200
7813
7303
3685
856
6828
7610
2321
3880
4724
5965
4138
2448
4252
5852
63
8141
8164
6685
2035
1067
1756
8512
8038
1643
5421
6783
671
6519
575
6223
8071
4740
3526
8108
5597
6707
2070
4270
6939
6794
235
7429
9243
839
3282
5658
8980
7798
2343
1015
8865
451
5879
6903
2094
7652
38
9117
523
6965
1693
8594
1706
1571
6702
7303
8278
8773
7925
5217
1919
4512
8999
7514
5351
2281
3173
683
79
1868
8050
8945
2320
3929
2200
766
7933
8591
9884
8457
5556
1577
3403
7262
3148
106
917
7779
5231
8842
9348
7150
9706
8347
1017
5057
6980
542
2092
7060
2410
6494
2357
1082
6775
909
8201
4709
9500
8085
9518
5057
6014
2921
8671
5514
3027
9589
9645
4610
4783
8994
1761
4490
3693
9130
5899
674
9672
4344
4086
8434
838
2795
5869
7614
3704
4070
8675
3205
8507
8193
4614
873
1114
3285
6387
494
9226
6033
5104
4010
1379
3217
4852
1424
2347
751
8450
8371
5095
8888
3158
2286
1683
9027
9900
1740
9449
8575
1297
4308
3120
5911
5181
4234
5548
1568
4728
4775
3953
9833
8785
1684
3050
3637
9461
1750
740
7911
6473
2188
3152
9631
4474
4835
5010
726
2927
811
9301
4224
5119
2421
6487
300
3007
8388
1869
7736
3163
2174
3921
8300
211
3323
8289
9672
1425
9029
3935
7899
7569
7087
7530
2043
8275
8893
2769
1202
9704
8422
1779
4824
7195
4618
5124
203
3006
3345
4291
6169
1872
4564
821
2083
4239
9110
1755
5665
4492
5690
9916
2061
2778
3798
4105
7405
2691
3226
8607
2396
1649
6738
3572
5196
1357
5048
1751
715
8394
2394
3237
266
6958
4058
8701
7550
3169
456
9567
7661
2498
9483
9722
1628
3281
179
9033
5973
3406
3993
4721
1407
731
8293
2955
8440
9693
4707
9156
8087
7101
2393
4705
412
2803
3406
4314
5972
214
3881
9985
2713
3364
6060
693
6645
2591
9727
8970
5997
3720
3691
3756
803
8336
6712
9244
8030
7771
4752
2469
1224
3497
7175
7988
6300
6933
2302
8625
7148
6183
4962
6213
9547
7374
6906
2545
9966
2985
1515
2315
6705
5207
6072
3861
9895
9136
9457
7925
3259
4209
395
835
4058
3922
8824
6710
7207
1126
1687
707
3662
6650
6920
3209
376
179
5754
342
3164
3622
2658
6222
8829
5082
83
8724
570
5892
3002
181
6453
9749
1016
511
3671
9840
3573
7230
7319
5261
7938
981
8263
4858
542
8639
1389
2649
5334
4554
6271
7992
7128
5100
9426
3563
176
6348
9455
9530
6529
5908
9279
3897
2771
9302
3738
6344
6533
7409
1605
4471
8390
6220
5681
8932
4860
7071
1581
6546
7977
7852
4538
5105
9304
316
5020
5833
3016
4475
5363
9545
6735
995
3442
9506
297
3532
5850
6830
941
3808
7653
5683
6380
3335
4616
1240
6758
2549
4138
4735
6754
5028
6192
6058
5344
1212
8243
8360
2039
3607
4257
8774
954
4052
4632
1251
3936
6834
4434
1230
6994
8439
6913
3375
1774
7881
967
4884
431
5106
5971
7185
134
2163
9595
1831
9727
7839
6543
8118
7798
801
3244
8752
1205
4228
6355
1493
1063
7141
2723
8057
5581
5989
7784
3707
3870
8752
8592
4301
3858
4563
7838
3992
3079
7434
2175
9158
1625
8719
3629
5775
5872
6873
4527
7077
1102
7234
4922
8517
4376
3998
2926
9957
9987
711
3664
3857
9463
8608
8159
9673
9524
2349
17
2603
6135
2193
8113
7760
912
8094
3535
6784
4968
4414
213
2422
8001
5135
7291
2377
9133
217
8686
5472
928
2350
9330
6743
7311
3841
6416
6835
6190
6434
5790
2326
8627
255
6438
9539
8350
6326
2675
9670
7092
9240
8444
5093
727
5735
7470
9861
2304
2508
1685
3233
1211
1015
6328
8522
4856
2745
5357
7399
9179
7499
9725
4158
7754
6163
49
6104
8841
9076
5774
5934
8316
4218
1027
9043
6305
4850
5256
8610
7358
6942
8195
8569
7957
4523
3443
9166
3620
5152
6565
2799
2651
6290
3309
406
8805
9710
2862
7647
8786
4989
9933
7102
5559
960
6146
1865
2162
7754
475
9521
4696
5022
4442
2654
9545
7886
8172
3166
3038
4737
2317
2042
1027
1979
2448
6184
1689
1662
183
476
6651
116
3930
8563
7429
6428
428
5943
4183
7255
1816
8879
2277
6259
7885
8174
497
6057
7692
9887
794
6362
1929
8173
8341
729
710
6382
2392
893
6858
5395
7362
7141
3958
1143
3569
738
7086
7752
4345
8903
6632
2974
1514
869
1149
8363
6927
5193
8250
4073
1555
6532
2247
6248
7261
2957
2631
6005
202
9489
7753
3916
2982
8063
5059
6552
5154
8498
4304
9499
3753
7288
2474
1619
8158
9975
9982
5085
5168
4584
5510
6724
1116
7757
2972
4730
7066
1955
7087
3621
7797
4840
7537
779
9256
8949
7331
4410
3799
1636
3909
3904
8924
6383
5523
3434
6358
1857
8519
7879
6441
4030
955
3910
8139
279
8640
1558
2235
2079
5179
32
6920
9068
811
6176
4369
8143
6938
4520
6131
847
8424
5055
3583
299
8490
6293
2156
3361
4172
8598
3743
1479
8860
8235
1759
3852
9793
3994
5931
1324
378
9203
6744
1189
5379
7466
5684
2317
1986
1815
9517
6763
3223
3100
7062
8065
5745
9219
7778
9918
4169
7874
1397
3029
6109
9508
3233
2254
3502
9164
3578
3880
8368
6674
1422
99
4140
7106
8769
2479
5274
4638
9242
8497
7738
6304
2914
3483
5523
692
9753
6044
8566
7503
5425
4675
7011
8658
3281
6866
7823
6859
7098
2543
9886
8520
8994
378
1979
7763
2857
7253
2401
2099
5750
6491
4756
5016
6327
6631
5708
2432
2676
4275
9935
4453
5302
3299
3112
8584
165
7287
1795
7263
9830
1681
2136
5176
2060
4115
2940
1269
1368
1693
9721
3470
4537
4477
8486
864
7460
4194
3296
136
4821
9584
4590
124
2883
4054
5060
3048
1341
6855
6663
7523
4889
8799
2699
3301
2914
1991
4570
634
37
643
4104
4574
5120
8942
1790
2581
9489
1438
9069
4310
1022
11
786
257
4065
2198
3305
1758
5406
6321
5633
295
5120
4685
9948
8035
6676
870
5021
3065
1514
9126
7639
6634
4420
5781
5567
3909
7220
989
4572
4594
7352
1710
4852
7770
3909
4509
9528
9315
830
1514
5962
5951
6199
5910
338
2875
6780
1711
2293
4646
837
6284
1281
1610
2066
3200
5519
9286
541
6443
232
7894
8154
5084
5664
8415
9594
1544
4082
6776
3058
44
9079
9257
2306
5769
8485
9086
7481
778
85
4670
7062
1366
6280
5480
918
8152
1118
7812
4595
1351
5706
9101
6435
7722
7516
2381
9266
1598
9158
2325
1642
8237
7934
3948
359
2771
9387
7840
3549
9472
2510
6964
7190
5143
2444
4460
3295
3563
2272
7890
4914
4330
6992
7701
2052
860
83
7671
2459
5593
6348
453
182
4282
754
541
7054
6493
8381
6955
2317
7244
271
5859
2387
2716
319
5682
2631
8944
9924
3897
9626
3268
1598
1679
4129
8033
5702
6588
3626
2050
7041
3809
2684
4147
4350
6090
640
9084
3046
2957
6328
3317
8816
5067
2385
5488
749
5016
784
7025
5265
410
294
6864
8441
4423
4897
4143
7363
8524
2545
756
8685
5230
4904
9387
1320
1896
4823
718
4854
1151
388
22
2570
2773
1862
9671
4142
2646
6697
9407
9409
3343
2623
7850
7766
7521
1994
1481
2397
891
2237
7434
6121
3493
6821
3794
5390
1645
4512
6596
9148
1252
2970
8071
378
4833
7742
872
3831
4439
6631
3240
7782
9255
1091
1900
3128
9437
9733
1877
328
8323
9311
2802
1816
2484
6596
3558
481
7460
6506
5982
5065
9477
4053
5443
662
8147
6315
4493
8939
2946
7734
6721
8553
5177
4974
1681
4614
4707
9910
1294
9382
9221
4096
1199
8058
7044
1109
4891
4505
3968
873
9570
3445
1278
1365
459
9426
7680
4952
8365
6978
9038
1438
5532
4215
2764
3565
8829
3824
3476
124
3206
9049
572
757
3459
7617
1867
8351
8474
2187
5576
4396
5632
6855
5761
2443
2633
9793
7395
998
3123
6434
8788
5007
7001
1553
8573
5831
5377
8401
2307
4935
7450
9231
5693
910
6848
3912
5613
1674
6099
1189
2422
8083
8044
4535
526
677
680
4273
8027
3804
7059
6816
8811
4061
4721
3736
6244
6450
8489
4903
1385
5940
4134
7078
3202
7335
7342
8815
5361
3441
4
7784
1524
4401
2319
8402
1430
3000
2676
5810
6804
9735
8978
1967
148
3699
2056
6392
149
545
7647
7886
2837
1782
1317
2391
5469
8659
7558
830
2101
3915
4966
9977
4668
7286
4732
6098
286
3760
1908
3442
3495
886
1761
9996
937
169
2740
7438
7067
388
5325
6256
8522
6642
5000
3991
5301
2558
1173
3754
6473
6140
84
1141
3426
1168
3592
64
4928
1852
9858
4775
9091
7971
4771
28
8141
7512
3819
1560
4252
9144
7816
2774
5786
2816
3117
7439
1727
4290
7546
8200
6782
3982
5694
6560
5150
5638
2976
78
7490
2834
4853
6581
806
5977
2962
5299
3489
6781
3211
7741
2277
1027
6867
4415
196
9984
8206
8275
626
5752
6475
7409
6086
8521
3969
1236
4159
6946
7666
8002
6132
2520
935
3290
8497
249
4941
8338
3382
8152
2431
5659
5532
9298
74
5728
9282
8281
4003
6260
385
6830
3669
6472
1704
3991
4060
2215
937
1727
6569
3421
599
7505
6712
9096
4106
1653
3786
7489
9806
6217
3148
5338
1867
9575
7418
7501
4208
7773
3761
945
955
7431
3769
2659
1422
7830
1227
8711
9557
7796
2132
6508
1653
8844
1956
5760
6850
5742
3249
6656
8311
2749
8346
178
8676
5764
4031
9236
9889
7792
182
844
1575
3951
9856
2997
8133
1083
8060
4042
5231
193
550
6885
5389
2506
8997
2239
4600
8598
5247
2911
1347
3593
9441
6376
5709
3472
5612
5598
7617
5794
2795
9192
6098
2651
8542
4231
86
6602
4626
5317
3147
5176
8554
4889
7683
7551
3480
2283
6149
5080
1547
3849
5025
988
225
735
813
5837
2685
8430
7984
1832
3974
434
4483
2516
1017
4569
5471
5643
6239
4970
820
4793
9859
4855
2345
9692
3490
4846
4772
5037
8695
9797
2378
8920
6884
9543
1110
5922
7973
5446
7754
8299
5880
8590
816
3249
9511
2639
8893
2102
7609
6065
6896
3821
920
5593
3513
762
439
4637
2152
5487
4434
4530
759
7671
4073
1869
9945
8398
3667
4051
6697
9547
2641
3865
2797
8505
6504
8042
607
466
4107
3855
4287
1379
9448
7800
2141
6240
8789
4293
8079
3223
5175
8838
7246
5600
708
7191
350
4375
1243
7048
275
236
7265
9424
5093
122
3818
5701
588
7925
9556
4875
9304
5357
9027
7797
7949
7816
2091
6028
7391
7266
4866
4638
9219
1926
8181
9569
2654
5776
2969
9281
2365
235
8705
7458
357
2523
3159
945
6800
9068
2172
2456
777
1199
253
8726
9015
8696
4754
6406
2315
5972
7396
1534
7899
5578
1103
6905
7706
4073
6186
71
660
1243
7530
7369
118
7041
8314
6918
2461
6838
9374
3238
8037
5979
1964
7052
1028
3070
9810
3343
9043
7207
1229
3294
9137
2332
199
6843
2757
6385
6915
9769
7628
4445
7138
7746
7838
1804
1016
300
8642
6742
3538
6679
2721
5503
83
3749
4925
9894
3444
320
7101
4673
3614
6238
7006
3813
9433
6115
6550
6348
5885
530
7145
3023
8276
4984
1180
5644
5284
9822
2386
8822
6502
1460
677
6585
5209
5603
2831
5006
5923
6284
9679
5890
8874
3037
6055
8308
5505
2606
4656
1390
9488
1802
765
7765
6786
1945
9761
2070
8120
2148
7244
4622
3608
7922
7559
5169
9877
391
175
2152
6675
6207
8042
5550
9244
450
3858
4749
9408
4866
2491
8896
6668
9609
3013
9806
1554
2775
1876
9674
4923
9121
648
4883
3395
4560
6404
3272
4951
6580
5424
7978
9139
9819
9880
8383
269
90
9485
9677
4957
1976
8573
7977
1585
1587
7784
9492
4362
9660
5518
5637
5133
6167
6872
8528
7079
3276
1800
8382
6208
3577
6360
5347
3396
2593
3731
17
9035
9568
9694
3992
1544
4619
8322
9482
6206
6106
8974
6920
2118
4492
8909
3604
7011
5781
2132
442
9058
285
8824
5266
3862
1537
6966
3610
4130
7049
3627
3165
6617
9673
3510
4513
4292
8184
3995
499
4290
2969
3771
2760
3814
2681
6364
7177
8462
4849
7620
3872
5134
6444
5491
5348
7981
2457
5310
8463
5858
5289
7981
2475
4962
7843
6988
9254
6027
984
6105
317
305
9877
9429
471
8910
5794
7649
3724
6995
1621
3949
2129
4417
9440
3829
8751
8249
5491
7214
4107
780
1547
2934
5742
9390
6274
1348
5417
3610
7454
2086
268
3683
1516
739
8945
3662
4740
2669
657
6361
2970
9138
7131
8762
9319
5882
7011
4810
9448
7470
1942
996
6756
7684
386
3031
5384
2156
6641
2838
4242
6909
2873
2110
4001
1818
2124
8741
840
9133
1455
3810
4623
8586
2573
3942
4468
5936
5104
3916
9759
7046
1264
6515
1082
1651
9546
6467
159
2540
5657
753
5801
8531
9216
9802
6701
1340
8544
3893
6826
6351
4056
1449
1289
2981
1744
2109
8917
6848
6025
5028
3895
3642
1544
4977
1645
7442
7796
1804
6334
3454
2557
2136
1985
1773
8290
5038
9466
6834
8932
6292
9537
2988
7741
826
2321
9485
2935
7590
2686
5313
2619
2933
8955
515
4262
600
7957
2059
8756
644
5513
1313
2780
3850
9439
1070
8888
8905
4257
7820
1549
146
7160
9290
973
9481
5128
260
7072
4166
5573
6043
7099
880
6558
1361
7832
867
3420
6588
1511
8933
4254
643
2783
3693
8066
8024
2598
8675
2196
4147
5173
5709
9789
6146
1542
1269
2759
4966
5435
4684
1009
2534
1917
7567
3896
9749
4787
3668
2690
2650
2602
6944
9646
1737
637
7712
6113
9587
2739
8310
86
7912
4019
6227
411
5561
7497
3170
528
9284
4206
7889
1819
6123
1809
2067
2225
6596
5735
4915
9246
4689
1859
8892
2779
8848
2956
5244
4787
2047
3554
4873
9960
3925
7452
6723
5839
4949
9893
2719
4234
451
6960
2405
6575
8769
824
8800
5365
2911
67
964
3953
8278
6208
3084
3478
5517
8328
8265
7564
8235
9490
7524
2160
6942
599
4351
8244
492
3422
8830
7296
383
1235
3871
9152
8411
9023
870
1322
5442
8186
1627
3720
4394
4711
7198
6263
3040
1815
3828
1275
1305
7704
9787
4599
8304
491
2843
5148
3913
1673
2444
4296
9260
2667
9801
7671
8042
671
5346
3484
5209
6973
3556
5955
1685
7106
2219
1077
8921
6047
8704
6578
103
8491
1178
4759
5334
4021
9908
9248
5695
8704
9896
4955
7724
6049
8979
2118
3072
4325
1955
8281
1298
5511
4237
9335
8970
2808
412
7891
5207
5468
4470
5310
3960
5648
6422
5646
6021
2682
1246
8068
1386
7495
9376
5462
3544
8355
3933
2969
9032
5888
1250
330
7751
1839
6018
6721
4647
2782
965
6206
8251
1787
1517
8563
3787
7939
4209
9808
6973
1808
7877
8359
9303
7253
174
9199
1960
4107
2168
992
6347
9771
7674
4098
1610
3692
7172
2610
2827
8137
8816
1078
9924
6685
5993
3711
976
202
9871
7949
2010
4100
2661
7665
1353
9187
6865
9665
3294
9033
657
9641
8804
8332
91
6767
8376
7263
5729
7555
1752
897
8633
8028
7583
4626
8091
4911
1181
7963
9213
9543
2063
1874
3561
9769
7413
426
5786
707
9459
6444
6700
4616
1128
3143
7735
5856
6759
3464
3412
8511
4361
2045
2892
8296
3024
983
3208
557
5298
8773
6452
3714
6999
13
3483
4412
6791
9269
1471
6251
2065
8171
7219
3193
7666
4954
5402
4425
8418
8814
9289
9131
7211
2181
7428
6587
3164
6988
7144
8463
5761
9949
2177
2760
9962
2012
7172
6754
7633
8643
9357
6051
3166
2928
5596
832
7882
998
1610
2652
9812
899
1783
7024
3080
5563
9963
2596
2551
7108
7411
8312
3409
5940
1072
9723
4304
8244
2829
1938
3239
8538
4341
6405
1466
9937
3590
5700
936
5200
4704
7100
6099
2840
476
5531
8403
440
8127
955
3900
1891
9267
7309
7831
340
7032
2136
4936
9862
426
8176
8400
4767
933
6219
4704
4523
1919
5640
9723
6624
9093
2174
9464
9569
4057
4219
9
8537
5174
3909
428
4442
1218
8259
1134
4603
6747
2422
817
7173
598
9217
1940
1532
1788
6645
2407
3708
8637
8483
6684
7730
657
2500
3652
1067
6719
3661
9604
8246
3923
6384
2688
1493
995
174
6096
7743
2596
3265
4916
9547
2483
3209
1079
4271
6206
9838
4331
4843
8321
7367
8926
5331
6219
8930
6398
2939
8943
2354
1185
2866
5090
225
712
6085
6751
3160
180
5699
6426
1449
5246
5261
4658
2677
5884
864
2516
216
2059
837
3935
7337
6168
155
2619
8918
9446
1563
7624
631
4429
2714
7208
1493
8800
311
4654
5332
6010
1080
6781
1257
6341
7791
286
2225
5007
2802
8793
7067
9992
2729
756
2512
9236
3376
7783
8682
4939
5407
5665
5720
8122
2873
7214
3274
9536
8220
8606
5546
9300
5388
3155
1993
9531
3442
570
4539
2596
5716
1606
8940
4797
8714
7805
4033
8442
5588
2715
9733
995
8380
5454
9117
7605
9020
8743
7141
3592
7350
9039
9244
9090
8547
1237
8621
8341
8159
3160
937
3875
1118
6230
5024
6185
4035
9057
4627
5975
8124
4361
6970
6504
6167
2440
461
1539
1183
3954
5131
4885
2994
4375
3975
7893
1964
8949
6234
6475
8461
3523
6703
5932
9753
1727
2117
140
785
3096
6115
8909
3809
3086
1766
6328
1878
8579
4219
3061
2534
9350
7947
1880
77
8274
9773
8393
3575
6007
1221
2037
9530
7924
4321
5636
6003
2790
5776
3140
5886
8244
2050
6048
7682
168
2376
9560
8747
6596
2621
7633
2298
6920
9513
8728
1547
5638
3473
5122
1645
4694
3511
7528
8970
7832
3164
4974
622
5292
8114
2861
3536
6516
8909
1218
6684
7637
7130
1784
585
6104
9417
9236
3024
5283
4316
4571
921
7789
6046
8919
2484
9557
2799
1454
7390
5963
2780
4364
7607
895
7225
1144
7411
2486
8714
448
6476
5845
8584
3413
8301
4353
2649
1325
9636
3317
2249
6910
1107
4647
2181
9943
4204
4980
7749
1594
7295
530
2311
4902
7777
9536
2398
5188
8375
7465
1988
4851
9662
572
8264
7963
4926
7266
5640
914
583
4241
4176
8042
8888
6357
7985
3093
7689
5735
1039
1336
2617
3350
6239
394
9239
4989
1934
7614
2454
3923
2465
8468
4495
7081
6431
9421
4347
8424
6688
1283
2665
864
9325
1554
3574
7311
4647
1263
9398
5686
2600
8367
5389
5191
8761
4628
6532
695
2242
8987
4618
1059
3807
5466
8140
6591
1239
2488
5015
7927
123
7680
8792
9448
9234
8718
3111
3881
9981
8861
5920
8933
7228
7661
476
5989
2289
7009
6685
883
2348
7655
1942
6155
3121
82
2746
713
8922
7761
8640
9045
5442
3784
8494
1028
2502
7957
4910
8836
6819
7182
7769
4047
4843
4598
37
3484
1607
3074
4367
3955
7081
6309
110
6555
6391
9209
7268
1666
3322
2260
711
5116
6045
5557
6145
4899
3515
7407
3735
334
4589
7857
733
5784
2455
7122
9268
414
196
9987
4369
3630
6296
831
185
9039
6392
3805
705
9715
2417
1417
4831
8462
3326
976
9714
6841
8383
9801
3527
9324
4010
4261
5108
2817
1383
728
3231
7932
715
7600
7914
3363
4784
4451
8755
1176
8256
9460
891
673
7229
5723
5488
6908
3051
1554
3749
7787
1355
3629
7111
5366
4242
8572
4535
5625
5652
7767
9909
2720
1719
7823
6083
6503
2274
1190
4032
6882
7003
1275
3908
584
3350
5748
7492
6402
7302
7594
4189
5009
1223
7652
6727
5465
6224
1263
7442
1877
5382
3704
4597
7101
1527
7032
9957
154
4575
3989
3388
1578
5264
3648
2162
8615
9396
9655
1369
3050
7249
5558
4412
4824
3210
7491
289
5787
8754
4083
7664
488
7787
8613
7590
5667
1997
7547
2173
6572
7888
1913
8150
9504
5562
6665
8119
1310
6320
9488
713
9921
1398
5125
4745
961
2616
5034
6748
7723
9117
764
8211
3257
5729
2153
8924
7726
9700
1097
651
3940
3010
8801
3445
4924
1818
7916
6235
8138
7405
6948
8059
5155
8425
2804
2468
7393
4190
9216
5116
9660
6332
9680
9269
2061
1833
8193
6140
7886
5642
6791
1826
5004
1944
5271
9929
3763
3188
2516
1901
6945
5816
6313
8452
4241
5469
921
1634
6012
6489
3103
2024
2822
2783
1293
4883
4616
9486
1023
2502
1480
4166
681
2836
6111
5952
2765
9874
5492
1633
8127
8789
7449
792
7242
8042
6262
8163
6029
2274
4652
9132
650
7474
8267
1943
8710
9235
7781
6085
8090
9261
252
8771
2097
6363
1075
1215
2589
6568
9200
716
5357
3002
1509
2599
1044
4123
7114
3425
2749
1767
8909
3399
5593
7176
5342
655
2764
3123
6741
854
2384
6993
9625
833
3356
7052
8400
2297
3620
7601
3013
5330
603
874
4281
7999
4997
7748
1425
7746
9515
6686
1145
1460
215
6487
2116
2979
5962
8857
3833
8346
2202
9810
5532
1910
6862
3932
4207
6835
7885
7220
2165
4840
8095
2798
2840
9444
546
617
7191
6413
7303
8336
4226
7518
1176
6342
6849
7138
1551
682
1837
105
6844
3721
2015
3707
4005
2574
6894
1891
9794
5411
6731
4241
8209
5923
38
5108
2892
7229
1521
6548
1917
5747
418
9445
8441
7268
6584
6344
4302
4773
2801
1147
8494
1168
1206
8851
3742
8100
742
9889
3511
3826
482
8072
6101
520
3180
8994
7749
1054
1894
6019
3153
2312
5464
7947
5932
8400
643
235
9525
3445
7734
8019
4613
8940
6871
4708
3392
3965
4597
3255
4143
5079
1327
6597
5600
860
5591
9701
8266
3837
5720
1419
6149
7537
5718
8434
2289
6362
8669
1815
6159
2755
6186
7124
1695
9409
1832
1439
3375
6429
4694
3870
7861
2373
467
3461
9585
2410
9514
7851
6247
1587
5623
8749
9124
1341
7183
7765
7703
2204
9580
3862
4959
5767
987
3006
5176
9171
4445
4903
5601
5491
8774
3462
4216
9241
3275
3802
1652
2789
8005
4251
728
3628
3000
9852
4970
6535
7618
9025
8739
3550
9240
3698
9317
6579
6704
4494
5750
7501
9397
7703
2992
4523
1165
3561
3765
792
3715
1769
9934
1720
2372
662
1701
1725
6867
6671
8260
837
2048
3352
4387
1288
7050
3705
7867
107
4551
3618
3960
3948
1321
3305
4824
8839
6866
8589
5983
581
6710
5917
8653
9082
2932
354
7159
9799
7025
5420
636
5426
8772
5023
6714
2174
8728
4582
8633
3279
4552
2594
3580
2225
5899
8404
7416
9117
3345
9752
6050
6407
5669
4703
1841
8601
5058
9001
8400
8435
4421
5388
3861
9545
412
576
8071
5492
1510
6705
5124
2414
5651
5056
991
7902
3460
8408
7019
3157
8160
3069
9564
181
4124
1405
5135
9182
406
9887
7618
1179
5276
7831
724
5688
4759
8796
7532
6269
1853
2656
5035
7504
7712
6027
5406
7524
787
8777
681
8947
1846
6597
5480
5970
4355
615
1505
1113
503
5475
2293
2131
3306
9369
7819
4418
4517
1703
7039
2722
4360
2075
226
2072
8102
1984
9597
8889
761
6630
4188
8959
3228
9668
1282
3935
6636
9139
5048
7139
4614
3693
9270
4272
3063
3441
8690
3932
5144
5730
6655
5856
7805
3233
7929
2259
5218
3878
7500
2331
508
8040
7643
3736
7708
8925
7671
4344
4416
9072
7835
9030
2765
3457
9654
5828
3250
8345
6113
4747
427
2768
603
4584
2353
4884
6843
7571
8762
695
6255
9271
8735
3898
9359
2795
9175
3383
3492
3591
2455
1327
2621
5220
1137
8627
7401
4387
6972
3514
5486
7399
2634
6090
1983
4987
7326
5178
8911
6089
2225
5166
5360
960
5416
1071
108
4591
4454
3600
4534
6909
1279
3507
8482
2416
2134
2235
3156
9107
2101
8642
2858
1087
1084
1194
6074
8411
6372
1337
852
4950
2855
6212
2262
4623
7283
2370
9214
8090
5970
3748
4999
7250
7255
9833
6018
9390
2068
9174
4849
521
4169
7707
1608
1605
5253
4035
16
7978
5372
868
2928
4580
3432
5190
9203
7068
7561
4770
5158
9883
4870
6509
7133
8478
6343
9504
4220
4763
8678
9069
1637
2847
3128
3245
4453
8382
7280
821
6360
9005
8042
9288
3585
7826
830
9140
4894
4743
3910
6404
4627
5133
2914
8112
3611
5609
7616
7831
6724
6295
6900
8361
5494
6380
1607
6299
4762
8887
3473
7474
4244
1515
6762
4181
9341
3945
3322
588
8688
3584
6992
3315
8717
9906
1428
2328
1867
5396
159
8592
8043
3411
3305
3538
9792
4912
6189
906
152
9662
8381
4396
1177
5143
8578
6871
9088
8252
3811
4129
1836
803
7444
554
7062
5224
2882
8929
621
9394
3873
8664
2805
7179
8554
8949
8443
4744
9856
8595
758
8237
9344
1936
9732
4274
5159
5173
2526
8970
9302
4362
6125
6746
1268
3187
8323
503
8469
5296
9897
8694
3960
9054
5873
8867
4356
669
9963
4212
9264
721
8801
4960
9009
8533
9234
4168
58
1760
9490
9360
2475
5616
2459
3743
5155
782
4246
3624
6078
495
2319
6390
5902
4544
1609
258
5213
1572
822
830
8646
9623
5790
7655
4508
1377
8176
4567
9489
7666
3927
1964
9634
2738
2060
4790
3520
2658
8414
5950
9506
7085
8693
5408
7982
302
2018
3195
8227
9192
377
6873
8815
2520
880
3323
3897
9056
4242
3386
3075
4522
1703
2709
7260
3763
7499
781
2773
2266
3083
2279
5703
8128
4039
3685
8431
6057
3233
3010
5249
3610
6235
416
2482
7115
92
6379
2524
4334
6118
5599
8856
4173
4660
6117
7936
8512
3250
7061
778
2685
9341
2833
814
3380
6519
5597
9438
9752
8607
1039
9714
4842
1456
2197
8309
7900
4928
833
2234
1046
2784
7443
5219
7445
9912
9507
2309
3162
6569
9439
2199
2262
2272
3013
5642
8791
4962
1432
4895
3569
2472
4610
4763
280
6807
9425
8180
1735
6610
6766
9134
9395
4209
705
3192
4121
6565
5501
3635
9486
4940
5835
1748
3564
5200
7390
2356
163
5175
7251
84
7647
1861
4848
4279
5020
625
8811
3108
7235
5577
2242
6630
6139
9299
6174
6612
5864
1675
6600
5350
2967
2435
3450
6532
3987
841
5240
4150
2368
8843
4235
15
705
5435
646
2077
2412
9457
5185
9647
1386
3779
2630
3877
9431
8804
6842
1647
6832
3442
3350
9799
2229
6800
2683
6216
3993
4275
6719
6361
3119
954
2728
176
2741
3374
2253
5153
9183
3791
1152
6922
3922
3782
7151
3353
2587
3993
1353
9419
3787
4703
5570
6016
1503
4606
8585
1849
8881
5304
8210
2000
2610
7291
2176
5351
7017
782
6856
2553
925
8008
9475
4847
1791
2978
4553
730
3324
2258
149
7111
6961
2071
3128
4816
3029
1713
6665
1911
3369
1228
263
5979
8519
8792
7682
5536
5926
4538
8089
6851
8898
3916
8050
689
6895
8955
1419
6571
1213
7920
3682
8174
6344
3162
9343
9373
1227
6008
7636
4596
7236
4252
575
2107
9396
8257
7644
5322
9147
2085
8525
8046
6002
6575
5087
9249
1883
6507
5820
3096
779
5854
7623
3475
9017
6966
9201
244
9326
3189
4841
6563
3793
1768
5022
3189
6378
2666
4863
5525
4752
3388
9923
7106
6316
5011
2707
8199
7870
8527
1295
8649
4381
5270
8477
9750
2236
7678
9995
1563
7219
1188
4478
1013
2956
9500
4202
5686
8519
9066
1212
9623
8806
1135
6729
5122
6146
9436
3321
4016
4315
969
9018
5048
6239
7495
4799
4828
1525
1146
2743
8744
2334
3573
9757
1642
3073
312
7329
7944
5730
4893
7567
4536
2380
648
6011
8527
6436
9332
8895
751
301
4265
2152
2893
1760
3303
7721
9637
4449
464
4734
3135
4037
843
1129
3462
1155
8458
7759
3237
9703
5326
7774
2084
5975
137
611
2411
9469
5858
9515
6123
124
8019
5368
8236
1322
3089
4226
2123
9905
8960
5258
294
9803
6387
108
7311
1198
7867
548
901
3194
4674
2985
5521
4811
9948
4284
4281
5807
151
6756
2283
8170
2124
519
5844
1565
4745
7967
7822
3705
3225
8116
9861
5965
4576
7172
7163
2444
7720
8064
1990
2395
7402
3863
7206
7350
8147
7839
9509
4651
947
1792
9173
9423
2312
5018
988
3409
2985
8810
3467
2563
3278
3328
8528
7855
6852
5691
299
4572
107
8641
3319
7509
2504
6878
4860
7003
1069
4369
1654
2017
6162
7180
1440
4826
2198
8781
4587
5183
7591
4406
4098
7222
4086
2626
5077
938
8317
1728
1863
4777
369
5182
2286
9225
8412
3498
6228
9482
7868
4235
7851
382
1415
5643
1560
3613
4424
2499
5148
8368
6906
5599
5590
992
8225
7019
1931
2895
8747
146
7672
5468
5328
6310
4693
3741
9809
7273
9575
7677
1508
7426
4411
2923
3069
2323
2888
3846
4822
4389
2214
1728
9988
4156
2721
4565
1175
1004
7460
6274
1150
1484
1742
2830
7795
2787
2923
7604
60
8850
1633
1569
2628
6044
844
5698
8367
85
5896
9541
4474
8110
1270
814
8618
343
5379
9793
7699
9192
6067
5201
676
4161
4383
8471
6948
7307
6075
3360
2509
4060
4929
5138
6456
2126
836
1175
2211
3084
717
3037
1194
1987
203
9812
2330
1934
5957
6381
1126
8376
1582
1803
8889
5965
274
5837
9624
2702
5549
2134
3114
6831
7272
9571
8957
4460
746
7520
7544
1463
6909
5090
3450
7112
1254
2132
5398
7211
8513
6525
1939
6447
8328
828
2413
4954
3017
2037
4008
8566
523
7123
5397
7795
6694
4354
2255
3792
8226
9799
5256
5135
1241
5058
8599
2495
3543
3998
9706
8408
6875
7997
4856
5203
8825
3621
6509
1842
2010
518
409
2534
3993
5806
329
7039
6513
8937
831
1091
8736
2439
6227
9978
7498
1178
8825
7393
1528
4884
5801
8403
2881
657
9958
1707
4278
6468
9901
6289
3338
310
8823
3683
2469
5504
722
8982
4441
7905
6425
9530
345
2652
5860
4195
183
4685
1588
8063
9569
3741
6467
2451
751
2777
510
5029
9245
411
7670
8935
722
2845
2618
9543
4702
9692
4877
9143
3950
1302
5025
4295
307
885
4842
490
5571
2782
4905
1492
2875
1372
3943
3626
502
4453
5008
9747
1217
2678
5035
8291
1876
4005
7834
6578
3698
2711
2073
7648
365
7099
8295
672
7984
9489
7514
9907
8623
2420
1400
1498
3792
1695
5125
4294
2501
133
394
3718
9163
1781
2009
1039
5786
6195
3969
5836
8906
6043
9836
9271
9494
4483
9944
3830
3972
3810
3738
8947
6230
5138
446
23
6833
1923
669
9334
2056
7415
9404
7571
9196
1413
8611
1335
7608
8932
3523
2866
1327
3360
8490
821
7843
4786
4652
8168
8596
4742
7115
4827
9880
7561
1202
3065
5836
1871
8752
7892
5639
8156
5464
1187
9570
427
8874
3530
5711
2398
6397
7039
5758
4887
4212
9953
9673
5216
8121
8269
9958
5237
3096
9838
9150
4298
9256
4987
2522
8008
9231
4513
6164
1047
2052
5734
7826
927
5617
3538
3325
2014
6929
5435
6901
1141
5388
2926
6358
9862
1195
6316
5099
644
2507
601
1294
8115
1940
168
6123
1172
4681
2287
8571
6734
4374
6398
7661
9991
6288
7338
8357
3217
2773
1610
710
4513
4536
7068
4375
2083
9737
5826
2727
8596
2780
374
6711
4720
542
9186
2244
5224
7825
816
1958
2199
3566
5971
8542
9854
9661
3251
3071
2434
4861
3781
3299
9397
7202
7675
7833
3291
9853
6912
8239
2633
7286
4950
7354
7829
488
5950
3053
8313
6766
1363
6865
332
3686
5407
6538
3347
8659
5961
2133
9872
6095
1784
9270
3297
9459
3455
2940
5665
367
1179
8298
7654
2481
2004
5483
2969
7955
4888
1282
1073
2603
8147
7758
6289
9907
4296
5988
4918
258
8121
4790
6353
9905
412
6002
5717
3867
5294
7734
4235
6473
6032
1889
5306
4389
3724
8275
8696
8612
5909
9769
1215
409
3879
3856
6668
8176
9844
1586
4786
4317
6376
7491
574
3141
9845
6291
7008
5139
377
7595
1612
2762
9484
3270
7151
9560
1545
2199
8172
3806
1968
5739
4215
5848
5947
883
376
5791
8821
1514
6460
1550
5357
7035
4691
5202
9678
1699
341
56
5647
8305
2818
1483
1575
6321
1044
9472
8520
5568
3278
6840
7660
3846
9040
3607
1081
5768
5751
9903
7282
2211
7805
2639
9246
2496
7841
8925
547
4534
5333
6194
9191
4503
7678
7118
824
5074
6590
5696
642
6221
2536
8302
6419
7929
1910
3852
3697
4013
107
980
6224
7912
9971
5471
6760
4165
748
7308
5051
2433
9854
4243
6936
3884
1361
4112
8958
4304
9808
9601
6877
8696
4255
9648
6625
2517
3500
323
6530
9960
7655
2755
7872
3978
4578
4633
8143
1678
8293
3195
4111
8147
3790
7399
2032
1503
1511
990
2159
1319
6943
9036
15
1199
5036
2993
68
8537
3316
6599
4849
7323
5706
2721
1301
284
3706
9445
8314
8351
8992
2425
6499
2782
6176
4883
637
7687
2225
2797
5358
9169
8185
5373
6720
3222
8366
6788
8111
8034
9739
2960
5357
5445
2033
6659
2081
2092
2456
395
443
1448
9172
6942
582
5348
8177
1219
9387
403
4016
4745
5924
2202
6471
2644
1776
4837
5784
9887
9224
5524
2847
4581
7321
1232
7592
5755
3324
48
6150
3768
1496
1675
7062
8430
3375
5240
9650
2763
1995
18
3860
7919
8572
331
563
348
1521
2699
235
745
4575
9434
1678
1897
667
9271
4004
3991
9319
6506
4111
7168
8181
1174
1950
7909
2766
1600
7024
4761
7971
884
2680
6543
1216
9595
6892
2737
2294
7127
9834
6870
2914
1512
5119
3581
783
9123
3924
6455
1981
4388
3623
163
5562
1925
4424
8328
3526
1448
9441
1497
2332
2121
4392
9900
1716
1284
8989
362
4764
8823
3584
7678
336
5055
7611
1119
530
7887
3926
2512
2275
3901
9027
4189
5827
3451
8869
9353
4899
8310
7202
3583
431
1594
9836
8499
9231
8825
5214
3995
4001
8798
8025
4337
206
1988
1808
736
6227
5735
9600
4855
9636
8627
9044
5463
2078
4266
1168
3329
2576
4722
3265
9360
6317
3101
4211
1900
8278
9425
2247
2279
4576
272
2968
4782
8612
4777
1870
4839
512
1471
9694
6500
98
5091
1964
8529
9357
9484
8210
1933
4207
1475
7645
6876
928
1857
8776
9207
7634
1023
7838
8562
7647
807
9696
6259
5584
1567
7450
2448
9390
7145
8948
5840
8588
7264
4369
7945
6749
2580
6230
956
407
228
4184
1336
2085
2960
6895
6071
335
4733
4634
7982
1892
4330
4241
7476
2249
8043
6276
1639
5188
5225
7480
128
8841
8201
8073
5590
7133
656
2898
7541
884
3434
5229
9321
6394
8476
5392
3081
3209
6378
1063
5102
7061
1656
8930
9310
9700
5207
7302
1240
6784
1134
1369
5625
9335
5794
7568
2821
6450
6818
6714
3686
253
1943
3007
2999
419
4752
6081
9980
1130
3496
1434
4543
5153
365
3854
1205
1924
1156
2445
8708
2290
166
685
7977
5961
4605
798
8763
1424
7512
2450
8029
5807
1809
1028
2578
6561
3461
2559
4044
6958
345
8587
2111
7062
8793
3316
8986
9949
2113
4046
8591
2280
4732
2921
4593
9337
3719
3356
7113
7584
2158
5142
3391
3968
6171
2322
6881
9632
4881
7277
2942
1578
5865
5053
8641
4658
4721
7627
960
6835
1674
5903
5467
2758
8824
60
8447
8896
9768
5561
6480
8279
703
6223
8599
3226
8545
5480
9211
9778
2758
2153
1357
4975
3559
6350
5985
8280
3977
3297
1467
2003
5553
3286
1113
4377
9698
9561
9625
5819
1474
2457
4098
8529
5033
2697
1756
9930
4529
7319
9709
7287
5824
7418
8614
9383
3768
952
4016
4097
4249
1835
2453
9802
5122
3566
532
4820
3127
6509
6991
953
8967
1089
9483
4000
3786
7591
3930
4668
4910
9991
8307
7086
3761
6922
2822
7529
7874
3190
7979
8475
5025
432
8278
6499
3998
5162
7672
3478
1671
4663
4431
6990
5753
3914
7342
5891
7857
1273
559
9119
7616
8867
6206
1378
2141
5380
5259
6367
8570
3238
4842
3595
22
3120
6447
4021
4634
4119
3851
2658
5134
8282
9648
7239
8549
6991
3131
6406
4616
42
1878
8584
5261
8084
9962
7402
3464
1574
3769
8386
4812
4964
8333
4835
4436
4780
5208
9071
5251
9059
1729
386
3693
7729
3977
8594
1072
7108
1353
2040
3503
3231
625
5116
7667
587
8871
7483
8513
8992
5869
3326
3956
4202
4513
8393
5335
6073
3816
6938
1484
1897
7324
5177
9626
7654
3772
699
1114
5125
2739
4617
8356
9716
9734
6023
304
8605
3506
8817
7597
5727
8495
7906
9929
9360
6299
1616
1785
115
8555
3269
2012
2231
8447
7990
9885
8571
5041
1000
3696
4133
5617
8404
3849
1703
779
505
6660
637
9323
610
6364
4170
8516
2645
9883
1167
4262
1668
1282
2817
4938
9646
5048
9737
7636
1286
4660
2678
2286
8356
6811
4255
3112
660
2311
243
1166
8971
880
6841
5933
7244
7363
4449
9889
3598
5616
503
5267
3250
9672
6557
2896
1073
2646
6885
2359
7306
9563
997
2014
2726
5252
1478
9738
3915
1721
904
2887
2601
4097
5172
6197
7813
5974
2438
1411
7942
2942
3030
1193
2614
9587
441
39
8585
7326
2398
2243
3241
3395
4257
5967
5000
5735
5706
8915
7456
2962
8154
6409
3412
3327
2606
7577
9301
5045
8988
7243
4339
2019
4788
3305
7958
1582
3345
2896
8908
2095
5139
8502
1843
9397
821
6843
1484
6527
2110
5293
5842
265
8054
5606
9944
661
3183
5597
2058
8523
9192
2749
542
3981
2406
4853
5563
5751
7749
823
4199
2888
9325
6042
8637
147
9237
6474
3026
1347
8119
5220
7964
6173
7178
4260
3186
361
9857
1596
8885
5402
4345
5779
9383
6752
6984
1298
8855
1085
8473
9406
326
4151
1800
8963
650
1037
1789
28
8737
9908
5249
3053
2434
2427
7314
5620
9141
3523
7217
4378
8925
7914
6509
4660
1018
9846
2310
6226
931
784
5632
1257
4935
7433
6573
1937
4822
8362
1965
3559
4623
7214
2965
7057
5994
279
2677
1487
154
6246
2217
5432
513
5078
92
1531
4924
2403
4109
5856
9539
9742
7113
826
3527
3686
2763
8349
8401
1080
8261
3024
8295
1226
6433
641
7857
5462
8480
4363
8061
7049
9795
8574
2127
9888
105
3404
8643
4215
9260
4534
309
2725
1712
188
2764
4475
4889
1165
5555
3150
541
202
728
3326
7195
4937
8788
2027
9301
6849
9076
9096
5423
7556
5336
1881
960
331
2448
220
1217
9109
9297
2929
9297
2061
3756
4186
9578
5664
3689
119
2218
769
9797
9414
5707
8586
7793
1360
1787
6870
6808
3563
778
2145
5444
1738
8828
4244
8310
46
3353
7607
2975
9002
6021
6732
9540
5599
8748
9581
2071
966
351
1868
6732
2410
6806
4526
3770
8594
7748
6930
2157
8526
9075
3953
264
4256
8197
4926
4302
7902
8885
3629
3256
4906
361
2796
6858
9109
8730
8929
6428
5433
7149
3160
7843
3956
7686
7965
2550
5434
4895
1059
312
323
5012
6928
4579
9561
1854
8881
3815
740
2510
7071
5646
9224
6219
2504
4685
1301
7785
7465
6734
4935
626
4577
5243
4664
8894
4145
99
142
5204
6763
465
6568
3692
5044
2481
5546
277
6296
6286
9139
9719
8285
4715
2290
7141
5753
3592
4927
3218
326
6214
196
1256
7809
4861
150
1954
4960
292
3510
1723
757
78
1767
2153
2559
7314
8782
5207
9952
4274
4926
8237
5341
7216
1731
7446
7160
3010
665
7487
9224
861
8743
7033
5722
8893
5339
7034
5538
8849
5110
6295
5279
6877
4801
4190
543
9935
9397
496
4209
675
5085
5903
4243
6816
3349
1404
9826
366
5243
5402
1228
3986
8787
3302
9231
4126
6689
4769
9327
8151
7417
4606
1380
8570
5148
8276
8505
897
8772
9067
1572
209
4970
2168
3378
4671
9924
3204
5038
5167
4959
2618
5505
98
5920
1088
4225
8961
5858
9904
3464
9627
4511
1197
8197
9659
9473
3054
6909
4597
2121
8481
4806
3443
7001
8184
8115
6925
7741
3153
8444
9052
5771
301
9150
8043
1390
9727
3357
7248
9632
6821
3227
495
4370
1424
6506
3843
4478
3415
4792
2952
8249
9599
2747
5250
4135
862
8528
8228
367
3324
3632
2490
3626
2783
534
5016
8862
243
8616
8494
7064
8195
8989
7787
9619
5496
1630
449
5263
2775
9753
3512
2374
2501
8763
2861
3363
3643
7442
83
6967
1074
2573
6945
209
9459
8313
9072
9702
3281
3918
3119
1476
2908
906
7447
4756
8888
7897
19
1663
4002
3532
389
6503
8647
3251
6219
8642
7045
6302
1961
4471
8875
8907
4681
8335
3572
105
8037
6854
4023
1156
4682
3283
8414
2130
8039
7303
6379
4411
8966
381
4295
9356
6885
2942
8959
9456
7936
2356
5758
9897
6827
985
5156
7860
9320
8729
7965
3710
1935
8341
1218
6617
1624
9633
8747
6016
3288
1478
6779
2254
1860
1074
7962
5097
368
3273
4553
8304
5629
6663
8201
2457
7648
9710
317
6969
8439
4635
7031
374
9328
4601
6991
7304
586
2091
9672
3874
3569
6451
2481
1781
7525
443
6878
7893
3717
7783
2549
9346
4446
7103
8155
2095
6813
4825
5416
5252
9460
8799
1978
5140
3400
8969
2444
3987
7412
2117
7861
982
8568
342
9115
2446
7138
5994
6691
7207
129
9241
6553
928
6344
1061
3023
3157
5886
4791
4761
1698
3590
6739
6838
6990
2060
5634
7329
5825
4103
1543
6807
2672
8237
5922
1470
5375
8268
8161
2582
4750
7402
5488
5678
98
6549
5053
9607
2435
9844
4368
485
9786
7459
7323
3128
5872
9309
458
1697
3413
2001
4856
6085
238
7130
3907
1966
1751
2068
900
6501
5823
6388
2179
5921
9289
3584
5529
8076
3428
6249
8561
3214
61
2236
2694
5933
1546
3152
3982
4959
1505
5190
7396
8096
2320
1303
6414
423
3371
7314
6924
9194
3703
5455
1468
9344
9039
6997
7421
8819
9598
2334
8385
9659
4571
1080
1944
6117
584
2278
1076
8442
7468
4824
6538
6141
6127
2952
6564
5850
266
9841
1397
321
5296
2865
6018
688
6214
3439
9507
5812
5773
4245
1824
344
1677
3768
2813
2261
6047
241
703
9867
5065
3593
6008
7544
6545
8925
3395
3164
8766
1144
9837
4062
4009
5855
1102
6575
5646
6962
2387
1420
1207
563
8116
2884
4332
7282
1497
6731
7523
2201
2950
8941
2146
5311
6485
5044
4236
6232
8208
3002
7376
4397
3416
7737
253
871
4312
5899
7833
3052
3671
5392
3615
8140
4628
4299
1774
6125
7382
9297
4678
333
4590
6825
5644
7428
1869
6232
3660
6429
5586
7389
826
5354
5126
7431
6225
5791
9683
410
5195
9706
5802
5162
7846
430
9462
5972
2908
6844
5270
3938
3529
6212
7115
5525
3640
5336
1757
3653
1765
3695
1042
8944
9050
2520
2727
5275
8311
8762
5686
9858
8469
1488
5021
2667
8271
835
8640
7531
7679
262
1469
7561
6474
4937
3086
6467
273
1196
120
8391
4891
1162
3687
3941
3682
6414
5569
8346
5177
1255
8204
9998
9095
9577
2665
3718
412
7657
7601
4444
7919
9071
2005
746
4008
1443
7213
633
8991
3685
9024
235
4847
2711
4176
4881
5478
6097
9579
7007
3704
4136
7005
2800
3713
6022
2870
4126
32
472
8570
4303
5895
6927
5049
6255
4722
8614
6888
3714
2299
2265
3949
3498
4976
4477
4732
6806
6927
4311
3813
631
8447
7170
9783
2161
9545
2654
2639
5929
3126
7561
232
5373
840
1634
1628
5562
248
8516
5628
8900
781
5929
8750
2110
6759
3482
5268
3686
4146
5434
669
2593
8956
453
1106
8501
3107
97
4430
2585
4010
1015
7958
4850
2649
9586
6765
9249
4454
8745
4501
1588
4675
3252
50
7786
3086
5318
1472
7232
752
8493
6178
9709
8946
3636
4562
2053
86
5345
4638
4096
6360
2596
8947
5361
8534
2064
4610
9341
809
9112
929
5484
8716
979
9622
8154
2649
1094
1739
9754
9588
4269
5815
4886
7905
6729
6940
7991
2074
7930
8440
4786
6879
3739
147
5413
5803
1110
4754
6612
6574
2035
8449
5290
9366
8071
9796
8368
5518
1535
8122
1458
5804
3937
6344
62
7018
3284
4405
5445
7567
2845
231
4446
6584
6731
9859
2387
4193
966
5352
767
9353
3801
2409
8720
8224
2205
7088
3742
3741
1562
1552
9545
1851
7897
5959
8869
7533
365
4314
5100
9562
898
5898
6147
7629
5758
4886
1822
3076
6590
2589
2429
6743
4998
7501
4968
3555
941
5062
7296
2503
6615
3194
4354
864
9153
3224
4749
5870
7538
9850
5433
4788
5748
7932
2417
7858
2818
591
7286
5761
9532
6068
2504
882
3569
3824
4438
4511
8887
1734
3366
1854
1280
7721
2718
6786
7297
7467
2656
1187
3669
4441
5976
5770
2373
8393
9980
1544
5337
7267
7305
4869
9687
9809
5752
3256
9986
6542
4119
8873
4628
7486
7079
5909
1559
9797
2695
8856
3616
1703
43
3638
6145
6019
5760
8518
765
5740
6414
2454
9359
3719
7323
9046
9881
9427
8655
9867
2321
9126
5092
6950
2964
2171
9211
4523
8320
1906
9731
8288
9961
6127
8278
2458
8498
4038
7329
9263
6131
3743
8069
5490
3815
5393
889
3696
1172
5896
9915
3494
5022
1359
6796
4339
9882
6007
5214
4554
4265
4946
2842
4226
1073
7473
6685
9571
1511
4014
5187
7642
7757
3256
9485
7924
5001
6726
7972
2526
2622
4239
6020
3996
5598
2816
4687
5480
5175
9902
34
9440
1200
9229
3666
2273
6702
6703
8196
4565
717
9735
8560
4827
9344
4397
2751
4345
1123
7076
6871
97
1315
9243
445
6914
8411
5133
8746
3586
1387
5133
3026
2587
714
3045
1212
3768
9748
5760
8333
466
5496
6893
1645
4840
7642
748
5537
8765
7824
8761
5214
9140
4356
5660
2406
2768
7145
7504
6354
8532
2637
5733
1119
3351
8778
8683
7119
8526
4443
1805
5344
6291
5050
3341
7483
2693
4090
3021
1458
8266
8134
6673
3758
2490
8685
6164
5258
5830
21
7965
714
2658
3698
1833
2362
8828
6868
5833
7354
1311
7638
9051
7603
2689
2392
5086
5382
2834
4459
3192
7453
2593
6217
1211
5084
4902
3728
6694
7084
3749
1011
7798
2759
4709
5983
5121
9889
2851
7307
3596
515
4945
2647
8118
7634
1391
9556
9368
578
368
2561
8031
9313
8778
5594
749
33
5674
7444
3469
5775
8455
1268
4887
9517
7251
6360
9406
6455
3667
3002
6970
8613
2001
1440
2599
9745
7348
1968
323
7716
881
4706
7030
6011
6652
7779
2396
2327
1575
5866
4454
6383
7134
9341
5900
737
5702
1658
7192
9369
1013
514
4334
3014
1954
6934
2759
9303
5254
9434
7019
2487
4140
401
8498
7145
4533
7247
9472
6108
3113
278
2491
6599
9620
4743
7336
1674
6402
881
7395
7415
1395
1730
6781
3350
5016
5893
9005
6622
5327
2376
9109
5820
2778
3959
2965
7311
1206
8789
9771
4319
5419
8615
7270
5039
3358
4607
3065
9760
1840
461
3527
9587
8543
309
2937
3559
6202
8294
181
7881
671
5642
53
3449
9601
9370
7112
7160
4511
3235
1479
9931
1850
8750
4970
5209
9709
4388
1321
7901
1201
4849
7488
9744
1510
6778
9655
7712
5072
6188
1945
5743
1830
8351
5544
7783
7721
9008
4943
2233
2244
6423
2164
446
1525
3486
5655
7586
7874
3329
1839
9075
8178
9327
5171
9688
6105
4826
3752
7530
1014
2049
3273
2844
400
5170
6980
8122
530
1923
6707
9126
4698
8871
9573
2575
8709
1580
161
6584
4909
2000
2011
9439
7680
7183
9127
3785
8361
9231
1315
9376
7633
941
8572
8033
2463
5552
2507
2993
7476
9214
2120
2174
4437
8045
4750
3147
9625
1263
6083
4535
9616
8094
326
7296
1629
5806
7433
9991
5037
5101
5719
9022
2394
4291
7056
4857
6196
5915
4202
24
5130
2674
8550
9567
719
9652
9066
6697
7268
5149
7584
6884
3244
7910
532
1225
3716
7965
7568
5106
9418
3287
4128
1812
3931
1184
6669
127
7100
7224
6503
8582
9898
5053
4501
6970
4706
3568
3667
1974
8717
1251
5210
8313
5513
5742
9539
9230
59
7107
4336
5830
6747
8464
7642
678
6001
664
7157
9453
7888
3660
8035
4138
8713
8888
1108
9771
2456
1127
8097
7526
8730
3307
5839
4244
5401
1730
9826
1813
5190
4162
7643
1937
8978
1637
2615
1331
2301
9772
784
6541
3432
5171
7032
8497
412
8140
4621
2868
5620
2718
394
4350
6026
2586
4946
7779
4316
4772
5944
5858
5286
3587
7795
4265
1577
410
1948
3878
6534
2733
6772
6318
4256
3804
1168
4668
8296
5789
3889
3916
8507
635
4619
885
3221
9565
8665
3890
690
4609
9748
5976
4549
7544
6593
6126
4306
8542
6356
7193
7627
9480
3511
1883
3284
4679
2904
7933
468
6793
8201
5328
3780
2820
6213
7002
8738
1230
7244
9428
2192
6992
1756
3093
888
8350
5571
5195
6892
1927
8740
4519
7760
8603
2754
7396
3283
2010
5329
103
5155
9883
5431
8936
2703
7997
5938
7793
9227
9534
3573
1419
6526
5330
4512
7415
3680
6435
8962
572
8363
7702
1443
2475
6305
4197
9871
5940
6208
1553
2396
1363
1436
4179
6651
491
2176
8941
8285
7756
8475
8210
9175
5002
3540
40
8769
7220
6475
7731
4144
1190
1785
5587
17
4442
6137
9889
6735
8697
7794
9131
60
5582
9662
3064
6073
1839
2005
710
9595
481
8921
5122
5483
2461
1514
604
6034
4342
4687
178
1884
2824
5766
8254
7266
8255
4495
353
6952
2289
5836
3364
7871
5499
6428
296
3690
8434
1007
9637
8915
6280
1111
750
5093
8978
7706
1127
9672
2393
1306
1556
5217
3424
9810
8835
1679
4305
9189
8631
2946
1377
1995
7169
6876
4776
7466
566
3210
4825
6555
8477
1105
7667
5579
6198
6645
3285
7326
6317
5678
4984
4225
7247
4760
388
6082
2791
1045
1623
7774
3992
3001
6121
7513
6229
897
4979
6796
4107
9804
9703
8936
7261
7370
4515
9812
367
4152
3490
3036
6182
4826
7262
3429
9586
4002
5864
2377
5047
7487
6503
5391
6840
2624
2905
3070
3522
4236
6218
3981
393
5921
9270
4006
9644
3785
3818
11
4290
7308
3048
472
2134
6662
3902
8072
664
9766
449
2063
3605
3304
7455
446
5929
6712
9868
5803
7300
6086
9784
7693
2007
9054
1700
1651
9192
5518
8015
3482
9179
1063
306
1313
7725
4208
9386
4741
326
6187
6804
3932
9492
4259
730
1773
7323
598
7576
4624
3036
3712
2317
5043
2767
369
3047
8311
5888
1062
8145
1419
8477
8451
2732
6202
9012
8470
943
9338
1010
4099
9622
6854
8359
6704
8627
2034
7302
2555
6658
338
6267
5328
1734
5386
5697
1133
3697
7937
8547
8194
9356
7024
6646
8441
9578
2010
3263
521
1348
625
4620
7323
7479
9331
4027
2458
7718
7682
5013
4376
4372
1281
6056
2458
6667
1754
3591
6717
6043
2138
4911
1752
9162
7909
6545
8740
9919
9808
5613
7620
434
6586
4943
4265
2269
5322
6724
9987
3004
1737
716
7377
9370
6772
9835
6038
4878
9779
2755
7274
1917
4018
9026
7432
1928
1923
2524
8199
8083
8138
5819
8517
1076
7114
9135
9697
2437
5859
9685
5441
3948
401
9170
3319
3525
9006
9357
8404
8785
8464
5678
7054
2482
1056
4486
762
2979
3363
8962
1062
7853
1133
5932
8929
8248
1419
8626
7037
3630
4663
8830
7578
1416
8001
7249
4942
3359
2958
9698
8496
1422
1728
5550
257
9136
6389
1019
8467
9752
9981
5881
7605
1115
8165
2886
5715
9584
7864
2752
3214
2528
7934
7145
3944
5935
4394
5238
9294
7353
4936
7790
5127
3016
9693
5384
2152
2434
6404
619
2186
2737
6501
6143
204
4666
5381
5919
4251
3245
5023
3817
5773
2958
962
6070
5245
5357
7660
892
9062
2597
5034
4189
1965
4727
9574
4118
3513
2330
4737
5699
5067
7590
8194
5272
8609
3575
7543
2860
6821
8919
3029
8946
8229
3992
1368
3474
5701
9029
4366
4763
7978
9401
8952
9943
480
4878
4061
3994
7208
5151
6045
2276
2741
4240
3900
1350
4167
1443
562
7340
6714
9944
2639
4943
3936
4007
8418
9637
9388
9136
752
7366
8537
6056
7310
5370
935
7723
9364
8143
2874
5409
6771
1968
6001
671
9670
6521
8467
233
213
5181
6529
2852
125
465
3212
4895
6454
2600
4031
3558
9967
8921
9614
3629
4291
549
1352
7
8693
4227
1768
5464
2547
4122
2488
2217
643
955
8802
7208
2488
5331
61
2613
5796
9625
3860
8602
8577
4244
2160
4896
3165
1775
8525
3808
2324
6230
167
7369
457
1935
9186
9356
6057
8026
1573
3052
8981
376
6613
1469
5707
6674
435
7856
2651
647
2810
1228
4891
4971
6125
4408
3098
1002
8216
1774
7232
4735
5496
4041
6671
4682
3397
9080
2708
4971
8485
8041
1699
5098
5862
3758
8124
2649
1614
7127
3297
4425
8355
8188
5748
832
8949
5198
8187
3517
3324
5419
8253
8820
5813
1276
9854
5562
6708
8914
533
5193
6955
8584
6643
9170
2343
4767
8171
3957
8246
1468
4734
6602
6009
6834
3786
4958
8384
8325
4827
1709
3745
3080
529
5910
4356
384
1472
1065
9298
8358
2610
2606
6942
9254
8128
9285
373
6299
9595
8620
4120
681
1574
6481
3868
1712
7791
2252
38
2618
3961
135
5699
843
6045
6407
7579
3869
7472
3229
2227
6435
2187
5522
5689
315
4807
2414
2967
754
7386
7087
1436
8960
3568
1656
7025
1359
3908
7063
3977
4222
7198
6028
1417
9595
2436
8996
9816
9908
8577
2044
6343
765
7566
8384
7432
8725
7151
399
5832
4537
3838
3620
3498
7406
5276
523
5117
9184
3938
5447
9758
7488
1475
1175
7083
3911
6523
3251
172
5101
5295
2867
2218
9213
7604
6002
4291
4755
2754
123
9292
6592
95
9142
351
5371
9665
5468
907
9955
915
666
7443
8743
8193
878
2654
4717
4130
9178
6170
5777
2046
4740
1343
9650
742
5634
4405
3496
2109
3697
89
2204
2840
6792
3927
8857
2260
4834
8813
9528
5500
2608
4623
3694
3487
7277
4763
3969
6456
7285
9746
4854
2025
1089
4504
2767
3075
5261
2616
1536
5310
9057
3740
4502
5849
4019
3360
4461
8854
8525
341
706
7485
4964
752
7324
8594
5515
1293
5050
2800
7392
6256
4825
4833
7112
3945
7909
2373
2913
9445
7683
1970
9538
2186
4171
3557
1898
8632
2411
6775
5326
9470
4260
290
222
1585
8884
5738
2878
286
4890
270
6542
6068
1456
3654
6365
9365
2379
9278
5162
6415
7600
4700
4953
1771
4610
6851
6755
3373
3626
2081
2843
7886
2372
3066
9471
7608
5156
8702
7895
6398
5324
789
2466
6780
796
5183
2497
9527
4461
7660
5942
8413
8712
895
184
3322
7746
6940
6696
7724
9021
9539
1963
7745
8957
7786
5354
4113
6488
9601
6864
8165
6742
9330
1297
7538
866
3795
3418
1679
7807
9360
93
6519
6608
6629
9842
706
3569
2890
8431
8943
2429
394
6688
7739
8180
8394
8204
1021
4347
5068
5538
1090
751
6835
4980
1617
6982
8398
3296
4789
4111
9741
1309
719
6371
7503
1425
9940
393
9856
5235
9174
6602
8276
6913
1135
3022
5118
8508
7370
186
398
8460
7289
7233
9792
8906
568
8191
8555
1709
2302
8296
9370
9373
4667
6873
798
960
3618
7007
6195
2793
9961
823
6058
7448
3846
1176
5956
1216
7715
6354
6028
5004
9940
5820
263
6860
363
8818
8569
9017
7114
7940
8390
1782
1165
5541
9094
4784
8900
1641
7577
8861
2465
3635
6310
6311
1164
8618
3879
5231
4973
9907
235
1265
2079
498
8125
2443
5668
6694
7812
2783
986
6203
917
2152
8096
11
6936
6996
1652
865
5857
469
852
2167
6780
2016
786
7011
7247
2111
6918
3835
3376
5350
685
7853
4145
6354
899
1957
5489
1886
8160
2758
390
6256
2769
3678
3252
773
4543
5462
1243
1747
3981
4375
3764
1119
7739
7363
3230
1009
7550
2958
6359
4588
7163
504
7294
8063
2462
2783
9949
6974
5541
6691
9583
4662
369
9187
1787
1264
4649
9382
3011
8631
110
6775
6102
7849
491
9333
8858
4393
8643
5218
8981
5807
2074
2627
3870
4536
1762
171
1511
3655
6862
1094
8317
3583
281
6457
4847
1283
5839
7858
6266
5949
4634
2368
3798
1477
8053
9009
5870
6697
4227
1204
8856
6301
3831
9078
7190
1946
9249
5053
5601
2463
2499
271
6046
9132
6728
893
415
2567
8751
6681
4869
9737
5402
5019
7566
3455
4028
9789
152
4607
7345
5360
7261
7528
4438
4451
9474
39
9504
5076
8854
2003
5347
4900
7487
2075
2145
7903
994
7249
936
2215
3338
6338
7235
7257
9794
1263
7046
6298
2223
4391
8011
9484
8271
2449
3935
7746
8841
9791
9174
7695
8146
4521
8948
5633
2948
7445
9888
294
1046
7177
2510
4385
3515
9745
7994
9661
7360
5040
2312
9583
5783
323
9067
4054
9124
9354
8152
4317
9145
7326
2013
3643
1847
7313
9277
1147
1110
5517
1442
2157
2694
3952
2894
2562
49
888
2223
3761
5928
887
3345
8063
7562
8764
8469
3039
8119
6622
7356
3616
3948
5721
7260
5796
9386
2889
3295
497
8406
4737
2654
1101
5041
5548
15
5090
6436
2238
5204
8716
9478
8549
6779
7040
3665
1600
79
1784
8222
3788
1753
2171
9509
9013
4319
8896
8254
7614
9393
6660
8704
8399
4113
3745
3947
480
5188
6735
2719
392
1803
8549
5293
4934
5589
8958
6534
2021
7095
4757
5809
8848
6928
1670
4213
7599
6918
2467
5213
2663
5479
269
1062
5945
4015
1361
6425
5555
4448
5496
2299
6251
4045
7592
1185
5987
6550
7720
4360
9997
8829
6521
8845
5757
4543
3058
3356
1462
1877
4921
477
7357
5191
1540
3302
5558
9253
6079
1113
3702
1576
9764
6305
1973
7356
7491
4312
258
1563
8672
256
392
5193
5453
2501
6089
8512
2209
7551
389
7130
8028
4098
8673
5920
3752
583
5174
9832
8048
5228
7760
7812
1533
6085
5168
5376
398
1779
3291
9070
8387
3683
616
3840
6184
6705
8704
4745
608
5446
8228
8636
9544
6901
909
9649
7485
2435
5833
1885
4015
3593
9698
5548
9678
1218
7277
6428
2997
568
5499
7736
604
2467
1577
6788
5524
6633
1534
6132
2079
9762
1120
7976
3015
8381
7625
6852
816
3458
8738
4831
3403
8436
6732
9433
6006
4009
5862
9004
929
7713
6740
1533
6532
4669
4674
2056
1303
2560
4540
9734
2322
5660
7710
1689
394
1687
4894
1210
1497
3632
6042
4900
8420
9126
686
4426
3135
6548
9782
416
613
2875
1950
7145
3896
2976
9201
5199
5536
93
4934
4210
2105
8996
5899
2499
684
7145
3710
8533
777
6104
3434
5549
5230
472
6328
4717
3372
6110
5133
3985
5337
3435
7482
9234
6411
6683
785
1947
3128
5719
2509
5233
1068
4761
7733
1752
1906
7795
285
9036
3899
71
4585
9129
6895
913
198
267
3376
5331
604
5065
5119
8086
4299
7882
1121
5085
6182
4249
7156
8691
9483
8224
3452
3568
6328
5359
1363
2966
4395
5262
9389
5332
743
2637
2598
941
2904
2326
2624
3509
7391
7743
7947
8043
1978
9069
9480
8160
3318
6636
6851
9153
1213
6656
2721
3893
8367
4084
3211
2762
5698
2601
4446
2793
5238
7044
3734
4494
9370
2711
4355
3114
6806
2303
7509
8784
1372
6989
6944
1042
3625
148
6548
1190
6804
9269
5084
5171
9706
4647
4285
1756
3600
5083
4550
5190
2128
8284
9685
7850
7347
392
7316
4154
2695
4825
2938
419
1814
6235
7814
1792
2735
4362
9334
5891
3631
770
7414
9689
5418
1699
1446
9018
3134
5996
4209
5262
632
3894
9465
7980
638
6781
8486
3334
7959
7776
105
9773
4011
7919
7917
6746
8633
7252
8989
8617
8022
6403
8306
9792
8102
6104
8811
1237
8452
3020
2851
9085
3266
8668
3417
3904
1802
1903
3590
9761
9679
3696
5886
43
7967
156
3141
6601
7408
2131
1570
1782
8534
9876
1575
2989
5981
6738
578
4433
9758
9781
9870
9376
8450
9639
9632
252
1542
3223
6365
7574
3271
8603
7617
7590
8759
7110
543
2519
9241
2113
654
7776
1990
8581
7117
4323
5319
7695
5108
1429
7476
1331
805
2278
970
437
8882
8865
12
5247
6439
3283
203
408
7226
8962
7518
7769
7834
3112
9883
8488
7240
8225
7069
4357
8900
8740
8404
360
169
5880
1691
7326
4511
9014
4115
3393
7879
4128
4993
4318
3763
5196
1078
989
4158
8596
5111
8344
1708
1346
6832
8948
9571
253
9657
4823
5345
8061
5183
5514
294
3227
9192
4805
2241
3308
8198
6472
3788
3191
790
3903
8387
1868
4893
8898
6816
6356
7242
4877
7702
427
3825
3625
7032
9835
8448
2378
7896
9983
4244
8190
9562
3437
2995
8155
3097
7546
4627
3237
7089
1769
7140
1829
9989
8385
727
6806
4741
4321
8035
2443
1100
8212
2420
8133
8047
7220
511
5944
3556
4755
4134
3118
4544
3482
1274
3993
7380
2253
7230
4469
4023
4371
6298
364
2756
3377
7170
3850
7699
5205
6293
8799
9770
5066
3284
7817
2286
3795
3761
5842
4903
4248
5313
5799
4082
2939
6145
1462
5192
3375
5931
5567
4098
8582
5932
6855
1959
9454
705
6010
1012
3350
1162
782
8416
4446
8599
7055
4594
8713
9249
9497
2961
4562
1648
7043
7501
7793
8505
9046
7521
788
4613
1619
9370
6897
8474
1330
6352
5531
3692
3716
5234
4854
4498
2
9301
9449
7057
247
8162
6307
9744
7475
7221
7744
4518
4723
5538
9375
3769
3059
6516
8382
1030
5886
5280
9505
3568
7984
1388
7261
1700
6622
8467
6198
2977
4120
1999
6386
4367
162
2693
463
7637
9915
4560
8508
990
6450
7883
4759
5861
751
9493
6891
6638
1125
2748
6558
9109
4137
171
7161
7111
8639
9711
88
9111
1711
6475
3479
1873
5520
294
5862
1787
4854
4370
2777
1304
8606
3888
7165
9357
3382
4057
2347
859
6805
8906
9969
942
9077
7130
4406
4068
3194
846
3180
4905
3673
3011
3130
9194
3305
8992
7333
8160
9715
6463
9464
4673
351
2982
382
85
7039
2730
945
3844
7988
7266
1139
7065
748
1897
7486
3942
2743
7018
5199
6417
29
8329
1963
3334
3674
5648
7846
3389
2111
7311
4414
8815
293
4796
8900
3684
7526
6197
7528
5514
9815
5019
8932
564
6916
2770
858
6012
9788
6058
8781
9817
739
744
9503
4413
6392
7350
4154
4856
1013
8568
3671
1306
9717
8923
1342
7243
1473
5222
9110
7640
242
4394
4556
3510
3516
5415
9522
3304
7825
4655
9473
4916
5399
8976
9330
8144
6326
9836
9352
7339
4757
9375
4997
4474
4650
6339
8069
6123
1562
7179
3764
8156
7925
8320
8018
1441
87
7541
1097
4264
2196
570
9181
3948
9547
8511
8444
5873
4699
7796
9565
9456
3523
4562
3930
8173
7254
2000
4297
5168
5531
4413
3324
3457
9085
1342
1250
5525
5235
2348
9789
3784
2918
8970
4084
8817
3833
2528
4691
8533
6676
4256
4341
199
5170
8272
8372
2424
6624
9021
7592
2155
9786
7268
1964
5224
8611
3215
749
198
1915
538
3982
1185
5861
8066
3
9694
6946
1046
4579
3622
1654
8921
173
6824
3545
8546
5601
169
3919
9545
8676
3706
6814
641
8930
1777
208
6031
8327
8475
6569
2310
9660
8782
6728
6015
4829
27
7061
5760
3649
8715
1033
3823
5540
4578
8721
7493
1099
2640
7038
9776
2698
204
6769
7980
8333
3329
4011
6661
1804
6933
5323
7816
5715
8403
3832
544
8430
893
2657
8432
5961
3690
8607
1501
8269
7328
5346
5720
6320
2384
5496
9019
8941
8617
6999
7274
1946
7363
287
102
4296
1962
7919
11
366
8103
6908
5148
5348
9565
3580
1309
3255
2187
9162
7876
5867
4508
3597
8540
3245
5445
7559
2186
4063
910
5812
6009
4625
2452
2464
8921
4414
6735
5285
1132
4838
2193
6281
186
8110
9861
1496
7717
8401
658
5594
4268
5167
9191
2808
4764
4636
6719
6950
5051
3982
9114
7413
8607
1566
9877
7529
2333
6612
2814
3465
1450
1359
9746
7988
9469
9608
5836
3538
8009
6495
9132
8629
8014
4675
1438
9130
5664
4509
6080
715
8491
1546
4480
3451
9465
4357
980
1798
7321
146
1615
5123
7857
1362
3112
3678
7322
8948
7216
1683
1795
6349
6664
6161
7376
4454
5291
3040
8964
7723
108
7455
5622
4588
906
5087
8946
8238
3237
2619
4736
1204
7743
2593
8918
855
2623
6240
6155
9840
4275
4303
2541
940
6816
9917
5394
8460
9310
710
2535
9418
4518
8157
4006
5424
9596
9304
15
9185
1924
1103
390
6019
49
9308
6874
2672
1901
9381
8864
2528
36
7757
9820
6853
7675
1567
5313
3337
2277
7848
9107
6795
2358
9465
8572
8306
8770
4939
7492
7046
6042
4234
3065
6091
3542
6291
5116
1795
2024
3980
4324
2061
1738
4144
5266
5765
5711
6931
5454
4341
1131
4561
1136
3489
4026
6060
1796
9148
999
5640
6194
7042
9874
5611
9485
9768
8254
4601
1564
6631
4934
2240
5044
6672
2736
310
8789
4800
7241
4243
9141
8372
8804
6629
8214
9182
2690
6362
8331
3689
2002
877
731
1876
2841
6569
7996
1095
1170
9560
4078
2456
8152
9122
9128
889
9432
4269
5689
6673
4864
1182
1398
20
7811
9612
9203
501
5974
7534
543
4328
4763
7626
6204
7604
4195
4200
5052
1718
113
9130
4174
8265
8253
9655
5506
7685
3924
7547
711
5141
8729
8461
5161
6541
8073
4364
3394
399
8250
3937
4727
3014
7916
7283
6970
2111
7835
2022
3829
4300
1153
8004
8918
9406
7659
4424
3443
7935
1972
4154
3076
7053
2615
4590
9946
7040
5306
3341
3791
3557
3630
8518
2923
1546
2153
9893
10
6341
1916
3839
641
9421
8195
9559
5179
2206
336
8622
6494
8660
9129
5922
5713
1744
512
5660
5137
5819
5353
8928
9376
5335
3799
8651
3234
5952
4896
3244
2293
3164
3435
9287
2585
1631
8846
7764
189
5534
6387
6683
4194
5516
2606
9908
3612
3118
1920
5101
8937
3625
4030
4665
8960
4181
9668
2194
133
4565
5438
8779
7729
8874
8066
6667
6857
3264
783
7046
8799
3522
82
9345
5390
2688
5605
9003
5806
7525
4104
1096
7502
4486
2113
6463
8667
1782
5009
5153
2699
6800
284
428
2026
4702
3447
5235
4318
4231
2281
9469
7753
2363
8815
3144
1403
4420
8499
7210
8298
8955
4658
5800
9794
6771
8615
4813
4905
9977
9966
7604
6777
6602
4385
5155
1304
7832
390
5623
8415
9023
5092
2521
1387
259
5665
9142
4680
516
2704
9330
5823
7362
1482
5617
486
6450
431
5391
6427
6749
9348
9556
3352
3733
4711
1008
1565
5101
6631
6333
4124
8076
8854
1863
8335
871
1006
9367
1387
62
8697
3562
7425
6532
9180
4263
2982
5963
9654
9409
9064
9002
8965
8768
9087
28
9777
7005
1481
2760
3338
1957
7188
2192
173
1876
3063
7531
1243
4450
7593
6293
4364
5018
2825
3544
9281
5807
5859
5288
1568
1276
642
6885
44
9730
6913
6173
6735
4746
5286
73
6703
2474
8617
6876
4350
1680
4407
1946
2482
2001
8239
6846
3371
1064
6743
9005
3223
8954
645
1143
230
1287
8028
6627
7369
1293
2800
4104
6039
8086
529
9094
6913
9146
5971
1263
7178
6730
3209
9660
5083
1448
2859
8455
8864
9602
3812
8439
4908
4457
5934
5139
5744
3962
1766
3114
1607
918
3570
3998
9005
452
3093
5918
5950
9064
3533
9481
2146
6743
9141
7230
4543
8352
2037
9760
4306
5849
4551
9215
306
486
4354
2402
800
2472
1868
2408
3390
1791
6406
2395
2243
9499
4665
4545
4915
8199
4026
7062
1294
9520
644
5837
7872
2681
1949
8531
8530
6501
7746
5188
3339
8452
7590
4139
924
9459
6547
4314
7602
9306
3062
6197
5157
4079
742
6425
2278
1121
9839
9924
641
483
2114
4865
9516
4063
3396
8046
6916
7494
9586
255
5946
7176
747
6870
2987
7294
7537
589
2952
6951
6786
4462
1030
3881
887
9661
5002
7078
5937
1995
3913
8051
3212
3429
8467
2961
7827
5383
455
7413
1991
6402
4589
2738
9624
3929
6384
3513
870
9337
6816
4009
151
7847
7890
7390
3860
9244
4468
9797
7591
8381
7849
803
8162
2668
3764
5989
8051
572
3402
42
6974
4343
9132
2950
8272
5517
2816
5495
1206
9632
9504
1357
3831
3746
5099
7691
2990
9567
3841
581
4300
8042
7736
2462
710
7853
8451
5113
8425
1853
5156
1751
2548
640
4701
821
6157
3869
6316
3715
3502
2172
1424
7333
5918
6523
1377
8908
6090
5218
5841
390
9612
9929
9204
322
7782
7655
5435
6207
5860
6943
7958
8409
3936
9012
5582
93
2881
8250
161
2735
422
1585
6421
6340
8109
7798
1600
4199
9368
3793
942
5332
3722
6498
5654
1505
4154
7441
7712
6366
737
2023
4775
4673
7387
6709
1118
6620
4959
1279
9356
5381
2865
5777
8073
974
9927
9673
1525
5647
3466
8819
979
7189
5318
2985
8694
5824
6778
2758
2190
7515
1133
3318
8540
8520
6379
6011
5141
1339
7290
849
3072
6507
6626
1146
3833
2905
819
1711
4904
638
530
5883
7827
2200
5220
2873
4376
1998
1983
2919
5866
3117
2589
4406
1637
8968
417
6778
307
4060
3979
9732
567
6957
878
753
9862
8049
2464
4766
8687
9346
7001
6514
1547
2221
5739
2275
4220
7723
5194
86
840
7783
844
8829
6752
7614
1960
3411
1674
5939
3143
8593
2897
4021
9346
2759
8423
8162
3878
7110
7509
7231
9977
5408
9453
5716
7683
3673
9791
9230
111
6983
7013
955
5813
117
4921
7773
3529
6595
3712
3024
1541
2961
3398
887
5721
1821
5402
5951
8931
2911
3182
5260
4671
8987
7329
8706
2660
7120
7936
9123
4104
1302
6431
9917
1419
1352
4042
1300
4300
7754
677
5841
716
4075
3080
2789
5896
8482
5092
1179
7745
4626
2792
8768
3614
121
7475
2626
7241
1763
1750
1345
9417
4533
7614
837
5885
1656
8489
6537
5763
9166
2378
2831
3241
5459
1972
5489
293
7064
3021
8039
8042
5813
3159
1656
5934
634
4283
9527
8750
2385
7225
8167
3270
4839
5356
5507
2848
198
2045
8611
9364
4423
7794
8958
6234
9766
799
6528
3182
172
919
1224
5985
4078
9233
8271
1065
3516
4151
6167
2253
1376
686
5523
6215
6043
1030
9063
2593
3075
4026
1957
3851
1820
7267
6437
7938
8067
9317
1120
4591
236
2345
6929
667
1578
5200
8084
1446
9351
603
51
7079
1289
5574
3295
3684
2956
8710
6277
2384
9089
8235
6235
909
1854
2672
5200
6273
1990
6320
865
8578
5017
7794
5597
2947
9346
33
745
5050
636
796
2129
1926
2722
1776
1962
5679
487
8240
8063
5928
2827
650
6837
4681
3322
2037
7307
1664
4710
8172
243
9727
2318
2192
9027
8016
2226
9772
3066
9214
6921
1548
1140
9643
3324
9455
5322
163
7695
9737
6091
522
387
9281
1555
62
7670
8862
1726
2380
3386
8321
8460
5704
6866
3839
3721
9092
3611
3139
4658
532
4687
2151
6528
8012
1606
8202
4527
9301
7940
619
9823
4679
9900
7730
4741
7570
6593
2820
6303
9979
7493
1115
5684
4359
4954
5757
9803
8565
8896
4462
5450
3584
6613
1978
7948
4571
6532
2475
3872
4472
9446
47
5504
9346
7777
6597
3269
4370
5769
9572
4350
3263
687
6386
3974
5641
8495
3778
558
7391
4592
2360
7327
7557
690
1627
2128
7223
4103
6000
8047
9901
2399
3551
9248
176
149
8869
899
5918
8441
1601
5533
5480
7987
9508
7473
6482
9638
4383
225
582
6744
3905
8139
7434
5532
6619
1009
5987
2619
9057
5889
1370
2608
1489
1546
9109
358
2445
1380
5151
4046
3265
631
8385
2773
4456
1219
8763
8839
7797
9345
1935
1702
7484
5722
3586
4103
6731
9574
3074
2140
5463
4444
1101
3304
2343
210
3662
1140
7942
8813
1539
1208
5796
6276
333
252
7496
5449
5443
1645
4794
3731
3347
8631
5805
6933
9086
2536
2859
2161
1029
4674
2957
2130
7978
1652
2340
1640
2793
6635
6805
684
4195
2601
6960
880
2853
808
6329
4649
2453
1124
4732
2152
9755
537
5438
8841
9425
8297
7354
454
2972
6664
2584
7302
8316
1277
8943
7461
7912
5748
8145
8459
4702
1458
9339
3907
2266
5669
8556
1072
6793
3288
9576
2900
177
5014
8093
9603
3312
5448
57
2636
2112
2642
9938
6780
3919
5233
4242
1831
7334
8739
290
2036
197
5981
2295
8816
1650
852
6240
4795
492
5816
7695
670
831
5789
273
495
7589
6682
9483
6053
9324
5773
2833
3243
7359
3427
1426
1045
8519
8068
3081
5068
4050
1728
3884
2052
2580
6476
6848
9425
2293
895
6447
9476
6684
3072
9971
625
9754
9454
6678
9079
1579
5864
8674
8938
5643
6453
9983
4162
873
9416
9231
1275
1145
9467
3328
77
5944
176
5854
4589
1071
2301
4065
4108
1725
4036
1085
1480
9842
7764
6911
7773
9980
1937
6712
5623
8390
3047
6138
5616
8816
1721
6891
9961
7540
219
6390
3484
6747
2245
4425
4171
898
8490
8279
2624
8878
5716
456
5072
9832
3719
2846
9812
5656
5910
1788
399
8957
4278
6015
7773
5999
2906
4086
3539
9478
6829
3376
6225
5426
7801
396
6324
2644
5027
5300
1522
744
2108
6595
576
5827
9441
6741
1484
5351
4881
1883
660
9159
4250
4786
5158
7156
5224
5049
6634
2053
8425
9212
3831
2579
5960
6508
5223
988
1808
6745
8084
269
3340
5012
6096
9133
1753
3932
836
6634
5815
7849
5793
6417
2635
7303
9926
4211
2353
6560
6265
7130
2124
96
9709
8085
2956
4932
9073
4765
8030
3509
1386
7722
8521
7482
6856
275
1415
4044
3261
3582
1893
9055
0
880
2710
9926
5092
5063
2838
7709
2194
1315
4157
8255
9400
7114
3188
4825
8231
1218
8334
9617
8940
3207
3451
2148
3482
1218
2545
6744
4801
4438
2151
1153
1671
4861
7431
6763
6277
6621
824
4823
7936
4981
3078
3688
2095
6266
4865
6678
3836
9551
2647
9129
2759
6099
7629
2593
7317
174
5689
8470
965
7840
5975
2636
9054
3406
5751
1683
6380
6575
6506
668
1556
9584
709
4
2203
5574
3034
2391
5126
5682
1520
4237
1781
5502
6830
5450
5676
2520
3921
6641
6712
9896
5629
5766
9655
1380
3801
6035
7955
307
6703
5864
6244
7412
2220
8447
9339
5254
838
4465
936
8711
8702
9069
4213
1884
4520
6241
4404
4793
9235
1117
4689
4864
3235
4344
6245
7037
6731
552
7344
3435
2768
3588
7199
4988
8387
2890
6595
5578
3707
3883
641
8761
2953
1206
646
3825
7447
5050
8618
6682
6167
9659
1547
9403
4004
4144
2792
735
1048
136
522
3817
77
4074
5157
4816
6964
1752
6746
7024
5636
7387
5785
4941
8593
6431
8766
2393
7834
3736
9075
353
3395
6974
6108
7399
1118
8900
4487
8519
9037
1361
2336
5466
1787
7493
6634
5104
9246
3381
2128
1234
768
4265
6175
5714
697
4941
8107
8531
8677
3534
8884
2072
509
4993
5824
7979
245
6663
6498
5634
4376
5186
1100
6164
2680
4087
7620
8278
7468
6100
9512
4588
365
5687
302
1062
6980
4761
5945
5657
8296
1182
4081
5157
2527
6257
9488
2772
9272
5987
8407
3649
7525
5859
6165
6557
9946
137
4835
3766
6237
699
8355
6602
6386
5009
4017
9718
6123
6314
1727
4419
7496
2161
5928
6375
8418
5416
5500
7691
7755
3907
7692
5281
6118
209
1838
2417
346
3026
2535
6583
3725
890
9537
6464
2252
9906
6182
8375
6221
4262
9146
69
6423
5074
6445
4841
6842
1945
8884
950
2204
2928
2583
4674
3137
773
3443
9835
3799
5979
2770
3877
6869
2308
6693
9121
2214
9227
7496
4787
3489
6642
4857
9912
8068
1302
1106
1263
3247
6342
2213
1803
5623
4796
6477
8760
5569
9921
8596
5721
5900
1366
5950
9121
26
2643
4595
8593
1870
8443
3380
1712
1438
8237
7976
9506
5891
9082
769
5490
1777
9334
7293
7400
482
123
2512
2404
44
7460
8125
2296
5179
427
1417
1557
3070
2364
150
1292
808
3531
3004
2246
8120
981
1752
4012
6415
8874
9502
4544
4560
6796
8296
5043
6919
809
7447
3315
4621
1924
1963
9800
2351
3380
1358
1773
2097
7860
3065
2905
7743
2422
5151
5864
9755
3255
9876
2522
2129
5730
7067
3042
8878
5363
8085
2149
2524
1884
5464
7146
3808
7427
3298
6159
7160
1008
7932
9257
8869
7349
2162
6612
9771
3665
8828
5878
6920
8704
8401
5402
4435
5468
8444
3313
7183
2881
5463
9708
4765
7279
3206
8573
1059
2856
1084
4571
3865
5368
180
9086
2717
8694
2050
8841
2359
879
4719
9279
9583
9472
1033
370
4940
9477
36
8476
2358
1851
4536
7123
5482
7742
2048
6541
598
3132
7464
815
8500
7644
9901
7570
6338
1952
2763
5049
2831
3834
681
8766
3307
1714
5489
4599
7544
5525
3075
6254
7376
7611
9730
2858
1705
1778
5752
8656
1263
3216
5823
9763
7213
5725
3685
9903
4029
6448
1305
3212
283
1986
1978
9942
52
7467
4541
7596
9344
3969
203
3072
7932
9933
2283
9638
8063
8035
4646
9326
7603
469
5442
1168
2546
9127
1072
6575
1928
8729
6139
8563
715
4470
8505
7119
8289
3046
4716
7634
7015
1271
706
4948
1204
2989
938
5619
7376
5584
4946
1332
2405
388
2500
4952
5867
9924
7879
4147
8653
4019
2710
5720
4841
1215
2840
3130
4262
3908
764
7629
5179
7823
8929
2735
812
9867
8354
8189
1803
9652
5873
4209
40
8373
5513
2260
4650
3392
6407
3303
3763
5470
9024
8604
6685
8216
1735
7299
2124
8851
1281
7303
6674
210
6390
3839
78
4744
2028
1881
4397
7901
6090
789
2626
1603
9401
7276
1348
2161
6932
1463
7631
2308
68
4316
524
8155
7968
2648
3358
9249
6303
33
9459
9045
3872
5889
3789
2252
7771
4538
6505
213
1680
5483
8169
1081
2760
5869
3242
6044
7332
7225
8352
3752
7894
8876
1907
5862
7876
1618
5111
531
1651
922
9576
1875
6812
9717
479
935
608
6984
1148
2288
2467
5669
3369
1579
1538
2964
7623
8871
189
5975
2623
8083
1203
883
297
5431
2501
1760
2314
504
2683
1890
2379
5847
7960
2858
6782
8568
6194
7930
856
5013
9952
577
6593
1490
3541
4216
361
83
6544
9337
4518
4099
220
4816
9531
9073
6576
8197
9577
5611
88
1956
1458
4400
1166
8240
2968
7360
2523
176
2373
2475
753
5318
3965
647
5887
679
7082
2431
16
1600
2882
6588
2768
8765
5661
5697
6963
5238
1308
3403
3546
2767
7803
1064
7359
7123
8424
6234
7299
7149
8709
4404
2468
9027
5051
8355
9706
2133
7138
6074
86
6372
9014
2854
5138
1027
8551
8453
2617
6212
1856
6163
5331
6011
3579
2690
3134
8355
8925
6785
5504
3986
1189
4324
3013
2593
9031
9071
1078
2521
1497
1164
8894
511
371
384
1538
5274
8837
507
1486
7045
6670
6817
3056
6601
5860
6190
4956
1137
2975
6813
5123
516
1137
8137
3109
6521
7208
4188
9042
5058
1704
4288
5569
2075
1024
3460
3702
9861
3967
5188
6906
6990
8358
6314
3591
570
2504
4900
1707
1831
1713
6830
2348
2850
4967
1809
5723
8528
5997
1118
3586
4054
1758
5507
2481
2783
5319
6183
8996
9287
7724
5903
2629
2434
8569
2572
3004
1074
7472
4711
9257
9185
1541
7957
8388
2861
9767
4111
1389
2116
1581
1327
2522
3340
3186
5004
6123
8506
1187
5119
4145
8911
7374
6774
1345
5944
9346
4349
3370
3171
9060
2627
2356
6954
6937
744
9815
3056
1208
7556
1524
2789
5235
4047
6129
8421
9051
2252
3279
238
3724
3776
5502
7450
550
3199
3394
6249
3901
6764
9420
9313
5744
8128
6267
9033
8873
2434
2089
6433
9990
3613
9222
1577
4012
1704
9999
3063
308
9630
9654
4032
3407
5156
1483
309
4707
1229
2910
8608
4346
2330
7922
90
6811
4189
5475
5684
6624
7564
8469
2966
7529
7691
4544
1542
5747
895
957
6056
6877
611
6440
284
2119
7923
6946
6827
5505
9856
5435
9851
8539
9709
6293
5350
251
1768
7386
3227
9332
5855
6193
3213
9898
7089
1107
5646
7984
2065
8054
4862
2676
4494
1498
1148
2418
8444
7975
4275
8301
9762
4126
3192
5824
419
8542
6075
2187
5928
9302
7871
8135
1847
1084
4385
8937
8544
31
3273
609
8085
8135
9637
2580
5986
785
1350
782
5112
5625
5435
1227
9751
8627
7051
6522
3521
3126
8709
9449
2428
6580
3936
627
4016
8322
9564
2560
4705
2838
9521
2791
7325
9159
1723
3311
6296
9425
446
1409
1402
5881
2636
7505
4509
9687
4027
8030
9165
9088
3832
7945
2020
7768
8572
6036
2442
8137
4949
7148
7327
822
6291
4652
9981
4366
4316
6278
3791
4762
4039
1545
643
3027
9050
1504
9066
9429
9535
8231
8517
9719
2528
537
3839
1100
2925
6282
5589
4226
9782
2916
5049
6073
3921
5030
6791
4589
7660
6934
9351
8051
8479
6346
1078
7529
7851
144
6958
3738
4727
5475
9809
7255
2364
3648
4708
5289
6282
297
9516
6064
9566
4565
8489
3487
5947
5280
4428
9960
2214
3779
8011
693
6477
5442
4574
680
1938
7884
770
6666
9711
579
273
2075
4228
4981
7365
510
5279
3233
2927
1197
4150
7768
1036
97
3049
5464
6409
1615
5595
4421
8661
2072
6215
9587
9105
8153
7472
9875
4819
7183
455
5093
9259
1035
74
2976
7897
1705
6209
7176
2902
359
4945
3938
6808
4346
5754
3218
5961
1349
3991
974
3422
206
562
2527
8359
8034
8754
9531
1569
5561
4624
828
6596
1050
156
846
9108
6365
8022
8362
3076
9319
8653
9885
3665
4407
9455
9627
5757
3446
6953
5531
3652
7515
8058
8363
1901
3164
7894
3471
8726
8870
651
1674
9921
808
2520
5381
3525
6895
3743
6602
6214
8748
2839
9880
3156
2294
5859
8913
2092
2812
4444
5744
6680
8854
459
8581
2018
8354
2052
744
7224
2704
2419
3497
3512
1291
8878
7037
4538
8974
9991
753
7722
2830
6985
878
1476
2844
6143
3568
2008
6939
5664
8688
2145
6124
3622
4164
830
5674
1260
4406
8378
31
7904
8242
7675
3134
1632
2213
2108
1623
2966
6183
806
6303
3413
8634
5499
9557
2203
7508
2848
4219
2548
4994
6695
6170
5510
7525
8197
3122
1932
2927
9506
6188
1170
7181
9322
9154
9394
7783
777
8713
3966
7935
5016
3731
6570
516
9640
5125
4376
2489
5696
3276
3835
2392
5799
9345
9917
3996
8819
8201
6923
8325
4389
8093
5506
64
7247
1253
4199
4377
9966
8165
8664
1334
8248
1586
8202
7889
3063
8930
378
8760
2207
4213
7504
8006
9910
3773
2002
5081
1975
5277
3407
2716
9723
5265
9132
6970
6518
3331
7699
2836
7848
2716
4171
6097
654
8725
3986
3718
7656
716
8830
6215
1281
6334
4221
7543
107
2575
2624
8434
4204
6031
7503
3927
1297
6635
7250
4167
6319
4949
7004
4167
4017
1175
6616
4672
6252
602
4742
3908
1318
3572
123
8951
9906
696
6494
6365
9623
9119
4800
3828
1502
2303
4107
9151
5290
1357
3319
1609
2659
323
5777
6676
7850
2393
7700
4102
9348
2442
4363
7018
2366
838
5970
8624
7887
2464
4990
7510
7935
6142
7690
9438
4797
1798
4941
87
3155
8260
8049
5814
4935
178
8843
2785
8923
6543
3240
8271
5338
3955
1642
7704
4793
7612
6329
2680
6428
1319
6543
716
3813
585
154
8610
2383
5095
5049
1891
9708
3098
4057
4643
3276
2900
3781
8552
5796
3373
6823
1134
7328
8465
8838
8473
2429
1519
7506
5210
2838
4049
5926
6651
4634
2432
1613
3370
3879
6663
5261
3587
6113
9318
4583
5742
8571
8364
4294
719
8089
7469
1853
1769
2287
7043
242
4716
8563
7748
6278
7753
8149
2204
757
9136
4636
2370
2506
8516
5385
7767
8455
7851
3437
3038
3593
8360
7754
4239
9079
5843
1708
7284
3964
3995
4328
559
5064
9243
4659
1342
6996
2809
9899
7753
1945
4535
6476
4451
9403
8213
8570
4211
2416
8359
7249
6009
3072
1356
248
2151
7199
8309
5788
7516
2304
116
8075
3720
5711
2734
5063
2707
5543
4962
6813
3840
5849
9641
4643
1605
4206
3213
5816
6623
7925
3065
8984
997
4421
5585
9500
7973
3894
5288
5489
2550
1756
9916
6271
7467
2650
1334
6527
4546
2648
9692
8386
4849
9333
3030
6454
9891
2595
2270
6514
6872
1688
5499
7869
2461
1084
3722
6786
1330
9010
8627
3880
767
8543
151
4586
7546
7837
1113
2092
485
805
478
1687
6490
9860
8141
6382
8808
6764
9248
5680
4804
4747
9902
7265
2183
3624
404
3513
8986
9031
7394
6105
3927
3897
692
1473
1735
1805
3565
8572
8963
395
259
5453
6608
8401
8187
5416
1517
7436
7448
6321
2183
3702
9938
719
3678
342
4232
2665
5726
7978
5122
9653
1876
5814
7478
3611
3972
7395
2183
2935
7790
8795
4740
750
7196
2928
2518
8713
364
9967
1386
8899
3669
1324
5970
3700
8019
203
6365
3745
4533
1487
9750
6409
3654
7228
6372
7626
4623
4908
6913
8765
3703
1653
5868
7251
933
8386
2316
1297
8353
3702
6549
8375
5026
2519
2075
3045
9074
4792
3142
3608
2631
2892
6369
6285
6472
9094
263
7447
4002
7176
2565
4057
8830
8433
1308
9763
6819
3624
7413
1525
7326
314
9900
8704
2833
8327
8102
8260
3119
1244
8220
5750
4137
941
8388
6961
35
8651
4409
389
5828
6974
4446
1010
5407
5754
7125
8578
9378
4538
103
3056
1204
6355
1761
390
4682
9863
8650
4153
7459
3222
6256
7948
4163
4644
4910
4199
3295
9319
4588
5475
6293
5387
2837
8052
1141
9963
2982
6872
853
3086
9928
2058
5793
1689
2448
6828
7904
1098
981
5364
672
7237
3312
4835
8233
8222
5386
7881
3893
6327
3356
6538
1714
2546
4590
2855
2509
3925
9727
3362
3363
6008
5420
9156
7697
4220
5984
1954
1670
3318
7318
2342
6907
630
7178
5141
5205
8916
3022
9098
5243
2730
1989
6957
5276
2931
6165
7785
6856
2244
7500
219
8252
9272
9376
2302
3493
1712
4256
1515
5030
1574
3858
1938
8556
7388
7079
113
6304
6453
5564
1548
9183
7553
4857
812
484
7374
4949
7341
9619
8801
3912
4223
8074
3288
6525
7919
1353
7133
9434
6383
8707
9644
4673
3616
7032
8104
81
9689
4557
5645
7589
93
3198
2446
7257
35
6173
2206
3728
2144
1008
7640
6367
5434
7281
9245
9705
8634
6378
5491
1369
5086
5136
6043
5054
8520
4147
5135
4561
5057
7133
2150
1502
6683
949
8759
6718
7122
7317
446
9266
4677
4439
1985
6463
1720
1230
6168
6706
7609
1660
8075
9047
3148
4118
4101
8020
4618
5588
2582
6027
2721
4732
7529
9405
5681
2640
2475
9155
9957
9274
8421
4635
3713
407
1098
1785
7989
3619
8491
5598
1631
6566
997
4779
7037
1450
2799
8007
7039
5381
4034
6112
6466
7915
1869
2147
555
4345
7655
512
9971
2428
1499
3684
9187
8950
1821
7177
8921
312
2775
552
3230
3773
5331
6619
5223
4482
4626
8614
9864
5012
4727
2682
2927
2948
4829
3482
7293
8836
347
7264
1265
8198
7300
452
3500
9121
7629
2421
5785
6757
2973
5368
6882
4656
1987
8457
9139
6614
7072
5355
1626
8151
8037
906
1099
9218
4388
4745
4407
4735
8361
5672
9286
2014
6124
2786
7487
3754
1560
3273
511
4533
8641
3745
5542
6980
2202
1033
9946
5626
2740
7925
3777
7129
8831
1229
2699
3219
2326
7106
4307
687
2778
9945
2701
8903
2731
189
9009
4291
9814
5872
5177
4807
9617
719
1787
1819
8104
8086
7446
844
6011
7575
7973
4842
5156
672
4413
7482
7779
5072
4522
557
5017
7223
5812
4101
3764
4821
4744
9930
693
9921
4737
6662
6992
2877
8482
5096
963
2280
2292
3326
6207
265
8168
1364
7290
8933
5198
5069
4006
9720
1978
5375
3296
7791
5828
7060
8964
573
6991
9658
494
8080
6320
3839
7309
1154
5287
8272
9786
7580
7950
5994
4197
6118
3710
1487
1404
8908
6556
1762
4981
4887
7137
8277
2678
9318
5337
1642
9891
8680
7652
6737
3113
325
576
422
7831
2216
5047
3970
6148
2997
9964
345
5468
26
1833
6872
5286
4741
4986
267
5980
8475
8544
8658
7793
234
6653
7684
5266
657
4422
4731
7334
1350
1506
5166
3566
6553
9136
6066
5902
5452
6412
7722
1830
4597
4594
7116
5690
5932
3736
1671
4408
2280
6681
2201
8866
9686
6238
4133
344
660
5216
4030
8362
6722
5548
8281
3275
1036
4347
5530
2840
759
3252
4670
1708
4199
8139
7399
131
1875
9070
4539
507
5751
3093
9374
5438
9331
9859
2134
6343
5075
6164
1057
1798
8065
9338
1425
9101
3686
6955
1942
797
6560
6612
2506
759
1103
6257
890
2978
1679
1782
3486
7430
1227
9212
9220
6910
5423
7706
9605
498
223
662
8648
8288
1
74
7389
39
3381
9331
7188
9941
2296
6046
700
3399
2303
7943
2730
3982
6077
2568
7765
3656
1780
3337
566
7203
1044
171
4053
7619
7185
2702
5907
7186
9128
9648
3577
8861
8980
766
8803
7628
6812
5855
1027
5468
150
3757
9450
2579
2677
3567
6235
4457
6905
6801
8012
4301
3324
2066
8272
510
1120
4179
4048
6600
3827
7626
5461
9159
4744
616
6787
1556
6472
4167
7024
2974
4276
2827
5554
6954
2746
1789
7763
6003
4943
5776
304
8267
4194
8576
8777
5314
9107
9178
8266
9287
6804
3727
8446
1548
4344
1586
9456
7168
5753
2833
142
6381
2012
2048
3335
4758
190
7451
762
5133
3227
7418
3400
3773
2347
8530
9087
1454
7708
3705
7093
864
7432
5540
8764
8128
3478
8220
5296
9231
7405
1791
1964
9417
191
1652
4176
381
9103
1290
5514
8682
8708
8915
2455
7407
3797
7894
5214
7857
1599
2307
8721
9031
7847
7485
7160
1325
2057
8808
6908
9463
6951
5225
5232
7143
6877
5760
7524
2332
7050
3039
1014
2111
8306
3469
9518
2103
7715
4732
6312
9314
7040
5033
4697
1239
8870
8209
8917
7279
3370
5825
3094
321
7402
8327
7464
4279
439
4989
2963
7490
8028
3977
9601
6334
3798
5471
4789
1513
204
1101
7179
3596
2486
8229
4835
7708
6438
104
1339
9808
5930
4434
130
9684
9113
7594
3964
9552
8935
6927
3394
6963
7257
9347
9649
7407
4819
790
8921
1375
8243
2452
1323
7081
681
2510
4789
3472
2615
2481
9632
4897
6915
9762
4581
2380
3709
4897
1932
2644
8177
1679
5960
5434
1026
1961
2841
2197
2752
8114
3572
7347
6919
1247
4429
7600
3758
5570
7424
6373
8051
7057
1270
1318
3171
5851
3698
3232
7101
1983
5877
5278
14
8189
7064
1040
6502
6257
3238
5606
724
3162
2954
7643
4410
3735
1595
8168
5657
9020
4541
61
2429
2163
1379
5600
4366
1430
8833
1467
9765
1062
3097
9779
9251
161
819
2105
2771
409
7712
3495
3572
666
1138
4334
753
9085
2502
6410
8105
3395
6471
534
1910
4203
2487
6276
1985
1320
4096
1750
2382
7193
7881
7985
3707
5052
90
6478
5462
4154
6325
5386
1172
3815
9720
1925
2900
2222
4688
7358
1969
1159
4244
3879
1714
6731
155
3699
8051
603
5449
6785
4149
3330
1122
7856
8383
7565
686
197
1719
3363
5583
2892
7178
5303
4817
6430
3877
9505
3788
5846
7017
8033
9725
8731
1116
6232
2431
9168
3188
4232
2305
7337
3915
3428
1545
8650
993
8583
8847
2712
1946
782
1956
5476
2437
6774
1906
6314
2631
5695
8512
6000
80
8237
4732
1196
821
3515
6716
4009
4099
9022
7698
8014
8802
9243
3016
6147
7826
8215
5211
6124
8997
7168
1600
7786
294
3507
4100
2925
5554
2612
8926
5634
7201
10
3182
4375
9877
9899
4736
3976
5273
2435
8343
427
8030
1359
6574
2209
5927
1785
8333
1276
8953
6286
9063
9247
6145
3163
8525
1699
2128
3803
3685
9329
3813
3219
56
3690
9470
4793
4018
4743
7228
2361
1522
1610
73
8096
3819
6000
9882
8505
7276
5187
1143
6339
787
7288
5855
9312
5339
7983
3115
5376
3664
3280
8595
3721
3322
8066
4866
7340
9161
8446
9702
684
56
9775
5132
228
5775
1366
8733
9403
6554
6228
2095
3693
3516
4302
3005
8855
2285
2472
4231
2301
5752
9178
2374
9074
7244
3592
6414
2758
2038
2468
9794
2095
2243
4926
8675
4370
2645
3760
126
5551
9988
2221
9244
3504
6523
8601
8711
5160
1073
9294
3813
3177
4824
2540
8603
8421
6132
1369
1179
8171
190
7325
6618
8785
8603
5293
9508
1248
9053
9634
6799
5393
8207
2395
5249
1082
996
3960
2594
8421
9606
6407
7950
4430
5299
2905
2851
1432
4275
382
5955
4465
7707
2573
9602
6311
4218
9110
3911
9623
8744
7063
5016
6951
9458
6617
4385
6807
6929
6979
5228
6535
9739
9531
7317
5038
2436
6521
2822
3063
6903
8777
3880
963
7702
3483
3626
1920
2593
7537
7895
7690
4600
9263
993
411
5880
5379
7218
2809
2358
8798
5696
8449
8329
3014
3488
7118
9535
6310
6533
2790
5088
414
105
9142
249
3731
7415
9194
1269
5310
6884
2221
4574
7878
2632
6806
9609
9850
5968
8319
8649
1664
6769
3330
1030
257
6800
6917
2919
3334
9708
4359
100
9813
3502
349
9897
917
5895
7518
2579
9132
9739
3505
3362
2372
312
2971
8574
6280
1290
3575
4296
4411
6906
5327
1020
3706
2244
3940
3392
8304
8299
3492
4470
8153
193
4367
9070
6089
8237
1650
5221
7976
5155
8583
6700
1819
7906
5275
4451
5548
8850
8748
9960
2108
4075
980
2167
2671
4920
5559
7328
9572
9052
8150
7725
5597
2517
3148
8038
754
1150
3259
5082
2657
8194
1783
4477
6100
7058
5280
1649
2260
4028
1609
4369
4455
8941
2888
3479
214
8447
807
6138
3851
8957
215
5801
7826
3363
3839
4932
865
7099
14
3523
1645
8149
4352
4098
1559
9632
5747
172
13
3708
893
4468
9001
3781
7947
9215
2228
5106
5353
2432
415
5569
8233
8241
5284
2072
9525
6150
5523
5892
6025
3521
4041
6729
7619
5601
6361
3366
5773
6374
3426
6666
7195
2427
6799
1494
7995
5379
6601
3348
7811
7016
5269
2396
1610
554
821
1135
3056
2696
7027
9081
6217
1069
5810
3836
3022
8523
7202
5147
1250
6980
8165
8445
5760
4964
6291
3755
6695
9244
7103
4507
6261
2373
3255
4223
9279
4076
5358
2335
6773
8738
7768
2990
6159
3578
3179
9181
8453
381
680
9703
3714
5197
4500
9474
6513
792
3229
3208
36
6684
4067
2649
5409
7323
6872
4688
7751
8583
3375
876
7321
1143
219
3480
1073
3398
9013
9527
131
6045
9230
3845
1242
83
9671
4107
875
9252
7315
7263
5937
1383
6265
7698
5058
9489
8739
2809
8072
2114
38
1745
9610
257
1577
683
3655
6942
6562
138
2987
2145
3984
581
2228
7
4688
9455
9260
8356
6718
1549
9739
9335
9247
1149
8825
4338
310
6897
2805
348
4995
2415
605
6572
9450
612
3515
6013
751
2854
8158
1087
9788
6738
1094
828
6193
354
9184
9263
8255
5275
8599
7503
6424
7424
8193
6735
673
998
7083
5668
9765
4041
8593
9216
1005
8460
1581
1756
7666
6091
9195
7454
2829
290
8283
5374
6996
3819
4637
5252
9095
9588
9107
5519
3364
7300
8606
4038
8299
5690
6058
8064
6083
1003
3632
7088
5815
1565
5197
3482
7656
4392
7288
6837
4682
1923
2211
8031
5743
3201
3283
4838
2789
2390
6709
2506
6042
5316
6544
693
7358
8954
8758
3441
9958
8742
6881
5773
6660
2078
5607
4316
2823
2896
7506
3857
4819
6069
1888
6914
9270
1523
8104
8412
3913
4814
918
6308
6482
3814
7001
3840
2768
2111
3633
9078
854
6866
1204
7514
5297
6811
8182
8120
6059
2040
1977
7231
8110
3866
4145
3732
5389
8602
2144
5655
9768
9414
1963
6250
9580
5316
6442
2349
7428
6427
7779
4634
3293
5335
8500
8590
8499
3034
3062
4558
5075
5040
8141
3185
5258
8639
6917
647
7241
5414
2654
7009
1180
969
9611
761
6286
2405
9462
3714
5184
3593
4700
4829
8929
3200
3420
7428
6234
2834
8338
1309
7874
6480
846
3132
5119
4116
132
8712
9530
9138
2073
710
108
8036
7823
2746
441
7285
2812
1977
879
7512
6806
9808
7064
6578
3588
3298
9413
1926
960
7287
4758
1806
6772
6229
2274
3256
4941
1804
2394
3366
8867
8854
1402
6690
7952
8195
328
764
172
1207
4628
3331
7367
1692
9909
955
4991
9322
9233
2303
2962
3992
461
6086
6573
2736
9342
7867
892
8088
1233
6111
3295
8988
9154
1247
3535
9482
8364
60
7041
2992
3391
4408
4685
3300
1715
6028
8975
7300
4683
1937
7644
5144
8023
4218
4232
3717
2085
1477
8157
9670
7588
1452
5010
6742
9052
8546
6224
3768
4958
9617
6760
8349
4025
7797
8001
2092
177
6976
5745
4860
5265
3389
6357
9640
7607
589
3357
6044
2066
1515
5715
6007
9319
725
2749
4723
5623
5326
8491
581
4943
1604
5282
5321
9401
9636
3765
9579
2964
9510
791
8230
2900
7148
7870
6859
4090
7580
2904
2508
5447
4971
8515
1118
2048
7617
2194
7672
2943
685
4605
4238
8641
9888
5911
4395
5876
9677
326
8840
5539
1117
3422
8439
4618
1293
1651
5060
5225
907
7568
672
5878
2436
1790
7926
53
3984
5598
9348
1022
6556
9938
6015
6444
5850
410
8672
1879
7088
7512
7418
8206
935
2210
9176
8580
3861
4236
3805
4768
1804
4477
646
592
2619
4924
645
2956
6875
6345
3978
3431
6284
6345
9875
8486
6756
8547
365
3844
2411
7783
8402
3346
6345
3930
8278
206
8166
2083
1326
6323
2912
1972
6915
5532
3249
3913
8488
124
258
8818
3555
2894
1515
9782
1380
8271
4681
8097
8468
7092
5881
3222
6791
2226
7153
5069
8785
1671
3505
111
4346
6417
8436
1262
1949
1685
1527
6789
8161
1785
1959
1716
1032
3475
7850
8764
8098
2531
6862
2918
5975
9095
6141
9118
7673
9646
540
6458
7669
4045
2922
2016
462
1358
9630
8764
9395
1157
5553
7556
9294
7513
5624
326
7340
3474
9091
5438
6005
5953
8357
8332
5048
850
7451
2721
6848
7991
5532
869
2036
8454
2885
8850
9812
2515
7614
5559
3672
3168
3115
2967
7033
8739
9645
725
8565
8736
6163
4570
1041
872
9254
2441
8074
3057
5163
4922
1048
7047
2144
9436
5501
5029
4639
1665
3897
2253
7224
3921
1773
6691
3240
5158
5430
2886
5883
3995
7974
8399
4917
5368
9271
523
7809
3698
3581
2972
4972
4629
6371
7116
418
1872
2146
5057
3537
2395
3662
761
2668
5436
3804
5909
6946
9234
5147
2830
9581
3121
7581
850
8489
6852
1374
2651
6902
4955
1975
1875
5936
8347
8991
2706
219
7489
4115
3757
9884
7778
870
2553
9566
4675
4814
6512
261
9961
5694
6195
9434
3275
3397
4276
6480
4771
6927
3382
6078
8902
5257
8367
7249
4249
1073
3821
8090
5189
3930
4327
9319
1152
6880
8885
2179
8046
1749
2441
8007
7444
4988
3793
719
8385
4421
3551
9509
1348
6934
5587
6603
8543
3954
204
2792
1380
4025
7235
6569
4307
1562
2240
5460
4794
1125
7639
2840
2874
6432
7199
6670
7772
7344
3742
6158
1766
7293
5667
3114
579
7606
6069
9123
7913
6274
8267
9293
6651
5502
2214
959
7064
4454
2771
1858
1931
410
1050
1157
3195
8249
7828
967
5594
7922
3477
7360
5215
9144
6826
5795
3103
2896
1270
1016
5522
9537
6661
8525
5040
5227
5836
2104
6033
8607
3963
7964
5370
5013
5473
8565
9615
9653
5884
1561
7575
9362
8921
9143
4858
2099
1290
7961
1347
2560
5329
6869
2097
8342
5395
7137
3569
1231
5594
5954
6191
5909
3918
1561
922
5744
6478
6889
5397
2362
8450
2973
8076
3723
8468
2935
5823
9758
7248
7170
2318
8930
392
767
7272
2139
7905
7194
9722
3499
3148
5913
9408
3419
3826
6682
9163
304
9924
912
9019
8374
237
7095
8450
8705
6382
4273
8463
3631
7795
7133
8913
4539
7901
2537
6678
2158
6083
2753
2009
9232
5018
7769
9003
8845
803
4518
5501
727
5430
872
5454
5668
7968
3904
4373
702
4529
9189
4333
8676
2674
9598
3216
575
2136
6246
9085
8219
5351
7446
3803
370
5215
2806
5567
6019
3676
7420
3098
9107
8293
8552
1127
6261
8808
5500
6963
3337
1041
7649
8366
3716
7247
7934
643
5735
4180
6081
3955
5884
3527
7758
6254
8743
6917
8173
1114
593
5593
4212
9700
3886
9117
827
6499
7925
2680
9815
7615
73
3816
5981
141
7415
3915
785
3151
4447
3218
7106
331
6745
1216
2937
1840
8133
7462
2954
8727
3056
3519
4779
3294
2636
1959
9794
6913
991
5961
4528
1064
9777
6861
7558
7192
7128
8343
343
7928
7913
3801
4611
4658
5018
3901
2851
3151
1363
5805
8230
4419
9324
3010
7714
8312
1321
3860
5226
2312
9821
6106
9728
9598
2968
7286
3142
6448
1981
3486
4376
9894
7287
5340
905
2305
9241
3756
1809
604
5913
39
1376
1590
9401
5442
9902
722
9302
1480
9386
9123
7587
5467
5073
6907
2753
8215
9707
1087
8053
436
7333
5341
5776
8238
3998
5017
8346
5807
1973
4260
2199
3349
2202
1600
8791
2104
8675
4445
9937
4413
9920
7524
9880
4993
783
8986
9561
490
73
7614
926
7406
9307
6702
1997
3306
8071
6695
5465
6397
955
7664
9746
9509
5617
4890
1614
644
9335
1551
5057
5608
5427
4938
601
6210
3924
6514
6700
349
4129
3979
7755
9788
7033
6104
3094
5105
2800
4912
1502
107
8928
7600
9617
4545
8842
7583
1541
4530
9134
6599
138
913
7889
7091
7123
1813
3606
175
2162
4087
506
6269
3875
7540
2374
3322
2645
1526
8234
499
1633
3514
4451
1250
8060
3294
8833
9601
7824
4319
2552
4314
1584
441
1405
5059
8606
5011
1587
768
5450
2093
3390
9326
9633
5764
9000
2278
3642
3586
9129
5275
7100
3581
2878
1512
3227
8063
1114
7403
8735
18
1717
319
460
3122
5379
9066
4486
6966
6187
9936
9059
5929
5614
8693
8045
4614
7323
1687
8200
2805
6962
1653
2738
6192
3165
5965
4256
631
3368
2991
650
1437
9662
7462
4559
5041
2880
5397
8359
5419
1686
7419
1348
7300
2464
9393
8267
6139
1080
2819
8944
8043
4472
1682
4235
7638
3999
4843
8269
7367
7834
5271
8804
7497
2733
9716
8890
5614
1465
7250
1033
3151
1021
2382
6804
9837
1775
5071
2328
9208
4242
1273
3603
5067
9307
4190
2705
3307
9034
7326
7026
3220
2598
2183
7069
5331
8251
5960
7297
9716
9562
4683
2868
6935
7065
9672
3124
5192
1095
5452
4400
5337
3077
8003
404
8737
2194
9461
2044
7580
6788
5422
800
5738
3957
7870
1069
2208
182
4719
1925
6096
9402
1145
9383
2819
7169
2507
8011
8264
7959
8764
9953
7389
3119
6710
6126
1665
6171
4522
9245
9311
9944
6398
5049
254
4268
2471
2462
802
7190
739
3250
2944
8236
2633
5763
5405
5140
3774
21
9451
8890
9975
3192
2010
3037
9318
27
5560
3840
9273
4872
137
5671
6273
391
6291
5096
9205
3445
8638
6297
6695
1582
4533
9328
7345
6291
820
7472
6312
6623
2714
6287
9816
1076
9324
5486
1104
4885
9327
6729
6109
5816
2400
8734
2559
5043
3831
1764
8488
8821
4413
1535
6756
5299
7215
453
1590
8035
4277
7902
1010
6992
542
7178
4420
9866
2665
5524
1103
8344
8605
3564
4160
7357
2299
3071
2400
2482
4835
7240
7655
5601
8775
4411
900
5990
4865
2490
377
5494
392
7740
2486
934
4918
3259
7153
3935
5135
4608
8631
3741
8173
9143
1098
6824
2214
9851
5658
7050
7091
3313
9003
2219
4077
9903
8209
8942
2393
4939
4436
9137
2679
3275
6424
3949
6534
9929
7885
8021
4537
2868
1762
9062
2012
2861
2238
4226
9064
7896
7628
6155
7562
6631
8374
1639
6534
2936
6933
5279
7875
1369
4417
554
996
7193
855
3882
7122
8740
1904
8011
1609
18
7074
9973
2879
5664
4199
8295
3561
8180
803
7475
4811
9177
9114
7698
8465
6047
9329
2692
3768
3746
3246
1117
7291
4102
4999
4413
9194
3255
2425
7155
3274
5851
3480
2505
1515
7680
801
1428
2212
1604
8903
7023
7133
4369
1073
5599
416
403
8291
4185
501
7890
5302
7793
8344
6653
8558
3890
9909
983
7398
9535
3186
878
2040
4702
4910
2841
2482
7122
797
1386
498
7931
2107
1571
9882
2524
8326
4525
3061
8828
8767
4715
2973
3463
1368
1531
7354
7629
8867
1104
7164
2053
1982
5557
6755
6893
4750
5590
4015
5548
3328
4513
9831
5435
2437
6065
7959
763
6942
7372
5943
5710
2087
5268
5525
9808
6800
2879
3789
2019
335
954
4072
2318
2863
7180
5563
7613
2770
5930
3161
6098
6796
9344
7885
9233
5409
5845
6348
8704
9569
8644
4414
1657
3912
9939
7817
7064
9171
1606
9083
5858
8912
3156
8176
1775
336
91
9389
9458
6022
8902
5556
2818
8247
3441
2051
8
5638
4751
8712
5208
3395
9478
3217
7308
5770
1034
4372
1293
2640
3456
7151
7905
2964
1680
9680
3300
1771
9069
2758
7793
4324
4666
6963
2571
4459
5366
8931
6450
118
3996
8010
9865
9826
1227
7173
5596
8613
7898
3241
7605
7706
393
5510
670
8425
5191
322
196
612
3080
4342
4936
4098
1305
3859
4909
3024
9143
1359
3142
3139
9369
3007
2965
596
6533
4914
5561
783
8155
3167
8489
8548
8677
9159
3325
220
9481
3522
833
8913
4216
5769
9363
1873
5981
4272
4897
5124
5632
4391
8263
5001
3751
7580
1950
284
2494
3863
1067
650
7030
5908
5550
2060
5067
8876
2280
900
8750
3113
6165
2966
5235
5528
1191
1216
9800
6089
2692
1784
480
7307
6786
4231
4887
5088
867
3734
8951
8286
4384
2334
4194
6286
4394
9261
1514
6674
6513
6616
6140
2678
5934
7727
8206
7126
8943
4359
3215
7987
6143
47
5294
9281
4279
181
4369
1498
3915
9673
9785
4651
2007
3979
7290
2753
9593
5156
9427
6106
1773
5567
8785
7707
3294
3343
4833
8589
7702
4400
2928
3846
4448
8222
3127
5079
4756
3849
6577
5023
9874
6362
6027
1881
6694
3317
4634
6287
4825
413
8745
6598
2333
7530
658
1979
7226
1843
6921
4928
6244
9849
5126
692
4424
8254
2123
9180
8455
8700
4203
8329
1415
6582
6562
8109
6251
7548
748
1077
7961
9493
7675
6646
3376
4685
8626
602
6529
5547
1882
2773
1748
7009
9817
6172
1615
1940
1704
70
640
2260
4751
8407
8842
1313
6516
5094
5213
7264
6171
3174
3110
198
6173
6486
4884
4799
7088
7765
6698
5322
538
8446
2331
6707
971
298
8647
2675
6720
5639
4935
1471
4047
3778
9136
6915
5224
4349
532
7747
3876
3642
7945
49
128
9181
1200
3568
6946
7898
8890
3836
2696
7574
543
19
7872
9190
2695
4593
1182
3982
6064
1581
4112
1553
8496
9336
5902
9028
7083
6130
9022
1381
2531
9150
562
3731
9070
3861
7981
7961
7697
678
5535
8241
7049
3407
3783
9744
8000
4965
79
417
2898
4191
1970
1395
9880
4224
6775
6963
355
5798
4696
2886
1300
5259
2970
371
5472
951
4684
3169
7981
6571
7762
5031
9978
1546
1127
4331
2863
1206
1100
2114
1750
9422
3509
1630
3646
6636
4945
353
8786
9642
9592
87
1253
2562
6810
6725
3513
1494
9894
1495
8065
4009
2878
4395
1907
4005
5078
1122
5212
2530
3236
6962
1952
3097
4944
5599
9734
9889
5952
8520
9531
1896
4959
784
4458
8121
7509
4324
5967
3756
2171
384
7765
5049
4780
9672
9054
6210
7146
4266
8741
383
7580
693
3480
2524
2644
3214
2414
4949
8087
8297
6845
9398
9082
7656
7520
2943
1980
9839
6699
4151
224
816
9200
1356
6840
8254
7566
3987
8873
2659
4370
2805
9705
4202
1682
2349
3769
448
7298
1856
8745
496
7606
4179
8152
1478
7123
6484
1318
174
635
1542
7343
6187
9250
4183
793
6816
4522
6018
5828
5244
8824
5533
9447
6858
4234
3216
7306
7885
1424
2403
8381
9030
2935
2885
6861
58
9369
8179
6584
6356
6073
3927
2543
5323
4463
3336
8491
5337
9355
671
582
4531
2556
29
1389
6791
9597
5047
1028
1021
7450
5761
6403
6737
8646
3264
6795
4367
7795
9732
723
3868
11
3266
5543
826
2954
387
6164
2309
1058
3098
6840
3615
3127
4581
6758
9076
9628
7786
97
3431
3547
6500
168
2193
9765
3316
2912
3912
3048
3635
4133
9411
6901
9676
238
9855
6415
2754
8517
7474
5852
1709
7441
5331
6291
4199
4407
5919
8337
4504
5702
1884
7356
5871
429
3473
5539
3341
7386
4939
6976
1519
4350
229
7547
940
6436
3963
3694
4953
1437
5898
3015
5230
1229
9306
9429
1988
1577
7766
6492
7280
6002
201
9503
6431
3674
1394
6124
1060
6333
9452
2579
7035
9681
127
7976
2469
442
8022
3775
1879
273
6790
3461
1502
6096
2890
3491
4025
7008
6335
7657
9362
6536
3512
2145
6563
4906
8269
7623
1239
7721
6555
4627
3754
3034
2603
6223
3476
6977
9998
1707
7250
3140
5168
5105
5588
4410
4948
9614
7770
7635
3623
7132
524
7136
5629
7087
2042
3898
1062
9634
1619
3969
613
1725
3355
3216
7948
6831
6545
4299
4890
148
7439
6410
5253
3028
7172
6553
8994
4942
4188
2617
8426
1064
6105
4055
8151
4500
4305
5566
486
2276
9535
1099
4001
9243
667
1950
2426
7212
2601
7317
7360
6392
79
8965
5772
7252
1870
4766
2194
2411
3736
6973
3475
9841
1028
7979
693
1686
3545
1179
3962
9432
2278
7964
8675
9297
6266
1102
6510
8867
4771
222
5259
4850
5540
1032
2102
7410
2150
649
9821
2238
7622
9649
8432
5002
7628
9125
6688
1173
6657
651
6957
5287
4967
1985
4585
1233
3087
1095
6452
4210
7669
8063
9060
9561
5447
7515
3324
3950
8164
9497
6188
5786
9146
4620
7140
6774
98
3829
4299
6755
832
7609
2042
5799
9594
2979
3384
9033
4074
6188
3243
8096
603
8655
4009
2403
6170
7333
6353
4334
6831
8893
6472
5977
9866
3613
9104
9964
7442
9755
3071
4626
7364
1465
6777
6958
4445
161
2343
4871
2701
5586
9319
3304
4242
3329
5707
6764
662
8412
1099
7493
7306
7571
9823
7172
1184
5279
3488
4978
5034
2911
9604
8751
4376
2733
2061
5173
2894
4405
45
1947
6343
9364
5252
6937
2693
7311
3702
9708
5724
4801
3553
9382
8724
3376
2906
6261
5007
6394
1239
42
9305
7196
5145
33
9929
7206
5207
9176
7963
5252
1123
4307
968
2727
1244
14
6391
4946
9722
8467
6099
3275
7849
4824
3004
755
1085
4363
3501
8676
4405
9158
2224
5902
9191
2154
3109
750
7682
7424
2354
5157
1731
3323
4237
9328
9689
6980
4274
5763
5447
6726
5390
9648
1550
4746
6755
8987
9110
6608
7663
9867
5766
9888
5770
1309
8394
5231
2060
2428
2655
4414
3937
739
4089
8174
67
3778
5154
693
5893
6953
7419
1284
6601
5321
6030
9708
4308
5140
6316
8324
5008
2082
4564
7130
3392
2958
2361
1804
1738
5016
6218
5675
2107
6660
3850
2174
6790
5356
2868
2684
2310
6639
320
5263
1961
6350
4972
2621
7843
1288
945
9203
9723
5509
6333
9467
4819
5046
1271
6557
6414
3841
2233
8522
501
2435
696
7292
7791
9916
6328
6453
6556
6648
1717
4869
9350
3041
3842
7193
4329
4788
2748
4052
6649
5433
3519
1469
479
1142
8026
6894
4984
6611
5416
5485
9046
2464
9129
3190
8733
1809
9643
1641
8457
7712
6510
7808
753
352
1353
5083
1492
454
5487
8142
5887
5359
9611
2719
6501
3989
5965
7837
601
7733
3323
5999
197
8804
9189
8930
614
5185
6923
5423
2897
9785
9583
3651
138
937
5086
7982
7743
573
6124
3630
2284
2087
2701
5138
2429
8666
2975
9382
6399
2650
5381
6597
1455
923
1879
8421
6108
5155
3844
9005
4940
3428
2656
5078
717
4094
9413
8460
1020
1889
8442
3304
329
7496
8442
2758
6162
1418
2140
2562
4068
3873
5511
1875
4796
3742
6648
7256
8897
493
6262
3838
273
5270
5268
7342
9365
4681
2154
385
2923
6948
41
3252
4444
8484
6010
607
6254
4502
9521
6674
4727
5032
4902
5876
5126
1550
3132
4024
8395
9394
4214
5020
1017
5834
2362
382
6868
868
7119
9791
7817
7160
3043
2261
1996
5405
2868
4602
9907
8741
7629
4634
3773
8883
510
5252
433
3643
9276
5181
9389
9842
201
6758
5676
8916
3492
2544
9784
611
2335
7601
4124
1730
6215
2472
7135
5435
3427
3394
4177
1056
8029
4302
9939
4891
9554
6724
4886
5182
8257
628
5024
8459
7386
701
3727
879
9597
9863
7842
8285
7465
8318
15
32
791
7151
5467
570
6897
9644
7978
1278
299
7917
6170
9853
993
7408
5036
9251
4388
60
4062
8127
7113
7789
9006
6711
7652
3200
4996
1469
1519
1363
1501
8662
4866
3321
9232
1764
9317
7210
3042
9616
1479
5564
9470
2472
9325
4506
8075
3713
918
2137
1840
8032
6278
7198
1095
283
399
2443
8104
1918
3806
5958
6932
5025
9279
6164
6789
8596
9726
6183
4565
1205
1748
4035
29
1073
4893
8105
1138
5811
6594
9331
195
9225
6529
1290
9508
6928
85
3964
5198
3892
9922
8482
5269
5553
4646
2058
502
4372
8241
5067
1929
6341
5454
1959
3766
347
6416
4905
6158
3010
4236
2706
8587
7117
348
4447
398
434
8412
5596
678
8334
4079
5947
240
5077
8005
742
5802
2598
5809
7731
5292
1263
6042
9058
7962
2458
315
472
1821
903
3178
408
8021
3527
4856
8419
3961
3268
367
991
7954
798
6938
8194
5876
1295
5288
8030
3893
1097
5761
9185
8712
1804
4596
6674
614
4911
7147
2435
5815
6677
2844
3836
6556
4052
8607
6869
7320
8974
7860
1626
9773
4798
6173
2001
6093
1461
31
6339
2559
5792
5524
7623
3948
120
650
4563
1384
4149
3350
7199
826
6194
7387
3735
246
5994
604
3918
1320
8465
1897
1093
3263
8070
3094
9357
9531
3125
2048
8442
5270
7572
2418
5570
4045
3068
133
5429
3569
3484
2628
4395
6030
6367
8130
2629
8713
5087
2899
33
3552
4796
1127
6815
9218
573
2524
5102
51
4572
3544
1673
8497
2314
7243
2542
5382
3729
4323
8951
3565
3303
9699
9595
9670
4181
8576
8383
9268
1476
4768
9172
2624
2247
5988
1843
2821
4864
3297
9224
5789
6841
897
4286
9156
4492
3180
890
8221
7503
6194
1786
806
2245
7734
6828
2778
6310
5211
2047
7786
9979
1219
6763
2227
3559
4958
1400
4776
8255
6976
565
1448
7873
1203
6956
8717
4383
7847
6939
1886
393
5077
9044
2638
2811
5872
5416
9122
7435
3815
3260
3766
1387
6375
2345
1298
1333
3745
6074
5940
721
2991
7389
4946
4194
4345
3664
8577
8544
6955
6815
8937
2032
5859
7927
1196
8083
3344
6670
5518
3511
9930
9285
1250
2658
1630
2549
3991
1728
4975
9932
8801
7967
3673
100
2161
8018
116
739
6563
7071
7554
1852
5455
9766
9780
3003
7849
9476
9673
9720
9339
5956
9005
590
8614
6987
9491
8957
8715
4466
5241
3869
2433
8914
3969
4595
3285
4085
1686
6200
7508
5592
8052
9315
1710
4184
2319
9560
3660
1992
9280
9352
7948
4637
9942
2914
1624
9433
1872
6692
3899
7113
561
2685
6028
882
3632
5665
4967
5318
1865
8827
910
6269
8142
8973
454
461
8533
466
8806
4165
9818
6754
5154
9760
9669
3130
5545
7893
9822
5797
5006
6735
8482
7386
7617
2114
3051
8936
7432
4916
7763
4694
7538
5906
3667
7992
2719
8552
4810
1525
9069
4629
4632
4223
741
653
7354
2639
8546
3528
8436
9904
264
6918
7291
4233
5384
6694
3170
9168
7963
933
214
5501
3191
3882
3493
5911
8786
4655
3788
7856
9284
8420
8431
6378
5425
2137
9017
323
5666
3805
228
5930
723
3871
163
2459
565
9685
1627
8528
619
1841
4029
3810
2075
3874
6073
862
8530
9862
5070
4166
4634
9853
6896
60
1991
2265
6735
7657
6070
6963
9939
6793
834
102
9252
7752
9788
7231
2632
6759
9073
6662
6921
1148
6888
2995
8362
1770
9209
3432
2289
3843
3286
9185
255
5277
7803
6991
9286
3873
306
9225
7019
7493
9327
2623
5245
5467
9855
7877
8578
8928
891
5500
6428
4132
8495
4791
2254
4056
8223
4543
7899
7861
81
4507
9490
7884
7850
8776
8109
8156
8001
5128
5649
3681
7752
7246
9148
3959
1476
4079
2887
8719
9579
9315
2851
4426
4106
1458
8482
8682
2353
2733
6543
2434
7240
2386
6670
5090
1162
1132
9599
9164
6260
1600
9197
364
5199
4697
4323
6675
8776
3562
1746
8355
9230
950
2781
9688
2408
7615
8370
4761
349
1266
3548
3941
3652
6570
9032
1166
7702
4983
330
315
2935
9527
7031
8134
4225
1355
1161
9353
1269
2908
7709
499
210
6842
188
2618
4458
4910
3731
4807
2528
3631
8748
6180
6554
4132
7347
4256
9115
4029
923
2051
9909
7955
6537
486
5662
7699
9839
3283
6959
3900
135
7169
743
6675
6139
5201
1585
9870
8
4114
3502
8756
6646
56
9241
345
664
8356
727
7940
6759
636
2247
3297
7474
4261
7348
3665
7544
4307
7566
4031
1476
8309
706
7615
9862
2292
3837
9870
2758
3691
4978
5756
99
4219
6102
7116
8928
6829
5056
2039
3817
3655
1688
7643
7916
9036
1308
1812
3343
5226
5844
1171
9887
2902
5138
9749
1546
8976
9619
4304
9019
950
6413
9119
5169
2515
6235
449
5696
1291
2489
5865
1298
4177
3508
9214
9566
1168
7378
2909
6395
9574
433
6282
2477
5571
6032
4023
899
2003
4680
9919
2953
7445
9038
4475
9960
1625
1276
2008
9268
3765
7873
566
4295
1381
6132
3861
2549
3510
3122
5296
9437
3555
1579
1914
5479
3963
2289
2730
2318
3321
9001
1624
766
4391
2451
7078
6016
3727
5438
5284
3845
3311
5850
8140
1044
1982
8353
9946
1845
1475
5242
1282
1383
3173
9548
6862
3488
8189
5944
2159
7863
4946
3783
4981
9337
2586
2060
5354
6313
3850
6990
158
7162
9193
4650
4558
1175
3003
856
9372
4479
2451
654
5862
1976
6554
9076
5465
4744
1372
3976
2607
6318
7759
7588
2008
345
6000
3714
3010
9851
704
9521
3365
9897
4171
4275
7425
7175
5132
3149
1654
7583
156
3868
9559
6710
9296
1376
1454
668
5352
413
3339
9463
4354
5347
6160
354
5413
9171
6557
6117
8692
6274
2367
9215
550
6144
6390
5682
9293
4396
3265
9449
4616
2824
2512
3912
553
318
933
5905
732
4272
1721
1438
5971
7881
8144
7736
3404
4702
205
8448
7328
2572
7664
7878
5068
4054
3560
714
4803
3177
6515
9419
2354
9027
3332
2907
9346
617
5164
6430
1241
6885
7868
3564
4767
6012
1300
8171
7066
1505
6620
4395
430
4284
2273
5498
4690
2186
2564
9493
1715
9080
8913
4069
8107
8597
6976
7453
5566
8493
3883
6807
5378
8103
371
145
4116
8023
4669
7534
9528
7641
1929
9958
8277
555
1809
9319
9093
4373
8813
808
3453
4078
4878
7913
9027
8206
1718
4593
6699
1954
7752
2078
57
4475
8575
525
2498
9596
8060
2026
7237
6341
8337
1866
6896
6498
1186
5989
871
9999
6798
677
429
8028
4942
9456
6234
6660
401
9286
8614
8153
1364
8672
2628
6291
5549
5126
5888
3609
3504
9477
9951
8193
1344
3199
4691
8882
5541
5563
8881
2339
2592
5662
6719
7534
5118
2953
546
1871
8591
9161
24
6307
4185
9004
2599
9734
4130
4839
9696
3986
668
5999
2180
8364
9198
6871
7246
4739
8786
2479
3430
7730
8141
149
5264
9611
9455
2163
1482
4398
1324
7858
706
1861
6862
9657
7947
992
4496
7643
1331
5164
3642
3511
9881
9193
6734
7127
3932
5521
9607
3715
3251
7748
216
4868
3712
6023
3383
5194
422
4707
3053
1128
2920
9915
785
867
7260
1633
8511
4943
3149
8505
8454
3030
7698
1540
158
7983
7061
6117
1698
6665
3865
8266
7885
3929
4290
1268
9124
1064
2327
8529
8544
5247
4796
9329
6114
8408
7314
4625
3351
463
9483
8157
9846
7181
9698
6356
5164
3111
2473
3214
9776
2690
1481
4013
6620
2123
1633
2096
3187
3960
6977
1731
9207
1773
7412
1674
6534
1078
2651
6237
7893
2134
4395
7739
9316
445
4095
832
3556
2920
4047
9685
5611
1880
3698
8583
4003
5332
679
3542
5644
7656
1625
1204
5781
5389
2878
2315
6467
5529
8553
4360
7664
9300
8452
3332
9745
8899
4164
3301
1820
4563
9338
3783
6443
3037
2366
6798
4721
9397
6692
365
7053
8317
1569
9186
3706
799
7854
6525
6329
2759
886
345
2059
9338
29
8156
8237
545
7809
6409
1461
7148
192
7904
185
8910
1055
1258
8307
4099
7975
1712
2417
5897
899
2475
6696
5105
9001
9377
4216
6239
9722
2627
1929
6103
783
6518
6649
8592
2928
8110
5740
9472
2366
2277
8383
9773
9887
6690
3873
7863
4755
2642
112
2006
5117
6808
7111
470
6186
1327
6709
2260
3954
4990
8364
1089
1509
1365
9681
4437
5827
1774
261
8193
403
8644
4319
6643
1687
8192
858
6442
834
970
8448
2303
7778
1911
2774
316
3238
5835
2577
3544
826
7293
4633
2335
8658
666
3124
4485
8792
3385
9030
5548
8382
3349
2191
6421
7893
3049
2863
8727
4019
7663
7383
8149
9574
6509
8466
9164
2344
1043
9060
9522
4688
3693
8209
3346
711
1333
4183
9504
1071
3213
1404
5805
2915
3595
2226
808
2996
1441
5888
3367
9104
9623
1516
5030
6132
9982
4194
8476
7377
3254
4351
2065
3299
2560
1763
4010
3894
5946
9866
1317
5512
1270
3474
4779
1217
5700
5587
4213
3493
7827
7580
2597
7450
5449
7627
9934
1783
8173
8411
9161
1427
9114
7578
1078
1674
9342
5088
1920
5288
1307
3237
7152
8929
3063
1931
147
5115
3871
712
8608
8050
4645
7557
1853
94
5184
1787
1877
9709
6550
7390
7488
5664
4969
8566
7339
4311
7
9259
5951
1314
8849
3104
243
1912
1387
6742
3380
5258
7455
1988
3309
2100
9546
5162
8546
1082
3301
423
7144
9852
4166
4632
5516
9135
3199
9207
9798
3206
8467
5749
872
3668
5205
7467
1932
6593
4210
5312
8203
1665
7301
7864
3765
3199
3026
8663
633
6328
5438
7777
2532
9604
2410
8048
5091
1961
7256
4889
1519
2075
6991
2391
5743
8548
9858
7675
1493
420
2988
9697
2085
6641
7561
2202
9840
6940
865
6825
9620
6304
4603
2152
2260
3365
6552
7352
5326
160
8593
6845
2235
1936
5588
4330
485
1798
2006
8330
2219
1346
4379
656
7987
8293
2859
4179
5233
76
7356
1205
2732
1959
9709
4993
5324
6261
8697
7002
6422
7290
199
5009
9227
2139
9340
6064
290
7698
4394
2509
9044
8774
9517
3383
7067
2376
3914
8652
8805
1270
9857
1537
9582
9566
6530
1258
2179
1579
8261
8601
8870
4812
9963
4449
6952
9303
513
7242
3353
1259
6103
8749
33
5620
2132
3452
4349
2398
2104
3154
20
8313
4691
9602
4231
7574
7213
6411
9153
5474
1364
4375
6638
7679
8824
9942
3334
5689
7184
6687
6949
9639
5436
3334
1612
3920
3139
5961
6318
1595
5467
6339
6261
6510
2293
492
436
9506
3255
5942
1332
972
317
7971
8651
5494
7913
1986
7535
1450
8673
836
7441
462
4171
9053
4382
3662
1366
701
5257
6833
3392
1518
9696
5685
8363
132
1544
1618
6074
2876
8942
2744
7199
7594
4590
1465
5932
2125
9267
957
2962
6708
1419
3485
2114
5802
3499
3480
6503
8756
6666
6247
6627
2714
8284
4990
2846
9828
2960
5273
9057
8255
4369
2608
5849
8959
4073
8133
7436
9692
9090
6750
2753
510
235
4867
6312
3734
4699
9167
8843
7717
5414
5470
431
3698
6812
3278
9879
6124
4903
8936
4379
5624
1544
6580
4583
1970
4713
8371
8014
3804
5122
767
4314
5357
5634
6978
5444
6686
2497
639
4403
7911
2461
4835
7961
9273
4465
7840
1749
5720
3128
2481
1344
1025
9061
2279
9347
127
650
7361
283
5772
4481
949
7482
6467
7927
9278
3153
424
9917
7557
4687
2378
2392
9000
8003
3209
3193
9752
8929
6321
8585
273
3698
3999
2552
3045
4126
3202
6759
4409
5327
1240
5358
9161
7707
9637
8439
7213
6413
4708
4770
1100
7086
3514
100
5089
6723
9645
1193
5652
5967
6131
5925
6017
130
4829
5415
4256
4383
2174
5017
9710
9766
6727
5223
3825
2716
3662
1038
9129
8370
2160
6581
1808
5674
3033
3249
8749
2679
795
4401
4998
6926
6678
1015
7056
7859
6430
7664
2243
4956
2681
8305
1074
5760
3529
1252
8476
3543
8642
7605
8266
803
538
6426
2829
3571
9676
1579
6250
471
2332
1248
7397
5363
2264
805
9574
5046
8469
1817
6355
1150
6475
7429
3262
4
8681
1738
9899
3676
5695
4517
4479
6233
944
3660
9804
620
1591
2407
7443
276
7
1192
5639
8623
1997
5213
3670
466
3383
6377
7968
9858
3806
7582
6214
8840
9320
6113
2516
1367
6983
3347
3952
7927
7007
108
4899
4951
2515
8694
5227
2523
9886
7218
1146
8235
2431
1168
5053
2166
7545
3021
2024
7704
603
4590
2896
6275
7056
5412
3994
4039
5111
7946
8318
8470
8054
3217
3421
570
8263
8648
9445
8149
5866
6943
2736
4650
8112
7789
3168
2009
7162
5193
9713
7765
6135
2609
392
3191
4373
4386
3582
5836
8684
1900
4307
6738
1469
4080
3660
9732
2729
3105
4233
4947
6401
6969
5949
865
4758
9118
2874
1920
663
8940
6037
6798
7901
2781
6342
8627
7167
9924
4463
5851
1825
5122
8942
3294
9203
2602
9379
8284
2060
3612
3231
8461
582
9181
9326
5340
8299
8552
3613
8962
7492
9650
2112
1746
2432
8454
373
5951
8379
4836
8155
204
9959
7097
9850
5514
6051
9229
3798
8111
9194
7029
2924
9776
2562
2250
1468
861
7155
5081
6175
999
4732
8288
2745
3516
6742
3118
9467
5121
4307
3974
1677
618
7423
7880
6132
3475
3461
9930
1586
2655
6959
863
2431
5874
3113
252
6735
6620
5333
9263
7620
6417
3903
365
9933
645
9836
5753
2119
4143
9727
148
4761
7151
4380
7245
6978
7842
7175
8564
6849
486
9427
9281
6360
8893
5885
9448
1865
1218
5063
9485
7636
8966
6203
3921
9611
6039
9674
8082
6534
5754
4583
1295
9257
8963
4892
6235
3157
2067
1151
7
8905
6931
5640
1618
5824
1525
1066
7689
2743
2481
3527
379
1447
9730
653
7410
5769
327
5493
2303
2433
6428
9950
1690
5391
4842
7925
8549
3261
9077
8556
2166
6008
4196
3784
8184
5721
1202
2225
4816
3683
5752
1548
1482
1834
2201
8893
3955
8880
738
6258
1314
7166
2560
3004
2557
3754
930
7458
7015
6359
6014
5534
8719
6562
5670
6903
8635
3225
5480
3452
6908
7585
5000
8391
9419
3553
3636
3375
2433
4374
5985
3747
1540
8546
6752
449
2300
4034
7908
5668
6745
274
1202
5464
3189
3224
8719
1824
6449
4199
1628
9710
8136
2980
8101
3908
6533
8089
3635
5319
2463
9620
9066
355
4518
2170
804
3171
2556
5064
8839
9301
1691
6393
1117
4880
9617
9836
3056
6067
388
4685
5777
4876
4017
230
8784
551
8319
2419
5870
7134
8392
1288
7489
2910
9811
4645
6081
2367
6062
1272
8021
4105
4017
9138
8985
3635
5327
8393
6054
5715
3078
8183
591
7096
4765
5728
3999
9436
8147
6221
6570
6539
3861
411
5802
3672
1408
1883
2392
3822
9508
413
7927
3525
5903
3264
3512
1230
1658
9566
3297
1088
4101
3889
8184
8866
5969
8535
8302
4116
1108
1224
7008
4970
1635
2810
8642
9396
4693
1034
3218
553
7799
1146
4079
3703
4410
7591
4933
2420
3510
4583
3509
3963
8472
8045
2830
793
6581
7484
4909
7689
8709
1917
2659
6696
4727
7654
2444
5773
5040
5663
2678
2840
3161
6757
6543
3923
701
7828
6344
563
2411
9853
4526
7235
7898
3708
8028
831
1193
9290
4873
6254
7559
3884
9302
8639
1538
1747
4412
6579
3762
3442
5771
6923
6552
8666
846
3605
6494
3542
4168
5258
3395
5046
8845
7646
5107
3226
8477
6300
2516
9702
8906
75
3587
8208
8714
1477
6307
9478
8056
69
2921
179
6992
5825
8845
4191
9430
1692
7733
3598
3302
7481
4996
2147
5127
103
5373
9956
2755
4241
9659
1661
669
3246
6222
9383
1075
2529
5214
5484
2599
4487
5663
5943
312
4509
6486
9742
2553
4220
9692
5855
1701
1040
4354
3180
7496
6080
3136
251
321
9147
8265
990
8745
839
6726
9821
3368
8292
5305
2319
2779
968
4615
9443
1829
1101
5537
734
5321
1581
2941
3374
2621
7296
6554
117
3376
6043
6721
49
5190
1338
1040
288
2177
4118
109
1897
2410
1766
569
1541
2734
5184
984
916
6285
2873
8002
7959
4454
944
7685
3427
4592
592
9897
7968
2987
6618
4369
8177
4308
1761
4817
6485
5879
4926
8382
4641
6692
8951
6182
5779
487
3518
3047
3125
6391
1049
7436
7197
8345
5121
6977
2937
2065
6874
7257
5052
9844
1627
9582
4152
3388
4399
6989
5620
9326
5371
261
2370
675
2796
4501
7514
6314
7548
639
9058
4950
8075
2607
9647
9549
9584
2585
1614
2810
9842
3019
2654
7821
2601
3158
7562
7000
147
3182
2678
1871
3443
5049
8898
6239
5902
2764
8906
9803
3404
4316
4753
7831
6923
4400
3732
2860
3337
1699
5670
9532
4718
4677
7353
7319
7835
4915
4319
4335
4449
6998
2558
4245
8399
7808
6836
653
572
5742
456
328
58
5209
8160
3334
5962
8244
6194
5651
9943
8216
5183
4661
2893
8889
1980
7081
3804
2652
7768
4606
6002
6678
8851
753
4486
5687
1406
1410
1430
1863
1739
7840
3424
6251
7526
5738
4495
72
1390
4439
8289
2925
5452
7534
1814
7433
4615
1971
6437
2383
6577
2439
5413
5428
3192
9899
1115
4598
1310
8897
2813
9401
3090
6238
2004
616
1976
6499
7041
9718
7290
5330
2644
2743
2864
4458
6528
3832
6429
2965
2567
3006
1756
7981
4786
4948
7880
5902
5898
5542
1151
8712
1295
4241
4950
3299
1210
3278
6151
8251
2997
3441
9933
5641
2536
9149
99
5416
2981
2881
8381
5549
5887
6489
3530
7026
1437
7762
9280
7336
9657
431
2400
952
1025
7350
604
8587
6980
6755
3190
9977
6548
3123
5618
9085
2272
2070
4501
1606
4951
9235
7155
7190
5724
7037
4216
3514
4799
3496
7202
4456
280
9602
1761
7657
3304
2365
6244
284
9120
9434
6614
5668
8909
8584
1105
7533
7006
1959
9139
1957
1194
2646
5500
3270
9683
6068
3136
4483
5917
338
5291
6197
6292
7052
3854
5948
9417
6450
2585
4889
5884
9199
6910
1145
4135
8015
8678
1142
9974
7818
9451
7520
6816
4951
791
6500
7372
279
7335
3289
618
2626
5838
3262
6031
6044
9211
1800
2494
8148
6690
8378
7347
9952
5875
7834
7967
4553
8976
7942
8723
4780
1814
5540
6083
2605
8392
3455
9237
5727
6744
6207
4705
8934
9469
736
4978
5032
2537
7472
3180
5579
2202
6879
5531
8077
4714
3498
2631
42
7792
7706
4822
9607
9598
906
8564
7990
4361
7801
3717
7458
4008
8423
6392
9830
5511
1371
4862
8048
5195
4395
9979
7398
1274
5510
5475
5988
5361
4458
2383
9505
8517
7205
5464
8115
8111
4029
6106
8825
8182
6175
6283
8543
950
9027
4725
6462
6750
9587
4510
1946
334
842
5696
1609
2704
7523
3949
8065
8334
6332
3923
6851
3538
9387
1318
8001
9768
3776
6826
7951
9952
9461
2846
7254
4841
7571
3716
7943
3510
4579
9889
3845
5421
1937
5454
8125
9461
5755
2543
7795
2088
6466
998
1978
5853
8668
6331
5622
2445
9510
9925
8749
8971
2771
6003
164
342
9720
8108
3852
651
4349
4049
6072
6287
9503
549
2100
1611
3092
6247
3699
5910
7245
2029
8116
2265
8360
3738
4710
7870
15
3459
3194
2786
5815
3358
9480
1887
7818
9684
2538
8520
3734
4962
1159
9589
5511
3259
1200
4956
9506
1251
866
3103
3280
8982
5368
1641
9072
6431
5863
9087
6242
9057
8225
2057
8768
4057
3944
2938
3742
6482
1458
3828
1444
2617
3417
3308
2228
4618
8264
8086
5869
9130
7541
5502
4465
9262
3495
3537
5693
9358
8977
1935
4768
3554
345
9888
7612
4289
2826
1354
772
637
1534
8568
9606
4951
1876
1835
5921
140
6273
8143
5623
3815
3645
6440
9429
7140
6329
5122
2850
5306
3409
7618
5213
3754
7506
2825
4396
6685
531
1520
3674
2065
88
3280
7016
8317
1467
9290
4809
7741
7433
6784
7908
1078
3224
7337
4570
5906
8811
7420
7564
8572
1391
2777
8679
5249
5602
9427
1934
2485
947
5608
4550
7387
5241
7919
5704
6708
7209
6866
801
4642
3650
5061
2072
3227
8750
6642
9133
3913
414
6697
2486
1805
5827
7517
7055
1429
6944
5341
267
4243
7302
4817
1630
2543
9088
3687
5603
2649
6905
2757
3643
555
7818
5715
134
2921
8709
5619
6834
9124
8669
5672
929
4496
9541
4336
2277
6485
9678
2544
7080
3332
3714
8711
5875
2802
8750
7830
1804
5655
587
5447
2562
4758
1163
9049
7679
9872
4668
4513
5348
9689
6538
2630
4185
6079
6966
2815
8917
2996
5359
5997
6328
5425
4708
8555
4580
9810
2738
6384
5465
3325
1831
8028
4435
9346
7077
2114
5571
8097
2980
919
7787
9518
9901
8324
5597
6868
1139
4514
6216
2851
512
8897
8276
1572
3804
2856
1383
6542
5592
3200
6220
7424
7580
655
3122
1009
9122
8693
9107
2102
5965
3246
7972
5866
1570
9921
9086
2710
788
1655
5561
1300
6904
189
9224
708
9398
6959
3603
4990
160
9823
8766
7740
6830
1889
5102
5952
6934
4209
4406
2899
7455
2378
5118
9025
8652
4204
8087
9440
2211
0
7092
9115
190
6316
6176
9588
9628
9779
4578
9788
5954
3345
3880
2784
1586
5334
5089
8520
9543
9495
7772
3350
8226
2890
8728
6878
3446
6815
6318
2010
6816
3410
1125
3358
6078
7301
2946
5706
3432
3876
1846
9386
7221
2079
8523
5159
7413
3612
32
3309
9459
7804
6659
4037
7046
1739
7267
6844
4907
9937
8854
1723
9699
6332
5081
5778
3633
4379
7836
3418
8255
6035
2804
1829
4466
1327
6988
8231
1291
7020
1540
7103
1176
4552
1140
4574
2643
8408
1419
7550
4697
273
9273
4397
2957
706
6527
6591
1437
4363
6361
9693
6750
9165
1522
7568
6845
4862
5800
8136
8235
3692
5239
5763
4596
2732
338
7240
7492
1757
4790
2189
8382
416
6586
1340
7474
9465
4283
8912
3829
644
4957
6931
6161
6479
4500
3006
7693
300
7495
5928
344
9086
8044
4941
1818
8382
2181
5662
139
3323
7852
8521
3739
790
6213
1214
256
496
6478
437
7492
1435
3720
3654
4266
8220
6660
1959
4872
507
4240
5217
9594
2284
6510
7764
666
8691
3427
7157
2014
7631
2030
2106
4773
8244
9672
5029
5092
6150
1818
2585
7585
5539
2591
1851
111
5603
162
1336
6111
754
2905
2057
9390
9415
9821
6408
4458
3248
3565
2824
7231
1948
4930
2005
6544
4602
7034
7988
752
5205
573
4689
7096
9516
2892
7207
5120
3055
8543
7583
161
7800
9640
9552
7215
9461
5960
1673
9062
5878
4498
6293
7826
5780
8298
722
383
1685
8710
7487
6890
5636
2177
338
5152
5069
7545
6624
4476
2441
4207
4638
6593
3847
4190
3809
3309
6502
1834
8723
2380
2684
5016
6558
8465
9667
3632
8848
1352
2343
6335
4594
7979
8512
4932
3131
9934
8829
9756
4410
7622
3963
5400
4216
4163
9590
4377
3824
2445
6211
2547
1177
8896
7563
4088
7361
7230
7720
2561
4934
63
8896
5880
8042
3761
7164
7526
47
2346
3634
4457
9968
3949
9858
536
8112
5800
4913
1936
4597
7477
4483
5775
6373
8399
9863
86
1981
7583
2647
3268
3999
7895
9148
2041
8008
2665
5919
8055
5011
9553
8865
4979
9855
5075
1868
7967
7227
3133
6256
1825
610
7091
7600
3335
1842
3815
3421
176
7750
2420
3444
1749
316
8944
143
8324
1609
6062
2732
6620
1968
1597
7952
1823
6672
9820
6142
3899
2953
2398
2076
9916
5842
9676
3251
7684
3491
6673
7860
1242
5445
7656
9343
5761
6601
9486
438
8210
5549
3170
4831
3869
1119
2783
5692
4143
8955
8186
8042
8260
6937
6471
8176
2779
6147
7780
6815
5991
805
4676
3585
6250
2332
2928
2012
5285
2415
2450
3496
4316
1972
4679
8185
3091
7462
229
7234
2769
4767
1628
1029
1704
8099
5558
4483
4247
3338
1299
6590
4143
2327
175
393
1011
3103
8757
6297
1870
7559
6145
6186
9531
824
723
2622
4638
952
9856
7407
5720
7837
4788
3776
5936
346
8260
6535
36
5911
9477
4179
4590
9652
925
5601
9108
9682
8250
978
7242
4395
7165
6773
5219
4240
5748
9857
1545
1956
3616
7265
9793
8405
7393
2082
8751
5653
8617
8788
7916
8095
9319
2506
4099
244
4460
3207
6279
2710
538
3521
3458
4055
6646
8677
8295
8746
4887
9840
703
8503
3457
6848
6908
851
8930
2012
2856
3900
7152
773
8347
2823
9631
2446
3068
4091
2006
5699
3154
2544
5572
6612
2951
2218
1641
1246
7317
6528
1087
8020
1384
4544
1220
4644
1747
151
3008
4604
403
160
1729
8750
2984
1360
7548
2404
5452
5906
8103
8606
4802
3675
1570
7753
2245
3211
9000
9562
6092
6439
3934
7476
7335
5155
2120
9083
1658
5129
39
2061
1641
1768
7163
977
3128
1063
9733
4932
6970
4188
9890
8124
4215
1460
5878
6461
4672
1230
2375
7116
7669
2662
4592
1356
4169
3064
439
5827
4545
478
4240
6187
8598
7755
3516
1727
5170
3250
3011
2140
7438
2902
6617
1654
4362
2495
4467
5386
77
3194
2502
4098
5856
3446
5454
25
6511
5894
2204
1056
2724
2796
3595
7675
551
3464
9402
5722
6714
2413
4214
504
1667
831
2158
2382
9678
2977
7768
6107
6172
6623
205
2028
6421
5660
8406
2932
7906
610
341
6982
3407
288
4657
3958
3752
4059
6032
6818
2825
6599
7323
844
7430
5833
3226
3461
8811
7347
9568
4983
3970
6126
3363
391
1786
1769
9676
9692
2380
6369
6674
5787
3009
1332
6097
6762
1743
8482
3580
920
5081
7255
1765
8863
3089
1343
8676
1900
8690
4597
6883
2660
723
6598
9404
2509
8368
5432
8553
748
1801
1579
2887
4810
9263
5336
7924
7359
3818
7857
8279
5251
5112
6396
467
4553
7740
9143
6453
6430
3740
9688
5443
4463
6287
1199
3324
4655
2983
8229
1755
1136
9809
4642
5946
9072
6330
223
6431
6501
4432
1063
1752
9544
3811
2219
450
1551
7715
6903
4334
1455
2944
6129
2271
9231
3680
1947
238
6663
177
1993
7799
9986
2987
97
5410
5669
6672
8194
2170
1104
9257
275
7001
3068
8846
7451
972
6561
706
1658
4369
3650
4139
6640
9233
7819
4939
9471
834
5116
7816
8633
1454
7155
5082
3217
2825
1755
1411
4995
9211
7020
1622
6212
6440
469
3663
3764
7030
722
5422
7751
4372
5913
743
3606
3732
5683
9429
918
799
7246
9551
8606
753
986
1823
3578
9093
9586
4926
8304
6606
6548
4517
9398
7017
4532
3163
400
5254
4937
4503
5979
851
5247
9585
935
930
9014
1854
8081
2612
7757
6687
3366
8743
4862
3296
7836
4448
8222
6141
7406
1123
7010
6805
8140
7894
6320
4892
3149
1257
9396
5480
8460
4643
5065
9396
1925
431
1250
6358
9396
9007
9398
2762
4103
4260
2410
1939
5061
633
4432
2467
1756
1442
5624
6248
9337
1944
7493
8838
9554
6889
4318
8014
7884
5735
3762
6161
2518
5012
2519
1914
372
1917
1028
4475
2530
3439
6414
7591
424
847
6410
8532
8641
8387
4780
4330
6683
8625
9520
6237
5514
3838
604
9750
5925
4366
5911
8444
5731
4783
6710
6103
6700
7739
578
9230
7530
3344
3173
7954
4191
5936
2838
9185
4323
7618
3515
1006
6244
3036
7244
8110
3226
4200
4213
5504
8566
124
3948
4297
1259
7010
6752
7960
4749
7330
3542
8631
675
3068
2937
1218
9004
5775
6755
3327
9746
271
4333
2342
9659
7929
6804
9237
2129
1017
4741
7048
7494
5041
7697
8753
2052
4450
3065
3153
8132
6608
1785
8807
9676
4722
6378
8680
6850
3133
2007
6596
9756
2692
8938
9415
622
5742
8653
9103
3112
9746
2503
606
4788
6553
9359
3192
1003
2425
6345
9135
5385
4482
4295
1413
9205
673
93
2407
3806
8452
9003
3563
7496
4293
9330
4470
6387
4335
9926
9499
4082
2429
6457
5222
8982
2169
8414
6337
946
1111
1825
6331
5594
6120
4096
1151
3145
541
3558
6951
5345
8913
6866
2841
3206
2549
3664
5945
6884
3590
1797
7318
6019
8254
8892
1354
423
7306
4043
7721
4770
5868
404
364
1988
4500
1515
5133
5041
5073
8437
386
3986
1655
9580
3544
4204
3244
9489
7441
6834
7638
4759
9205
5893
4
559
2668
3662
4603
6742
8432
6823
7146
8796
8812
1647
311
297
3040
1736
5086
3427
2074
3094
3007
1970
7298
6251
7812
1091
9437
5450
2203
8642
7695
2207
5554
6716
5869
6509
3458
4302
3332
604
3098
8496
8603
9762
5146
1644
7850
232
5071
6277
3326
4430
8247
6977
7033
2411
4420
6470
7862
6623
1464
1909
8830
7018
8625
1052
9879
2083
5354
9564
9040
4804
8060
7643
918
3206
9287
5121
9791
710
1398
9469
5140
5997
2798
8525
8409
7219
4995
6271
3842
2812
8180
9025
6182
3158
77
6062
5241
5431
5626
4281
6587
38
1925
7506
9597
7564
2627
9388
8275
377
5209
9767
6374
4360
8293
4783
1579
9640
7406
1773
2452
1939
798
8635
5097
7227
1049
6690
9010
6675
972
5598
6713
9249
9456
6310
6813
8435
2050
1440
8812
3612
1208
5186
7972
9501
6322
9551
5493
80
7676
7946
2019
8475
2933
3468
5702
3982
159
4713
7009
1131
6663
74
6732
6119
2737
3545
4554
4787
4986
9718
4751
2546
1256
2723
2047
7578
8626
7540
7659
6303
1838
6030
4778
1123
9499
6832
5105
9658
7897
8466
7141
4560
8541
3873
679
1278
3770
1585
2417
5108
1303
7169
7654
2560
6244
9701
6490
4871
3594
501
1174
1784
6532
2304
2908
2383
5488
4365
2041
3386
9184
5534
7946
7725
9407
4978
5355
3177
2915
7772
8286
4219
1293
5940
3131
7538
1994
9621
2409
1940
123
9935
76
3007
2239
9336
5390
7727
54
3783
7465
9238
9317
1764
3315
5076
3094
5022
8253
6009
9146
2891
6580
440
5184
6063
4330
3530
5685
3091
1822
2160
3026
8250
1519
1617
7587
6909
5696
3993
7044
3162
9583
6361
4926
9250
1437
8020
4272
6042
381
3418
5286
6962
210
6822
3025
4540
6704
5062
7631
8526
3574
7009
3128
5093
8626
715
8354
4323
1060
1750
7485
643
4463
8763
9893
2252
3135
517
4647
9868
3936
9933
3182
498
3107
2560
1391
9811
7622
5374
4689
7549
2384
7817
8994
1010
4885
3701
5333
5945
5451
9170
2941
9915
4285
2834
2167
3772
9704
6814
3641
9992
3099
6823
490
6206
5735
1881
2369
3358
7256
7058
7259
5992
1228
6253
7002
6113
6306
8688
8410
1758
4210
1351
8025
4848
538
6544
8620
242
9711
8613
234
9162
1789
7076
1721
7524
8958
4090
7234
2566
7501
845
4910
8729
3451
1912
1194
9757
6952
9604
7867
7515
956
5892
2363
1494
8789
7335
1736
8500
2301
8322
4014
442
5398
5735
7966
708
6178
1553
9626
3679
2398
4536
8760
2201
2801
9954
1959
9753
9558
9826
7268
6866
2071
5983
8360
860
3319
6448
5712
5620
4770
6078
6062
169
1814
380
7229
4344
8285
6856
4375
7036
1392
3135
9237
4193
9441
7548
299
5351
7375
7567
2218
5798
3551
6930
3010
3222
3379
8722
5194
4501
1152
7608
1022
2966
4340
8252
3662
8978
5108
8037
6014
2852
1172
1603
7046
6965
9152
7345
2317
2879
1264
4535
8677
1167
1465
1687
741
1196
6761
5935
2050
7913
3543
3072
7232
4236
7676
894
3214
2784
8932
9228
1989
6456
7183
9035
3422
6335
2732
5739
9214
348
6626
4243
1516
4443
5930
2257
1992
2691
4545
4042
6957
4440
3466
4189
8676
1143
5083
1890
3927
367
7470
2268
6824
4654
1303
6598
7341
387
8689
2908
7088
1667
7151
4956
6110
3082
3565
4454
2125
8110
8496
9082
2551
8315
3271
7579
9458
4707
5822
9737
1426
3292
2006
8250
4298
9661
1200
1640
49
9889
4548
7137
1556
1699
8445
4019
1133
2010
8473
3259
121
3322
8693
9024
1637
8317
6603
7447
9376
2425
7184
802
2070
9190
5405
6368
8852
6605
4360
5253
6495
8908
8742
4403
6960
7187
8422
4445
9197
3248
4056
5670
6570
2750
4694
4559
7419
7650
2006
6795
6427
9190
7597
4849
4733
9354
1218
3585
5960
1930
5190
2455
7191
3932
6858
503
1119
1633
4948
6668
4881
9005
2339
1451
8107
3385
2362
5526
7387
4368
8673
3815
9910
2622
5016
4643
1977
2586
4580
7937
4517
9770
6744
1708
54
9954
2211
1173
1587
3511
4194
6468
2516
6533
4271
6975
6270
2985
2501
3658
3705
7526
3825
9968
149
8841
963
8478
1428
5544
6415
2297
1666
9511
357
1721
9465
2568
9246
7405
2431
3440
225
4948
6325
849
1923
8948
3834
777
2606
7540
4655
2783
3860
4804
7976
4823
9634
9404
367
6049
8053
8386
1912
8410
107
7730
7330
5705
5135
9762
5498
5360
4710
8175
2561
2985
7123
6396
114
6081
288
4770
8864
4148
5926
6841
8971
5561
2597
5691
7962
651
4077
9875
9061
536
3957
6392
2593
9092
6154
8091
804
7216
6267
3366
6553
9742
6114
3020
5824
2754
4142
4688
3254
68
7881
2225
1981
479
4268
6296
7482
4697
2523
6543
5233
6480
9287
7827
5572
1793
2270
2728
5361
4889
2446
1915
4632
8560
4935
456
1314
9077
1496
4568
5497
9378
3146
3831
9857
3766
127
3691
8464
2650
234
3697
5482
5874
7876
7406
7667
6499
134
9381
1388
2581
1296
6020
7493
2583
2828
5160
8012
4325
6080
9861
3703
5578
3692
9912
9345
171
3603
7809
9173
189
7858
4655
2415
2087
2061
6435
8586
2196
5816
9974
1129
3464
2347
8622
6047
5175
134
411
9500
6215
272
9555
1793
317
5819
1138
488
9422
5299
6014
5964
3158
669
8379
5245
2731
4814
183
1279
630
6509
8760
446
8856
3734
6493
384
3869
3256
9884
6436
9881
5792
8229
198
1611
5720
7038
7386
1019
3052
3350
529
74
8081
2126
9157
9248
2309
6788
6230
5171
5548
6677
4027
5634
3170
763
9503
2779
7000
2291
2660
2792
521
9210
755
2593
6248
8141
9964
5653
7843
494
5727
5925
2620
1236
1525
1282
8024
7755
6453
3572
4432
6832
9206
3955
7596
5062
6734
4596
7353
5746
3740
4226
4956
4495
6819
7556
2637
6784
9561
6832
3630
1640
9109
6250
2876
634
3884
900
8390
6689
4472
2822
3522
31
6777
7470
1445
9863
8418
8798
5609
2158
3025
565
6653
6196
4474
5642
9332
4035
2475
2962
5676
1584
5565
8552
2219
9449
9453
6961
2491
277
9783
6013
6660
2913
9835
8105
2776
8253
3256
4738
411
6281
5303
7064
8829
9777
2707
8162
165
1534
7476
5841
3118
3041
4393
1689
8843
198
8650
1334
6828
4786
7347
3488
7699
3534
1594
6827
1787
1202
1565
2198
7483
3221
9262
2664
2998
8321
826
9515
9855
8303
5356
9326
7696
6102
1015
6539
6300
6018
7873
3128
804
1572
2969
8503
5106
915
1682
6893
2117
3248
5443
5952
6469
1058
8616
5819
9379
5795
5335
5587
450
7043
1265
8146
3145
8632
4686
9446
4650
8911
8926
5454
6836
1895
309
8294
2810
8344
1540
4927
1592
6983
7231
4413
8041
5848
6584
3773
1643
8271
5712
8445
5315
6977
6591
8460
1961
7629
4258
6612
2893
3185
8418
9729
1432
5080
8023
595
3424
9563
1874
1368
2899
9106
2133
940
4954
8717
1065
2949
6989
6777
1394
8656
106
4337
7116
2068
1967
7727
5032
4860
912
3450
941
8696
8530
5316
9291
8306
1232
1166
9674
4131
6624
1807
5071
1578
6877
2489
879
218
9266
8625
8874
5725
2962
5990
7793
4929
3717
2825
6141
981
6275
3434
6030
1158
8751
5321
5816
9983
2839
1843
4114
9463
3650
5537
7393
6879
8026
8272
7097
3645
6897
5971
9370
9860
8314
7163
1141
8383
6340
3635
9365
8967
7069
5395
6477
2172
7068
2294
2155
9908
4137
2621
9371
4139
4511
3117
1019
8889
1389
4468
2534
4639
440
1904
851
8754
5419
8344
7137
8111
1979
2854
7079
5401
4601
3556
7573
1670
2202
6081
7930
6339
5054
3653
6831
9565
6770
4202
8455
8160
8670
989
9151
5462
9246
2
568
1017
8346
7706
9129
6678
6912
2560
2079
1514
2468
6004
9536
4671
2085
7466
7362
7140
1119
545
3057
7890
4747
1512
2402
9770
8854
1553
5232
4452
7907
5801
1821
6253
9859
7302
2931
6771
9862
1362
4637
8683
7367
4173
9706
9452
7991
7068
2944
5463
3966
6002
3353
8713
3866
2107
8483
2720
12
68
3524
7919
5869
5346
4172
5728
2648
3456
8851
8863
4818
3489
7546
2185
4014
7252
7990
8358
672
7286
3821
4638
3288
7174
9704
7155
5633
4539
6227
5645
4607
9752
9916
476
5098
440
2556
4098
3896
1408
2961
5067
1249
6859
3604
1615
4111
7946
9973
1136
5233
3794
5774
4873
7320
1830
2028
9305
6370
4608
4950
977
712
4866
7806
5810
5307
6714
6260
5555
4474
9222
6974
5723
2433
579
3691
6545
8525
3664
4033
3758
3811
9807
8632
7483
1638
7012
6789
4360
7972
8091
1689
8684
9310
9495
846
969
6210
7107
6524
7036
2681
3499
9112
5114
430
2803
8011
8955
2819
2044
9066
2982
8204
7698
466
6194
1062
7255
554
9035
5346
2243
7719
1008
8091
8566
1977
653
2025
8502
7689
4706
8353
6801
6172
8783
9604
4184
4090
8776
6228
3156
1758
4432
7206
2224
626
8269
5831
7532
3656
7530
9776
7727
8538
7867
2645
516
8520
4670
5370
6209
5728
75
9363
1901
8858
5319
6085
2948
4095
8665
2457
2206
9450
9663
782
76
4284
6614
3961
7940
496
3737
2020
5386
7956
4665
2254
2828
9336
7624
5389
5064
7699
4752
6965
2909
72
9402
2210
519
8068
4667
2725
7518
682
3508
3946
4967
6474
7907
9259
6970
7996
1279
8708
5952
5945
963
8780
1633
4939
4170
3049
2639
5274
6367
1900
5346
5769
4110
5866
189
5129
4943
7707
5812
8451
8006
779
4925
5913
6390
8247
3910
4022
3308
6214
6319
4271
4995
7952
9210
5517
7353
8201
791
3720
6454
2490
9490
6916
4708
9679
2046
9651
3739
7858
4455
1745
4989
5732
4010
7731
3980
7920
1753
3640
4135
8072
7911
5482
2376
3473
999
9730
8027
8142
3450
4481
6984
9292
1397
1692
5324
9795
7696
5415
7653
2151
7160
8994
7883
1170
6726
8215
5443
4831
1855
5930
2904
6118
1412
5280
5944
8763
5010
3971
3257
4813
4804
242
457
2553
1934
5781
2349
9630
1196
6354
8133
4708
5349
2369
2231
8427
584
7674
3258
8792
3604
6162
1262
1368
7795
7206
131
9157
1177
3388
3970
2333
3630
4428
4887
1917
6561
7236
7899
4110
3590
2385
8818
5291
4754
1049
3718
1690
5075
3329
482
5031
9491
8097
6399
3638
5303
2882
2796
2833
6271
3118
5166
6253
3898
53
4522
6812
3641
8774
922
7232
1159
6092
2523
5913
3494
2594
7603
8569
5923
4438
3601
1766
2535
0
5405
4190
2883
4553
7023
5506
7671
2190
8111
7922
8595
2634
4734
2237
7760
5656
9469
8919
1748
8344
1184
5242
938
5139
164
3213
5929
3765
4980
8464
117
6737
9007
9352
1290
6030
1210
5313
8220
9322
3235
3168
8308
4321
5405
6068
9977
1226
1339
8078
9570
2523
9672
6861
7662
9836
74
3592
9953
1406
8408
6423
4495
7415
5775
2137
3446
6986
7451
8018
2660
7038
7538
968
1360
2943
7036
7689
4169
4727
2119
92
7250
8144
6953
1264
7980
3379
4856
4286
1138
9617
709
1985
3384
2836
4123
3182
6174
7926
7553
8834
4964
5091
9802
2676
8035
3190
6718
8556
7917
8837
8648
1519
6981
1953
2784
1314
1685
3992
1952
9175
9961
9013
1160
3346
1849
5283
6528
4376
3209
4081
3210
4526
9173
9365
7202
3560
2555
272
2116
6825
5462
7117
8344
2443
5422
7480
109
7107
1473
8413
6282
1434
7426
7443
1132
5628
2726
7661
4
2288
8094
3214
6814
3619
2579
368
3531
1487
641
5648
4664
6103
9117
9360
4898
4539
6841
1360
1647
4666
9773
4281
2452
7200
8076
3585
2828
803
7598
2832
9443
5692
6046
6257
5664
4978
6625
9195
6465
3618
1195
7481
9721
312
6841
972
1204
3682
2332
9203
4700
2105
3484
7153
5657
1561
7090
8485
8716
4688
1317
8159
6732
3716
768
2396
5046
3745
1592
7863
7364
9139
5344
7085
5804
2185
4409
7008
2220
6741
6211
6920
5199
6047
425
856
3960
7515
9342
9028
2203
7011
3539
5288
7079
4307
7684
2125
8053
5628
9988
5417
1120
1684
8854
6924
3870
9616
3932
2442
6357
6495
9362
1556
2542
9788
2413
6503
3655
8107
1883
2211
1470
5423
7499
8550
9730
1535
7027
4135
3516
3368
5904
4636
5052
1111
1560
5274
727
5492
7716
3436
1987
3431
4993
881
3219
3758
3736
3226
8217
5620
5437
9687
1043
2936
4589
7125
4472
7969
1261
7988
1337
3517
2624
2741
4628
4184
4368
5355
6028
2084
5144
4367
5515
6489
5248
5086
247
5337
8313
4816
957
3750
855
8352
3039
5445
5477
7511
3414
6738
1851
1103
6608
827
196
1236
1363
4564
2944
7391
6649
8088
8110
8516
4577
9710
9955
1176
5047
8268
2344
6004
8370
3199
4356
7761
4996
6186
1624
8410
9276
3475
5865
5884
654
6062
7121
2017
626
6417
5760
3627
4505
3870
2144
5434
9933
2099
2962
4980
6719
5306
7337
1441
8505
8045
9203
3502
4231
827
8264
3508
655
4130
9392
1309
6544
2865
3327
3522
9282
5439
7150
139
9310
5646
1925
9243
4097
4887
575
816
193
7912
8609
5051
2310
7812
8553
6541
4992
3169
6401
1999
3651
5794
3308
195
5011
2987
70
646
8427
7220
7137
4089
9218
9063
9684
3315
302
259
483
496
4524
9092
1899
6834
3257
6804
3375
4601
9973
9777
6600
9977
1923
9908
6524
3286
2896
6594
3932
7675
166
1070
1764
9384
133
1448
2699
6787
1707
3182
7283
6231
8627
5534
9417
1884
2338
2793
6485
8664
8922
3085
8641
7197
9345
5165
483
8593
8112
768
6268
8278
1838
8032
7663
8323
9480
362
5110
7540
9897
8746
123
8524
4280
9541
6760
2971
8686
3245
1635
3960
2682
6628
1157
8379
8145
7992
6973
6257
8760
9593
888
598
7626
8551
5273
3458
5265
384
998
5162
5482
7474
38
6114
7015
6798
9085
2053
6395
7072
6013
5429
52
7170
161
8198
5162
3486
807
3923
3079
1695
873
7057
6598
6147
516
1864
6531
7866
3378
8365
5340
9769
4479
8707
6567
3565
760
9315
6989
6773
1096
7042
295
1257
1592
1810
4743
2399
5733
7823
447
2958
4880
7045
9105
1748
5261
1988
5967
8640
353
7659
8409
4833
6367
1328
4750
3479
643
1739
6605
1740
8781
3252
9349
6725
5062
4093
9125
7147
8268
9572
106
3148
2969
5563
1249
8231
7552
7216
3223
4257
4875
7984
9090
7594
9312
192
1074
6308
1932
4031
4400
7065
7283
3749
143
2346
4194
9268
9493
2462
5192
5951
5611
4513
1515
3212
2744
9067
428
2319
9676
1655
303
5119
9250
9616
5311
324
2276
3595
707
6676
7013
7990
6777
7156
336
972
2776
6182
3434
7968
2133
5397
8833
0
8609
1578
9067
5389
3897
5096
7045
553
215
6295
169
5526
2971
8797
5474
3678
1825
2487
1668
8602
9643
8357
9574
8771
891
9361
3091
3024
4758
1924
3025
9720
9854
8444
5109
3752
3540
8506
657
107
4801
826
5634
4124
5975
1108
4154
7800
9947
2175
6402
5942
532
2329
4713
7775
8042
7804
799
2800
9728
176
8872
9583
4973
334
9687
4865
8840
344
1325
9994
7522
6959
4118
3497
4419
4625
1297
4366
6800
4051
6660
3684
6380
1373
1459
4422
9177
8610
3575
8905
5139
8799
4840
112
9133
4527
1329
4326
4871
2654
4320
8745
5965
4790
2242
6736
5767
9891
7454
2567
3943
4114
6251
6675
5487
7710
7450
1016
6321
7377
9922
1460
6176
1114
7924
1662
5642
5605
2340
6865
4612
6660
1963
6929
7802
4205
3666
9922
4097
1120
2489
4392
1587
8741
1067
7074
2803
8517
8091
5476
2246
4365
3288
8423
5479
7564
6437
7473
3170
8777
691
4134
1789
2654
1063
5943
3211
1081
5865
3660
2202
8355
8052
141
3448
9120
7215
2603
3989
1658
8080
6236
6023
1368
1011
7855
5285
7448
1680
8455
6225
8723
8941
4366
1377
4
309
941
1086
6175
4601
9640
882
2654
6133
682
8126
3348
3285
2115
5007
7717
4703
7382
5438
5714
1589
723
9514
3270
5530
2091
1993
4471
6457
9723
827
3119
664
8265
5646
5265
4257
6528
4271
390
3562
2397
3739
3199
865
5098
917
5568
8832
2707
7635
422
3430
3501
3692
5312
1945
2037
9783
4754
1760
610
7873
8776
5228
3519
4042
9485
6399
4665
9876
6313
7063
9967
9513
7928
1417
6782
9848
249
9489
3835
671
9271
3689
715
4583
5634
2753
718
388
865
7680
8262
5994
2908
8133
6388
2394
885
1053
8622
7198
8116
8589
6711
2396
6
3493
8597
255
9334
2432
7279
8605
6121
7994
9540
8107
7099
258
8496
4317
7939
3110
311
847
7595
6699
9593
8480
7752
8215
2031
2221
3156
5094
4617
9514
4940
9566
6122
4274
1999
3401
2880
4472
7747
8772
2580
1199
9031
7428
1868
3322
538
2179
521
8133
5230
115
2966
9334
4682
4997
1555
4191
91
2525
3705
5031
2091
6179
9306
442
5932
8538
1267
32
7310
199
1231
2693
7627
3099
6015
8165
1630
6537
6298
6860
3004
9264
2546
7686
613
4102
8229
705
2979
8287
5736
1422
4466
1394
8217
6751
6284
9484
6783
9947
9683
4366
2640
3662
7465
8656
1827
5447
1545
4477
8659
4549
94
1205
8587
707
1659
3169
1412
990
1456
3501
2413
2274
1247
6982
9025
7532
2818
5808
7479
8853
174
119
2515
3991
5127
4342
9438
3024
5171
4449
7573
5265
5655
2513
5973
7314
5682
7385
4657
7138
7238
3422
9412
8486
404
8438
2370
3222
598
9849
8427
773
6320
942
1116
1448
1636
555
824
6807
5004
8398
2073
7011
7263
4398
678
2945
8135
5335
6435
5374
8757
2199
212
5513
6989
2582
5087
7588
2431
3514
4713
8751
808
5829
6551
2444
2736
7376
5603
4093
2126
4028
7456
9389
8426
8134
8686
6562
9821
1473
1936
4930
3672
2148
443
662
1082
5530
4602
3513
5396
5667
8616
6204
7848
1520
5000
6937
5248
604
1030
7374
4632
4838
3115
3059
2973
8153
9621
9146
9626
7909
4077
3298
6409
872
312
7491
6403
1266
1004
8151
6933
5972
4356
4782
7492
9356
1719
9092
6312
9101
2818
945
291
5933
356
9616
438
9977
8763
64
7886
9192
9715
4295
64
6379
1786
6467
3998
9142
971
931
1466
5327
2065
5311
1035
136
4403
7348
5589
7222
8293
5881
9507
8649
5497
9946
4978
612
6362
9216
9804
2429
9863
9869
5161
1649
2688
9159
7143
3659
6442
8609
8986
4860
272
6374
4996
4676
3722
6938
8250
8367
9171
7757
3368
4668
4055
8346
5281
6770
7562
5085
9199
7425
1306
4360
5426
3995
9871
8921
7654
6314
3882
2993
1174
4155
9367
2522
5183
9441
9460
3433
7808
8631
7542
7528
9652
1598
2226
1285
8368
9788
2722
3919
3565
4029
4632
5343
8024
4503
616
2030
817
850
1375
8343
5005
7094
866
188
6535
6678
9973
695
5310
7516
4575
1314
9114
6801
2599
3834
2941
5321
4105
2858
9350
8737
8201
3726
9593
5169
5757
6762
6020
3484
5106
7377
579
2324
3918
3466
9002
3891
514
4312
7759
5089
5626
6873
1891
4577
7059
4832
9899
7517
7691
9249
2606
2244
2976
2199
7414
5085
5314
9786
8569
420
7163
5500
9096
7433
8967
8098
1325
9481
8763
9084
922
741
2310
2813
5319
5721
7646
5218
3238
5337
819
2197
3933
147
4396
1347
5232
9710
7485
154
6482
1001
2006
1930
8434
7325
29
6111
3158
5144
5196
4081
5885
3858
6894
1204
5931
892
2774
5522
2581
3594
7719
6515
3741
8467
4214
5326
4530
1700
1832
7364
2701
3838
9295
1135
7516
5676
3599
674
820
8795
4755
6705
9005
1650
7910
1288
8894
7036
6810
1476
630
4529
7991
4372
9349
2205
6050
3879
257
4234
1243
9310
8072
538
6798
1940
6214
397
2615
7034
5544
7370
92
4549
5372
4354
5837
4267
1390
9000
5743
2021
9881
86
2745
9230
2291
5147
3109
8901
9381
705
8211
3805
1243
5009
5746
3810
1758
8361
7196
7302
5731
7288
8203
7456
1642
393
1723
9385
9393
3818
1406
5626
3904
503
4857
2547
5650
4318
1448
5031
5023
6012
8836
2619
7373
4582
6429
9132
2943
9977
2786
5027
3618
990
2483
1612
1383
558
997
7128
4376
2403
2754
4632
2906
3963
7179
8556
8282
8628
9939
3305
992
8776
5924
8365
9710
8705
3849
2654
8683
6636
4033
2301
7626
2868
3913
5361
3426
4911
8841
4154
3666
7947
8786
2925
1911
2317
7833
193
7297
7773
9850
8289
2901
2127
3007
2611
832
6856
1617
5867
3492
5650
8168
7470
4870
8434
2831
4648
9697
1672
8802
9715
9620
3940
2640
7883
2610
6826
4428
9907
951
4278
8197
3852
6405
7556
6463
7238
4412
4433
3105
4257
83
7626
1727
4954
2412
4559
9602
2109
2583
4757
8176
8555
5049
7169
2790
7659
3995
7218
7567
4946
1497
2116
5150
4254
9672
7965
7844
436
2398
7302
4693
8834
4928
6421
140
3692
7332
6094
5801
6267
851
329
1175
2253
7498
3965
9912
7845
1184
3831
9143
9033
2299
4293
3287
8323
8611
1132
8760
1009
8434
9805
6195
9714
6226
6335
3406
9910
2430
5559
2530
9633
5888
3705
1886
3387
4022
8151
1232
1558
1982
376
591
4282
1021
3879
2605
9632
1363
7717
6994
6149
7523
3189
5863
101
5877
5621
6364
4659
1180
8894
4292
3420
8951
6179
3159
2973
4330
4392
4532
2664
1120
1475
3298
8493
1706
2256
4478
3069
9973
1472
9218
3848
1013
1433
3950
3242
7054
6666
7901
4586
5560
2194
8007
863
4725
1166
3836
5407
1910
4720
8071
9382
6196
1370
7876
7902
3626
8706
7324
9951
6530
2894
3800
7543
4328
4102
7138
7734
768
5039
2321
2680
3585
6680
3543
8310
7846
3731
3717
9757
4804
8141
9139
1000
5863
3367
5254
9489
2073
8930
5792
8603
1825
9592
2499
2505
3694
9637
6591
814
1028
8912
3494
4614
5592
3389
9276
9791
7121
9346
9548
1925
7487
5039
9277
3350
8407
883
9191
6832
9814
4983
1788
1639
928
4287
4144
974
276
7087
1789
7656
6000
1635
8622
7944
5025
7899
4087
2146
7245
3635
423
1084
5027
6052
786
3434
6935
6329
6618
6749
1312
8406
4740
8592
9045
5236
9567
5673
2324
1356
3330
4676
2991
1952
2620
8016
6203
6708
6514
9800
6695
3289
884
1722
9341
8022
1508
6277
4351
8127
9378
2016
2885
4119
608
1931
9355
175
7604
1679
7883
934
6355
875
9239
5328
5243
5442
8388
1758
1595
1435
1399
8831
3158
741
6854
1018
3370
7557
5497
2748
9573
8383
3219
6534
314
2575
6709
4270
4254
945
1557
6962
1820
796
2290
7063
2590
678
5173
4185
2113
2925
3017
1623
3666
9871
2642
3388
3780
4491
2488
3354
2874
5708
9888
9540
8283
2949
3811
8889
3894
5368
5851
2066
2516
8141
5482
5106
5171
7007
5644
3637
9932
8661
5260
9950
4884
4254
3338
8664
5098
2179
2018
7972
7887
8258
3865
2522
7560
4028
1411
7806
5748
7263
6225
8264
1756
1707
9722
3280
5066
5366
6917
4999
4027
8529
1301
8911
9136
992
3928
4234
3171
2298
8558
1058
6909
8775
3580
4469
2803
4991
8627
8551
8606
4852
3167
6715
2911
2890
9995
7978
8256
3264
9329
8636
8145
630
3899
3633
1622
7827
4219
4793
126
2778
2203
7035
7905
5783
7856
709
7127
6483
5612
2085
7688
8780
5152
6951
1670
1499
1281
6278
4763
6962
4914
9261
7593
8814
2894
5567
2993
7114
6713
3119
6244
8916
154
4149
1052
4362
1210
4531
7198
6823
2968
4886
1955
8121
8189
9977
9620
9471
6255
4384
6433
7522
9997
378
2688
9243
2298
5681
6357
9011
8801
8953
4279
5307
9455
1683
9670
7017
6214
6868
192
9183
8106
2147
3656
2647
2124
3276
8470
4732
4012
4904
2254
4009
1634
4942
3253
3932
623
5962
9295
5776
1268
9927
1084
723
1610
7106
4092
4177
326
4285
9712
4784
6432
3368
7431
4909
6644
5902
9641
657
7158
1895
1018
5144
3189
4271
9077
164
234
4724
5941
7854
4651
3377
4929
2614
6835
9021
3143
7161
3306
2855
8297
9739
2575
5728
4648
9219
7982
641
6228
5140
2536
7247
285
2077
1518
5714
2241
8104
438
4534
5958
1442
7911
887
408
1098
6261
3551
8259
9567
6406
6556
5658
8981
8637
6658
4552
6619
7299
7133
1760
6187
4380
8397
8264
2250
4111
506
6707
901
5040
9017
8695
9304
6257
9103
402
2518
2654
5014
2085
5412
7922
4096
745
2911
754
1650
9531
8054
8783
7643
593
3163
2392
8858
1765
2855
5716
8472
108
7108
7490
8804
2764
3747
4259
9519
2617
3266
885
4702
5030
5159
8798
5776
8071
5905
3778
7602
311
2561
1597
904
2076
3989
6114
3841
6844
8182
2314
6952
1643
6156
2108
759
6255
2720
278
8872
5986
1163
9926
1016
6323
5077
3144
746
7334
6922
4700
7645
5835
6297
4901
7911
6638
1016
1753
9834
5550
419
3138
7193
2927
1599
7953
5534
4319
4583
758
6657
2099
684
7673
8422
2113
7170
9168
9447
444
3868
3444
6280
6517
8346
4191
9507
5714
2296
9341
1264
2715
2479
4810
1994
4078
9115
7528
4749
3698
8286
1406
5797
5323
5432
571
7436
2602
6091
3236
9398
6311
6680
2030
9180
5026
6222
8687
740
4870
8028
8357
7586
6860
3167
5932
7290
2282
3461
2040
2332
1747
3446
4482
3422
8878
5053
859
7832
7497
447
3583
160
7127
5613
9341
8506
1835
8028
5598
3058
2409
3955
6996
5621
7122
2928
2911
5756
6389
1303
8089
4489
1102
2571
7911
6332
3976
5122
4165
1473
1921
7748
1634
9049
9713
7327
3907
7901
1707
9505
959
468
3461
7955
6089
6935
883
5353
2692
3625
6656
781
8114
7758
9704
2377
4091
3680
7500
4608
5154
9421
8708
3140
4822
8421
6819
5081
2674
8526
4587
3633
8995
4400
1588
1436
7687
8824
6789
379
2449
9798
7512
563
7556
7216
2940
7999
897
6792
8959
2403
2566
4019
1895
3740
8793
8714
5174
1467
3592
9761
5101
2587
513
3041
376
8200
1865
7165
4932
4314
6963
8796
1229
872
6013
522
5223
3262
7314
535
2017
6232
4554
3912
6325
3347
8978
1499
4815
2570
7612
6268
1510
4477
9309
1886
9029
1175
5403
3961
5489
8719
2758
6719
9591
5123
7241
1166
8385
907
1701
6754
3492
6256
666
9817
5955
5996
7668
770
4918
5280
3390
6428
9757
2700
4666
8786
227
6422
9100
5716
5141
8210
8787
4732
3333
2380
2250
8070
9640
3952
4824
3132
6560
1842
9301
2515
7838
6969
9638
2756
8601
3028
5537
4710
2080
6555
9848
2307
2977
8948
4376
4470
3510
3163
5554
6843
1896
7805
1265
1536
1757
2441
4668
8317
4283
321
7184
8473
7290
6822
7582
2243
6203
3119
6953
8283
6026
6801
591
5356
2102
4967
9826
5612
4482
1733
2456
6378
9538
73
7914
7647
2515
8934
2316
6798
9255
9500
5272
2897
6323
2854
5140
2526
2325
2093
7161
4703
8895
7752
59
997
2719
6238
6609
3554
4323
5417
9932
3861
5491
7847
1508
4358
6781
176
1156
2389
9676
2780
5286
2351
1986
427
1229
663
2520
8391
5367
7767
6143
1778
5116
5215
4368
1726
8769
8691
3495
8701
8904
5338
2900
6764
9696
6034
6940
7205
8423
6617
6337
3709
8968
4676
488
6550
5339
3009
4941
7058
7128
7436
5189
2245
2651
5909
323
7772
953
170
6474
9857
5509
5726
6622
1557
1760
9914
5114
183
6531
7804
245
1852
2480
733
8402
4171
94
9695
7582
3575
7131
9123
5820
9783
5032
2495
7555
2337
2665
381
2195
4526
6108
5169
2436
4220
5083
3902
756
7967
1706
1001
9819
4186
8086
4573
4710
4533
4268
2292
8108
1399
7767
280
7534
2799
2775
1442
5137
1792
8175
3684
2671
4283
8853
5107
4856
288
9009
5612
8255
716
2965
4426
1254
7403
8999
2316
1936
9619
960
6396
7371
8727
6676
4905
7879
9451
2699
9368
7596
875
3052
267
1510
8257
5374
6366
4897
735
8330
3153
7803
7647
7579
5410
5051
2931
7726
3339
8902
8687
9736
6273
3766
6412
7531
1645
2216
230
1013
9812
7457
417
6431
8968
8674
8157
1686
3572
8892
17
3077
3048
4016
7008
8458
5419
6291
2536
8759
5194
1223
4847
7819
4990
7611
5350
2987
6179
1933
4001
5991
5742
4418
8774
4710
9445
6931
2749
9369
5824
9118
2446
8872
3134
5806
3682
8554
2098
6218
3665
7292
3794
4864
5111
5136
2475
6814
8123
8655
5099
2124
998
841
2895
9773
1904
2340
6704
4653
1709
8880
3771
507
4104
3257
6313
7786
8163
4763
357
1828
2055
4151
6692
3519
9287
5520
6685
3762
4175
1784
5887
1525
8977
5134
7650
7233
7474
4355
1886
5535
9587
2009
2394
3692
5267
5059
7830
9782
9823
8187
1611
8230
8690
4655
1749
4329
6527
4786
8092
7054
2922
331
8580
1900
5465
6230
9133
9291
6937
7372
1178
6525
5733
9924
6569
7352
4983
751
7135
1158
5291
5098
9389
3981
9753
7490
4663
6281
8629
9107
3335
1551
9438
8267
9803
1255
4498
5289
6898
7787
2661
4428
664
4746
4352
3585
2099
5687
4337
5586
3198
9628
684
2587
9961
437
6429
4624
3070
5058
3731
2758
2962
9521
1025
2765
7128
1875
8054
4026
9663
7067
8454
6679
1814
9158
265
265
1198
4602
5851
4396
582
6535
3335
543
3324
6116
1520
2747
1175
1603
5505
489
7477
2882
3254
4605
1110
1309
4984
7125
4728
9790
3804
6542
5301
4069
3159
6499
5023
9010
895
5605
1897
4230
2501
1574
346
373
4321
7873
1976
6178
8362
5805
9060
7969
411
170
5630
1747
7295
358
1537
7452
3253
6838
1521
6412
3337
6545
1775
584
8502
3672
1166
1003
1598
7865
7728
5919
2090
6057
8449
6805
1862
7510
4774
8625
4032
404
372
7680
762
8262
5132
367
1452
3005
6780
1142
5902
8555
1726
4405
8579
9245
1760
178
7110
9489
2449
9200
5546
899
2357
3760
4761
7131
2386
5145
3887
9110
2825
1002
7372
4309
1369
8825
7315
4501
9967
3217
3056
8045
3974
7988
7290
2087
4518
752
7928
6967
6305
9826
4218
8662
3586
8979
2146
5972
4125
6033
1435
3302
3387
8807
7612
1109
3984
1279
5610
303
4496
5019
8349
4823
3007
5639
6910
3877
2744
4838
7196
9049
4664
1415
7711
4602
6746
9857
6927
7223
2243
8362
6878
1982
7169
4490
3091
7506
2121
5054
7809
2969
73
6158
7792
9432
8150
1054
3309
894
2244
505
6295
3260
8272
4006
7863
5019
216
4790
8594
8811
3152
5472
7145
6673
6314
237
531
8435
5291
8341
1405
1716
851
9197
1148
9001
6604
4457
6247
8848
1314
2542
2109
9587
2901
6324
958
9469
7466
9552
4632
6970
1377
1777
3643
7691
8366
4175
6127
9
8868
3884
1725
9719
9433
2873
5073
6037
3682
1320
1238
4997
215
9699
936
9468
6023
8246
5289
3489
7798
9921
459
5527
1698
454
3219
6417
981
5698
6426
9849
5934
8152
5921
5367
7377
994
1405
1060
8666
2643
2409
5233
2342
9697
4701
4717
7943
6342
8206
2093
6263
5017
7621
4314
1823
7192
731
2805
2890
7157
9006
8824
1661
1279
543
9039
2273
1948
6451
7292
943
8860
2525
3285
8557
3579
4354
6500
9921
2560
8593
2537
3929
2566
6851
2105
9758
7582
4910
9000
1091
268
4176
2753
1548
4720
8144
173
6668
4595
7465
3964
3455
6343
7249
8364
9922
1604
1216
6195
516
6161
8732
798
8728
5583
2903
8486
9517
4165
7487
6961
785
1663
6066
8685
2735
4210
8859
9404
5157
2676
3368
4964
9019
6969
3328
8941
4925
896
5137
1794
7057
221
8944
5785
5805
1847
624
1674
2364
8111
4987
3149
6126
1053
1835
8862
1615
7046
4618
6772
9722
4338
1736
8742
7659
1416
4035
2585
2312
5524
731
9370
5746
9675
1507
7903
1522
2131
5929
238
242
917
3387
2721
1970
1574
7935
9938
8620
2553
6710
8343
3243
8447
3437
902
6215
3824
9839
8528
9349
570
4250
1447
6597
5757
9350
4471
7889
1631
4709
4483
2548
8097
7204
871
9671
1491
809
4644
396
3871
2987
3639
2318
2776
894
4886
6600
733
3414
5949
7656
7664
3748
4253
3421
9450
5077
7662
1082
9786
2146
3630
4235
5702
853
259
7194
1662
4903
7590
5534
4242
7582
4204
7018
8476
9090
9970
9209
8856
2272
3217
6520
6020
3823
6294
5471
8900
3956
6553
8686
2454
6535
2922
8157
7389
9533
1703
5403
4436
5645
7289
8678
3227
7846
2048
1703
3288
2018
7265
2145
4290
6834
5017
6663
657
7663
2134
9557
7972
8687
4596
426
1574
3870
4935
5315
3403
6638
719
7839
2284
4360
2869
1863
2206
4917
9919
5495
3287
3536
3992
7578
370
9009
4241
1028
3025
2727
6937
997
7766
1533
1423
9340
5403
6359
4656
8806
9349
1727
2997
7985
6087
5866
9849
4646
783
9768
6493
423
3304
485
8001
26
5846
8594
1054
8871
1321
7992
9868
5439
5877
7644
4779
1281
355
5787
6439
6056
3866
9437
4042
6306
5303
3891
952
2439
11
7445
2862
9667
4282
7215
9693
128
2161
7100
5352
9834
1444
1572
5273
7321
9216
6404
4954
5923
8544
1394
1980
2410
7183
6022
8716
8838
6265
6020
1277
2628
9817
491
8647
4099
4058
8340
580
6219
1792
5932
2405
3236
7504
4030
6910
3073
435
1864
8996
5331
3258
976
7741
6793
3350
2810
5632
9615
5182
3261
8595
5000
3753
7242
5451
4163
1935
6031
6735
3727
8315
9140
3316
5820
3171
226
5245
9958
2090
4241
5289
1701
1570
9382
8494
4920
8544
4126
888
3727
7388
9483
5079
7493
6726
530
1656
8661
2914
4743
2388
7581
236
2056
9753
3407
2282
4998
9717
4373
9240
5006
2426
7162
740
920
2082
9285
1399
2970
3012
8787
2454
4443
2632
5532
1325
640
4193
4239
5384
2933
8173
5620
1342
7926
5379
3624
2925
1448
4349
8517
2806
6775
5679
3546
4048
7761
2831
5447
7084
2195
586
5890
6638
3218
1422
4316
210
1967
8555
5594
1252
3080
7566
2594
1007
9297
2571
284
745
6920
8801
9903
3696
832
3450
7744
4945
2633
3191
2029
1181
129
4271
4171
3347
2045
8487
3557
4012
3395
5504
1617
6475
9422
563
7482
8720
3134
7766
5817
55
2919
5721
103
3751
5523
7847
8697
4508
7390
7078
5689
7519
1350
6213
7218
3395
4700
7127
3760
8095
8983
5377
4571
8406
2292
8405
3478
5427
2524
5647
1834
5443
7720
1937
9195
3243
9784
4244
4104
3526
1322
9793
7397
9024
6006
967
8772
7059
8094
2532
5154
7078
4261
6077
1836
6553
4483
5314
8332
7007
961
166
8802
8682
2103
4349
8277
8239
8593
2381
8117
6268
8527
5514
1644
885
6481
416
7944
928
2948
9451
4358
3561
5528
6194
115
6363
7860
4799
9722
8821
4966
8525
3855
3421
9226
2133
8013
7820
866
6130
440
9393
7997
8436
6631
830
8853
927
1758
8153
378
2468
1715
2259
8662
8182
4974
6522
2981
4697
1696
7947
9574
5551
7721
8800
4036
5734
2972
4903
1864
9764
648
9861
8201
7279
7044
7054
8207
8802
1559
4937
7623
3274
3548
6285
7808
8523
9160
790
3220
856
5089
2794
2759
2810
7946
6796
8544
919
1699
409
683
8699
6622
8884
5979
3666
2290
538
8821
202
1827
6444
3476
5376
9081
7637
3899
8241
8427
3471
5449
3516
2617
8209
2679
563
1357
1223
1482
9408
7984
8518
8107
4607
3754
438
4625
6045
7328
3446
6247
9156
6242
6075
884
5324
64
1135
9917
8491
958
5367
8360
3575
9928
1039
490
1285
8614
8325
693
6599
6843
5152
7558
597
5591
2183
2994
9271
1982
5593
4779
8224
8021
5663
9900
8085
3150
9818
6577
4108
1537
1289
4035
1465
2328
4526
9102
942
2851
6147
3893
6046
1299
1451
6643
3242
9987
5990
2514
1969
1583
7293
6545
5956
9309
2798
4042
8811
2616
6971
2920
4153
8260
3307
1970
6940
4185
1072
4234
3388
7219
8128
9434
4870
5931
2430
8113
5918
8420
6979
4239
6355
4272
785
2312
9933
3583
2706
8745
2551
9677
8017
3056
4289
1324
1378
7581
5510
2450
1815
5250
6021
6295
4685
891
2227
3467
5356
4497
1887
2335
8737
4594
2960
5874
3258
2893
5809
2316
7990
8360
8345
6007
7768
2634
7332
9146
6567
9194
7948
8383
4444
3969
1030
5481
1212
9609
8948
2921
4107
7187
5256
9196
8134
4568
5070
1392
3814
879
3709
1804
5591
2054
7812
9711
1041
1496
8857
7608
7042
6805
2343
7838
7126
9726
3320
4690
9335
8620
7611
9794
5808
9220
8990
3942
140
412
1686
3954
7643
1747
5759
9586
154
3571
9297
7547
1419
8154
1507
8461
1311
3851
6299
4789
3577
5971
9480
9264
4592
3443
5411
6752
9015
4401
7046
9156
1166
5084
3110
8809
6832
5221
8396
3338
5144
7693
885
6563
2200
2392
1376
9863
2595
7676
1005
2524
9999
6837
1789
943
280
7200
7695
5648
7953
1093
4804
5471
6178
4266
4281
9362
5840
9029
2700
984
3074
9937
7548
1626
8681
8924
1490
1277
2952
2495
3801
9304
9332
1942
247
5964
5494
4295
1612
9800
5388
2768
5271
1566
3387
5904
7280
9227
1285
9980
211
4360
6269
4111
5986
4951
3036
3828
6228
2340
6323
6381
1644
2007
4676
1892
4324
170
2539
5936
6322
7927
5057
1594
5846
8444
3850
3126
4023
5136
9459
4234
9496
5728
8346
1834
679
7734
5663
3259
74
8338
5993
8071
346
669
6315
4670
839
8854
6958
7162
3133
8367
5108
5331
3163
8958
4810
7186
446
4269
1421
9942
6349
6119
8129
3381
205
3792
2992
6631
2130
8985
4702
8828
9654
7369
3498
494
6223
6809
4008
5709
1528
9116
1040
4692
4426
5850
1878
4873
6471
9651
1167
9173
2122
9296
2554
2327
9440
5546
8959
1571
4532
13
399
538
7383
250
1032
9958
3411
1392
5667
4939
6860
3060
9631
7639
5262
7862
8864
1734
3865
31
907
5988
5680
9813
4667
5120
5359
9978
3043
6243
9992
3443
6782
3727
45
4166
3685
3456
5559
5705
4747
8771
8765
4379
6410
4027
8593
5274
2113
2458
1658
3020
4798
7338
9185
5818
8810
4545
5796
1854
7140
5788
1649
3922
5867
1694
4441
9553
5150
6352
1610
9897
5123
6727
628
1534
7106
5573
3160
9220
4384
4818
8592
5534
8508
7778
1352
7319
8675
7149
9173
5815
9289
822
6090
5157
2516
531
1062
4018
6883
2672
267
8358
5751
7248
6244
2857
2821
9405
8429
3557
4223
7022
9092
2732
1152
444
51
6179
7593
5576
8346
6883
2750
4436
2040
1618
1319
3102
5636
4554
2126
2255
2913
7877
9503
9157
7086
8677
4914
5516
2234
9138
8890
1326
8222
6394
1771
4625
2573
5716
201
919
2599
2951
1708
991
921
3027
445
6557
3934
2571
8812
3199
6800
4668
2356
3887
3345
7271
5755
1931
2761
4645
3258
983
1039
1381
5608
9964
7097
2161
883
6049
1464
8943
7040
2385
8323
7486
5294
2257
6409
458
5456
9562
5126
4164
3449
4823
7787
9204
3107
6900
201
6365
4235
7592
4098
9843
7556
7547
8356
4791
3596
6172
87
637
8557
8410
4475
203
7019
7236
662
2475
6798
2140
2991
247
3316
7131
5803
6423
4031
2356
9140
8267
9948
3238
4462
3856
785
9171
5000
4382
5343
5087
1371
253
3497
2198
456
516
9434
7470
9343
6233
9611
8686
2832
9279
5817
4988
5702
6201
3696
4842
820
3645
4432
5282
3853
5217
805
8853
5951
6149
3940
3674
2754
3789
5872
9562
4305
1659
7033
3648
4244
2996
2335
3428
2275
4504
8416
7977
705
8465
9171
1525
2110
3603
3160
2315
5172
3965
1169
1124
6466
1461
1150
5572
5251
3375
5135
9556
5034
2168
9557
9278
1516
8244
9058
3791
9100
3827
8120
9806
2292
3643
7683
754
7246
7195
3069
8770
7513
590
9894
331
2052
1045
5904
3655
4420
1039
9563
5806
9559
9120
1436
1075
3716
494
1218
2817
4321
5690
8975
2965
9333
3010
3719
2931
206
6789
1701
7719
3731
7948
8050
5783
5345
306
9438
6117
1345
9002
1923
7256
4474
9711
4683
4543
205
5901
3712
879
1591
2687
3844
7276
2049
3916
207
8607
705
1909
6326
4436
6209
729
6572
1554
1035
2362
7671
8733
7716
5946
2341
2191
5657
7025
3086
2214
2926
6798
3093
870
5837
3290
8146
7886
7206
4706
6494
4263
6615
9172
5051
2824
6253
1623
730
3641
3986
8401
8726
1702
4347
1067
245
4
8092
9683
8570
7371
6481
1664
4593
2318
1306
2739
6557
4864
7445
9403
9127
412
8575
530
9588
1181
2154
318
4822
2492
5071
9900
546
9418
967
7144
5774
5412
6827
4345
2783
9661
2361
3728
1979
19
6467
4888
4883
265
4291
362
7029
9219
892
6618
6752
9398
3288
1574
8242
8360
7826
5141
4130
8793
2285
6257
4205
9112
602
3340
8773
9315
7068
7105
5686
9888
8345
569
6505
8989
7283
3534
4560
4527
6504
1312
278
6145
9238
8520
4505
7064
3661
4987
5857
2298
1244
6415
7763
8198
6107
2888
3865
9528
6345
9551
9416
4691
6472
2273
32
107
5807
4592
4635
8664
5904
1265
4809
5142
9785
9314
8558
9799
653
767
8449
8250
3534
6212
2800
9642
9101
6666
9170
5446
2569
4938
6489
9042
7211
6521
9149
9370
1113
136
8034
3369
1401
2843
4863
7539
8509
3421
3690
9163
4189
2139
3765
7723
8352
6565
3717
3805
3231
9239
5603
2153
529
2093
1195
7740
4966
6696
3463
2432
6833
1497
5801
4586
4341
665
8477
2850
438
2167
8365
979
4307
8482
5055
9011
5048
8772
9168
4631
4364
4771
6784
4893
3216
7979
8986
8183
1028
2449
6967
4213
3946
2768
8799
4639
9785
7277
7490
224
9444
2207
7555
103
690
2610
5466
2090
7735
4634
6721
8451
5758
3506
3344
8974
7837
2330
3509
8865
4779
476
9430
8726
9597
8230
3365
9382
1859
7207
5958
1303
5767
3514
7759
2809
2476
9577
4899
6563
4212
7972
5014
6322
1478
8359
1648
5668
7041
5158
885
1821
1986
316
6899
1583
4898
6616
7318
6757
176
9628
4412
2295
9494
2171
5104
1971
8101
6355
4886
8665
4327
9901
4987
2158
4612
6635
4178
1653
8145
5063
9826
6484
1731
3077
8067
6629
6046
1737
3386
6222
1366
4151
8517
860
6322
9973
9183
775
6328
4070
9440
7007
323
4427
5517
4935
1063
9695
2940
5560
1111
9119
2044
2842
2196
6464
5824
8242
8201
5562
816
5919
9713
5685
3132
2388
5658
2315
3163
8338
2737
2604
1698
3060
7031
7215
4347
4446
6911
3640
7
4374
2759
2051
7216
1307
4867
3040
5902
3069
8603
6718
5340
4668
8756
8472
7056
4414
7140
220
9105
6229
2824
7155
9290
9855
4370
9989
654
7633
3629
661
2007
6388
9064
5576
4048
3932
4968
9950
3353
9923
3020
8693
4592
1776
3518
1648
6191
658
1868
1648
6887
4692
8803
2529
900
9525
2519
1554
3511
2500
8567
1870
5241
7631
7446
9289
7915
2415
9239
1268
2338
2259
6314
6930
4036
6184
8579
6579
3194
6799
4579
6433
1492
3382
8963
8744
9259
7834
298
2770
334
5217
4641
1927
2848
8439
1216
7116
7206
455
4736
9545
9067
7402
2827
3103
3586
7758
6034
6780
4558
613
3214
2402
347
8529
1146
5958
2715
7796
8729
9401
3013
9722
1329
2213
4513
2545
5681
1720
9353
418
7617
8420
7820
444
7875
7759
8203
3909
4539
9113
874
4105
7867
7573
8986
9013
3531
1701
3161
8612
1103
6174
4686
2432
4739
9200
4977
421
920
4330
839
8537
2750
5011
5333
6977
2770
9888
886
3662
9001
8112
4119
6868
5685
3106
2233
9217
4807
5394
7829
5910
7920
2516
8342
9012
8068
9672
9433
8988
354
6624
3877
9457
1635
9210
6434
758
9099
3673
772
4452
1785
1243
7673
7471
4349
6258
3040
5509
8005
869
7771
2277
9737
2466
1289
7805
2138
722
3145
2492
7346
7022
1949
5334
2585
8384
2444
8036
8409
3216
8840
194
811
6513
4017
5161
9124
7057
7022
7129
4279
4793
9406
368
7259
696
4526
5749
7770
7671
4594
5117
1046
6543
451
9983
1279
2895
8019
6040
2463
3211
6235
9626
9725
252
1139
5201
3662
8161
2330
4293
9307
8088
4661
6566
8784
9187
8668
2907
3211
3262
8024
4257
6157
4827
592
3789
4074
4963
9829
2889
8174
2416
2515
4251
2669
3655
9452
2683
1816
8134
6976
1123
6223
1637
4042
1359
7177
2710
4266
388
2324
8642
997
8481
3469
1589
8622
7543
2904
8452
6784
1078
868
9300
5330
9889
2955
1134
2572
1123
9269
5900
8599
1844
7538
2641
3203
1067
1703
3822
1455
379
2464
8804
8860
2286
6745
7483
9829
9649
2287
2966
727
3155
2266
2409
9397
1573
3544
1969
2696
9165
4222
7647
1009
8112
6640
564
9179
8343
4386
6986
5074
3203
5790
3935
5489
2535
7770
1670
8536
6409
4636
9263
9564
3254
8025
8961
4827
7921
7283
3876
7086
1505
1523
4447
5969
8164
1363
5148
2859
2102
2134
7934
5305
4276
8221
794
6811
2343
8816
5347
8752
3453
962
4668
6707
5339
9982
7887
3260
3617
1763
6698
1474
3286
7497
7443
7802
8861
2591
7014
963
1077
1300
6268
5353
9521
3414
8516
8216
2230
215
6968
2035
1177
7988
8743
6517
7970
6630
6129
7939
4745
2828
9413
4383
325
6856
2186
5538
5799
5552
6501
6876
6852
9121
8581
2725
2535
7097
941
1118
7312
4261
3153
4842
8601
8248
7711
2924
1230
3840
863
5975
3020
277
359
9698
3485
8897
5236
9285
4449
8090
2513
7653
7211
7447
378
6099
4544
7671
7217
8209
8284
6722
3051
6885
1323
7114
9809
2553
954
673
8529
327
7302
5240
25
787
489
1613
6424
1290
9703
8938
8943
6915
6385
5673
9366
7281
9696
2935
5490
7980
9657
4893
1217
980
8359
1027
9886
9314
8052
4767
5993
5354
7
6018
2493
496
7631
8918
1786
7335
4208
7081
602
593
2754
9968
4226
2450
2903
6069
6782
8912
7314
7999
6245
5674
9026
6131
1340
3430
898
7333
5136
905
9703
7630
7753
7334
6548
5891
1021
756
9324
7975
7701
8430
4295
1927
880
3550
7996
4014
2463
1663
2013
8708
7337
7392
1191
8677
822
2089
6010
5959
9346
5713
9941
3451
9399
6489
9342
6773
7245
5018
4748
1298
3448
9044
3225
680
8946
7574
4694
1409
9237
6707
6469
2926
451
7660
1603
7626
9749
3965
9937
5447
6030
9878
8898
1781
6367
4592
8554
9964
9610
9655
1262
3058
5051
839
90
3997
4765
4784
5407
4002
7844
8228
3280
8295
5889
4883
2273
1990
5200
2210
7438
7582
2088
2688
9364
8455
7281
7918
4771
3243
3925
6033
2654
8976
3225
2744
2974
7990
3881
8381
8345
1725
2961
1625
6372
8850
2861
8646
7193
8061
7208
983
5644
9297
3671
5008
4104
7304
9278
8876
548
3204
1261
3202
2180
4486
2298
1506
2477
6179
6239
822
4256
9201
8799
6981
8051
1660
5627
1596
9722
9187
2579
1718
8484
6251
3078
2589
3555
8708
7817
4103
1912
9078
3657
445
3565
2308
1951
2394
8487
8191
9568
9096
7392
8367
6077
1795
28
8056
9744
6102
7243
2323
4172
5728
8574
7250
4669
8482
5958
2486
8937
4223
1564
2595
1020
1481
4903
2971
3875
9742
7514
3443
8838
1258
8163
4915
9406
4543
2971
9150
645
6567
1473
1169
2295
6400
8419
6964
4882
729
5802
3819
1304
3718
2766
2324
5200
4021
1648
5427
3764
5514
8871
8954
6773
3386
3870
2531
7929
3193
1681
4926
9760
3154
6095
8407
5906
866
1723
788
7947
7525
960
9252
1244
3726
7928
2796
7748
9576
8223
7864
5091
3446
6818
8216
6832
7040
747
4761
234
2428
9687
6346
1934
2134
4754
4193
3000
2829
4981
948
355
2293
6552
7951
6020
4480
747
120
409
8970
7984
1852
2417
4802
68
5601
1843
7167
363
8429
5947
6402
4775
7881
4889
5881
8426
7889
5063
3408
5189
5418
5701
8093
9721
8073
2574
6820
8193
2983
2142
6177
1187
911
7332
1255
6513
9175
8422
3228
3956
4369
5982
5083
8602
871
7317
7029
5113
2380
6789
302
4150
8842
8396
3871
3268
7322
7043
1461
6657
9185
3991
7844
97
7675
5451
2962
3202
3873
6190
7158
4594
2172
2241
9548
3044
9558
2929
8157
8290
9718
4811
2440
4913
9559
6311
8181
3233
9706
5994
6242
8892
6337
4086
5341
4012
9537
8303
7214
9762
4493
4372
708
3017
2966
257
2413
8876
9538
6922
7167
9257
1734
9607
522
7645
2271
5055
7231
1977
1049
3473
7221
3739
7560
2562
7751
3449
865
4966
9564
1710
5690
6624
4728
8656
3233
3493
3885
2772
416
1052
8381
8502
7011
8903
6147
9282
3958
9730
7612
1359
3204
4833
5098
7116
3748
9202
6917
4613
4168
2833
2676
6210
9458
3756
1219
2691
7249
5104
1815
7665
6156
196
6167
3167
5451
8667
8802
5761
8397
2766
3473
7953
7599
4923
5069
1347
4125
1987
2313
4645
4820
1341
856
630
5097
2075
9674
8698
7179
1489
6364
9687
8038
8883
9206
3489
3902
4360
5603
8652
7126
9076
6605
1078
3999
1675
2425
4477
14
1090
9122
1186
2431
9978
8169
3880
8405
7843
2579
1936
5684
5295
7975
3722
4178
3534
3564
4433
7894
9167
3085
1373
4595
9690
2451
4946
7717
1228
9423
4083
2319
8546
5270
1102
4876
3439
4983
3282
7634
3914
1570
3318
9209
9546
7041
9739
3080
6957
4172
7326
2476
7257
8699
7071
3300
1150
2017
7369
2379
1441
1453
1050
9987
3075
2152
4863
2866
3487
4497
500
7401
6068
3818
6610
1966
7211
6350
1398
520
6874
8724
2996
484
3776
67
3784
1278
8437
1153
9
9878
8958
1059
6217
2033
9564
7432
4899
3051
8282
1751
453
702
1922
3415
2668
5485
6117
4066
6006
2992
9142
9002
9828
2918
5422
9964
549
3859
1117
558
89
6428
1618
2658
4813
7534
90
9713
585
4724
7816
7390
5426
9738
7158
8094
5224
3275
8512
7582
2619
7655
6584
2447
6925
8358
2411
7474
8569
9881
4385
8658
2661
2355
7668
7474
9889
4111
3539
6826
8835
1356
569
4262
7446
7727
8708
2670
7354
7221
6604
9974
1228
9541
8773
4505
7899
7537
8332
6469
3770
2717
1479
6431
5072
5500
3905
1313
9611
7445
8139
8446
5153
8708
9060
2599
2787
7769
1622
142
1342
8226
6468
8922
7767
5241
9779
2019
2778
8111
8488
2900
7180
6319
9331
8604
1819
9589
6269
1430
3386
4409
6229
8539
9469
5289
1138
8609
9410
2760
8751
7104
7339
5219
6026
1458
460
5806
3477
9591
269
8317
8843
3802
4637
8175
2406
2808
4116
8676
591
7502
9437
3172
6041
5258
4813
3531
3867
4224
2644
2618
1328
9983
4189
3707
7793
1002
9513
1271
6945
6134
9588
5788
9936
577
315
8695
9738
4431
3723
329
8285
3160
3501
4326
4770
8314
4210
8638
8890
6854
7608
6571
3189
1798
278
982
9152
6143
8605
6097
2277
8194
1885
8566
5123
2201
7261
4861
2984
984
1542
1270
496
1395
1948
5266
9710
2510
256
4952
9364
7865
1523
8905
6015
1801
6240
5167
7944
4845
7616
6574
9391
9501
5140
4515
8054
2401
5728
7391
9737
7271
5013
233
8666
6961
1851
4728
5824
2108
6033
1540
6325
7556
446
2340
5710
3038
3859
3654
4235
7827
6580
3627
7328
1720
4494
1735
473
6574
5478
6562
3845
491
6795
8864
3804
8647
9944
9628
7107
5977
1169
3432
3534
7967
2124
9244
1005
5983
9250
5240
3810
2183
5219
7490
255
6065
5577
729
2640
1055
3643
2837
7898
6791
1701
8055
1790
1646
7683
8897
3975
5204
2329
7509
9523
4453
3105
528
6788
8708
2121
6950
891
3692
792
1146
9758
6370
8227
8750
3777
1871
1587
8028
8662
9641
6083
6804
7639
118
5701
1614
5323
4382
5476
1198
8835
8581
8079
1975
7289
6552
8925
8180
244
9717
5679
6354
2439
3906
1456
6217
5777
3044
4245
791
9037
6680
7595
6676
6798
3296
4642
8473
7678
