101
560
64
23
980
575
113
395
935
188
233
788
745
323
362
180
182
377
219
837
662
908
576
870
640
326
545
489
250
386
898
703
947
963
78
279
890
192
674
826
732
259
614
477
582
976
658
117
705
229
306
367
489
235
589
130
561
486
619
163
873
870
218
172
833
297
451
75
489
125
901
573
385
867
51
319
195
61
788
901
642
447
620
132
682
562
614
595
48
585
759
921
455
977
445
640
274
896
716
115
374
969
689
111
189
92
782
384
505
571
285
499
18
258
631
52
820
597
647
868
535
758
142
990
736
939
983
362
836
51
830
562
20
871
673
561
315
807
946
820
378
583
671
748
841
303
152
13
252
800
234
787
558
376
130
646
315
113
9
503
516
839
417
888
62
442
450
377
250
396
549
980
331
220
729
525
875
233
538
128
33
772
267
944
500
397
590
168
862
951
671
378
142
441
267
204
883
717
933
133
465
482
114
796
703
195
673
578
428
212
706
814
984
326
110
485
723
52
653
938
4
676
316
498
469
935
55
353
4
988
486
821
823
600
618
526
147
291
104
576
855
163
742
840
489
852
677
564
904
682
502
260
710
171
111
180
458
518
533
463
858
371
284
681
324
254
207
471
898
664
399
753
827
141
945
668
345
974
584
602
8
439
214
719
610
325
251
68
195
136
883
54
507
168
735
831
774
943
655
672
607
406
778
786
548
75
806
245
50
390
199
58
829
414
129
791
91
380
212
287
516
95
341
376
263
428
559
38
371
214
62
330
621
840
468
521
916
626
118
318
369
318
728
550
732
858
342
175
590
906
814
459
1
507
835
617
936
394
7
659
961
69
342
582
262
162
455
530
789
573
848
158
243
928
60
327
786
402
503
729
660
317
188
662
825
375
279
113
769
638
772
730
59
114
664
321
277
471
203
66
45
403
576
288
332
636
968
470
391
471
199
51
140
387
65
965
114
696
78
884
334
203
966
394
317
983
67
946
454
271
364
851
674
940
492
6
929
460
829
672
283
28
723
423
768
789
741
882
485
171
118
172
374
437
566
692
420
633
990
226
256
355
430
283
295
274
289
576
734
470
248
369
499
972
792
267
113
533
501
950
705
620
122
79
57
40
123
829
674
114
407
282
469
837
565
116
111
207
45
197
677
293
566
176
617
359
795
730
244
297
33
301
269
155
733
678
196
856
507
222
322
914
504
143
752
422
612
215
629
657
413
306
950
979
483
920
690
630
2
287
279
35
588
548
543
321
226
91
530
85
313
852
0
169
348
104
591
960
671
220
969
84
879
271
416
714
191
458
344
194
745
624
229
686
524
124
7
103
215
537
188
880
742
540
402
442
644
345
754
668
918
723
752
797
994
520
511
186
331
207
732
428
183
313
114
708
438
122
811
5
11
351
886
753
892
640
195
536
985
949
204
903
24
309
700
19
181
563
557
864
123
641
293
306
954
407
366
744
881
529
750
893
881
636
998
773
276
194
661
613
495
218
517
520
879
569
891
60
133
800
277
608
441
570
914
395
329
633
140
211
162
890
104
43
878
102
168
506
648
830
119
144
400
988
16
279
558
907
691
43
707
968
651
500
538
917
895
868
550
387
79
713
629
535
108
859
989
277
365
638
459
837
134
859
825
150
138
383
409
829
778
468
798
429
968
688
347
215
556
897
603
987
962
584
874
71
444
864
348
161
854
159
998
988
18
824
490
508
559
251
337
338
719
487
119
39
176
466
254
84
716
209
72
678
794
946
749
590
162
449
751
16
960
750
4
978
926
846
486
837
97
176
527
168
663
647
207
191
465
814
276
181
23
700
212
169
646
961
759
161
763
511
177
723
613
534
54
891
380
540
80
830
68
608
998
732
607
558
923
72
372
551
606
747
251
818
917
250
131
28
411
246
891
588
970
856
122
376
747
855
268
828
685
337
436
35
69
43
593
344
467
317
896
73
65
147
243
334
397
375
362
160
621
254
749
943
110
223
319
210
430
940
38
467
277
826
503
698
221
448
42
40
766
290
466
183
790
709
517
539
436
231
700
58
837
801
353
300
376
25
510
807
965
900
626
242
78
481
940
651
930
334
691
48
977
157
583
767
219
100
658
655
683
358
713
521
511
419
821
888
796
331
47
761
583
673
355
661
155
647
312
437
333
355
837
310
865
420
429
84
872
88
739
555
798
805
76
310
224
249
198
20
580
597
133
515
622
488
176
777
135
840
566
820
548
755
131
413
527
560
497
399
0
236
307
799
41
735
109
617
985
659
989
917
608
122
433
230
962
961
360
449
154
278
270
702
34
401
467
561
313
964
313
666
552
972
465
946
707
926
563
44
937
905
962
545
379
747
775
342
60
487
791
214
766
413
268
800
166
735
713
480
51
378
498
604
350
963
550
410
241
465
806
178
722
768
75
102
867
202
444
280
690
587
846
456
353
115
608
519
202
321
351
254
52
849
858
754
164
760
164
405
577
971
935
300
91
362
402
311
565
198
591
607
137
437
63
490
904
23
10
107
696
713
713
748
563
923
503
727
683
19
485
612
342
420
912
786
783
314
97
700
864
40
307
2
829
722
844
734
745
206
193
441
920
906
190
835
829
45
562
864
416
399
476
759
172
389
897
307
55
994
7
272
386
666
274
215
388
470
949
133
677
494
926
597
400
468
432
581
865
346
445
282
98
922
41
270
663
938
577
718
284
936
342
22
602
616
237
342
439
539
827
116
33
753
65
786
574
497
367
439
195
813
721
293
87
114
563
750
404
492
820
688
780
163
62
734
131
300
76
570
191
255
686
576
9
103
362
583
600
730
22
148
895
96
441
982
210
357
84
615
201
904
655
982
419
718
716
551
18
145
473
561
400
512
137
761
615
500
344
568
582
719
716
477
815
157
811
377
866
895
992
68
151
648
50
571
366
118
474
736
263
299
297
16
811
434
777
427
286
474
347
220
545
63
49
360
220
860
737
87
107
82
507
611
730
557
182
448
27
8
536
643
307
833
659
471
619
788
250
258
262
597
478
807
660
528
519
232
740
609
671
848
43
178
459
773
87
993
573
115
353
109
758
12
294
769
483
265
557
733
523
172
330
354
331
342
234
203
575
974
812
246
174
855
777
985
980
864
330
905
331
683
14
89
696
660
210
179
925
120
265
801
292
947
155
623
290
741
826
865
715
990
463
242
197
240
227
177
105
558
434
436
241
448
878
289
108
88
821
386
560
86
187
852
33
694
828
675
435
654
540
502
997
4
744
194
596
972
724
701
882
158
490
123
959
368
765
419
808
586
805
369
24
344
573
409
390
401
85
177
408
625
680
405
981
776
951
578
100
675
631
982
834
121
458
145
841
223
564
2
161
370
723
185
66
648
946
457
50
31
634
810
9
666
215
990
443
166
920
895
194
552
230
380
25
688
525
219
263
89
573
776
811
296
961
878
944
259
335
346
291
321
156
300
988
371
642
783
890
915
30
84
467
260
816
844
300
341
415
563
782
988
339
594
284
652
824
581
912
511
927
555
832
84
855
172
807
849
307
49
764
690
485
583
950
301
428
251
994
843
166
777
184
858
723
468
510
547
401
774
410
329
681
594
765
536
119
924
738
426
974
502
116
811
86
419
113
866
670
107
61
188
236
245
46
959
66
909
858
467
683
620
148
717
215
913
253
334
190
991
112
516
846
581
327
932
0
792
798
22
252
211
210
488
457
257
800
523
166
10
342
201
631
491
918
846
756
524
532
946
867
644
814
713
225
142
997
577
934
147
951
186
359
162
27
816
771
179
691
289
189
385
842
172
876
113
18
985
637
902
283
856
547
98
570
124
240
919
54
526
67
5
65
426
167
92
594
290
623
637
579
812
22
422
985
899
535
355
884
524
258
167
380
157
617
302
281
209
222
687
736
641
693
801
67
860
245
661
503
868
298
82
32
320
504
369
571
391
725
807
915
335
327
648
492
944
302
125
154
876
813
242
517
506
395
584
718
992
597
221
212
247
656
244
920
512
614
843
904
691
651
171
26
330
171
870
626
474
995
780
350
160
374
220
18
769
804
737
113
754
310
325
1
318
570
921
831
184
765
87
227
768
610
253
98
782
123
724
608
470
857
310
631
231
530
649
353
687
738
466
441
401
792
794
719
714
68
902
250
833
989
477
953
952
730
51
86
205
127
46
675
336
356
306
920
239
308
273
278
398
91
719
799
235
865
871
949
933
773
551
118
115
28
71
67
110
474
505
315
954
551
991
290
907
649
210
498
309
835
776
708
927
847
859
514
65
730
816
998
856
367
117
323
396
540
742
858
367
247
174
321
798
517
611
57
518
174
908
828
9
36
888
288
236
747
803
301
830
971
299
38
338
768
713
86
309
455
945
28
702
471
349
852
988
312
261
858
486
169
38
848
206
926
136
442
26
291
743
208
614
394
246
953
163
311
391
824
766
688
852
820
159
553
672
499
865
285
358
704
455
396
552
13
323
40
455
701
684
550
909
298
296
507
603
459
818
995
635
936
683
839
756
843
392
780
694
610
65
52
314
520
449
218
885
124
258
340
177
294
242
438
593
539
945
196
350
115
543
338
403
227
177
159
422
570
291
116
180
356
169
846
229
970
64
114
446
674
807
623
969
401
61
914
940
358
462
643
825
6
981
228
233
158
739
7
80
30
123
612
386
644
458
967
966
874
434
412
901
241
387
222
642
800
136
935
510
950
930
335
956
911
915
541
421
6
548
502
36
24
466
775
668
277
742
987
151
528
399
52
769
139
626
764
939
114
51
450
65
981
137
21
244
405
563
665
411
463
519
800
487
338
575
508
615
669
495
766
198
246
171
319
385
149
435
677
264
486
479
329
819
616
350
63
373
265
81
137
729
952
937
568
290
864
76
905
885
571
24
83
170
547
755
555
696
190
232
960
29
711
289
848
680
992
912
405
257
345
542
338
297
831
907
588
695
335
845
581
259
869
16
429
416
771
984
113
314
569
73
343
280
363
191
312
707
455
718
964
800
260
303
450
92
562
38
787
897
883
720
156
105
89
585
521
860
922
634
526
491
708
221
771
423
413
84
130
220
802
446
373
414
101
823
506
663
213
646
561
96
718
69
201
807
655
75
20
929
709
546
420
769
768
543
544
533
979
26
753
133
473
126
548
926
301
406
590
514
404
503
963
123
572
516
930
579
591
302
508
301
849
280
422
969
824
319
502
155
345
607
289
170
86
189
97
387
595
687
254
352
542
217
827
114
733
109
46
677
412
906
330
261
187
752
582
363
71
436
518
769
395
807
939
481
348
36
221
296
75
827
648
617
44
475
84
129
584
482
806
996
388
136
609
927
241
543
290
664
979
161
433
375
320
373
208
669
761
429
965
189
256
965
806
652
440
242
782
376
76
940
725
817
429
686
744
670
230
387
334
209
548
768
936
220
493
145
889
606
926
206
795
535
171
954
187
963
196
321
692
625
614
417
442
43
455
186
65
685
925
399
247
825
519
183
46
364
680
287
971
607
846
766
142
17
720
681
333
269
355
377
894
969
146
336
364
601
874
429
287
152
828
886
977
700
69
375
64
102
663
35
709
509
154
203
878
874
884
563
143
239
940
37
560
86
373
924
688
600
353
327
752
534
565
729
586
986
457
2
88
472
38
797
981
192
0
211
418
237
775
562
476
67
951
389
154
677
313
194
277
19
873
29
905
438
110
491
424
919
493
513
391
883
310
724
427
663
936
198
900
63
760
728
482
711
117
636
388
783
182
17
154
55
46
59
493
509
902
918
428
747
431
820
983
93
896
762
756
832
960
8
247
72
737
730
784
206
718
524
989
253
542
143
308
940
554
154
801
808
72
582
908
855
754
891
300
650
5
409
835
966
417
82
38
506
164
174
713
235
699
702
488
593
198
796
533
104
950
687
265
374
269
173
581
23
416
882
673
421
643
508
387
412
943
778
919
459
952
632
694
3
686
182
596
236
331
482
341
281
521
606
8
790
779
941
165
195
175
190
968
818
699
708
231
994
486
150
453
790
134
500
794
820
682
742
57
13
576
750
647
97
356
7
239
487
948
404
34
124
595
2
942
646
710
525
992
548
27
445
339
161
945
133
334
980
227
391
345
804
493
992
901
849
351
141
688
300
897
74
776
492
428
70
138
491
596
130
39
975
928
378
137
225
863
823
205
91
214
551
247
707
895
148
908
247
641
948
899
539
22
675
31
450
745
522
941
693
4
981
669
284
711
158
510
927
981
67
18
547
618
265
606
866
765
866
113
407
814
364
298
836
39
681
638
136
555
580
182
560
913
203
196
976
361
706
903
694
774
921
593
744
538
199
610
656
65
75
415
879
439
713
67
830
394
705
319
950
637
501
862
902
56
58
879
769
765
134
463
891
408
56
635
946
607
598
602
672
673
369
903
465
82
322
295
829
379
966
779
369
467
993
271
875
51
502
644
168
637
107
411
45
515
47
343
122
997
298
146
22
667
49
487
102
723
135
931
103
101
710
472
921
703
95
796
106
598
441
275
587
900
686
984
768
85
327
242
434
977
389
457
997
790
944
99
514
431
30
969
533
92
441
806
795
536
602
253
486
395
880
73
296
567
409
416
4
737
658
439
66
47
248
63
190
544
162
704
976
192
673
861
284
466
667
431
354
269
685
841
17
917
266
313
836
676
81
841
765
739
632
831
139
232
247
329
776
409
385
104
954
58
965
590
876
632
22
230
254
59
71
271
976
690
936
813
366
17
6
483
108
990
666
247
222
913
576
998
675
961
103
629
371
420
219
247
405
593
830
11
652
901
634
981
591
570
146
309
939
152
792
47
142
459
647
716
372
223
714
47
537
169
28
908
942
248
508
347
841
338
358
846
591
344
179
535
914
325
844
205
829
989
604
971
448
251
39
172
475
105
572
364
275
952
272
569
200
132
268
394
822
978
592
414
322
771
949
236
96
145
793
925
134
397
248
934
1
639
459
828
744
383
192
371
335
816
940
888
949
208
634
771
186
226
537
508
349
838
96
445
984
241
722
470
639
322
757
640
961
568
468
705
951
12
429
638
828
369
526
777
930
512
901
116
738
790
977
87
629
425
884
965
667
958
435
658
632
544
650
945
112
470
651
415
482
432
54
310
801
932
440
731
445
693
200
535
483
177
975
112
954
211
77
621
170
865
631
802
409
281
100
874
751
751
289
233
183
695
896
336
980
336
420
777
381
620
312
864
149
639
329
103
851
758
77
373
623
708
527
385
990
627
611
93
730
252
327
265
300
575
602
280
263
22
409
644
994
73
508
143
713
189
246
916
948
323
289
923
384
816
660
374
796
271
467
526
876
146
792
176
73
746
456
336
120
865
980
114
938
841
257
3
30
855
919
330
531
208
606
915
377
266
641
173
890
460
51
766
959
843
942
32
941
750
369
61
967
701
175
257
542
784
261
925
992
180
607
523
741
213
790
470
480
431
995
370
243
46
488
202
242
430
235
183
532
604
245
499
305
772
756
200
909
369
477
901
902
84
776
643
298
918
465
130
701
460
852
944
858
340
147
100
122
734
284
654
338
881
153
995
5
261
547
914
631
24
167
533
109
295
528
759
213
993
889
266
805
741
211
663
433
710
764
555
444
400
561
134
281
714
129
638
327
29
905
958
53
424
491
514
720
371
273
285
364
162
552
521
255
115
185
40
825
301
595
269
701
508
403
334
574
884
972
902
913
229
860
319
654
704
833
374
75
107
11
792
621
915
313
229
30
850
269
855
151
217
476
204
725
879
538
300
764
863
202
29
92
414
348
98
470
182
472
898
641
836
690
262
751
355
843
782
558
113
989
61
330
466
266
55
697
156
707
461
371
909
843
816
676
191
914
146
373
739
44
366
575
86
629
678
794
472
812
352
937
802
413
619
620
31
675
317
540
734
131
911
644
974
727
320
165
994
818
891
733
215
257
660
301
238
338
447
63
151
799
0
305
565
972
925
948
647
594
488
733
725
752
377
699
479
49
217
825
220
108
558
435
717
570
88
308
909
536
371
412
687
723
69
604
695
994
553
694
588
393
428
666
145
157
365
977
559
582
802
131
42
361
566
760
931
654
68
192
190
791
956
878
866
25
834
562
19
387
608
960
133
388
626
278
546
343
255
457
926
58
588
320
771
154
80
54
160
500
599
703
643
555
933
510
581
767
424
952
507
32
912
640
421
890
918
319
234
526
128
512
584
716
832
707
222
265
113
382
117
712
437
761
268
370
623
849
138
47
801
645
431
66
285
204
308
555
523
542
81
3
406
17
719
591
76
293
856
190
28
973
902
465
86
170
836
61
371
974
108
525
971
892
591
256
96
899
163
972
794
245
975
552
614
47
143
691
340
999
881
368
325
783
834
763
306
670
825
677
996
285
202
967
177
145
575
274
397
738
598
543
983
573
95
950
620
239
641
313
238
522
681
915
657
867
679
315
537
856
993
533
141
547
852
319
45
427
945
442
166
543
985
501
468
80
451
441
671
444
754
910
318
787
177
976
655
208
643
544
64
988
430
206
536
282
877
933
710
822
375
228
365
712
81
833
144
885
274
816
329
380
78
648
168
255
976
823
464
619
367
880
608
797
438
496
432
315
781
494
137
156
722
854
220
803
40
364
688
666
532
370
47
610
18
215
218
346
390
34
317
109
914
925
259
353
773
691
668
554
537
158
62
259
12
634
414
52
351
455
719
883
825
766
494
843
333
64
541
75
98
858
536
364
136
795
717
909
838
738
816
375
896
230
986
260
865
401
313
216
856
384
99
681
502
945
876
835
9
417
262
459
627
798
824
763
946
893
673
136
631
841
864
879
71
850
492
936
603
805
504
811
189
604
492
43
901
720
878
263
489
492
722
117
290
546
880
588
440
905
725
423
98
589
655
170
791
147
458
395
304
963
206
845
919
51
888
820
123
118
83
965
610
806
82
252
704
314
841
496
572
918
920
670
859
927
840
650
426
651
397
730
614
956
927
533
7
815
353
482
933
789
447
895
595
529
147
651
196
340
148
768
258
420
438
117
347
631
768
773
282
517
855
248
473
782
781
832
949
486
315
234
275
762
129
222
644
628
874
192
969
22
960
579
442
750
697
141
733
817
266
367
334
121
615
808
255
396
640
204
235
307
790
510
70
271
733
66
899
607
258
868
981
570
448
423
672
497
916
406
314
182
773
0
655
389
160
910
137
153
466
372
460
608
235
882
879
320
948
778
279
558
999
260
128
799
35
801
296
951
559
962
133
684
314
140
425
475
50
563
628
868
287
88
476
874
971
355
194
271
133
473
830
484
733
310
283
768
463
931
71
22
893
556
59
208
696
484
683
98
399
663
966
39
751
442
913
74
149
108
698
635
581
528
119
667
190
403
435
654
334
859
28
580
415
87
140
464
924
175
562
323
838
529
362
941
323
628
16
825
736
66
460
669
594
579
336
136
334
124
790
21
983
171
953
750
610
93
214
534
268
777
210
106
658
924
399
333
552
767
158
640
833
618
310
779
550
646
916
236
770
58
257
753
229
210
856
192
655
70
726
923
199
288
381
857
213
781
191
117
548
349
758
382
320
420
513
870
66
429
106
837
488
716
942
69
278
798
261
934
221
340
209
420
628
591
278
193
724
821
663
272
170
773
6
842
193
520
712
259
301
171
448
141
239
743
211
517
541
824
803
114
516
13
535
497
956
813
690
680
986
705
304
508
478
663
351
671
535
63
931
188
586
731
330
825
474
893
695
368
717
498
482
234
863
17
83
819
182
773
851
168
479
508
677
957
171
28
981
58
443
912
246
382
995
576
559
470
469
254
838
539
105
320
125
320
690
208
140
872
333
343
393
164
851
70
474
374
450
455
432
245
719
679
627
714
255
539
184
77
793
22
616
250
695
93
571
385
301
63
609
634
406
2
151
610
424
625
984
874
80
417
472
799
96
451
513
703
990
50
132
784
424
100
386
119
193
957
856
494
20
466
481
779
468
632
389
245
609
373
471
689
142
943
840
590
395
705
646
385
755
778
521
180
879
908
651
424
217
508
271
590
326
752
369
146
736
110
391
345
835
863
386
978
806
226
920
553
931
566
291
687
697
812
219
576
72
870
352
642
730
623
232
56
727
953
203
463
415
946
160
250
809
546
580
968
124
853
521
56
419
164
95
116
977
666
44
401
536
397
395
619
20
979
27
100
284
230
563
699
529
76
302
338
974
234
658
99
87
532
507
507
696
602
975
25
268
372
427
156
769
174
127
141
154
155
241
438
385
157
490
266
585
792
957
559
26
615
658
466
147
517
325
844
471
300
869
91
672
648
248
793
823
375
287
329
530
528
767
268
37
257
886
622
401
843
182
780
459
192
246
606
62
571
802
533
223
672
625
248
672
225
393
847
952
680
176
835
561
296
455
598
553
341
573
955
185
755
87
996
299
333
954
361
256
757
247
831
781
872
431
453
449
825
653
401
857
829
236
418
125
43
369
31
385
942
338
922
49
425
918
700
758
872
62
366
629
661
197
762
533
629
568
982
806
221
735
663
50
972
434
528
15
155
559
752
97
897
674
498
674
944
198
432
169
612
150
150
273
699
913
158
680
481
140
486
702
876
502
104
200
288
632
567
443
191
672
540
440
698
390
114
643
588
898
812
553
48
962
826
100
875
985
780
708
477
267
410
705
121
515
257
409
147
825
852
691
497
744
131
195
486
598
190
74
496
354
979
897
317
806
997
544
143
777
253
972
396
15
30
869
882
287
278
382
464
482
73
313
578
556
509
64
154
51
491
651
406
470
900
75
628
897
619
123
26
224
96
423
592
478
292
474
765
923
856
230
757
281
543
336
838
404
752
992
808
243
995
214
66
247
289
694
144
260
170
171
837
618
946
781
96
590
255
861
513
464
443
271
745
339
959
935
95
711
280
903
307
627
117
373
875
758
419
371
371
589
894
208
207
840
341
303
783
596
517
296
412
960
919
510
651
230
445
747
942
725
650
601
353
768
974
580
878
393
951
249
335
846
809
542
38
150
198
173
99
715
822
863
27
741
373
31
324
819
778
266
896
428
867
601
548
193
181
779
938
485
28
273
683
190
168
73
340
718
247
791
785
69
655
164
162
28
195
486
199
973
104
96
754
971
49
654
516
231
433
455
716
814
80
751
4
600
824
696
318
71
488
103
140
495
268
303
523
815
789
75
789
894
523
895
217
572
901
86
803
335
541
871
149
973
622
505
574
799
201
244
870
689
348
11
536
968
666
60
783
807
487
924
53
10
171
623
582
73
709
738
760
602
961
909
575
936
766
501
735
967
746
605
9
446
968
545
414
986
957
549
794
444
826
199
454
997
822
389
422
531
127
182
133
88
443
709
376
209
210
111
177
308
69
538
754
37
83
168
24
41
70
170
485
896
369
292
245
192
681
20
75
160
202
209
600
998
270
977
559
832
88
736
493
509
626
247
547
710
768
923
103
838
445
940
86
814
232
683
358
265
703
786
777
258
347
378
608
617
355
167
801
795
256
294
305
882
894
204
944
662
479
47
500
924
988
938
90
572
621
801
190
677
587
967
287
934
345
895
903
52
62
56
200
318
703
505
201
597
61
145
259
540
545
111
816
885
49
906
457
22
707
999
699
646
967
986
932
664
881
187
717
296
244
917
614
947
774
167
896
835
665
155
727
562
618
543
447
667
449
256
41
509
256
741
507
575
79
440
239
313
627
308
609
223
577
575
522
351
95
418
538
112
925
617
674
543
160
121
562
962
377
604
471
985
697
330
560
776
770
152
441
750
460
402
973
38
330
496
741
425
266
632
537
192
249
563
87
410
684
650
724
413
606
547
751
303
877
311
431
0
463
225
750
276
627
75
666
957
923
759
734
190
391
623
734
993
538
821
755
222
823
479
988
429
26
739
84
255
402
516
255
218
741
357
846
720
785
512
30
708
271
116
250
15
740
336
360
278
510
115
853
333
946
193
115
324
284
199
931
686
67
187
256
160
896
102
881
33
614
911
742
238
379
344
605
119
681
965
750
191
432
955
876
730
500
343
406
784
543
337
470
962
876
727
123
773
181
4
806
796
267
900
386
646
597
991
118
278
308
220
821
92
527
49
174
27
393
580
811
288
917
633
250
794
712
725
919
894
81
77
42
348
978
780
347
927
771
817
205
431
389
378
875
916
427
49
295
172
629
458
460
898
91
63
44
156
788
963
50
870
41
444
570
371
224
269
298
347
86
855
130
827
585
5
95
364
406
390
537
387
848
349
285
292
412
330
448
553
645
850
423
38
646
345
761
870
615
411
217
53
266
699
881
203
704
976
568
462
719
457
849
919
806
486
211
571
168
11
124
166
213
899
204
859
244
318
729
859
729
298
913
348
997
146
551
53
474
119
867
193
576
68
465
735
907
28
306
75
40
782
593
253
681
150
465
277
468
194
489
197
845
754
545
194
900
449
600
726
568
467
272
497
536
737
232
443
765
890
870
157
24
464
763
57
614
228
334
434
774
823
631
619
577
529
166
829
978
766
556
898
233
828
747
121
565
331
564
682
221
787
840
245
251
603
302
217
183
989
651
957
164
634
929
94
163
95
923
493
861
831
392
446
659
139
568
576
471
484
611
44
271
451
642
874
406
296
91
589
637
94
898
802
729
179
896
244
274
819
90
487
3
482
286
662
973
854
591
796
338
202
193
962
653
187
836
411
835
928
352
473
374
602
275
455
782
171
700
408
342
790
896
345
624
182
360
949
388
951
98
78
505
643
40
510
830
877
921
665
157
625
138
531
227
765
339
9
288
39
418
631
181
666
328
157
200
688
458
940
991
908
18
496
551
59
6
733
288
279
751
445
904
889
328
132
7
19
493
295
410
263
278
591
281
607
100
833
647
911
773
639
819
792
487
723
203
846
456
491
125
207
288
30
449
968
514
456
988
359
103
398
975
382
342
256
989
794
442
988
705
215
979
525
7
467
248
562
313
56
405
790
264
693
172
65
14
38
873
2
398
976
752
725
358
94
333
699
241
775
688
946
991
667
471
350
134
71
265
799
480
670
590
744
364
114
161
730
153
34
732
903
10
836
628
369
283
961
68
524
89
108
470
80
776
294
782
262
717
47
62
197
718
4
293
434
118
454
164
623
488
248
526
499
84
506
220
719
468
640
243
909
749
714
341
877
360
123
139
77
523
553
627
593
557
920
27
28
375
543
3
215
791
530
714
227
36
286
947
856
279
542
765
28
256
458
257
968
582
396
398
105
950
25
698
859
945
77
239
672
620
243
888
763
773
954
342
161
593
289
370
872
832
487
252
440
946
509
761
880
905
159
337
207
536
387
67
833
464
306
506
436
901
746
551
26
52
893
188
645
183
910
517
367
749
769
159
695
630
920
575
536
431
264
743
967
651
162
801
467
821
659
903
722
757
454
749
809
700
289
455
235
199
324
602
948
94
113
996
724
386
923
612
817
188
708
137
191
222
290
659
43
301
562
118
58
369
867
219
69
156
674
656
707
999
258
7
445
723
3
521
109
279
486
279
819
194
416
10
768
58
669
812
359
584
930
769
305
149
988
726
305
663
382
364
14
992
371
811
715
727
332
177
358
818
808
177
364
576
187
133
634
209
945
345
145
227
114
450
376
454
528
33
469
910
749
483
254
120
294
321
199
979
498
557
797
658
86
162
234
626
295
868
835
592
565
332
171
679
782
899
486
310
932
955
572
681
791
826
153
85
499
705
416
350
262
214
8
701
728
243
327
375
463
514
319
29
846
490
708
980
389
546
642
673
502
214
706
293
392
859
730
891
564
147
593
179
361
602
880
441
845
559
816
308
73
487
337
919
329
398
251
718
944
893
743
446
107
449
91
851
660
822
94
577
969
688
108
682
290
340
123
487
899
291
795
324
130
485
595
459
235
846
529
179
739
272
978
198
73
69
49
733
891
495
662
212
535
770
894
825
110
369
664
361
12
460
685
142
297
280
953
532
126
482
63
217
754
41
415
179
463
816
913
706
312
927
919
847
698
165
25
160
887
689
874
899
501
559
394
798
192
699
682
670
182
746
888
288
787
303
468
602
120
733
309
784
660
228
983
710
745
360
223
632
402
97
884
903
656
630
54
200
329
88
871
511
834
759
152
974
62
972
576
534
705
237
670
717
465
6
780
563
366
3
195
768
452
431
24
108
61
430
661
391
870
532
254
705
291
758
31
705
730
607
592
787
845
614
505
662
620
637
577
339
640
773
459
92
204
835
552
618
265
213
361
136
97
615
193
388
374
224
446
456
183
38
244
380
4
749
395
625
386
972
964
378
97
423
822
654
259
726
272
876
292
633
364
389
600
909
778
326
485
576
783
669
966
27
401
970
776
796
595
514
121
911
244
218
687
66
872
298
792
496
526
436
481
243
826
82
152
956
408
990
532
191
11
498
218
412
468
346
561
416
212
682
679
456
252
366
874
477
16
19
325
543
455
807
786
281
889
290
237
649
280
121
841
291
619
411
56
440
110
617
208
322
651
887
131
255
606
5
732
974
24
58
517
832
865
655
465
106
298
703
755
578
176
948
222
148
360
278
588
822
247
148
144
250
387
275
505
345
281
238
320
657
648
837
841
865
845
307
971
143
362
78
721
538
379
295
686
91
925
626
913
172
774
57
422
514
333
280
859
966
518
179
975
518
369
169
383
214
476
706
357
190
784
430
80
163
78
767
254
3
745
167
528
872
577
950
386
910
582
245
228
100
777
555
970
146
724
353
712
552
59
421
94
196
203
175
359
281
942
966
285
39
485
813
911
62
115
297
324
698
895
904
150
24
460
121
522
536
826
234
441
886
655
535
82
858
710
793
492
652
111
129
44
597
942
955
11
409
605
336
459
500
240
962
524
700
83
46
589
261
632
30
147
639
565
581
849
276
727
341
280
190
470
324
787
764
280
799
174
237
135
985
737
727
947
613
780
382
11
369
644
995
399
143
634
316
77
483
592
804
177
225
994
647
549
134
764
181
285
290
418
772
275
507
499
575
472
279
957
835
0
953
830
751
97
464
68
526
300
12
682
477
237
28
476
139
162
240
672
447
530
443
571
158
302
71
733
127
702
42
962
703
996
793
806
445
609
874
971
261
239
653
90
476
681
567
967
196
159
992
995
42
435
567
200
89
990
285
216
692
679
179
747
675
324
554
472
285
780
443
547
19
448
637
848
482
556
167
678
716
159
25
110
946
592
662
36
582
299
252
627
978
431
726
654
107
632
478
393
413
274
940
784
722
929
984
556
486
152
234
554
663
260
16
610
204
678
646
139
977
898
766
955
682
492
961
789
477
792
182
890
66
474
26
788
404
363
697
242
515
931
148
530
543
164
140
100
194
786
239
523
37
357
830
719
201
792
508
678
936
43
568
2
517
947
142
921
310
839
515
177
123
15
707
18
179
200
118
725
338
357
248
375
714
79
446
916
223
307
946
159
350
515
161
867
814
655
141
476
495
656
653
618
672
712
636
203
264
107
281
603
464
529
330
531
960
777
799
535
84
745
694
786
612
207
653
778
863
794
254
710
803
259
328
827
324
316
30
588
423
663
191
240
193
874
123
505
3
274
41
439
19
87
225
984
647
878
114
510
25
369
572
828
980
900
655
304
568
37
893
992
701
436
232
246
310
707
751
665
981
144
104
352
584
681
336
231
560
803
93
585
172
665
765
504
917
420
809
485
457
54
477
158
490
61
756
153
768
508
818
749
4
275
454
588
956
790
171
868
593
264
805
117
929
570
974
198
990
783
684
800
837
513
310
679
927
67
832
47
927
3
149
931
630
603
872
586
393
43
807
339
660
612
808
589
183
782
788
525
917
824
677
754
337
988
434
264
55
618
312
982
973
461
265
603
64
489
542
809
533
349
500
193
313
661
134
848
443
274
726
713
98
403
467
788
391
253
404
446
224
68
780
549
529
398
153
945
887
47
107
772
396
607
317
61
620
804
910
416
78
636
129
529
391
948
669
783
554
73
581
778
494
714
327
375
112
832
321
351
879
780
124
627
739
793
689
360
597
951
776
676
939
905
557
330
853
578
113
407
3
47
537
497
761
217
873
873
49
546
576
281
326
700
908
65
494
949
425
91
900
553
119
191
458
28
522
664
606
987
71
962
386
961
459
147
178
332
372
579
878
949
212
556
1
121
622
495
422
399
939
675
953
410
866
763
791
740
427
749
80
851
711
466
164
171
966
694
855
338
273
734
639
486
290
641
959
264
488
733
664
779
408
969
542
627
732
333
367
512
82
799
363
794
266
879
317
584
573
172
274
846
906
914
684
549
907
995
165
747
729
829
527
489
150
69
116
235
754
836
747
836
635
462
982
253
341
299
837
914
472
112
112
730
378
149
631
285
496
797
32
577
978
911
419
129
980
535
364
86
723
463
923
359
277
905
964
970
557
802
236
29
266
348
111
644
849
743
281
698
540
313
275
518
225
694
647
557
582
363
644
305
178
919
16
455
176
981
425
733
135
661
762
753
362
874
397
563
969
678
261
509
343
889
27
920
935
27
830
869
742
474
527
921
745
543
376
921
876
154
655
363
167
769
116
529
995
865
445
964
895
58
473
591
947
853
511
235
232
341
456
974
167
983
895
912
879
624
834
755
778
841
471
297
610
939
827
606
805
272
922
52
330
748
643
630
601
507
217
833
848
673
807
16
657
55
280
536
679
466
643
809
307
466
106
270
406
285
876
563
909
150
615
592
898
611
574
851
118
791
36
318
464
844
334
473
251
967
361
282
433
5
91
93
823
549
363
229
187
591
792
96
741
760
688
992
371
262
843
841
405
880
159
222
76
846
695
327
813
57
961
598
414
404
691
237
953
54
819
140
997
611
589
739
723
629
731
446
892
926
287
649
806
799
871
234
645
919
913
810
328
874
408
742
278
452
331
584
858
150
76
856
114
665
947
189
295
30
636
539
956
275
188
115
426
412
701
71
331
615
233
659
841
642
753
472
446
436
56
656
939
132
512
405
798
811
594
93
193
582
984
502
210
172
617
636
936
670
708
267
637
941
278
479
935
383
951
733
172
359
390
111
843
254
516
641
418
462
86
611
45
70
113
255
595
82
891
531
753
951
151
390
245
781
221
532
165
524
618
337
235
8
800
79
614
316
72
32
778
159
644
175
581
109
782
528
192
26
412
945
977
915
687
574
696
261
459
213
785
77
902
21
437
702
100
51
370
172
436
501
683
432
676
617
541
459
497
733
485
909
30
814
824
718
741
873
979
200
86
116
629
989
137
66
43
589
117
414
114
905
267
149
337
943
766
879
754
264
612
591
173
643
758
350
713
851
223
44
51
661
160
680
650
650
98
46
591
215
460
57
473
79
207
810
22
973
689
129
237
654
72
763
649
830
465
362
681
40
758
84
701
270
116
704
272
214
750
864
782
562
921
255
641
128
65
15
454
107
144
43
761
569
158
762
751
623
124
785
663
234
869
717
504
338
421
777
904
523
993
686
85
914
293
726
395
711
93
849
818
590
892
931
159
51
693
910
26
169
695
42
403
917
759
259
255
532
36
159
55
29
198
140
296
491
218
691
554
311
892
372
901
784
655
412
187
700
323
214
869
370
256
624
287
367
236
894
899
272
54
954
654
604
446
950
95
664
993
650
327
885
374
581
21
382
993
209
82
668
775
304
39
383
280
678
750
516
573
649
789
979
955
795
583
401
745
678
417
90
680
96
975
407
677
996
789
23
557
871
43
332
527
434
715
808
113
817
324
38
818
465
17
773
260
600
526
357
630
943
447
663
40
774
70
69
123
211
444
680
82
488
365
962
274
432
770
739
250
446
777
68
912
794
194
524
746
720
234
729
16
681
392
56
808
814
477
931
25
922
611
459
762
328
421
36
761
543
776
11
990
553
431
254
700
625
130
798
698
364
527
714
46
271
122
206
85
599
137
462
873
100
922
635
429
695
24
190
239
800
553
581
705
336
835
757
314
965
908
12
682
435
726
80
59
200
286
496
799
423
959
673
523
233
660
952
280
684
494
519
836
47
452
894
736
287
3
50
605
911
62
287
699
140
367
758
340
653
606
491
428
917
164
951
150
177
256
431
861
750
302
50
150
755
944
886
394
947
288
351
859
350
638
558
842
357
668
534
362
274
25
790
192
542
94
694
719
350
477
580
452
132
630
954
887
926
192
633
874
480
985
85
830
975
995
24
685
15
558
47
641
584
190
185
126
284
880
845
986
709
777
790
841
760
745
80
38
937
66
264
418
51
349
600
378
696
977
63
63
535
463
705
119
653
890
597
289
122
794
627
832
924
417
25
684
514
458
722
452
524
339
222
575
40
174
305
737
151
369
152
39
832
857
510
837
100
108
126
222
902
105
406
826
522
784
862
37
242
937
841
766
276
415
693
316
941
998
405
445
719
558
484
551
415
994
740
867
102
218
90
357
323
848
535
198
632
750
587
874
687
780
640
315
195
685
631
488
684
389
933
403
947
769
307
714
764
47
582
218
618
24
927
941
872
815
139
505
565
726
731
252
506
724
567
53
409
550
894
445
939
827
201
238
949
508
953
65
907
887
635
877
911
563
819
135
378
310
640
295
389
724
547
895
448
466
301
209
16
195
655
308
374
856
546
323
716
851
740
975
738
376
853
1
291
24
137
669
334
129
316
723
853
863
971
653
681
272
863
49
819
870
357
545
78
256
869
794
107
961
121
198
337
326
199
628
350
688
649
685
818
965
760
23
180
731
677
861
355
892
911
174
762
620
720
840
228
941
986
688
902
107
886
592
434
437
220
784
126
870
821
296
187
582
319
368
313
348
229
21
240
492
195
2
465
267
842
693
560
828
381
815
288
619
407
722
409
979
858
887
201
32
183
389
614
854
109
279
203
690
300
795
183
848
798
0
467
992
693
380
173
427
195
461
398
954
535
807
285
745
46
487
777
229
228
743
436
689
23
991
379
675
786
914
523
584
914
343
929
960
723
102
387
270
915
137
224
802
297
861
547
343
700
677
925
280
420
361
969
443
704
349
471
490
263
994
427
178
689
356
490
412
810
229
682
725
366
258
527
663
120
74
7
172
103
932
453
524
645
422
319
349
771
790
839
387
137
618
565
826
974
407
239
784
636
273
861
2
532
388
666
4
815
25
528
918
309
981
794
954
404
114
655
527
904
846
914
41
465
831
220
791
238
811
928
874
84
789
229
968
530
247
324
697
272
853
615
581
834
762
887
590
876
542
118
132
740
384
526
205
216
746
349
806
557
277
681
641
418
262
962
948
509
286
645
781
139
613
714
326
375
601
916
603
495
386
735
235
771
261
793
339
7
142
145
916
419
178
910
837
440
872
786
949
158
783
82
650
748
796
328
123
749
596
78
244
983
814
832
106
427
625
445
787
767
942
703
186
473
613
375
913
837
513
215
348
297
649
998
45
798
678
521
547
274
951
144
609
765
976
67
193
953
864
332
720
807
35
258
280
1
633
545
838
147
112
186
796
762
536
193
560
214
66
107
841
18
603
450
135
931
870
680
884
734
12
604
541
48
214
173
401
200
71
239
347
183
426
495
945
962
40
857
529
107
317
370
477
920
172
964
852
42
645
88
777
657
693
670
57
259
196
458
459
267
50
158
450
476
5
748
790
46
605
319
505
922
41
334
843
214
298
47
608
943
135
737
953
180
408
362
440
604
173
251
871
223
410
673
51
415
421
841
813
27
513
318
301
906
652
496
120
951
543
81
246
31
818
199
211
226
562
3
182
735
255
405
310
17
79
361
784
852
554
598
231
419
916
533
326
921
29
798
872
925
879
470
956
698
670
519
276
584
523
811
319
130
216
981
499
647
342
283
500
896
881
83
668
150
616
994
71
998
792
295
923
24
765
879
74
787
398
350
371
273
513
42
403
82
23
254
729
717
538
581
966
419
665
634
921
633
628
992
631
772
287
554
796
405
785
870
192
184
573
564
809
86
958
565
168
982
819
250
699
357
183
665
129
200
651
50
834
279
395
817
52
34
724
200
439
509
71
984
45
996
900
855
434
858
772
603
192
591
205
892
301
388
909
430
589
561
832
775
192
227
592
596
614
316
797
53
178
220
37
575
216
289
782
650
148
554
605
340
146
162
584
447
551
494
229
492
407
413
267
599
993
211
548
607
528
345
12
58
917
402
633
133
691
416
135
839
970
93
180
468
255
764
915
158
610
496
650
369
910
269
321
903
481
869
862
361
214
874
419
131
276
52
616
968
820
103
807
791
548
339
259
156
456
527
314
418
23
317
788
285
938
109
188
419
978
50
132
544
277
551
27
553
956
995
873
776
98
33
919
999
372
531
155
180
58
821
951
433
490
739
719
429
200
259
200
530
662
333
426
939
236
453
844
544
448
718
673
898
751
592
897
475
475
404
8
533
226
959
319
68
50
390
497
250
1
50
132
663
735
558
954
971
363
151
868
163
221
541
61
972
133
311
799
609
715
807
494
293
118
165
362
168
555
211
418
557
261
902
572
996
460
879
320
823
382
188
986
603
81
400
927
214
711
726
175
778
886
22
72
4
539
434
173
95
645
943
4
907
846
928
255
658
159
927
834
541
467
820
144
548
572
71
115
635
150
642
414
388
16
486
744
556
272
269
3
917
213
359
176
411
287
784
69
447
711
903
340
531
76
485
79
0
908
546
636
410
189
50
798
205
888
895
761
160
164
116
77
377
475
606
140
763
390
210
562
453
465
902
984
893
739
416
894
0
962
530
410
151
932
561
709
820
456
822
980
620
939
409
350
414
15
490
529
757
52
91
211
870
346
547
115
85
963
9
437
926
891
200
429
175
113
490
995
569
313
327
541
252
737
243
18
104
86
548
862
490
639
425
360
337
972
476
775
288
837
212
566
729
412
995
904
877
838
252
446
151
579
340
755
668
935
773
125
21
321
339
512
313
764
224
650
88
700
425
376
538
990
942
619
402
290
875
280
128
479
78
279
411
770
34
79
706
159
556
79
481
895
591
794
659
816
444
748
868
222
124
758
212
419
729
966
709
957
598
189
436
29
820
847
151
854
279
209
365
835
289
846
731
232
992
390
400
789
490
621
11
967
379
575
386
461
541
447
418
492
636
854
521
456
54
672
662
333
882
27
168
523
226
251
755
218
994
156
7
484
777
18
451
508
945
189
969
487
988
387
979
624
594
852
432
648
876
94
333
758
474
501
281
700
753
389
918
747
897
278
583
674
296
387
534
242
928
856
81
917
595
412
541
189
264
326
189
140
420
522
251
246
376
884
298
481
273
217
228
170
847
163
196
143
550
83
737
479
939
170
396
534
934
289
724
198
615
265
691
388
788
294
986
516
530
285
997
804
854
577
326
701
740
875
196
643
958
286
474
249
456
222
783
391
511
859
941
479
125
984
219
265
630
205
133
161
842
130
965
696
707
643
397
799
870
946
442
828
232
268
77
688
490
213
431
354
72
725
185
549
709
404
166
340
961
299
501
804
429
818
852
488
461
250
288
332
196
82
512
780
351
942
468
193
155
252
547
579
977
732
129
38
488
295
378
450
595
231
606
376
49
458
217
863
60
505
547
608
939
411
388
642
353
857
836
860
461
735
440
438
468
921
476
956
568
207
758
515
438
364
892
840
823
109
55
883
966
602
492
257
13
880
900
719
89
88
931
550
823
723
340
291
644
169
600
213
376
358
728
166
723
972
358
546
81
413
781
399
15
273
657
381
506
909
452
947
997
383
850
172
107
190
464
103
711
416
316
439
774
397
606
849
369
964
747
803
378
529
202
745
154
211
478
12
120
930
960
469
666
810
642
125
352
458
228
64
874
897
503
0
294
109
850
663
426
949
466
156
478
21
253
985
232
732
997
705
14
957
174
32
119
168
157
472
626
738
536
852
635
39
205
281
501
407
296
279
356
763
435
187
136
40
172
368
772
169
73
139
479
600
171
950
768
681
422
747
419
310
951
406
350
156
687
203
915
983
834
272
98
621
459
234
661
983
955
434
152
380
573
983
980
744
934
101
425
708
848
196
19
151
602
721
660
641
924
575
977
758
199
427
379
658
662
40
641
617
826
146
997
751
481
330
848
415
431
625
476
631
822
495
782
776
216
442
770
140
370
747
250
569
174
981
580
188
373
573
157
552
719
507
303
553
837
151
320
620
129
796
251
951
291
385
79
507
180
849
999
902
948
601
471
475
582
51
663
308
977
173
860
48
680
163
601
869
667
922
489
796
70
92
99
362
829
178
221
9
380
221
263
680
822
735
155
757
138
171
65
115
344
925
164
24
440
765
893
107
39
734
255
110
826
354
824
655
885
45
17
265
266
280
945
441
367
453
550
506
624
967
973
968
244
489
992
684
607
237
144
646
971
399
108
149
106
932
156
991
978
525
608
596
158
905
389
525
358
939
383
982
906
709
950
150
198
294
187
805
883
683
452
206
434
560
355
540
845
512
883
823
389
491
771
547
397
161
73
755
452
808
90
711
517
392
213
716
39
752
521
922
435
325
129
870
238
484
410
83
348
646
258
738
137
381
637
886
894
62
994
699
871
84
410
740
476
975
456
867
728
330
790
163
7
271
33
245
107
796
680
456
442
290
546
931
672
535
818
918
598
812
617
469
248
379
209
76
355
18
944
83
700
734
246
707
5
632
305
112
428
337
920
222
628
818
153
652
354
323
570
952
487
540
773
735
919
334
812
274
704
756
357
404
842
956
112
199
588
769
663
368
106
936
590
734
106
95
738
460
419
661
764
906
201
889
994
472
224
806
747
280
914
456
685
108
412
149
659
0
918
322
720
376
610
310
463
717
758
201
529
529
214
294
787
415
535
781
888
111
939
987
392
205
443
77
665
208
578
324
208
496
999
281
224
609
943
687
678
701
889
208
230
103
854
370
871
389
503
111
501
443
98
893
0
893
322
666
101
900
990
662
748
989
943
972
951
886
660
629
588
901
189
170
4
395
892
227
785
396
338
638
191
788
883
191
682
557
857
783
457
200
445
205
189
740
529
492
627
189
474
567
90
15
89
447
411
982
26
548
378
365
186
569
505
421
112
187
978
970
323
435
170
120
992
711
861
873
556
840
63
382
407
505
397
496
304
808
830
331
356
560
48
894
481
553
315
594
93
293
564
416
80
86
536
424
149
749
298
57
589
713
439
348
570
837
197
875
645
27
558
2
588
606
248
69
511
564
663
604
209
579
20
642
17
909
418
519
658
716
576
600
781
16
948
352
853
145
579
850
173
137
204
113
743
453
182
606
369
198
211
578
129
583
220
499
492
639
18
503
707
946
103
489
962
51
193
167
197
772
370
722
261
574
835
356
27
369
962
748
919
173
327
49
757
899
900
601
890
918
104
598
864
207
439
179
611
984
698
160
756
68
882
17
643
69
373
22
790
687
771
710
861
450
111
970
349
11
571
240
281
676
190
497
235
629
676
198
613
375
358
721
795
592
90
438
661
815
813
452
502
936
514
363
386
625
685
87
988
257
327
269
285
517
766
520
498
795
719
463
522
429
184
317
22
626
108
683
441
273
487
944
209
1
659
947
978
345
34
966
602
714
235
239
583
354
111
82
149
182
545
671
612
82
340
634
708
448
669
502
721
509
798
282
510
457
229
489
154
264
455
756
330
43
347
913
397
459
995
898
641
893
921
253
327
261
239
387
710
261
889
783
770
687
66
280
497
295
121
651
911
929
760
241
324
107
155
721
566
502
971
208
395
892
813
74
153
405
462
215
666
351
999
436
391
65
68
888
712
190
539
624
119
299
865
443
407
372
516
325
875
839
885
622
731
51
697
236
456
159
452
122
862
803
558
253
220
626
493
932
168
33
908
639
684
126
434
443
498
302
769
725
141
654
348
224
705
45
461
513
556
265
635
770
420
545
24
640
524
869
924
692
254
833
684
939
959
118
382
809
421
503
535
562
158
883
139
215
280
600
729
188
217
716
958
637
614
334
629
138
204
553
182
458
386
866
749
697
985
132
507
758
635
42
320
145
277
459
713
557
411
794
97
628
862
55
617
476
390
246
966
946
800
149
756
538
15
506
236
352
638
743
110
625
137
783
123
414
594
188
323
6
982
420
986
196
475
956
673
217
202
639
163
354
140
920
893
156
426
481
508
416
224
971
393
713
754
868
127
348
56
450
706
390
870
693
587
697
649
612
915
203
603
430
558
744
702
803
252
480
284
112
248
860
83
642
573
837
510
52
186
567
502
892
309
724
937
896
773
938
860
40
494
464
471
404
560
525
207
812
6
843
924
606
55
8
248
980
845
111
32
383
30
886
628
339
962
917
588
735
856
800
128
350
264
951
754
176
476
313
988
834
508
913
441
563
273
41
543
470
152
927
854
534
165
834
226
127
751
166
214
607
966
342
309
583
293
415
759
122
80
748
956
588
13
749
503
286
791
46
108
295
325
962
182
490
148
408
969
900
574
184
859
540
526
521
123
172
936
235
294
369
983
250
957
348
0
461
986
143
859
94
790
185
409
972
27
557
380
997
457
954
181
669
847
59
190
322
231
478
557
877
847
540
480
157
240
832
970
226
975
829
321
765
366
730
738
746
287
470
743
97
425
276
118
624
335
660
946
919
490
504
148
338
396
628
847
637
460
817
863
435
998
184
553
717
266
643
463
906
113
206
3
890
834
473
514
521
133
461
440
623
317
941
313
713
569
160
350
30
329
566
817
328
102
722
45
369
365
860
275
831
66
630
721
252
103
236
773
236
49
214
211
366
507
525
79
76
37
782
458
367
700
628
47
154
350
444
523
68
304
150
899
722
132
620
974
235
208
747
823
257
313
35
623
820
912
55
249
949
189
707
316
241
687
363
395
390
159
271
458
463
421
709
185
906
681
511
141
890
259
317
147
572
704
123
745
616
530
994
565
71
53
234
312
741
949
707
131
109
978
589
924
752
650
110
658
331
973
151
221
232
820
721
157
524
196
902
492
726
248
410
797
301
996
461
42
945
520
525
406
499
466
331
603
116
793
613
448
766
764
21
999
585
742
508
461
938
410
306
16
658
716
165
311
712
626
706
9
147
231
416
998
698
747
601
814
892
566
614
658
330
636
657
267
378
165
729
669
927
35
685
937
103
851
249
167
829
955
176
328
538
592
326
236
691
279
51
583
845
17
594
528
653
251
795
384
769
876
53
48
263
90
338
366
293
587
533
123
894
62
451
784
6
130
21
50
409
424
633
607
441
227
135
95
831
930
479
952
159
884
352
422
974
690
141
620
629
26
743
875
88
546
660
95
676
681
145
438
457
130
397
898
710
532
345
893
814
176
197
973
60
549
748
387
592
889
7
221
915
102
449
4
648
109
451
677
142
948
467
599
430
864
849
492
748
195
385
562
723
934
888
784
484
636
523
428
877
882
649
792
984
98
148
984
559
951
13
701
899
480
652
330
696
854
822
444
401
560
7
124
494
247
260
330
235
783
758
112
665
760
256
1
210
405
986
122
708
999
175
608
832
828
290
528
682
464
973
83
376
332
559
871
579
820
553
814
955
664
278
973
776
534
974
986
291
960
460
0
312
636
960
496
464
250
24
498
66
349
933
443
681
492
666
612
312
571
778
268
235
56
593
363
943
567
350
234
880
162
234
544
798
546
40
262
796
416
112
215
766
45
10
799
890
676
412
202
599
542
822
187
951
415
550
894
335
252
128
215
415
715
759
213
261
799
828
410
215
940
625
333
338
987
133
228
663
897
430
614
791
605
801
742
372
352
636
707
604
117
274
19
832
33
233
445
184
61
855
752
353
832
85
691
819
570
919
834
467
702
801
611
659
602
353
31
954
990
91
911
459
365
930
643
399
515
88
935
928
296
687
282
480
125
325
652
695
597
838
515
299
639
126
310
242
479
341
548
821
784
459
632
150
390
275
901
257
364
188
186
12
876
820
492
1
497
144
48
94
983
563
745
622
41
55
216
521
749
765
694
533
224
327
35
966
602
288
224
318
477
762
330
705
934
175
706
783
319
106
878
654
670
975
629
711
31
845
584
132
962
631
17
539
958
53
505
912
693
81
583
170
195
913
227
129
88
933
913
760
392
143
414
62
118
395
125
501
593
62
633
555
693
651
94
3
56
952
267
101
33
850
624
581
764
851
62
204
137
975
316
529
470
83
943
941
478
68
442
71
482
428
979
175
431
425
530
839
729
798
940
115
648
916
696
764
768
758
969
905
86
285
786
556
720
729
497
199
149
292
622
984
72
953
159
503
379
690
342
460
488
634
575
488
551
271
253
671
30
574
928
116
211
714
24
932
795
874
131
296
518
105
280
590
59
792
93
790
482
787
250
322
421
826
810
324
449
415
995
479
989
923
947
201
637
972
133
784
198
616
81
716
73
713
306
132
505
399
274
339
186
877
661
959
55
824
284
504
591
279
984
581
555
931
134
192
255
267
329
453
235
410
169
308
123
475
793
629
226
67
968
412
296
982
724
351
158
360
856
749
639
192
682
194
123
816
739
731
435
68
184
22
830
706
331
305
181
124
286
408
543
607
172
840
941
248
543
99
608
399
200
600
591
235
794
67
51
885
150
839
305
334
861
487
40
544
793
574
20
79
334
564
38
858
756
979
107
651
78
715
403
631
667
994
866
462
413
269
699
563
460
357
250
322
844
642
218
637
216
239
69
902
155
107
761
263
87
220
914
517
287
317
500
955
664
366
769
429
988
820
993
448
177
595
122
22
237
341
11
806
932
432
708
87
540
821
350
979
393
616
848
681
934
349
988
950
67
757
379
407
929
372
208
107
967
330
481
557
23
492
363
307
925
423
394
817
597
96
148
990
713
996
23
999
345
11
949
765
120
328
172
50
53
380
509
372
63
990
929
438
834
644
746
759
420
492
928
17
941
76
7
654
425
383
5
122
394
954
887
867
634
412
269
39
792
778
764
207
120
693
998
954
690
744
714
110
588
994
127
529
423
486
535
848
869
540
970
616
846
858
483
833
622
104
872
414
882
636
974
2
682
972
956
724
68
22
834
8
369
313
538
792
799
73
640
21
966
610
637
164
820
472
997
442
576
222
209
810
858
183
164
892
507
120
616
927
495
802
935
864
115
825
8
267
899
648
640
217
258
277
381
431
101
731
873
677
953
434
487
811
969
651
56
476
123
672
755
970
475
691
186
942
516
194
561
767
842
201
336
453
830
718
236
931
801
109
960
754
896
799
565
865
450
973
694
926
646
449
248
473
492
435
767
9
981
681
128
176
882
465
981
65
535
217
348
336
678
309
442
574
108
359
792
911
333
486
189
979
287
437
804
780
224
923
141
206
604
269
734
839
86
715
904
973
284
252
661
314
913
103
889
22
463
33
933
148
519
122
127
806
911
283
586
136
206
79
694
811
701
780
650
139
495
906
465
131
510
126
445
424
582
686
446
397
719
731
545
590
853
24
397
116
659
335
252
865
767
298
676
468
78
678
607
925
584
72
56
447
551
854
871
485
540
317
234
612
400
131
202
605
507
951
721
166
639
974
31
406
624
60
874
703
738
833
628
675
906
37
122
809
891
345
294
783
14
880
395
414
11
950
19
518
901
740
684
892
66
67
298
691
127
524
394
218
358
374
245
616
411
719
777
654
64
423
438
78
303
185
844
666
135
863
184
389
955
220
633
22
287
932
65
767
808
811
985
166
537
230
134
301
301
911
955
365
334
745
795
989
283
639
655
770
854
191
159
809
411
793
183
51
77
600
818
885
411
155
404
949
737
890
250
38
154
557
403
488
655
198
830
938
189
485
708
43
677
220
852
440
365
388
491
442
988
661
679
400
816
435
701
553
326
303
943
480
860
346
320
515
896
150
805
85
988
514
480
17
734
685
457
99
73
301
893
61
314
924
813
131
360
866
36
38
169
332
870
382
678
190
249
927
693
55
364
33
569
845
50
655
882
859
106
955
160
351
368
475
275
534
958
987
400
346
377
922
678
247
304
709
438
553
636
483
960
352
516
881
549
566
536
431
425
994
386
938
345
107
413
973
641
723
960
41
69
338
963
100
585
619
809
375
173
797
210
485
149
726
367
699
644
255
482
70
250
869
360
947
976
125
920
617
848
233
10
269
571
974
369
508
593
530
236
118
679
446
956
829
525
323
880
169
930
362
239
180
583
951
128
911
76
400
880
924
633
891
546
556
217
267
417
810
150
653
281
829
451
237
10
976
912
242
146
842
957
737
375
540
689
503
804
117
255
684
394
889
927
940
445
144
559
862
307
709
867
588
539
319
177
549
647
89
792
145
931
101
883
306
641
924
161
797
393
417
482
787
658
409
727
103
906
287
318
213
348
185
153
887
856
330
789
504
419
933
1
702
34
236
361
27
512
522
825
906
291
659
693
301
420
421
405
326
60
75
539
408
260
692
648
469
374
789
325
793
74
326
496
108
563
857
487
75
731
664
981
375
323
675
676
744
448
433
422
860
508
314
620
769
358
620
590
733
409
915
526
483
241
374
943
156
231
431
584
315
95
917
690
771
592
718
515
392
152
937
604
660
603
225
781
962
845
371
695
255
638
221
90
880
948
34
388
531
817
972
846
264
890
888
35
834
607
902
579
111
192
183
771
795
760
905
757
606
276
452
213
915
26
655
147
974
41
887
505
858
860
704
475
102
944
510
288
551
413
867
14
957
403
786
752
163
43
862
121
671
314
334
938
692
342
85
18
383
325
524
242
537
580
69
639
524
579
927
428
344
147
442
301
550
580
406
713
623
268
835
295
934
521
233
627
863
671
645
247
996
521
841
533
101
910
524
626
841
803
406
186
950
848
839
852
781
245
566
404
865
753
51
800
626
285
427
842
308
72
441
304
594
282
189
47
544
65
25
737
868
431
275
171
632
115
375
413
712
941
169
578
46
221
378
25
506
157
867
814
229
308
470
175
942
11
575
486
428
600
575
648
384
851
819
16
318
195
781
382
488
950
960
887
171
690
912
29
847
779
195
429
87
17
956
29
28
531
867
808
484
442
457
868
645
628
236
963
175
17
346
664
319
658
903
491
701
167
872
548
946
68
329
385
85
286
766
466
169
633
274
653
427
83
873
425
712
109
740
887
478
438
903
798
97
806
641
798
973
865
698
271
933
380
656
371
666
774
189
187
759
815
841
187
899
714
964
611
176
704
498
6
143
754
804
592
560
797
742
886
663
792
157
948
172
166
671
190
940
212
378
700
28
219
239
927
285
555
890
813
259
740
820
754
494
624
698
407
774
792
293
789
585
802
89
757
320
761
948
613
973
678
313
353
897
904
632
534
811
522
348
70
615
168
177
109
144
227
868
918
20
513
59
605
316
149
714
988
262
14
601
587
692
266
941
941
522
573
476
333
448
824
756
63
344
933
524
488
512
393
759
532
906
818
489
222
319
556
563
581
922
164
521
615
431
462
908
953
35
736
639
835
912
395
898
256
680
423
745
192
816
504
725
722
674
566
297
346
122
860
279
45
376
800
12
159
262
272
465
650
9
104
485
921
499
384
178
179
159
275
371
975
131
448
49
805
15
698
151
489
910
431
886
287
583
250
446
846
523
263
848
532
367
333
805
866
69
335
397
228
610
121
555
741
569
957
899
936
655
402
426
566
185
312
205
769
563
3
615
438
267
463
322
634
148
127
853
218
463
602
798
73
723
354
167
293
311
66
229
318
468
7
236
6
672
441
775
587
445
742
25
64
205
347
50
705
826
903
923
641
506
74
715
581
780
234
874
443
652
456
761
472
815
998
478
487
791
253
74
588
995
451
652
552
150
703
258
329
958
533
970
816
959
37
398
739
271
624
182
923
432
944
396
248
294
874
87
85
480
514
26
475
317
678
380
468
733
990
797
44
523
119
860
483
157
610
574
428
587
757
704
371
53
452
619
347
678
59
784
158
573
810
986
890
489
366
710
574
356
859
618
231
979
831
66
136
793
641
916
732
750
972
104
803
424
75
502
103
134
286
613
59
97
599
950
938
317
12
864
25
872
483
609
203
666
675
339
459
668
607
544
418
580
648
573
356
723
75
811
858
362
425
269
811
376
219
749
694
584
613
719
456
448
328
11
466
356
350
278
376
309
822
147
889
470
720
598
545
796
409
403
510
834
673
321
211
244
422
257
180
387
976
636
188
657
999
654
365
349
932
741
11
754
888
252
576
609
850
122
757
260
877
619
446
902
292
657
147
66
914
327
453
243
316
993
252
315
648
617
17
932
710
28
39
599
632
615
560
483
737
317
95
967
288
541
869
580
551
368
646
817
48
451
412
364
445
664
31
445
633
400
729
344
780
768
295
413
384
855
248
473
524
343
440
812
884
310
744
435
30
390
605
78
193
17
442
990
682
826
787
667
578
517
11
711
285
658
124
21
513
724
495
37
67
287
201
303
949
945
91
980
687
696
58
881
713
853
223
747
31
11
415
609
528
778
320
813
437
796
187
302
872
682
340
939
321
893
243
271
191
686
603
878
382
661
111
95
866
335
843
897
698
258
859
226
388
531
391
825
328
578
128
552
612
820
492
286
713
87
909
256
773
512
135
507
173
598
602
40
933
797
289
983
55
148
209
444
680
953
621
360
883
101
912
848
921
756
134
987
843
43
243
968
555
730
475
80
329
430
472
262
227
762
598
635
262
807
431
942
112
52
302
348
154
567
196
427
323
682
414
519
77
10
839
984
740
315
64
69
97
889
684
324
3
282
311
265
441
742
208
554
147
862
254
301
429
450
80
105
484
847
624
561
857
463
545
597
130
961
667
227
202
703
904
205
985
215
471
426
310
31
332
457
245
586
110
27
388
190
132
872
37
108
785
894
571
330
844
54
644
863
633
846
566
889
404
551
105
875
329
767
258
14
224
503
600
334
530
989
524
662
213
914
122
999
160
694
681
4
100
677
867
733
876
785
975
280
688
432
507
18
199
765
384
423
620
984
757
503
325
633
517
891
547
640
242
708
686
275
64
786
953
932
871
181
69
846
461
758
278
320
128
829
437
512
252
57
848
361
560
526
995
78
417
542
718
659
602
404
934
667
542
239
951
413
420
20
612
233
130
242
553
258
72
990
122
324
48
323
686
960
849
33
38
266
575
108
277
530
864
563
197
406
803
148
172
575
520
784
809
651
378
362
909
450
353
384
127
753
707
165
65
556
198
456
174
125
564
451
655
781
14
852
539
169
352
711
745
873
847
906
524
226
268
785
28
973
521
155
78
228
320
144
136
870
600
310
996
516
113
3
297
480
208
837
649
560
548
746
785
748
652
661
326
273
447
354
246
320
862
677
549
534
821
37
405
421
348
753
289
813
756
587
293
964
424
295
877
324
41
14
424
694
676
750
319
475
105
565
795
967
594
696
853
415
734
258
188
434
11
478
247
120
65
893
84
841
188
313
517
229
328
942
275
4
692
594
479
149
512
626
468
106
323
322
874
57
580
62
491
944
892
90
64
309
983
500
150
523
166
668
753
846
962
380
850
654
327
681
156
191
307
624
649
982
298
523
39
231
938
882
175
830
325
591
140
308
443
642
832
961
662
937
807
624
669
657
631
348
690
139
891
350
115
541
332
414
416
724
645
354
606
172
537
283
115
29
592
558
23
776
872
686
65
679
662
86
689
645
787
379
784
678
81
900
219
766
314
636
490
311
342
448
483
879
732
950
260
676
860
284
804
732
322
221
412
984
307
101
630
94
832
414
773
914
666
344
680
980
980
522
643
675
970
478
906
54
428
167
730
289
803
886
21
125
107
433
109
767
886
91
213
719
858
338
985
524
683
17
857
15
539
500
690
861
979
597
916
759
116
998
48
919
885
422
396
344
855
505
111
94
949
325
813
807
663
798
331
698
167
188
714
706
41
404
919
372
353
187
131
821
186
180
92
423
602
488
119
809
346
231
903
295
908
68
102
923
866
433
622
33
974
336
91
15
92
11
739
798
550
870
971
736
50
64
511
4
552
631
166
898
214
69
545
474
138
647
397
356
433
371
742
759
59
185
774
152
548
513
302
99
735
273
187
138
689
51
142
242
34
308
492
248
730
390
74
220
37
823
928
822
195
22
581
254
208
707
758
756
572
412
207
308
686
395
446
375
446
588
969
480
249
814
80
331
204
506
903
593
329
831
416
524
854
997
779
62
705
889
170
277
302
378
585
340
125
383
715
571
324
37
403
925
851
835
256
407
341
159
0
670
342
768
547
196
766
326
610
823
567
133
452
869
511
390
209
988
773
277
911
97
666
314
22
869
501
630
276
842
789
628
864
484
397
411
680
163
89
643
338
657
776
790
878
287
180
88
627
954
717
538
51
383
204
426
252
705
56
528
899
198
508
763
682
905
175
714
420
264
357
758
921
133
549
800
772
81
240
399
35
957
937
439
692
141
217
944
198
273
824
97
823
332
861
505
238
36
220
10
652
577
769
926
63
670
78
835
751
318
235
139
627
524
930
319
18
147
615
216
772
439
666
596
123
527
453
713
915
673
724
919
603
845
845
666
515
923
853
618
593
88
109
572
965
39
243
983
538
858
551
663
649
217
611
773
96
64
486
11
90
562
931
45
407
128
63
922
404
916
893
997
357
2
570
674
394
165
657
284
24
560
299
673
778
910
798
226
327
285
590
769
847
521
166
255
1
229
529
405
497
422
755
206
777
677
880
171
842
889
455
866
450
107
892
580
17
690
806
696
975
396
817
175
269
983
782
623
564
311
28
62
86
783
620
863
460
501
386
303
390
193
521
192
300
413
772
670
104
931
366
431
679
184
606
301
519
740
924
84
404
304
498
490
88
118
705
900
971
91
555
362
636
77
906
937
842
31
607
946
314
325
730
993
861
688
646
733
429
570
817
833
227
667
675
315
137
732
567
109
175
123
823
811
552
729
100
746
760
59
45
74
385
775
420
598
463
66
331
244
989
500
429
216
167
456
883
657
188
802
118
715
277
941
527
829
22
627
576
135
687
973
561
424
748
981
22
563
400
706
160
741
206
589
309
726
398
544
735
938
346
853
654
624
794
533
805
168
160
733
303
199
706
865
975
806
198
350
370
950
56
882
43
614
471
704
692
869
600
427
808
947
280
814
923
426
347
80
595
859
166
250
59
224
467
386
31
666
736
753
968
144
635
364
111
458
68
803
680
669
231
840
968
863
654
243
642
1
323
589
860
841
839
271
66
307
658
449
325
746
554
293
891
189
657
2
999
78
157
679
747
740
519
67
956
525
310
598
526
985
187
739
827
378
10
245
685
20
694
362
119
600
656
362
141
665
716
140
743
873
172
842
614
43
909
570
569
571
520
447
557
59
186
736
437
549
981
475
921
27
837
40
627
845
402
768
511
118
260
606
344
432
801
958
476
62
880
397
634
400
844
543
459
31
279
248
932
260
723
853
639
561
246
266
758
0
386
621
471
646
228
815
79
381
125
907
443
5
304
429
757
500
972
568
883
251
816
815
863
540
21
502
453
619
768
211
619
154
833
442
153
413
257
232
146
734
491
941
739
147
371
848
647
695
416
531
947
585
346
162
477
719
665
282
338
785
845
310
292
678
752
445
443
10
29
941
96
520
883
188
667
254
36
666
949
805
197
248
742
544
411
219
615
428
501
954
213
346
264
505
377
368
302
172
730
331
114
827
203
997
15
222
603
51
889
904
208
86
505
950
982
916
169
598
696
22
904
261
721
520
767
450
888
421
622
619
105
88
446
308
85
461
883
40
512
124
945
73
210
450
23
545
718
545
495
766
567
399
27
640
919
146
90
807
568
713
426
673
153
872
333
591
685
216
631
198
340
928
623
903
378
646
448
448
191
295
214
111
694
594
751
613
740
842
772
308
907
551
333
60
775
667
651
461
235
635
11
928
563
634
183
294
280
983
94
824
278
661
935
972
255
38
937
995
880
61
656
139
612
989
552
388
8
555
849
244
190
212
524
754
846
707
400
478
690
494
302
320
155
589
292
410
628
581
406
860
642
62
0
255
403
904
995
412
459
196
8
2
408
532
756
254
591
508
84
281
2
387
953
158
328
245
920
956
178
326
169
820
740
169
427
144
425
422
556
884
970
564
238
378
448
346
984
39
854
69
672
857
808
625
367
136
222
287
445
400
966
614
572
706
135
352
202
560
126
110
796
97
26
35
475
474
733
812
865
588
881
537
445
41
514
812
529
88
451
326
488
417
940
413
124
427
765
678
339
891
789
488
340
815
875
816
642
608
980
507
196
861
397
993
254
911
805
135
0
257
462
840
26
754
605
150
182
722
829
873
966
970
361
306
785
588
474
427
197
454
287
745
667
684
739
273
947
896
409
299
505
871
492
532
625
97
34
159
172
863
385
138
833
98
796
971
687
271
750
236
77
37
981
745
721
720
18
669
969
427
320
474
650
812
6
628
262
41
139
434
256
524
572
442
623
720
413
662
991
515
898
69
553
879
166
626
952
184
295
921
964
616
747
966
780
754
594
42
147
86
476
403
610
400
197
585
121
962
247
464
478
497
885
31
377
51
657
681
588
305
954
904
273
701
870
405
455
817
448
954
255
276
710
217
677
907
803
150
222
402
966
700
900
852
83
629
903
92
662
843
749
616
747
374
317
970
780
125
139
228
79
394
504
789
611
533
49
766
35
271
521
2
323
773
854
406
754
109
850
416
305
600
32
404
326
349
374
106
826
865
686
906
259
543
47
223
428
96
989
464
719
510
818
42
283
24
800
37
133
651
805
790
603
837
195
929
539
569
388
365
435
74
623
46
969
23
269
398
119
611
214
191
473
32
233
109
56
34
146
541
37
304
332
640
141
527
569
32
448
309
750
235
384
725
634
353
748
903
103
220
866
317
411
340
349
644
449
405
30
947
299
67
251
631
707
745
510
629
777
958
938
879
546
674
605
180
380
353
435
483
573
302
801
336
642
502
981
91
260
11
390
559
79
642
190
138
387
700
767
516
10
58
748
556
732
705
88
464
410
524
948
336
826
101
672
820
955
653
263
215
17
653
774
96
647
316
586
34
368
354
903
731
764
3
639
496
708
728
313
118
252
613
454
430
66
127
602
21
132
865
589
149
870
715
597
518
32
184
904
752
890
159
483
654
162
475
502
870
203
815
341
807
428
795
589
846
274
191
868
407
408
457
556
630
172
506
148
556
690
405
661
932
564
496
586
79
971
88
301
174
256
642
333
36
790
922
883
64
465
103
823
225
560
380
208
84
238
708
993
280
113
6
212
30
502
798
109
474
238
410
0
846
405
686
883
195
960
118
259
778
221
83
3
133
815
211
569
405
272
562
685
385
568
897
415
423
695
876
897
285
639
249
132
44
287
367
239
248
485
850
26
58
285
381
191
452
945
760
857
217
323
542
602
243
439
370
666
486
246
915
124
885
517
256
281
804
975
520
52
812
723
430
870
8
812
61
461
757
821
318
974
496
861
928
92
652
298
110
139
897
378
263
134
895
871
416
51
846
288
456
10
11
886
880
20
698
941
833
807
114
151
781
963
364
62
407
17
712
517
508
609
895
771
96
142
994
864
546
192
152
2
202
516
240
82
888
291
375
721
98
841
872
232
156
589
646
563
606
358
81
114
968
328
237
64
823
231
280
721
775
432
723
329
948
315
763
836
606
138
909
57
331
782
641
488
371
287
403
329
645
836
795
613
165
32
29
340
615
661
61
390
94
136
719
394
451
482
583
410
972
492
467
655
626
108
495
349
747
899
678
392
735
473
358
252
857
739
944
472
401
5
214
495
493
285
241
297
119
824
707
443
669
526
99
295
986
594
997
733
845
27
125
581
501
835
185
710
575
130
183
976
487
749
823
981
35
64
278
506
241
337
950
262
863
49
557
201
995
906
934
841
934
411
422
787
247
959
497
174
89
32
150
929
782
973
910
169
389
540
675
982
229
625
244
444
674
154
645
670
60
931
863
994
694
637
781
941
596
279
467
38
311
617
967
445
942
229
614
684
769
290
666
350
915
911
794
942
65
791
964
125
722
827
472
416
464
253
710
412
884
177
450
548
147
417
993
89
646
960
773
767
250
440
117
517
703
263
459
768
54
775
245
776
954
717
545
770
971
255
183
207
784
633
755
283
403
101
373
401
61
498
169
311
290
638
180
993
902
992
113
956
767
359
85
722
76
630
492
399
237
675
607
373
661
714
657
416
167
382
817
228
880
338
891
523
329
72
516
583
64
982
891
183
341
976
905
769
958
750
521
547
425
480
921
438
194
930
206
362
312
376
942
544
66
834
67
395
258
936
330
322
918
222
505
611
198
763
732
509
513
253
56
290
733
977
81
928
907
287
642
571
15
584
116
82
770
535
829
28
471
160
702
741
734
560
704
284
323
437
793
188
690
850
830
424
179
911
704
439
551
346
362
566
282
478
0
405
14
830
433
837
342
136
931
428
48
635
712
371
72
858
911
763
708
741
539
239
653
243
30
556
941
393
122
575
223
475
980
589
305
414
779
999
902
710
427
950
345
491
673
770
349
584
885
409
677
424
1
682
667
31
238
960
776
713
535
352
188
516
293
845
282
72
196
536
134
975
486
832
466
511
602
816
447
839
577
124
263
578
159
282
962
397
242
90
462
129
794
650
997
88
495
631
512
43
167
647
18
5
831
485
516
785
653
315
624
230
440
239
161
951
521
475
348
115
565
811
596
360
813
594
800
661
225
312
704
745
311
723
750
142
560
619
279
213
934
903
795
726
142
308
677
15
783
26
130
349
189
727
61
354
673
861
15
250
525
72
995
837
795
98
331
355
717
611
920
651
866
67
378
361
376
55
376
159
433
859
860
974
938
921
329
611
134
696
213
660
768
209
849
915
307
180
622
376
143
542
27
362
962
405
723
338
813
451
497
246
310
358
573
248
631
902
211
766
950
425
778
71
986
627
986
645
159
609
21
303
503
400
665
465
158
740
155
971
191
653
569
502
363
142
102
346
396
314
112
699
91
242
770
429
869
756
74
29
717
447
684
573
847
349
390
357
89
546
328
632
551
250
134
914
744
237
612
141
903
77
840
346
319
962
775
189
718
201
570
788
0
254
361
847
955
751
557
396
297
885
28
848
487
163
114
232
752
727
373
7
804
565
353
123
879
480
664
597
681
234
737
681
488
98
880
795
202
437
191
851
675
220
52
162
383
166
394
487
245
119
494
49
36
199
525
915
679
189
865
712
776
602
393
616
53
625
412
607
415
603
458
442
823
510
956
558
29
351
45
274
822
891
324
211
90
201
126
769
742
343
481
518
298
226
135
703
204
899
310
971
854
768
413
678
631
369
588
660
72
986
934
247
877
610
458
320
811
936
441
554
632
923
424
930
501
911
633
57
810
295
28
665
415
793
695
46
515
635
58
587
621
993
186
851
955
996
523
119
933
964
673
917
887
449
847
741
361
832
798
171
127
179
188
894
972
235
941
487
871
351
427
844
696
613
695
652
610
218
771
895
183
796
812
422
597
11
515
958
195
314
482
674
493
670
568
817
258
861
305
129
213
84
973
909
49
21
913
659
591
36
906
126
832
70
549
430
433
416
740
628
730
222
302
575
245
871
745
503
732
402
984
297
486
957
207
535
330
120
547
922
157
805
48
341
876
949
123
309
366
216
290
448
438
592
376
35
463
121
890
548
875
874
845
361
184
404
248
514
877
795
436
386
601
837
79
829
786
555
490
504
771
780
953
561
373
681
597
188
154
839
88
29
714
934
390
898
690
638
764
919
786
553
305
387
390
385
568
176
292
58
681
63
839
986
624
564
667
573
752
821
413
193
850
479
127
592
729
169
230
845
89
368
398
746
755
788
483
675
317
775
734
350
838
925
336
815
489
355
740
593
176
505
786
378
984
265
322
65
787
552
911
876
273
309
974
28
450
458
704
767
233
790
117
424
715
453
239
556
160
979
501
688
485
640
66
821
257
388
239
44
292
150
272
565
811
247
946
261
705
2
28
290
144
497
714
211
302
953
119
462
285
620
150
122
260
568
295
518
308
534
914
601
36
187
518
848
434
816
461
491
170
842
781
314
339
496
525
994
801
644
456
438
617
607
912
229
175
208
99
836
742
14
789
779
553
307
979
987
476
792
830
646
986
611
313
326
459
190
320
613
835
128
403
804
735
316
33
263
524
485
99
618
851
888
749
404
547
80
743
375
873
573
374
859
536
687
537
348
877
209
961
64
338
364
220
425
680
606
40
556
91
491
175
942
731
924
346
631
5
89
6
230
14
732
441
550
419
979
898
649
540
211
65
230
928
286
8
960
892
400
517
335
892
44
277
975
320
975
606
325
64
965
907
430
697
349
332
469
680
231
118
572
794
535
803
722
821
811
35
65
211
552
400
455
596
677
783
916
652
389
594
68
706
853
850
756
554
183
225
234
766
695
807
560
582
962
635
404
773
670
821
336
574
222
144
522
251
927
790
256
668
736
676
727
590
527
483
144
710
60
731
476
107
538
388
689
852
23
445
625
45
619
313
619
841
809
141
444
736
932
700
757
668
377
484
610
904
319
755
966
731
838
442
190
728
830
231
580
206
29
557
251
648
870
871
489
32
364
285
120
296
986
877
317
363
713
927
619
32
34
585
115
872
379
305
600
209
537
180
767
566
737
19
566
960
242
407
992
606
692
112
255
678
342
924
393
55
851
12
440
238
949
907
462
328
213
63
890
102
595
657
20
685
676
586
645
270
993
989
877
685
453
484
716
795
408
109
203
611
474
995
849
423
902
664
104
467
727
994
569
674
651
941
359
680
527
356
950
872
697
179
910
503
663
626
298
71
87
853
35
561
848
236
985
751
900
89
218
979
435
140
654
86
81
365
766
961
74
69
185
771
248
95
274
912
721
925
335
809
778
370
722
979
959
59
82
859
500
300
839
935
792
493
22
226
210
140
187
284
561
372
56
810
468
682
74
541
607
761
702
738
484
777
717
443
836
799
302
337
451
141
272
596
986
646
822
197
139
9
481
700
733
889
862
553
572
936
447
531
50
501
269
534
278
338
977
115
137
279
804
941
773
428
537
759
427
359
308
566
720
142
618
453
31
833
359
955
121
806
487
171
659
756
705
938
95
682
405
584
314
209
525
87
637
414
198
64
773
507
982
845
649
953
651
32
138
10
988
259
168
475
783
827
583
488
117
30
523
522
615
837
83
492
276
73
907
474
489
32
333
472
878
334
777
881
367
267
891
355
526
411
182
309
590
765
150
708
796
673
582
763
862
666
255
138
739
514
964
228
899
298
52
129
984
181
10
351
448
253
58
327
664
592
636
606
358
138
314
506
811
249
269
673
915
876
163
6
743
128
234
642
778
639
771
114
820
781
818
269
34
876
596
50
821
584
656
179
723
323
37
886
572
658
912
487
534
75
493
277
555
79
919
685
718
42
800
539
823
618
160
209
846
108
259
667
692
916
198
767
239
235
654
811
893
566
650
780
993
143
409
549
574
681
586
293
723
738
832
547
356
344
756
555
452
16
574
144
284
125
912
875
712
918
686
958
484
336
738
477
831
147
378
405
828
965
50
552
703
234
451
412
578
559
319
30
927
245
527
211
370
791
86
83
709
124
41
545
812
779
22
995
278
753
753
459
718
803
363
773
38
814
537
968
373
856
999
653
102
878
864
472
669
303
907
730
779
948
275
592
79
649
587
358
402
692
169
472
496
532
246
886
346
135
854
71
992
205
724
446
83
941
270
104
596
178
186
375
478
813
319
558
463
259
268
217
951
437
42
447
969
288
685
667
775
540
90
767
745
167
565
829
460
836
285
408
366
472
783
844
285
455
402
100
714
22
670
665
459
712
465
780
352
150
799
127
690
890
247
788
409
812
969
869
0
254
629
366
78
412
211
716
219
613
168
933
636
838
951
447
550
416
580
254
918
379
382
961
621
981
749
382
793
70
603
794
676
232
512
755
997
723
823
216
689
991
150
677
182
101
124
84
869
56
339
787
436
73
100
409
54
849
792
199
271
395
993
948
628
858
55
625
581
878
841
270
221
343
947
403
444
424
840
665
480
531
805
268
604
905
678
10
107
822
209
378
217
555
326
197
413
381
822
346
259
16
617
833
359
916
588
156
692
428
173
525
311
978
793
267
884
823
277
991
997
839
369
215
394
48
764
159
429
939
505
41
955
474
874
666
391
814
174
435
595
348
960
906
326
106
174
210
281
803
553
279
642
923
846
388
971
610
899
752
549
405
793
856
231
19
523
974
834
697
410
429
45
370
335
372
828
861
934
110
665
488
389
659
763
235
48
86
197
299
838
747
704
984
603
936
3
478
910
189
176
672
970
221
395
306
945
223
519
880
333
536
720
74
196
483
661
596
569
859
895
759
958
952
743
913
240
99
392
502
288
568
175
259
141
570
917
439
145
788
671
831
325
391
905
521
874
919
469
795
130
364
554
88
316
298
353
556
749
745
59
37
665
586
648
159
156
917
598
301
706
269
132
383
12
390
904
886
309
373
681
791
89
587
879
406
237
232
314
986
330
725
376
347
311
24
506
819
294
456
121
352
77
605
735
89
347
639
327
8
364
360
799
805
948
678
563
185
263
878
524
945
955
900
292
267
276
151
86
922
607
559
274
37
517
9
126
864
0
806
873
716
166
672
522
466
703
85
4
318
315
528
263
271
780
907
890
408
58
328
331
18
888
605
55
757
615
533
621
615
339
846
684
858
871
206
676
574
291
680
244
959
560
859
230
340
766
472
749
177
800
432
547
40
37
602
797
4
487
771
972
179
969
656
37
840
862
65
766
505
746
10
464
306
221
46
999
988
870
100
517
671
532
64
711
921
18
861
926
857
984
898
36
953
554
425
146
768
491
912
273
589
275
90
247
496
488
246
836
359
698
353
382
582
769
445
504
139
306
782
997
642
680
385
596
586
811
742
706
654
6
331
243
281
421
490
130
262
89
966
621
787
672
3
370
793
800
226
933
107
8
282
749
40
667
697
978
478
791
684
484
798
15
727
431
789
570
561
51
659
880
24
798
904
379
520
697
179
746
982
638
106
264
740
146
932
437
124
762
581
160
247
731
176
326
162
965
896
76
368
907
308
392
706
212
771
226
261
950
325
244
589
431
508
329
930
440
118
54
203
699
567
802
430
743
128
945
60
377
373
428
284
681
172
342
245
943
569
506
245
246
750
186
677
259
867
607
51
986
14
606
37
581
408
468
676
889
765
88
266
138
868
550
819
40
893
64
335
814
922
580
60
673
119
89
284
986
697
335
972
63
942
10
996
350
830
672
239
595
112
857
85
980
760
904
20
5
320
707
819
242
639
231
915
758
320
551
745
369
887
69
432
181
431
428
531
261
452
123
208
564
332
293
544
92
549
916
97
869
975
268
464
615
499
731
725
820
283
470
189
170
892
974
351
323
754
234
937
207
709
145
123
42
791
668
486
340
936
584
562
264
852
26
879
352
757
956
524
392
779
65
562
671
39
265
994
794
500
283
353
561
429
476
955
572
496
442
264
785
378
826
49
230
204
280
934
314
236
810
706
15
876
621
38
267
886
385
413
738
668
766
652
449
243
607
21
91
49
286
876
427
464
925
10
21
557
296
335
146
107
393
513
335
14
552
602
253
937
16
991
605
134
643
55
377
603
428
821
4
66
697
784
531
975
794
904
884
442
591
30
549
984
544
236
351
96
839
604
385
207
947
990
341
943
397
71
898
826
892
902
892
589
686
775
916
832
679
801
275
270
831
176
607
727
413
310
823
604
266
208
811
565
551
152
860
948
223
758
126
467
661
19
57
699
146
325
532
178
126
159
800
310
687
407
37
100
69
861
56
335
421
867
901
324
372
761
273
947
520
751
415
533
122
824
232
269
149
116
447
628
627
247
938
315
7
975
767
76
188
824
764
962
691
665
286
415
778
911
363
650
663
778
183
785
954
768
406
103
236
853
731
864
453
21
179
812
349
946
240
889
770
4
851
814
21
490
581
800
753
944
802
416
74
338
554
28
106
312
484
342
518
567
206
323
589
737
135
938
684
375
827
806
732
31
972
753
521
554
905
274
850
708
43
925
46
949
305
504
613
789
198
131
357
405
454
298
494
589
588
178
317
767
337
49
798
309
154
671
215
60
298
66
120
693
991
518
994
296
22
607
438
572
739
795
329
545
445
824
487
33
2
804
800
691
205
951
1
359
974
568
771
272
634
891
317
977
761
311
626
135
271
64
708
362
211
37
907
656
861
394
689
216
550
841
907
755
792
260
467
119
829
238
391
463
482
61
793
243
724
419
731
995
483
439
709
694
476
617
350
690
363
391
906
266
584
813
373
377
74
840
496
255
431
239
70
265
652
863
860
377
282
591
724
117
30
434
811
859
403
513
549
118
256
455
736
841
620
110
570
46
302
418
301
733
9
724
998
662
587
859
391
222
802
115
339
185
901
503
44
304
368
945
775
625
752
511
818
372
621
388
771
924
806
424
9
815
148
360
829
88
571
220
310
373
688
1
558
589
504
954
894
873
899
669
850
651
180
668
376
154
408
147
430
214
571
439
381
72
799
563
160
370
135
470
744
823
471
654
413
328
609
659
553
860
680
403
512
860
423
240
366
831
387
796
397
310
236
778
382
35
693
542
758
829
364
502
652
836
508
65
516
117
724
69
978
404
472
842
617
895
82
335
78
469
132
475
131
720
253
514
107
299
408
865
128
773
719
780
961
228
198
477
697
274
546
675
31
370
517
0
617
951
335
695
772
819
170
904
539
775
770
647
74
178
864
202
303
584
983
264
164
533
93
861
807
639
537
838
361
406
838
978
358
526
673
130
345
843
386
237
971
156
236
45
335
100
248
638
36
583
255
200
116
348
62
923
340
951
114
701
709
952
32
67
830
57
550
176
253
936
413
224
93
649
269
780
101
517
770
138
100
25
338
568
726
752
492
66
55
958
119
765
262
151
184
93
561
734
269
814
23
34
38
468
35
307
600
136
177
370
626
629
396
317
198
122
69
42
540
125
0
659
242
262
163
426
355
724
513
976
538
888
362
928
356
397
587
308
886
764
678
512
746
426
829
944
900
251
338
440
728
338
452
970
600
615
748
308
691
613
636
581
501
999
509
209
748
448
517
986
213
196
499
311
974
680
255
875
931
593
315
659
283
767
981
235
734
82
543
777
695
532
358
197
883
219
758
631
668
276
618
233
824
469
544
798
149
799
673
433
744
341
444
379
460
426
614
547
508
510
324
555
42
683
752
925
254
863
908
922
139
878
155
315
347
699
113
849
850
139
282
946
832
726
325
644
504
292
191
12
802
516
920
196
551
24
473
805
887
381
80
26
260
235
341
959
287
807
808
137
298
90
436
130
169
761
774
673
53
318
38
207
186
958
403
89
982
876
246
870
258
326
248
870
562
942
181
201
749
990
338
399
432
774
881
953
888
655
627
293
325
17
501
511
975
904
600
309
133
847
531
743
173
780
965
87
74
146
288
175
488
979
574
273
105
455
226
345
462
205
639
788
222
492
651
549
748
252
211
881
451
742
624
976
874
941
416
300
88
56
475
928
35
49
201
493
856
780
838
671
985
829
811
560
321
462
461
70
66
672
951
517
767
928
846
993
221
262
294
309
318
121
590
706
523
791
199
379
571
389
402
909
219
213
469
540
676
282
610
94
955
914
964
74
194
810
67
415
424
713
77
742
835
667
448
358
810
999
89
382
389
492
643
608
705
112
500
733
394
111
180
701
377
144
775
923
306
195
338
730
260
767
472
447
434
273
805
245
272
247
979
13
739
622
621
796
86
474
882
832
585
62
534
314
558
661
237
864
208
927
594
821
695
418
268
481
43
426
726
668
673
57
681
764
679
655
912
117
129
146
950
66
208
836
380
118
849
617
982
58
544
928
879
591
347
499
73
742
925
151
410
950
209
92
66
240
747
979
358
228
125
660
294
686
496
674
804
345
643
139
755
539
67
986
131
766
486
204
509
411
355
919
714
916
363
780
157
462
759
867
690
237
527
984
923
375
10
79
720
5
218
828
545
286
814
28
404
300
584
913
64
939
185
778
208
900
558
365
363
670
584
53
907
111
390
182
838
400
261
558
406
832
738
303
118
553
331
874
853
267
140
269
558
325
47
766
225
958
483
940
980
67
994
887
530
384
421
368
136
34
279
894
866
17
197
336
570
880
211
776
147
351
45
706
28
445
824
605
403
308
546
383
375
892
622
258
276
395
626
764
429
905
659
296
275
208
632
197
441
195
973
940
546
371
646
926
816
823
532
571
131
430
306
506
322
280
116
950
675
743
714
104
0
373
752
275
934
737
825
375
932
798
315
831
521
314
757
337
137
641
260
620
71
918
478
393
198
595
695
873
338
410
330
690
135
434
318
69
171
143
796
456
293
112
287
815
778
396
504
267
390
765
887
461
683
365
207
234
960
902
107
650
312
789
341
800
576
659
869
747
802
18
555
95
482
194
262
260
591
767
879
981
884
766
794
567
483
353
801
444
256
261
94
920
402
435
720
978
446
942
78
248
960
633
696
794
180
958
54
771
725
285
104
609
51
250
529
534
604
682
330
860
295
425
132
698
212
205
28
659
147
458
259
459
444
955
253
624
266
659
747
343
944
851
953
347
101
834
233
57
516
564
917
812
341
402
862
905
607
242
564
106
701
176
917
145
483
522
769
749
533
868
93
477
719
398
176
172
584
409
230
100
973
499
264
666
901
478
572
860
721
488
966
774
664
235
271
500
757
392
249
290
260
694
119
979
444
295
503
28
57
85
481
382
585
97
49
838
576
621
51
649
109
369
423
126
605
694
626
362
86
227
5
698
922
124
677
718
772
532
99
829
618
580
211
555
677
260
745
605
233
796
254
343
166
29
821
771
75
447
485
513
674
842
211
948
319
240
667
91
773
766
272
743
698
835
298
727
448
43
333
681
192
939
376
710
969
197
481
396
644
318
910
671
161
121
619
480
714
286
923
487
404
547
230
454
382
880
182
830
275
515
864
467
806
240
177
775
790
10
524
786
681
434
457
194
907
77
26
621
363
301
460
120
848
690
574
230
922
756
61
198
623
925
17
430
517
547
557
307
909
81
94
942
867
903
136
775
980
514
748
696
815
209
816
663
251
742
894
526
499
307
724
474
584
93
256
101
992
166
761
902
247
207
844
467
110
333
594
443
847
342
139
15
903
307
678
507
49
924
33
900
231
109
727
167
202
983
621
195
149
734
449
749
941
645
568
403
330
162
198
530
856
337
545
112
996
575
619
398
500
652
298
83
113
377
251
315
361
872
862
862
606
663
963
899
309
531
654
991
45
205
521
902
894
418
14
891
994
985
289
494
989
939
929
102
317
180
769
30
404
632
244
362
647
208
613
308
91
620
300
137
825
821
391
719
592
405
962
586
742
251
432
731
543
361
185
212
894
954
594
650
938
838
13
586
398
978
894
842
950
546
979
775
720
370
847
312
127
809
898
869
413
330
952
308
43
137
520
937
91
114
588
382
304
953
968
703
283
214
545
234
761
876
361
481
598
208
793
725
370
43
946
783
373
898
91
768
35
963
706
478
77
646
860
733
951
180
788
234
747
333
820
508
561
182
341
159
742
134
884
112
529
182
895
902
80
338
22
467
301
80
298
730
726
510
464
29
43
252
616
790
938
436
298
499
970
991
11
713
125
247
825
6
430
73
260
862
411
282
330
65
363
980
795
89
490
259
471
885
512
87
675
450
875
325
949
846
316
312
911
793
560
736
799
990
809
59
852
573
342
534
638
705
514
433
146
357
693
969
242
557
56
918
7
284
595
308
130
912
621
41
705
181
129
857
523
291
916
375
864
610
910
854
315
776
639
814
133
332
783
728
241
192
646
248
476
593
909
958
505
530
351
563
63
480
420
586
123
688
961
339
299
223
193
966
0
833
132
133
517
916
213
759
460
859
359
288
805
268
246
310
150
597
225
565
429
645
151
553
334
465
892
985
40
438
951
40
271
84
526
140
352
739
251
812
951
611
100
756
231
698
418
382
647
644
947
76
641
451
981
327
268
226
312
308
664
616
349
287
700
227
427
404
318
679
568
269
642
20
377
873
718
796
255
365
792
555
793
433
6
127
761
626
353
73
934
369
689
635
656
741
862
435
145
533
466
713
802
108
733
532
982
803
680
589
520
472
144
314
905
502
793
18
128
146
444
415
515
133
50
523
227
265
958
724
798
425
790
952
533
875
484
867
679
164
457
199
988
953
865
246
456
658
264
936
156
708
351
23
194
402
546
421
667
505
497
817
930
287
769
815
163
254
683
842
770
492
393
111
445
611
357
253
269
621
190
778
330
893
801
524
295
348
297
314
853
794
483
135
82
253
302
597
859
337
791
981
829
184
92
275
795
449
528
417
71
70
195
753
964
996
629
611
696
926
278
901
72
761
36
506
14
691
103
225
28
894
207
858
431
299
485
578
101
13
995
172
84
542
277
400
891
906
11
587
184
289
489
256
403
877
763
769
920
218
995
949
113
554
807
544
853
644
474
306
657
470
830
93
364
107
493
255
13
857
195
197
498
36
806
901
265
569
671
186
787
666
487
252
220
646
148
425
290
623
84
947
445
914
393
809
22
238
417
387
95
964
585
594
352
391
847
617
312
518
155
451
536
642
56
108
288
204
886
578
179
970
878
624
884
623
786
906
861
555
294
309
871
231
255
223
974
102
192
638
621
348
89
157
342
145
618
983
702
504
913
881
474
791
858
358
766
644
617
628
551
911
289
422
494
544
645
468
646
837
458
619
537
547
129
232
45
747
215
747
251
128
980
725
272
838
435
38
834
52
18
385
315
307
807
809
203
804
629
202
994
87
821
883
987
302
115
32
401
682
131
4
163
463
81
435
302
517
825
488
569
844
874
237
503
33
398
707
838
28
261
832
467
434
715
454
737
183
838
490
865
321
495
380
785
576
815
87
445
993
927
15
189
801
604
692
187
2
751
25
30
12
209
850
799
276
304
536
811
495
378
29
816
873
409
601
450
225
40
895
570
968
262
759
121
218
451
308
221
555
685
603
919
246
453
718
875
110
606
686
605
985
715
421
858
125
375
660
702
767
908
272
735
522
383
209
741
186
869
314
741
907
917
13
153
723
731
380
833
690
419
790
675
134
563
885
611
938
898
665
706
158
289
793
32
672
354
125
859
224
439
952
131
709
965
636
784
49
369
617
91
788
759
118
922
322
355
886
613
253
903
671
763
193
816
796
217
171
921
428
395
713
381
878
774
698
866
558
99
235
527
190
23
286
660
298
960
16
536
573
269
439
596
385
984
413
181
202
584
454
630
331
167
363
209
293
414
427
851
865
663
378
408
38
16
68
336
977
84
872
902
706
664
499
91
648
912
624
202
848
78
185
179
598
900
740
891
314
167
743
180
182
473
940
221
490
8
909
819
93
134
721
151
798
220
242
798
484
866
1
332
296
538
863
894
438
603
138
753
123
233
285
657
706
225
878
548
585
140
367
678
274
89
181
424
661
423
222
146
641
575
830
938
113
46
184
552
1
322
657
124
907
294
782
614
871
12
514
456
152
882
487
426
323
668
202
984
444
425
482
437
352
313
727
466
711
912
370
712
586
379
837
494
25
971
460
248
335
974
56
488
208
895
266
531
916
469
516
360
246
350
149
598
663
877
416
726
789
138
439
727
869
628
573
894
599
385
494
934
360
551
774
568
446
41
452
362
862
968
74
108
318
224
58
334
453
475
60
242
965
851
321
835
479
247
729
78
632
224
365
992
127
139
913
573
532
717
288
394
685
714
854
355
290
913
41
743
740
454
337
705
305
659
540
785
906
622
215
538
198
932
883
325
72
148
250
956
865
890
703
902
605
557
609
895
822
3
639
914
457
976
620
114
987
512
251
245
486
467
136
36
751
371
361
823
519
964
132
736
206
835
990
811
744
599
59
567
602
50
833
411
378
453
526
718
318
129
963
156
948
99
193
700
822
906
523
341
870
7
429
429
842
419
240
587
371
651
506
325
53
339
89
432
145
967
150
815
96
465
971
45
917
164
745
739
71
620
433
293
628
862
722
822
634
315
409
357
966
267
34
372
607
123
156
104
442
306
919
539
123
890
936
40
55
681
132
478
653
565
771
281
779
494
456
765
809
865
474
127
485
509
499
92
984
655
548
427
313
467
318
789
709
254
181
116
935
313
594
940
230
366
574
10
212
30
127
373
247
602
500
732
463
352
176
799
359
724
226
25
543
544
814
253
798
995
369
85
661
964
378
891
682
952
253
894
982
381
267
229
335
119
962
150
471
490
949
183
567
528
208
110
72
374
363
223
369
733
660
382
49
38
274
731
990
879
977
324
612
244
554
299
715
868
449
539
710
399
722
277
927
282
388
351
656
751
926
377
836
939
760
885
977
386
968
320
265
945
644
878
541
550
177
257
770
979
796
481
730
870
758
657
152
498
360
808
250
639
185
438
578
297
324
907
683
644
227
949
590
224
179
483
126
708
740
897
687
888
730
417
758
840
426
910
339
139
70
941
778
256
379
356
905
55
263
589
700
843
890
642
419
69
125
897
777
866
146
817
754
876
586
865
717
13
775
408
152
198
349
930
806
728
638
711
784
253
300
836
448
190
478
867
611
603
765
741
821
911
558
928
140
144
793
209
509
920
617
661
118
966
943
924
46
933
636
182
187
288
18
635
479
496
855
442
452
972
183
273
235
93
201
375
238
346
584
747
267
553
761
737
519
56
14
566
342
2
748
529
290
119
516
121
615
723
564
67
47
99
693
283
193
246
658
783
593
595
882
212
148
643
949
20
52
315
938
394
317
38
275
960
157
143
433
125
867
349
544
914
449
237
549
642
836
560
425
429
155
307
641
655
303
942
27
707
258
317
101
927
356
728
887
865
871
321
342
90
670
887
5
471
476
906
113
312
466
890
93
973
550
734
629
205
29
8
912
287
326
365
214
34
93
454
899
316
775
242
407
797
481
764
269
309
670
734
974
137
977
67
110
527
154
91
732
183
452
996
470
778
361
36
812
806
490
63
122
617
657
529
767
490
293
388
800
316
122
774
453
99
193
915
978
347
359
62
530
811
58
352
589
771
389
753
577
231
168
52
849
826
581
616
668
227
4
820
543
478
946
348
930
140
263
908
487
974
323
370
785
381
722
726
505
111
479
434
343
0
486
544
178
420
512
846
999
868
667
542
346
613
242
628
753
857
537
593
832
860
963
617
593
685
344
450
149
175
885
844
175
371
388
353
143
900
552
142
120
219
36
818
832
278
447
938
136
336
531
320
548
846
937
493
531
633
944
680
161
829
876
688
552
264
394
48
516
946
190
636
165
227
807
349
505
254
287
993
942
170
313
842
16
603
335
548
588
279
580
749
460
457
790
365
73
184
413
590
130
603
578
295
182
737
644
40
343
284
33
285
454
699
127
471
654
815
371
242
94
303
344
907
112
134
624
186
318
37
128
800
992
58
447
175
796
443
215
139
727
600
425
534
651
904
5
305
719
728
548
166
31
244
425
144
730
49
682
400
438
810
200
430
868
647
957
16
90
524
156
170
125
933
704
776
837
61
434
909
789
982
75
172
578
852
668
308
901
350
708
339
512
908
769
733
907
79
749
349
603
905
871
80
190
575
857
28
988
291
289
777
625
364
302
555
216
970
863
469
321
923
808
185
183
929
918
90
8
20
791
964
925
663
44
468
590
253
848
579
896
137
708
521
501
10
428
69
981
291
890
654
214
698
839
749
979
110
839
340
130
983
304
407
646
700
875
588
954
723
167
850
860
228
724
713
238
152
134
571
796
24
577
362
74
769
112
54
879
303
746
361
286
402
768
284
102
996
873
56
719
392
259
932
620
983
997
859
135
132
782
283
156
360
646
583
129
758
989
360
413
735
721
700
489
841
336
591
837
209
0
557
602
259
841
574
594
838
785
81
970
568
365
479
280
11
62
761
121
403
473
886
138
194
586
627
35
923
570
873
484
570
782
438
181
623
13
775
461
150
857
784
70
574
615
350
937
29
463
410
432
936
296
570
482
883
549
870
158
471
743
994
42
877
785
575
852
150
703
665
300
912
449
371
486
64
721
423
93
537
833
525
473
129
447
956
364
348
826
874
820
921
869
214
150
6
789
2
156
492
667
456
404
469
827
242
533
901
665
979
790
850
856
263
980
304
571
696
652
749
571
824
22
792
38
172
798
828
526
306
672
194
762
429
663
942
671
548
195
337
527
985
539
384
600
519
40
172
216
44
273
139
869
296
283
907
820
433
87
347
739
112
893
501
541
908
795
212
456
342
901
336
327
441
72
928
312
464
452
880
508
77
371
729
725
654
989
546
87
76
245
826
188
490
680
729
398
827
294
206
170
547
542
497
988
966
777
653
430
581
533
939
11
905
20
736
559
9
634
999
86
879
825
626
721
857
708
119
685
2
326
855
901
220
704
242
187
834
895
617
767
780
908
778
685
929
515
597
938
501
948
376
381
125
355
102
983
63
574
20
417
252
227
318
824
283
560
363
469
807
981
237
588
241
367
625
522
234
222
813
736
522
189
469
648
896
923
631
959
849
3
728
101
230
47
278
513
959
641
335
767
974
924
355
216
291
980
738
878
555
903
614
77
445
435
77
341
358
60
301
560
63
29
13
645
428
291
511
388
933
846
507
907
770
862
475
413
194
566
291
101
469
257
531
914
692
608
256
403
669
909
963
732
938
976
378
719
268
889
107
553
87
614
460
857
828
936
270
374
854
562
828
323
819
359
238
864
967
846
619
988
755
582
73
693
910
451
412
530
692
871
83
779
837
896
988
17
184
258
744
38
172
572
361
344
931
951
208
250
797
827
239
552
761
312
598
671
115
362
202
159
234
637
290
423
533
278
441
717
536
185
755
61
109
469
405
40
420
965
642
218
792
881
770
553
545
368
576
12
731
130
171
317
768
461
92
653
739
533
371
628
70
478
41
179
299
446
571
720
411
214
290
555
447
412
460
345
781
36
357
864
519
529
533
287
342
625
292
434
511
15
414
933
494
455
465
793
901
36
865
664
602
155
219
50
568
679
747
701
67
104
917
586
985
450
225
328
427
518
114
938
533
528
224
379
335
689
173
236
725
390
252
680
546
471
730
466
150
829
167
569
933
436
156
919
238
381
599
665
251
65
956
785
593
180
164
280
869
689
516
946
432
120
626
330
591
708
796
93
537
315
662
823
751
170
94
341
904
693
358
155
110
314
940
55
846
457
335
67
498
203
14
930
323
640
260
914
701
408
359
238
75
373
61
178
544
155
519
448
200
878
603
310
544
896
365
391
705
52
458
555
255
824
838
578
817
98
844
518
859
203
108
934
929
522
113
473
29
984
273
582
862
228
244
407
476
962
150
181
14
960
737
270
785
927
848
954
25
45
824
236
600
932
171
529
806
636
2
836
620
627
770
835
856
14
594
332
976
744
866
991
704
955
261
841
882
461
147
259
506
971
496
459
256
19
988
414
7
343
602
627
970
372
462
178
387
56
511
363
152
377
706
209
332
319
402
214
781
550
473
639
873
321
98
481
340
439
896
347
782
498
327
104
223
141
283
610
550
794
325
702
523
384
263
207
703
666
421
484
568
246
476
793
568
926
275
260
365
171
960
499
21
287
604
244
428
887
206
330
33
884
33
908
268
648
115
971
314
888
808
234
134
636
28
54
562
303
667
280
826
627
779
199
266
735
796
46
974
354
377
7
238
762
915
858
410
30
182
77
270
342
311
405
978
339
811
892
994
478
172
172
457
304
372
723
39
520
770
14
874
147
373
465
261
641
675
671
23
857
748
294
551
412
699
529
103
862
774
98
693
298
622
150
602
994
874
994
866
996
360
741
495
733
558
756
374
233
779
398
443
528
44
346
292
95
876
395
957
2
845
650
300
468
153
255
814
27
601
681
23
961
774
870
46
332
626
421
917
405
171
712
285
215
59
577
662
287
325
619
641
170
622
941
638
775
548
805
802
149
486
177
462
612
399
509
296
25
282
565
430
805
278
68
372
689
997
34
328
322
653
969
493
275
262
483
402
811
640
204
312
126
733
775
90
132
284
386
509
566
952
292
371
582
360
743
271
357
777
951
32
782
920
877
410
182
712
812
993
353
369
658
831
102
433
922
587
717
660
448
635
612
740
6
194
452
101
817
162
230
768
194
12
40
423
422
223
135
235
568
488
604
226
672
58
659
946
997
728
606
798
363
219
538
721
765
343
822
935
857
404
55
51
417
96
826
191
319
961
778
239
802
734
818
826
145
477
772
142
558
378
940
921
597
831
995
715
526
169
650
383
574
705
786
343
153
612
534
824
925
313
64
727
399
882
553
544
711
325
687
269
704
979
543
653
162
538
720
40
707
370
423
633
428
209
976
581
173
863
406
99
528
822
178
927
56
732
472
767
409
511
389
465
842
932
471
357
822
191
397
881
562
821
515
342
382
843
275
556
706
33
7
586
855
185
514
263
917
338
31
679
849
772
496
43
704
967
400
878
159
798
759
73
971
626
415
705
822
42
613
880
76
620
467
931
806
333
195
75
671
578
754
872
350
251
915
406
218
668
636
729
818
395
802
789
374
569
846
196
612
460
76
688
80
895
971
886
228
518
314
899
448
68
123
150
671
39
908
242
707
544
971
525
940
126
666
666
47
864
862
11
324
290
51
757
538
23
995
766
893
309
18
694
378
141
844
401
532
753
995
239
297
319
116
589
445
134
607
844
351
821
856
675
112
907
432
650
282
428
768
528
89
786
222
819
280
418
221
812
523
216
404
173
535
872
762
332
359
370
177
710
543
385
737
655
292
170
657
575
950
778
455
391
916
677
211
196
95
432
9
619
0
765
792
888
637
906
572
348
628
749
58
172
486
796
179
779
318
189
706
620
319
513
11
235
190
222
432
637
6
793
256
7
910
400
247
547
659
819
896
639
921
306
811
407
102
343
538
420
884
596
40
203
109
404
438
651
626
222
289
633
15
897
992
925
650
591
825
309
410
73
948
331
379
112
91
834
455
629
606
339
578
999
542
687
403
332
339
381
555
980
366
922
877
358
200
527
949
377
836
712
450
137
43
181
249
486
367
56
468
974
747
46
973
641
85
728
973
776
109
528
756
476
451
986
186
651
513
488
28
702
200
830
191
595
363
440
434
731
848
902
57
595
948
382
236
385
110
561
162
571
90
270
399
893
256
586
896
122
426
276
176
978
458
367
925
821
159
359
904
7
261
961
954
561
695
542
947
805
103
461
729
545
83
128
790
692
66
686
814
492
314
342
822
772
709
748
946
220
107
202
579
721
516
533
282
211
427
581
17
530
394
98
428
830
226
218
522
293
257
336
137
571
30
960
696
739
60
994
959
167
196
538
240
712
423
875
276
850
808
293
732
203
391
160
33
969
731
555
614
988
243
752
911
273
64
959
364
124
305
675
643
854
213
884
918
988
759
194
838
567
839
922
122
230
435
507
552
166
414
166
506
657
918
769
282
334
81
998
458
738
673
102
592
238
338
511
226
97
705
416
16
545
691
491
127
126
998
679
644
413
846
502
422
116
623
57
451
56
55
261
795
81
715
387
319
53
250
898
502
956
666
871
853
357
362
980
835
360
12
831
773
858
685
196
326
661
253
129
717
660
391
864
741
106
252
413
512
502
311
14
810
329
885
663
39
247
644
226
608
656
410
733
866
95
281
544
756
886
674
826
547
417
690
640
875
294
53
387
797
716
402
607
398
287
623
437
887
619
15
847
275
425
932
493
521
214
389
629
100
415
455
999
832
498
992
708
792
45
95
941
114
849
901
512
489
524
949
376
143
316
575
770
742
507
615
615
73
4
244
526
420
52
525
604
550
517
664
342
915
112
284
29
961
185
541
450
61
842
178
204
510
753
974
252
613
941
867
686
945
112
212
717
516
90
674
66
959
338
760
226
450
396
255
412
933
148
214
994
342
393
550
853
498
876
457
463
817
325
150
115
789
714
832
305
156
506
723
468
197
483
694
647
232
950
411
517
450
626
864
145
371
414
350
221
643
807
685
460
132
187
575
921
253
760
226
410
618
301
878
815
137
572
463
369
874
226
886
677
852
102
822
575
517
172
797
160
331
834
972
464
21
900
737
274
660
316
36
630
617
914
446
754
839
261
475
713
487
362
742
692
816
564
267
333
88
416
845
420
250
170
236
623
70
973
898
82
289
934
712
259
201
510
13
40
123
489
105
963
203
848
7
19
764
274
705
205
43
902
977
645
72
213
269
494
538
519
576
180
805
641
439
6
151
452
398
627
293
856
590
496
56
597
868
172
223
573
377
618
475
354
264
900
919
533
394
810
404
971
990
209
964
429
568
467
233
966
94
527
174
36
23
230
633
243
403
209
816
132
827
644
839
443
544
110
328
938
920
732
261
910
942
577
339
510
45
573
828
491
452
355
528
827
585
513
71
340
722
887
825
902
883
664
345
427
126
674
718
47
758
331
957
700
909
649
562
306
574
743
797
26
98
325
853
35
839
924
728
913
164
553
167
47
569
865
827
695
891
545
742
649
228
52
702
489
53
264
795
627
7
945
5
105
270
858
493
461
135
221
727
299
774
246
698
695
111
525
390
2
422
485
4
3
889
706
492
942
970
640
921
330
585
926
787
207
784
280
21
271
501
100
922
627
346
621
322
458
498
713
812
921
550
816
276
439
522
768
733
845
760
654
175
345
580
962
905
716
243
278
988
744
378
910
372
724
883
46
534
382
111
347
655
661
515
931
452
390
51
537
235
812
191
410
509
123
724
414
840
967
44
180
64
422
442
788
499
326
834
33
708
946
732
715
959
600
998
412
990
49
949
225
861
493
987
723
616
711
489
808
679
534
988
95
956
431
883
807
109
69
193
169
15
277
884
327
877
882
739
867
283
40
444
145
533
431
868
502
143
709
310
174
243
651
621
552
434
504
359
543
925
552
712
293
182
948
620
59
182
711
279
465
751
723
962
637
507
830
139
650
892
801
176
135
452
797
687
238
653
399
781
578
303
845
871
485
793
843
545
975
554
176
793
658
899
755
295
758
938
786
408
830
587
936
965
392
733
5
630
386
404
764
965
707
609
188
193
403
32
90
730
938
618
875
596
869
631
891
628
569
677
36
399
617
973
716
361
58
721
991
445
125
107
762
185
717
302
378
472
686
820
554
625
438
430
221
659
61
465
287
630
494
676
381
111
1
97
824
59
819
168
856
296
275
618
481
992
273
211
464
959
31
371
584
821
801
806
481
862
271
120
844
765
796
225
229
797
674
53
209
493
221
65
142
849
684
623
841
957
835
658
268
218
29
853
392
830
11
225
44
282
345
888
399
142
465
980
291
139
34
500
985
607
566
479
456
602
102
650
911
937
308
179
508
689
384
900
871
395
125
915
29
822
155
429
316
972
409
608
463
795
460
800
755
378
279
211
332
382
213
595
671
873
127
531
562
511
431
785
907
908
52
936
83
559
717
399
531
479
359
347
274
820
147
29
198
779
593
883
513
158
478
536
32
605
68
946
117
851
732
376
112
784
664
195
344
734
594
227
213
954
574
839
126
74
221
676
853
814
559
718
972
38
254
356
643
322
303
112
174
387
840
286
523
857
833
867
591
427
447
804
733
373
995
859
447
216
536
652
30
447
370
355
485
625
63
481
299
366
945
473
105
138
111
629
995
944
848
586
724
295
742
809
669
737
669
468
954
557
121
336
4
843
43
842
820
459
675
120
177
620
945
283
110
409
912
105
705
760
43
429
56
785
239
77
875
260
545
181
169
18
869
525
862
913
719
682
724
394
802
901
367
100
184
477
509
448
583
214
209
626
996
617
764
587
694
639
199
591
172
368
610
41
245
824
306
965
506
30
711
661
932
78
761
116
908
622
565
843
836
126
821
832
743
585
419
789
576
618
732
748
338
694
142
584
518
448
901
25
479
612
38
411
43
151
879
303
773
796
146
609
922
967
794
17
905
213
158
833
184
891
582
874
585
724
810
104
524
711
481
3
676
519
414
71
670
646
374
795
442
520
404
365
839
198
382
744
764
893
930
300
784
864
174
721
940
985
177
464
48
658
468
724
529
234
795
551
880
521
346
323
41
103
40
233
301
774
329
417
667
259
717
803
123
892
525
63
229
54
528
277
713
348
354
594
582
149
146
815
23
844
490
64
947
530
649
249
656
979
18
324
238
736
479
362
980
356
425
561
411
305
838
124
653
192
70
588
694
216
403
717
61
893
133
360
775
783
609
431
114
980
107
352
716
587
66
48
943
492
609
354
149
799
830
803
344
901
391
38
469
146
107
882
39
592
243
814
727
204
597
841
184
705
194
252
292
260
300
235
104
261
942
606
61
772
761
405
25
504
795
495
650
254
377
689
846
620
855
574
825
804
767
361
509
961
614
801
574
266
389
30
880
683
636
293
807
397
50
833
901
845
328
903
451
57
944
297
30
799
223
207
604
991
568
465
304
534
619
230
801
360
261
33
43
249
326
850
999
376
35
252
573
363
156
24
773
100
321
803
252
897
10
208
888
930
25
544
465
644
775
618
4
388
651
47
989
977
250
340
705
285
593
278
1
101
302
774
553
975
929
157
872
291
717
112
221
743
9
38
387
136
656
392
876
659
791
865
636
41
206
693
679
151
971
680
604
625
806
157
601
735
315
825
378
384
290
599
127
299
990
515
787
646
259
663
306
50
528
294
444
86
340
123
589
311
155
193
937
961
703
890
48
370
67
426
754
357
377
882
8
367
397
795
366
8
810
24
410
339
670
854
777
10
329
367
322
484
912
611
797
615
853
845
985
272
271
740
630
1
974
990
368
723
138
734
731
948
110
141
639
781
996
769
791
677
488
465
162
400
428
959
368
281
157
353
554
780
445
536
781
419
878
502
142
368
588
225
669
699
367
308
480
715
77
623
392
917
89
906
318
517
218
686
151
375
391
57
155
837
945
937
608
823
791
751
544
379
328
213
78
695
521
910
410
951
534
155
868
623
61
538
492
279
224
643
6
968
52
162
805
997
451
765
173
242
868
717
973
197
930
404
892
803
314
655
754
200
162
975
823
575
513
668
207
90
663
213
410
716
727
215
713
178
332
886
772
201
603
98
398
885
502
290
689
816
297
795
17
459
770
192
35
636
212
242
78
876
807
488
592
535
55
657
65
387
544
190
588
499
288
338
385
790
629
74
958
278
869
327
90
992
872
477
980
84
719
410
312
878
898
904
413
305
562
831
44
458
21
985
957
309
323
342
451
304
768
409
583
990
89
673
334
961
150
314
397
221
724
710
451
974
966
865
631
880
696
675
690
69
660
648
378
984
342
829
288
463
590
223
453
679
248
787
992
398
453
742
971
529
804
423
503
122
640
486
3
688
161
693
757
174
693
487
158
388
668
798
851
258
22
656
290
270
443
634
21
248
376
344
777
532
119
632
655
111
118
10
151
631
55
908
805
749
747
963
137
415
114
340
674
488
996
316
758
791
950
131
39
679
828
168
211
947
800
866
411
270
228
562
901
284
823
707
33
570
22
522
986
488
862
660
976
858
976
87
1
278
218
40
957
398
560
169
346
360
387
109
982
616
671
883
900
494
942
285
65
317
159
403
805
21
415
134
231
743
221
232
21
791
624
979
190
184
500
888
896
239
997
878
207
20
113
107
515
408
744
932
77
903
687
882
276
102
368
859
845
589
91
218
733
67
549
923
603
49
811
499
641
160
729
848
180
843
308
47
603
52
331
680
308
18
914
584
472
283
444
317
224
887
536
957
307
85
880
910
487
43
410
128
203
491
328
736
334
636
783
289
689
467
969
997
837
884
933
310
167
377
979
743
617
515
701
924
953
933
186
792
977
596
272
532
440
600
268
126
237
404
416
926
223
385
275
60
269
208
370
788
938
350
532
907
217
233
183
522
166
369
314
495
318
938
28
758
539
648
884
776
404
300
54
627
686
681
40
307
241
762
96
179
112
980
438
682
565
621
556
731
991
223
579
309
161
607
67
700
607
951
828
12
604
882
991
290
915
31
597
157
794
45
688
258
25
127
292
590
748
849
674
91
424
253
752
585
212
819
638
171
123
466
535
727
701
527
369
616
910
318
125
56
716
814
667
93
941
959
36
41
160
710
485
584
315
237
522
879
409
160
402
884
626
938
963
679
817
332
648
727
2
773
784
718
587
803
812
880
762
848
274
275
910
759
859
577
348
381
808
757
541
210
641
520
148
604
551
317
288
199
45
291
973
181
361
912
984
173
145
98
373
419
373
635
178
585
564
878
966
372
636
860
935
629
732
435
586
283
753
226
835
798
517
160
331
231
72
667
756
569
765
130
988
491
117
518
76
682
397
42
406
385
254
341
14
986
777
952
622
882
179
809
32
48
969
363
279
393
382
36
963
147
518
951
638
987
822
714
669
219
109
428
604
715
769
970
54
898
923
676
780
102
485
812
150
806
527
430
199
909
818
162
409
688
466
399
675
288
466
345
507
575
773
463
642
894
433
696
145
708
372
925
810
209
90
313
15
617
95
567
879
913
81
288
601
547
687
628
187
153
973
46
80
98
509
723
345
295
419
490
3
144
767
166
705
857
479
73
827
574
640
706
839
721
346
792
621
385
420
808
539
746
855
971
196
716
46
893
11
818
383
367
962
503
533
19
712
364
92
539
290
84
597
481
158
295
273
779
681
45
587
572
143
794
543
692
511
942
585
874
760
321
593
74
824
478
93
536
842
538
428
484
974
377
965
132
673
590
911
706
988
851
278
131
997
173
823
508
115
409
735
227
730
328
301
906
807
747
794
1
637
222
486
611
952
803
744
625
394
7
683
382
210
313
865
208
486
689
68
954
450
803
533
532
484
187
438
643
934
232
996
923
807
482
534
759
638
630
736
32
638
419
766
200
732
631
408
570
320
477
876
122
632
410
654
468
597
444
463
883
29
460
806
836
294
692
947
932
323
683
316
313
454
82
865
538
714
274
460
386
103
337
509
87
99
515
556
48
960
371
283
989
831
441
177
478
133
124
410
808
807
727
473
613
161
339
151
875
965
611
614
68
300
123
507
751
990
415
151
950
787
434
291
970
227
468
448
713
592
211
873
751
290
347
364
451
38
515
679
355
479
293
423
779
768
282
883
758
698
34
61
485
821
352
807
48
821
608
761
765
819
635
517
461
334
881
912
724
749
943
79
228
236
854
7
356
136
242
115
834
277
176
671
98
880
479
498
53
87
612
819
258
247
688
719
933
569
983
657
318
927
736
546
515
590
906
872
726
500
339
913
777
867
584
227
99
415
78
153
854
690
324
112
289
12
183
222
933
167
231
252
446
967
150
313
909
408
537
987
909
876
900
38
95
485
618
195
252
696
700
107
386
24
219
675
36
403
249
321
922
480
925
368
447
428
681
708
836
571
695
97
447
596
488
895
433
106
90
685
802
790
792
540
166
364
567
554
119
816
875
41
648
801
761
447
229
794
155
417
365
850
515
165
798
355
60
231
461
502
269
615
644
413
507
810
777
74
364
248
242
591
289
890
392
402
337
621
197
492
391
914
694
258
79
493
613
491
76
426
993
345
41
989
759
548
799
888
974
515
137
216
107
778
458
499
533
795
473
730
639
216
644
685
474
76
178
87
567
607
865
561
952
906
550
63
806
702
304
132
217
793
700
676
571
158
528
456
305
1
186
944
217
183
981
43
259
160
482
826
767
347
739
71
605
642
135
763
344
439
895
913
232
947
942
155
105
470
964
410
471
150
706
40
685
687
435
944
199
917
771
318
616
862
390
221
504
877
984
200
668
231
466
252
178
408
759
635
878
723
397
701
874
103
93
559
142
528
856
342
797
979
12
413
841
402
986
698
631
322
250
299
553
716
551
83
476
311
70
706
34
467
407
260
922
852
172
416
732
28
110
529
7
123
294
200
525
280
250
509
602
501
808
507
569
360
590
46
23
12
752
409
831
512
670
753
364
194
170
97
222
280
626
581
403
273
133
281
553
384
142
156
885
950
663
806
662
606
852
685
618
605
95
450
117
117
555
833
311
77
930
885
710
909
818
465
182
303
746
735
687
888
243
924
191
907
731
853
865
935
891
483
892
338
285
361
455
193
195
118
270
477
355
980
386
173
446
920
476
544
8
516
785
251
792
976
510
523
181
375
811
72
859
703
410
496
65
217
689
260
335
960
737
690
292
476
215
738
748
44
635
756
560
420
8
352
748
870
228
929
246
39
354
457
742
764
953
807
982
995
419
669
307
509
712
599
985
927
690
733
971
325
842
883
97
202
588
845
72
816
774
318
207
480
775
949
245
81
109
579
428
880
600
735
389
312
686
726
592
376
812
915
53
654
799
150
856
387
347
280
555
474
599
762
954
726
63
199
159
524
130
587
405
731
674
146
395
713
225
987
441
37
903
495
43
54
997
251
441
345
531
996
819
482
110
125
561
173
677
720
698
807
660
455
890
686
953
286
399
178
273
841
215
528
688
258
582
685
861
375
382
393
723
553
875
833
679
436
359
356
509
409
163
169
864
54
207
817
692
607
348
317
448
563
846
136
174
780
173
35
156
556
780
879
109
656
713
788
444
72
496
953
481
660
474
697
66
34
866
110
641
214
427
441
130
273
929
304
54
102
691
210
10
472
441
472
480
154
612
276
578
109
230
59
769
56
108
187
90
975
297
83
189
724
524
319
350
805
975
756
908
667
318
270
491
759
742
323
266
355
599
844
464
181
256
585
238
364
124
680
339
773
764
881
849
640
200
199
446
176
307
706
195
977
328
38
737
71
361
355
778
960
199
594
142
455
179
732
820
655
412
511
428
528
392
277
521
593
829
319
121
488
377
668
466
705
706
555
128
419
910
906
379
461
500
873
917
31
957
89
686
722
600
466
250
993
96
123
938
925
442
411
413
171
79
231
877
137
786
5
908
48
912
639
510
764
513
779
148
470
868
186
192
468
653
795
813
749
270
751
26
65
162
791
236
593
23
113
730
161
471
990
210
735
630
72
499
143
851
999
965
719
186
510
539
839
657
353
940
927
104
318
992
619
109
581
212
484
694
295
646
517
285
208
252
915
632
104
410
483
103
728
554
289
238
93
480
895
446
772
174
903
90
167
522
552
100
86
36
794
381
34
664
19
594
916
286
226
372
49
61
476
777
615
117
367
709
950
614
155
722
788
410
165
307
932
717
407
19
105
554
752
492
218
123
86
486
410
665
211
811
726
687
588
342
156
307
403
458
921
910
181
61
321
698
721
253
767
128
624
224
34
729
716
604
852
155
443
614
172
654
425
898
693
365
592
849
672
347
308
945
258
841
7
579
891
80
184
658
208
809
882
595
890
951
199
94
106
642
709
278
296
486
528
989
852
473
191
876
820
851
822
78
44
181
657
935
261
842
593
821
3
827
768
245
130
968
339
236
962
400
866
611
887
747
600
91
220
143
967
40
994
141
471
38
674
480
325
935
674
270
109
29
98
877
274
228
197
614
817
160
14
35
771
253
782
723
344
354
219
312
747
565
453
218
604
480
698
281
767
725
552
876
754
650
106
29
230
303
995
399
815
361
435
938
615
569
662
959
924
233
623
23
798
77
241
754
909
291
36
676
16
588
553
123
590
11
152
172
314
499
924
130
860
359
420
475
280
434
787
556
667
410
579
466
839
172
572
748
464
608
425
832
548
978
955
490
989
459
663
655
958
587
137
819
298
558
646
930
992
433
487
12
844
418
830
683
591
402
432
407
363
857
239
911
187
547
402
528
6
417
535
317
4
673
488
654
583
134
584
927
920
71
939
116
842
769
151
433
524
583
840
887
792
431
150
331
978
552
211
337
321
747
654
325
772
494
331
707
980
916
634
900
339
574
16
181
695
168
966
219
103
806
458
248
590
609
931
568
513
143
257
835
242
263
512
366
757
844
73
738
112
707
638
451
633
7
985
329
527
951
900
982
110
359
582
700
320
514
268
833
9
878
668
603
141
533
969
899
377
42
637
489
749
627
292
735
986
629
416
513
581
316
848
691
27
430
391
347
296
11
181
657
889
201
260
31
734
229
282
463
271
919
304
373
546
597
108
885
226
524
750
159
192
598
850
220
381
593
919
29
957
452
687
198
654
947
581
388
177
863
204
800
782
508
173
681
105
281
566
684
157
668
195
350
267
398
570
0
991
841
29
300
294
68
499
948
368
80
688
897
944
892
697
78
401
871
111
858
504
29
894
662
698
90
12
317
488
934
317
831
775
698
132
421
119
983
369
487
63
410
384
359
302
81
438
55
304
549
914
809
579
160
823
277
602
187
594
90
473
263
274
600
313
758
22
432
741
391
919
156
153
303
516
456
737
954
863
41
855
129
202
786
290
377
63
892
564
9
335
37
624
961
638
938
719
660
370
812
403
290
320
557
945
836
365
682
142
228
76
350
358
278
136
0
656
552
892
572
561
579
962
538
540
600
476
259
612
846
423
367
488
744
276
786
932
993
468
75
574
896
425
932
527
561
284
183
465
176
107
27
756
69
917
296
21
393
908
985
591
683
353
432
427
981
218
712
975
38
787
549
935
564
833
462
477
117
997
943
645
456
322
753
526
239
402
547
984
662
885
927
345
238
359
125
571
577
837
546
968
976
447
255
892
632
717
369
101
66
664
99
522
338
852
48
929
254
948
913
268
833
841
614
423
552
91
346
482
928
245
450
256
692
705
148
677
774
869
778
840
886
877
714
224
82
115
154
688
415
419
957
600
612
923
23
165
14
721
647
294
966
449
902
11
506
50
688
280
271
818
472
157
48
186
734
130
301
240
170
716
11
127
316
624
50
691
141
416
413
140
62
731
589
964
742
95
366
430
727
638
601
199
147
649
737
233
131
391
473
301
107
837
429
776
813
831
819
954
600
584
446
662
316
35
627
58
482
993
841
561
983
442
112
131
91
849
716
222
240
542
875
700
379
304
828
192
488
647
498
88
232
944
750
900
331
729
958
165
723
799
726
58
593
838
541
684
39
258
258
632
800
134
332
531
790
160
75
630
159
573
718
743
869
821
643
200
902
954
365
977
105
443
36
699
633
577
735
672
187
346
656
339
832
988
870
622
500
945
253
12
870
323
755
739
496
751
939
399
57
656
376
162
99
412
213
84
342
949
109
529
647
765
869
479
106
91
453
606
37
706
618
907
382
726
647
230
829
938
629
886
595
358
400
46
122
614
131
464
915
240
346
562
357
567
41
463
658
494
70
47
553
40
307
287
118
306
517
947
244
499
185
191
857
586
590
979
200
73
796
467
665
494
29
22
413
422
486
423
268
908
823
821
300
130
460
419
436
330
718
32
829
256
576
38
842
166
17
394
591
165
213
256
11
242
278
424
16
116
200
284
24
23
458
325
153
918
96
941
248
166
325
429
774
253
467
968
771
837
714
362
354
927
618
366
521
249
142
537
365
342
822
742
717
632
419
222
550
867
515
151
385
193
580
160
446
400
128
218
237
843
932
591
770
903
957
292
504
452
181
869
146
355
963
864
987
382
86
890
249
954
393
635
147
973
147
593
725
275
163
962
470
448
554
593
351
863
885
855
315
418
76
462
774
40
678
761
422
116
651
24
70
44
11
217
370
158
163
95
433
678
58
256
126
964
849
477
827
734
684
495
152
761
309
278
153
987
40
575
103
43
951
526
88
962
95
810
120
258
905
906
289
315
162
415
631
11
245
459
97
929
954
601
42
263
880
195
602
920
123
57
963
74
583
403
37
31
565
509
289
471
767
578
138
929
346
770
292
591
581
389
872
887
991
915
502
223
110
104
495
233
161
810
660
97
214
49
128
779
558
769
602
326
700
93
607
46
215
900
989
796
641
861
683
632
128
185
207
591
289
702
176
802
513
836
251
79
237
731
210
148
501
813
826
553
258
433
951
473
685
292
269
327
505
304
959
634
489
519
225
130
221
753
284
734
942
536
813
179
619
24
327
120
189
153
25
799
587
976
272
272
268
893
599
126
197
911
760
686
430
337
168
3
90
452
738
32
340
903
212
960
279
891
432
820
45
810
619
984
786
891
608
407
784
560
533
333
471
645
19
253
982
539
256
424
992
346
809
684
602
373
996
233
264
429
54
661
239
673
645
377
917
254
136
53
814
21
387
637
18
758
242
352
298
850
777
642
549
938
678
151
311
675
384
927
456
790
589
47
816
234
776
733
488
913
138
654
286
877
291
305
988
885
657
286
736
786
280
285
724
310
788
387
985
172
315
793
315
904
840
131
138
617
216
979
882
354
985
520
584
629
825
572
514
835
210
602
973
490
887
698
800
675
85
138
200
752
931
515
656
772
646
147
741
214
478
975
568
463
495
152
92
673
724
959
508
286
561
481
776
801
531
929
828
969
419
28
721
350
895
730
474
893
229
567
107
707
542
28
170
38
532
615
711
609
926
571
895
487
52
24
288
936
953
117
905
372
497
978
74
745
708
901
990
937
468
98
996
11
478
519
49
10
134
112
619
412
683
515
899
735
891
540
23
844
9
928
568
858
907
994
603
967
895
594
257
364
44
253
727
522
772
776
884
258
888
504
670
923
371
570
10
262
462
34
458
471
962
378
329
221
372
285
189
620
231
798
336
275
51
63
149
824
191
33
434
431
889
105
354
612
27
364
226
489
398
36
312
361
414
993
934
139
630
475
111
861
273
447
488
325
510
637
501
701
23
935
484
264
392
838
229
419
202
807
260
601
844
924
314
610
918
600
749
548
76
212
762
349
659
250
26
521
240
527
574
615
815
58
879
207
896
460
979
451
268
239
52
112
164
718
722
434
318
824
334
394
36
96
96
48
347
122
569
587
2
144
202
169
554
433
376
451
894
707
902
514
299
306
626
815
376
700
249
46
876
935
793
265
32
889
313
731
363
234
318
365
730
872
534
285
305
263
88
551
322
990
65
621
648
43
436
376
744
37
422
620
973
215
237
357
104
550
88
468
785
758
185
867
630
72
152
287
687
240
191
9
582
256
983
582
300
771
958
396
809
381
368
134
596
606
491
53
508
931
873
645
689
58
513
319
482
665
958
521
258
149
531
192
406
866
775
58
637
733
806
446
114
526
932
63
484
775
116
993
706
341
638
395
751
151
66
234
169
25
755
779
174
638
971
932
504
98
342
142
832
148
940
298
27
873
713
511
648
181
504
355
522
495
102
274
998
169
860
167
194
615
298
720
606
622
653
462
720
995
604
552
496
545
203
523
770
916
34
770
98
539
125
620
34
580
246
384
749
106
904
943
74
202
15
32
824
668
494
545
664
99
449
160
996
652
35
118
921
69
888
19
960
366
991
994
946
238
379
695
344
283
990
770
837
5
802
14
674
297
559
690
748
360
202
96
365
237
214
286
306
102
305
267
468
296
613
414
886
344
461
583
979
451
353
169
809
508
183
835
805
94
525
905
454
79
1
819
668
215
105
974
669
762
593
490
59
559
904
297
255
718
880
587
169
234
756
330
742
939
165
899
33
690
156
839
121
157
11
789
724
116
116
745
231
61
235
642
620
492
939
228
210
820
815
731
406
571
62
148
862
227
399
247
270
907
86
391
416
97
533
140
566
649
885
797
710
473
791
683
965
730
911
175
550
78
906
956
649
320
456
511
548
207
758
170
466
196
913
882
646
446
22
212
447
260
361
158
733
152
193
698
234
104
225
137
182
483
445
183
804
254
46
704
813
156
874
280
352
787
162
998
586
537
562
33
797
275
191
882
779
736
932
14
192
157
503
726
640
948
909
796
554
307
500
368
463
726
0
168
866
162
518
452
699
81
485
848
708
29
730
488
765
14
854
958
171
357
684
164
657
946
312
212
253
813
932
717
891
932
885
757
94
755
209
146
836
695
346
545
76
429
385
841
443
239
799
967
596
836
131
605
782
795
817
35
960
101
752
852
33
989
609
480
745
171
978
933
218
324
830
294
753
215
135
549
806
287
516
754
123
999
360
905
794
529
940
755
631
45
959
16
386
568
496
483
91
826
417
309
151
599
603
256
167
739
805
973
26
673
728
501
672
440
406
819
969
698
926
952
743
885
969
482
805
817
965
897
996
734
206
147
334
162
755
853
253
913
826
631
586
906
132
611
346
538
430
668
588
356
972
332
593
941
814
398
111
131
295
107
866
854
606
552
16
361
405
269
626
583
900
213
490
32
176
188
922
606
208
510
314
181
194
907
474
360
305
585
492
953
44
710
807
2
614
175
716
19
796
342
954
696
907
796
80
83
985
354
41
545
864
707
726
411
966
201
771
272
138
615
577
535
325
736
537
939
911
253
310
707
948
617
755
855
413
835
291
750
189
684
296
405
392
22
816
358
575
940
982
714
555
559
601
233
647
138
524
910
744
187
969
44
804
724
899
217
911
542
320
452
227
616
210
619
990
378
329
918
318
312
984
226
223
585
459
871
75
335
781
819
522
751
863
326
827
115
896
91
657
568
543
236
184
105
207
526
484
537
444
802
849
780
28
72
365
839
295
441
175
77
612
49
180
476
728
359
943
624
450
952
192
346
189
728
451
396
606
935
933
403
90
782
183
470
207
549
310
502
342
837
931
954
886
111
782
614
471
725
590
273
30
134
619
219
862
423
615
821
358
901
224
800
35
407
271
242
308
933
97
2
770
28
957
8
492
91
975
315
169
565
588
199
700
560
418
914
983
385
735
693
638
311
846
674
71
117
268
379
402
717
734
524
746
43
532
590
134
507
905
303
425
845
502
477
757
272
743
92
10
831
786
648
142
632
674
213
101
295
945
503
12
679
27
110
722
911
52
856
771
957
512
548
155
366
25
912
991
120
5
1
951
143
1
94
127
28
659
580
323
604
83
687
635
462
150
357
725
202
566
848
160
430
396
667
796
773
931
787
894
936
140
845
431
494
291
558
522
303
138
197
907
573
884
543
387
386
252
465
589
818
313
101
248
62
768
397
835
699
536
81
988
29
279
419
523
570
330
397
873
820
594
133
394
830
28
133
217
632
598
806
451
264
259
51
326
27
800
161
78
337
243
66
366
522
838
241
444
168
638
670
988
584
155
734
766
535
868
335
167
818
493
618
82
752
22
408
779
822
922
210
159
517
628
877
391
466
118
835
986
108
857
327
692
12
413
811
899
633
146
67
452
640
685
886
392
59
647
524
882
569
86
393
86
714
623
829
181
93
16
519
202
874
198
246
238
612
57
138
245
556
205
697
196
242
584
940
654
231
816
888
152
902
281
590
617
256
419
150
350
435
21
904
661
220
150
252
832
560
742
77
468
299
127
16
541
711
956
195
294
125
435
798
27
69
388
644
325
159
146
675
946
168
931
960
388
434
212
220
994
306
649
814
605
776
830
146
839
786
694
133
263
129
283
291
550
23
287
876
182
434
903
481
954
835
441
342
269
5
914
615
311
563
429
916
340
259
414
179
397
460
665
661
942
948
304
492
972
591
368
506
377
624
339
331
459
780
673
80
137
587
695
800
503
476
716
843
87
483
22
836
943
687
849
237
988
153
730
960
97
450
818
474
74
158
806
885
290
831
317
428
771
12
228
274
840
297
117
279
780
491
116
75
179
317
665
167
471
395
479
568
197
649
394
624
807
552
509
98
384
179
878
507
191
458
781
384
107
250
663
239
741
131
667
272
449
332
791
920
727
622
840
276
272
586
900
79
139
762
529
875
941
759
382
484
570
515
220
677
117
884
917
858
15
584
483
816
916
274
88
995
249
928
271
521
867
524
952
6
638
482
233
579
593
967
415
163
834
636
841
951
872
110
161
239
46
644
56
314
271
144
309
520
425
932
393
292
808
345
650
446
827
235
377
773
202
145
936
36
781
129
987
653
239
148
892
637
145
300
951
768
445
612
640
870
897
33
514
705
378
164
504
558
399
881
331
953
378
267
989
159
749
328
164
340
828
409
978
973
709
929
93
506
894
733
376
791
766
242
848
145
406
352
703
157
586
386
110
964
5
451
476
754
779
640
95
608
401
425
933
111
706
27
969
600
760
346
391
879
588
592
24
347
944
79
856
882
817
967
199
822
418
675
577
550
667
24
158
69
449
91
532
155
470
501
756
583
199
499
462
140
91
838
839
388
269
695
622
86
662
821
908
433
496
837
983
164
861
493
585
662
936
117
818
407
970
926
342
170
777
804
662
221
642
501
609
911
196
583
349
211
405
257
644
253
447
979
769
660
472
354
323
760
823
141
167
794
419
509
316
196
665
978
417
659
479
378
922
27
962
271
238
719
881
234
972
328
213
94
988
37
800
311
798
624
804
317
770
223
179
438
420
844
768
837
504
599
568
778
626
530
50
865
249
931
99
573
611
665
667
951
702
468
263
500
444
419
818
566
643
997
356
415
193
124
604
49
75
172
828
701
702
878
918
303
161
370
229
124
387
896
75
89
716
690
942
512
462
112
430
457
461
786
872
654
262
828
56
689
1
884
391
55
114
661
711
627
383
940
751
770
836
178
212
905
869
506
769
331
618
200
788
431
338
12
437
953
840
493
642
193
377
385
249
491
399
960
118
782
900
221
905
88
400
469
345
621
975
115
952
945
667
92
376
357
456
813
310
296
307
305
490
36
690
91
880
89
51
350
224
303
572
481
743
972
950
89
945
277
204
897
222
223
341
950
580
797
763
891
445
422
548
287
811
238
730
691
680
781
41
256
436
613
89
180
937
39
621
882
668
177
131
890
400
824
840
332
973
955
575
771
730
123
58
541
714
789
232
746
922
273
2
711
239
91
243
528
482
864
411
150
41
894
392
793
71
584
125
44
539
701
815
269
824
226
810
538
367
394
284
641
20
638
352
611
81
595
139
563
811
902
65
852
149
809
997
220
393
123
264
933
824
432
554
0
658
717
891
377
111
175
18
483
166
371
94
247
318
234
163
130
488
580
334
637
390
332
857
783
455
474
716
631
906
271
983
916
340
874
293
451
50
663
287
216
386
381
815
705
967
978
187
456
559
521
93
949
853
951
732
660
425
801
643
683
424
627
599
764
853
244
567
903
907
854
471
294
588
639
351
555
617
538
11
528
411
105
829
265
408
914
277
833
715
273
868
491
252
819
607
105
63
174
361
322
381
184
968
969
823
671
524
793
209
536
321
621
993
503
238
401
417
867
586
132
492
454
975
96
625
582
202
40
108
915
362
489
451
683
810
275
354
335
420
916
223
93
889
568
596
479
321
13
698
907
497
543
713
472
639
338
406
193
378
515
108
92
4
560
127
167
187
834
854
607
102
77
700
343
997
297
822
318
662
872
577
160
415
642
984
407
332
391
600
62
906
61
154
262
621
634
429
160
468
283
119
922
712
819
265
61
468
439
379
483
311
308
995
79
950
979
838
634
722
438
696
980
499
203
595
472
837
376
984
657
12
103
579
724
923
196
138
743
635
869
578
298
178
573
729
480
553
567
115
627
6
811
608
857
14
203
682
203
579
666
212
591
770
791
668
45
987
158
140
974
27
719
273
557
292
2
38
197
570
505
825
928
316
433
785
683
988
819
238
919
486
451
863
256
594
531
301
582
689
441
556
68
512
181
626
805
184
664
2
106
169
827
386
837
612
523
872
952
343
111
872
829
562
735
85
156
618
738
90
659
531
999
727
44
180
705
849
716
721
203
174
242
383
560
80
995
84
952
300
427
415
172
256
329
259
693
486
877
431
928
888
314
927
615
358
460
673
559
528
394
115
703
637
498
615
717
845
699
21
145
478
789
317
734
118
576
779
604
805
562
885
693
877
164
661
587
624
334
499
153
728
614
208
365
112
823
434
957
875
808
103
353
597
772
440
715
701
219
672
858
782
557
904
11
721
565
598
698
251
97
203
331
63
411
697
175
586
483
485
461
291
588
167
888
712
607
956
765
826
628
624
960
185
528
323
258
445
274
956
696
723
159
27
787
922
76
962
861
912
447
322
203
387
489
444
452
448
400
217
627
380
841
587
565
721
263
175
166
537
484
862
260
995
242
47
918
670
10
779
582
809
453
786
549
295
582
1
743
982
218
370
362
412
310
279
133
573
806
652
110
290
866
370
286
108
770
556
779
132
687
361
941
492
499
842
787
81
843
883
415
414
605
129
178
915
760
663
840
567
315
950
857
182
673
495
642
443
403
421
927
442
135
868
935
634
63
74
68
258
957
835
24
563
965
202
478
725
218
671
292
885
621
502
67
646
349
62
441
753
835
368
195
970
589
482
957
4
557
377
262
514
212
287
77
177
841
908
903
59
931
547
945
904
401
364
551
751
426
344
856
262
65
51
584
6
534
541
10
91
918
272
957
131
911
387
660
753
647
915
812
578
463
757
482
864
474
385
615
900
730
471
514
147
875
99
153
761
640
163
204
911
787
161
394
699
900
406
452
547
322
616
125
785
726
960
1
200
345
969
100
427
792
967
574
667
66
727
780
58
242
984
969
30
498
715
729
398
122
533
298
444
149
775
581
875
735
582
75
81
551
528
508
696
495
435
715
561
162
496
971
405
832
941
435
682
8
516
433
130
49
731
926
198
506
507
74
594
442
501
27
345
29
887
41
876
322
757
789
485
605
761
242
789
54
29
472
62
545
905
545
594
988
823
144
846
683
570
440
125
72
819
822
453
707
216
330
381
325
471
218
930
232
460
71
286
489
543
701
34
800
598
980
140
421
477
987
456
47
779
933
471
599
756
277
658
972
959
39
649
430
258
931
663
70
2
301
560
898
354
946
698
304
279
839
78
756
178
534
155
957
468
979
908
224
256
918
548
215
958
549
997
568
480
12
990
482
666
550
380
20
497
431
325
128
270
403
884
448
289
39
757
757
370
666
333
626
584
233
193
894
782
191
814
262
203
805
97
869
707
829
242
556
260
919
684
882
674
920
682
963
312
440
721
682
458
406
309
394
640
854
641
774
397
455
37
601
612
486
822
672
315
416
228
576
687
265
458
361
185
493
677
497
933
398
180
743
156
841
137
796
695
130
923
93
938
960
46
550
798
220
574
113
989
803
41
676
68
852
38
605
345
715
103
630
465
283
373
973
124
862
122
171
993
45
616
931
5
14
833
155
587
408
268
576
563
310
604
983
162
642
588
859
709
691
489
526
326
862
500
802
76
622
974
69
19
942
0
376
957
186
531
896
594
799
472
157
461
76
492
975
71
80
834
132
772
675
11
98
537
863
901
614
837
227
35
856
521
388
232
478
574
763
726
520
914
550
29
728
627
521
703
50
601
890
534
725
565
897
176
455
760
77
421
597
656
456
805
177
196
389
8
770
152
734
642
419
285
671
147
264
192
202
666
146
444
200
871
10
98
47
817
210
476
238
160
484
46
965
662
595
355
670
365
859
756
8
630
41
31
777
657
224
332
323
722
776
524
945
786
974
993
955
536
821
545
696
306
944
14
320
539
721
990
904
580
746
264
211
140
296
340
797
872
672
121
946
449
997
891
587
323
236
895
859
58
440
908
716
384
922
36
923
643
378
180
575
476
796
138
616
444
479
766
316
503
887
614
952
236
506
892
559
742
787
770
152
227
678
868
964
952
904
239
595
634
419
523
111
568
661
727
12
492
493
681
996
732
295
300
968
801
544
879
896
331
2
48
911
680
917
875
633
173
466
580
808
886
455
919
806
469
998
818
961
492
499
309
576
147
610
545
300
154
776
196
838
778
245
101
811
514
976
796
687
794
728
847
680
184
766
486
653
117
657
966
609
508
276
185
655
238
82
308
744
859
504
934
989
749
35
800
615
363
596
303
158
325
502
190
509
621
29
514
738
686
832
699
546
460
236
554
698
319
862
795
530
366
729
871
468
117
672
435
480
268
738
990
945
593
181
806
214
210
672
952
248
505
3
146
965
239
700
16
910
562
811
792
281
892
664
101
361
336
536
194
956
627
184
254
220
717
60
786
279
733
90
527
590
93
674
555
332
726
571
595
289
734
387
922
979
51
375
340
739
911
534
48
890
71
302
110
788
714
248
68
799
338
947
389
431
973
297
116
700
868
711
341
955
450
615
286
854
990
626
593
253
513
993
144
584
647
606
724
362
855
792
513
193
92
903
977
65
200
445
117
420
508
458
727
958
73
13
812
63
992
758
317
505
751
813
441
399
419
165
113
274
310
626
820
402
529
149
819
81
594
937
854
102
747
581
412
821
595
577
236
587
335
905
444
86
718
237
837
490
754
950
764
416
577
936
170
458
85
990
540
679
279
394
133
26
327
898
847
274
475
436
213
810
693
657
248
412
246
86
254
1
388
18
417
965
307
588
424
392
930
316
424
209
62
909
235
741
807
83
16
282
871
229
444
564
239
693
328
485
131
582
838
519
953
256
837
260
196
613
4
126
929
428
335
343
690
570
84
497
5
100
132
876
682
576
793
921
269
121
758
400
704
597
272
9
853
109
621
49
722
625
527
3
406
862
346
96
432
430
945
790
883
77
18
565
654
811
838
275
285
596
28
341
193
300
350
398
409
971
799
131
596
326
134
354
188
832
450
973
614
748
115
849
825
133
414
831
297
604
107
582
201
135
923
746
435
273
145
196
596
296
327
544
623
813
899
163
997
701
488
611
449
603
461
627
89
227
458
386
184
565
968
385
700
891
483
487
516
980
683
464
277
362
8
900
527
259
415
524
961
904
488
762
859
301
389
948
880
200
686
64
765
6
801
818
249
285
305
765
265
341
229
894
703
590
146
231
849
562
107
162
818
947
925
29
248
666
330
481
866
16
545
632
23
699
802
272
336
459
390
953
800
971
848
856
561
994
439
411
908
546
573
726
846
850
108
446
517
438
927
735
454
825
367
829
524
521
102
860
981
844
165
781
815
13
989
729
360
428
492
268
327
417
347
173
268
455
619
137
893
547
872
699
372
592
881
248
113
335
460
446
179
625
580
346
639
569
75
351
998
567
619
325
985
966
498
605
773
469
742
18
16
966
70
740
558
951
340
24
286
800
470
465
778
402
163
417
972
239
768
322
158
739
647
143
58
497
100
831
966
194
850
335
161
272
75
71
223
416
447
509
568
270
326
346
672
489
115
996
728
235
318
239
975
965
382
385
814
835
216
781
29
418
116
542
690
543
966
265
311
765
774
880
35
452
578
60
942
694
56
22
281
375
261
608
692
996
993
507
183
210
640
564
980
108
459
23
651
425
288
315
190
415
547
578
867
125
990
161
171
46
536
453
773
149
61
818
497
55
325
680
617
317
245
949
425
704
324
428
481
613
743
23
380
642
953
599
768
943
113
291
990
649
744
115
150
158
933
0
565
610
680
534
927
277
483
352
333
808
133
166
773
228
190
505
871
495
104
991
439
217
282
781
218
379
896
721
537
182
721
454
792
753
988
720
31
823
424
716
631
909
883
756
138
425
261
361
920
718
352
711
287
634
492
506
365
741
579
254
923
300
708
67
405
48
139
788
872
916
505
503
825
740
612
315
517
873
676
789
943
28
501
231
15
345
89
380
86
668
635
361
320
695
429
725
744
568
514
616
484
371
471
662
463
83
977
980
309
654
769
252
682
622
483
697
320
924
430
406
592
417
120
264
112
901
990
856
821
856
824
306
227
296
320
690
731
297
22
40
951
143
645
986
766
480
683
86
405
465
844
997
882
316
262
995
217
604
203
39
460
28
697
39
676
17
729
407
314
103
448
618
246
93
604
364
573
639
802
330
105
999
328
987
315
942
334
533
546
538
924
358
918
621
397
594
990
478
1
656
581
449
274
827
894
878
544
820
518
346
150
975
345
830
314
661
772
649
546
670
187
822
380
457
795
129
51
785
607
52
441
540
854
68
368
748
946
264
920
816
610
423
143
956
253
458
969
378
107
867
400
646
689
781
103
484
910
154
621
870
206
414
410
412
482
130
161
781
394
433
949
5
856
93
313
110
551
634
840
658
501
240
304
542
373
759
26
636
913
999
506
471
765
268
884
248
399
397
381
793
830
330
150
39
423
815
501
974
449
341
632
950
933
288
492
307
47
870
295
312
221
801
784
987
421
668
587
820
65
968
966
247
298
468
286
722
284
787
696
733
480
681
36
414
321
528
73
721
751
368
33
972
521
817
959
942
837
546
763
254
866
81
502
165
549
140
887
833
928
935
919
408
968
955
174
642
483
247
715
586
967
748
559
488
918
870
783
107
769
898
362
635
979
864
152
880
4
391
714
284
327
633
45
647
940
219
641
423
819
356
10
138
457
921
979
375
143
762
834
912
12
196
900
343
412
52
223
769
444
289
53
123
274
450
122
214
22
764
990
193
472
352
331
929
273
310
656
768
424
491
33
788
687
933
131
452
337
355
221
133
644
626
256
271
77
731
485
451
847
475
644
319
827
327
601
452
990
257
221
766
100
254
555
788
539
686
592
228
41
813
362
38
791
970
309
220
701
146
671
900
622
667
220
801
995
173
606
337
430
827
103
531
433
658
671
324
345
263
552
738
428
266
776
219
237
437
440
290
584
463
191
558
131
763
359
478
936
965
815
718
144
918
249
929
577
272
605
274
887
158
12
315
424
789
887
13
578
327
304
162
142
847
720
273
610
80
103
898
397
918
616
894
189
218
823
118
490
429
392
378
939
404
45
715
545
932
81
124
611
737
286
754
584
7
379
546
439
483
444
188
753
60
82
942
278
258
60
121
39
452
499
330
857
544
397
402
829
478
526
440
215
165
194
151
524
574
49
315
409
493
855
162
906
938
105
536
548
517
9
939
970
508
621
179
405
18
933
586
849
812
26
416
977
221
568
853
147
617
168
556
463
23
718
721
313
175
609
213
693
619
152
15
479
125
194
236
144
479
822
993
291
849
409
620
70
329
473
569
299
641
125
762
17
843
835
330
19
444
896
64
63
400
79
895
526
273
131
22
104
954
15
396
803
776
16
225
106
842
146
757
835
271
519
852
114
706
535
485
150
783
549
566
183
628
461
709
253
592
731
710
898
98
106
53
227
474
630
685
668
776
442
504
47
313
708
514
19
595
351
169
378
901
87
562
881
548
623
487
493
707
197
391
157
655
797
384
481
427
69
150
204
511
6
603
824
714
117
843
310
469
365
688
722
452
602
955
353
578
794
198
285
343
941
794
998
738
179
832
166
248
982
722
112
988
325
288
54
443
132
364
264
849
405
338
653
7
293
358
937
88
556
222
431
850
17
782
588
548
614
106
148
948
828
260
288
506
549
342
301
33
707
565
234
112
903
887
471
548
598
409
636
506
983
420
356
352
554
297
252
168
403
401
468
584
13
756
90
562
98
391
947
805
308
181
269
211
421
93
759
371
854
748
877
189
520
586
894
74
883
146
594
286
547
62
870
561
818
312
475
916
703
775
74
11
308
343
574
81
436
686
452
642
434
682
832
954
268
726
380
151
872
974
789
772
36
660
685
854
324
512
122
28
287
196
391
948
892
966
381
328
652
834
323
438
868
155
744
488
881
124
639
105
98
428
877
486
440
914
692
765
427
814
145
66
363
888
14
255
854
396
935
858
582
258
296
802
413
392
290
646
516
281
752
966
709
981
804
502
896
496
619
675
663
116
741
26
4
108
281
859
856
216
69
790
475
718
944
240
110
234
887
979
515
991
945
576
972
750
430
220
598
49
895
261
517
989
639
522
449
920
733
657
489
802
447
964
520
391
556
631
977
443
610
844
434
907
420
759
9
851
979
960
252
227
221
770
568
861
644
17
133
377
674
622
179
473
938
52
216
495
683
193
290
645
37
77
904
809
836
266
12
167
226
617
746
447
739
314
660
383
683
146
760
709
120
291
534
411
343
750
906
378
295
548
375
684
625
280
494
813
546
858
333
772
475
79
571
566
746
584
949
781
82
61
491
202
353
25
613
48
128
871
427
423
420
802
108
397
434
954
211
332
812
544
456
640
975
380
206
721
964
508
503
398
569
346
600
274
723
566
323
851
437
102
275
209
256
735
959
43
689
522
375
853
418
184
493
393
564
52
467
880
912
322
278
833
668
230
108
391
796
783
243
586
237
870
147
493
605
106
536
294
628
264
147
46
800
993
792
364
397
259
596
661
581
226
494
601
456
954
992
605
89
587
191
326
457
690
820
414
797
708
708
777
324
208
176
124
553
968
840
302
579
788
963
512
14
809
113
823
764
457
428
853
45
619
532
854
309
704
269
458
764
329
588
89
889
116
565
794
84
758
448
15
546
763
527
913
573
640
736
689
97
164
894
494
135
426
701
796
130
322
607
895
3
195
336
245
311
253
39
747
11
840
114
558
603
641
823
528
633
559
217
730
723
464
577
210
890
278
6
373
952
965
620
955
160
956
200
823
209
592
922
573
432
36
483
387
677
306
916
310
865
485
393
940
949
322
502
192
952
860
565
904
826
185
211
338
493
412
514
54
356
436
627
140
473
462
527
502
768
795
165
985
281
910
277
582
584
779
774
536
640
339
792
818
876
3
156
721
767
670
128
123
107
107
263
932
570
143
786
690
938
303
676
571
565
953
154
149
733
928
685
725
620
477
543
848
833
699
922
600
722
50
76
181
157
691
113
79
834
251
770
125
555
446
48
472
751
202
622
836
483
659
561
455
489
104
303
322
156
577
274
878
627
350
59
137
42
524
216
228
127
338
705
34
784
754
507
888
956
129
724
791
788
286
246
277
742
902
951
898
479
226
128
459
576
539
948
970
415
516
551
543
855
256
929
991
10
436
879
319
917
604
110
58
242
709
687
984
963
639
235
794
217
715
605
145
255
553
116
670
70
667
565
925
275
847
268
286
283
148
957
553
104
419
963
346
128
650
330
443
641
917
590
858
633
195
4
888
101
472
910
171
491
828
448
766
675
716
404
310
216
361
215
320
781
178
666
261
181
349
57
822
266
647
33
899
194
389
139
295
861
402
818
704
582
266
822
257
335
227
919
551
940
135
872
73
665
890
687
846
239
744
21
858
743
54
109
937
795
249
233
8
3
403
712
585
670
534
194
357
113
113
908
54
600
132
479
266
375
166
112
614
910
133
472
653
539
582
943
334
183
176
694
538
931
406
123
601
293
317
310
406
782
571
812
383
55
292
649
430
458
113
45
721
599
869
726
138
803
669
825
338
197
519
876
129
278
999
82
571
668
393
329
451
964
142
834
19
434
835
802
244
948
847
317
547
68
44
38
872
713
863
210
911
734
439
40
364
790
122
935
459
515
265
262
831
759
448
203
545
283
5
789
231
204
107
779
624
151
817
496
216
32
59
127
118
850
519
483
640
642
770
99
509
387
361
693
146
809
248
691
444
253
481
676
809
940
807
433
443
976
282
659
360
693
139
478
543
658
313
183
300
84
283
162
471
996
855
618
158
103
309
602
708
142
630
517
434
437
302
877
765
584
537
125
629
676
604
172
686
269
356
987
353
991
149
177
339
356
795
497
811
456
452
519
951
82
388
385
872
690
263
637
627
152
763
256
180
719
429
866
988
137
205
342
480
706
871
819
62
18
317
225
474
121
744
777
203
132
163
75
175
778
65
154
282
828
410
462
547
191
680
535
680
238
229
160
944
100
980
359
118
649
584
945
770
681
74
325
813
237
401
340
367
818
846
649
646
609
463
545
800
144
432
833
734
14
993
678
114
325
389
585
326
326
882
96
7
956
422
172
546
175
513
913
993
359
563
991
968
26
536
121
522
968
306
256
982
651
287
449
977
28
386
303
354
620
752
361
576
174
534
474
701
399
388
694
110
303
685
431
329
573
904
204
541
210
812
876
861
451
677
190
480
63
846
186
683
598
548
611
124
434
86
825
833
826
871
295
129
908
726
810
481
630
14
374
840
179
602
54
982
279
596
462
342
442
1
377
392
549
341
516
983
427
693
168
253
916
463
382
176
542
544
657
172
559
384
365
90
986
771
72
266
367
887
960
810
888
690
554
437
31
423
772
810
116
292
63
385
107
797
561
649
341
571
174
252
955
891
694
293
14
767
559
381
654
872
543
894
562
98
683
593
521
455
403
989
99
818
726
206
967
288
208
660
859
734
913
166
625
959
459
991
726
371
372
732
243
268
626
805
718
309
398
591
116
153
580
215
971
659
774
290
947
334
950
158
68
215
676
45
175
135
36
901
506
408
986
101
28
612
906
746
274
656
337
390
161
270
958
132
929
732
774
228
66
725
386
486
940
414
531
467
549
567
721
408
327
707
861
356
671
768
454
945
776
792
336
938
414
646
422
695
730
197
923
148
274
661
634
566
75
165
34
976
84
755
736
411
462
598
119
133
718
574
79
846
718
767
784
484
765
559
179
495
108
454
643
382
115
629
948
542
146
982
518
230
89
607
993
551
205
113
37
275
39
468
121
757
587
258
593
352
817
772
199
277
578
842
659
693
823
959
587
969
294
457
199
383
64
192
935
269
657
324
896
696
792
18
805
379
276
750
83
93
522
282
722
100
124
381
145
947
340
732
268
634
542
467
370
606
11
305
228
21
629
124
717
773
142
875
152
418
625
587
863
500
869
585
952
993
318
450
292
11
534
912
997
76
379
367
683
742
24
263
763
5
387
833
778
882
60
282
652
37
869
868
537
738
805
842
83
124
644
727
487
178
639
484
607
370
204
290
113
228
553
228
234
292
61
364
174
121
999
827
159
868
47
48
959
852
242
394
976
886
474
815
417
465
300
24
836
504
666
301
84
571
529
318
863
943
35
390
416
34
569
927
254
616
976
565
468
570
960
797
809
786
612
226
251
264
250
439
120
916
740
205
839
622
875
702
565
910
92
981
296
13
909
551
629
237
468
450
159
428
247
968
566
211
546
818
476
148
257
948
64
350
153
903
972
29
958
889
291
402
222
940
416
483
491
397
720
959
847
232
740
446
552
306
658
99
476
486
247
86
434
664
788
588
919
112
969
229
1
612
632
575
552
400
59
395
797
131
707
997
363
799
443
916
457
453
367
934
939
614
372
726
278
160
666
550
272
635
779
625
599
411
200
504
163
611
251
313
743
958
310
458
757
105
374
567
911
741
853
850
708
225
928
338
737
594
888
361
581
668
338
181
431
890
37
595
502
288
260
245
247
922
703
356
27
430
923
290
523
128
493
231
353
421
570
442
16
810
803
597
478
493
130
262
384
167
209
886
808
469
131
407
391
186
763
770
616
39
61
492
167
554
723
873
975
645
667
343
456
823
293
286
316
423
548
700
943
757
586
751
226
69
158
969
608
273
740
576
664
801
68
184
707
792
409
34
789
76
378
245
251
671
884
568
446
432
620
389
542
207
492
120
628
2
90
236
628
182
813
644
335
233
828
42
25
237
76
167
666
806
764
917
477
648
837
924
433
458
665
975
17
510
95
645
512
537
234
492
719
399
137
54
632
317
448
10
907
525
177
573
683
941
842
161
942
680
437
375
490
102
350
507
612
797
504
477
335
738
321
406
489
458
813
122
776
261
132
683
138
661
608
822
954
802
983
896
834
420
623
324
874
325
831
839
123
336
316
810
426
637
568
916
448
381
38
576
643
522
259
133
535
219
955
489
21
290
738
856
62
361
532
937
687
364
776
162
700
444
324
478
433
892
394
881
626
784
457
621
306
68
754
841
639
62
683
13
352
421
221
767
782
753
56
821
117
184
335
169
628
659
648
61
904
394
295
882
179
752
503
837
173
609
31
812
671
714
825
376
135
398
143
269
152
199
443
269
383
778
791
363
790
439
776
694
185
71
928
364
176
431
202
701
392
233
513
64
299
691
792
434
89
935
55
593
486
498
863
221
629
654
584
419
445
360
465
630
784
393
347
312
176
549
13
568
134
878
984
433
921
776
219
363
711
626
956
549
477
819
770
106
825
706
877
270
419
342
253
555
87
600
867
263
501
880
183
635
758
168
420
680
944
991
43
8
969
999
557
446
171
680
904
996
738
781
619
157
123
224
712
562
824
931
825
325
811
361
312
922
529
84
602
473
427
997
481
396
348
391
195
519
71
99
868
809
881
839
319
356
63
383
919
887
315
96
564
478
457
228
400
338
312
354
812
739
351
645
487
700
36
682
571
107
782
791
269
15
630
940
371
693
323
642
932
990
91
496
469
900
724
869
239
388
224
403
479
927
48
967
979
85
649
903
544
783
694
165
798
325
105
170
370
429
164
655
419
255
503
888
156
228
110
747
968
686
150
448
613
198
415
945
635
416
848
532
200
894
697
998
571
803
520
942
584
685
949
355
292
452
596
800
32
706
547
1
744
49
449
709
600
216
654
235
632
854
767
184
749
817
183
320
972
55
614
556
740
563
263
33
16
859
185
48
917
733
401
661
782
850
371
382
418
377
970
403
584
89
587
333
258
122
5
230
178
620
138
270
535
402
655
551
261
841
952
179
926
353
192
60
556
915
795
974
293
765
729
877
206
317
562
465
439
567
695
969
539
186
240
75
588
895
978
201
736
282
732
662
636
925
723
544
840
518
518
485
635
600
714
841
917
628
658
708
548
706
678
87
892
270
514
480
165
493
681
254
775
414
268
763
691
343
307
883
213
178
721
848
778
435
42
47
416
700
755
964
406
785
51
650
55
566
130
573
411
164
827
538
930
95
654
621
439
961
856
652
491
577
853
269
365
247
316
781
299
424
745
58
561
148
708
617
66
839
190
477
355
369
368
285
464
22
258
255
335
114
260
827
692
465
448
57
712
117
838
363
541
935
421
102
83
130
71
150
321
613
979
676
982
347
313
799
721
571
406
57
685
18
236
729
483
684
786
547
153
976
911
694
911
684
149
995
166
572
145
487
186
124
515
520
824
180
319
897
751
726
954
789
744
542
518
580
227
657
479
380
633
742
427
545
427
928
892
593
852
37
433
390
513
300
911
689
833
230
587
936
308
893
725
405
436
596
337
15
605
816
747
590
559
526
135
338
806
379
283
659
768
68
49
282
721
960
323
554
543
910
490
851
156
568
608
592
164
945
959
121
114
706
711
25
585
199
715
391
578
998
402
347
419
452
981
140
764
304
694
307
567
184
511
723
752
471
667
268
769
978
389
883
36
453
260
621
652
975
365
230
325
767
929
744
219
910
884
336
567
930
643
134
467
506
209
571
978
228
840
747
206
581
630
594
386
242
568
38
217
933
621
542
700
550
287
272
461
523
608
28
454
251
514
273
110
723
844
88
303
36
835
861
618
817
455
356
59
23
395
628
956
16
170
9
566
809
281
27
685
889
407
491
492
921
764
602
996
608
42
299
645
229
160
615
398
616
971
809
639
718
437
948
734
960
957
653
769
238
32
806
479
440
297
323
361
413
278
358
22
320
657
19
550
170
986
300
786
309
110
777
28
547
725
114
859
682
767
981
272
800
787
103
240
437
427
953
850
705
663
872
377
673
243
279
843
229
580
629
891
690
406
919
589
484
33
449
518
801
430
143
601
569
246
193
6
25
498
857
82
162
81
460
835
677
739
678
258
319
659
149
361
417
68
951
901
454
752
772
255
534
915
208
103
513
753
462
539
251
671
621
413
752
81
600
429
173
278
40
844
289
189
206
707
258
509
960
712
613
732
319
147
999
879
602
513
632
416
52
883
87
25
649
192
459
249
973
632
880
13
476
169
203
34
228
813
895
189
525
508
273
196
7
273
75
610
786
59
378
190
942
466
567
943
10
26
545
983
10
425
997
839
946
552
873
175
365
769
716
242
629
989
438
637
262
865
599
400
924
977
942
218
795
510
162
805
888
707
789
899
484
138
738
430
690
611
605
55
732
321
297
362
663
735
351
925
600
950
678
524
927
972
742
723
834
256
528
723
315
669
622
799
807
360
230
497
323
835
552
408
509
849
122
172
936
473
449
888
423
479
764
702
452
859
777
638
115
658
361
431
327
335
582
135
695
812
984
371
0
537
131
861
738
253
33
27
726
834
915
501
314
32
555
118
891
333
756
358
991
470
141
318
805
724
805
853
536
790
576
888
679
707
749
769
960
134
796
38
969
64
891
635
96
446
105
987
779
861
345
122
683
487
441
489
563
598
342
451
388
270
340
419
977
441
189
289
576
985
327
897
401
570
532
497
16
637
836
148
850
534
270
534
21
711
375
936
662
69
387
402
339
727
822
316
521
11
957
97
348
284
346
102
854
230
599
222
219
788
370
421
322
641
307
695
704
682
631
366
103
18
769
794
98
943
462
619
954
419
68
654
703
414
756
909
996
708
484
215
496
854
988
818
847
296
513
552
330
496
270
434
514
391
228
612
334
43
583
288
462
651
295
518
417
51
427
413
111
911
980
607
118
969
777
965
265
290
517
947
138
140
381
653
531
962
617
866
5
201
506
819
852
801
337
270
205
765
35
316
28
16
924
498
985
701
464
602
344
333
549
482
473
283
487
5
597
105
223
954
658
729
773
510
531
111
132
88
228
168
404
608
536
680
107
521
734
571
475
430
256
24
264
730
659
104
87
256
209
310
210
219
39
984
81
922
447
214
10
675
734
767
635
270
799
742
143
533
665
618
315
922
642
580
652
302
684
91
910
245
401
121
464
792
457
897
715
904
111
77
931
197
196
566
467
348
661
962
233
326
580
549
248
575
481
252
877
517
343
139
762
96
260
578
889
69
827
956
325
939
385
256
488
934
175
308
282
836
270
515
162
851
64
763
426
897
15
655
414
711
794
528
159
407
458
400
476
286
356
154
577
94
410
65
28
937
373
310
773
644
177
288
847
242
51
625
491
418
280
906
481
426
434
641
185
893
41
14
531
750
168
108
844
578
173
872
868
899
534
641
543
711
929
742
305
980
367
797
751
647
55
232
425
489
873
611
734
267
625
265
17
793
373
861
723
899
85
591
798
971
585
693
34
514
435
340
847
802
489
598
801
544
182
578
385
56
189
472
675
166
737
692
959
463
905
35
714
342
978
512
313
563
557
347
78
344
39
277
146
528
227
299
424
409
877
810
817
419
634
492
585
371
184
897
186
441
284
252
783
262
116
448
178
673
148
256
17
187
885
515
68
112
166
492
521
44
654
339
815
640
831
752
364
368
1
550
809
285
803
945
900
919
393
78
945
541
686
962
81
571
830
149
35
996
993
556
392
0
247
207
640
431
312
4
799
313
907
960
951
62
905
851
333
651
281
278
544
967
593
625
890
775
126
925
771
120
833
164
472
81
723
112
512
35
469
663
349
728
623
300
790
881
503
475
884
784
106
428
751
51
406
993
826
532
918
597
652
751
113
476
184
837
941
48
224
410
711
573
490
687
225
280
920
728
107
804
864
213
584
967
264
990
960
442
523
878
40
527
982
505
4
166
694
945
215
919
707
278
844
197
965
70
829
237
150
288
41
15
502
978
982
118
320
295
561
843
173
953
723
507
810
79
674
505
24
241
424
83
519
268
632
837
690
813
74
841
101
468
208
955
446
542
74
766
837
987
962
11
292
685
518
102
116
544
607
140
785
383
575
657
4
207
494
694
372
568
535
473
388
95
429
834
638
855
953
475
194
267
486
486
304
357
940
420
253
900
912
391
283
487
48
287
46
542
334
418
462
869
891
851
965
672
37
603
527
342
430
73
609
269
559
913
626
852
333
231
752
597
622
387
84
670
27
482
564
361
900
379
582
144
582
899
168
619
502
48
314
285
121
923
554
33
189
532
885
874
763
637
472
386
376
908
408
403
391
973
764
291
704
347
787
286
598
956
257
101
4
571
738
125
495
292
510
684
824
395
910
939
384
382
325
761
291
86
516
682
59
633
325
115
332
465
401
930
421
658
383
777
230
121
254
77
413
765
113
589
512
23
529
897
406
206
10
49
292
878
83
703
511
408
818
843
225
219
126
998
878
509
775
460
983
382
537
748
147
650
338
11
673
219
908
431
425
270
480
718
501
915
421
12
676
592
208
901
811
334
900
41
195
675
853
178
57
390
927
556
392
617
568
66
836
828
849
613
451
682
331
952
597
105
316
273
49
876
175
860
210
75
254
758
102
107
288
512
850
567
420
242
184
340
660
372
521
862
986
324
544
669
276
493
774
944
767
175
821
294
388
383
721
642
141
175
101
782
687
303
349
460
546
534
152
558
906
673
420
244
997
964
914
625
458
40
922
577
216
743
871
604
126
592
246
620
767
699
402
807
3
103
619
901
637
771
459
896
797
880
140
146
196
54
772
6
95
46
583
663
789
806
267
267
398
865
239
518
564
993
677
919
97
648
820
86
419
632
334
216
512
475
363
60
881
487
67
328
885
650
991
674
809
610
293
559
475
885
77
392
878
106
311
327
754
484
414
526
116
100
94
980
927
809
40
161
648
107
489
533
110
833
559
919
795
205
478
271
90
908
15
320
366
326
648
473
162
414
999
278
866
445
258
794
255
651
955
255
758
796
789
220
981
700
491
777
905
970
400
347
230
415
668
948
93
668
421
256
434
772
534
300
218
145
94
825
796
49
80
906
846
221
479
179
922
970
956
179
292
708
527
874
123
195
823
217
863
244
825
297
17
711
949
587
856
44
412
4
445
844
263
643
66
742
823
340
64
131
519
357
840
46
231
963
241
406
532
456
651
357
105
20
69
55
959
277
451
371
282
896
567
897
540
633
639
715
973
55
846
845
412
686
891
996
650
485
402
534
941
405
892
399
777
961
806
736
590
257
459
872
505
27
121
45
12
112
112
338
168
959
183
580
645
426
928
647
911
683
182
205
440
426
604
218
739
762
306
329
19
118
554
876
497
675
922
509
788
34
199
956
345
734
888
991
161
817
990
72
852
524
277
292
950
233
862
41
995
521
371
366
639
925
243
136
600
517
997
740
903
197
696
249
283
585
592
444
754
934
869
958
459
146
602
761
732
465
803
79
338
526
446
977
451
41
113
403
910
462
496
813
11
192
414
295
129
358
739
235
293
608
193
104
107
796
217
839
613
372
270
951
898
68
928
701
109
393
457
371
207
953
185
219
145
951
514
627
310
253
862
955
214
408
59
321
556
628
512
169
1
134
120
899
203
400
953
664
145
410
36
704
363
573
923
860
524
437
839
186
43
54
493
609
462
904
930
18
533
794
187
534
928
659
785
483
411
738
148
908
500
184
612
215
109
536
428
985
325
267
172
720
321
665
329
783
570
611
153
455
405
692
989
686
351
126
169
114
217
669
22
717
205
987
933
314
875
361
300
200
980
824
921
302
489
602
437
411
214
591
866
619
283
207
657
987
686
179
453
903
848
476
972
54
815
905
368
690
618
668
890
951
844
163
253
686
766
42
97
980
633
316
951
269
875
961
608
561
140
61
816
988
889
789
42
704
46
763
394
665
783
637
968
628
800
573
314
918
615
763
250
601
431
554
222
307
515
830
220
655
891
37
643
781
826
38
837
872
801
232
889
584
869
857
564
21
782
878
292
398
994
542
351
425
96
573
84
611
403
305
618
646
694
614
779
520
652
617
744
805
201
634
741
422
843
306
443
626
184
735
376
530
278
727
956
726
652
40
338
55
697
956
53
391
570
185
263
574
802
8
379
355
994
121
777
189
779
220
815
315
308
543
846
938
270
802
664
922
194
354
329
892
663
735
635
233
920
899
160
74
259
891
429
253
12
206
442
791
778
610
459
86
153
305
24
776
107
41
698
301
395
380
545
58
115
181
644
387
432
804
461
691
695
242
944
60
448
738
203
226
348
662
665
502
967
41
630
426
82
328
80
830
60
625
888
175
158
884
914
590
688
375
281
736
617
577
148
417
316
351
996
664
366
661
518
685
54
148
112
137
829
544
967
889
521
207
417
32
92
331
622
132
59
256
868
28
833
368
798
149
72
794
166
438
807
36
123
861
537
587
350
718
483
317
607
5
877
376
37
969
60
11
453
471
267
674
851
453
42
649
602
114
795
120
552
602
509
28
816
46
967
166
764
451
484
723
456
713
452
845
682
864
856
135
335
476
809
186
929
204
188
883
318
983
4
871
938
865
251
754
911
218
920
27
21
756
102
477
469
554
674
151
418
883
639
105
359
800
644
288
4
184
171
323
167
527
546
105
392
149
859
655
367
132
682
741
888
785
570
358
691
245
861
462
128
852
567
487
653
563
127
9
747
650
684
267
178
230
372
922
731
584
578
451
68
612
192
956
749
762
666
441
7
528
255
487
732
174
326
385
738
453
747
837
104
431
104
634
14
829
556
745
413
134
196
833
99
388
789
848
503
456
289
510
336
896
350
68
71
676
806
809
130
553
646
586
984
103
220
998
932
776
96
697
263
292
530
362
33
319
210
536
127
852
398
463
100
748
532
171
777
338
980
259
891
979
845
227
434
417
578
366
545
674
415
808
318
945
522
703
616
85
591
744
289
990
207
389
90
91
561
867
429
893
126
672
224
323
252
658
740
830
376
286
856
791
446
174
736
969
230
353
406
821
449
695
163
8
84
254
100
997
473
881
891
952
906
115
275
158
126
368
340
502
6
196
294
452
722
382
773
304
87
179
126
888
226
289
897
311
895
349
660
369
582
551
321
840
19
596
350
497
316
690
999
322
238
645
775
313
380
900
617
467
80
743
356
658
385
605
321
280
954
982
649
888
533
970
729
904
919
79
401
235
122
753
558
360
398
685
673
778
585
291
598
17
386
306
676
771
911
997
52
217
979
53
105
865
24
186
769
295
266
171
530
740
924
440
100
674
125
126
805
711
769
755
80
155
61
756
927
324
754
331
893
85
384
998
950
760
537
720
55
155
243
938
895
519
378
995
545
504
121
350
567
242
457
647
398
518
404
677
194
510
360
87
595
744
438
898
857
975
970
912
130
565
850
25
84
229
372
981
85
846
684
652
88
141
651
838
12
407
515
206
269
875
294
217
972
84
115
829
59
85
741
541
2
944
918
438
525
642
419
610
840
103
614
929
245
265
119
609
25
635
815
294
862
461
511
186
897
626
15
308
63
109
849
65
53
119
503
578
114
923
540
954
378
154
235
975
771
355
584
796
342
752
91
204
565
602
391
463
581
758
771
996
867
621
62
272
92
917
202
206
192
94
161
571
248
748
898
372
103
483
520
445
587
611
2
152
566
745
615
499
503
387
495
723
360
557
347
452
827
550
11
19
996
524
942
245
272
841
969
728
676
489
525
263
453
527
415
19
624
31
518
480
418
365
203
778
275
902
582
102
804
593
121
801
469
416
398
742
257
367
822
933
856
347
196
661
875
611
680
499
994
550
331
764
916
534
894
543
789
477
645
593
422
118
394
892
534
792
986
791
511
808
76
720
155
624
381
382
588
414
234
582
316
565
347
232
452
241
775
241
70
772
834
493
891
581
737
425
725
75
569
237
235
645
957
390
622
338
125
210
104
711
792
421
276
491
5
728
733
133
321
803
905
508
648
796
89
737
574
814
812
495
51
399
492
360
142
114
51
267
324
155
978
469
576
606
960
582
687
693
715
8
849
620
516
849
769
957
587
695
124
751
190
175
151
34
888
293
149
939
912
825
94
890
294
23
848
255
605
535
948
672
544
149
292
412
999
413
722
938
460
846
41
2
373
192
37
261
837
186
552
749
11
647
991
306
670
840
913
627
375
213
299
271
363
943
36
714
709
758
4
169
604
45
172
977
238
209
591
75
747
143
177
110
142
168
768
164
8
681
791
736
895
442
7
610
738
43
324
447
801
328
616
757
373
140
87
963
701
30
391
448
173
568
911
668
88
679
832
97
713
976
185
608
418
192
570
508
588
894
955
741
574
924
499
299
64
938
615
766
968
6
566
493
926
477
161
14
157
346
463
870
322
0
830
92
193
400
601
133
646
908
874
572
832
725
223
897
663
838
15
983
196
581
829
474
59
342
841
568
688
304
790
362
305
620
455
850
372
408
983
18
316
209
590
501
935
165
398
950
4
765
934
552
346
115
27
757
457
868
677
146
524
467
860
181
439
315
383
811
75
366
181
744
576
123
245
863
289
995
813
645
760
99
197
458
214
576
568
24
796
245
522
321
65
382
854
504
50
238
668
125
956
201
869
884
325
114
747
966
461
561
963
221
12
512
32
579
89
600
603
237
845
125
558
262
507
765
119
557
3
139
35
959
340
904
844
17
371
943
983
832
504
946
406
517
459
438
96
900
38
51
137
235
176
48
498
35
813
969
945
168
108
980
127
448
884
323
466
607
267
801
440
123
100
846
992
911
284
440
811
674
491
300
909
19
700
759
407
865
728
352
33
836
332
513
285
568
836
103
176
455
256
968
931
356
166
923
267
450
716
430
476
207
83
385
579
783
497
986
649
225
338
682
62
670
547
699
590
384
154
766
191
410
86
122
767
252
398
386
54
114
169
530
673
252
916
252
387
413
238
36
990
928
71
404
950
