138
215
66
312
359
770
280
627
453
15
130
145
810
501
285
350
681
850
296
448
937
829
176
821
754
868
221
313
779
552
930
918
119
996
230
478
118
862
458
571
878
588
716
40
441
353
743
123
203
391
923
140
220
452
314
327
320
535
640
100
439
922
18
558
270
600
389
388
463
847
959
341
787
27
733
580
380
476
55
935
868
979
428
440
431
742
119
751
629
111
203
69
33
573
979
655
174
368
43
637
567
354
330
354
733
63
935
465
892
990
401
760
321
181
552
752
923
672
856
904
783
411
973
169
985
953
824
511
673
220
148
241
926
830
947
660
245
234
125
137
225
526
249
898
59
802
651
982
826
859
887
961
270
212
482
607
517
659
118
543
879
618
784
805
448
83
817
46
318
943
183
895
821
785
793
881
939
444
863
765
655
102
78
926
667
561
533
536
572
652
79
803
270
863
608
71
299
778
117
617
721
300
512
542
437
305
423
376
102
639
493
757
93
572
35
112
485
569
649
57
573
728
860
195
944
820
266
243
598
383
860
671
36
724
214
473
381
989
202
483
980
695
593
74
267
980
186
104
549
835
161
474
916
373
670
860
546
936
103
144
672
315
816
60
39
382
885
772
723
87
608
704
783
553
130
402
533
668
507
435
504
20
909
772
394
579
632
292
868
87
436
892
402
604
304
793
338
189
917
62
629
525
118
764
78
248
518
612
916
25
47
772
398
308
544
144
240
176
436
108
615
224
352
369
181
656
162
519
197
80
933
178
957
51
294
36
299
813
0
568
838
47
340
588
355
885
732
595
413
168
55
381
393
759
750
574
767
913
445
317
345
379
495
654
782
142
690
82
955
690
650
145
89
342
734
797
579
466
744
993
987
152
726
732
911
476
658
31
741
103
348
438
834
195
93
617
337
783
51
292
826
53
438
267
395
524
64
975
990
161
320
329
313
46
61
576
874
71
607
616
175
307
54
361
503
147
330
840
283
381
485
109
434
275
728
182
799
793
509
789
306
181
471
619
579
884
547
453
956
507
69
131
814
124
844
317
271
175
510
554
556
995
15
343
270
744
877
69
889
738
210
195
919
33
166
498
918
713
951
874
220
21
357
387
497
201
704
768
376
214
675
285
561
42
980
183
786
209
604
27
947
815
222
866
848
740
364
118
806
667
992
378
688
349
765
185
903
822
306
279
388
333
916
950
375
896
133
514
105
738
541
52
905
116
270
105
208
634
224
14
302
568
745
342
918
510
880
821
332
538
452
721
871
369
23
598
617
508
464
75
598
358
479
855
826
750
961
34
736
537
401
38
105
146
733
375
8
965
548
693
503
1
414
726
722
789
676
691
649
141
766
248
499
246
103
677
996
416
63
84
953
464
123
411
962
208
786
971
173
687
664
676
688
430
754
762
571
430
453
220
571
220
468
422
818
924
451
166
340
515
250
646
979
725
57
294
933
195
265
458
882
281
486
922
711
240
684
634
23
490
854
594
710
675
369
880
599
172
46
939
687
648
937
19
374
346
313
659
542
930
470
776
211
956
51
274
549
735
908
572
225
762
518
287
437
887
519
388
412
917
328
99
566
617
118
292
964
783
303
506
713
773
634
924
730
685
198
279
773
458
203
350
221
721
990
10
961
509
399
373
427
79
472
993
696
943
637
12
726
940
518
440
714
505
716
444
542
267
75
315
725
278
18
298
999
8
661
312
517
412
685
296
491
510
289
539
453
926
552
531
219
422
323
933
279
40
729
822
659
156
489
384
786
507
35
137
515
696
450
33
108
135
329
951
645
971
490
450
249
394
982
468
169
305
753
448
697
482
622
356
638
112
741
424
619
776
562
135
824
364
520
932
499
201
883
145
172
725
947
774
472
929
594
641
235
348
441
284
830
64
641
821
176
734
597
795
862
511
930
686
875
450
970
727
652
853
224
176
930
171
302
402
101
897
395
688
245
837
972
427
901
613
600
77
347
550
224
561
61
507
247
289
309
217
16
313
422
240
490
353
411
144
107
864
41
503
552
638
340
525
418
593
490
18
22
190
920
246
751
982
753
351
623
63
920
991
376
343
231
218
48
994
363
155
211
756
658
763
395
350
640
813
943
131
183
965
673
104
564
776
438
317
127
413
732
48
404
461
743
987
679
791
981
394
298
192
151
309
308
898
659
948
63
603
431
598
920
456
54
484
233
844
802
360
257
886
760
661
347
503
648
379
646
982
773
945
526
276
606
834
174
265
135
589
220
918
188
141
375
242
625
608
87
779
320
344
18
433
358
365
288
358
96
935
692
222
232
219
498
838
405
25
455
892
614
676
811
802
169
538
397
146
498
484
278
818
180
296
251
538
13
540
249
110
827
941
332
411
512
830
601
918
207
56
162
174
84
973
328
253
863
725
400
361
561
678
180
742
974
783
632
339
675
233
449
854
175
781
617
687
964
218
957
523
627
120
697
711
445
26
965
309
103
717
670
665
747
202
759
73
338
391
412
365
625
862
572
152
995
189
191
311
408
149
835
35
621
532
98
418
910
415
727
14
132
750
679
879
304
438
952
994
181
365
360
158
579
932
310
926
121
854
238
881
3
425
268
976
957
367
394
220
782
474
234
915
224
265
146
880
55
451
875
588
168
587
747
747
871
409
25
344
263
263
226
618
688
846
594
998
213
989
218
996
463
804
263
39
421
409
271
828
860
498
416
28
85
163
127
308
925
153
653
188
768
231
807
457
77
401
807
291
742
377
639
557
533
902
948
954
663
220
782
876
718
550
904
156
714
384
464
991
889
469
179
657
700
986
466
130
740
625
773
834
2
764
744
535
666
692
841
681
264
975
557
335
526
814
491
592
198
307
583
439
777
114
448
829
453
267
311
545
892
84
379
247
200
475
782
866
520
976
548
784
303
457
471
829
271
314
773
821
622
356
260
751
471
709
932
924
976
244
469
220
680
200
467
881
676
602
99
548
930
999
684
233
457
156
63
728
822
836
550
444
545
162
547
368
871
480
644
199
76
465
772
108
17
239
989
45
193
441
593
123
440
278
357
897
786
772
978
608
960
880
405
505
42
952
225
266
784
869
817
860
686
589
969
704
181
310
749
374
751
695
498
544
973
207
793
111
979
771
719
939
651
476
797
46
429
22
312
565
244
129
778
930
719
99
986
252
409
88
626
513
783
476
409
108
683
202
219
662
326
290
602
329
767
399
375
548
773
687
113
17
169
243
300
888
342
286
492
104
374
118
969
157
595
378
617
278
932
188
293
258
479
247
588
598
646
315
498
771
355
963
789
524
207
89
764
549
727
256
653
454
374
974
963
321
352
581
952
285
769
245
895
600
844
835
198
490
151
48
613
506
12
402
382
219
843
146
120
923
402
126
377
128
100
340
450
453
921
402
90
43
999
985
643
843
173
194
685
676
242
298
534
254
53
916
825
248
62
946
171
464
424
548
592
524
241
394
329
162
148
419
205
147
757
201
342
282
395
27
958
637
678
492
244
83
408
69
331
470
367
503
286
791
403
230
316
644
625
645
159
773
417
716
273
526
917
615
808
664
995
118
302
673
610
546
756
18
967
439
840
335
294
478
126
698
708
794
694
685
440
205
459
209
274
84
87
543
699
895
208
46
13
862
719
975
408
827
345
727
267
185
62
561
15
189
611
723
983
658
761
775
215
572
336
489
656
423
33
707
318
241
754
683
103
825
658
863
5
355
590
624
540
653
537
907
194
149
631
529
159
392
657
374
964
993
864
972
417
897
679
87
490
785
123
945
611
133
808
616
489
750
240
381
755
777
289
949
278
272
831
789
16
488
164
332
833
380
304
250
277
335
690
119
121
165
64
732
298
872
700
139
974
292
521
730
421
162
679
700
434
862
489
450
350
5
782
184
385
438
786
14
773
828
133
246
993
549
330
644
421
30
783
748
674
656
478
96
818
509
148
252
372
637
54
74
995
836
610
380
626
397
747
400
577
880
646
923
430
977
567
203
359
702
951
34
359
781
482
177
291
630
782
663
619
836
89
614
25
700
347
651
449
94
403
26
974
402
949
756
731
868
312
442
571
615
476
282
397
310
459
688
940
593
703
560
430
792
526
807
844
873
458
293
967
214
320
294
616
621
402
347
490
714
141
413
330
970
695
727
280
506
767
221
100
822
133
882
614
659
689
459
885
499
752
852
713
424
498
329
398
901
28
888
615
170
653
297
140
348
376
420
854
143
993
306
965
126
188
932
138
229
743
23
729
847
227
442
272
726
124
670
627
152
910
594
674
563
244
166
263
620
939
469
116
932
776
433
411
316
717
901
546
460
924
275
308
151
69
932
229
193
954
208
698
216
155
372
779
399
891
42
371
830
863
839
114
639
273
877
956
990
778
854
803
702
129
463
206
198
395
787
744
701
996
442
917
151
166
696
902
57
90
273
239
953
113
354
945
738
231
901
728
10
755
883
64
236
346
622
786
741
410
530
442
758
972
711
909
491
407
811
548
849
436
788
155
549
494
100
287
77
353
368
439
460
603
856
48
950
478
834
43
240
717
838
998
41
549
259
532
309
422
81
510
859
221
665
760
67
117
48
144
822
768
584
634
371
440
34
673
270
869
717
511
938
555
861
979
456
473
512
765
895
945
276
754
518
293
515
585
411
915
81
585
35
17
572
406
457
606
80
80
827
149
943
765
56
804
745
512
277
609
278
525
554
906
279
424
199
146
9
962
413
90
900
448
108
472
207
917
78
639
349
258
788
292
23
844
449
120
356
78
81
986
603
635
244
235
59
444
381
420
758
147
863
10
595
323
482
802
592
913
793
942
171
581
586
546
777
35
667
134
114
748
472
69
736
717
304
147
513
38
920
623
537
135
634
132
458
116
287
402
381
80
344
552
662
931
451
791
318
470
925
784
570
750
854
306
819
510
806
332
900
78
955
437
213
589
922
23
58
209
425
439
641
770
344
655
53
795
447
371
265
724
156
835
474
362
494
293
224
652
977
125
730
933
914
295
874
836
318
284
397
743
76
39
865
420
694
918
567
141
642
184
866
150
19
692
864
865
986
88
517
963
565
599
248
480
894
475
668
212
759
66
308
835
105
173
255
151
92
174
293
86
358
511
236
730
203
100
595
541
540
465
505
106
64
105
586
311
580
254
875
340
672
183
527
129
357
783
281
801
309
926
887
668
437
475
398
992
927
993
534
467
810
391
925
227
496
511
538
429
118
413
121
142
949
648
272
306
783
553
459
93
479
346
761
268
173
159
260
452
504
146
271
667
537
197
894
386
60
784
815
178
549
288
321
498
936
593
804
720
498
263
813
977
961
926
245
486
437
857
938
941
4
210
960
541
407
854
279
467
638
446
998
188
734
671
686
23
616
843
743
466
458
908
443
772
834
40
258
271
249
549
564
253
759
525
147
518
379
426
337
370
225
335
910
959
358
948
982
326
791
77
792
602
985
587
374
819
627
984
442
877
533
7
482
644
884
629
162
263
56
500
985
633
187
895
592
546
844
927
872
987
4
17
941
342
604
667
161
584
4
956
461
537
963
943
182
847
925
696
462
333
196
800
966
384
47
558
282
243
837
506
583
842
523
524
184
480
544
697
64
548
653
525
437
968
820
971
167
745
668
982
430
216
782
396
952
829
307
234
73
144
93
8
338
968
532
874
448
428
924
864
976
929
741
414
898
562
737
417
659
405
399
442
974
533
838
926
715
145
513
140
642
606
148
980
926
32
207
727
461
131
591
437
60
333
203
310
247
293
728
258
698
479
700
672
365
539
951
80
36
464
220
678
422
368
11
700
400
218
427
213
349
371
651
761
704
206
72
303
499
152
561
550
983
262
574
348
153
525
428
189
341
0
220
115
720
231
816
473
449
243
686
150
614
689
911
670
248
335
973
747
839
535
649
175
149
576
523
302
101
304
843
795
656
415
910
377
646
726
850
447
322
536
949
288
578
213
959
826
900
932
925
92
819
575
267
968
151
790
622
604
446
818
399
103
233
662
832
232
740
682
31
62
570
333
351
148
546
310
974
798
594
900
890
766
827
157
86
330
300
709
934
98
879
686
201
464
348
385
48
88
67
80
503
990
765
854
490
663
516
817
461
462
69
352
228
896
861
315
226
161
376
512
260
255
550
813
71
898
199
120
339
618
552
194
960
317
400
451
980
916
268
441
730
689
145
959
585
7
274
163
168
2
27
780
257
578
946
680
828
497
800
519
115
352
713
76
21
113
879
1
381
499
795
112
188
940
71
773
947
697
288
468
51
315
600
308
893
546
988
722
43
141
241
511
493
307
939
515
420
818
868
802
317
663
266
505
956
689
630
255
738
918
75
789
585
676
449
479
574
789
553
970
930
794
481
776
101
772
643
874
942
511
28
259
527
294
116
483
335
746
90
73
16
166
862
601
194
663
432
768
452
985
90
383
132
923
159
585
695
802
811
637
665
839
248
544
485
364
379
820
462
470
245
830
988
459
432
182
122
216
950
575
554
41
958
38
964
469
623
12
623
787
649
640
626
898
185
112
614
564
284
77
386
530
907
374
989
691
556
464
260
859
39
814
252
349
204
216
818
179
580
793
966
230
433
593
480
970
57
446
535
693
523
273
223
783
648
565
826
556
29
86
415
420
252
667
769
456
236
587
636
168
732
602
750
165
547
230
136
604
29
23
298
552
296
873
687
296
438
514
205
819
600
620
239
853
640
8
309
228
947
945
396
679
900
499
197
447
729
685
52
110
708
702
663
356
575
350
5
366
216
562
537
817
534
777
22
174
137
331
754
437
629
503
468
529
2
665
328
83
702
732
194
762
434
209
471
362
911
476
728
128
390
265
297
924
394
319
99
532
2
205
321
631
60
789
512
62
807
193
498
509
925
692
272
360
901
743
722
164
571
802
292
961
419
589
885
814
260
336
698
263
894
19
894
954
808
759
369
967
952
867
477
877
559
101
589
812
844
663
976
767
465
621
80
885
562
317
51
823
6
749
86
900
120
332
206
280
91
575
248
395
442
725
625
353
826
566
517
22
230
846
141
47
467
573
932
29
890
335
852
248
436
290
500
556
623
707
837
66
634
437
462
429
514
439
782
340
5
652
714
235
498
207
635
965
780
567
346
22
255
551
271
691
841
771
600
464
830
789
531
465
226
345
894
740
784
28
432
789
680
498
377
178
705
12
143
837
931
842
859
538
393
482
230
234
606
830
699
436
619
230
901
845
575
147
937
711
176
369
852
856
219
581
35
924
945
530
113
229
372
324
767
765
807
997
0
413
179
51
201
798
633
103
995
560
602
932
271
778
653
475
987
872
57
374
148
2
904
261
231
629
586
999
746
745
348
98
158
528
149
711
678
782
166
674
694
769
958
965
899
964
441
886
188
850
260
337
204
517
950
436
146
536
787
892
633
135
343
143
15
492
855
694
627
21
720
321
790
678
639
690
642
432
928
831
634
189
520
838
706
470
626
204
359
413
448
992
901
791
136
268
636
991
962
615
364
682
288
507
713
279
197
707
63
125
890
697
666
410
536
724
233
162
928
592
928
377
936
181
520
424
449
508
767
764
123
132
446
412
639
511
691
188
219
755
665
109
804
332
872
340
408
457
855
337
401
135
66
337
316
938
762
117
447
881
881
570
13
680
334
4
191
378
192
762
485
858
224
289
542
96
982
950
553
189
639
954
324
705
643
992
644
757
461
443
639
343
13
652
375
700
9
918
78
201
681
915
411
905
204
953
353
538
256
906
727
895
212
403
953
855
395
597
613
209
392
604
552
405
608
279
457
617
197
887
819
878
802
230
135
359
536
488
897
792
746
977
687
958
732
992
166
480
589
131
689
981
735
241
739
343
872
196
313
69
84
132
948
238
714
435
597
602
924
847
394
670
176
434
981
908
426
147
388
368
630
77
701
365
670
792
60
542
341
373
964
777
857
264
15
924
699
965
526
623
812
273
646
988
707
979
896
485
126
637
205
108
66
907
825
737
51
885
631
392
611
595
169
820
859
537
744
559
502
623
534
314
896
532
654
603
511
902
440
989
539
646
97
606
905
922
695
956
160
678
349
771
274
870
943
485
407
688
396
909
311
931
575
559
463
229
514
327
132
954
316
23
952
414
981
857
336
28
814
496
707
515
619
333
385
563
818
145
603
215
54
266
498
982
825
313
211
339
640
695
645
957
71
598
371
52
455
707
433
621
556
140
136
175
473
874
90
643
19
693
858
425
311
708
407
488
22
971
827
662
18
473
619
441
71
342
846
878
402
279
500
958
419
988
485
244
214
576
887
585
621
746
11
285
454
770
773
828
93
601
491
464
426
462
905
849
805
751
79
207
30
579
517
449
920
2
45
486
578
933
72
552
31
435
837
485
205
610
666
651
563
157
115
341
971
372
190
776
124
270
335
154
201
852
956
473
855
1
960
785
934
32
689
965
467
526
803
24
489
821
27
404
978
142
746
949
515
936
78
991
558
413
497
112
618
453
585
473
807
897
610
93
929
300
411
748
178
566
773
19
387
800
424
717
295
170
18
162
106
448
153
17
214
2
129
832
456
66
657
615
964
267
60
245
919
823
994
98
389
119
117
128
271
541
197
918
711
216
432
170
664
937
539
878
940
20
62
748
86
719
363
402
987
775
0
906
599
994
356
340
465
826
469
88
719
666
7
783
234
791
953
251
729
844
481
669
864
544
417
302
263
132
57
250
907
57
509
506
403
217
847
868
43
668
308
763
334
667
546
921
459
851
172
188
47
653
857
911
197
274
565
461
406
622
63
665
31
924
172
434
142
371
654
185
39
963
300
725
630
198
646
89
49
818
277
96
824
134
359
21
760
277
834
518
899
250
184
283
174
708
717
316
79
372
854
470
335
506
547
317
705
194
407
106
364
684
555
188
171
914
562
283
191
396
802
443
646
338
726
173
46
795
489
477
167
695
947
854
554
494
172
259
40
579
717
405
615
272
945
138
539
507
422
730
256
576
525
254
914
603
427
960
399
269
437
918
316
736
125
870
582
297
481
623
228
199
380
195
471
325
334
362
185
108
445
441
684
970
695
950
926
123
262
677
744
699
595
60
787
72
931
369
369
764
992
949
963
372
497
787
50
183
149
235
291
594
676
327
917
723
629
843
198
891
520
942
942
467
3
729
540
286
98
261
50
443
563
366
167
60
505
217
243
654
452
886
601
128
565
518
204
194
713
402
85
585
345
27
404
700
756
296
338
206
910
740
1
473
106
169
885
963
386
480
618
191
366
571
319
931
441
523
477
154
278
562
91
623
941
495
675
49
144
13
255
54
105
609
879
564
778
764
527
516
596
497
707
962
68
379
245
509
254
74
15
532
636
106
507
929
954
182
978
98
547
585
504
653
194
383
217
324
499
96
841
95
594
548
409
662
927
6
524
182
80
539
66
68
998
574
997
952
108
975
402
656
912
258
661
107
993
878
431
844
326
624
291
920
173
700
583
452
58
107
986
138
998
53
206
996
979
555
300
87
882
702
743
794
312
404
253
305
634
37
149
961
661
440
881
186
492
816
639
550
275
977
40
274
30
598
270
9
153
571
449
35
625
192
182
938
949
435
595
935
472
745
896
486
537
130
672
30
298
311
932
574
289
973
200
671
571
470
33
725
393
482
112
19
26
294
309
327
82
904
263
906
1
511
392
539
993
65
921
292
728
853
218
369
826
418
41
750
240
426
827
634
260
939
5
286
586
314
966
20
570
229
926
572
740
319
111
734
384
32
378
112
237
596
482
416
14
875
166
254
301
993
240
913
284
245
551
222
911
517
242
482
746
169
54
839
488
517
925
224
901
303
336
490
251
170
906
265
45
72
871
698
65
464
611
702
61
163
924
973
32
519
807
779
688
861
970
528
730
895
104
983
198
440
473
449
963
380
66
360
804
289
59
870
105
22
924
167
537
848
140
570
367
947
701
407
160
671
287
242
566
391
225
116
184
50
917
147
430
983
859
235
624
918
457
730
293
733
897
830
933
389
752
653
336
453
60
848
124
700
90
42
91
667
158
275
717
75
774
500
410
634
87
35
904
896
117
549
629
14
380
562
755
484
215
443
938
276
291
414
328
733
457
419
752
967
47
821
43
173
321
805
159
408
192
64
304
309
613
933
675
345
848
430
830
63
873
120
691
516
534
19
601
343
791
353
311
838
175
706
11
848
511
523
609
56
939
913
365
904
199
41
250
47
823
432
462
697
552
154
565
438
525
167
782
316
872
445
154
399
503
518
248
366
41
857
422
332
122
788
236
673
181
838
72
4
270
535
53
174
41
619
965
566
138
99
883
362
544
389
114
399
259
362
765
652
571
540
984
45
328
221
71
861
59
143
865
682
30
919
208
423
890
173
342
380
272
225
94
168
966
208
567
226
922
685
230
845
225
215
891
905
788
962
766
199
457
983
881
488
902
442
263
144
615
605
876
240
182
971
408
149
531
328
727
454
365
957
299
942
524
190
847
664
504
965
864
962
948
97
802
203
539
65
347
155
671
576
747
853
547
507
354
78
835
81
884
552
391
184
494
267
726
693
932
231
658
796
545
959
245
347
162
785
764
861
292
435
437
39
641
336
546
995
767
734
429
651
286
820
187
133
439
914
178
371
497
189
519
42
148
765
741
310
902
505
171
194
941
961
233
582
297
131
577
64
865
6
68
504
178
255
989
970
169
167
341
18
356
213
60
856
330
801
166
232
307
690
426
600
651
11
534
948
142
111
365
360
470
433
216
0
40
205
970
562
724
664
580
433
229
641
289
559
794
456
791
453
498
217
53
149
228
587
97
722
51
814
434
873
247
650
225
288
207
196
850
932
212
782
717
441
423
6
0
570
814
791
23
312
360
429
813
940
368
911
14
419
725
449
644
325
99
870
965
307
418
167
591
982
949
308
423
725
666
775
295
833
918
670
145
278
99
959
570
820
222
584
239
299
33
236
976
485
106
941
144
876
108
735
858
58
395
633
135
413
408
430
246
326
100
744
956
552
703
526
372
277
110
963
928
496
551
905
981
9
198
125
885
307
212
743
717
607
376
852
372
136
634
619
462
86
363
418
990
418
944
714
47
407
678
975
903
229
232
884
239
431
9
476
90
573
572
159
532
300
363
904
437
997
523
899
435
886
670
426
656
614
140
703
21
170
679
276
752
911
160
343
342
521
819
784
94
391
943
626
692
306
883
129
655
406
380
91
645
50
517
301
17
9
5
390
180
36
667
932
299
827
275
994
701
446
778
795
190
722
774
234
380
9
363
36
415
95
127
412
146
996
66
515
5
423
905
185
459
572
469
110
752
744
104
453
543
883
600
733
605
726
967
985
735
682
373
503
777
500
915
275
496
333
142
854
756
48
39
567
972
509
678
724
605
782
177
500
17
778
233
974
504
552
960
592
234
685
95
364
186
362
991
34
696
134
888
452
534
928
372
506
789
402
231
746
536
760
247
554
890
832
528
747
385
840
339
971
526
434
687
64
796
679
98
844
165
987
649
699
267
21
205
408
775
788
506
311
901
105
865
791
290
746
538
27
938
229
998
464
663
38
528
812
717
979
656
234
318
305
933
585
678
490
345
453
631
851
765
532
309
982
323
599
80
214
626
19
443
624
483
459
662
364
271
731
695
279
317
13
937
250
950
615
93
295
421
724
498
186
608
807
520
931
406
601
497
32
972
941
9
455
400
23
171
23
107
866
654
424
231
591
27
181
207
472
476
628
548
975
166
156
134
38
439
893
991
937
277
963
230
638
771
630
662
942
5
121
161
659
897
392
251
276
574
810
748
402
790
296
729
308
452
864
346
244
757
338
181
34
653
411
673
424
393
687
719
398
160
880
409
57
624
12
334
550
822
434
953
612
83
682
272
887
546
619
131
655
309
312
690
962
75
715
387
820
402
106
218
562
338
980
971
314
992
657
865
815
92
818
779
527
852
52
414
751
23
546
406
332
210
448
646
638
163
385
458
917
843
29
479
181
9
803
496
1
460
713
168
904
883
948
431
735
352
198
838
375
744
245
59
306
45
57
944
561
443
403
478
286
432
310
820
441
113
668
794
925
381
963
182
264
263
965
351
615
163
190
342
259
787
753
566
832
162
510
393
605
913
224
244
345
534
416
138
999
84
933
276
465
248
458
81
511
776
432
478
939
622
172
199
761
277
117
594
439
627
339
397
893
563
993
590
449
409
729
800
493
14
77
310
262
887
391
125
15
175
603
307
150
775
506
911
404
623
857
843
602
197
240
495
112
585
86
914
994
167
714
839
181
143
149
795
383
892
920
398
420
875
57
570
650
563
481
406
538
691
249
493
888
842
988
352
427
426
266
422
593
333
613
126
828
763
921
563
7
193
314
427
68
371
349
70
935
183
476
825
874
726
670
114
920
659
466
699
437
85
473
31
418
87
509
598
202
783
162
209
976
476
989
45
847
338
115
134
873
944
312
747
22
982
861
942
993
680
641
431
765
115
814
535
554
323
133
756
106
295
965
83
771
954
480
619
645
947
753
518
891
65
618
913
400
479
207
393
159
201
824
276
668
638
811
222
314
945
978
772
240
295
207
12
602
687
983
247
987
88
117
878
506
735
144
906
567
703
299
78
904
476
355
924
466
166
146
780
111
124
905
352
420
112
716
22
800
699
621
139
139
90
369
645
826
513
551
745
569
203
823
825
679
178
750
497
345
896
630
456
373
535
160
145
647
876
519
799
927
140
938
419
582
308
64
408
173
968
153
742
171
329
568
202
507
670
51
852
566
681
661
939
216
821
84
216
50
603
367
329
95
306
748
678
966
813
438
491
133
944
234
656
273
154
210
780
824
261
985
742
943
998
34
511
819
118
79
221
74
447
903
169
105
651
199
71
816
638
562
949
934
148
605
207
654
815
339
830
429
676
925
724
674
959
235
846
77
667
67
503
114
322
673
219
974
224
642
142
214
556
92
148
705
49
707
711
217
47
894
646
75
819
370
750
778
957
948
855
624
367
359
90
690
384
661
664
608
303
806
175
212
250
323
917
652
31
980
869
430
874
867
505
693
589
607
471
546
555
679
523
275
390
965
965
126
627
981
86
282
139
261
494
742
585
763
394
968
96
615
398
970
482
255
16
71
863
839
969
770
870
844
397
612
162
362
738
789
695
825
423
835
86
270
577
23
385
971
991
481
586
389
804
420
645
172
843
860
11
812
982
234
9
380
846
171
94
585
312
790
762
87
625
848
357
554
872
743
877
215
576
815
605
380
235
602
552
78
814
916
242
796
150
603
528
348
126
623
933
438
413
695
526
390
896
235
944
120
330
821
335
907
988
292
639
223
246
544
653
60
812
247
209
314
203
89
662
329
712
948
768
477
995
646
867
891
881
163
363
564
336
699
471
324
343
462
899
590
6
552
2
818
152
563
484
355
653
147
684
717
95
804
195
442
450
62
334
684
578
49
248
914
100
719
239
444
533
138
386
540
43
740
710
547
304
195
902
309
694
938
26
141
743
221
583
193
636
269
229
214
319
477
128
419
548
719
863
82
858
601
974
253
342
684
800
646
231
702
955
277
992
333
418
735
555
2
281
191
623
510
757
942
988
885
714
536
605
929
618
815
531
592
68
873
629
220
871
212
274
178
490
266
511
908
2
418
262
283
961
886
145
718
180
133
956
894
22
561
824
992
728
355
937
148
580
566
368
803
130
642
333
620
908
196
881
262
615
495
545
576
733
43
647
914
176
603
160
550
516
984
543
244
691
480
392
623
398
760
426
528
402
111
501
662
308
382
925
923
229
822
851
963
865
498
877
394
101
389
944
617
374
839
213
417
319
605
41
69
717
819
598
471
931
451
134
591
185
59
514
414
881
365
377
747
216
606
493
317
996
437
287
722
277
500
139
948
458
532
18
175
704
968
647
987
419
133
578
604
192
444
18
425
809
748
524
377
354
17
47
350
807
334
424
84
186
564
384
996
448
402
172
152
722
171
491
141
304
69
97
848
513
468
273
675
216
798
52
922
815
451
625
974
137
49
410
676
965
795
672
414
549
196
918
272
367
410
765
23
831
215
871
697
35
497
372
251
295
776
525
462
228
150
789
717
552
199
393
517
994
66
283
896
262
202
168
982
964
285
357
147
500
581
844
535
78
568
138
725
345
16
539
925
518
328
642
70
528
36
588
874
454
223
770
68
425
938
50
741
576
408
889
428
341
733
316
419
654
806
144
999
822
35
276
341
364
270
763
892
658
703
118
112
927
889
181
704
179
583
446
755
343
687
536
684
772
852
103
426
658
599
777
833
635
405
526
351
676
289
595
334
993
713
799
272
602
332
976
134
915
774
889
259
813
425
295
938
629
399
364
288
350
494
473
337
899
999
40
575
288
635
262
633
701
61
257
655
745
586
789
660
360
679
271
526
456
567
464
86
318
828
726
20
674
199
358
574
198
398
149
838
386
411
824
87
824
81
742
569
667
532
582
380
563
205
906
371
772
722
457
90
902
535
463
577
734
821
151
284
571
300
123
309
64
947
396
240
380
491
162
48
375
96
780
290
301
686
661
74
408
471
516
310
6
979
887
93
152
390
377
76
691
500
385
107
799
134
699
532
977
861
932
352
957
712
994
259
750
655
685
510
478
553
172
837
533
412
930
37
802
307
113
845
160
499
952
311
633
4
843
962
217
127
314
175
839
660
786
589
667
823
99
146
376
272
983
261
684
913
651
838
572
764
684
732
615
988
396
600
992
591
562
210
719
228
737
558
888
875
500
556
698
951
702
426
575
37
40
611
302
691
450
874
455
134
959
423
122
355
23
467
946
586
677
665
814
414
576
703
289
76
259
339
379
313
117
955
350
157
566
652
848
16
878
656
502
837
79
625
544
102
92
843
40
121
508
855
887
436
910
528
864
521
867
244
834
984
199
184
494
117
188
342
134
66
350
636
256
429
613
800
532
57
643
924
530
504
779
417
940
41
945
157
562
164
401
396
501
952
932
995
69
472
689
203
539
40
192
147
469
157
947
353
567
943
278
97
447
409
515
739
451
460
896
13
977
297
762
478
249
694
473
671
167
514
874
58
554
418
205
376
576
504
81
143
447
711
592
894
121
107
986
924
920
882
289
897
532
51
375
133
98
200
804
265
66
31
675
621
449
232
349
377
736
430
872
536
142
465
782
615
924
768
891
844
3
180
93
535
232
820
20
330
20
177
947
439
208
974
60
9
206
761
739
942
543
611
830
37
428
613
652
353
381
543
549
384
76
643
271
308
463
644
990
836
821
937
275
381
911
687
742
469
448
481
763
991
445
594
381
225
207
33
578
588
929
480
325
5
123
948
665
938
944
655
774
765
944
49
498
207
88
241
28
536
74
791
880
519
385
261
745
944
646
675
885
927
155
210
284
630
510
949
569
455
956
343
572
252
745
71
811
833
664
839
722
738
631
954
610
368
567
707
313
213
382
198
493
890
760
777
872
270
79
441
77
387
137
650
992
234
73
803
419
737
643
141
827
626
447
437
994
14
144
307
580
879
857
73
121
617
202
993
888
633
787
317
21
276
967
13
862
40
816
281
129
811
775
957
437
222
394
784
589
891
91
169
122
949
594
243
918
796
588
806
782
727
476
803
355
443
168
217
836
336
499
965
148
626
922
937
848
317
721
789
560
165
958
682
466
904
277
384
53
217
543
835
945
19
990
652
462
158
870
298
494
721
264
994
347
186
284
195
855
5
337
767
522
295
801
988
552
78
373
605
648
916
440
593
935
430
597
749
940
467
400
434
188
664
781
535
202
65
83
410
422
420
177
945
67
979
285
619
409
658
576
57
574
16
2
861
798
600
611
738
419
363
525
608
27
658
495
581
75
930
343
849
350
873
794
770
204
80
741
613
90
318
23
17
686
377
878
485
977
841
575
397
204
452
357
583
462
852
517
537
783
860
387
485
85
533
607
289
965
349
255
56
667
630
73
353
7
303
190
337
497
118
734
53
922
443
989
385
647
506
922
430
718
661
268
804
195
875
445
160
224
700
568
243
330
993
949
690
297
139
27
146
609
113
199
532
556
188
917
555
46
839
338
765
853
606
921
48
833
366
560
58
419
481
653
101
474
602
791
771
742
170
269
703
283
469
235
191
657
152
747
704
344
85
821
197
691
742
597
876
460
509
286
879
990
940
981
465
542
124
588
636
295
858
340
578
327
575
122
336
80
869
392
424
954
213
973
997
307
570
873
768
79
512
647
70
452
980
887
346
457
475
335
752
333
27
682
12
954
804
701
34
673
93
458
979
659
431
328
318
353
554
86
433
66
86
855
870
418
742
216
875
569
903
627
255
930
662
267
885
466
320
919
492
766
730
471
777
513
800
95
867
706
534
652
772
972
859
642
390
953
210
618
522
114
597
129
396
259
749
281
726
69
201
570
835
283
41
612
796
193
60
15
899
594
667
23
566
878
17
308
831
580
926
706
46
876
835
442
135
584
724
213
6
277
783
841
560
177
806
356
370
866
724
622
460
391
997
378
270
15
686
453
947
965
159
993
841
347
435
328
931
159
542
937
788
325
131
348
854
289
57
225
155
781
199
967
524
196
697
146
563
735
952
510
700
111
855
893
810
291
222
94
802
116
383
591
793
514
291
648
803
700
873
310
481
424
629
358
972
326
856
536
62
808
398
114
272
254
8
82
897
582
176
699
698
560
642
491
426
934
139
582
986
364
892
820
140
874
178
113
200
34
649
262
843
399
729
467
653
89
549
902
671
78
602
369
990
596
212
416
882
704
998
869
420
243
689
561
117
867
674
669
253
675
284
448
426
13
915
80
102
817
982
125
895
936
846
885
533
58
653
415
114
4
636
535
599
325
96
68
544
122
737
150
149
21
598
575
386
866
7
840
683
342
965
930
278
811
167
163
222
820
931
336
176
567
871
775
245
319
195
141
793
933
291
294
306
890
870
45
108
877
885
143
571
851
73
850
14
592
365
236
764
648
573
941
568
796
68
813
116
264
954
261
549
598
556
207
840
426
252
948
655
138
91
227
341
516
429
355
460
146
592
224
147
165
517
715
961
938
880
429
554
186
43
103
784
599
310
624
377
563
572
384
53
15
963
394
883
744
749
343
243
341
920
390
858
437
105
172
375
985
953
929
171
996
384
308
947
47
932
676
962
857
61
15
224
376
761
108
121
510
803
716
204
723
106
414
161
563
586
888
548
540
170
71
888
554
731
836
953
664
864
915
873
277
282
97
654
43
205
127
906
9
843
110
84
949
524
245
864
463
486
412
355
656
835
243
562
567
431
868
583
296
783
456
573
418
553
579
461
111
706
719
472
901
181
556
202
706
154
66
521
640
830
876
648
666
471
562
585
903
430
520
551
214
976
476
984
881
56
445
344
114
517
816
16
698
725
218
756
879
285
277
871
467
153
519
133
625
81
70
880
512
590
783
78
918
259
62
152
667
859
848
782
728
17
798
427
742
368
183
973
5
461
844
473
966
715
958
943
148
381
823
12
323
606
90
594
218
504
746
885
716
594
667
796
963
817
223
705
538
407
30
543
220
874
368
186
941
327
130
90
708
305
102
383
912
545
977
130
401
723
15
469
670
35
266
633
204
489
691
742
248
721
286
468
948
6
7
889
333
489
331
393
794
434
777
58
331
754
188
732
830
556
554
852
943
820
837
147
661
880
890
910
954
528
730
902
534
89
143
220
578
475
965
373
261
94
431
592
201
972
676
383
880
230
235
175
402
424
322
416
305
564
678
259
444
408
513
979
498
656
551
428
131
516
801
744
963
585
336
164
557
365
547
789
595
134
964
350
558
638
766
215
203
444
826
647
204
339
978
54
348
529
483
479
398
284
224
361
869
912
877
778
277
424
567
225
558
883
575
468
522
693
684
77
137
510
724
693
202
55
748
550
936
231
381
334
515
957
47
737
870
924
515
499
700
435
724
610
670
651
79
192
344
115
269
833
977
346
527
531
401
627
81
337
858
463
24
725
772
71
462
994
348
330
494
400
117
570
11
787
574
442
980
270
557
601
104
886
947
983
418
348
610
851
38
820
666
62
545
439
485
8
433
833
690
279
586
807
850
597
594
424
39
926
694
948
880
150
186
827
485
604
528
447
456
918
267
122
980
813
561
465
821
347
651
863
626
237
670
476
186
616
252
577
895
299
525
775
449
711
954
935
668
834
382
124
752
2
598
732
815
512
550
988
859
553
851
837
142
873
666
328
489
918
905
736
217
782
863
19
845
818
306
513
4
688
989
757
42
588
841
857
452
391
845
663
296
48
500
438
921
166
118
763
85
375
499
654
157
363
673
355
533
331
868
537
20
210
294
414
150
488
272
602
231
469
265
528
518
765
966
439
284
437
202
721
812
702
375
970
417
401
325
302
732
545
839
104
107
486
519
257
974
143
211
205
612
828
85
130
946
404
570
230
841
124
951
653
178
678
623
595
431
300
897
164
198
89
620
305
575
491
915
901
634
126
458
247
955
544
729
901
948
651
483
789
776
434
442
954
464
418
550
896
70
799
412
268
888
32
926
815
876
841
68
510
319
527
109
274
423
191
527
723
842
10
512
618
796
306
573
261
76
475
157
147
626
921
767
867
953
693
682
181
886
103
44
206
630
153
832
405
696
360
128
539
722
992
509
871
650
434
132
727
909
641
226
888
914
993
755
867
39
789
401
925
892
445
131
874
598
964
279
647
676
759
186
398
751
695
621
402
130
753
481
391
746
707
279
660
700
386
880
91
528
281
17
772
726
148
999
676
464
630
323
140
390
861
891
141
557
512
895
39
618
376
430
716
435
62
729
136
800
961
579
680
594
596
453
320
97
452
348
913
82
24
54
472
885
297
966
794
161
213
185
131
942
968
848
377
382
929
865
182
890
445
215
484
41
668
156
490
472
856
404
554
880
810
379
118
107
697
264
620
262
450
752
204
418
952
582
800
881
799
334
123
244
549
607
638
569
115
128
41
971
532
948
852
342
327
322
801
376
938
422
638
388
526
195
158
478
777
310
359
576
645
482
173
546
441
811
116
556
939
509
527
824
457
731
166
136
405
320
512
344
742
503
732
268
698
243
98
827
553
457
403
550
291
928
449
84
739
565
640
679
426
519
503
884
603
21
20
8
341
885
704
435
740
789
55
438
32
153
617
937
962
372
488
605
301
937
689
40
854
681
719
280
553
574
516
156
948
889
516
289
126
221
77
866
10
132
656
394
638
273
331
600
645
171
206
946
108
247
339
314
281
410
947
834
985
463
342
933
704
210
574
830
783
3
48
793
136
704
539
774
329
871
726
975
42
932
273
503
532
612
817
813
23
116
999
360
580
693
645
636
903
571
467
687
575
515
832
63
572
372
837
901
243
563
228
637
848
502
140
732
466
310
897
841
426
896
201
358
589
846
995
844
770
462
531
345
329
364
408
901
88
597
155
683
512
383
320
712
237
813
444
704
123
693
545
901
589
99
260
530
945
255
375
67
69
906
412
398
622
172
652
62
769
807
745
634
542
66
346
780
231
143
484
354
836
381
607
778
480
867
308
778
474
683
845
543
942
610
294
916
782
298
979
904
105
724
538
999
142
236
779
373
379
615
79
568
349
687
346
829
906
654
959
381
690
157
924
984
767
218
900
901
516
231
157
973
308
47
973
802
284
104
176
15
72
607
583
421
646
281
602
553
936
562
934
978
719
210
962
838
781
214
739
649
798
249
623
106
296
948
908
932
404
436
948
476
396
883
897
42
165
500
947
453
414
881
431
133
444
745
323
225
959
414
874
109
663
849
215
960
149
476
892
554
264
192
382
12
76
632
55
593
484
354
46
898
588
829
383
32
574
706
257
533
120
131
643
784
333
210
96
482
38
340
388
303
533
771
315
961
403
722
906
887
77
952
785
17
781
520
49
355
226
306
240
698
789
235
834
474
798
930
957
836
623
345
491
156
468
159
469
871
881
375
758
310
679
895
327
812
767
728
167
993
386
759
692
528
347
526
2
145
809
311
981
432
9
473
940
477
984
761
349
217
488
459
528
167
707
207
979
474
288
498
820
674
609
864
554
956
742
557
101
551
220
435
335
229
908
627
707
244
388
408
461
876
219
341
43
278
549
374
753
189
224
925
863
834
789
418
790
531
327
244
435
547
679
122
129
939
750
836
183
138
596
644
367
815
986
762
94
887
137
199
76
713
124
291
547
265
61
690
148
740
934
935
640
965
58
769
904
160
957
439
650
553
435
17
368
421
780
814
660
269
365
88
982
489
732
882
106
793
572
255
886
858
190
526
175
600
295
431
760
252
870
411
157
657
428
877
79
560
692
91
829
409
180
164
251
912
46
357
57
970
612
295
180
155
821
355
755
468
786
868
72
8
279
581
665
59
459
96
620
503
540
449
912
720
965
163
984
11
521
393
981
485
689
161
992
862
868
100
683
6
968
107
14
247
689
32
306
148
480
926
651
20
728
915
92
693
79
76
57
952
822
390
789
863
904
782
77
772
882
760
779
850
868
145
449
909
529
755
57
10
34
60
30
114
975
475
159
54
903
568
6
725
959
148
940
863
930
18
635
812
778
766
14
998
264
463
907
793
570
316
155
956
376
538
422
352
13
934
758
916
502
117
994
461
265
934
676
195
952
664
359
83
430
725
81
46
188
341
840
110
657
995
419
34
885
841
738
898
775
496
815
630
613
809
91
878
743
120
425
696
784
784
131
566
509
212
613
49
905
805
512
563
152
931
949
38
772
39
936
900
535
103
530
501
264
973
731
8
445
157
56
229
293
187
148
155
751
113
556
657
918
68
572
422
351
873
460
476
912
749
376
447
852
258
300
469
583
32
477
29
541
885
610
834
424
758
341
527
871
898
184
141
318
108
564
670
981
376
146
893
477
874
693
330
484
993
151
67
25
628
448
566
865
59
753
641
169
94
168
393
344
705
886
663
813
450
685
795
179
831
40
656
57
733
338
541
727
489
960
104
469
409
23
686
820
776
327
989
222
496
734
567
201
621
582
366
423
619
513
602
450
554
611
859
639
949
400
718
439
360
823
260
121
846
947
941
974
274
283
196
122
369
115
675
990
49
42
766
668
907
720
470
813
331
329
453
281
81
171
72
794
346
684
915
544
631
209
870
258
844
67
380
213
534
408
556
584
802
674
252
709
394
723
523
726
404
328
359
838
851
783
632
198
467
899
94
99
460
965
709
304
384
89
870
918
849
778
854
651
804
107
361
198
182
236
276
938
564
635
776
415
770
408
965
238
660
60
689
120
377
398
777
761
839
999
679
689
129
534
340
933
993
53
131
527
289
760
465
205
395
594
621
166
354
938
756
14
998
445
487
727
843
264
488
34
263
520
723
744
406
416
677
751
469
160
278
111
920
95
316
668
689
289
186
396
228
942
410
578
387
897
306
582
513
146
616
128
666
340
872
72
108
901
175
929
62
453
40
982
901
357
2
942
998
188
338
226
130
101
805
517
998
111
451
864
257
68
992
276
760
865
700
868
118
876
149
180
681
190
515
934
899
517
877
897
706
567
124
188
668
281
58
19
744
509
883
353
929
227
629
689
444
330
909
563
558
59
743
591
601
258
526
500
128
403
397
186
322
873
374
991
154
432
10
898
942
245
252
871
472
233
913
917
915
174
480
825
233
223
417
186
834
943
686
314
698
436
500
20
661
874
11
168
307
373
418
601
970
22
824
443
256
737
712
171
912
192
997
497
767
766
684
953
709
722
267
407
510
767
779
172
994
143
692
653
516
110
254
487
133
78
282
389
168
994
912
80
186
261
929
305
27
965
259
88
40
878
847
550
998
627
74
992
770
118
645
286
229
251
125
362
329
759
103
849
753
367
281
291
981
211
597
8
528
208
449
568
86
296
471
84
923
897
428
693
16
73
332
245
676
809
959
6
569
414
207
674
781
489
966
762
700
915
123
580
475
924
149
561
220
972
998
144
869
778
189
237
204
873
482
880
683
793
238
604
207
446
278
341
935
596
455
987
863
930
567
338
854
68
252
75
392
602
571
262
380
112
499
584
986
334
465
21
479
55
625
39
501
255
380
436
204
187
775
67
470
343
758
324
763
10
751
156
612
674
770
344
787
621
929
125
955
746
146
787
801
123
826
655
730
558
91
286
97
219
706
567
562
464
244
677
826
347
833
790
374
955
134
513
577
415
638
884
513
136
671
667
611
849
322
693
407
765
980
505
984
686
424
898
502
668
576
328
368
761
470
742
717
604
255
646
372
245
530
885
381
554
552
992
403
874
685
811
640
17
668
624
703
92
875
557
113
451
885
833
564
355
575
633
312
830
279
684
75
162
921
808
716
826
152
119
700
189
282
692
207
950
669
262
395
544
820
860
347
705
693
911
413
620
897
77
802
176
761
229
338
34
37
406
860
189
526
913
378
160
605
937
111
626
200
858
522
20
70
869
77
763
133
842
383
30
919
537
558
32
766
249
67
803
655
927
344
533
840
74
694
798
12
157
776
212
367
299
232
437
520
661
552
653
504
287
35
423
824
946
456
590
547
875
393
202
802
89
88
995
163
782
145
175
291
921
387
658
572
971
95
93
633
999
98
137
286
486
912
110
432
720
52
979
595
445
533
750
534
973
97
697
107
594
225
398
515
612
408
440
584
855
533
569
854
631
58
492
117
970
602
901
43
654
232
638
451
118
740
337
91
837
387
199
431
612
949
299
576
358
739
512
213
624
81
420
255
139
912
725
462
867
978
505
873
211
143
325
329
236
14
772
73
753
971
857
717
273
508
294
631
247
806
196
871
240
616
478
379
881
555
841
748
534
698
621
745
194
298
426
430
313
198
855
418
522
712
136
795
220
782
778
819
940
974
42
180
943
521
560
824
76
753
924
962
804
545
59
998
844
485
428
509
36
635
279
558
348
415
705
920
549
483
92
490
809
134
670
104
655
582
928
84
688
204
398
492
750
458
842
946
943
622
455
979
257
734
889
957
502
594
230
403
77
322
893
239
456
916
343
464
850
624
900
890
828
298
734
578
756
576
524
52
550
331
383
808
418
273
117
272
219
347
675
649
21
921
888
830
837
231
646
39
855
546
930
36
196
16
614
305
593
491
709
143
174
92
303
592
717
421
864
937
120
540
586
142
461
474
972
650
57
618
41
265
516
323
301
64
340
267
369
285
758
78
428
285
523
84
877
240
505
94
177
977
634
115
119
447
941
443
449
999
61
842
616
929
166
917
994
506
184
363
791
295
794
571
580
317
7
809
557
864
903
87
842
889
202
313
688
144
757
489
495
818
332
111
100
498
380
94
356
916
809
499
211
603
422
143
272
430
305
830
294
560
269
488
450
471
802
490
967
559
980
814
729
664
277
829
514
657
275
870
574
85
721
137
40
143
633
313
925
290
495
572
850
764
60
300
587
862
143
907
773
475
73
855
139
351
684
653
360
312
523
286
397
596
424
437
739
409
750
17
699
597
589
549
361
649
202
949
864
345
208
989
820
281
844
311
632
881
964
345
193
839
631
590
435
407
379
526
816
482
543
867
79
132
769
441
134
971
742
350
668
950
339
840
583
184
151
568
417
467
913
610
306
544
200
93
952
931
619
120
413
515
988
493
999
757
934
133
80
28
835
748
330
175
940
913
711
443
481
128
910
394
738
216
291
290
309
243
221
280
715
635
795
703
480
795
812
766
280
892
794
116
992
476
643
284
389
354
727
223
834
637
969
572
205
260
214
866
503
435
147
571
422
294
274
254
441
439
20
74
331
166
190
676
642
185
960
384
539
40
607
373
677
576
297
235
837
511
101
692
298
600
263
73
895
890
327
688
329
348
762
12
866
304
688
509
489
1
893
380
41
500
105
70
428
402
305
265
265
759
310
916
359
925
989
606
815
668
647
496
16
409
509
235
714
549
744
555
902
637
936
943
489
41
366
917
444
23
535
61
782
197
977
494
122
966
452
290
987
99
786
355
861
647
590
927
197
334
482
99
323
418
395
164
812
113
82
608
136
969
669
271
518
999
117
992
317
921
282
304
21
421
660
234
68
250
161
617
585
995
69
260
766
816
425
578
929
859
186
417
828
207
40
346
206
157
338
876
79
973
180
452
746
840
38
814
91
199
784
28
546
205
288
312
21
713
890
302
572
428
719
752
988
760
450
546
269
141
422
700
466
603
504
212
795
542
378
886
93
162
266
992
719
555
304
740
620
547
394
545
327
466
297
315
578
100
214
847
241
636
900
59
591
404
271
387
299
649
273
744
164
892
736
883
799
393
976
419
940
370
316
267
836
966
935
414
66
149
614
659
137
514
718
729
270
989
116
921
638
741
18
802
633
106
38
432
499
14
204
791
736
520
411
573
486
346
339
904
847
305
563
984
819
633
713
442
622
181
715
613
923
733
767
908
840
805
693
691
171
897
483
908
769
894
833
256
240
524
160
439
830
76
423
1
709
489
443
684
22
511
297
945
244
416
206
436
574
899
128
745
148
611
653
917
857
838
525
449
363
38
888
193
466
663
546
175
152
990
211
175
853
508
472
97
277
30
886
851
281
14
596
429
977
602
699
834
440
576
635
803
614
523
348
432
186
895
608
691
237
819
218
90
680
42
539
309
73
425
160
354
791
108
136
120
710
835
306
503
763
941
658
730
816
7
162
3
254
770
46
843
942
264
933
974
658
824
283
731
602
795
86
393
903
574
514
614
409
820
117
524
114
775
254
930
134
417
285
388
539
331
231
833
947
516
807
606
693
442
689
295
237
775
40
141
349
554
107
110
727
576
635
193
703
241
123
838
658
409
578
198
92
162
31
392
30
191
998
723
633
687
18
223
815
59
716
516
965
823
979
44
751
966
237
454
207
713
292
866
122
223
416
566
385
799
958
415
342
308
139
328
996
509
551
163
920
267
31
238
442
362
282
193
328
872
647
888
585
292
106
707
515
874
273
900
673
584
667
16
892
158
344
240
668
247
403
940
866
787
178
308
149
461
853
830
333
500
70
270
144
176
977
659
402
602
911
75
538
579
443
431
737
139
671
757
386
427
50
252
214
228
912
715
41
765
897
726
266
967
996
410
495
325
422
897
280
333
325
818
264
768
249
354
260
921
463
646
348
513
251
914
742
163
981
783
929
879
510
547
198
858
309
46
184
731
295
464
417
620
634
681
741
884
35
1
157
499
999
857
364
250
771
106
414
104
242
695
983
104
242
534
962
551
932
498
635
227
962
52
200
949
85
941
833
473
294
342
324
645
199
688
248
322
795
662
426
389
709
762
493
951
648
455
854
580
306
841
807
620
893
7
569
331
300
754
804
946
96
480
592
295
168
840
969
315
854
396
704
563
510
197
866
158
5
720
738
663
562
545
283
807
905
853
138
205
607
294
504
704
774
96
351
295
288
321
610
142
69
315
705
579
864
923
737
221
643
475
884
557
372
168
717
629
373
207
835
980
502
339
36
628
787
388
923
75
61
534
217
130
201
274
709
417
549
446
991
192
273
227
102
997
747
819
627
120
26
814
453
880
505
489
509
292
877
784
719
938
670
288
68
871
562
129
641
111
575
984
655
200
211
109
198
959
928
825
431
307
639
884
187
144
374
48
788
603
833
507
542
503
795
962
727
709
444
720
172
19
704
827
572
915
937
770
226
217
947
658
524
586
894
64
82
268
112
870
872
297
729
766
153
524
80
880
233
524
600
405
896
656
584
820
571
873
590
150
91
537
160
967
475
54
383
909
675
848
779
547
145
508
665
650
384
97
530
617
974
482
374
222
490
958
42
414
832
984
564
275
521
724
594
348
130
978
257
805
178
388
352
675
248
369
326
984
819
208
601
793
43
327
15
533
285
409
947
469
393
511
96
266
587
691
966
718
21
223
523
551
963
228
226
563
949
552
547
768
113
500
913
156
827
280
689
464
689
989
934
434
852
30
700
792
73
666
510
446
241
385
997
556
965
224
119
915
128
18
35
241
870
949
397
697
581
439
162
623
780
448
57
632
830
758
424
904
776
286
350
18
672
700
926
637
924
398
904
404
416
940
646
287
241
395
336
822
186
850
445
966
298
855
951
129
613
727
385
741
14
735
759
38
787
38
27
711
436
932
468
204
872
114
491
465
861
180
287
400
30
85
718
329
940
669
810
905
749
195
646
763
282
758
801
70
796
828
133
232
112
601
436
984
67
280
449
281
812
89
681
842
174
399
523
466
421
685
371
170
880
369
285
515
127
438
585
275
266
70
507
731
24
296
67
91
928
517
724
740
958
405
934
484
157
810
950
930
495
673
100
728
42
737
243
170
175
180
445
793
250
305
524
274
953
592
718
233
461
442
325
771
200
259
255
357
69
205
287
565
230
739
293
272
476
888
794
3
68
592
796
318
249
673
945
202
265
663
787
78
105
112
849
305
371
104
14
793
661
653
710
891
744
355
163
220
243
958
575
311
902
372
981
151
45
926
705
662
941
492
740
399
604
589
56
327
45
71
472
706
76
182
597
821
537
112
41
132
422
969
443
324
341
777
475
738
703
532
752
997
24
492
396
980
433
452
308
478
875
132
184
952
315
133
773
204
597
166
337
372
135
132
48
828
261
524
918
317
56
670
314
433
162
710
413
947
514
73
425
742
206
961
694
873
446
819
429
44
985
118
416
473
251
464
653
864
340
572
181
749
594
495
534
109
557
947
56
72
373
482
814
579
443
860
804
242
679
233
286
16
352
54
841
955
870
495
819
211
419
1
312
13
848
846
122
406
145
179
830
518
13
644
449
808
856
605
50
887
839
336
903
543
742
745
498
613
592
669
176
11
670
488
24
519
686
499
925
183
678
107
54
43
103
855
851
959
461
902
846
652
590
101
195
333
198
45
298
790
714
474
153
737
314
530
256
352
29
533
535
59
640
589
102
743
797
953
54
258
207
252
262
150
353
457
483
552
854
781
694
568
607
848
305
921
378
913
273
407
798
160
818
438
102
920
533
899
225
939
509
433
191
771
583
545
580
418
449
434
551
143
2
158
343
660
431
721
573
704
480
724
864
298
162
318
218
48
217
796
339
726
581
531
849
516
428
429
934
877
863
837
372
218
347
716
230
778
789
803
482
270
527
698
920
42
17
491
442
586
287
781
665
868
664
514
736
92
944
22
321
159
859
46
729
206
114
959
984
903
115
818
525
994
868
446
388
885
289
830
824
576
964
489
796
980
3
532
425
299
554
98
459
765
144
188
323
610
148
307
514
615
477
391
609
345
189
998
583
478
180
407
406
144
896
202
477
899
86
902
199
992
0
10
109
497
550
432
107
698
739
973
313
568
365
275
914
906
273
497
385
453
904
791
950
800
346
427
51
784
329
602
777
681
612
886
178
163
319
286
213
410
259
879
331
976
154
245
883
779
742
620
232
998
763
182
150
461
609
201
246
290
804
375
972
768
613
150
283
932
788
497
695
48
728
26
376
234
623
259
13
717
231
245
715
995
780
217
808
389
770
54
32
926
429
4
695
43
506
978
327
295
827
374
695
907
752
71
141
375
683
154
444
914
752
511
261
532
728
70
273
499
476
305
425
258
661
472
653
520
451
332
815
630
707
510
538
811
933
31
539
616
538
983
883
290
495
496
822
575
918
447
74
747
105
852
5
766
324
658
286
127
990
453
110
49
315
0
861
249
31
752
217
569
735
452
211
582
949
385
158
219
833
584
966
938
436
971
56
761
981
695
240
324
148
350
373
816
350
586
65
382
338
634
303
426
87
515
8
36
900
518
607
85
103
574
23
539
545
80
652
527
127
893
203
275
243
576
91
946
515
508
680
853
143
983
631
230
850
640
618
751
158
225
836
613
799
212
153
697
644
157
576
771
50
779
398
646
707
490
944
222
350
624
428
845
607
59
75
810
51
45
561
562
623
749
175
774
313
680
471
957
838
399
728
240
530
127
238
238
969
182
812
671
806
240
517
766
652
944
576
55
342
489
969
965
590
497
739
904
177
563
861
367
314
942
608
845
421
198
83
742
381
247
413
539
840
282
657
844
227
233
899
569
74
221
534
665
718
625
921
895
540
782
615
855
76
575
52
497
773
487
239
506
734
5
46
574
287
703
418
514
289
670
435
715
891
321
380
609
947
301
856
839
436
471
694
512
398
746
362
172
233
601
678
320
958
76
894
246
132
665
112
421
335
548
136
226
221
869
187
168
522
395
8
958
867
54
823
617
153
185
789
738
138
820
58
97
248
305
695
380
970
159
153
657
59
642
883
281
511
422
801
385
817
161
696
36
216
519
654
721
56
795
811
194
615
870
643
864
527
690
596
849
850
750
506
909
744
741
190
255
163
992
992
980
153
688
17
721
559
23
442
615
818
606
162
434
476
805
650
355
848
598
204
698
700
710
607
444
451
150
51
614
494
44
946
647
732
963
721
644
986
515
259
157
121
773
943
949
579
945
304
427
543
508
477
244
570
436
688
21
586
740
987
80
136
934
80
220
249
801
864
588
668
476
745
790
249
688
739
180
633
44
959
528
904
436
772
475
873
813
848
811
905
836
892
41
770
324
261
19
125
478
959
793
954
704
935
203
744
675
384
729
71
343
258
327
132
382
154
357
195
3
168
452
839
60
493
961
384
107
980
861
585
292
7
891
996
942
94
741
969
830
470
392
526
80
720
658
463
874
15
10
877
535
463
68
596
956
29
332
415
362
546
0
654
553
243
650
495
338
743
817
520
566
209
46
646
929
56
461
156
423
472
33
959
935
454
907
243
483
239
659
845
785
11
499
690
255
502
186
945
597
3
465
515
564
864
514
494
272
975
650
696
799
35
7
734
489
914
330
325
505
341
522
291
704
374
333
311
228
519
256
825
874
74
341
439
290
207
285
562
182
287
610
982
674
617
68
516
531
750
841
37
91
363
680
148
737
13
459
965
885
68
143
111
494
836
902
784
43
187
698
577
474
309
911
149
926
332
665
458
82
858
847
526
573
527
674
663
892
485
980
777
553
123
889
47
311
791
183
354
331
882
284
157
543
195
306
469
527
323
279
962
533
478
840
107
5
514
770
898
351
102
27
905
226
916
304
889
60
840
244
391
74
880
548
617
75
207
438
955
882
70
917
768
548
109
875
554
623
997
804
326
99
831
583
677
100
888
919
512
80
515
903
154
395
803
123
470
362
561
777
245
631
46
13
180
155
240
86
130
589
242
457
40
73
40
70
525
280
989
37
712
504
292
866
899
448
341
721
810
903
499
407
886
897
772
418
53
364
856
183
953
98
992
346
524
33
416
49
665
757
439
378
261
83
596
512
883
938
233
694
193
84
453
431
982
226
850
387
942
706
570
896
805
563
594
681
948
10
82
613
767
521
343
380
957
940
892
840
230
477
886
423
562
692
854
896
918
56
283
860
115
205
108
272
768
702
953
68
64
35
682
183
909
377
563
866
317
455
58
547
933
297
322
847
989
177
743
259
585
378
119
700
583
580
972
704
634
925
772
699
961
806
882
870
184
798
88
501
253
498
401
538
795
723
737
784
252
832
43
838
210
515
890
146
447
863
850
81
788
622
132
101
429
367
323
965
165
411
466
418
910
219
309
57
943
46
842
547
879
237
385
89
104
276
587
551
491
437
633
279
412
117
733
841
484
56
806
649
820
624
68
82
844
729
139
139
775
333
686
654
571
424
96
675
52
683
579
543
473
564
174
885
681
907
78
166
964
236
815
136
860
235
218
56
964
709
547
92
43
234
98
966
658
546
993
710
230
572
605
55
136
779
940
818
687
18
984
3
606
151
139
466
387
709
875
703
418
422
795
461
8
246
427
18
792
421
80
374
345
685
429
482
465
369
300
504
739
636
507
345
139
998
164
526
707
391
582
125
813
729
587
174
975
366
192
768
139
625
142
485
310
572
967
127
293
619
631
33
607
138
730
746
136
894
625
195
285
207
321
451
288
260
625
264
626
169
384
766
794
526
603
457
450
570
584
96
541
568
129
148
706
211
246
195
106
871
390
743
430
63
194
719
323
171
335
950
693
719
68
839
597
671
296
48
593
233
144
486
801
625
986
859
836
232
406
294
456
797
38
886
860
584
957
536
108
292
486
801
363
906
640
961
929
289
361
874
522
857
360
323
834
346
534
22
930
941
317
386
90
707
625
302
643
582
838
751
227
676
552
942
582
545
903
863
834
616
737
356
825
449
31
659
147
565
34
78
858
351
816
948
410
441
251
53
376
89
157
955
766
709
897
700
606
153
916
440
769
653
148
595
455
179
606
602
97
640
32
955
343
849
904
753
642
507
159
370
596
316
325
714
377
223
767
984
376
683
776
497
688
925
92
143
456
51
746
905
691
130
861
35
979
117
140
974
976
651
344
924
319
22
639
49
597
406
33
325
441
161
822
129
86
267
273
895
318
371
800
9
501
13
396
833
482
537
807
458
540
503
383
860
525
374
909
122
132
294
447
573
455
622
702
894
889
975
789
207
346
941
568
200
955
317
33
789
206
840
248
746
695
983
958
221
357
867
695
489
513
495
62
321
117
116
567
6
92
708
565
790
649
485
990
956
154
375
746
360
215
346
459
263
681
417
836
38
637
531
879
150
26
293
823
495
409
390
853
853
98
418
996
748
256
986
56
410
362
802
123
929
500
582
544
181
999
380
571
636
264
802
139
642
95
962
138
857
353
991
62
451
762
58
551
370
397
608
780
759
410
255
40
263
837
585
444
837
317
16
825
581
818
316
224
266
279
362
475
632
705
537
435
467
596
987
189
993
595
970
104
357
577
496
972
415
433
417
604
751
785
429
332
955
746
908
573
377
270
48
361
328
586
796
795
182
135
985
527
82
307
631
792
884
479
764
651
913
181
255
664
318
37
348
274
135
257
199
512
879
248
873
207
186
21
355
720
157
692
247
239
351
230
31
235
709
148
239
622
329
494
638
0
531
339
626
18
596
825
530
827
425
755
35
611
777
742
331
286
434
930
877
785
160
909
372
222
409
611
196
738
106
187
90
989
526
716
8
474
542
890
301
967
646
688
931
775
430
262
61
864
545
938
649
57
199
22
279
608
985
476
699
443
663
789
785
541
506
145
15
400
35
316
719
33
5
650
808
435
265
869
652
162
160
301
219
359
675
499
968
661
327
19
456
342
808
241
883
666
386
898
66
774
566
138
807
923
140
616
711
405
837
363
919
349
16
139
709
692
638
29
705
965
48
161
659
208
755
542
875
141
792
293
915
710
431
75
986
924
43
697
681
232
412
601
582
428
740
291
472
378
672
529
695
72
43
354
280
798
248
507
291
392
153
207
102
936
634
440
860
677
137
542
909
549
143
491
330
883
134
802
613
158
332
660
230
375
366
863
525
614
370
816
358
875
375
812
812
9
253
672
38
390
566
948
292
61
791
974
944
278
128
909
436
460
569
667
187
287
530
64
253
252
881
611
128
608
424
292
618
677
316
8
419
883
308
63
944
100
37
241
730
166
150
166
978
72
185
518
359
67
582
613
672
815
224
800
424
0
92
394
29
408
402
449
643
711
864
588
163
902
181
893
420
331
411
750
755
949
268
115
16
203
80
40
370
656
840
146
657
284
540
686
45
295
487
40
358
352
980
521
606
161
766
26
845
529
776
600
478
397
67
847
952
499
887
674
156
80
821
165
716
713
203
761
8
691
154
718
395
134
239
1
296
357
379
493
887
507
445
717
256
513
916
208
364
156
883
872
236
56
37
952
769
593
66
130
284
220
848
31
354
440
384
2
797
763
495
36
622
941
754
879
806
22
439
170
178
674
43
414
730
432
719
852
25
137
982
661
357
182
692
63
622
428
418
772
543
913
808
166
206
914
397
364
937
836
887
467
863
930
882
593
714
953
797
740
90
779
401
799
962
446
214
936
226
632
708
770
898
517
288
456
783
685
821
72
873
708
540
736
990
774
682
704
727
479
796
169
611
550
320
925
996
534
861
222
167
922
344
417
439
632
873
574
317
694
647
543
754
539
631
744
313
313
449
392
145
245
913
756
795
233
33
143
767
894
718
286
816
62
55
607
47
929
534
716
975
533
259
730
72
891
826
737
556
627
129
53
873
394
809
20
627
194
516
746
89
586
385
257
648
440
217
47
721
751
764
49
284
375
131
356
618
957
445
175
937
574
228
162
320
390
182
947
584
50
45
25
636
782
635
637
575
852
684
648
955
800
697
239
176
180
947
794
490
392
321
427
318
902
589
638
644
123
937
580
174
334
606
162
117
593
799
692
797
836
692
752
636
390
343
164
922
290
959
412
34
632
839
704
534
780
694
178
904
983
759
430
317
717
592
786
662
744
830
459
932
523
211
568
265
554
733
187
196
44
600
582
28
791
286
563
572
332
93
828
315
204
610
984
273
554
123
935
650
953
394
582
476
605
151
741
511
236
929
707
632
881
289
660
672
927
575
596
611
669
776
278
225
738
263
499
293
738
434
943
691
829
526
168
786
29
261
298
617
542
357
601
423
999
261
448
278
189
44
890
858
173
168
435
911
783
934
204
521
369
500
565
550
378
85
688
407
346
986
376
889
696
977
664
695
590
112
973
779
509
215
989
682
384
425
945
519
359
502
393
80
2
958
630
380
43
319
139
741
657
867
630
353
844
295
48
434
759
374
214
268
589
203
302
325
980
248
197
340
750
590
772
752
900
403
484
295
74
975
388
83
842
371
437
686
18
837
472
777
563
686
46
153
242
700
830
222
948
27
914
698
969
687
802
221
442
638
868
868
613
257
951
807
628
740
845
646
930
318
423
493
356
821
998
950
522
829
525
822
208
439
873
178
478
675
751
920
314
620
788
279
877
740
87
505
832
284
503
762
602
278
256
311
452
606
613
326
435
138
148
644
930
21
174
408
49
925
681
363
545
469
994
774
561
433
631
394
718
134
508
672
413
116
983
217
723
597
543
158
87
691
154
17
65
680
426
114
606
459
477
503
928
823
278
842
257
909
588
975
44
448
647
809
565
983
26
288
580
921
446
19
612
953
37
677
633
815
143
591
274
972
95
554
796
373
748
53
282
688
28
678
137
27
839
702
10
217
990
942
138
788
962
751
93
351
780
727
166
276
318
792
248
413
698
44
138
447
449
421
135
829
451
272
857
291
326
867
508
316
162
999
457
124
750
550
475
882
277
993
158
948
137
407
713
835
803
852
282
253
625
770
82
428
394
291
719
721
159
580
389
673
579
846
797
681
397
624
915
26
969
426
974
106
185
40
941
988
244
576
593
869
346
28
297
740
319
369
813
830
301
203
503
232
49
652
265
798
628
180
825
597
606
151
55
143
543
349
132
787
925
77
656
623
105
306
715
425
27
529
607
680
84
111
912
485
115
177
284
744
709
461
693
668
612
101
811
156
450
295
295
727
373
304
702
830
610
417
607
989
298
215
669
734
678
581
220
793
110
504
889
171
965
583
191
929
684
355
437
486
650
733
565
375
389
267
558
999
684
165
988
335
380
9
69
410
590
289
204
52
145
93
575
462
28
767
744
64
122
533
550
124
618
115
852
7
734
410
6
771
927
346
106
660
355
527
70
297
169
274
701
314
720
277
129
748
44
225
813
518
758
715
642
377
183
494
384
917
256
743
688
184
441
146
844
149
674
914
446
843
541
500
509
261
777
990
9
173
215
174
691
974
890
685
703
73
532
87
342
788
182
383
324
976
529
168
125
555
435
923
398
976
423
260
237
552
250
598
725
818
773
416
792
15
454
495
88
986
934
782
126
469
165
451
445
47
619
570
602
54
493
353
382
269
613
619
821
215
218
547
33
343
315
177
358
769
672
798
107
959
580
234
428
98
685
873
497
656
443
99
711
288
452
93
557
417
65
731
985
635
278
18
330
945
196
688
67
220
486
174
179
418
408
959
868
93
832
365
750
627
817
813
916
269
258
825
39
675
556
24
662
186
394
992
484
942
680
551
515
518
725
694
289
486
6
157
931
838
875
681
466
692
846
734
313
457
911
704
132
820
728
795
358
475
787
842
417
820
393
932
338
471
979
979
957
985
489
888
175
364
922
641
408
768
727
721
225
639
778
710
459
506
857
169
333
996
12
751
816
405
35
507
876
366
486
833
703
327
74
879
691
996
872
451
764
600
173
342
591
303
404
402
809
261
571
495
257
583
246
426
341
633
285
569
0
771
403
703
99
829
582
142
825
807
594
941
407
119
635
350
422
39
752
583
652
323
78
262
259
676
688
600
662
973
169
662
96
924
717
547
753
652
42
930
459
988
872
218
107
507
568
881
547
672
816
199
995
895
813
606
923
501
558
585
826
728
599
275
4
669
822
110
321
216
40
132
204
912
702
311
420
270
544
319
942
361
870
289
608
684
248
531
537
806
469
364
534
68
639
891
89
813
1
410
30
393
894
234
306
596
898
78
218
442
749
512
803
619
154
763
655
402
295
193
208
764
909
95
184
900
338
274
713
339
36
95
732
283
330
390
231
580
820
450
374
569
314
178
541
820
293
196
222
588
741
783
704
650
230
241
550
568
515
616
259
903
711
343
186
393
86
770
973
906
572
348
476
886
878
17
707
171
565
281
112
307
416
816
309
998
57
860
566
924
828
177
180
539
521
718
933
959
488
258
865
60
606
693
299
836
62
358
8
628
991
120
287
760
288
596
758
698
808
325
974
636
854
154
176
727
225
461
686
65
719
552
478
678
245
777
514
308
487
874
288
478
346
575
238
635
523
997
685
332
674
659
320
880
166
496
608
743
309
294
808
29
846
286
707
444
415
573
752
902
448
392
733
794
967
971
781
842
320
466
174
346
126
495
227
644
343
835
387
5
129
195
386
328
834
93
772
249
18
876
152
466
268
885
261
587
208
394
429
881
861
956
227
339
803
806
983
146
641
722
503
123
269
889
451
103
334
575
353
353
451
857
819
71
742
432
658
302
827
439
183
40
395
763
379
198
569
714
697
211
436
552
334
57
442
137
161
776
712
866
129
515
723
301
586
817
85
596
119
264
387
655
304
783
418
35
333
987
749
382
550
537
935
236
595
729
373
108
505
437
974
987
952
49
288
890
866
725
486
337
990
874
344
646
9
762
682
694
102
783
429
652
673
716
889
620
797
262
728
302
52
54
289
4
103
929
247
321
655
85
10
997
311
355
643
320
469
677
367
571
813
148
224
486
216
113
458
13
727
538
667
779
592
957
136
47
238
383
720
893
468
730
242
780
437
886
452
907
915
171
478
728
671
702
566
239
167
24
252
895
914
920
26
506
229
162
905
467
897
625
713
718
708
955
850
145
193
654
52
109
178
883
189
849
585
756
89
753
132
693
0
47
613
26
905
194
541
811
14
790
788
79
860
848
34
710
994
580
365
398
41
895
633
230
744
219
338
185
324
471
879
324
518
844
702
775
391
595
938
405
386
727
484
246
927
870
309
273
802
26
24
843
921
657
74
17
876
764
203
552
235
434
228
105
630
931
881
21
878
819
778
264
898
262
863
826
485
172
99
287
550
123
131
471
133
557
488
9
321
43
914
909
829
142
14
460
425
247
833
304
419
612
920
669
226
135
495
711
659
947
351
209
422
834
32
555
743
873
917
416
916
831
325
98
325
692
558
103
291
743
407
710
355
679
380
934
167
227
997
826
526
348
388
949
182
420
856
277
293
125
694
562
308
19
660
634
63
570
737
355
313
496
417
21
527
797
955
694
25
952
873
903
301
261
204
835
681
61
113
327
186
159
889
495
530
901
481
594
471
570
301
136
66
718
157
945
516
112
640
893
65
513
796
718
126
1
905
807
414
370
486
952
529
727
799
60
628
280
654
451
850
955
588
268
673
745
214
541
858
206
434
275
719
583
345
845
936
250
4
350
621
843
302
150
570
102
210
199
734
216
650
585
523
238
205
549
336
419
90
546
625
877
821
696
812
518
893
748
768
250
450
741
93
752
244
15
206
806
566
941
23
569
878
546
159
83
95
495
855
538
41
832
767
214
529
579
732
774
327
853
24
777
594
469
881
838
485
88
645
403
381
20
972
611
918
132
694
14
979
901
904
21
734
671
587
263
250
320
389
929
173
414
58
767
235
939
958
72
379
955
476
112
975
800
723
893
932
418
259
264
319
163
285
405
186
872
668
436
544
58
717
717
824
775
837
411
67
795
484
446
750
960
559
77
760
282
970
45
52
230
309
724
745
946
129
932
170
150
720
715
560
438
784
736
565
621
147
632
768
631
431
870
943
990
947
56
624
918
101
29
148
762
753
893
708
234
177
230
384
898
945
296
336
730
32
901
703
532
886
472
163
317
342
107
659
290
515
635
208
616
664
708
730
769
953
790
4
131
20
740
381
966
389
717
48
421
970
751
953
856
223
469
173
918
928
184
208
443
820
768
411
484
828
141
254
133
931
610
616
951
702
997
269
91
66
669
865
37
421
170
245
996
991
771
914
919
955
122
714
775
242
125
612
70
266
218
204
549
828
172
853
882
170
474
974
236
144
191
273
565
361
871
913
353
642
828
624
597
302
339
373
897
464
337
967
83
555
523
984
383
696
837
265
218
664
591
454
808
782
80
725
496
951
638
201
593
466
825
190
121
516
915
18
333
252
337
416
807
861
752
542
909
942
160
127
606
751
933
414
886
13
139
382
316
777
935
909
596
760
452
717
629
719
87
962
972
424
730
131
637
482
26
546
776
186
25
382
289
311
148
527
676
287
261
993
417
196
902
365
309
706
434
938
426
521
900
750
945
630
233
583
464
259
481
241
797
859
975
87
170
124
966
846
763
228
191
180
424
94
545
85
800
979
23
578
852
275
328
798
905
562
381
722
173
214
963
971
73
290
410
595
414
376
794
178
956
985
358
381
431
256
466
584
587
842
162
440
117
843
590
375
757
323
449
930
537
764
253
963
54
15
558
469
744
704
647
700
690
357
433
121
965
252
705
905
94
868
697
563
711
287
938
468
962
387
750
499
151
4
814
558
19
725
27
115
429
26
816
119
383
249
593
701
501
298
606
595
518
303
159
581
942
449
401
904
189
152
755
692
508
570
250
879
295
277
995
76
655
811
548
39
60
141
740
914
439
698
861
310
1
372
891
943
822
293
199
363
445
954
55
953
524
658
184
171
287
179
600
943
990
148
334
403
289
426
317
80
124
530
390
125
903
282
420
725
575
619
440
372
573
847
677
450
505
861
973
145
393
573
440
383
721
774
138
10
200
807
91
324
338
833
801
241
115
221
318
42
192
758
414
765
957
443
567
815
657
541
960
50
466
400
433
188
526
924
550
726
731
993
402
421
827
203
662
294
424
332
337
968
442
103
733
400
547
653
215
204
546
527
254
12
279
39
552
805
963
103
883
47
448
285
820
275
840
483
570
264
167
907
584
610
362
317
10
909
322
577
465
868
456
71
233
735
111
785
892
426
240
775
825
689
412
646
316
252
481
886
868
648
145
452
258
508
121
620
769
444
549
587
664
5
658
249
740
769
35
984
548
627
759
373
316
523
371
633
127
852
871
995
501
369
799
111
229
921
732
350
717
281
937
733
639
596
983
379
717
18
364
265
997
475
991
314
351
362
299
478
215
522
474
68
891
625
179
120
546
263
471
615
545
408
349
536
356
684
915
74
54
631
691
51
459
682
365
162
45
16
640
612
539
466
680
430
92
859
903
990
123
374
606
20
134
307
556
843
991
823
917
45
807
608
96
618
643
814
780
40
830
420
652
369
887
684
152
331
543
55
321
18
781
279
390
267
586
298
110
929
122
379
974
281
988
423
899
983
237
679
23
419
451
27
141
690
711
293
21
254
348
695
625
129
974
367
748
913
666
859
842
140
238
169
421
578
592
672
561
181
703
936
952
506
963
93
197
674
386
570
281
86
265
258
567
592
625
316
505
291
175
699
783
413
220
556
344
812
228
905
345
283
842
298
790
157
743
339
832
130
909
113
216
527
723
784
471
348
100
328
992
275
27
775
40
248
332
384
412
912
642
110
548
836
760
690
993
503
29
825
633
290
290
202
817
13
986
640
714
438
968
706
65
348
481
457
596
165
194
360
430
836
822
978
672
582
668
665
438
697
843
71
339
485
625
509
851
963
149
565
401
118
623
818
466
104
276
414
622
470
126
52
658
949
382
330
883
50
347
321
99
542
745
438
380
370
947
231
334
97
148
87
567
771
258
385
227
886
799
849
356
277
253
366
578
635
48
462
685
747
783
136
290
528
575
670
251
874
253
585
323
753
24
890
524
282
275
103
168
426
305
876
56
558
242
634
194
290
96
231
38
232
720
680
112
295
702
363
521
307
300
845
60
325
735
936
959
363
39
480
141
696
356
197
255
951
184
801
593
280
384
983
864
104
15
977
751
717
340
273
376
641
118
788
318
205
724
277
920
116
109
414
812
466
611
419
769
147
220
714
428
957
698
292
61
65
621
165
135
962
438
511
955
908
300
273
465
376
902
386
844
12
800
657
830
763
76
951
911
649
665
691
606
715
335
19
781
957
184
916
271
974
427
226
234
79
499
700
456
753
438
300
765
238
309
595
353
738
898
616
739
564
659
697
279
347
716
412
304
253
328
575
579
108
153
814
539
652
514
347
405
952
0
523
542
309
470
247
399
369
864
138
933
875
187
564
222
256
977
526
509
305
453
440
765
606
254
305
610
768
652
368
72
652
891
966
314
361
214
713
82
430
204
15
305
391
932
528
647
909
406
508
566
212
949
684
170
203
989
781
324
993
501
748
646
744
715
312
457
281
25
540
711
581
907
16
325
839
896
972
100
303
833
667
867
782
703
37
337
692
170
13
685
671
114
683
415
829
995
873
110
373
413
173
954
672
189
279
512
86
604
964
741
437
983
608
571
686
997
260
378
168
274
416
191
388
99
607
569
447
832
31
820
597
204
126
269
745
406
133
183
362
98
924
799
81
884
722
768
882
982
498
402
608
914
593
348
366
200
917
813
384
948
985
981
504
111
251
250
869
736
433
583
834
710
734
916
594
456
36
828
791
534
230
399
449
824
748
167
376
665
332
761
966
317
94
470
780
345
720
2
82
506
585
268
216
320
184
810
128
572
991
919
107
221
319
556
397
419
75
126
436
407
887
402
76
981
225
856
679
297
210
113
803
148
381
19
820
918
182
300
490
173
220
597
746
891
505
144
310
932
270
746
339
509
501
415
842
726
624
521
23
834
986
179
334
720
198
506
638
732
807
480
257
27
430
4
918
287
500
580
220
122
326
559
983
827
327
825
905
951
699
281
137
685
460
472
757
10
978
395
743
785
228
0
164
658
356
434
297
856
14
517
330
693
429
313
520
756
491
778
707
190
59
844
227
519
668
985
529
999
732
624
136
960
977
653
970
333
87
268
542
102
137
224
795
566
538
667
322
381
445
381
571
504
226
150
375
246
135
257
597
220
881
734
180
210
387
503
896
826
123
438
928
260
14
75
827
904
95
501
285
540
883
856
397
461
359
772
59
494
29
657
66
263
743
247
473
482
102
369
308
225
159
589
837
174
664
16
78
111
518
716
4
753
924
401
214
283
525
625
130
907
282
196
170
25
795
995
507
897
717
168
474
876
757
312
402
773
328
833
885
198
549
889
951
473
642
517
109
167
143
239
74
777
435
596
803
231
944
662
128
661
830
603
889
939
267
644
713
595
829
598
146
730
839
97
555
481
967
664
0
110
903
427
887
339
23
42
570
319
57
50
980
239
5
222
179
272
218
244
220
47
842
366
777
33
815
332
514
782
997
514
244
900
941
484
591
317
526
513
636
935
564
969
175
921
543
354
546
761
598
766
808
792
484
585
177
651
269
691
434
266
557
30
519
851
514
462
520
41
976
508
976
892
477
503
813
372
209
711
133
159
477
941
951
313
878
480
965
500
523
751
766
81
781
637
284
296
452
156
689
428
664
665
672
494
521
837
866
730
549
0
890
378
293
193
692
524
674
9
24
197
760
142
278
541
132
914
837
584
70
526
364
87
544
36
581
65
873
447
795
422
799
37
153
445
231
845
321
905
854
697
102
966
191
733
507
323
647
697
259
70
223
623
157
119
659
90
536
885
889
684
659
689
721
812
486
952
657
159
857
863
856
312
829
47
45
689
723
44
386
982
114
961
606
623
81
617
713
617
502
603
653
162
644
375
974
482
327
984
641
537
199
849
849
29
248
894
718
971
290
456
954
757
417
912
380
498
529
446
468
32
401
473
546
397
848
872
879
528
856
872
65
56
721
266
437
969
512
507
293
802
963
247
559
380
159
292
231
40
738
51
424
491
524
970
888
725
843
767
253
51
991
670
459
64
936
896
385
800
403
678
602
718
925
514
451
436
806
34
829
896
437
253
387
313
576
275
38
771
394
643
822
385
313
282
449
601
530
834
401
286
513
356
4
790
870
455
579
676
841
408
572
278
13
959
592
589
586
630
712
980
626
535
365
939
169
166
893
51
352
646
337
217
354
342
8
224
149
939
252
991
699
176
269
712
487
213
654
73
844
366
405
470
253
122
761
774
288
6
826
993
5
163
210
359
857
570
936
7
509
540
350
208
717
971
273
556
185
279
982
381
645
387
203
251
510
316
377
150
675
203
143
680
719
706
391
576
276
327
935
138
868
637
698
937
609
971
493
146
250
475
527
248
215
82
851
725
398
228
227
73
784
723
105
503
429
497
431
57
824
719
195
44
356
894
333
317
217
827
463
820
654
342
420
869
424
271
946
175
851
174
600
635
897
706
490
678
203
922
735
379
993
931
776
701
177
109
19
746
936
834
918
591
177
338
812
953
961
759
128
813
933
729
800
182
787
291
860
990
565
595
369
910
878
145
611
55
607
630
154
543
817
72
486
346
411
299
299
724
410
780
537
343
861
690
525
648
333
737
638
898
332
359
160
211
857
771
618
464
754
772
359
571
197
198
917
608
849
568
332
259
348
222
954
209
264
831
209
597
568
199
847
900
911
7
463
768
778
434
584
884
558
295
455
755
493
724
715
342
293
400
953
993
974
907
555
238
738
764
835
306
964
34
559
875
41
374
995
171
160
931
56
719
578
863
826
72
588
894
766
233
646
720
226
620
627
133
210
718
898
397
376
214
431
935
441
824
662
788
995
822
719
403
893
297
267
72
721
207
966
840
440
964
560
18
584
539
152
146
609
402
543
986
616
326
921
57
150
935
197
145
110
916
549
3
565
168
75
639
375
393
479
167
709
39
185
293
930
689
791
540
443
686
526
59
12
799
468
162
87
665
660
197
933
561
200
851
729
628
490
456
373
969
623
83
360
160
728
642
202
520
534
645
558
60
57
571
212
525
85
299
543
97
496
476
658
48
679
739
28
169
195
402
490
170
837
202
331
565
845
885
437
379
530
996
792
587
919
356
465
356
7
8
454
855
836
464
903
516
204
284
37
751
38
880
922
875
82
605
792
279
490
582
11
372
930
155
960
849
511
777
205
518
785
11
373
973
476
628
841
680
912
231
431
302
111
705
177
193
310
970
825
152
552
836
877
482
991
837
683
854
966
240
724
751
252
97
76
728
77
918
760
342
149
543
644
612
249
174
157
911
144
982
416
48
170
293
882
513
130
917
367
448
157
91
199
761
540
627
489
970
897
249
312
398
793
308
10
394
482
168
305
978
502
721
378
673
14
260
538
496
529
906
944
687
349
495
448
890
475
290
860
372
891
524
771
684
832
133
430
667
301
736
645
156
809
24
181
176
636
719
672
166
625
969
205
975
816
653
217
291
295
429
16
187
953
787
871
137
272
302
156
926
390
802
82
199
178
263
727
166
982
400
332
960
721
537
287
537
543
504
181
838
285
197
25
590
336
249
79
608
903
236
886
645
390
968
196
568
583
924
734
566
676
419
878
397
308
165
286
851
21
819
42
306
16
419
896
704
20
975
665
275
211
551
920
601
520
469
521
455
393
608
21
421
27
899
818
335
416
456
539
437
276
933
743
644
352
991
349
725
319
366
0
530
917
273
484
789
742
357
245
487
965
618
908
992
870
78
680
286
534
219
724
162
504
819
807
856
811
508
581
482
874
934
12
143
207
848
285
301
206
530
140
523
500
48
868
370
478
548
657
364
119
733
527
623
904
686
831
67
546
765
549
772
699
914
267
258
762
552
911
320
82
51
844
583
451
712
305
929
612
314
645
731
47
172
706
304
210
537
371
108
654
921
880
705
187
148
963
949
700
226
622
135
629
818
70
80
882
727
361
494
42
359
577
441
531
283
745
94
172
469
202
827
390
435
532
929
935
848
878
635
74
852
122
56
670
544
488
552
272
202
398
314
561
975
755
444
610
853
538
783
322
93
962
64
528
494
993
463
694
223
450
121
76
925
177
98
469
665
3
741
867
401
55
428
377
163
873
339
16
763
122
338
856
84
402
736
931
395
551
625
618
354
746
46
279
275
145
748
293
148
490
160
549
897
941
278
412
166
618
428
929
92
118
138
529
520
226
460
267
130
437
238
484
536
284
763
811
429
863
104
929
353
617
831
603
910
461
15
428
79
796
357
524
914
847
53
787
426
513
54
556
302
644
40
838
929
155
650
710
18
106
640
724
75
823
679
337
284
694
765
716
842
475
240
757
674
293
896
100
158
302
8
460
947
400
299
228
555
301
938
926
759
930
650
187
753
681
524
38
375
290
106
570
765
346
679
439
991
575
892
149
877
900
961
176
301
612
404
856
913
695
134
25
625
784
212
731
465
736
121
193
378
227
115
143
573
794
935
564
369
827
65
598
727
378
775
28
991
531
237
256
226
723
633
852
508
845
935
325
934
56
870
312
283
337
808
856
131
743
772
500
570
189
451
649
567
578
30
910
109
619
167
336
342
800
540
202
998
475
880
932
531
102
596
814
440
404
22
571
147
794
424
69
335
875
719
902
453
101
813
914
720
332
250
62
132
142
265
482
617
145
414
148
599
11
314
39
415
336
611
915
482
387
336
817
262
55
72
67
508
237
333
228
569
584
643
53
726
260
536
696
757
302
196
356
313
863
396
81
199
7
348
34
394
684
203
8
92
627
427
600
864
760
181
785
696
824
191
775
84
727
471
841
381
19
197
47
882
593
128
434
952
828
468
698
512
23
58
604
3
837
205
219
950
386
5
646
562
196
773
646
275
244
839
656
616
36
703
498
982
183
932
286
11
752
337
524
128
395
480
131
585
37
350
535
423
707
533
337
255
307
983
530
903
822
539
519
211
242
18
545
778
950
831
789
55
168
665
183
916
146
314
853
183
16
388
959
724
273
296
331
580
632
862
484
806
401
355
369
995
373
914
125
676
746
915
731
266
932
266
534
430
580
387
614
948
127
925
24
401
573
356
333
557
570
169
364
323
525
85
318
898
0
444
926
98
711
657
364
643
923
251
74
855
990
40
156
470
317
532
871
890
888
556
800
458
726
516
781
603
601
452
501
601
248
780
699
311
789
416
306
65
19
732
272
9
772
428
479
441
961
702
684
201
611
484
12
689
0
145
292
953
597
145
555
197
925
606
508
715
374
815
780
745
547
52
755
672
833
586
113
146
641
797
347
252
633
359
293
633
505
585
587
454
730
494
652
656
452
512
371
179
327
503
924
227
907
31
899
740
970
364
886
963
162
586
567
795
297
860
781
802
445
720
609
175
566
261
831
370
773
554
549
453
409
826
680
317
857
931
409
179
295
648
142
457
234
709
605
531
921
738
686
366
458
295
542
376
908
725
746
33
632
296
838
41
474
518
710
683
449
120
863
745
120
357
554
354
419
159
237
340
249
275
707
707
922
601
435
830
678
182
216
310
830
54
704
304
925
766
987
374
886
202
471
358
912
26
712
331
537
302
671
787
929
730
846
852
331
634
34
362
816
250
24
646
657
728
302
582
495
641
308
733
196
780
92
108
158
156
439
47
810
110
186
740
193
385
592
876
19
626
238
835
229
263
833
886
343
487
820
838
128
128
924
324
260
16
432
418
524
223
818
335
686
4
75
879
389
667
755
760
645
346
595
874
961
780
112
304
267
932
495
748
61
419
424
673
787
857
444
311
80
262
646
766
618
721
997
360
740
753
120
386
451
68
260
412
848
373
716
468
657
211
216
70
982
640
744
769
849
188
433
282
450
79
400
68
153
398
780
245
503
901
631
954
969
244
718
169
969
434
989
978
998
557
49
332
198
793
102
399
981
535
33
783
966
434
203
471
832
984
717
687
885
700
993
206
944
711
727
265
497
717
244
847
274
293
180
824
438
282
224
771
169
257
554
135
43
109
607
875
445
676
914
682
376
907
888
673
618
616
938
116
333
534
963
959
179
143
784
617
777
8
388
946
617
294
434
661
756
393
888
201
69
155
884
445
62
124
118
33
740
409
149
425
295
464
385
475
960
521
444
89
881
185
388
498
831
822
511
587
215
752
789
284
907
25
81
321
149
552
354
242
961
855
19
608
320
756
435
632
277
880
73
158
417
461
9
248
283
872
188
850
976
977
486
883
354
568
205
503
120
559
745
433
415
117
393
87
873
829
71
151
61
144
661
478
958
22
78
593
895
266
444
871
595
930
107
949
850
312
805
970
223
902
755
990
19
149
429
893
330
852
396
391
349
409
221
307
432
299
900
327
918
696
550
513
979
657
815
829
321
620
152
897
874
259
887
894
408
669
139
90
521
887
481
222
296
702
529
80
354
782
759
272
830
310
137
809
319
952
991
641
924
143
538
799
402
777
45
163
798
536
605
320
423
87
542
71
141
424
152
495
558
911
119
388
573
609
198
893
561
189
886
838
684
776
989
438
905
386
953
704
922
559
376
345
998
918
768
139
694
920
987
252
184
458
993
109
67
191
354
981
732
240
819
768
16
160
206
274
546
512
978
468
423
354
165
421
624
933
560
319
206
899
923
390
358
916
851
425
459
206
758
543
798
577
311
167
89
870
441
987
734
419
455
157
773
972
578
397
906
490
68
112
390
344
854
100
260
57
877
72
263
636
615
62
565
279
581
655
501
22
994
587
441
450
744
566
774
674
315
680
164
384
144
906
728
350
358
340
408
236
412
23
872
380
437
789
11
18
796
512
40
791
451
833
593
195
399
367
869
715
400
385
451
544
292
531
247
650
871
655
238
636
30
462
16
468
252
27
486
48
891
879
191
342
712
784
889
464
504
110
179
904
495
982
800
139
513
47
142
736
54
380
372
85
843
388
553
447
767
391
847
10
270
39
704
983
175
593
447
679
55
978
935
551
312
736
42
825
135
184
561
190
917
934
627
112
674
532
559
794
923
758
804
194
797
509
529
325
454
976
356
510
306
292
413
618
28
455
795
163
640
708
705
557
994
332
669
669
216
580
463
140
338
619
334
488
128
863
813
935
191
169
445
497
813
858
467
841
313
262
357
305
970
414
214
965
99
235
986
315
815
449
455
506
420
141
994
549
4
159
484
547
680
281
396
494
139
863
687
804
125
44
110
448
811
324
413
910
560
751
225
727
552
33
233
972
174
579
521
531
90
357
430
771
638
827
265
129
690
952
934
168
349
44
616
160
720
381
422
632
132
999
712
684
32
945
8
559
877
882
442
967
239
872
738
230
699
355
359
390
660
645
910
9
41
526
521
114
259
295
746
743
294
458
779
327
756
787
238
985
669
680
952
261
552
43
491
604
750
202
994
410
200
256
771
241
782
644
355
393
939
454
136
234
912
915
913
20
54
503
5
724
183
310
985
87
353
828
691
103
382
37
866
582
293
989
176
427
634
531
820
573
337
308
159
250
575
424
622
630
927
628
706
462
938
43
550
643
871
593
98
253
631
316
188
276
306
364
704
940
247
876
865
585
185
25
187
112
801
809
742
81
789
800
543
79
843
445
74
714
39
173
320
670
489
860
298
795
224
2
87
471
231
953
408
768
330
595
880
483
757
975
564
546
775
108
626
619
553
52
685
944
225
357
966
67
217
265
214
793
619
654
617
850
607
25
618
289
973
851
772
730
826
689
276
953
797
254
572
702
307
610
999
884
319
965
303
889
230
518
682
850
172
651
52
131
677
671
772
2
522
896
732
700
585
360
653
734
967
578
789
626
540
788
510
859
753
166
748
336
36
783
538
208
434
590
691
463
613
815
465
487
711
197
187
297
910
841
31
877
771
820
503
311
960
365
170
66
531
271
402
567
54
292
127
488
882
170
952
848
985
769
335
697
319
523
346
229
716
729
458
487
902
961
150
862
678
320
928
210
943
682
129
997
974
257
486
857
779
790
705
765
559
392
814
878
915
160
459
983
889
917
822
791
230
972
654
909
645
934
119
588
617
600
586
591
857
424
800
637
566
857
754
477
250
568
708
165
728
167
501
969
437
323
761
667
648
767
576
293
53
47
233
670
648
171
262
857
947
414
846
513
272
952
343
522
520
51
39
600
218
540
570
7
216
683
675
864
802
251
509
855
651
94
878
651
266
492
508
213
906
707
79
178
659
422
700
532
473
740
132
43
632
54
51
848
89
78
64
243
681
925
99
332
20
329
983
286
821
844
851
727
903
930
906
914
352
606
446
177
698
931
221
331
337
624
179
427
702
596
670
383
521
121
68
541
450
403
179
623
247
31
351
502
961
257
417
666
215
863
843
914
794
416
245
132
392
776
911
446
372
933
182
894
407
250
435
209
653
615
833
253
998
184
755
959
793
524
977
8
388
173
922
534
941
519
18
334
296
281
132
668
215
314
562
974
564
350
183
570
317
368
823
315
904
930
626
697
455
604
58
843
129
980
729
70
500
748
756
796
29
241
816
596
555
731
922
120
81
106
42
750
826
865
65
731
147
43
780
602
999
838
797
128
171
527
551
671
627
659
819
8
900
635
957
456
366
879
928
799
337
970
549
164
187
966
247
334
10
27
289
9
218
86
138
389
965
41
60
944
700
231
953
601
218
262
409
585
141
689
736
479
11
286
995
198
252
594
884
262
621
173
624
191
260
762
580
577
803
992
522
855
223
827
808
794
89
217
379
230
906
467
61
269
753
408
467
358
2
352
972
976
877
596
167
489
710
100
67
865
92
589
721
668
416
529
462
857
99
193
87
357
660
501
627
766
261
446
476
264
150
800
592
28
397
759
517
459
211
584
325
304
525
398
324
293
279
138
150
378
331
590
736
343
91
715
461
704
161
937
968
312
738
560
692
487
672
209
298
883
146
623
539
23
373
863
317
653
1
467
31
684
409
119
28
852
186
841
557
348
131
525
12
221
438
704
60
462
265
358
345
411
334
885
435
707
100
104
712
102
923
744
138
333
215
518
537
402
360
94
102
491
972
114
712
410
170
772
872
435
130
569
199
816
806
986
524
907
90
236
361
365
332
499
698
900
18
236
654
378
682
756
221
654
222
285
416
392
57
640
827
539
562
26
708
368
12
232
627
454
820
988
820
505
488
518
757
858
106
411
588
141
519
809
795
741
94
564
133
503
204
312
394
118
339
102
487
351
686
114
158
859
103
978
364
943
496
121
153
955
884
741
96
403
902
243
144
348
807
277
203
364
589
597
482
280
52
321
984
738
436
142
597
891
120
313
186
968
786
691
275
670
432
371
73
686
967
217
34
126
846
237
842
788
186
325
68
238
998
404
329
786
546
926
29
18
592
567
987
378
258
262
49
42
986
122
728
953
692
114
431
890
703
274
678
242
951
99
480
949
503
809
88
402
88
117
420
680
685
407
58
943
22
459
338
8
934
66
313
626
533
744
516
588
370
547
830
321
646
311
271
501
472
359
903
560
828
676
592
513
435
3
809
457
462
147
817
396
565
482
374
450
579
891
39
949
790
869
271
436
532
894
289
357
605
193
269
433
869
862
947
656
217
108
114
679
607
283
428
172
766
802
975
345
45
14
294
835
235
565
623
120
459
913
477
64
458
746
850
679
608
797
335
177
257
449
857
864
733
285
388
851
439
363
196
485
729
490
672
317
408
296
437
219
209
914
636
667
660
486
346
621
635
681
798
892
483
7
108
568
644
496
419
84
212
615
921
293
457
945
610
865
241
47
437
802
961
73
469
974
559
167
947
194
201
97
438
684
105
546
604
101
394
23
537
958
990
810
252
447
756
862
665
997
262
102
800
223
527
621
549
86
789
848
632
342
946
422
26
403
320
982
504
714
5
394
25
995
204
277
794
960
139
459
310
401
913
110
977
440
83
878
878
872
727
510
566
25
932
592
780
604
926
284
319
931
678
344
278
235
973
73
195
464
884
505
218
798
967
547
238
51
425
117
275
504
979
842
881
264
786
661
868
713
946
539
644
976
235
923
211
208
348
759
673
232
264
243
382
584
790
621
635
215
90
910
72
421
752
953
685
539
615
906
252
913
445
248
241
681
523
805
241
871
916
266
456
532
509
838
116
651
811
751
867
253
14
291
675
118
596
360
657
563
266
261
828
64
862
70
97
737
227
338
961
143
957
417
675
818
607
144
470
419
247
689
672
261
980
699
380
576
60
389
492
678
3
320
94
865
390
191
602
969
882
563
464
839
332
492
657
940
636
127
711
883
816
735
497
148
435
877
77
847
266
569
525
621
889
972
838
632
163
441
601
45
356
66
884
41
910
894
333
546
21
44
781
190
131
278
338
566
507
415
413
126
984
291
747
226
263
586
858
426
379
459
824
87
877
60
128
139
954
461
685
328
857
819
518
341
449
208
907
957
624
673
83
960
964
830
186
579
416
44
357
795
856
181
883
85
242
363
225
548
177
262
876
386
433
746
727
883
955
987
840
931
660
923
243
976
105
782
555
522
178
264
669
34
446
904
472
40
620
49
588
149
663
817
535
449
563
615
332
870
602
524
801
262
447
397
238
904
179
145
426
357
409
448
744
207
704
216
599
324
617
540
473
632
357
361
81
272
976
413
143
578
937
296
192
736
693
782
641
872
927
419
582
688
219
326
896
924
894
847
600
511
387
426
495
96
139
577
369
115
342
864
45
280
160
237
368
206
19
361
430
298
781
12
986
0
338
234
276
232
82
229
95
821
7
591
918
146
168
287
613
510
503
658
142
15
247
863
221
618
224
652
916
5
16
254
358
355
489
986
939
923
215
35
744
574
626
14
720
146
653
333
8
156
343
503
172
942
366
745
560
590
749
476
948
766
731
306
121
572
292
60
847
860
447
591
434
425
958
507
571
611
192
932
768
536
435
292
478
801
37
39
743
787
867
691
905
950
997
26
522
642
438
369
854
886
313
288
663
271
795
587
882
340
519
2
876
306
646
706
459
36
97
202
175
317
894
80
267
243
106
790
885
896
511
739
134
824
380
798
447
527
385
682
867
256
36
95
562
683
154
21
71
251
223
246
568
117
326
188
713
784
330
950
680
841
690
167
18
422
965
817
301
702
499
169
958
888
264
520
923
418
541
994
22
116
240
942
586
566
130
299
702
460
249
734
654
291
901
24
713
218
841
15
920
341
536
878
581
152
750
504
571
291
498
945
408
90
887
994
8
370
645
710
182
894
444
836
186
698
860
251
916
54
618
189
747
506
67
328
659
170
832
582
813
330
527
221
420
766
567
780
488
564
490
671
459
286
859
997
984
72
600
253
126
219
442
873
725
861
201
736
31
33
318
845
715
197
418
487
964
338
267
804
902
109
475
713
395
687
710
732
759
311
985
885
882
427
110
959
640
311
696
672
696
366
869
763
564
287
602
880
977
221
684
880
682
512
593
77
199
656
809
958
319
146
195
201
573
657
512
214
968
208
238
16
575
107
131
491
746
85
371
724
306
55
956
988
567
549
417
766
557
579
76
876
725
623
429
651
280
942
217
600
502
807
968
429
914
99
920
12
536
291
736
194
699
692
534
266
594
952
385
503
883
813
380
608
437
809
611
69
751
180
22
254
987
990
683
253
442
604
266
978
247
354
173
946
399
707
565
993
11
302
496
894
467
228
855
256
38
466
326
141
999
348
395
986
690
431
592
132
387
858
111
986
212
636
285
611
343
202
956
355
504
805
601
971
33
456
580
423
275
906
565
274
606
312
612
296
95
204
781
482
414
892
821
627
528
106
590
223
308
899
930
164
56
532
487
441
988
67
865
615
325
782
889
931
446
854
580
542
58
361
376
473
605
197
452
485
655
394
708
963
645
991
127
701
523
615
143
863
682
360
479
360
142
720
643
940
574
223
482
985
936
211
810
893
760
262
378
416
8
439
731
654
430
859
355
953
826
850
816
860
210
647
220
704
368
864
645
294
439
479
279
376
42
89
269
803
703
0
571
712
439
302
718
869
513
73
174
339
276
342
552
486
990
772
191
710
636
188
4
76
667
636
804
710
725
73
865
781
73
788
493
864
442
211
733
956
636
259
647
912
602
199
751
944
972
942
654
960
482
658
36
149
294
840
211
372
266
428
153
691
216
998
556
659
561
641
967
549
253
614
462
855
166
565
799
138
859
805
450
341
815
839
842
462
679
54
834
297
834
339
341
403
689
249
414
250
890
381
151
495
347
965
350
513
530
501
3
389
658
454
730
474
293
573
936
324
979
122
974
165
461
315
568
502
564
982
104
806
363
255
302
63
221
4
576
751
506
580
493
164
386
223
990
31
148
926
355
479
400
329
645
861
996
565
715
560
548
819
367
263
75
669
326
648
25
255
751
531
187
244
48
573
820
390
604
320
317
311
152
69
993
797
283
989
362
998
550
262
818
269
878
245
290
204
245
315
811
348
199
998
945
599
571
117
989
527
437
658
839
589
728
832
738
11
173
453
361
75
715
179
344
945
776
986
150
373
302
961
722
853
312
667
452
883
784
793
763
573
804
602
515
884
786
253
895
311
58
256
387
126
788
83
71
916
70
573
642
724
887
364
929
199
383
733
434
167
526
197
92
330
151
607
214
289
213
461
601
271
70
988
397
210
71
469
478
493
42
120
569
929
836
498
128
219
231
915
738
758
112
831
440
264
438
7
553
651
820
154
275
242
494
672
804
918
141
283
763
536
755
333
817
592
831
298
811
63
213
902
173
325
733
965
941
523
324
495
527
497
1
802
739
496
474
544
766
968
827
529
504
934
862
673
526
694
971
690
109
184
592
634
862
325
951
803
848
276
298
375
773
652
177
512
148
4
408
914
972
587
795
828
522
658
501
48
704
825
738
165
9
682
799
223
7
750
27
208
378
677
935
151
329
465
16
829
469
424
95
793
12
891
973
534
901
474
934
605
299
25
122
661
707
921
884
67
23
263
627
402
941
914
905
622
379
921
452
200
698
899
345
710
790
318
596
691
145
882
648
796
259
770
809
319
43
694
386
419
309
365
173
250
279
78
225
11
352
677
211
50
576
909
112
719
227
60
762
724
942
411
521
554
533
330
873
577
376
611
348
686
976
521
288
607
599
865
618
951
542
182
353
471
91
465
542
670
525
304
395
820
67
268
374
601
598
247
530
327
858
878
365
186
751
5
793
350
871
412
654
765
946
7
236
37
825
130
707
350
435
454
170
502
722
896
455
673
143
337
0
353
215
365
539
318
722
685
669
593
449
675
359
395
34
947
432
859
78
491
562
513
298
84
367
20
981
175
693
124
512
45
830
80
762
369
398
485
406
419
78
855
94
789
250
481
737
34
340
167
878
902
32
176
339
399
196
320
926
242
796
439
287
626
871
402
348
269
887
754
689
317
610
135
459
212
616
548
247
309
715
125
563
747
653
902
498
849
222
425
443
371
216
83
997
87
485
697
708
724
452
749
393
414
885
852
626
853
752
873
162
467
350
78
214
3
980
65
205
555
842
648
926
58
83
923
497
920
621
205
644
425
955
390
839
840
594
817
45
347
43
560
814
393
638
381
749
618
446
954
173
640
954
451
698
390
375
195
310
348
400
307
125
707
697
964
899
291
133
945
990
176
505
805
570
495
538
671
113
336
977
639
976
931
90
26
673
817
221
984
517
973
291
642
681
988
958
580
631
92
877
974
268
382
779
190
229
669
861
695
357
838
334
333
122
776
359
795
946
932
131
463
257
422
458
938
762
416
871
746
860
748
720
481
483
851
671
64
872
885
759
229
723
93
914
197
222
625
345
168
557
476
983
166
899
793
457
13
562
328
111
422
428
831
903
263
34
927
328
906
812
87
135
535
533
49
733
107
674
430
275
583
906
610
750
157
404
207
171
966
887
282
740
667
466
644
283
500
571
611
759
383
50
894
270
583
296
355
690
322
785
317
906
692
280
8
201
36
567
724
2
806
359
94
473
825
738
756
677
661
719
436
396
770
683
19
705
979
726
396
301
512
65
559
556
697
567
757
733
486
482
87
292
841
182
766
18
920
874
47
934
594
484
682
716
167
701
421
146
428
169
799
292
587
359
200
284
278
309
18
765
143
105
57
336
287
175
706
560
402
754
846
348
238
528
64
757
582
485
255
362
7
54
6
594
765
206
230
44
867
248
809
11
706
866
699
345
394
406
257
796
160
103
144
398
984
560
507
918
397
762
632
404
816
638
350
582
196
581
626
63
181
787
426
887
5
126
585
399
532
842
547
44
946
43
794
282
603
301
200
1
63
832
405
231
822
108
813
18
689
791
433
222
930
212
110
936
338
695
687
222
537
235
266
835
278
412
117
882
713
317
235
776
501
640
7
323
100
173
693
789
316
127
12
247
339
474
535
29
521
222
603
410
809
221
246
88
633
715
322
346
385
557
474
886
549
481
562
650
6
255
791
675
734
155
274
425
629
809
454
502
31
57
913
193
630
511
281
263
226
955
609
611
512
83
850
413
917
764
63
275
19
207
950
106
362
224
531
344
385
986
846
769
395
759
962
378
622
243
641
849
550
603
812
62
38
14
827
307
778
891
583
150
98
533
256
460
110
787
804
495
125
3
264
873
114
226
251
737
821
892
938
371
847
750
785
886
117
613
193
895
856
776
45
306
662
301
118
124
89
923
971
566
278
588
439
392
166
690
129
988
935
67
711
782
170
849
20
287
814
566
534
22
694
580
328
356
233
446
832
674
721
804
241
999
744
680
392
910
723
873
250
658
941
314
792
463
163
165
750
329
731
284
351
425
216
679
134
450
125
966
124
199
122
365
198
866
398
942
129
121
816
379
131
757
693
923
220
208
440
322
537
171
606
888
597
175
919
731
625
397
49
749
596
524
467
794
742
865
89
871
986
905
603
117
14
296
392
234
857
833
908
394
356
866
635
953
41
906
36
666
303
86
416
899
962
883
46
704
100
135
928
86
392
531
555
406
179
947
992
36
132
900
783
489
766
770
794
808
676
831
826
332
269
594
583
583
829
629
287
929
116
567
15
860
450
570
266
630
870
258
18
354
510
801
195
277
923
990
437
600
173
263
932
442
858
515
377
687
497
664
617
965
584
984
826
34
907
444
664
129
703
35
483
565
836
679
842
112
21
279
64
194
895
996
988
753
863
365
792
712
381
409
30
965
746
208
0
653
652
16
782
707
51
265
273
240
296
467
704
317
99
768
863
994
116
851
99
331
568
891
44
950
653
426
267
399
986
619
52
990
636
186
50
39
451
323
631
100
142
687
769
241
455
633
587
571
484
686
903
53
930
299
355
583
77
622
982
63
242
386
53
230
572
103
621
375
778
605
475
921
292
245
514
748
230
454
671
714
492
574
119
422
225
826
357
302
449
691
365
43
77
771
625
1
874
598
729
5
555
204
278
848
801
792
948
383
598
971
450
91
898
569
865
123
748
223
778
549
914
495
944
344
266
569
345
493
519
426
498
75
983
776
275
784
920
575
520
519
546
970
962
444
539
827
920
639
50
698
188
317
193
132
13
460
53
710
953
573
137
451
648
120
579
275
256
499
850
776
18
396
746
980
841
638
160
761
277
562
811
466
879
4
950
892
816
4
603
121
577
740
572
577
860
151
852
468
651
702
245
21
450
991
354
643
629
514
756
907
76
567
725
308
924
675
200
740
31
155
862
960
247
786
537
459
290
741
928
293
795
173
314
246
516
20
241
146
534
998
405
611
565
130
271
489
157
823
582
189
979
444
149
578
582
39
390
872
132
670
165
280
843
832
526
359
852
119
857
739
117
262
702
35
744
973
876
902
796
458
443
127
254
944
706
189
983
448
61
468
118
579
748
313
763
626
672
967
745
882
706
863
144
408
250
889
733
126
143
530
937
586
657
543
882
715
732
866
163
146
686
633
77
434
946
840
60
971
159
157
853
866
372
997
626
622
238
360
101
733
242
38
671
251
933
554
319
18
772
834
164
458
468
241
892
414
433
304
385
592
461
590
810
834
588
437
808
178
149
909
264
743
299
935
994
233
489
313
251
261
148
767
719
968
360
963
382
793
619
120
737
81
710
548
267
650
337
75
181
838
337
445
581
988
380
927
221
870
593
824
483
741
943
555
61
303
518
443
448
138
915
186
571
626
734
838
628
423
265
809
261
954
254
194
943
987
121
516
209
714
693
692
807
636
247
868
940
118
664
388
608
579
926
179
557
660
369
186
435
986
995
696
941
602
890
236
589
364
752
798
430
445
490
238
82
90
458
374
560
122
114
168
54
41
699
611
53
420
149
489
758
145
537
699
747
780
287
688
496
40
486
926
837
328
516
271
418
975
645
978
449
112
498
855
505
197
467
910
969
968
751
728
113
289
779
212
421
67
900
917
459
738
195
296
67
712
568
837
39
565
816
840
677
666
696
534
216
515
445
185
483
196
913
949
837
45
161
610
112
414
879
571
152
75
867
219
139
435
57
178
1
225
18
30
243
714
565
459
581
362
997
65
910
262
14
748
307
527
710
419
293
590
342
446
17
562
17
156
997
426
686
350
3
56
733
247
123
650
58
704
12
55
769
922
318
135
22
977
663
733
397
956
675
91
754
692
653
772
200
3
550
886
705
554
942
438
153
65
440
211
770
452
267
891
727
937
27
749
914
42
834
663
350
861
755
105
553
760
229
753
763
131
991
821
685
286
611
838
351
52
50
473
504
669
717
583
958
744
685
872
138
871
888
840
733
995
297
286
755
526
392
871
10
735
692
695
21
303
886
373
355
288
198
212
957
915
147
267
11
832
139
501
704
379
342
437
374
639
75
482
518
819
705
528
555
749
575
576
52
461
301
760
749
852
324
58
767
823
677
779
656
169
280
712
548
974
501
275
614
928
757
132
748
462
12
655
563
587
583
615
401
237
727
502
89
403
561
856
227
238
987
235
407
620
299
308
594
800
583
560
728
692
44
828
506
56
835
69
996
771
36
397
8
764
899
97
519
812
305
98
403
293
333
162
265
632
470
211
784
405
772
865
97
168
45
603
225
881
24
573
652
61
970
12
177
869
109
696
34
414
795
437
59
480
599
676
465
422
888
249
827
12
466
277
180
512
232
757
745
257
330
749
318
652
761
495
874
870
543
908
636
690
697
48
523
296
724
988
70
964
589
250
976
56
527
509
920
759
618
665
16
301
414
686
953
175
181
827
397
77
87
33
767
784
433
290
433
158
630
503
474
220
105
803
628
632
312
548
744
282
565
112
583
979
799
889
506
332
68
903
409
156
288
529
940
722
171
725
232
802
581
706
374
686
509
354
319
173
902
415
456
819
527
391
150
678
280
656
11
349
911
772
857
551
653
149
625
825
875
209
979
456
916
705
142
777
59
813
951
313
580
759
132
108
150
282
138
783
290
149
484
553
274
341
104
927
490
82
752
365
291
83
173
207
788
668
337
847
481
640
160
414
751
644
522
253
926
660
36
568
162
520
121
436
861
226
715
704
308
820
69
599
903
595
159
44
263
848
891
96
488
404
510
239
48
384
492
327
397
881
895
559
401
17
347
615
595
62
319
903
234
740
854
138
687
365
182
950
213
425
47
53
829
909
292
230
294
137
909
691
18
804
602
771
173
301
738
768
715
409
23
950
150
230
440
189
595
622
140
161
399
539
214
581
800
859
163
94
348
72
137
366
228
91
489
402
392
228
522
108
637
546
410
139
776
850
329
723
824
821
236
575
712
451
156
512
662
319
959
10
391
448
728
972
540
217
374
284
797
896
392
787
794
154
926
570
356
607
646
180
780
882
108
844
685
264
357
347
936
668
357
679
116
437
651
656
655
25
941
804
274
685
591
68
192
870
991
548
829
637
81
610
871
189
806
557
805
515
904
741
183
614
421
300
403
72
308
58
450
601
215
724
639
806
792
831
28
135
731
858
772
812
820
644
353
626
553
159
142
809
900
677
775
673
977
179
746
638
589
548
591
804
624
230
963
768
61
991
904
145
849
676
957
21
672
311
0
577
470
142
387
722
819
162
396
149
341
494
139
931
394
730
735
18
961
698
786
374
42
690
519
891
719
829
265
743
492
265
321
962
759
708
36
930
222
784
79
564
278
570
847
672
653
934
42
966
985
829
340
27
519
212
270
238
393
535
982
885
152
655
199
911
715
235
842
937
372
273
853
650
844
700
675
497
987
717
463
972
898
155
351
418
719
621
8
464
509
342
349
661
997
548
573
712
136
415
2
508
688
855
510
884
908
537
733
895
607
548
219
505
56
570
923
775
191
284
592
700
626
941
714
624
842
287
688
330
54
690
190
94
546
52
979
454
590
64
701
549
613
920
54
669
490
330
796
33
614
388
86
592
682
800
216
876
439
905
206
493
947
396
587
493
448
918
299
390
983
352
939
948
272
346
969
114
676
117
148
642
506
586
234
540
386
803
416
825
60
622
670
7
370
609
853
170
528
152
913
863
857
852
163
129
550
132
596
578
249
96
220
107
682
807
647
420
610
415
597
22
389
267
29
759
228
882
282
756
387
195
971
244
399
134
725
302
618
673
880
868
769
101
975
803
260
975
575
870
390
172
892
132
791
273
243
20
508
525
128
895
72
100
491
824
586
568
126
205
242
6
425
363
459
752
519
71
79
94
941
822
267
185
954
410
811
197
430
319
723
559
566
147
11
409
323
949
977
449
506
571
808
931
287
619
36
806
691
115
900
984
937
519
522
891
930
685
89
360
4
164
271
922
663
282
331
987
584
660
788
90
584
948
22
871
920
58
677
611
525
929
947
463
449
469
706
731
506
147
443
510
663
715
784
679
349
115
666
933
128
806
24
712
755
398
583
675
808
612
638
333
541
585
148
342
407
207
73
913
354
517
776
370
584
560
49
285
28
67
219
156
873
595
868
980
345
451
655
153
63
645
838
956
583
987
299
342
546
724
255
252
241
383
622
177
944
671
463
324
738
34
480
964
981
348
944
326
151
952
479
566
597
317
522
532
656
821
874
554
898
130
807
491
865
429
669
809
453
484
133
543
518
965
507
499
665
452
825
816
404
656
382
353
325
257
886
334
78
112
888
328
594
695
820
460
125
489
621
930
973
107
473
843
72
981
342
738
785
519
554
541
175
289
894
852
546
132
186
976
597
75
305
191
122
125
651
599
966
273
529
939
380
3
134
804
984
476
542
769
347
449
310
522
90
556
374
988
41
913
964
638
988
621
829
110
98
833
62
64
106
591
355
838
594
489
642
930
317
537
51
664
338
713
538
428
270
265
416
663
178
732
653
518
354
834
980
452
667
42
517
773
634
224
963
580
714
606
511
383
495
914
48
833
628
938
261
250
203
677
913
733
409
918
251
115
752
232
568
420
626
437
545
260
13
509
193
727
115
704
463
610
970
511
443
598
449
56
848
5
85
113
738
846
383
990
962
136
574
882
556
200
671
101
813
684
610
358
764
77
414
227
39
384
90
834
983
539
242
183
896
327
649
635
174
32
977
488
168
551
370
76
103
41
178
268
77
140
626
841
570
40
68
961
425
158
796
760
50
38
943
946
718
944
581
892
977
558
380
145
461
102
574
917
495
104
185
572
244
164
414
166
204
482
128
981
993
276
93
43
314
37
341
32
333
923
276
310
833
8
808
647
110
382
564
605
486
101
178
82
265
944
249
822
426
729
155
771
5
249
814
671
638
156
704
971
431
332
634
616
341
442
263
803
176
179
761
662
281
939
96
898
883
697
72
661
426
228
433
783
829
599
455
819
107
511
790
890
843
776
507
536
218
770
340
746
302
101
408
583
392
857
833
627
906
906
640
333
486
425
468
667
377
923
486
484
786
628
375
982
405
882
518
975
4
210
722
306
663
482
241
407
339
427
386
246
333
27
931
171
804
751
838
181
675
676
666
813
304
393
795
61
275
666
37
631
228
111
290
244
593
531
651
285
310
38
883
643
417
166
166
221
917
356
403
944
32
421
110
689
814
905
750
441
923
139
72
152
250
362
396
196
246
399
833
556
789
68
552
558
234
718
780
503
427
535
448
459
956
558
148
770
815
899
211
739
390
635
243
993
350
991
189
948
390
374
504
180
442
408
90
676
479
870
531
906
757
331
365
713
241
866
835
57
117
398
148
507
386
391
852
736
382
41
684
124
767
540
656
209
949
747
237
780
969
769
38
727
100
403
792
342
621
980
399
738
378
899
598
764
290
450
852
24
844
536
148
611
429
805
821
378
552
58
510
521
179
548
600
280
303
393
622
925
373
373
15
103
272
613
220
914
64
72
290
260
961
438
871
390
595
44
120
499
455
630
373
634
530
973
914
833
366
888
110
91
613
126
547
237
739
767
151
155
191
441
415
504
232
639
894
827
683
366
679
138
348
52
125
878
25
391
64
744
280
174
187
893
300
734
483
392
853
634
547
397
428
315
901
12
954
148
191
989
514
870
128
215
922
605
93
300
996
509
396
276
684
583
522
336
670
5
728
523
991
628
272
771
295
174
783
249
322
975
590
188
197
70
755
472
675
201
772
672
710
520
948
394
103
822
83
125
179
163
649
171
791
921
942
86
447
78
687
121
405
630
662
602
700
417
74
376
618
198
48
329
718
348
75
174
171
158
299
350
322
300
873
465
222
168
904
21
246
943
143
651
573
805
605
274
222
680
650
193
230
50
522
301
398
597
475
921
108
774
624
782
75
497
247
649
665
151
22
911
95
165
914
20
322
520
294
897
552
296
90
134
346
612
435
745
561
910
18
21
37
642
803
112
140
403
113
157
554
135
69
1
653
335
374
327
207
668
224
759
965
314
894
663
278
329
760
192
592
779
213
629
421
369
93
913
772
558
71
678
693
492
680
698
827
406
26
35
74
602
146
391
917
40
407
547
722
167
739
314
946
305
295
720
674
388
633
446
946
704
124
991
196
156
690
376
562
68
411
989
670
909
732
939
950
139
487
24
659
578
690
957
235
985
677
909
373
663
707
671
367
184
662
916
340
704
292
255
772
55
596
795
316
328
734
618
820
573
642
479
504
332
436
739
669
114
1
42
777
708
65
496
892
728
764
585
432
408
192
557
815
788
704
132
116
790
750
936
364
393
415
220
77
204
311
747
318
312
141
447
373
559
295
617
287
60
202
71
820
394
980
636
182
684
768
651
475
518
939
191
263
707
763
693
911
74
792
581
739
285
28
112
844
675
729
131
735
284
555
556
30
887
544
565
572
312
568
399
182
507
942
798
214
705
491
477
131
283
58
870
920
438
334
765
114
416
248
201
700
155
109
82
43
653
647
967
317
567
366
500
75
660
298
641
365
141
119
848
776
529
719
696
968
53
461
82
821
62
283
873
217
393
956
260
398
955
227
716
523
945
216
950
605
866
591
322
359
62
171
135
592
890
831
560
295
645
994
117
707
629
990
924
374
298
185
773
254
764
489
129
710
57
79
315
275
22
638
634
85
809
769
29
51
952
941
698
597
935
815
304
916
158
581
291
456
118
416
62
882
257
191
944
666
622
612
941
645
250
927
730
411
48
759
814
0
700
512
598
987
680
254
903
838
187
546
646
305
962
709
188
219
252
484
885
875
96
178
520
698
105
602
109
153
713
275
154
765
140
104
752
820
710
7
10
898
554
656
203
516
717
743
736
322
228
621
549
676
800
421
375
257
23
836
411
736
112
917
501
252
21
605
424
83
612
434
981
166
442
537
35
512
632
771
834
212
744
383
889
896
156
264
154
179
100
917
267
564
834
120
816
207
77
592
642
689
26
624
208
821
513
243
333
145
366
519
358
462
254
599
359
410
863
865
941
315
134
208
880
968
680
48
527
757
641
169
798
19
145
358
840
10
601
173
156
319
692
866
782
298
465
493
708
680
358
649
995
492
209
875
812
889
276
691
998
917
212
797
936
710
507
129
720
461
302
228
780
347
446
562
645
263
55
706
943
765
355
291
609
565
518
421
806
794
464
805
711
677
954
0
387
461
129
459
274
783
688
55
482
134
969
480
398
377
186
693
142
541
336
104
458
855
525
265
649
342
422
713
19
728
713
758
541
194
217
816
329
257
871
812
392
192
292
142
569
830
187
64
723
524
520
182
379
45
799
380
739
573
93
758
301
158
868
842
704
86
658
34
343
881
846
87
426
490
581
347
320
121
763
43
645
283
577
376
681
728
108
420
301
202
531
602
712
399
797
417
837
807
451
533
41
649
620
467
139
554
166
811
675
930
206
672
213
784
400
246
864
508
667
166
62
550
120
775
949
269
192
787
77
995
320
118
996
292
937
487
846
103
298
873
385
856
897
951
992
297
197
857
806
216
23
868
766
495
995
68
765
539
207
842
534
527
312
530
171
601
17
370
56
667
243
442
524
493
393
516
790
942
373
948
511
748
169
277
244
164
697
9
704
904
203
590
431
515
473
955
468
842
325
524
510
920
966
386
413
711
254
556
6
980
504
517
80
25
146
324
190
844
685
246
748
240
188
532
755
661
487
575
504
164
100
366
84
418
104
850
130
710
406
488
690
262
5
123
288
151
447
830
347
485
76
96
725
616
628
833
278
467
408
134
631
860
852
715
279
956
917
761
666
323
249
709
586
606
832
226
757
631
56
457
468
484
553
194
100
533
379
730
352
139
864
983
0
716
50
631
24
968
392
43
291
993
104
229
599
936
455
708
919
863
165
388
347
718
934
800
603
665
530
955
804
747
938
156
815
341
787
192
661
531
235
304
524
339
534
123
627
341
832
546
205
997
286
904
68
572
56
671
237
939
627
394
38
917
550
853
610
690
45
271
221
632
576
746
971
462
869
950
803
701
497
360
51
135
617
119
708
25
790
297
964
769
691
2
687
594
208
649
636
605
921
857
238
497
955
561
959
825
512
114
878
361
475
281
848
444
400
556
469
543
206
786
312
249
140
351
843
348
1
831
306
922
689
896
771
644
457
82
821
321
196
52
34
23
333
883
467
734
791
937
277
997
75
941
599
215
293
794
916
294
626
222
568
315
470
339
311
927
773
485
601
969
537
987
993
222
222
812
956
14
101
585
363
176
527
962
392
172
757
308
466
735
882
386
402
352
77
713
631
850
550
584
171
87
572
164
310
794
977
618
160
430
556
876
607
435
838
351
607
947
11
425
34
893
811
436
597
240
502
580
90
52
165
261
492
89
778
154
235
107
124
396
537
680
272
144
115
462
495
74
762
858
499
796
751
662
585
700
902
87
281
344
139
446
958
983
887
88
137
122
195
262
518
84
294
142
581
762
957
428
836
719
287
336
867
38
998
452
91
253
891
372
597
31
170
907
14
57
995
504
179
542
118
50
627
412
544
208
174
501
636
11
572
923
699
792
314
49
244
405
302
488
129
252
519
299
159
885
356
507
741
887
49
859
289
676
624
834
236
798
335
225
161
260
500
212
52
166
262
648
571
916
136
52
168
7
351
680
245
59
539
986
947
588
198
236
617
822
422
853
972
110
78
134
370
931
346
774
97
960
422
21
877
911
73
397
918
425
429
163
836
968
502
783
909
700
372
526
522
794
731
494
256
162
980
626
93
679
400
190
639
175
211
868
86
637
618
4
62
399
520
898
368
22
34
277
722
758
155
596
904
886
442
161
48
423
787
493
454
540
684
93
715
247
314
801
884
284
805
298
683
325
549
403
699
935
32
773
693
187
369
949
426
164
110
826
587
250
320
393
142
356
486
857
603
152
10
840
436
167
490
472
845
391
875
544
326
908
318
371
447
39
321
873
203
783
700
142
385
20
535
527
728
374
736
683
878
746
523
315
914
366
139
759
757
14
303
84
274
973
807
722
13
480
595
568
264
647
711
649
19
598
529
747
972
265
431
851
364
306
518
278
672
657
389
430
23
692
866
298
18
673
20
383
154
967
951
770
615
14
771
634
965
300
734
937
918
165
140
282
471
10
560
496
667
949
926
43
993
792
341
363
817
713
746
971
32
50
741
647
416
513
634
381
165
368
671
83
885
811
365
708
822
277
204
841
578
482
884
924
626
577
287
444
290
386
767
323
788
861
322
556
374
308
938
891
28
961
975
913
772
692
974
946
322
178
140
252
13
376
176
639
954
816
83
596
554
203
271
342
64
946
250
438
254
188
681
283
501
656
548
274
701
874
572
375
53
64
627
66
441
156
57
395
972
493
343
878
696
615
572
760
561
822
550
167
363
231
802
864
240
703
490
293
577
415
668
630
479
295
48
920
451
458
667
775
951
11
653
647
978
225
407
891
48
309
58
763
540
861
627
132
564
118
425
493
533
93
124
12
389
524
285
192
334
952
968
285
963
973
932
293
551
691
184
599
0
243
714
893
456
341
25
372
811
451
865
344
896
341
709
285
218
994
830
552
298
150
838
614
123
122
907
674
166
92
625
166
687
339
411
495
33
437
219
844
240
84
541
136
778
602
774
348
948
604
900
246
754
90
860
229
565
120
256
731
564
881
249
251
573
661
98
606
98
317
802
690
753
695
826
531
297
600
879
245
556
132
844
662
574
56
892
139
176
148
870
740
381
120
343
954
781
441
912
231
110
67
273
864
762
99
747
60
52
627
657
608
111
501
623
685
558
515
825
86
15
695
179
748
167
874
55
300
668
967
531
778
386
804
642
149
256
390
209
308
369
218
268
832
720
891
517
630
758
694
68
125
390
599
874
909
474
929
210
142
248
741
920
635
898
915
136
506
657
697
814
26
915
434
858
987
326
727
969
84
422
38
562
164
637
436
73
463
717
283
957
317
377
230
952
627
145
440
133
154
137
299
180
53
733
390
40
59
469
10
496
891
400
58
407
389
846
481
853
563
116
810
232
845
40
185
472
537
625
605
691
763
256
223
168
990
965
208
49
435
570
897
678
970
307
86
712
505
919
565
420
387
727
653
233
120
190
705
9
167
663
701
282
919
276
450
909
594
11
311
381
581
560
59
904
220
497
616
725
768
533
146
156
260
799
389
732
341
446
742
508
461
795
791
381
423
241
642
17
252
305
398
186
218
458
442
438
307
58
163
76
943
661
232
555
812
973
288
153
419
382
662
881
177
453
614
600
694
608
970
299
914
368
485
132
178
279
570
486
337
85
914
632
747
498
187
559
471
827
713
890
209
375
123
738
828
737
691
874
346
661
173
612
381
10
96
560
641
666
398
330
103
312
962
850
810
150
410
281
329
475
523
891
850
999
629
30
88
672
256
786
685
782
398
67
144
494
627
786
512
25
116
616
689
79
466
499
581
228
132
262
55
655
153
257
6
783
639
95
807
896
881
493
678
632
560
822
126
539
960
991
916
77
607
605
508
425
104
441
6
236
703
61
243
857
319
250
992
958
345
799
854
226
292
884
210
204
59
337
743
19
328
659
448
287
264
956
712
720
397
718
308
453
132
552
310
451
802
654
761
499
453
968
77
98
852
288
302
911
977
398
283
305
409
731
944
26
40
656
98
789
727
407
242
859
959
904
662
113
558
423
612
12
391
41
462
596
329
116
859
306
514
142
963
276
226
907
654
266
916
752
55
643
159
650
854
118
554
516
583
113
939
195
125
683
237
587
279
918
55
138
225
570
633
540
198
859
448
852
477
364
604
884
359
116
534
213
586
89
729
170
202
20
717
679
55
306
618
334
225
673
825
802
595
810
342
793
669
790
997
498
506
954
382
865
70
917
430
8
358
511
178
560
532
248
591
939
554
209
626
779
234
451
933
830
261
276
975
282
418
973
132
925
279
514
142
701
783
573
709
141
84
240
701
968
488
644
908
394
853
534
174
88
337
107
270
950
735
245
584
154
570
716
431
849
582
573
902
366
498
964
507
935
204
561
903
44
205
163
438
59
49
964
499
386
424
769
688
159
14
624
665
937
340
96
786
923
22
41
289
872
5
148
807
209
709
63
605
915
578
43
326
628
8
825
366
432
946
407
943
960
31
609
249
372
705
36
647
79
429
936
952
434
84
111
995
146
174
600
61
753
643
387
733
3
564
99
435
510
506
731
822
538
340
72
262
397
460
909
477
241
197
781
675
633
892
670
779
419
622
840
172
617
579
257
621
495
356
408
357
215
139
532
753
479
604
367
877
416
276
706
657
473
487
684
106
379
706
238
150
328
430
322
945
10
931
566
857
288
975
215
855
466
747
960
946
703
327
175
471
603
881
480
428
368
164
886
99
870
124
250
198
555
924
143
917
856
62
126
496
389
341
351
855
440
311
153
143
990
328
966
593
561
446
373
929
610
611
381
480
88
983
30
643
259
526
912
467
588
38
315
977
732
666
184
172
329
338
668
319
666
634
264
228
81
637
509
43
601
242
876
689
577
906
684
837
784
596
656
372
986
972
701
70
990
886
595
320
576
263
991
594
249
256
174
682
245
36
726
846
278
954
535
208
860
219
397
645
167
53
369
506
25
71
928
368
309
523
688
885
138
679
831
740
287
6
422
533
42
500
731
672
454
267
880
667
838
277
664
358
683
33
216
60
456
496
428
117
20
468
354
510
148
186
602
787
192
25
320
234
877
52
906
684
671
139
351
861
768
15
571
451
400
139
864
857
636
292
974
8
761
329
518
261
515
121
48
707
498
721
293
727
125
551
411
148
690
762
361
459
129
933
262
530
72
126
739
60
771
713
68
884
394
939
145
261
60
545
320
910
618
613
637
743
165
401
243
207
163
605
666
645
538
929
175
962
407
914
23
178
979
443
62
726
382
559
987
794
105
660
704
75
273
694
171
790
95
414
998
610
371
16
255
909
297
782
224
705
48
599
883
380
42
946
106
425
505
445
219
962
105
276
38
731
970
561
521
65
327
871
675
699
240
283
960
537
65
184
242
114
135
478
494
178
424
952
955
281
397
526
244
503
802
634
586
772
547
459
189
874
331
217
573
923
500
534
460
917
70
55
383
206
533
877
384
309
829
691
590
579
217
186
434
20
172
20
144
719
479
334
594
162
903
519
85
755
53
898
672
124
953
56
682
838
285
418
147
467
109
737
46
326
276
832
698
448
852
843
520
683
529
466
846
432
985
283
539
391
181
211
515
486
619
549
324
257
967
823
724
76
913
122
754
189
954
453
989
158
296
509
841
177
975
39
609
961
323
500
352
856
711
219
343
683
768
19
940
735
843
664
163
756
138
917
297
92
370
286
602
18
796
443
195
771
483
156
84
158
656
788
14
720
7
357
403
127
729
695
214
572
711
729
680
849
647
977
293
369
263
895
740
59
338
287
183
173
444
619
331
452
408
346
524
767
55
279
247
784
974
461
708
685
191
388
534
190
365
179
911
981
74
651
392
413
291
575
938
87
195
270
539
955
968
64
722
375
343
969
160
670
783
220
355
326
961
242
868
326
421
779
659
496
783
52
261
74
979
551
161
174
821
52
481
141
468
204
517
164
525
677
834
308
249
189
986
210
783
854
889
557
634
548
405
769
600
666
195
580
569
356
106
391
760
940
532
229
144
401
393
21
430
579
330
680
120
316
890
904
523
779
461
509
680
866
278
632
884
473
564
453
181
671
196
293
963
81
522
107
482
267
128
913
846
810
945
967
479
835
223
2
967
36
511
999
902
141
631
138
614
196
943
147
219
492
440
182
925
315
641
759
582
121
24
781
932
969
748
763
157
971
117
476
7
980
475
261
121
106
751
87
654
46
586
873
890
26
55
815
693
48
927
276
170
951
57
454
921
157
217
78
480
334
906
839
666
381
452
787
839
555
874
494
601
460
719
844
838
775
11
532
175
938
160
345
890
569
799
163
726
368
241
558
54
147
749
720
880
201
507
719
756
733
565
709
545
285
905
736
412
917
268
587
855
780
933
97
349
732
260
427
101
853
337
155
352
86
228
232
639
735
304
747
821
869
456
366
154
714
454
566
631
722
154
838
854
87
936
203
171
196
982
624
402
319
132
754
405
360
987
44
447
291
791
268
160
600
987
667
666
441
233
649
516
387
487
370
826
775
926
350
324
908
326
726
580
810
480
337
522
467
734
970
110
877
590
623
829
929
290
495
723
523
144
591
263
984
961
441
759
239
143
83
500
470
161
432
280
642
769
803
461
503
125
924
381
715
547
562
997
189
58
720
712
202
311
327
538
624
769
298
216
912
733
716
734
895
500
15
889
269
170
702
125
295
978
858
362
877
420
359
66
478
431
131
33
94
458
571
71
579
221
287
844
955
355
578
202
855
945
443
124
115
497
601
762
476
459
125
353
880
836
772
710
620
903
743
714
361
667
785
941
888
424
785
195
779
715
749
634
661
192
111
776
42
712
539
870
524
16
575
404
204
347
114
824
250
210
891
964
877
28
257
765
453
394
313
584
109
62
571
770
607
682
899
649
746
790
871
270
158
446
26
362
146
141
539
748
351
782
712
580
810
321
697
263
715
10
200
177
425
771
299
32
453
550
33
551
340
904
174
498
702
200
213
200
693
104
949
396
886
13
328
696
335
26
312
402
388
512
579
813
283
231
845
88
781
230
991
474
486
165
324
189
718
537
389
763
993
690
512
879
704
840
576
391
866
240
145
255
752
77
68
387
308
266
827
89
496
818
915
983
336
240
524
406
129
265
521
123
956
33
2
12
874
930
755
92
170
900
699
274
977
120
661
285
386
488
727
234
659
642
569
995
234
93
401
364
711
274
487
19
308
841
31
534
772
138
626
942
38
678
569
16
798
230
653
536
71
732
770
730
727
340
725
961
785
478
677
496
752
164
867
412
358
250
946
130
388
925
424
427
603
993
795
401
576
800
937
647
885
59
729
612
751
806
573
537
636
603
385
740
119
253
153
477
503
99
959
244
24
736
23
627
81
818
380
657
970
317
656
855
729
385
819
480
191
745
369
827
348
107
568
467
712
721
945
215
172
256
811
549
992
834
528
74
4
909
83
975
578
740
182
307
477
2
140
669
747
509
848
95
968
768
914
680
841
859
248
14
468
59
915
460
894
443
886
898
704
970
225
635
710
408
294
539
762
434
208
509
296
409
956
264
177
870
945
19
82
193
385
550
604
300
362
498
743
249
749
800
219
974
435
281
382
729
820
144
164
381
5
812
790
313
76
967
184
373
338
618
918
723
520
523
23
882
373
119
131
122
919
702
97
354
983
831
83
156
328
599
537
685
411
679
999
840
998
535
565
337
153
484
60
673
359
436
555
732
555
39
207
474
741
656
180
77
487
615
585
167
567
474
853
330
153
204
170
151
739
88
840
244
572
253
269
283
689
176
367
244
215
574
70
309
230
602
738
70
217
323
589
784
797
794
115
302
998
637
805
89
725
998
685
649
251
954
284
940
131
652
536
346
578
958
7
161
560
97
583
129
420
172
266
569
967
733
223
317
370
29
759
448
27
444
449
278
399
734
570
530
738
458
228
668
416
588
829
328
685
412
809
458
937
75
27
256
808
603
925
531
632
684
331
11
481
132
641
880
218
211
762
956
21
342
625
789
282
806
117
968
219
926
426
508
354
805
764
162
408
689
45
392
374
376
403
855
509
44
87
727
607
201
36
980
895
13
769
178
819
238
498
390
517
276
898
871
81
14
385
842
704
783
586
430
159
990
637
20
386
724
100
346
277
136
326
524
501
448
702
672
686
200
63
555
828
313
778
910
328
516
104
32
299
690
814
458
32
451
831
771
527
931
117
804
419
795
328
272
243
383
944
282
935
359
189
764
673
968
26
353
484
482
737
783
172
551
593
557
2
424
328
529
707
445
685
478
592
365
750
836
748
695
470
684
54
659
800
79
627
826
432
463
660
169
246
832
72
840
741
74
616
69
955
324
866
640
802
459
6
905
647
754
600
117
790
654
776
942
734
756
120
518
219
780
40
818
965
112
658
706
187
626
776
142
302
994
135
105
453
141
10
100
247
962
569
390
968
346
684
54
454
805
573
673
937
613
491
902
725
501
609
264
128
737
759
430
83
894
887
537
387
249
989
634
563
559
376
532
257
61
586
711
218
159
736
155
124
228
58
202
81
19
466
561
108
225
344
191
119
583
80
506
833
70
493
396
981
869
280
238
282
867
301
500
378
37
656
503
617
66
705
51
85
523
612
545
749
956
736
220
540
169
79
725
591
924
473
572
793
754
162
428
973
463
928
351
500
584
206
470
650
263
521
87
787
133
632
888
442
721
108
334
242
539
59
833
463
884
405
609
638
567
37
611
382
317
315
882
902
521
704
904
785
225
344
924
711
328
812
153
401
272
487
643
812
898
476
627
782
233
236
421
152
625
384
534
943
699
769
197
573
473
453
710
51
797
634
762
478
798
267
879
422
754
875
234
4
703
214
786
937
802
559
89
428
296
976
723
347
745
920
920
570
373
982
621
523
968
383
1
766
2
232
189
756
107
775
112
811
341
899
100
144
458
541
924
754
517
647
102
262
567
374
185
292
709
806
815
677
542
816
796
544
401
985
653
508
112
765
671
454
664
771
950
475
313
874
581
182
521
35
797
440
762
982
732
471
788
548
148
682
716
944
227
117
281
880
978
746
997
649
552
662
773
502
489
438
728
70
620
249
458
769
41
220
751
773
691
892
321
839
574
390
136
153
507
417
385
837
163
383
839
715
397
612
569
886
402
297
308
374
898
766
144
939
338
247
713
29
139
386
221
66
128
357
219
988
126
605
825
642
340
664
709
737
628
279
623
382
928
283
757
827
50
253
118
388
500
183
770
992
922
991
58
50
700
629
38
826
586
864
468
926
880
178
663
861
809
638
243
737
922
0
916
324
253
35
64
106
570
834
98
492
177
156
543
877
137
933
704
724
797
524
2
30
702
666
891
511
656
134
249
930
487
517
606
740
904
671
846
475
857
944
319
35
452
214
912
590
148
968
666
297
493
668
679
547
686
570
411
695
57
12
625
544
529
232
284
434
903
483
261
112
779
580
147
584
147
412
526
295
732
192
944
577
860
624
125
899
546
536
594
603
548
219
147
429
803
784
215
58
267
476
171
398
409
318
982
556
82
508
203
815
700
499
744
913
123
221
164
670
757
758
625
657
329
773
439
133
557
654
543
176
131
714
574
892
385
909
448
467
417
3
634
470
502
379
735
978
952
899
0
710
9
625
719
338
398
510
823
307
165
367
483
648
81
410
540
818
319
340
638
736
343
272
558
197
3
293
175
956
544
527
18
553
153
89
244
903
600
419
563
117
786
46
765
220
808
657
390
127
997
28
216
692
653
126
889
8
772
65
964
316
944
334
222
97
776
818
353
728
237
916
845
376
314
962
948
123
619
338
602
616
367
818
660
20
297
549
28
69
966
345
385
911
31
959
8
807
777
713
887
15
629
84
391
944
46
691
67
17
29
21
985
396
840
645
768
137
195
797
558
161
494
943
424
525
255
433
685
32
146
572
399
128
657
142
72
703
833
491
721
863
512
58
259
704
704
380
193
899
177
751
412
671
47
837
196
302
622
881
334
768
806
734
248
463
876
320
518
62
163
591
925
676
650
536
732
354
916
926
253
445
29
17
116
76
854
665
730
476
898
417
597
704
503
845
519
379
518
38
441
681
981
718
709
631
255
442
337
523
720
942
969
101
960
85
530
814
102
260
291
353
677
888
409
180
733
929
912
603
319
705
285
300
776
346
284
31
788
621
554
860
564
875
314
524
313
844
338
415
456
981
768
486
869
178
666
955
459
930
558
778
988
195
430
764
542
714
147
682
688
53
895
252
929
209
128
242
53
818
9
861
800
778
347
21
308
366
976
119
296
887
249
636
82
679
752
624
746
899
659
434
305
554
38
234
763
518
828
168
336
837
29
488
967
377
510
627
95
838
746
391
77
995
380
160
27
132
136
773
384
147
559
689
701
597
275
464
467
103
984
803
940
14
644
260
743
154
887
838
344
634
581
422
981
313
934
8
446
422
133
830
570
692
871
271
641
146
88
108
249
72
264
541
86
908
153
181
62
41
19
406
27
953
180
8
266
114
369
64
537
502
246
107
547
117
378
188
263
466
297
864
539
561
758
977
821
911
511
883
304
882
641
331
835
174
692
102
288
413
518
177
915
765
284
462
882
15
3
498
481
300
714
372
213
472
702
34
736
213
269
40
95
262
724
283
436
416
737
725
829
255
902
96
20
539
911
903
554
914
401
387
566
467
112
779
940
166
165
28
379
434
68
826
48
792
109
485
560
846
562
741
454
816
838
474
355
101
377
261
367
130
1
933
598
113
64
890
279
229
918
10
15
338
188
415
483
298
900
43
496
814
137
302
631
327
777
338
428
506
952
795
989
953
80
939
66
144
829
697
725
99
59
92
789
247
507
272
545
760
668
394
574
157
696
557
484
825
248
264
332
200
59
321
153
491
612
571
635
441
268
712
892
327
156
681
574
15
306
472
775
326
218
702
483
266
611
967
92
859
231
776
59
642
97
212
133
61
783
120
502
403
184
746
82
340
779
657
355
437
481
483
763
699
537
598
317
148
565
409
8
148
185
419
142
634
984
627
695
767
99
549
523
283
647
605
975
427
614
683
864
95
518
980
146
55
578
816
555
496
225
915
996
763
335
139
749
319
118
797
438
218
698
961
501
346
919
829
125
533
512
341
981
30
673
479
437
604
295
992
100
873
908
448
988
243
587
89
914
706
238
352
276
937
666
129
635
585
958
112
470
822
805
803
852
479
283
289
435
930
634
535
155
542
983
143
137
923
585
51
981
823
755
257
112
421
386
99
358
697
563
181
519
369
984
724
200
619
13
635
550
999
522
705
541
857
201
30
780
786
81
113
961
189
370
426
962
109
525
321
806
89
854
325
810
838
49
362
458
415
997
360
414
871
65
308
728
618
338
861
756
772
326
718
313
697
144
275
158
21
948
964
462
802
641
272
641
43
634
451
810
983
811
576
206
228
884
935
199
575
148
955
699
474
25
12
523
521
287
33
543
236
349
5
390
343
630
31
386
616
834
196
600
645
772
806
226
9
93
425
584
593
732
635
420
758
647
295
631
286
681
526
874
30
884
265
373
514
648
759
130
483
307
82
480
432
241
58
441
686
483
377
632
568
12
52
678
11
699
309
649
380
836
524
763
720
141
136
586
789
248
68
624
555
503
457
987
744
515
780
782
351
157
414
271
521
818
949
532
518
258
534
250
446
58
13
518
551
502
104
340
750
525
317
657
28
126
997
124
641
129
906
344
287
321
615
160
139
564
45
9
175
579
612
621
989
977
140
540
479
596
232
581
473
549
591
501
675
940
625
669
421
532
365
60
205
981
221
696
897
266
58
72
845
670
46
186
999
538
726
831
134
958
764
608
860
355
461
887
647
87
908
69
971
274
481
528
255
702
224
152
320
282
577
517
304
623
703
304
161
429
487
647
740
251
607
952
959
69
839
606
508
100
27
831
374
509
359
981
563
935
485
884
218
62
401
874
37
105
530
198
886
17
198
626
269
805
578
228
226
770
186
86
870
566
269
244
427
980
577
990
916
62
874
486
477
628
360
514
733
891
65
619
260
263
598
529
420
528
109
647
298
296
85
520
862
355
116
641
335
693
631
603
108
858
89
585
486
450
99
219
693
164
190
305
779
140
835
200
669
296
199
319
592
284
192
806
991
308
447
679
354
431
282
462
289
724
399
775
174
498
346
219
15
536
524
146
29
711
346
698
8
545
369
952
182
561
111
525
870
910
556
576
341
839
38
630
563
437
757
89
287
103
660
654
992
536
153
21
600
499
71
960
397
792
912
931
354
375
808
576
286
365
152
979
204
542
962
119
331
719
560
970
175
572
977
519
108
130
892
708
629
963
668
378
107
933
661
461
308
470
389
594
835
893
574
391
435
536
510
766
607
422
89
782
994
66
301
102
196
545
163
825
860
183
556
968
116
217
781
777
39
171
371
874
64
297
265
852
185
127
970
145
901
59
279
895
125
933
350
321
478
865
499
339
48
55
307
517
624
88
294
664
611
17
890
28
667
508
880
852
987
850
349
889
910
629
784
35
562
486
357
40
351
856
379
752
263
38
269
239
479
563
255
90
932
146
470
599
6
350
804
993
201
153
882
111
782
19
498
344
505
855
737
209
63
116
961
678
507
582
918
986
497
525
428
429
671
899
29
677
249
833
23
802
338
905
265
121
924
764
817
782
971
554
343
387
23
304
65
530
886
335
868
383
861
648
164
884
899
193
914
149
378
937
303
717
842
921
190
119
685
7
253
8
914
596
747
289
252
165
171
490
500
391
225
713
39
389
598
939
583
864
440
313
801
95
382
995
16
572
466
701
932
719
62
198
315
809
487
919
974
658
409
827
49
634
540
440
24
490
379
959
354
171
624
507
267
7
503
283
579
969
337
863
41
751
61
708
560
548
628
887
558
37
66
959
672
958
752
48
449
483
359
155
655
983
15
922
990
518
557
922
839
894
137
232
645
199
941
558
99
569
797
10
606
863
969
630
821
73
30
622
557
389
130
212
725
145
486
67
15
43
341
206
290
479
439
935
678
380
493
129
301
642
139
907
505
461
890
679
534
272
301
91
14
783
655
739
280
141
158
295
185
500
854
475
331
293
762
9
25
608
490
326
250
630
585
108
443
827
787
977
100
440
421
114
224
428
205
504
570
363
152
107
215
6
934
546
651
48
907
28
656
398
354
259
380
291
367
823
471
506
152
571
946
925
37
170
354
594
27
924
957
179
383
173
537
669
719
188
717
979
216
726
377
922
985
757
565
704
580
36
210
84
959
156
10
348
327
364
942
706
640
900
885
23
425
422
44
496
962
761
475
178
487
204
452
472
961
17
176
893
54
386
978
365
895
988
714
574
704
656
280
696
908
517
719
333
939
115
182
253
876
9
431
364
214
235
188
175
252
717
69
658
103
399
24
350
739
738
924
795
746
204
491
655
721
562
340
12
677
874
265
553
884
48
269
98
283
458
625
888
175
46
546
630
445
922
981
536
12
905
331
759
462
822
766
535
384
458
548
61
333
165
967
217
566
236
667
849
694
292
89
221
339
636
852
784
910
185
673
923
442
4
34
904
179
152
440
563
610
340
977
943
505
296
512
71
532
179
273
579
824
362
800
163
350
4
299
261
189
972
536
984
329
570
888
508
722
680
423
684
20
400
980
878
696
492
949
581
24
574
160
848
289
312
363
639
669
662
252
858
987
788
842
316
710
83
176
784
763
599
469
136
0
449
14
48
293
315
629
317
890
141
517
179
806
880
170
475
895
423
685
234
563
880
902
626
963
78
410
78
677
879
214
29
680
228
430
974
544
411
643
786
553
161
317
359
393
487
186
640
262
871
226
178
751
128
804
66
206
214
145
236
446
711
617
478
940
47
804
836
459
448
974
364
961
291
723
706
778
261
347
393
132
573
571
236
54
375
302
612
941
799
848
739
511
466
570
451
513
374
639
324
822
613
688
783
904
763
490
34
24
189
427
509
114
998
745
168
725
399
781
19
199
981
758
710
799
680
513
665
55
152
989
877
117
678
13
373
441
855
407
818
44
187
327
510
537
72
31
263
471
812
634
670
145
744
732
945
425
245
610
480
749
951
357
866
629
722
239
423
577
999
241
973
186
568
484
75
992
515
338
815
679
972
838
824
69
570
121
494
168
83
974
917
35
683
136
664
406
727
439
983
78
680
957
264
600
793
340
944
308
30
760
339
355
598
515
424
520
637
270
688
720
244
958
755
927
446
772
333
173
563
669
252
596
978
868
196
771
560
141
431
943
253
770
650
203
285
74
75
274
344
764
995
940
74
102
867
520
226
553
693
790
222
297
386
552
166
934
323
78
427
754
21
32
876
671
235
513
97
311
788
793
427
135
733
853
237
953
373
816
858
418
958
432
68
696
984
586
630
307
664
410
413
38
442
641
709
30
154
159
693
942
304
472
77
390
325
667
695
50
483
553
820
793
985
240
489
969
826
471
628
843
233
393
881
676
34
942
58
188
453
751
483
758
575
560
148
252
227
843
302
62
748
474
855
733
715
696
54
893
168
34
736
401
779
969
429
813
912
487
353
717
590
836
475
165
397
975
417
976
170
71
39
918
898
246
3
965
943
409
858
463
795
947
864
574
916
646
739
180
133
93
898
76
281
725
593
30
701
363
7
871
434
398
142
684
996
145
649
939
907
508
402
702
807
619
277
723
265
16
256
398
461
154
826
95
879
420
125
932
783
484
804
569
882
946
254
231
443
255
170
350
115
925
53
922
