714
627
62
882
446
381
648
306
979
501
1
981
127
134
201
284
93
253
405
750
952
87
912
685
815
287
260
277
612
132
959
678
759
373
912
558
106
561
216
85
62
218
418
190
704
620
826
797
225
231
900
529
318
164
215
485
804
827
762
416
311
73
446
71
446
358
981
552
919
197
990
982
415
408
524
119
380
350
269
957
581
521
487
251
37
54
736
841
881
850
609
192
275
55
615
721
414
948
625
333
146
615
667
913
24
191
385
756
893
654
714
474
527
201
77
564
255
165
406
488
15
15
32
642
71
0
363
837
948
989
170
94
956
190
360
980
381
745
89
627
751
803
453
278
356
531
842
963
48
600
451
64
968
835
706
391
835
422
228
784
763
750
230
719
940
590
52
674
687
141
301
438
296
754
68
4
637
911
967
686
863
770
102
831
605
160
222
793
934
450
577
697
553
807
417
493
750
821
519
437
962
820
876
610
927
296
614
916
207
581
954
423
703
56
254
660
569
829
453
503
631
30
553
184
190
322
30
292
143
549
729
457
722
957
67
1
254
33
917
813
966
872
236
669
280
843
329
201
672
783
705
303
165
610
840
707
932
870
999
75
419
729
884
493
38
303
494
644
336
412
458
302
636
46
323
268
241
652
470
913
787
527
569
953
137
761
660
69
631
12
496
402
741
380
896
131
683
742
776
19
154
586
673
142
632
996
411
226
0
881
491
788
760
412
93
897
173
105
318
156
117
814
911
210
546
159
342
229
901
470
600
56
56
625
550
40
973
961
266
973
194
758
113
954
522
558
203
696
664
521
852
133
687
115
696
233
274
38
814
176
860
766
584
916
391
134
308
364
448
927
690
642
37
803
949
559
714
504
255
378
26
460
863
713
927
559
299
202
949
113
378
809
880
314
77
623
448
738
340
896
665
30
891
54
185
192
613
899
696
221
629
722
33
493
788
960
404
439
514
354
552
892
515
784
558
593
760
7
683
100
255
348
482
146
402
19
338
367
919
35
588
900
109
621
745
249
934
150
688
448
504
593
693
19
377
251
964
489
610
647
941
866
347
423
364
749
443
55
469
714
442
57
614
551
31
360
153
965
510
841
765
366
434
458
737
164
62
54
653
672
701
595
890
401
370
255
502
165
310
971
879
104
29
494
655
60
206
160
377
68
2
142
434
788
953
523
952
15
577
958
687
631
905
930
32
275
185
534
441
847
506
672
951
887
518
958
947
724
119
676
144
473
170
930
261
123
454
566
490
383
876
530
14
133
460
46
760
645
933
553
844
439
226
795
326
744
105
625
821
224
653
317
49
823
248
311
299
54
229
789
437
457
319
452
590
779
850
350
776
135
904
620
926
130
767
252
226
873
229
399
449
234
717
499
58
965
162
357
19
391
498
808
848
818
260
790
597
463
140
726
598
44
346
525
526
114
129
753
339
711
504
788
945
221
287
355
538
449
64
909
192
563
718
392
381
330
182
330
793
675
56
744
719
755
621
598
221
102
703
560
165
207
348
111
781
988
818
319
789
883
229
334
446
947
78
179
629
261
509
775
288
918
519
359
25
492
957
246
946
660
158
112
220
506
575
1
846
393
320
988
276
901
322
74
200
400
253
830
13
115
605
301
385
476
661
410
320
970
656
266
631
814
378
203
672
953
204
871
699
876
859
975
778
181
402
330
933
7
512
947
122
469
600
859
297
261
269
617
232
277
236
215
443
614
418
468
920
622
691
619
850
550
946
980
83
348
311
16
356
823
315
830
293
916
690
942
177
311
560
761
941
796
328
384
762
746
204
682
720
895
653
571
445
600
551
880
300
214
249
656
390
564
839
35
480
881
977
10
192
537
123
133
685
452
870
448
198
74
482
271
322
488
194
119
88
97
0
388
312
249
397
54
813
588
89
646
469
418
656
13
308
131
147
993
583
369
793
134
795
628
405
117
116
951
237
204
48
237
944
712
838
693
766
3
281
207
649
102
626
657
116
934
789
615
279
724
984
73
858
779
701
615
249
817
566
486
373
615
75
669
679
265
363
798
268
996
357
918
99
983
927
567
269
68
182
549
793
166
974
651
297
27
267
898
196
185
384
921
152
811
590
832
76
305
982
345
654
339
615
753
675
894
672
944
963
854
845
756
372
819
759
669
198
378
568
394
564
304
315
68
468
258
900
896
915
234
241
569
574
208
674
249
455
346
193
418
200
391
526
572
562
637
594
761
16
514
507
932
170
175
0
638
785
253
535
700
487
128
270
413
689
944
662
144
291
208
562
843
599
440
768
513
77
362
274
93
876
134
377
46
661
378
37
446
983
572
146
470
700
416
884
389
713
898
533
4
106
447
199
57
887
967
571
965
329
197
410
557
331
788
956
992
518
993
438
501
565
937
323
617
353
559
359
66
458
244
422
916
692
974
974
931
941
545
248
271
94
659
180
426
799
136
770
317
481
561
170
398
498
845
368
203
405
727
622
863
323
396
779
367
370
105
299
312
2
547
935
97
558
467
875
709
956
645
378
437
558
548
836
56
394
204
612
151
283
586
366
606
982
497
974
353
603
625
17
605
524
304
54
435
771
929
144
727
927
523
165
485
423
353
894
169
909
858
320
192
444
686
150
426
184
476
131
139
101
500
96
626
804
151
61
576
432
205
655
359
80
172
197
856
525
443
25
786
301
698
330
97
736
481
523
920
957
7
411
411
507
508
37
312
11
450
240
795
7
895
155
88
68
704
296
945
499
321
732
152
19
414
249
756
247
772
28
205
131
792
968
639
652
357
303
663
807
543
458
814
790
965
254
210
21
550
156
520
224
240
672
595
6
921
703
254
46
84
811
177
876
779
168
528
136
471
543
943
366
1
109
157
319
716
367
340
618
875
213
842
467
237
790
474
511
493
728
557
577
539
86
805
318
607
333
806
78
228
749
797
230
210
954
901
926
673
241
897
549
806
91
368
44
881
842
555
727
570
464
656
461
550
462
779
509
147
585
940
376
686
737
958
249
691
859
527
716
452
424
617
259
516
986
303
749
828
858
476
751
674
133
564
224
947
344
86
94
281
26
822
320
763
780
569
806
991
96
522
444
873
492
703
741
478
358
490
658
568
319
761
242
804
326
818
751
22
904
197
303
930
372
975
45
152
896
851
496
345
726
940
218
218
995
311
696
705
801
706
273
472
468
867
276
794
685
379
816
942
577
471
224
949
799
270
453
695
121
949
40
847
241
610
65
236
921
113
941
75
820
566
899
288
433
176
82
471
555
250
413
484
73
637
785
872
259
239
568
381
540
960
580
782
923
646
370
844
111
664
271
931
230
171
219
16
699
653
487
606
255
252
91
329
241
876
201
501
467
121
234
360
434
814
142
357
812
864
201
924
528
825
207
111
348
779
127
47
784
966
653
40
570
96
721
163
325
274
16
144
748
602
504
182
417
998
539
581
215
92
857
743
917
65
206
617
844
685
664
980
3
670
372
573
118
93
89
795
720
105
940
468
60
796
650
477
795
189
410
10
633
268
105
551
685
312
520
881
349
185
861
353
207
234
278
677
679
367
473
399
825
765
867
885
561
869
714
708
410
124
718
44
744
176
947
429
840
467
662
189
4
524
542
211
110
173
241
789
540
714
541
717
831
408
954
392
630
668
101
40
145
171
84
889
699
31
671
539
499
333
81
503
209
975
67
319
148
308
461
41
374
2
758
205
762
713
949
392
733
50
433
878
222
869
120
921
901
143
813
752
828
894
255
38
869
674
709
370
334
522
411
708
524
169
265
639
234
215
31
968
265
816
198
839
686
318
113
939
461
278
691
290
524
298
680
393
973
741
115
307
264
526
368
788
48
633
779
282
200
811
602
818
979
801
9
17
119
474
956
933
752
999
575
276
650
255
22
623
996
137
282
260
664
650
401
64
636
532
346
188
695
949
6
675
102
16
44
221
490
353
506
595
352
81
871
2
336
893
977
685
383
260
297
399
262
50
463
250
583
161
439
278
110
797
305
564
813
350
786
656
703
292
251
55
374
474
410
62
368
387
99
103
999
397
502
614
447
965
864
382
126
655
661
589
453
966
153
618
316
291
626
371
936
877
779
662
704
189
724
72
928
176
527
928
573
29
894
372
346
758
755
824
766
768
765
571
86
271
189
755
914
168
126
850
45
905
512
101
94
589
525
375
765
52
303
690
433
197
62
779
307
169
956
425
937
721
996
24
344
538
779
259
706
257
461
103
163
974
205
609
915
730
984
32
783
639
722
216
188
136
348
496
658
304
273
947
377
270
971
74
808
102
333
514
712
794
969
875
120
174
484
387
905
821
419
40
460
493
608
649
982
956
497
640
612
770
587
342
40
911
416
200
365
101
66
77
247
36
952
720
562
789
107
819
962
879
859
422
372
820
71
706
128
920
346
741
691
286
435
83
197
203
284
562
656
702
992
903
738
296
623
653
85
83
472
47
962
684
822
686
504
245
745
632
166
91
725
209
729
512
292
926
715
928
841
371
631
833
627
721
129
602
374
567
685
847
966
999
531
788
38
387
386
783
371
552
226
97
113
956
609
405
234
677
686
75
48
317
260
27
390
742
630
765
661
315
964
627
667
847
768
705
234
154
840
957
58
66
54
171
22
16
928
609
45
614
684
445
283
297
473
674
39
103
791
52
770
755
679
437
602
799
494
188
305
686
145
363
753
552
886
127
920
167
736
965
781
773
762
417
70
235
91
461
338
234
513
461
989
544
250
943
696
97
483
1
783
980
717
888
532
603
16
804
770
104
121
904
877
884
321
299
119
764
112
810
998
977
623
339
874
873
634
570
970
117
571
754
97
640
994
982
244
10
786
366
467
908
622
696
792
943
348
263
59
460
73
409
790
696
748
664
922
734
586
892
851
509
998
301
150
993
283
746
355
69
112
822
329
87
871
473
382
219
737
442
679
162
203
821
211
952
837
485
38
423
729
890
933
728
191
83
73
826
181
780
247
645
955
577
732
826
402
115
45
139
557
76
654
760
250
217
64
87
702
103
511
431
345
796
511
888
879
936
714
412
717
961
57
24
890
790
202
293
905
599
784
814
27
438
926
277
7
343
365
709
798
228
141
143
24
4
31
255
941
97
667
10
410
724
34
301
866
236
594
771
187
730
937
214
521
864
492
528
207
209
238
5
437
731
500
461
735
883
716
28
980
735
38
390
459
424
43
326
12
989
449
199
720
387
414
241
603
258
769
162
467
359
167
904
90
19
365
178
902
433
206
234
168
597
976
979
373
20
305
386
9
107
937
729
494
703
970
449
961
92
611
428
451
778
332
542
149
49
72
51
834
630
637
2
227
613
334
953
633
639
691
643
98
628
724
944
332
695
393
293
139
4
722
590
134
406
484
283
456
556
686
290
187
323
645
766
937
979
719
922
970
410
565
69
391
290
365
723
337
759
368
476
763
442
418
250
849
903
885
657
459
572
299
998
247
944
765
536
275
836
459
598
599
24
667
990
666
384
65
355
143
433
183
259
228
602
509
77
857
746
86
316
318
385
667
918
682
432
454
309
620
913
907
219
290
926
209
308
311
274
664
454
60
199
65
640
153
574
717
10
673
155
679
991
892
346
909
574
130
364
884
750
629
791
970
919
718
179
228
29
806
244
835
218
443
901
858
949
827
927
959
500
434
990
844
326
336
105
901
466
821
137
217
451
280
187
370
998
718
950
379
876
194
567
446
990
468
656
939
647
583
250
148
17
241
344
344
929
449
597
396
271
734
965
722
366
504
444
717
574
747
448
803
941
15
249
283
835
906
222
483
841
825
983
211
418
327
907
347
128
856
95
399
942
412
473
308
916
270
25
843
17
474
646
310
489
895
594
677
153
168
160
347
993
495
558
411
174
465
759
302
321
206
54
615
619
879
923
535
149
949
730
166
423
376
477
264
624
71
941
777
591
453
476
585
300
34
348
474
851
107
129
524
666
183
139
285
414
63
172
564
364
903
82
139
279
559
403
255
982
697
385
574
150
861
511
451
896
859
277
747
319
758
624
985
293
763
270
708
178
442
272
542
697
354
681
329
266
437
584
600
134
969
526
636
831
37
439
727
897
717
826
568
827
802
553
121
566
175
829
96
969
453
991
667
807
672
996
425
461
580
26
595
902
552
584
733
942
23
812
191
92
638
759
920
441
664
41
359
839
870
807
808
323
798
827
482
823
175
260
284
108
286
232
10
190
816
743
484
839
555
675
284
545
786
204
338
450
245
49
289
467
857
450
142
655
629
976
830
805
236
467
265
874
699
275
417
867
370
901
58
925
577
342
822
715
546
161
166
143
562
807
962
419
609
456
427
239
785
257
396
373
76
13
248
775
288
665
994
658
918
53
935
847
747
109
563
646
622
729
789
185
536
104
604
498
912
383
737
697
641
485
71
717
498
671
845
138
336
839
148
254
244
435
102
992
544
665
638
167
746
779
352
634
235
308
132
148
692
221
197
333
58
620
402
556
291
599
46
627
791
194
234
387
629
688
379
526
705
369
693
803
501
397
437
736
705
922
236
397
143
786
82
202
406
837
110
698
436
509
677
579
703
263
967
685
951
698
211
8
420
256
811
921
653
601
9
358
523
598
756
666
384
190
220
790
27
331
488
816
840
166
395
895
429
362
932
733
413
495
93
833
751
905
106
404
506
115
115
381
713
223
47
449
413
268
240
793
951
80
609
143
598
4
390
380
719
323
113
132
818
206
317
922
463
423
678
321
538
793
702
604
368
102
53
782
722
645
575
25
726
536
168
324
540
910
704
611
585
169
95
756
728
412
678
191
835
708
865
726
502
919
682
222
21
735
356
743
381
931
768
459
819
288
783
360
551
840
323
136
9
419
892
737
831
922
281
19
631
498
745
485
417
427
707
791
514
64
534
247
347
655
706
167
295
842
879
846
34
202
335
43
973
579
133
805
502
766
176
485
264
273
970
33
700
29
824
566
445
711
814
793
718
872
312
13
66
543
212
100
745
899
496
71
478
629
228
332
747
404
817
363
677
139
396
729
521
573
295
966
284
461
111
2
686
423
367
752
966
931
205
64
830
701
135
661
682
715
993
429
119
811
792
796
302
540
877
823
113
524
790
749
338
901
103
24
677
471
128
995
754
333
411
937
386
546
598
68
261
943
849
732
754
993
880
409
534
757
232
999
634
374
749
972
276
852
996
305
675
476
300
782
162
712
719
548
610
669
969
224
612
818
956
719
812
189
128
346
946
712
345
580
87
446
904
715
299
900
20
326
729
672
108
891
384
827
791
347
848
760
571
461
579
879
180
391
68
660
89
367
372
786
299
459
233
204
174
532
456
546
210
185
219
319
428
955
498
220
302
347
980
873
808
911
105
340
302
173
0
743
892
372
530
544
184
763
748
710
647
556
257
857
94
828
528
522
783
27
94
86
374
75
311
534
338
416
874
641
942
874
384
186
598
266
730
782
29
478
845
28
387
102
238
481
282
766
3
65
793
450
503
519
877
167
53
215
935
927
856
229
153
593
416
752
211
146
886
593
977
731
621
364
185
859
845
467
978
200
885
771
650
740
291
527
259
344
743
195
624
951
424
777
896
840
881
108
339
768
701
316
851
674
680
37
886
877
856
864
429
93
987
432
186
630
959
445
327
54
640
951
358
417
80
254
609
962
714
948
730
767
264
933
442
296
322
680
525
179
544
955
624
883
387
810
514
698
608
841
105
600
144
463
17
224
69
627
186
784
927
268
903
192
202
697
840
524
377
718
55
273
673
680
157
412
842
23
462
802
864
567
403
8
30
772
232
452
399
771
236
679
39
491
223
241
189
63
118
918
781
173
544
806
205
53
570
400
76
33
202
292
600
605
652
983
378
236
435
129
7
23
808
399
514
31
640
55
447
110
326
580
636
870
739
193
923
309
593
351
694
148
643
295
105
295
630
835
883
65
317
891
440
125
290
306
509
282
714
308
745
40
888
381
910
979
574
185
289
520
536
983
668
531
630
125
826
612
961
709
677
278
952
469
755
242
776
264
877
490
924
622
882
165
3
144
144
929
329
433
449
217
769
469
748
751
595
926
364
556
635
393
186
940
863
941
182
991
558
411
481
482
33
363
647
388
859
792
318
188
577
119
757
698
941
505
450
536
431
814
444
418
207
630
358
422
571
893
413
129
304
246
964
690
961
963
78
820
755
748
360
685
220
117
383
161
622
185
49
405
999
493
824
559
475
182
981
46
75
747
528
732
993
844
422
955
807
852
775
915
601
488
600
173
605
335
334
580
873
383
985
872
228
809
783
55
344
117
453
771
864
981
503
209
177
277
164
985
130
292
900
83
132
852
256
737
539
942
317
412
677
303
637
257
464
420
312
808
889
765
932
105
99
435
315
276
65
831
261
547
475
161
630
607
365
238
345
905
180
14
317
209
669
954
466
134
727
778
294
968
543
226
74
642
14
389
919
79
572
532
626
48
46
608
7
411
846
704
668
378
719
986
587
388
292
53
874
371
183
169
340
726
395
414
721
409
155
992
840
727
524
466
127
570
426
487
334
272
191
2
2
262
340
589
3
985
994
877
356
177
46
696
256
794
462
329
203
969
321
44
49
197
862
176
120
289
15
454
913
207
808
916
821
149
857
824
134
852
54
842
381
452
891
989
246
353
318
802
323
991
198
372
189
60
900
661
701
916
467
615
475
275
883
648
776
740
825
262
944
879
105
326
331
996
315
930
701
986
732
376
977
930
100
518
342
1
179
44
269
646
11
96
922
894
744
50
986
569
313
931
800
770
257
484
766
924
414
819
910
498
196
888
428
296
406
122
649
586
518
270
232
529
366
506
775
463
557
114
384
222
45
185
992
654
21
758
578
435
929
489
285
125
729
65
774
135
187
775
73
706
46
658
587
764
516
715
227
73
829
964
295
874
501
639
528
522
749
458
309
679
947
594
156
676
659
282
164
198
58
589
904
456
599
844
220
116
559
800
541
388
764
189
614
265
828
142
787
578
600
448
257
900
42
765
928
53
48
444
251
106
386
156
562
985
352
134
101
911
934
995
299
50
184
265
315
364
759
454
942
359
902
551
611
944
317
892
997
365
336
601
823
722
757
385
708
109
519
161
372
806
508
23
856
692
288
524
57
47
978
351
758
233
903
370
177
220
262
527
937
950
128
760
25
237
145
733
698
16
246
70
174
755
445
383
799
733
907
208
780
885
560
890
470
463
260
648
35
874
527
972
177
7
732
202
596
229
287
646
597
533
716
772
640
161
507
792
246
414
0
378
651
560
268
122
375
881
122
762
107
1
86
284
8
170
486
956
399
773
602
349
659
670
473
651
183
980
443
429
394
796
807
397
708
427
519
436
308
641
198
416
994
285
700
2
807
539
310
207
664
912
908
675
582
381
679
765
361
474
546
107
270
705
504
979
133
376
767
441
369
965
857
364
602
910
718
410
801
29
969
465
941
877
493
876
610
172
993
323
646
540
430
917
597
286
248
730
662
367
172
32
332
381
396
287
643
114
49
444
143
370
262
437
599
107
665
209
279
658
532
277
550
314
546
148
600
794
878
615
161
402
647
846
784
395
485
779
861
886
224
357
608
838
794
207
945
811
768
224
469
652
501
372
966
400
520
918
546
750
533
708
153
532
906
289
927
743
68
141
981
644
498
589
482
644
148
779
455
916
3
924
920
857
648
886
609
168
804
155
271
338
215
424
222
121
65
502
216
133
643
549
130
141
490
612
785
990
744
240
258
747
516
178
956
165
64
565
685
221
721
956
559
288
732
133
410
797
635
978
283
278
880
413
419
370
377
556
361
121
148
619
221
665
798
529
182
214
447
867
435
520
176
346
808
908
480
570
706
115
901
341
394
781
106
165
503
835
722
216
309
870
188
882
887
338
763
69
552
210
289
988
82
465
686
243
373
166
165
431
634
66
124
380
199
230
545
55
66
619
271
727
842
811
609
729
149
372
151
702
935
440
42
369
905
728
612
630
247
778
414
233
196
538
613
748
769
158
803
187
130
426
914
972
238
875
53
739
247
204
793
534
644
835
904
901
916
516
884
515
646
298
748
195
836
361
943
957
871
98
496
353
876
762
325
466
637
379
206
237
935
999
771
932
187
675
833
455
544
69
970
542
367
70
737
556
783
680
513
6
130
362
360
7
124
685
473
114
416
679
351
352
31
474
636
570
502
821
25
46
891
347
940
610
417
678
166
552
358
32
558
841
394
918
848
518
956
321
632
724
353
335
428
736
810
64
306
312
886
331
710
777
30
650
387
799
328
906
351
39
938
909
880
332
180
80
202
136
401
187
860
106
522
289
842
684
705
148
996
591
831
58
720
861
709
460
660
389
366
11
780
656
273
12
340
453
92
542
941
846
81
153
952
604
794
147
288
500
295
637
443
479
695
164
340
756
976
353
498
342
716
278
998
989
291
338
794
383
232
87
229
314
241
534
270
387
681
910
887
328
899
683
807
595
847
500
703
823
853
201
517
569
832
867
911
123
557
705
858
789
793
440
103
386
974
725
773
7
636
13
335
535
696
495
482
895
347
538
70
552
739
939
121
923
806
384
46
363
442
257
504
587
697
960
973
23
685
98
382
673
463
69
209
159
916
43
406
263
581
828
815
673
767
289
596
925
25
995
288
467
604
145
54
653
105
379
676
790
830
410
464
293
479
25
805
396
420
563
659
354
392
827
27
511
468
975
437
493
322
77
961
926
222
15
579
327
747
607
470
577
17
286
222
497
311
27
245
83
591
256
437
983
83
816
846
551
792
283
45
466
361
6
393
935
373
324
263
472
284
85
49
301
371
272
150
34
651
395
117
242
652
555
577
87
723
776
639
515
59
36
334
772
394
79
708
119
403
971
592
687
408
993
341
779
617
491
813
269
239
282
863
243
189
793
330
913
569
321
780
628
357
114
401
103
193
461
223
949
784
815
988
192
808
329
971
426
173
136
47
412
418
910
7
608
55
337
521
624
11
653
605
720
768
358
824
313
819
47
614
603
214
603
795
374
932
118
152
457
254
199
869
24
462
228
632
517
566
505
142
929
159
99
649
279
457
825
944
276
224
559
231
438
162
378
165
446
848
317
904
102
517
125
126
979
354
111
496
272
968
990
201
127
89
202
758
546
28
703
174
252
614
757
43
776
135
208
574
335
525
478
437
394
956
916
373
662
379
222
934
347
212
487
827
302
689
585
200
69
640
375
322
254
484
717
382
620
925
957
307
802
787
745
197
743
13
570
405
744
144
691
91
357
178
918
11
868
856
211
937
496
938
611
751
423
680
133
395
605
442
702
760
230
799
957
973
164
879
731
908
24
422
0
733
601
918
744
821
774
955
110
623
246
74
726
669
754
211
64
712
654
766
472
884
918
781
209
82
660
292
991
36
715
991
121
668
261
865
841
388
173
951
11
419
377
89
88
132
300
504
196
954
622
668
190
540
449
752
623
461
44
966
850
111
957
971
131
570
189
972
958
362
276
321
133
5
410
573
137
63
77
333
17
699
353
560
592
154
312
567
968
708
533
818
172
490
141
303
412
330
628
371
44
256
44
177
261
807
750
751
870
179
436
239
879
142
799
823
296
463
390
264
524
923
434
696
765
576
351
177
258
979
900
303
587
945
832
201
104
583
952
974
762
740
213
993
882
365
816
179
828
206
795
704
129
230
400
894
158
752
424
416
83
324
719
23
621
904
224
725
487
528
51
601
268
617
595
503
982
763
682
162
970
829
867
451
59
619
698
217
371
122
986
807
798
57
830
420
961
406
497
448
934
549
402
554
166
349
57
500
112
91
662
434
921
881
238
332
501
936
550
224
410
536
31
560
945
213
980
907
971
830
707
905
379
109
460
897
458
869
749
571
961
763
357
882
645
595
214
498
531
116
722
293
4
106
854
950
671
186
857
643
16
564
900
747
26
712
644
484
582
745
407
543
509
765
777
506
360
343
4
244
812
726
537
816
184
743
118
856
930
327
851
946
244
751
46
270
464
42
106
46
788
514
941
297
279
70
803
991
765
159
235
577
885
125
746
422
868
216
278
150
544
129
449
140
232
495
762
696
537
868
742
325
734
35
974
13
105
129
357
871
288
592
800
526
69
546
948
938
763
578
88
659
59
889
799
291
384
561
988
922
429
82
599
516
470
926
529
927
55
238
798
696
183
951
222
252
497
522
542
612
100
631
271
511
872
70
154
257
983
494
531
765
929
482
281
399
408
162
326
816
401
477
512
584
428
86
836
277
960
379
890
412
362
161
923
234
584
77
843
919
924
374
684
853
857
317
252
617
480
930
433
233
407
297
817
187
735
5
465
695
736
355
107
450
868
382
37
452
812
880
724
736
607
408
589
464
726
193
433
558
475
219
791
235
868
960
422
604
317
887
651
54
594
111
856
463
493
893
267
305
126
991
393
733
752
334
549
830
527
982
388
3
201
531
238
422
843
12
26
160
252
29
566
846
140
423
661
986
668
281
291
794
624
37
879
376
371
428
558
899
763
946
254
316
829
844
738
672
856
116
833
108
146
751
307
638
526
320
624
195
601
268
341
226
305
221
954
676
1
513
927
764
811
181
81
641
377
819
665
586
288
850
694
434
602
353
424
128
674
49
675
275
317
17
853
974
590
808
650
943
321
578
708
484
111
141
125
489
312
143
75
600
993
121
386
947
475
811
428
501
860
103
776
529
472
630
503
414
790
153
358
463
83
418
947
195
559
425
36
871
568
463
824
913
584
210
861
411
21
289
912
233
744
41
114
569
23
617
983
165
123
693
628
558
111
575
105
670
0
141
894
920
956
718
834
893
280
47
304
302
688
569
887
784
962
2
353
337
971
337
502
94
382
130
653
494
57
110
164
410
252
410
330
560
128
516
453
409
915
110
63
603
679
302
388
993
656
93
330
628
782
184
74
165
666
79
659
723
190
175
133
794
586
816
354
66
684
808
475
600
918
890
555
949
545
295
942
201
389
624
829
171
160
256
336
826
335
995
549
525
171
35
319
757
203
674
823
239
834
651
191
752
893
747
701
438
42
995
992
431
971
173
603
131
429
291
957
765
287
858
642
810
245
314
567
800
988
742
40
822
745
231
926
639
330
979
429
373
326
773
156
297
947
111
780
728
403
89
493
42
299
488
852
545
802
771
697
142
865
737
316
611
321
242
602
651
573
383
24
899
157
533
196
104
644
328
184
399
417
30
441
716
518
293
613
320
416
311
814
282
400
130
893
721
724
495
373
297
878
749
196
387
282
744
843
927
72
28
678
841
58
120
557
928
765
523
248
182
834
414
464
234
544
357
308
620
204
681
917
434
430
465
822
65
209
17
344
633
45
22
474
455
142
31
383
908
906
983
90
740
397
906
327
293
263
987
913
819
668
182
253
450
647
427
867
208
445
211
841
842
234
667
298
728
51
33
988
957
17
78
50
766
336
377
60
599
716
325
770
384
860
24
186
859
803
54
68
600
265
261
443
851
929
93
580
980
126
568
289
495
999
339
262
335
68
674
287
784
351
57
520
211
433
707
71
237
113
491
837
730
104
632
582
385
77
514
717
556
434
7
51
785
346
665
473
415
339
760
199
691
169
72
254
955
779
677
544
244
168
733
974
625
366
556
362
443
422
80
999
857
439
403
642
785
68
467
552
408
579
104
451
749
176
705
56
307
383
600
551
903
333
525
880
699
434
243
495
856
323
846
65
762
249
60
899
670
527
804
430
107
908
881
208
436
938
264
743
673
864
294
577
197
171
809
249
605
52
96
814
727
942
879
841
544
291
741
214
819
545
996
926
805
229
134
241
167
750
336
193
614
630
122
163
153
931
412
111
984
508
925
711
451
156
553
347
448
646
913
619
543
909
545
348
138
31
941
657
133
277
850
747
259
972
910
412
256
323
875
240
183
800
303
986
309
208
333
109
854
598
728
397
859
625
97
349
8
38
7
141
667
209
888
278
534
150
43
790
825
918
30
9
71
685
995
380
894
681
841
748
631
569
498
491
194
947
840
554
338
847
695
5
409
935
284
943
85
327
85
911
597
115
272
668
152
619
400
46
652
241
147
284
810
645
775
356
592
615
262
282
815
957
288
224
892
924
519
330
603
604
593
200
71
865
221
223
836
621
622
489
863
769
773
25
766
548
734
710
515
996
993
682
954
633
258
198
557
777
880
512
733
473
712
156
690
933
732
527
555
354
368
770
475
141
147
241
41
881
303
908
878
648
591
184
281
849
734
190
627
615
702
712
440
415
869
131
700
601
10
607
955
378
729
782
871
877
23
912
758
678
820
988
327
411
524
608
261
259
151
240
226
853
952
666
620
173
149
321
774
159
280
81
537
10
863
408
887
238
672
997
917
845
338
596
256
862
204
869
473
355
461
699
561
766
718
181
939
867
854
714
27
487
795
916
497
11
325
736
249
349
733
518
194
71
114
803
286
319
672
759
26
134
459
939
252
177
121
191
44
327
905
423
814
53
340
663
416
17
399
665
366
485
184
561
908
298
364
194
969
388
306
348
874
117
287
126
294
760
318
690
88
575
466
254
980
806
918
396
823
317
62
189
154
598
102
415
896
466
609
218
855
915
566
729
32
205
208
678
966
526
721
406
453
539
660
434
345
578
830
520
248
244
61
754
194
164
169
443
982
131
661
837
398
579
919
783
784
479
813
102
5
534
508
458
425
521
244
770
99
427
642
699
23
704
806
218
868
975
13
850
106
674
40
505
605
311
288
389
790
101
844
147
988
352
957
413
873
554
536
325
981
178
376
4
882
182
574
102
158
587
305
616
613
697
121
218
360
761
960
150
863
804
649
203
508
958
968
734
512
504
411
493
683
787
850
917
970
776
372
480
716
677
96
329
374
570
900
734
331
212
236
546
368
237
101
876
195
70
962
708
574
373
553
609
161
755
879
483
532
251
963
600
928
411
929
654
981
181
740
665
393
328
563
761
565
665
638
112
735
952
820
661
326
726
623
487
833
502
970
717
753
933
317
33
696
247
39
678
780
131
343
174
459
906
935
24
923
925
136
658
878
309
672
204
387
295
43
220
797
13
938
902
298
255
287
994
854
678
24
635
809
719
161
268
978
96
644
901
374
132
912
604
793
584
808
180
879
851
753
28
216
43
282
866
650
569
212
857
247
237
844
56
308
5
676
286
453
320
188
827
452
100
431
598
36
591
130
915
794
883
295
362
926
577
228
929
498
793
786
745
382
630
153
690
635
829
977
440
501
517
620
305
969
51
903
5
995
34
272
141
269
567
504
548
496
84
477
994
877
263
91
259
245
244
302
232
425
631
672
278
148
292
935
117
696
839
122
43
225
394
184
846
313
688
394
809
125
223
803
2
838
246
614
83
490
268
667
267
899
692
897
47
984
832
164
32
23
638
427
248
384
612
447
697
652
193
858
777
417
13
132
607
259
98
43
101
366
710
720
265
402
617
664
739
449
180
123
473
818
551
73
554
163
872
603
167
66
461
945
483
826
429
442
85
879
485
538
245
196
258
862
950
227
878
689
28
58
813
501
228
364
927
782
879
799
385
398
865
198
695
700
24
124
143
461
3
628
351
600
176
609
814
127
188
692
168
216
750
333
70
330
49
997
464
928
148
201
327
366
399
22
418
775
499
913
588
854
894
939
455
70
900
269
549
88
962
718
305
64
51
727
747
101
76
211
381
224
413
60
942
164
435
361
292
286
626
232
140
520
524
595
943
424
217
844
865
179
562
522
595
966
249
694
419
325
906
152
901
671
565
844
187
352
557
831
638
183
64
778
56
588
374
351
364
591
195
229
122
110
751
69
76
352
764
847
677
22
351
931
693
268
775
232
620
684
64
258
219
128
37
275
68
763
626
432
706
822
14
828
284
765
249
712
470
365
559
499
387
262
430
432
531
205
17
151
241
81
410
461
561
799
88
629
562
67
413
268
241
427
448
525
545
49
237
15
415
148
866
154
410
297
939
293
854
956
445
96
37
207
909
950
6
997
931
920
416
344
188
657
124
988
182
21
37
771
388
452
919
254
959
682
551
898
975
406
854
772
502
243
979
763
193
337
760
476
257
177
820
797
186
296
785
369
317
823
140
705
627
412
960
586
94
511
484
69
269
338
842
123
581
173
886
126
863
999
602
120
528
775
918
714
71
703
435
741
878
928
798
506
340
758
92
434
622
577
855
243
267
49
367
849
575
605
327
438
604
930
558
132
705
828
199
128
884
634
869
762
562
668
620
254
778
713
688
752
642
896
996
909
945
363
110
520
968
438
958
573
720
869
57
777
49
256
905
933
243
127
48
157
147
668
412
925
381
452
678
23
348
674
285
646
389
747
518
357
537
477
282
257
698
692
34
747
300
292
33
895
419
81
53
566
749
465
491
131
269
521
506
618
547
143
616
936
891
134
646
428
963
280
38
661
324
72
761
625
364
794
520
135
875
573
701
976
390
545
107
660
418
966
630
966
109
246
254
352
380
900
133
344
533
171
357
857
595
470
482
312
264
355
447
491
280
501
468
23
46
927
683
464
245
665
782
707
911
37
411
643
937
544
339
470
67
697
680
663
519
162
975
136
869
774
627
150
275
447
173
673
727
208
490
324
873
272
31
136
309
443
779
599
339
471
69
407
168
749
70
687
264
397
823
485
523
803
635
799
602
160
824
681
720
314
6
945
587
389
81
896
832
213
495
172
684
917
931
204
18
1
243
634
750
419
120
273
574
107
424
176
268
601
210
340
915
216
286
854
605
367
751
790
932
598
314
616
867
245
172
238
598
416
872
348
835
992
973
409
452
750
937
72
703
147
412
618
715
698
473
673
418
576
815
350
526
129
319
394
726
491
632
324
259
504
24
94
849
349
855
653
451
145
725
154
644
137
125
360
188
950
385
606
526
552
308
52
681
627
798
759
471
430
435
730
287
811
177
488
512
384
141
964
529
866
470
174
355
595
886
543
545
623
149
423
175
810
828
208
437
626
319
260
57
754
991
696
565
520
184
77
904
677
393
434
543
864
960
898
811
198
794
709
173
295
132
348
105
960
908
543
939
227
803
996
981
146
44
898
666
228
975
923
905
721
709
800
585
21
50
748
219
844
457
392
140
942
92
245
254
0
140
193
579
296
541
560
794
937
810
461
165
137
736
422
858
445
574
795
466
625
544
37
821
353
429
961
647
873
559
254
225
51
799
804
347
693
716
142
630
526
955
796
663
691
570
874
488
145
669
954
122
565
991
943
271
772
257
918
997
168
524
222
219
324
378
919
17
94
413
647
972
368
795
987
411
718
213
251
863
883
205
337
800
548
280
71
320
889
342
317
57
866
891
277
542
269
548
559
715
961
559
39
681
706
378
444
424
592
695
639
475
900
976
627
800
257
699
120
498
393
789
556
611
32
185
154
301
733
65
368
694
624
407
727
331
137
171
107
729
866
747
556
118
723
184
918
332
235
390
831
628
179
387
239
563
924
745
864
657
811
584
703
787
343
430
470
480
601
578
210
819
325
766
937
400
302
855
733
537
245
564
165
776
303
757
339
579
854
555
588
17
139
291
805
834
73
627
314
26
557
524
845
234
643
782
635
945
989
720
483
586
284
0
714
939
757
405
518
964
312
106
981
803
749
786
637
174
766
951
200
323
476
397
910
471
179
897
416
520
617
899
458
253
252
172
192
9
929
62
973
241
520
955
44
269
93
681
443
211
632
995
887
460
392
797
931
923
694
348
443
311
599
901
564
851
425
108
213
354
170
538
595
42
845
991
311
291
672
106
502
656
101
741
117
845
890
400
768
584
100
563
247
700
816
163
903
241
623
468
947
145
359
894
187
204
885
850
847
557
956
702
213
409
443
682
606
334
83
374
270
183
937
870
235
753
33
139
346
9
959
293
154
318
539
342
875
424
192
722
333
501
776
899
262
572
581
869
258
664
595
880
200
533
750
435
638
136
926
985
145
886
630
299
204
170
993
431
946
538
506
280
39
282
179
653
206
112
522
464
129
118
345
329
3
95
764
641
583
691
978
728
929
961
380
133
131
373
565
429
911
71
709
302
705
240
956
912
705
830
728
834
300
73
163
303
521
279
297
104
322
275
185
251
588
565
737
719
938
654
501
202
77
210
504
134
803
460
46
508
643
775
342
943
200
857
247
721
488
896
178
163
523
363
414
112
280
503
183
570
157
684
772
586
895
277
721
50
89
119
558
732
894
252
676
447
461
275
520
301
171
698
464
694
413
231
806
693
734
990
264
244
674
36
830
921
665
903
323
755
23
881
839
269
485
867
716
298
142
237
600
665
935
416
360
701
647
518
394
382
860
658
978
887
47
808
160
64
64
484
171
87
717
11
356
203
878
73
853
373
310
805
38
597
222
750
298
221
269
45
603
481
55
933
368
102
94
529
167
158
13
690
245
730
701
601
285
932
26
491
305
688
296
343
638
870
94
936
92
363
981
47
196
37
981
565
491
75
446
10
233
811
701
830
893
402
783
531
334
810
22
639
850
670
335
488
893
429
425
985
144
758
384
340
147
365
257
639
792
703
1
377
866
702
207
760
457
343
643
143
505
665
135
355
687
470
844
580
899
621
917
395
731
302
735
879
19
345
870
164
400
871
541
267
574
101
379
383
796
22
526
301
39
661
656
726
483
852
307
734
473
576
129
205
230
217
436
250
562
306
766
962
177
307
581
103
760
960
486
556
982
365
209
373
378
866
100
862
718
759
596
544
335
78
101
566
295
537
168
209
843
934
171
372
593
753
476
706
65
314
614
400
679
824
773
58
42
873
920
760
984
868
656
672
298
757
590
593
646
758
154
841
44
326
214
989
431
42
695
496
356
310
896
36
486
670
94
528
895
366
288
880
586
297
904
885
406
494
830
53
252
985
894
648
663
460
637
94
502
333
942
859
995
191
895
481
861
341
9
108
707
649
340
293
298
244
178
705
738
9
110
342
346
356
342
9
817
980
103
671
665
397
530
12
588
777
493
801
118
854
910
825
855
250
471
154
847
649
211
937
10
321
280
356
677
622
365
846
954
820
518
619
218
48
631
806
826
476
608
296
682
870
122
538
120
945
44
319
594
255
257
957
928
889
665
605
511
31
804
466
203
322
437
421
722
421
580
548
897
188
197
932
58
671
470
530
616
866
850
562
473
459
519
401
348
185
358
211
568
162
29
771
484
467
193
207
240
773
107
137
313
304
69
723
975
891
253
591
757
455
154
582
914
25
983
614
210
342
826
778
856
855
902
341
674
447
900
914
572
359
404
885
664
825
608
991
717
213
935
826
21
441
409
287
466
744
902
29
438
728
159
295
935
61
636
610
508
888
876
80
247
280
317
263
106
277
607
175
491
542
353
512
335
114
799
801
211
701
182
649
781
342
944
69
755
932
31
616
820
907
48
420
540
366
683
646
643
642
173
486
184
878
998
519
345
150
673
556
203
207
205
337
549
150
406
657
82
437
273
255
344
673
675
884
39
710
882
35
353
407
873
889
638
224
761
983
374
786
891
929
993
96
266
895
598
672
552
33
461
177
640
158
850
315
394
242
377
629
277
82
36
502
972
26
726
85
9
452
871
252
382
216
349
648
111
299
673
663
684
134
192
324
292
43
991
39
285
369
668
914
803
704
416
127
83
495
212
444
947
435
697
681
652
398
682
115
697
355
131
382
841
323
58
486
366
50
525
3
771
193
917
574
249
686
702
332
181
266
777
480
702
826
162
706
224
844
173
273
551
304
655
392
980
714
230
698
116
107
702
887
652
971
461
902
657
515
586
190
782
715
671
836
541
833
894
117
29
67
391
580
724
398
324
704
464
907
754
580
14
808
467
667
780
281
921
789
148
507
980
930
575
3
118
468
188
12
586
217
80
977
149
156
375
473
860
840
380
966
772
747
775
592
414
555
225
335
696
373
194
28
304
769
31
422
238
571
787
176
788
219
153
937
375
880
763
587
72
495
553
845
242
328
789
656
235
14
991
932
387
538
312
43
307
344
818
897
267
605
73
56
824
226
345
199
459
460
138
531
956
691
728
198
372
517
207
959
531
550
891
271
88
556
314
396
252
132
293
519
89
719
927
265
945
273
464
756
733
954
640
41
646
368
240
370
238
447
329
121
997
573
392
438
129
59
834
381
543
479
252
633
198
180
898
496
453
715
252
538
669
244
580
667
613
172
389
203
971
719
676
320
644
69
758
773
480
944
506
23
424
758
8
974
290
259
470
743
974
75
634
995
319
566
15
284
738
404
839
61
475
516
381
119
937
140
244
417
84
102
792
860
213
801
835
503
60
657
599
386
84
233
381
404
799
748
40
889
505
880
950
332
396
331
452
333
823
48
102
260
151
894
472
716
695
659
219
755
317
818
493
401
403
227
157
554
975
198
443
480
78
745
813
826
77
617
511
252
17
613
864
520
507
337
236
555
996
808
310
313
978
156
67
382
383
224
936
358
774
732
191
204
477
356
382
906
325
893
159
342
506
23
215
366
712
451
921
709
611
583
374
590
739
793
972
122
370
260
833
144
992
376
701
822
732
83
728
409
977
239
751
835
615
318
201
327
770
474
388
381
58
115
323
149
908
295
624
278
908
457
775
252
833
476
74
917
911
803
326
888
394
429
76
361
748
629
689
870
456
429
603
514
544
927
15
453
574
639
83
482
448
858
735
281
686
161
550
598
316
876
838
711
658
266
72
406
896
113
628
352
543
231
218
439
510
585
892
85
577
328
919
25
538
654
659
225
816
209
175
132
438
365
195
96
984
268
854
232
733
482
584
276
713
154
716
224
91
960
661
668
288
580
46
179
587
705
756
403
266
931
887
704
648
83
800
632
703
654
864
436
488
800
65
202
306
781
778
398
93
791
418
734
371
464
913
958
169
669
713
788
952
601
492
600
36
645
585
739
651
801
527
140
602
592
694
260
725
824
10
819
615
429
905
338
245
818
297
767
839
10
555
791
963
47
743
999
44
328
90
696
482
618
836
436
210
882
696
288
706
59
107
321
840
364
659
85
182
308
852
373
671
759
164
986
159
907
338
203
588
428
899
422
398
87
858
961
969
906
249
675
965
708
348
805
72
360
891
606
20
95
979
691
855
143
30
366
402
368
569
342
796
469
764
547
556
974
508
878
881
757
553
846
465
254
4
889
614
247
495
986
342
826
30
549
969
60
915
723
428
837
418
576
306
534
123
214
509
983
92
742
740
998
940
557
604
944
446
570
191
293
556
886
119
586
787
440
646
55
516
426
892
934
3
550
820
478
764
681
462
209
423
554
559
364
112
163
660
910
733
204
556
289
90
27
228
229
468
874
284
984
301
176
270
656
726
90
134
843
772
948
404
547
503
963
263
615
478
924
877
211
128
785
852
570
813
80
799
281
307
84
617
960
612
239
616
691
681
102
886
805
51
290
353
554
605
616
521
83
892
750
646
20
536
498
942
349
931
742
630
590
178
599
550
142
838
518
833
519
620
71
325
23
713
30
929
318
646
450
753
891
201
399
263
89
250
206
438
533
948
420
123
478
19
673
620
209
543
806
80
515
877
405
539
943
435
820
261
434
271
367
325
824
766
588
265
368
146
703
901
94
123
24
572
494
49
545
55
592
351
135
460
580
893
351
523
680
171
137
114
794
504
791
970
622
732
235
991
878
938
892
325
413
269
249
259
670
146
314
263
497
450
723
430
343
426
953
23
597
442
490
392
298
633
362
921
717
598
264
596
888
508
273
302
777
874
561
448
21
228
63
870
30
138
300
373
564
606
748
161
48
590
553
347
224
268
620
941
866
884
889
754
392
514
408
170
389
322
970
762
550
385
632
580
523
933
305
439
891
405
600
291
996
506
990
572
774
610
513
992
494
755
746
887
621
155
409
10
477
731
772
379
116
757
959
991
690
616
430
581
21
30
224
17
888
215
941
14
825
455
6
672
562
753
911
183
260
672
546
89
403
670
468
871
427
779
862
469
747
292
402
768
674
627
138
563
842
79
929
667
886
936
339
448
41
602
984
301
274
882
742
677
552
562
548
980
693
762
801
440
54
204
208
729
831
346
644
25
778
573
44
664
861
736
465
902
338
801
555
613
683
297
290
235
211
191
567
904
953
721
344
360
925
553
441
108
251
85
133
381
10
177
46
872
913
863
126
252
664
682
865
347
331
507
934
543
50
854
447
356
575
792
716
852
697
157
960
300
594
93
682
956
622
80
180
536
943
307
140
607
989
357
306
320
216
592
863
267
446
663
975
373
455
691
225
504
200
185
156
794
630
838
102
253
918
283
141
213
590
633
172
579
990
478
251
558
71
115
825
869
778
152
243
585
843
820
441
395
6
597
541
988
436
644
593
706
927
86
272
869
719
444
448
709
923
699
620
346
166
797
215
296
950
810
881
145
631
674
541
989
272
82
329
60
78
923
118
5
9
390
226
81
835
674
142
758
726
762
456
244
560
23
541
510
834
774
655
817
801
196
158
73
631
487
133
709
762
251
67
124
642
293
205
477
320
347
587
398
110
395
642
670
418
535
180
604
662
187
421
463
736
931
536
367
419
21
428
533
624
495
657
618
141
862
447
461
562
34
859
672
781
853
694
200
741
226
156
403
413
578
218
501
861
106
868
632
127
297
166
103
144
175
722
285
390
169
98
952
556
957
976
337
163
670
537
904
248
694
659
13
624
877
515
837
983
383
470
462
32
636
565
529
811
287
166
553
457
265
505
13
574
481
702
737
503
592
993
751
638
652
765
614
881
280
451
216
15
921
30
400
909
948
929
73
587
95
626
396
712
132
761
287
965
464
376
821
56
370
924
694
374
41
308
608
321
759
824
689
33
207
441
942
155
722
15
742
817
642
139
882
126
900
169
443
364
545
264
420
267
541
466
642
582
774
250
256
886
426
945
919
633
738
861
788
460
229
883
629
223
22
511
701
922
680
144
639
578
761
411
845
302
878
839
884
4
441
492
890
220
437
161
853
175
375
994
987
604
877
617
179
251
128
880
525
809
376
164
739
489
576
936
791
806
776
28
810
569
520
53
789
310
214
995
837
589
341
825
545
570
442
724
821
922
604
698
731
333
863
822
822
791
759
966
597
887
346
759
456
218
812
598
528
27
945
718
968
286
895
514
208
689
238
381
611
195
79
695
880
294
517
702
85
628
668
34
515
366
794
324
585
606
274
465
985
219
535
954
857
430
820
65
119
410
798
731
957
877
426
837
172
295
540
609
924
560
644
791
927
438
115
864
396
741
329
382
960
865
688
169
295
508
586
767
270
384
850
228
262
276
65
786
923
957
395
847
518
39
639
797
829
106
661
226
848
342
960
160
207
0
682
855
860
268
622
130
653
472
358
267
100
424
405
375
381
800
223
251
840
214
400
21
672
61
247
872
404
559
385
963
559
67
818
419
335
792
550
340
616
260
959
716
684
364
92
418
165
667
21
357
233
422
378
257
835
978
130
239
537
515
555
97
934
373
868
269
166
418
962
134
679
921
851
715
286
295
485
803
314
859
160
899
281
890
156
116
868
638
708
758
153
615
855
439
988
723
709
506
494
23
641
525
944
844
592
582
491
78
385
157
937
897
56
570
788
212
38
656
851
98
414
356
713
621
148
54
697
857
560
191
232
553
68
176
749
660
759
592
738
496
749
27
394
805
949
182
370
988
190
573
438
957
281
152
930
429
206
627
638
118
170
870
24
238
399
773
251
510
366
341
6
115
721
752
273
670
934
995
10
477
568
449
786
201
953
716
983
159
344
621
629
866
844
653
457
243
779
708
105
497
401
463
964
122
216
237
793
502
584
803
979
504
604
765
706
557
834
689
68
530
662
50
396
506
703
205
101
834
265
206
331
667
670
296
789
238
885
934
740
470
738
72
974
694
189
680
252
23
721
672
553
384
722
302
890
778
507
344
612
773
550
944
440
572
592
581
810
477
516
903
299
606
975
274
300
164
306
904
540
28
929
93
764
651
395
6
429
255
350
394
28
253
690
820
825
282
753
988
111
269
891
411
227
218
37
880
734
343
784
274
723
65
368
839
717
115
846
498
370
196
892
750
801
934
922
627
568
676
967
680
945
210
443
525
428
480
405
162
175
541
437
251
607
157
90
324
272
936
174
995
485
67
745
286
353
668
265
922
344
584
954
641
794
397
166
222
229
571
737
404
465
174
7
72
683
98
748
955
386
922
950
223
341
696
862
695
716
127
617
60
64
571
53
858
320
220
433
549
143
170
305
960
696
313
32
379
763
780
686
501
703
989
725
44
37
587
91
753
66
708
165
130
631
218
341
951
790
774
852
286
296
158
246
992
823
279
723
586
411
409
87
114
398
812
511
435
751
602
540
818
663
705
300
294
276
641
598
66
415
450
704
63
608
951
55
431
582
130
369
993
540
457
108
290
621
971
78
725
573
618
895
236
676
195
883
952
189
481
370
956
931
75
20
892
26
427
675
960
558
45
953
450
854
413
92
475
384
170
552
310
141
447
546
169
995
429
121
184
910
491
492
194
566
512
86
944
940
761
904
850
158
210
300
12
623
392
840
360
915
392
670
408
192
568
577
187
350
698
723
260
541
567
806
108
80
244
404
372
6
661
574
516
871
874
529
846
618
369
206
885
113
228
293
305
797
870
844
147
920
919
759
462
487
918
922
919
162
678
643
520
339
217
37
210
443
566
57
413
287
615
299
400
844
944
58
993
167
254
492
87
174
603
901
661
521
175
580
684
854
575
204
193
792
241
756
235
159
813
648
446
780
299
199
624
244
609
969
411
863
461
850
37
65
752
50
586
927
982
622
133
557
827
327
349
420
83
936
932
248
937
730
28
236
929
5
832
890
326
243
754
788
94
143
205
198
194
143
477
176
766
611
86
945
290
787
717
725
76
649
973
13
380
353
601
661
710
434
552
37
29
306
177
123
449
382
673
995
877
151
524
643
762
610
940
52
397
658
777
825
659
102
838
39
807
792
701
870
226
253
907
607
911
436
731
712
170
404
708
47
907
232
43
669
194
335
73
591
993
202
769
653
304
607
44
464
751
97
334
329
702
593
937
613
381
20
326
551
424
386
950
332
618
993
353
812
329
427
755
674
629
524
679
286
484
724
750
587
821
436
917
876
381
854
489
762
874
167
313
650
553
615
334
523
609
688
687
290
467
795
316
448
671
996
734
507
72
836
95
245
624
12
121
5
218
963
767
444
482
432
94
388
48
781
911
9
469
951
651
288
746
967
736
769
315
823
277
739
659
724
337
636
88
810
641
306
773
761
750
256
545
196
644
593
977
907
954
798
210
605
86
308
925
175
78
592
350
707
684
9
783
373
997
871
183
639
529
309
752
631
917
297
827
913
243
805
820
197
955
383
155
394
691
432
569
121
376
919
828
60
280
611
785
278
834
969
269
363
278
21
994
547
318
822
460
561
979
632
111
934
15
618
680
707
50
601
828
426
520
9
839
153
972
624
783
807
945
404
170
575
777
517
122
447
691
582
9
670
215
472
956
582
90
637
289
140
238
470
918
111
479
109
616
803
734
751
610
679
155
133
255
284
650
377
731
341
312
92
363
879
564
319
461
6
308
103
498
899
573
417
362
404
526
330
207
612
81
170
644
588
303
899
872
953
628
955
646
292
48
9
171
612
680
633
619
989
736
117
240
661
886
954
65
765
284
624
377
717
794
21
657
97
272
529
402
901
836
48
545
884
57
717
849
738
350
468
79
86
937
319
747
176
273
164
941
909
788
670
626
935
692
283
32
316
164
787
569
0
835
115
885
245
832
734
983
182
554
62
620
843
733
719
371
358
235
312
267
23
335
893
958
27
528
343
695
692
482
265
692
317
380
929
562
212
663
897
746
569
311
718
413
396
437
784
754
672
449
373
47
784
618
358
163
146
53
858
838
535
475
883
204
855
812
119
419
476
16
517
397
328
235
810
76
24
947
831
48
396
204
96
532
175
806
47
321
211
905
160
98
733
43
302
588
207
421
360
683
790
877
433
470
113
243
546
137
542
377
186
290
934
634
822
109
792
221
782
3
127
942
101
860
337
755
800
545
177
160
580
967
38
13
437
503
609
983
640
151
713
178
794
999
164
616
460
308
838
242
663
317
537
116
529
226
872
681
771
401
194
704
720
232
69
157
735
678
492
727
182
557
258
976
908
422
944
720
731
134
315
746
803
852
863
684
78
735
366
202
136
560
258
856
144
327
365
231
358
209
958
540
119
216
868
27
991
812
100
74
299
415
820
102
619
683
787
49
770
505
251
258
417
861
114
561
189
831
792
547
41
102
439
160
671
307
539
662
471
639
88
770
406
260
873
25
296
12
75
66
869
678
325
286
540
791
199
81
623
991
628
16
445
419
528
116
78
419
130
549
411
570
320
817
831
545
843
127
909
918
545
778
948
222
416
488
14
615
569
989
606
549
5
403
320
533
520
398
952
2
948
715
573
620
533
404
517
376
883
426
646
780
556
946
3
972
435
17
587
356
358
545
258
363
948
578
248
820
977
552
823
277
268
396
897
801
152
766
529
387
192
527
167
100
473
170
72
260
539
659
969
897
556
227
612
504
805
860
325
134
413
500
411
33
896
660
834
400
778
715
787
970
594
954
422
67
477
494
680
368
505
649
266
61
876
878
918
33
91
595
168
856
95
931
889
343
944
75
95
722
142
882
45
736
188
467
155
17
314
835
386
819
484
4
233
360
234
151
746
325
98
914
533
545
197
422
888
493
849
983
568
991
217
613
727
405
432
235
775
746
70
161
918
555
165
151
267
751
654
13
77
752
279
610
297
829
385
537
322
586
872
890
578
89
855
657
846
640
892
621
738
315
134
656
870
651
159
489
403
813
855
832
917
134
442
566
315
179
103
638
766
975
880
696
416
88
353
615
80
598
236
818
913
723
827
135
374
986
624
129
152
479
961
69
966
756
636
281
935
91
271
53
419
504
749
835
592
455
450
24
53
39
842
318
762
669
453
488
8
429
618
512
261
579
933
227
335
921
860
623
13
132
676
432
636
426
619
580
881
70
604
286
461
798
956
575
820
761
63
828
190
33
340
803
613
273
30
300
195
243
923
560
375
600
344
363
378
963
295
259
385
899
897
846
697
853
773
517
614
837
697
156
870
389
960
835
15
342
136
562
585
59
122
312
11
818
27
389
781
322
0
519
573
249
717
271
102
491
140
68
328
190
225
550
579
537
386
594
231
874
508
169
285
630
481
297
800
861
38
582
183
391
101
757
640
818
380
95
661
872
163
341
62
740
892
642
629
630
588
861
856
97
30
141
79
863
790
880
724
829
814
260
220
267
17
212
437
749
307
99
621
471
440
684
563
684
678
193
666
618
54
522
67
436
664
499
299
454
731
24
635
545
636
207
164
5
420
601
754
79
52
375
902
845
411
466
881
441
659
548
60
65
70
127
501
86
626
152
893
357
528
880
254
164
88
418
169
860
372
275
939
424
3
842
269
414
660
151
856
671
51
268
88
473
395
589
560
374
93
805
731
622
685
338
138
125
756
308
337
128
935
629
905
938
823
526
353
483
29
561
154
80
829
242
554
576
183
466
950
628
271
34
250
956
372
741
434
480
401
771
961
336
400
866
275
223
392
980
58
422
541
564
502
722
806
408
650
341
874
953
322
145
987
924
454
711
665
888
543
66
11
504
403
412
370
678
987
763
658
46
537
551
610
39
625
769
800
627
462
674
580
784
820
919
709
626
982
374
514
526
793
525
30
196
289
401
226
277
516
236
675
53
139
285
444
116
406
244
743
869
271
676
653
91
595
714
69
578
441
583
456
234
460
486
782
750
239
8
379
755
244
54
160
735
691
605
851
98
201
594
319
472
270
972
915
218
39
984
148
480
919
604
66
732
442
848
834
682
208
213
789
804
619
950
539
662
907
390
760
460
336
79
285
959
404
552
177
795
537
325
275
808
281
693
540
75
541
374
757
749
939
899
553
910
201
444
573
108
834
685
920
522
765
205
481
521
758
658
316
647
335
943
455
968
636
348
44
529
74
153
278
14
52
183
276
253
627
849
713
813
535
634
335
652
191
817
525
301
827
841
948
515
136
756
835
772
456
879
653
530
385
931
896
437
466
173
43
445
22
756
258
909
742
593
913
286
762
438
587
590
279
536
457
415
644
292
539
100
524
192
630
909
475
879
346
941
52
741
386
426
850
996
336
592
942
249
878
704
40
818
646
319
354
103
87
350
748
978
450
272
523
432
181
998
311
879
292
363
973
30
142
823
27
830
767
969
431
998
25
471
816
672
791
522
127
230
872
875
208
322
499
731
754
32
82
66
912
726
781
885
756
923
60
135
753
827
456
185
825
482
656
641
506
799
515
985
29
387
861
590
709
712
673
816
745
755
882
9
481
663
246
590
939
306
725
692
485
182
877
311
16
886
304
874
685
820
859
715
207
72
657
269
785
330
85
882
86
319
891
919
334
137
509
273
795
587
966
280
769
195
943
137
81
600
11
767
420
870
834
979
943
491
600
80
821
685
962
259
4
853
179
339
342
40
964
137
627
930
769
748
478
713
885
911
313
248
678
85
471
864
416
414
707
17
846
881
54
808
492
411
661
671
102
355
64
66
492
691
349
613
440
179
678
677
90
343
278
121
428
749
985
197
515
45
566
361
926
972
169
418
383
182
442
837
537
506
904
381
549
605
994
341
784
25
371
226
368
649
347
149
750
685
346
617
730
912
978
8
236
499
426
620
33
220
457
570
78
713
303
628
670
649
321
806
674
692
33
43
693
380
192
795
65
890
412
147
154
742
155
390
241
934
10
626
154
820
548
585
885
851
565
556
501
886
362
175
931
395
570
624
128
114
420
545
4
184
693
158
927
200
549
520
134
911
147
641
731
695
226
617
899
143
525
400
29
239
927
312
987
850
937
115
964
709
660
969
893
705
127
172
906
28
693
40
940
192
33
671
239
259
640
138
402
517
890
784
757
818
96
744
20
385
859
984
446
871
305
692
929
433
864
835
461
909
227
753
101
261
777
341
872
417
479
627
935
370
411
44
540
859
788
560
245
999
896
691
870
202
383
799
987
600
986
800
509
214
554
611
475
331
952
699
748
783
326
35
505
737
79
397
949
867
309
194
218
206
237
89
408
973
240
747
573
579
547
82
793
101
693
620
432
997
319
533
133
646
920
990
735
0
388
684
219
697
230
438
903
468
879
663
793
471
410
366
50
958
448
195
411
494
167
844
843
839
729
328
837
649
319
572
1
707
609
221
404
191
11
660
659
242
675
804
65
438
170
468
748
971
663
159
465
183
355
660
22
84
989
859
734
660
783
735
367
744
308
123
936
671
135
947
265
811
752
331
249
922
799
349
893
814
508
710
997
864
723
371
948
64
230
34
724
366
770
443
110
430
918
46
102
54
994
719
217
746
50
818
20
201
167
266
368
675
328
717
891
51
89
840
467
671
226
191
37
348
986
148
779
905
194
233
311
188
952
528
286
355
698
307
556
217
925
276
892
253
994
136
305
435
328
772
106
554
316
144
903
302
292
682
559
838
267
870
379
219
750
17
926
800
676
483
17
601
111
262
855
105
398
160
892
726
284
999
632
952
495
535
255
139
569
166
977
836
389
708
408
139
726
334
292
402
169
309
4
281
571
859
738
321
371
631
47
7
630
680
960
125
567
567
264
137
733
593
973
122
302
733
614
28
68
906
430
237
215
786
518
139
645
257
460
368
240
860
376
870
892
336
347
811
903
963
948
988
556
274
111
210
7
725
238
75
983
21
665
550
807
183
41
805
792
854
173
384
714
901
606
958
237
953
769
492
268
70
481
177
344
944
387
703
21
978
131
4
999
796
906
158
331
948
315
476
802
841
860
868
742
467
178
332
772
947
824
41
369
657
218
65
601
605
769
622
583
252
978
934
48
885
445
731
833
760
207
987
601
68
855
344
887
33
28
659
332
852
52
702
862
270
767
463
228
888
438
163
140
768
450
540
653
895
272
838
655
479
825
609
899
680
305
786
65
333
798
398
537
850
100
399
473
219
215
53
108
5
216
600
773
18
141
779
913
413
617
921
244
443
530
144
475
835
930
541
520
80
291
57
931
743
809
756
962
376
809
422
381
377
23
506
396
516
285
309
929
903
582
173
698
112
669
525
299
952
418
819
32
709
229
963
452
390
71
767
766
880
189
499
258
564
5
654
80
643
315
361
546
898
887
596
362
556
121
662
508
892
833
541
601
414
856
54
804
928
173
570
160
362
421
418
279
427
424
359
70
740
73
968
638
960
916
352
516
389
14
377
281
200
270
883
614
126
289
771
406
462
693
567
176
115
337
455
894
762
167
964
854
240
284
844
552
200
196
68
589
211
797
223
763
67
106
729
194
747
500
952
561
546
871
737
661
209
545
555
323
64
871
177
656
507
21
208
707
217
628
648
780
426
871
895
493
329
625
39
428
477
344
989
23
215
79
36
776
624
943
451
40
814
980
696
321
1
256
380
571
884
381
703
310
604
951
156
934
576
547
714
53
891
704
429
459
783
465
235
759
409
687
799
575
667
847
249
21
103
981
944
987
362
999
650
967
950
158
253
878
705
967
932
949
23
713
408
806
178
643
917
939
682
68
515
702
915
764
75
370
745
371
710
460
370
360
779
673
870
384
551
927
703
835
876
727
548
284
885
79
280
803
18
314
871
533
16
139
297
443
509
395
814
219
855
537
931
634
210
801
18
761
729
721
949
957
448
497
242
686
576
874
489
595
188
712
480
557
851
778
0
361
525
167
580
380
704
512
366
266
665
384
379
746
457
328
704
258
178
298
944
106
172
785
701
712
497
182
269
349
312
622
710
837
789
290
569
845
154
935
463
820
671
842
566
480
523
622
738
53
920
34
159
92
819
861
805
317
395
426
18
59
48
728
896
189
370
817
34
877
752
849
697
775
44
615
255
919
238
994
972
158
28
131
603
200
344
760
517
91
186
535
150
587
615
46
776
337
215
163
214
967
12
911
742
408
879
998
327
117
344
299
627
724
431
230
924
127
342
793
219
881
680
369
468
647
768
596
985
983
759
199
303
124
463
397
884
694
747
212
811
91
511
438
168
294
21
444
774
363
590
993
596
622
714
64
270
482
661
607
818
772
158
121
248
973
518
133
667
618
697
478
61
560
269
229
855
642
26
981
357
616
974
954
238
688
370
860
523
31
467
341
156
978
814
756
951
684
241
619
302
938
449
716
499
70
945
706
712
323
39
70
939
13
24
530
53
394
742
928
778
562
621
286
540
787
394
491
472
988
462
126
926
912
194
777
982
492
835
695
815
226
117
755
591
493
637
645
239
379
925
369
941
899
655
833
686
402
325
510
390
139
989
668
51
183
798
386
675
985
433
491
212
550
598
803
395
587
800
634
318
726
4
260
977
11
93
663
765
770
526
155
910
515
176
313
50
974
699
726
959
484
569
523
34
519
327
781
106
127
416
424
205
772
36
182
135
482
198
901
604
724
408
866
591
584
180
641
558
231
719
870
716
640
393
102
159
720
884
617
200
652
394
405
424
782
940
911
616
138
812
221
214
221
87
805
805
619
798
716
851
870
586
567
510
331
21
22
52
257
991
604
909
737
9
685
520
301
597
488
791
761
709
357
982
149
514
140
768
313
856
619
183
794
538
693
125
912
67
529
169
59
133
79
796
495
116
668
148
65
157
940
827
866
297
809
15
812
301
136
477
509
755
660
303
646
705
781
558
125
310
79
184
796
158
980
291
627
1
439
692
158
731
519
376
381
681
392
545
982
880
22
492
987
34
147
633
91
928
543
216
591
623
400
387
133
733
30
760
734
469
453
244
553
324
620
934
5
364
479
340
244
501
832
232
887
331
865
978
260
761
195
203
384
947
590
517
32
620
630
118
441
435
362
994
759
983
928
765
347
759
105
592
612
289
824
499
972
41
478
584
802
25
787
538
324
729
408
357
349
38
475
143
825
838
137
584
821
418
701
520
529
158
112
142
799
936
641
772
330
471
356
484
848
144
23
173
873
783
882
575
173
709
718
998
899
207
582
72
977
636
593
507
794
705
649
594
994
642
366
324
114
74
808
314
570
183
487
796
966
721
723
139
431
441
137
330
0
72
403
978
708
348
837
502
53
486
448
47
128
166
723
594
241
532
909
163
715
748
959
34
470
682
173
253
475
663
935
828
735
690
806
443
38
995
945
444
481
394
491
961
912
215
908
153
99
169
317
166
917
628
200
739
663
726
344
138
389
632
966
124
322
124
919
713
119
216
157
952
962
0
266
875
215
526
28
666
695
697
185
612
326
385
704
989
463
400
479
852
32
798
328
355
274
599
420
746
816
577
50
778
577
316
653
145
842
34
811
537
731
348
502
409
86
558
750
549
958
582
754
991
380
434
698
654
34
118
752
850
695
803
628
624
119
634
769
314
668
933
203
751
281
705
161
367
615
263
269
574
845
23
917
577
809
615
232
843
733
336
693
780
139
674
404
611
308
526
925
328
459
480
79
92
538
592
812
153
856
81
727
53
456
644
631
265
611
215
109
344
551
154
124
691
180
881
654
840
407
931
168
218
411
600
310
949
544
474
103
400
555
182
806
363
179
437
629
790
652
90
135
203
596
611
246
129
492
900
969
251
183
490
469
595
90
132
544
634
606
647
387
514
830
193
229
361
982
210
151
634
300
638
189
249
250
788
378
94
40
699
698
224
541
167
819
983
651
363
970
610
363
357
476
545
902
705
906
884
916
57
870
568
48
411
817
298
199
547
744
240
599
442
464
140
962
635
124
613
350
94
223
713
803
51
610
57
757
868
941
673
278
163
241
326
574
411
976
126
310
720
366
909
163
182
402
125
817
526
90
519
620
666
585
775
717
195
832
474
416
125
499
694
288
93
20
214
856
996
340
166
68
706
428
231
240
830
708
409
708
799
929
328
465
866
455
182
413
287
657
829
412
508
523
52
601
895
266
457
243
607
976
312
665
404
895
258
586
604
667
294
755
948
974
220
814
429
402
228
716
411
57
480
272
933
532
873
180
798
683
776
757
11
440
423
767
335
681
353
291
700
999
46
649
973
618
463
754
21
43
822
784
101
654
56
386
186
282
566
336
317
342
94
328
782
869
95
470
902
800
113
602
799
160
603
124
778
419
230
151
462
404
288
915
58
696
301
244
330
220
932
647
914
26
327
49
247
774
519
149
574
632
104
725
144
707
201
275
478
431
426
941
835
66
208
893
763
862
489
445
82
422
93
348
800
772
397
48
547
268
549
121
901
653
199
397
713
400
672
543
832
451
836
19
517
45
265
632
907
106
78
341
528
523
41
681
295
439
729
194
707
278
668
960
284
867
358
349
267
30
892
451
833
729
471
351
126
88
335
33
194
413
726
75
288
767
756
584
558
837
778
266
115
446
578
751
665
936
452
933
319
345
736
152
426
559
855
552
647
191
937
194
956
663
269
245
782
25
829
693
862
959
959
329
758
889
433
423
826
885
708
497
582
797
1
8
356
857
560
356
400
497
550
356
512
171
601
647
196
782
340
410
742
651
91
852
540
524
627
718
762
688
215
344
485
217
353
193
426
265
901
826
763
803
182
627
974
784
274
522
566
966
284
660
617
376
864
158
252
492
228
366
180
444
711
17
13
416
562
439
681
464
265
796
267
799
776
594
583
50
116
502
369
401
514
986
129
379
496
733
871
725
100
403
521
811
772
534
579
334
325
612
150
942
409
770
741
185
364
325
587
480
179
956
233
693
295
714
72
143
448
295
868
548
698
741
711
470
627
290
157
952
902
307
894
663
77
988
200
441
313
140
274
844
448
859
537
743
574
610
887
374
905
107
922
956
201
633
778
828
923
287
133
177
595
379
193
24
367
393
818
32
885
444
876
334
303
414
429
229
376
668
603
633
128
877
941
329
510
720
509
785
7
642
315
954
22
508
979
741
901
149
774
139
593
650
473
248
416
902
830
792
923
785
778
51
663
719
380
173
439
889
311
799
884
626
753
258
134
84
999
387
585
773
526
178
776
999
779
544
254
609
337
177
394
115
580
57
834
960
583
626
201
894
777
85
520
882
343
6
967
343
393
904
468
920
435
596
271
214
141
877
175
830
406
569
297
986
979
483
298
914
109
500
808
886
937
680
769
281
686
88
976
431
344
796
351
779
393
975
993
886
204
168
716
611
90
13
597
421
496
896
335
958
748
495
196
685
527
317
318
565
757
294
996
102
91
700
881
836
675
227
722
879
395
790
842
837
155
792
610
3
40
945
313
788
792
510
825
319
179
144
884
937
438
233
391
881
933
624
69
960
851
143
191
599
933
34
788
440
826
399
444
866
344
757
6
489
619
831
808
799
975
45
88
766
278
831
999
563
455
69
523
659
212
66
258
498
100
46
290
278
445
734
496
142
844
502
631
463
686
791
614
13
188
54
779
818
237
779
381
693
200
256
704
764
323
962
614
775
360
905
406
158
639
902
300
835
757
283
299
443
74
265
456
615
672
588
433
909
719
815
954
919
423
658
35
746
972
650
874
333
555
280
491
194
182
143
30
291
426
681
86
852
298
895
467
970
483
901
232
554
68
538
473
491
197
860
590
521
510
816
854
65
96
697
612
630
840
994
922
618
27
8
471
677
903
938
648
738
191
232
292
259
770
117
103
319
978
45
193
488
861
399
906
957
97
870
587
289
864
861
908
243
870
379
920
125
669
920
864
861
504
508
120
627
626
575
298
956
620
491
444
481
891
702
790
340
572
730
629
788
591
537
383
813
268
304
939
938
224
155
151
81
663
623
708
641
199
6
597
171
498
394
653
389
448
795
729
373
525
710
161
469
600
897
282
868
201
573
158
777
80
309
858
96
933
566
737
484
573
687
655
423
433
660
164
881
456
893
254
333
955
768
802
555
665
437
776
866
10
286
995
91
596
854
539
881
772
628
717
697
315
372
120
748
385
284
982
193
529
236
878
837
4
681
392
669
118
520
887
480
807
235
923
403
441
462
636
213
91
353
263
758
77
383
859
814
20
841
359
901
77
238
738
434
919
483
455
389
3
695
869
810
930
145
565
371
607
553
936
50
258
199
809
688
935
668
854
307
861
214
208
938
452
299
724
723
134
532
112
137
227
333
300
157
478
217
880
86
123
816
488
381
368
297
421
655
317
276
962
178
490
522
469
942
173
545
665
307
77
129
797
304
462
97
813
941
666
45
379
789
214
867
523
582
517
944
237
186
220
199
365
62
73
186
4
247
731
21
554
809
150
351
465
965
800
631
906
819
676
637
608
890
856
483
472
725
428
61
912
0
612
629
63
686
167
419
285
898
793
839
59
943
543
877
260
695
508
518
514
184
155
475
427
364
958
251
89
738
313
353
91
277
982
506
963
501
277
600
400
70
440
811
366
335
688
626
382
548
145
897
85
652
724
512
16
34
763
458
125
428
811
216
706
146
74
21
647
351
622
399
774
414
211
140
101
251
118
483
152
263
732
237
268
456
101
284
843
216
94
968
645
906
184
703
404
258
76
51
961
50
803
735
816
366
227
269
617
346
105
121
609
837
358
229
646
459
514
489
28
608
457
673
866
993
728
270
603
156
674
564
207
477
652
375
843
879
645
812
225
750
286
187
939
644
416
585
456
282
426
484
243
235
509
109
580
237
732
183
745
758
100
952
587
752
680
782
983
325
594
209
427
880
748
366
877
164
304
685
447
730
169
42
318
30
151
898
619
235
434
364
993
534
669
932
638
349
714
621
26
661
182
453
893
930
819
770
95
475
807
894
558
328
936
876
358
439
774
977
27
560
694
372
94
363
305
84
712
19
706
738
680
888
543
574
819
714
696
266
190
504
512
748
832
800
976
543
239
102
520
618
663
214
991
757
929
648
842
993
667
900
731
700
788
626
626
959
341
674
225
531
178
89
631
363
889
607
906
481
709
778
99
372
345
442
482
274
90
324
268
110
576
351
810
364
330
436
676
671
110
253
554
641
343
185
356
584
792
614
65
501
744
517
226
441
311
708
716
402
384
336
512
960
39
674
676
369
462
352
392
924
606
946
917
301
131
273
885
275
239
951
129
984
820
355
425
131
63
493
885
447
181
397
759
573
423
435
294
885
788
687
162
746
633
79
47
117
705
932
392
944
235
521
280
407
876
58
539
291
903
424
90
85
174
849
10
597
285
304
835
425
343
997
171
977
428
570
94
133
854
838
430
442
360
710
849
588
120
388
880
24
165
970
461
339
172
471
288
457
127
475
234
471
824
757
800
253
327
246
386
533
84
168
975
796
879
825
385
351
565
617
375
82
939
836
773
111
659
414
920
787
889
154
610
714
263
762
319
590
8
57
476
444
226
451
241
457
628
978
808
546
947
184
980
886
372
754
350
32
168
270
171
409
777
781
475
40
895
794
983
903
852
459
699
78
262
292
535
891
270
343
789
569
879
769
456
252
875
806
284
43
428
455
805
205
588
280
246
483
75
229
738
927
40
437
357
302
730
892
545
352
587
334
274
467
456
730
719
331
888
355
727
316
162
884
522
750
164
120
585
591
701
675
518
741
464
227
395
194
119
941
899
59
627
173
526
435
255
597
119
495
952
198
811
114
82
685
216
246
157
153
838
858
828
708
951
292
936
347
839
407
640
90
466
619
615
344
55
870
293
174
365
597
372
528
711
806
566
279
52
723
432
242
582
612
303
885
905
239
584
96
998
224
186
817
844
153
161
251
23
807
777
740
404
501
268
468
307
834
747
711
910
532
954
492
496
257
729
753
848
314
849
846
890
387
15
734
540
529
337
915
336
114
655
740
967
276
560
274
462
660
986
372
544
292
216
40
901
946
794
101
260
995
299
150
383
315
237
275
844
926
191
180
41
198
272
360
474
185
635
937
845
973
661
389
617
878
429
870
824
575
971
436
571
270
938
306
937
527
581
781
454
772
313
847
971
938
207
797
123
194
86
968
519
748
709
136
626
490
6
802
66
329
590
989
952
880
295
889
408
876
671
214
1
336
413
324
274
972
473
397
519
560
365
38
308
426
527
286
917
533
440
983
215
30
972
167
262
267
56
22
495
79
236
848
416
1
172
690
974
998
88
493
558
805
883
218
232
410
856
149
296
296
484
511
678
808
678
940
427
86
315
922
166
551
771
582
905
295
272
879
293
712
724
203
518
607
421
102
370
629
603
666
925
87
177
955
247
207
248
674
293
563
596
459
466
719
393
371
367
18
602
12
730
678
216
600
638
989
702
8
619
657
674
896
96
203
204
343
410
452
17
55
367
614
867
833
685
260
557
52
278
511
417
9
190
633
609
828
974
664
836
945
321
862
194
418
65
398
113
827
202
131
882
921
97
101
106
782
362
663
187
992
175
604
1
717
589
963
545
563
979
733
861
652
947
55
422
364
805
536
191
7
667
425
280
764
527
386
898
241
50
85
233
577
689
587
294
630
902
191
546
881
276
407
533
223
814
308
587
619
844
130
978
863
907
258
627
434
644
877
27
46
963
261
975
4
848
621
635
750
812
181
983
88
940
868
663
754
176
250
725
372
732
703
235
640
313
214
74
309
92
454
708
55
715
683
411
915
657
46
17
469
579
0
910
519
868
573
625
397
176
350
769
908
405
5
548
70
571
975
380
663
429
440
70
496
475
834
411
132
880
428
954
812
428
864
331
648
789
309
45
965
659
815
874
417
172
774
487
95
749
219
111
178
11
181
674
487
367
437
971
248
865
925
60
645
141
743
646
931
404
691
896
64
858
122
833
382
897
672
478
998
892
589
177
255
122
203
742
490
993
714
90
858
991
502
856
133
597
502
416
2
545
664
418
756
787
251
490
36
275
968
34
167
909
563
423
384
119
517
226
112
583
316
322
575
170
530
60
767
32
476
121
930
140
539
38
279
142
528
667
418
849
702
937
758
617
712
494
736
230
720
200
165
36
523
740
558
53
152
326
438
628
799
720
121
339
758
752
833
638
420
603
487
474
541
598
91
253
92
180
835
813
380
1
201
255
93
760
661
598
438
99
578
237
171
699
928
281
804
114
919
224
717
759
698
258
357
141
864
801
673
51
614
406
404
168
661
498
928
322
448
718
773
26
955
296
78
236
577
882
350
497
458
419
608
508
30
965
649
894
118
323
297
733
729
702
901
742
200
181
417
0
899
190
26
206
487
104
794
416
338
496
913
796
916
873
304
946
190
306
192
309
981
489
42
710
191
295
804
743
828
221
743
727
764
122
285
251
578
80
667
917
928
933
65
844
158
370
142
349
676
334
658
657
176
52
719
719
699
523
463
527
97
558
606
861
680
243
464
259
323
483
528
252
768
593
448
927
315
591
276
343
277
934
352
805
338
71
525
37
947
988
916
396
898
522
257
931
765
721
542
441
204
70
45
973
15
845
252
331
436
528
674
66
814
27
871
504
450
396
541
749
736
809
145
987
331
754
918
448
475
460
241
32
882
638
357
897
484
609
228
272
489
255
338
655
282
562
159
84
310
52
186
399
861
331
386
544
86
304
344
913
116
586
297
998
576
654
895
60
615
476
333
104
731
23
111
365
937
270
449
248
674
987
999
535
319
385
431
757
41
776
22
157
714
320
507
290
326
402
703
942
878
388
398
609
763
510
326
701
132
776
301
159
115
300
694
786
37
126
543
78
254
918
587
968
590
94
610
916
848
313
210
79
701
609
40
817
471
367
518
955
495
171
114
610
823
161
397
860
639
292
290
893
210
229
213
800
323
823
69
523
489
279
602
542
888
643
359
711
10
877
667
505
48
133
115
223
294
512
83
933
805
373
826
367
602
391
520
277
215
589
801
704
868
755
246
109
398
606
172
408
835
191
265
236
325
381
459
971
245
895
905
402
620
83
122
575
475
642
852
42
231
5
98
451
761
696
912
511
654
85
920
490
276
537
78
953
270
889
925
516
784
830
270
405
265
744
332
740
386
536
134
969
894
232
773
655
281
685
518
935
770
438
777
399
328
855
352
598
97
277
466
881
107
737
638
725
481
970
817
220
859
952
541
753
536
314
408
817
0
278
753
122
717
530
521
397
738
874
995
835
151
462
68
611
551
59
688
384
381
505
604
240
457
146
993
346
812
753
163
812
32
268
287
101
151
808
498
241
34
493
76
538
955
496
501
858
555
189
243
289
694
847
529
504
345
875
850
510
628
365
674
660
986
961
113
137
770
611
378
156
457
806
694
764
654
547
623
210
736
866
851
783
65
380
287
763
255
489
273
236
206
947
248
192
909
362
681
31
325
59
187
782
217
234
547
872
781
522
434
870
388
285
653
453
17
940
216
625
781
841
861
987
789
109
532
698
823
213
81
149
625
620
283
194
854
830
66
988
352
500
858
92
137
511
898
155
803
466
132
584
308
993
923
97
454
455
147
278
21
228
427
998
200
710
192
407
893
259
395
597
111
605
690
601
116
940
108
919
406
240
855
714
233
778
163
687
586
310
317
959
890
744
957
91
807
149
498
700
408
245
649
872
850
691
473
966
631
581
237
38
821
444
104
406
574
268
445
512
578
763
471
821
859
428
264
666
578
762
718
338
359
720
210
209
411
35
527
43
616
116
433
789
560
537
195
486
805
993
999
736
756
470
557
615
899
821
634
829
935
704
519
294
424
730
503
836
765
30
231
734
498
664
523
58
201
71
544
359
64
895
95
172
366
652
139
617
825
773
798
760
478
317
54
902
399
909
90
165
291
321
251
789
985
774
199
539
197
95
250
613
991
345
785
709
349
277
678
526
50
476
286
880
793
692
135
193
953
225
710
244
899
961
385
236
87
936
127
285
31
377
250
374
74
36
435
423
313
113
949
715
589
587
948
735
631
83
280
584
660
990
180
911
303
917
148
742
853
275
379
237
5
630
963
79
666
399
503
331
864
804
46
454
744
346
541
375
429
821
312
442
163
844
353
466
762
853
560
967
129
940
556
134
570
520
213
588
271
68
919
135
225
317
941
969
664
482
696
445
303
8
887
466
853
593
284
967
446
845
934
927
137
491
61
707
363
627
295
634
47
214
121
272
883
63
593
547
897
290
993
201
650
232
19
855
825
656
822
624
853
109
551
990
952
965
697
315
592
344
301
991
910
774
616
793
837
209
693
87
851
686
288
854
270
659
709
448
667
884
72
520
993
623
862
945
588
911
260
532
255
913
524
165
687
140
311
877
701
4
964
905
42
604
759
312
615
820
760
283
704
832
155
697
456
370
642
396
281
254
929
537
519
805
54
559
945
717
436
998
721
752
255
763
708
14
76
323
187
188
958
891
373
466
589
181
836
583
577
117
190
506
6
61
311
413
620
608
130
408
959
852
160
214
967
220
581
395
544
768
584
854
11
957
672
600
138
508
536
67
978
78
926
336
139
237
749
112
198
232
520
509
436
33
723
403
253
656
799
149
776
735
356
788
44
28
740
182
537
276
601
867
706
527
203
198
117
305
310
315
537
182
176
973
215
251
728
821
908
527
970
36
614
678
824
658
707
565
192
596
193
794
463
900
321
666
450
438
971
760
105
860
942
281
185
510
533
914
331
793
793
653
829
408
332
654
66
391
571
259
987
764
405
802
16
726
468
466
165
792
578
622
4
873
904
190
383
789
104
66
582
897
71
763
305
755
769
724
146
340
335
485
457
740
287
825
818
108
644
335
900
222
958
256
447
214
446
182
3
550
248
937
800
672
52
457
427
822
533
926
514
868
411
971
960
699
797
779
807
793
114
59
367
72
315
815
286
762
997
641
664
598
930
816
622
983
274
49
805
807
975
319
28
387
643
988
86
792
119
245
585
234
304
952
658
619
119
297
733
469
290
750
67
221
566
41
204
192
90
361
352
418
680
732
805
675
72
243
467
192
488
52
426
144
357
436
115
476
733
201
945
24
951
364
597
869
405
801
414
848
514
118
266
194
850
423
222
922
666
689
114
506
94
892
2
451
681
117
279
414
318
577
790
621
941
387
843
699
540
257
899
54
375
165
601
577
588
823
851
606
864
318
112
958
210
114
761
243
583
41
658
902
618
800
875
911
540
718
610
432
327
509
487
54
26
440
631
614
615
483
220
479
801
684
438
363
150
199
607
734
592
617
988
210
769
863
122
661
934
84
94
261
946
933
316
972
373
947
939
988
782
511
819
935
196
257
651
698
809
610
432
753
579
772
964
700
988
438
362
922
522
456
183
820
389
851
793
114
151
732
102
285
243
921
221
791
531
224
490
692
834
274
445
765
47
409
465
35
199
827
309
722
635
844
542
376
696
687
490
847
771
592
132
367
866
705
158
749
929
0
441
115
275
238
880
674
648
698
709
199
877
370
921
513
214
816
889
910
855
380
109
627
324
594
994
542
299
504
291
581
857
84
696
484
323
929
158
323
627
219
522
856
589
796
369
803
964
611
66
819
343
175
446
19
769
792
562
421
649
205
2
858
290
50
342
965
979
500
288
958
719
162
815
660
958
536
463
922
147
529
742
842
57
540
862
178
685
776
599
686
333
601
544
975
652
886
940
983
738
580
942
457
743
109
117
701
645
932
624
145
814
718
339
223
610
553
401
647
329
1
333
663
602
229
990
606
467
931
590
205
511
884
14
254
993
483
308
990
416
932
487
582
2
827
805
612
380
206
612
62
207
945
77
162
175
67
768
994
998
710
200
862
594
214
116
939
698
776
930
466
60
769
48
62
596
205
27
329
411
639
743
971
936
820
485
463
887
605
458
238
316
658
100
262
224
568
202
274
345
132
740
405
253
140
820
850
697
199
531
109
838
274
432
126
446
917
590
333
522
48
571
190
58
23
453
282
592
655
909
289
139
1
46
392
494
866
594
191
65
477
652
255
751
84
382
197
353
324
883
228
372
806
418
782
830
223
416
774
878
325
415
369
327
461
762
173
680
708
364
745
186
17
353
289
101
87
839
807
411
722
35
783
880
453
917
710
677
333
836
907
659
251
277
338
713
391
511
393
99
227
490
637
244
195
927
698
282
766
505
693
840
540
828
720
345
97
783
22
431
619
282
442
223
559
132
288
302
995
33
753
222
875
391
467
71
670
165
705
788
22
751
980
562
579
700
907
29
835
282
460
807
564
254
30
475
386
318
129
381
351
882
603
578
625
422
649
295
587
355
83
961
106
415
875
37
468
783
66
303
417
878
462
333
132
492
160
870
162
289
251
865
171
207
444
797
629
445
444
217
800
880
530
258
295
406
648
763
541
66
419
958
945
881
643
429
726
803
300
240
92
551
106
615
758
902
412
740
699
209
309
852
89
839
110
736
245
110
500
786
177
919
96
474
152
739
903
878
542
555
119
634
107
577
250
217
831
14
309
530
575
618
382
664
458
845
401
703
307
253
842
484
524
938
958
676
30
214
907
572
769
26
559
228
955
161
798
138
527
107
668
103
726
403
119
184
600
872
239
907
125
81
744
1
372
702
678
402
268
937
326
38
315
885
266
270
398
64
408
926
524
428
29
250
183
148
786
135
373
25
43
850
459
139
852
183
841
882
937
110
819
263
500
134
149
118
756
547
183
516
825
59
296
854
309
832
355
447
967
80
472
362
930
283
501
782
818
695
664
755
157
835
19
657
969
520
775
77
419
310
593
245
369
890
451
30
722
158
477
41
238
302
404
169
937
905
303
756
600
968
511
757
803
530
414
125
402
542
202
822
852
148
67
574
38
870
604
112
29
434
153
619
736
909
788
25
815
92
781
767
412
293
525
567
175
291
44
578
185
247
752
38
747
819
964
137
41
568
249
70
354
754
690
90
664
830
468
831
274
249
598
686
894
475
254
422
767
298
0
304
897
104
342
644
275
658
781
316
227
382
739
581
489
781
24
153
611
492
984
886
93
582
924
340
58
530
762
177
181
114
833
78
218
176
75
493
186
208
809
413
943
548
347
432
681
723
937
293
567
921
531
660
855
455
0
265
986
762
794
167
228
628
597
446
156
24
939
342
585
101
108
528
1
455
312
683
530
249
328
97
522
859
109
729
314
462
995
652
224
141
171
805
769
121
251
277
145
543
620
82
644
728
962
997
535
274
680
417
875
8
514
397
219
623
127
534
85
474
538
662
615
710
467
737
183
70
14
328
613
986
763
609
66
725
607
953
0
639
370
875
648
884
625
867
860
104
753
297
930
644
311
897
706
130
634
889
201
1
569
166
987
332
776
406
58
735
359
410
374
730
637
374
966
262
594
178
718
699
828
648
343
139
546
49
622
180
938
175
533
508
693
873
840
821
279
250
556
638
660
283
720
298
657
39
560
251
217
279
303
397
279
646
537
825
696
511
358
986
686
891
494
731
764
687
553
395
937
109
386
598
392
106
248
402
497
808
5
715
439
308
112
71
955
1
896
3
864
606
989
902
498
836
634
614
875
187
362
164
296
748
114
41
206
362
443
704
523
800
771
314
109
235
385
416
237
634
419
453
240
760
356
90
948
990
57
175
177
419
340
825
519
806
218
725
169
13
781
44
814
552
358
923
788
96
691
377
730
462
830
322
574
538
413
875
880
470
50
57
241
742
235
760
549
453
837
718
819
619
114
633
523
472
908
311
920
599
40
650
413
223
973
987
761
738
862
642
560
913
51
801
7
638
913
556
444
750
626
263
721
740
248
245
565
156
908
485
107
949
488
520
172
813
859
285
551
722
279
111
987
683
264
994
673
177
551
117
279
529
732
1
270
980
246
835
488
154
672
947
455
160
467
979
973
679
265
876
401
896
339
740
931
603
86
605
132
989
74
412
519
807
765
141
139
11
976
628
517
0
927
973
161
395
952
486
74
569
363
827
818
702
919
749
658
5
706
142
347
781
554
866
588
319
7
79
682
335
59
552
335
987
525
848
734
829
335
160
751
698
339
569
752
258
670
762
615
377
905
962
158
811
180
98
483
539
177
165
226
589
717
562
928
594
410
662
424
97
822
175
147
161
96
252
771
766
14
738
143
919
53
653
83
585
751
566
125
281
731
351
222
801
265
150
395
28
812
171
125
986
698
273
499
794
525
622
913
539
360
56
811
413
62
894
999
813
812
476
446
543
179
668
696
445
170
92
473
982
615
598
320
314
223
819
108
748
441
21
640
154
430
803
919
492
49
270
657
861
746
456
404
926
476
453
371
647
545
196
981
512
794
302
826
370
473
287
118
267
660
110
421
442
913
340
934
962
963
944
823
709
752
580
987
228
33
710
227
930
906
561
442
53
863
621
423
688
908
893
955
568
4
728
11
917
421
297
880
384
593
55
93
697
635
433
278
20
143
505
302
50
66
97
455
281
718
878
970
626
771
277
546
775
6
909
693
427
559
925
811
152
332
256
850
968
689
128
340
833
985
643
235
52
740
690
685
458
920
655
436
43
285
334
819
291
244
864
718
803
141
881
307
473
137
157
793
179
637
134
364
975
129
599
379
221
641
64
679
913
72
467
956
357
801
775
648
397
991
718
200
484
951
860
958
88
369
751
619
7
237
983
334
366
582
713
587
575
777
618
488
849
437
797
558
591
924
558
988
916
628
541
400
579
401
710
668
770
814
287
129
51
271
463
770
205
176
709
133
306
680
973
507
469
770
418
60
695
976
401
963
605
294
715
184
47
426
204
169
240
492
299
291
115
114
413
672
643
123
157
301
155
131
808
624
253
226
685
948
555
438
263
160
732
979
344
779
405
901
300
645
745
599
288
860
66
54
884
61
177
394
362
332
877
522
308
130
101
345
431
656
783
694
168
867
25
512
998
430
765
299
427
510
250
68
370
316
122
607
729
651
353
91
335
230
966
643
712
67
989
143
75
124
190
243
992
567
107
990
998
873
289
777
383
540
197
106
208
671
65
938
322
418
381
9
648
347
653
360
766
994
856
193
118
398
436
462
965
544
453
315
769
94
445
152
634
642
610
195
314
675
133
988
445
866
998
445
566
651
158
332
997
14
878
467
764
314
930
729
210
735
45
331
829
842
836
816
484
446
11
798
474
496
139
919
362
137
365
928
140
875
613
137
889
491
956
5
157
886
734
720
621
131
51
803
973
887
619
810
686
982
960
160
478
99
431
840
236
148
121
376
23
86
865
264
577
822
269
86
708
4
806
682
487
858
837
813
97
456
623
783
438
583
943
916
683
727
108
271
875
581
648
899
667
865
163
596
687
433
683
748
789
841
430
276
51
619
89
149
75
64
284
865
648
580
133
683
307
593
954
182
175
954
433
842
820
949
439
507
734
474
255
523
315
37
151
719
656
593
868
83
657
504
300
657
84
433
340
391
27
647
926
202
953
359
396
773
308
187
633
394
661
240
917
329
630
69
48
638
14
268
722
671
124
22
329
209
808
21
600
187
20
526
389
974
238
137
747
898
325
732
293
338
973
562
19
603
631
419
241
997
39
315
669
164
338
350
373
498
723
973
685
744
852
426
70
442
563
817
340
240
902
985
931
875
548
950
478
531
370
719
529
409
387
550
573
725
252
298
575
975
624
260
71
828
686
493
270
601
663
962
842
565
948
773
440
848
75
270
379
445
989
260
207
376
810
132
453
414
431
28
742
407
640
813
235
678
659
505
280
322
467
474
887
767
599
327
615
674
597
995
472
938
255
679
667
418
811
472
832
594
853
574
1
493
740
236
172
399
93
804
721
561
278
608
680
877
287
296
903
236
291
375
174
898
54
193
668
218
666
501
164
871
427
166
364
519
754
888
918
848
692
991
761
322
951
441
551
238
737
455
826
380
830
1
631
885
546
651
455
564
504
619
435
932
137
152
451
892
40
722
92
85
713
205
759
17
646
311
255
736
766
434
468
596
787
451
833
333
103
640
898
607
260
333
539
397
837
343
641
230
65
733
667
130
938
426
147
937
737
755
25
855
189
493
804
976
297
989
661
400
630
559
7
242
245
899
639
434
594
633
664
11
718
331
493
9
110
641
946
847
748
971
55
289
816
859
617
113
200
278
865
830
190
225
72
787
476
64
221
70
697
238
433
767
569
926
776
679
919
722
879
667
45
286
308
214
145
925
679
345
556
545
528
746
122
952
885
598
16
106
20
65
696
453
833
266
379
609
297
651
684
528
318
81
814
627
295
311
904
327
9
460
224
537
206
346
489
91
296
858
550
316
923
246
121
756
864
500
718
514
151
402
42
822
483
857
801
779
520
705
458
529
166
682
66
724
28
908
168
324
766
718
640
689
316
761
798
533
613
516
47
117
918
89
291
753
298
92
884
171
149
342
700
315
24
767
40
52
27
208
728
793
278
720
482
946
833
632
479
799
148
526
268
418
968
559
172
618
3
56
789
152
751
490
820
775
609
212
180
636
420
260
781
50
981
263
996
166
248
476
965
396
354
233
167
322
144
339
941
147
747
82
652
498
572
472
626
533
684
158
169
456
418
950
858
751
566
206
918
166
682
883
562
389
469
729
711
613
420
4
113
520
87
765
370
11
589
996
545
625
154
66
81
925
369
291
676
287
497
594
453
532
830
367
921
299
449
984
264
869
989
729
741
428
846
112
791
435
108
688
412
615
107
845
892
828
136
568
467
634
515
920
166
345
639
439
996
88
423
612
310
764
342
51
544
540
163
336
976
624
376
740
591
483
586
483
663
722
51
130
708
918
50
226
263
42
665
611
130
441
224
440
205
918
844
102
458
7
790
786
631
166
527
222
2
465
705
665
187
109
796
248
27
198
826
643
240
844
606
371
285
830
163
842
100
7
944
559
367
734
697
998
253
576
573
255
41
630
920
581
91
68
829
119
267
7
114
507
851
720
230
488
903
394
331
3
753
627
914
120
714
612
471
967
540
44
574
582
26
494
163
118
915
344
589
182
351
703
689
555
775
272
43
678
18
726
34
771
354
948
244
420
912
715
387
453
111
313
387
137
807
550
255
722
246
844
256
597
899
298
152
675
570
548
705
588
274
739
711
980
40
955
400
304
670
139
109
781
452
496
271
612
398
526
686
644
723
943
594
974
241
98
1
163
998
707
751
273
798
462
253
838
418
654
495
440
145
604
222
598
453
845
210
203
371
896
200
446
191
146
421
432
244
422
595
595
481
698
868
280
161
121
470
931
127
965
371
273
922
945
223
375
790
433
930
514
681
130
960
873
276
733
657
873
508
605
468
989
303
336
269
816
809
740
747
289
57
471
914
979
768
137
706
559
922
637
425
955
767
385
180
396
471
838
269
979
443
89
968
98
777
590
915
938
330
14
227
739
485
493
719
606
982
777
165
256
414
590
212
534
327
392
930
150
582
551
129
377
992
450
476
769
40
743
707
722
757
287
461
595
780
180
201
115
310
718
371
724
660
935
610
987
680
892
490
262
443
619
640
435
69
468
556
461
211
264
183
968
903
645
915
35
177
468
150
487
186
874
564
846
161
174
186
841
67
676
104
862
647
96
650
69
564
558
530
775
822
66
95
77
711
363
113
240
831
615
80
18
489
996
216
651
522
754
844
941
430
300
804
430
396
806
499
312
364
381
439
539
447
535
616
510
250
81
103
81
697
183
451
538
531
668
541
53
422
738
995
205
38
151
635
435
309
134
99
25
867
539
564
315
426
533
825
676
966
928
757
15
463
209
906
994
229
447
400
651
185
747
856
576
898
843
11
559
329
462
584
197
1
501
512
427
386
689
103
352
970
213
720
433
422
626
780
651
73
532
654
611
279
863
187
529
706
550
88
388
12
672
585
366
525
449
793
911
490
249
616
460
814
336
246
588
962
26
591
387
558
245
350
189
460
537
718
519
439
806
907
804
830
844
170
356
293
315
267
783
916
235
596
730
571
842
318
885
220
261
625
130
507
975
319
319
865
37
838
656
195
745
460
25
589
982
381
234
298
1
370
566
236
318
297
160
160
967
397
380
229
22
862
88
350
181
407
567
570
246
223
765
343
684
790
285
18
524
871
316
525
241
235
113
559
532
273
71
851
23
803
432
397
665
520
747
846
928
314
768
526
538
533
221
574
324
506
944
848
378
261
725
971
496
838
531
380
464
954
583
487
758
16
884
423
536
984
622
816
298
390
694
188
924
916
114
600
422
59
448
152
672
525
124
520
363
7
252
827
961
835
666
719
203
903
495
740
887
117
908
537
507
955
78
783
871
544
383
645
955
183
798
979
708
274
851
424
281
103
603
242
291
270
314
494
525
809
586
764
926
847
301
785
802
731
569
673
628
952
670
583
488
468
915
196
742
766
620
375
222
224
618
513
846
284
359
371
93
946
135
371
793
788
156
595
872
725
620
500
30
290
435
518
111
350
66
205
469
39
581
691
615
551
556
461
835
915
184
280
213
671
651
6
811
159
953
683
885
925
535
267
216
323
137
327
25
203
884
494
242
465
537
857
368
93
670
203
361
854
835
574
877
486
933
689
646
886
724
883
164
612
502
380
935
639
59
960
842
943
807
437
761
344
294
129
790
965
685
151
171
520
725
49
359
658
90
5
897
166
240
61
778
742
793
713
381
204
26
575
499
185
12
260
881
307
742
671
624
427
174
147
299
900
548
658
910
990
15
159
157
255
572
935
997
717
1
730
921
379
306
773
916
318
385
797
977
127
821
953
906
995
453
206
247
1
216
510
992
232
669
501
487
594
436
837
311
789
567
585
520
225
358
436
544
743
234
873
223
55
827
481
50
280
687
650
633
256
160
977
488
181
478
327
775
267
164
439
56
84
24
577
309
734
13
205
829
599
79
52
654
258
534
57
538
573
59
523
181
219
501
669
400
979
349
176
246
865
615
303
949
991
232
611
77
597
816
906
197
247
311
203
505
197
612
395
122
671
919
304
242
420
325
643
399
674
171
998
540
138
301
841
129
885
452
558
482
269
464
31
516
775
587
374
324
199
769
447
223
688
103
465
460
428
460
860
103
631
210
995
769
511
836
250
748
289
808
582
910
625
966
778
752
553
152
77
104
274
524
327
314
979
145
775
407
605
987
862
237
197
857
358
60
46
961
808
687
769
742
597
746
708
727
499
261
232
576
366
506
452
45
820
431
542
595
190
500
934
53
737
131
262
447
191
308
408
351
995
530
94
944
276
802
672
127
416
256
55
134
762
859
179
934
642
74
882
833
574
816
238
663
300
500
110
843
161
871
195
156
753
289
453
381
443
125
509
859
381
916
993
495
776
525
429
418
599
663
251
525
480
489
188
132
342
650
975
503
521
170
11
626
811
464
8
607
589
869
466
322
785
812
169
561
689
951
980
640
614
583
165
446
425
353
578
767
355
554
622
877
76
633
855
888
98
863
847
39
84
665
362
870
477
883
431
166
834
763
806
449
699
323
247
124
28
826
243
384
732
865
613
808
498
468
48
596
332
247
636
416
913
350
638
390
233
422
909
420
537
67
869
236
391
468
360
419
646
603
155
378
820
768
539
319
237
939
915
921
187
903
689
100
605
328
842
839
750
103
259
287
171
480
876
914
300
236
685
947
192
841
325
12
609
216
683
846
156
951
119
695
206
809
795
812
137
989
3
239
93
614
878
264
94
754
530
746
343
215
693
887
408
19
251
18
235
935
216
743
238
336
438
444
497
585
256
986
575
259
225
668
873
455
284
319
210
814
66
553
381
759
792
790
130
43
160
718
978
728
813
216
416
252
13
913
189
269
899
764
529
476
432
754
932
716
426
142
882
492
47
264
603
191
54
86
234
566
804
565
294
617
133
711
221
146
976
411
416
876
175
297
704
960
403
636
28
829
130
911
673
529
175
629
720
581
715
307
147
871
872
441
840
5
504
62
504
481
825
920
709
352
569
413
312
324
402
693
154
532
604
179
414
131
808
134
712
523
441
211
746
665
4
587
23
509
1
527
342
826
799
403
178
720
168
843
44
570
536
198
455
492
730
869
975
538
355
39
414
149
250
160
166
254
747
189
115
100
716
457
926
867
212
457
587
381
300
632
951
188
182
758
32
912
979
7
451
687
398
217
836
648
377
354
254
477
544
370
577
612
179
856
480
392
313
67
773
965
51
76
505
234
187
537
498
166
896
301
853
294
518
41
294
248
396
548
77
940
270
6
904
450
862
384
842
527
804
967
844
207
395
349
793
582
238
292
749
486
593
954
780
464
996
426
712
392
975
789
684
597
147
940
47
10
325
241
889
481
560
734
40
956
83
834
538
322
126
639
808
71
946
941
887
942
719
599
686
46
740
722
644
888
662
691
250
339
285
139
820
845
873
861
801
957
47
692
631
525
683
791
948
629
84
836
923
804
435
609
850
528
331
494
768
994
538
18
333
823
509
506
668
383
719
822
692
118
866
675
643
901
466
591
883
903
427
806
707
215
416
909
95
99
756
863
445
294
233
131
469
742
989
489
125
60
663
169
178
881
844
821
783
663
412
666
566
192
472
625
407
240
534
854
692
642
717
137
936
950
620
757
44
609
247
522
669
910
691
847
792
536
20
927
551
785
945
117
977
417
94
736
10
628
590
54
271
659
543
559
609
164
317
5
125
916
527
147
178
219
346
322
107
367
601
658
152
546
127
481
964
221
217
326
201
807
380
824
466
923
736
427
439
405
432
565
321
312
712
851
531
58
174
990
777
775
0
929
674
127
410
638
700
979
316
901
138
48
78
956
323
814
735
763
219
520
680
892
832
744
743
715
154
269
705
932
397
705
213
71
184
976
61
884
955
729
137
446
777
215
402
452
381
138
215
600
658
247
844
842
991
588
557
146
209
262
430
606
319
643
29
503
619
90
739
927
819
228
373
948
444
127
401
177
265
968
130
275
216
974
469
559
562
26
57
124
640
487
730
311
483
760
166
454
202
905
381
22
134
106
322
930
234
723
107
851
692
589
127
260
564
596
819
478
975
877
602
967
716
685
279
199
797
445
654
999
703
387
373
837
494
696
119
728
771
578
579
815
168
58
75
84
7
247
562
334
124
517
301
192
202
932
392
999
378
398
350
81
785
76
270
631
772
741
711
895
319
643
711
839
701
786
923
60
33
838
394
509
355
48
702
909
980
446
908
710
196
610
791
333
686
413
965
810
154
28
706
826
671
417
17
725
555
293
785
941
131
532
802
838
580
856
747
912
654
7
623
850
617
766
536
304
180
501
114
686
529
820
864
201
589
882
278
497
175
63
790
658
947
592
496
879
801
595
792
455
602
415
306
219
533
842
523
713
695
990
752
576
162
616
129
104
498
407
601
25
823
743
35
770
335
883
650
136
478
794
592
80
561
250
652
94
444
527
808
491
517
560
67
680
528
549
784
379
956
737
404
131
480
792
902
167
675
552
656
154
698
600
586
259
202
238
353
646
118
513
489
635
425
908
667
954
457
803
333
766
892
89
897
372
881
151
892
557
55
548
63
753
500
1
12
702
592
366
700
710
879
189
345
305
449
365
259
907
168
944
25
61
33
274
785
915
426
677
824
481
577
887
587
77
240
599
131
832
317
831
542
197
372
240
854
822
605
465
81
773
409
458
834
442
732
620
709
510
649
533
344
227
772
931
656
13
882
788
845
200
971
740
749
344
980
603
518
585
68
951
358
477
409
545
271
493
165
981
356
166
866
700
745
639
983
402
4
217
542
849
417
865
589
166
561
569
769
79
506
189
382
865
666
143
410
290
637
927
271
345
93
489
45
191
128
380
945
132
597
487
334
367
704
275
885
266
197
655
697
703
844
80
568
863
223
330
153
212
609
776
557
55
265
954
246
746
686
191
230
636
30
564
3
734
192
888
352
389
895
50
444
92
482
365
307
57
695
460
622
305
588
179
360
853
486
958
599
172
149
830
808
531
746
163
265
290
404
970
679
299
20
124
743
854
489
50
911
536
862
533
193
450
65
905
304
903
863
255
75
364
437
236
895
536
751
513
826
155
483
858
455
503
334
198
709
175
601
620
711
463
506
905
914
923
162
570
826
26
177
901
390
967
489
286
503
241
799
681
396
634
891
203
489
225
754
198
400
355
818
464
818
676
721
84
599
883
6
425
909
536
679
652
503
168
938
358
409
89
39
158
75
931
361
564
508
115
762
909
822
932
725
993
609
446
77
208
329
436
986
591
972
665
243
475
833
533
185
595
622
576
753
697
859
466
261
368
934
375
629
756
307
354
749
916
800
179
477
481
615
463
72
939
480
315
766
313
848
951
260
822
527
365
519
387
832
132
107
766
859
736
522
167
90
624
435
242
803
264
723
770
727
796
709
559
111
475
873
960
778
485
782
305
851
654
44
683
138
151
801
998
887
675
517
329
299
952
571
454
217
647
224
296
443
285
856
906
112
81
218
890
566
1
196
769
7
240
804
497
744
605
847
631
281
364
313
932
669
884
387
238
883
611
534
326
249
742
233
361
175
803
252
94
156
800
863
163
392
20
13
136
625
860
120
258
225
433
191
894
669
578
132
553
541
18
231
790
113
816
504
640
620
108
734
776
260
950
292
652
970
305
141
947
165
613
206
742
398
397
636
419
975
120
324
868
491
556
659
604
724
515
596
696
623
331
825
883
633
117
887
603
774
380
902
291
993
108
34
391
857
22
163
184
495
487
53
986
395
64
942
472
579
538
168
202
221
345
85
854
462
324
809
588
705
712
880
698
172
914
442
30
288
605
214
783
444
267
769
840
331
63
664
910
602
832
464
823
178
901
30
992
226
839
933
931
903
813
629
76
79
423
458
367
380
672
151
825
292
272
17
975
336
681
886
938
865
702
113
395
604
143
388
830
335
673
761
590
486
742
18
565
518
476
284
898
501
435
75
793
708
92
768
396
125
6
334
991
61
799
386
665
295
126
495
982
799
608
572
637
702
591
554
220
419
839
471
920
626
546
65
686
639
186
82
116
544
416
107
605
568
846
622
863
324
469
845
124
429
769
113
132
712
668
704
132
507
175
404
485
722
470
172
713
8
254
181
904
23
289
862
591
487
484
454
811
954
651
287
383
420
401
867
133
421
572
617
928
99
21
413
821
843
937
886
203
192
68
108
215
709
970
806
196
454
612
359
408
263
647
144
35
400
11
168
821
935
785
101
35
159
866
208
2
804
95
206
996
515
314
563
576
284
369
124
90
333
483
851
596
482
995
983
882
358
152
703
294
289
804
329
448
671
537
451
475
984
9
823
851
675
386
427
311
107
551
401
440
387
252
388
869
599
371
752
310
523
807
604
165
612
285
613
635
174
416
462
159
777
285
10
452
671
790
763
778
693
165
570
432
769
958
302
721
329
406
31
205
213
987
370
177
624
335
164
798
104
626
957
881
911
320
334
934
462
97
712
507
614
282
940
736
592
242
457
922
0
488
127
565
827
849
95
451
184
259
249
640
886
559
522
797
231
208
732
693
305
796
200
272
431
140
8
23
734
465
945
734
305
424
652
484
625
747
935
810
6
536
802
892
95
324
42
326
532
126
371
190
922
924
462
705
416
822
729
151
287
26
237
944
803
241
428
428
988
715
590
995
251
393
239
347
69
281
25
602
407
749
144
682
25
958
387
441
780
468
944
67
847
534
363
650
775
791
430
764
506
373
111
109
766
350
808
835
984
186
789
743
935
285
425
312
243
165
753
23
985
698
442
832
584
805
834
359
948
617
475
806
990
586
916
756
289
76
943
273
262
85
16
549
370
794
861
966
311
615
989
296
665
432
129
249
589
315
960
890
932
436
48
922
374
316
30
663
393
326
288
655
411
657
557
133
451
418
99
762
385
441
410
402
225
891
3
166
207
964
56
491
752
105
414
126
421
796
142
814
122
430
822
885
439
379
371
890
149
822
4
535
263
767
937
840
658
941
7
865
257
63
709
361
520
123
487
942
271
981
108
394
764
282
279
203
661
2
446
163
825
450
698
440
217
987
281
228
280
288
445
537
703
154
898
224
629
738
518
901
719
978
295
483
261
926
687
274
929
485
437
106
935
487
546
505
475
827
733
755
467
530
645
171
685
895
395
314
985
265
215
57
243
862
892
504
789
931
131
70
416
920
176
704
408
74
209
235
254
294
990
721
824
987
892
861
235
639
176
220
904
743
629
148
606
522
4
747
453
487
817
870
408
345
574
816
771
135
51
25
781
393
747
957
733
639
819
320
279
995
892
183
90
522
683
696
44
688
443
849
175
612
719
935
309
645
751
81
132
154
106
913
900
853
871
985
845
690
305
476
37
197
659
127
719
695
176
115
735
971
965
910
584
36
846
245
34
949
326
166
456
433
80
356
638
303
693
835
993
998
311
382
195
323
861
267
18
37
382
753
9
699
15
945
88
213
190
122
515
869
288
971
654
720
679
292
23
372
128
368
722
791
750
917
114
964
536
132
353
271
237
362
970
253
659
410
818
202
532
333
71
173
304
725
245
335
369
269
59
849
989
781
641
92
699
755
56
587
240
409
858
477
124
181
82
135
591
901
337
476
234
408
649
891
485
894
578
855
515
638
704
857
419
697
949
470
805
5
58
45
766
916
874
890
97
309
26
41
562
715
517
148
124
166
39
609
412
618
816
280
608
873
137
27
570
86
498
727
443
556
124
561
472
999
804
922
660
182
963
222
897
480
370
373
998
762
983
762
732
151
42
340
24
179
367
947
617
217
674
412
773
799
974
598
150
778
520
810
960
835
384
857
667
754
231
665
516
566
427
600
717
822
940
94
1
660
41
971
877
715
383
651
866
357
601
16
135
473
826
447
308
562
305
975
317
888
992
185
454
771
138
523
593
78
617
947
738
10
918
968
726
653
971
944
11
572
961
498
45
139
946
705
702
603
32
371
491
24
908
297
147
46
172
741
125
790
688
215
800
958
183
878
611
154
823
974
78
136
825
123
275
123
180
329
726
212
700
569
588
609
218
736
655
390
829
780
532
869
348
685
827
883
915
790
38
90
117
116
226
942
592
502
65
772
831
143
337
884
64
925
493
282
13
148
24
842
281
557
711
981
594
890
864
509
33
902
600
150
371
826
92
315
680
509
439
864
652
776
748
716
702
241
350
67
741
374
910
374
283
973
355
877
216
220
387
601
474
339
751
197
165
195
512
846
704
304
62
708
80
810
424
134
403
126
202
496
852
464
871
136
789
578
365
357
798
104
958
625
443
61
822
961
256
687
159
960
343
221
20
423
383
444
910
786
922
112
634
775
928
505
263
69
84
980
427
234
85
385
211
880
447
34
841
55
73
0
368
416
573
388
191
956
185
101
742
107
565
377
882
493
234
497
563
670
478
342
257
915
79
468
147
526
854
989
934
279
341
302
47
267
690
239
223
875
692
318
335
258
47
569
103
633
67
18
304
897
360
913
812
440
733
959
318
588
300
252
867
994
554
267
261
597
506
836
824
198
154
159
808
553
729
912
187
148
930
843
45
643
756
209
83
489
168
401
429
821
6
649
815
912
916
428
509
774
264
686
324
771
197
133
324
278
45
863
426
327
706
823
970
814
32
53
656
553
807
437
374
813
86
541
725
354
321
587
128
937
625
453
708
822
586
385
101
983
248
527
662
307
351
633
121
735
38
129
288
845
567
14
10
653
907
88
360
580
27
488
518
652
293
226
474
231
963
575
566
212
455
229
519
158
862
992
893
252
122
534
98
689
900
460
694
160
900
54
92
927
895
610
931
188
189
406
772
152
333
338
716
140
567
235
298
781
228
544
34
702
430
484
743
682
296
437
194
197
844
287
476
91
897
408
631
438
166
403
591
851
742
307
992
661
895
642
443
475
538
829
177
968
313
272
3
609
709
197
158
905
484
635
348
734
43
980
172
561
735
115
412
829
775
756
491
670
399
286
145
937
115
674
258
780
946
261
741
7
458
900
265
295
535
613
381
930
945
553
491
681
21
255
510
796
12
353
466
763
991
963
52
458
989
310
238
287
571
980
646
382
880
911
29
767
877
410
697
174
315
540
855
688
147
718
484
511
423
302
274
415
617
327
873
958
637
464
245
561
444
892
295
676
155
676
443
384
438
492
559
753
32
766
794
179
484
278
691
260
933
317
675
550
644
900
509
634
364
754
547
160
998
194
836
506
870
631
890
308
123
801
413
155
568
207
687
404
838
378
664
771
47
691
321
692
944
830
678
308
937
577
821
287
771
9
793
641
641
36
301
116
189
714
272
109
274
311
514
112
41
530
883
88
574
556
132
518
739
162
178
28
739
999
315
862
9
461
855
2
849
156
118
38
223
742
148
497
53
14
961
94
896
196
535
470
104
667
988
843
182
519
871
921
518
539
784
879
0
639
881
849
148
0
239
371
742
387
220
148
401
533
594
650
81
129
120
185
149
461
381
331
980
252
604
850
791
388
730
143
380
611
344
880
963
584
603
706
971
823
206
725
708
800
375
789
282
847
326
431
308
707
762
640
312
366
491
455
107
221
599
839
184
943
719
148
527
674
206
851
849
412
928
557
564
303
698
846
502
24
277
811
732
391
803
44
110
294
499
569
867
450
760
404
746
479
552
625
505
110
476
354
522
756
911
438
411
609
285
914
985
914
77
69
306
880
465
768
527
965
337
394
767
97
798
513
928
702
491
433
812
967
787
686
76
50
125
487
11
410
401
996
324
478
66
982
359
531
750
238
848
87
984
968
536
783
833
464
837
324
249
650
644
36
336
720
438
813
207
449
223
609
446
900
439
864
882
150
395
633
388
596
72
373
564
609
508
397
425
345
74
675
347
718
63
36
438
502
849
645
951
73
254
749
973
694
613
855
196
361
840
585
309
913
958
225
874
466
974
299
163
48
326
511
766
742
547
204
596
396
850
547
821
456
649
146
502
614
354
699
975
194
284
636
459
594
861
333
412
836
633
575
236
311
438
3
53
337
207
649
734
409
549
907
866
550
54
720
164
408
771
492
954
55
128
414
1
342
747
413
530
732
341
766
44
779
769
449
117
329
451
203
738
0
462
956
550
516
29
66
276
800
558
231
208
39
645
209
381
392
975
911
125
668
29
521
799
151
322
268
480
773
471
570
125
286
879
27
802
908
94
431
60
652
662
268
43
659
830
424
51
157
687
528
825
69
401
624
220
724
893
700
497
716
622
975
354
501
2
157
761
96
940
822
101
602
90
496
261
272
921
664
429
960
545
254
381
946
231
601
22
476
653
872
544
276
847
899
129
849
408
891
298
348
713
751
302
155
247
915
428
520
579
209
833
476
816
214
775
47
168
797
875
821
669
419
449
868
318
579
70
78
470
720
426
535
471
80
42
70
995
822
591
927
32
776
403
848
990
178
895
158
328
122
332
349
541
781
218
212
712
640
290
534
360
69
421
183
149
464
605
497
286
196
424
318
324
179
166
315
710
413
825
38
887
509
739
429
643
309
993
355
949
635
242
661
56
663
196
558
127
802
55
414
350
831
84
675
10
603
342
720
16
519
110
256
29
850
685
24
159
30
379
461
665
621
474
722
285
671
280
764
473
335
178
175
518
615
850
528
218
544
601
586
64
63
842
445
265
879
469
425
909
200
238
575
174
712
297
811
383
929
575
208
616
106
384
134
721
586
14
939
483
967
877
547
31
720
344
296
599
813
73
509
13
663
436
187
376
85
350
111
14
926
320
630
32
56
116
105
994
130
396
477
450
273
376
481
345
720
129
297
885
555
806
899
218
594
438
946
679
789
58
693
67
730
675
451
138
143
556
484
273
304
962
75
929
690
556
627
411
38
924
296
945
82
547
515
676
338
462
355
479
872
400
546
602
75
349
92
218
257
576
843
561
890
919
842
581
827
469
344
217
393
992
514
475
892
30
151
230
844
858
61
716
258
607
670
685
956
762
255
213
338
451
126
581
722
968
162
901
790
858
119
183
850
985
11
742
15
514
324
859
373
385
927
631
344
597
669
652
359
924
217
50
375
343
631
97
664
145
999
454
3
470
989
205
455
0
300
823
515
624
34
240
362
962
223
706
559
892
711
919
817
928
321
544
624
952
994
288
449
345
94
452
815
435
9
622
788
309
445
655
286
832
895
648
794
118
706
353
11
417
624
180
698
945
76
322
249
70
962
698
415
408
502
582
843
512
557
631
173
354
286
459
186
181
459
980
652
518
334
15
287
310
547
985
608
623
307
209
46
621
260
813
29
114
396
873
626
953
856
152
307
143
963
494
676
423
826
328
293
512
695
580
823
242
918
783
218
577
992
264
199
604
77
228
719
825
453
697
778
310
849
438
805
813
284
481
588
110
162
881
623
209
813
798
452
731
581
670
309
925
286
860
530
363
88
249
541
542
946
319
852
148
109
9
961
745
490
901
208
4
782
183
214
947
981
18
679
914
688
340
191
974
200
721
689
288
322
230
182
621
902
386
769
363
395
82
109
238
983
317
242
117
500
808
64
833
826
743
99
866
435
290
192
635
364
234
276
38
464
810
659
718
197
780
434
944
862
895
182
197
212
777
314
64
585
379
249
764
122
348
630
558
990
823
545
354
57
821
393
873
984
404
944
181
185
378
125
399
273
660
597
837
789
911
253
374
290
502
490
765
202
121
675
192
296
220
547
705
394
292
578
378
696
874
911
881
252
388
281
877
48
878
714
837
789
967
564
432
821
406
197
23
527
872
216
175
92
115
880
838
407
811
568
103
685
479
337
290
868
970
167
268
200
234
106
341
201
22
773
375
428
970
398
308
842
966
835
287
81
716
477
840
879
46
296
564
525
985
206
745
955
374
14
155
608
472
496
161
846
622
536
274
592
287
934
787
253
770
74
687
838
551
879
717
597
175
633
475
160
840
220
467
214
586
974
174
58
823
335
904
445
224
531
37
511
465
824
116
587
250
155
425
802
35
142
751
210
128
226
723
968
799
542
534
385
517
60
444
340
395
700
785
971
231
822
834
49
999
951
636
249
458
62
51
493
556
155
56
684
733
131
4
532
673
538
918
190
598
714
530
346
414
667
669
998
842
504
47
841
807
35
90
265
97
494
759
6
1
815
42
734
298
47
267
971
937
537
162
888
251
44
234
17
712
255
15
554
759
414
747
566
450
837
832
899
683
943
905
684
758
948
419
56
347
38
379
284
575
893
172
178
938
758
547
2
14
563
908
125
329
655
692
779
844
876
679
880
819
936
916
929
884
687
337
583
725
716
868
652
610
392
830
548
503
730
902
869
293
810
994
622
817
38
754
13
914
433
893
85
721
810
14
958
497
351
541
575
420
761
227
30
506
410
930
9
140
832
230
785
994
576
759
163
615
513
176
881
298
70
319
20
880
333
978
729
37
871
304
457
633
532
487
139
294
769
500
434
953
730
219
947
306
978
462
273
844
638
155
142
708
474
514
940
159
844
670
196
716
326
5
349
858
844
488
152
613
340
938
566
70
509
865
376
488
327
650
684
966
157
178
26
983
693
967
142
537
989
691
605
315
696
954
526
893
794
30
506
134
969
73
556
478
290
933
318
618
935
2
936
444
533
962
427
578
281
921
467
270
964
73
938
661
27
464
554
174
494
412
660
815
837
217
294
128
502
964
98
437
319
386
233
852
348
660
430
982
933
897
604
898
970
542
911
350
358
817
524
205
229
184
20
419
753
666
547
255
631
997
44
950
383
277
802
83
289
584
417
223
481
22
473
804
916
384
154
275
201
30
480
782
566
852
201
320
519
100
575
502
449
620
452
184
249
606
268
539
542
685
762
23
59
587
179
976
971
333
251
524
715
83
306
282
287
860
954
806
312
529
308
762
501
112
946
751
70
566
642
612
604
756
988
663
343
167
991
314
853
594
190
568
677
496
202
965
708
156
123
373
38
784
135
891
248
433
642
319
352
636
283
956
392
271
971
735
791
315
49
644
909
239
564
939
88
119
904
148
275
379
521
665
515
8
557
764
442
551
435
146
188
718
454
580
342
777
316
133
92
717
777
2
309
693
941
749
812
197
897
440
576
771
105
92
779
14
208
573
566
643
719
754
361
173
686
55
951
354
188
43
424
317
397
733
11
338
482
175
887
731
615
464
854
721
908
634
87
468
559
653
111
279
759
824
804
798
880
107
152
420
503
576
738
900
309
101
591
143
276
478
227
892
294
81
965
554
67
52
22
627
58
485
258
169
310
62
967
542
522
120
962
25
48
52
925
710
153
868
853
430
347
432
674
641
866
991
196
933
395
570
560
805
56
170
975
718
233
942
260
755
414
574
132
463
627
409
173
132
278
378
914
625
811
940
618
29
283
166
962
679
737
875
836
793
45
811
863
630
106
123
737
520
49
869
983
28
279
508
161
909
887
427
886
50
368
504
79
651
23
41
682
760
268
519
905
314
682
768
296
788
243
34
309
292
255
644
673
886
153
186
795
392
613
681
442
981
538
521
985
561
914
667
673
183
538
930
849
221
698
145
361
941
531
670
585
787
667
610
25
820
796
173
212
410
206
6
743
744
527
728
657
793
748
682
328
638
612
177
211
310
675
573
603
558
595
541
697
262
151
723
434
300
896
646
710
102
4
805
199
531
534
856
677
634
891
5
624
503
535
836
166
562
409
121
120
4
662
818
267
166
893
701
466
789
700
528
243
704
333
442
588
219
651
617
205
542
622
830
397
509
666
563
71
75
685
544
431
699
714
50
865
607
104
683
748
156
211
991
860
897
786
800
116
789
417
322
683
392
152
80
253
170
644
325
245
681
221
28
380
935
79
598
894
535
633
642
691
197
985
551
94
771
704
210
560
473
884
595
217
36
676
471
206
672
148
803
353
369
184
85
656
615
35
550
150
669
544
841
866
529
744
960
653
448
522
565
274
407
161
491
795
837
962
354
861
110
509
566
831
693
651
487
660
39
389
810
60
933
651
926
815
396
238
468
196
112
33
470
871
194
962
667
383
276
373
244
739
882
810
570
928
814
410
588
205
151
751
265
437
402
543
252
150
781
720
347
245
753
817
117
300
131
784
683
760
509
280
499
743
442
421
671
608
183
612
813
687
363
78
124
117
621
728
268
754
448
615
0
553
784
117
853
268
253
889
28
762
521
879
857
963
652
529
572
188
493
737
875
208
168
351
325
141
79
593
896
527
208
248
432
993
717
638
613
322
879
641
84
400
872
941
715
524
822
639
712
667
377
939
875
545
290
201
686
369
794
934
248
355
182
33
348
251
671
313
573
550
306
9
302
178
303
17
54
125
657
119
145
34
58
20
931
701
221
617
422
368
904
23
723
438
56
423
690
79
736
263
629
42
273
283
572
576
300
626
53
957
97
198
343
508
219
626
209
792
244
983
160
500
6
883
938
414
306
628
493
42
892
474
436
165
757
8
741
410
987
794
719
84
993
63
592
564
689
153
356
285
137
517
137
495
752
76
910
59
704
403
453
948
230
890
113
339
250
206
749
237
353
469
322
698
884
266
262
925
420
970
563
557
487
700
52
240
776
314
651
833
70
104
781
300
346
247
639
597
453
741
186
158
210
860
856
446
127
118
723
547
89
286
456
928
339
508
520
467
175
171
300
245
628
434
545
974
33
536
923
486
277
462
645
839
322
853
285
449
324
9
348
413
647
804
693
986
665
214
806
840
737
458
85
365
892
982
692
925
518
615
764
796
429
761
987
752
614
273
553
938
634
902
703
633
706
749
972
723
963
778
563
700
236
0
418
481
982
110
758
501
77
522
649
507
635
636
259
602
261
812
892
247
714
948
881
773
697
205
496
660
983
412
712
571
412
130
52
747
592
811
600
670
685
249
177
321
237
788
275
499
600
167
98
667
115
331
792
812
536
640
824
519
52
889
443
817
19
495
564
964
306
516
634
344
765
811
17
354
599
292
205
551
459
304
570
927
635
362
91
524
3
916
43
407
157
838
224
528
334
140
492
992
656
126
336
773
289
353
128
240
997
333
792
809
989
714
736
977
77
179
501
432
447
896
839
604
735
416
133
69
908
625
413
917
752
750
690
393
455
170
634
453
856
778
262
197
492
350
174
921
529
675
353
977
572
193
581
659
961
66
728
869
692
493
786
796
243
829
189
51
351
823
856
207
953
470
405
798
820
579
719
701
607
73
30
531
618
964
190
579
30
270
448
74
763
587
870
359
416
60
410
767
235
266
327
541
736
732
339
908
663
58
961
622
483
992
153
101
308
343
32
690
965
833
765
729
420
635
440
836
47
850
955
635
468
634
528
204
366
867
464
382
277
425
4
761
769
510
214
77
205
247
768
171
80
533
252
852
520
692
40
920
894
995
907
362
630
435
918
348
302
382
82
579
807
439
692
577
949
259
6
506
858
774
29
290
659
281
142
532
325
182
452
219
529
359
933
511
794
851
212
448
233
646
379
393
85
424
322
386
683
328
893
893
455
922
183
466
556
677
998
233
859
802
453
740
161
738
604
307
590
816
755
823
814
487
568
900
911
890
638
594
571
883
487
378
158
22
844
714
699
195
947
910
997
752
650
511
491
606
170
81
774
278
256
589
765
177
841
676
419
479
622
990
363
461
368
521
483
565
587
182
112
886
444
109
639
94
972
482
53
143
915
827
421
523
416
186
700
257
214
120
89
836
462
804
297
183
325
132
100
264
666
212
150
110
321
141
556
646
975
609
789
890
437
562
766
205
100
466
463
666
938
904
502
753
708
151
936
385
635
36
649
301
248
151
411
921
645
319
567
620
929
708
863
718
622
629
923
74
447
738
740
386
642
594
139
702
97
427
87
732
463
88
33
63
592
796
984
237
468
904
209
397
964
72
467
939
701
390
13
149
481
754
887
123
700
378
178
798
805
265
530
620
706
916
683
650
64
19
887
532
275
448
281
240
521
748
531
574
491
544
75
972
650
962
447
351
340
625
501
497
243
31
117
301
299
800
951
364
172
190
896
447
638
530
39
511
278
570
86
769
467
161
93
469
476
541
820
168
166
321
666
761
705
783
62
4
936
13
368
460
203
617
907
194
499
299
705
777
221
143
899
688
305
344
510
133
885
330
301
404
4
967
165
61
103
228
65
391
593
786
203
149
755
462
343
254
761
400
383
335
544
634
375
201
979
885
334
216
568
987
620
572
955
138
985
410
718
402
153
311
188
356
460
295
818
155
901
932
908
285
267
452
271
642
5
250
528
339
819
96
326
439
20
633
577
5
395
295
407
548
959
948
256
771
243
427
279
497
359
187
782
978
991
405
620
996
8
500
335
827
596
13
618
968
647
548
973
394
195
733
295
154
681
551
278
276
330
557
773
689
96
907
667
87
665
640
83
673
140
770
500
737
783
118
705
782
666
31
529
862
764
824
368
797
727
646
425
58
203
551
99
299
810
119
738
475
759
821
148
251
943
0
340
727
471
398
861
489
429
390
703
545
566
72
694
294
70
471
704
626
22
155
277
185
274
16
12
385
837
513
637
781
513
977
860
336
375
73
826
156
464
529
53
382
601
747
676
24
219
732
650
593
888
927
130
514
943
143
900
133
656
889
266
521
218
126
858
946
551
36
102
367
565
156
750
519
255
778
543
826
511
193
772
751
120
902
265
416
397
517
549
53
406
815
927
977
293
137
923
844
173
377
212
738
885
962
609
141
92
504
319
603
697
91
354
170
346
972
586
743
489
135
149
248
302
76
225
595
213
148
439
738
525
3
828
411
317
438
904
410
942
223
365
992
315
720
162
661
44
100
756
533
235
905
781
537
333
6
484
898
506
275
636
32
279
465
795
948
255
699
358
197
922
76
541
589
796
703
250
192
803
7
725
390
264
507
279
598
865
763
496
372
39
485
404
670
950
199
618
205
250
329
754
172
405
296
762
553
351
364
745
155
723
822
897
988
681
177
938
547
940
434
271
331
919
675
353
221
226
324
778
828
653
533
0
410
181
114
315
532
479
412
39
554
586
289
894
268
466
832
167
758
619
438
90
890
465
795
464
43
119
242
871
124
127
871
534
660
338
201
545
169
965
584
723
904
873
970
172
691
802
339
450
773
777
892
16
242
687
480
285
807
74
156
931
554
379
818
214
717
371
759
886
689
696
962
593
921
932
117
613
734
456
415
860
585
659
228
827
698
60
464
857
486
972
141
40
351
311
607
421
34
718
307
723
414
269
668
688
201
785
653
288
593
420
500
178
79
728
357
129
140
173
987
626
145
128
667
849
791
274
270
825
344
929
901
759
551
569
447
104
707
452
744
300
872
596
831
951
324
540
432
816
714
419
443
859
899
110
60
690
736
682
516
80
612
417
191
515
338
990
971
45
442
716
698
666
312
529
969
989
69
402
805
135
821
248
347
73
710
407
763
798
90
631
231
54
48
774
921
739
765
892
784
559
608
834
226
273
363
195
262
785
597
419
920
771
20
267
844
82
675
607
233
117
239
464
523
639
238
444
730
355
336
515
267
297
349
493
570
65
40
184
850
638
955
122
761
975
390
605
410
417
564
643
886
155
459
409
147
49
205
877
405
541
392
24
838
94
517
760
511
557
944
713
547
252
835
308
579
577
265
989
994
830
984
232
985
443
641
132
845
198
10
602
740
754
626
930
200
143
691
711
52
987
776
952
591
612
260
171
189
878
160
536
708
497
120
693
940
114
178
785
312
540
387
52
646
13
335
847
508
378
910
913
717
39
865
309
651
477
480
192
355
992
80
63
489
201
109
782
315
639
567
627
179
307
32
825
672
367
24
533
97
287
446
814
678
311
123
329
788
955
873
496
948
306
559
437
507
20
571
174
659
491
801
190
798
185
368
822
904
744
355
1
383
153
816
61
816
291
390
957
247
616
453
547
922
364
336
781
385
908
955
44
399
108
587
549
294
955
723
550
699
431
552
83
584
720
144
401
363
887
358
962
503
163
509
777
527
198
558
912
106
513
309
857
973
896
406
267
851
129
818
902
560
722
985
497
442
130
250
157
369
960
120
872
123
629
649
650
827
559
915
285
72
576
142
45
824
900
665
27
382
835
929
294
909
915
791
703
397
41
860
766
1
980
990
476
962
991
127
141
550
394
427
974
322
921
371
146
174
36
525
556
223
454
850
132
721
994
187
470
35
48
236
389
380
578
865
342
569
344
484
119
90
263
445
412
184
817
910
710
205
435
266
429
890
469
913
963
463
101
434
850
501
22
239
881
601
105
224
522
801
708
642
892
323
439
304
859
256
567
570
462
2
836
891
244
305
156
208
120
257
994
971
758
368
562
640
969
19
216
492
821
276
486
713
599
925
369
458
534
936
28
996
939
217
239
535
874
395
95
995
5
89
318
115
458
880
755
779
900
323
623
721
599
461
786
550
739
155
9
273
92
389
269
383
606
508
270
833
903
366
180
908
807
498
24
617
730
131
749
982
807
372
703
406
186
841
309
925
349
318
198
793
59
819
176
18
327
798
851
582
164
31
843
324
881
219
293
611
702
42
594
509
415
649
268
601
843
577
878
192
247
76
985
306
895
513
324
574
311
527
156
828
910
351
152
791
570
445
755
273
488
701
782
255
350
50
208
193
627
438
737
874
514
722
533
761
235
209
687
547
737
195
375
999
547
879
791
117
676
898
390
164
599
173
771
949
575
331
495
555
769
232
781
635
955
314
748
542
524
435
89
613
631
816
612
178
47
755
295
724
653
38
240
252
563
12
554
138
695
49
45
465
633
827
452
940
493
201
483
369
636
924
982
619
93
947
797
140
702
445
216
708
835
457
960
398
821
866
888
516
267
934
333
901
113
786
193
606
987
28
976
975
305
310
595
398
609
744
890
664
189
107
372
24
916
684
774
737
551
663
605
818
949
939
71
62
77
265
20
416
645
996
743
950
659
338
348
620
435
591
284
624
698
8
1
966
45
127
703
596
790
660
766
91
951
190
153
28
807
174
796
452
522
540
403
533
230
103
154
665
694
790
642
744
799
995
710
844
122
765
792
265
426
910
356
377
100
510
758
259
36
554
712
558
446
115
444
677
218
598
342
913
388
984
9
539
979
720
735
454
485
527
719
263
790
75
993
242
937
751
502
325
657
214
236
104
681
680
133
899
278
475
164
18
812
174
558
143
246
293
597
83
173
316
347
963
744
340
205
33
443
707
359
100
273
595
556
954
275
689
854
905
165
370
923
329
896
481
472
142
127
70
226
300
738
925
615
482
265
820
868
708
880
227
160
153
822
717
460
449
406
666
354
923
36
629
252
933
463
725
75
590
795
653
242
885
578
857
368
195
29
236
903
909
815
64
415
989
781
875
438
539
541
144
463
929
773
715
862
236
792
290
826
939
943
420
825
874
277
545
69
307
133
325
568
948
389
983
937
522
210
727
61
103
871
876
33
996
592
247
233
736
537
411
676
833
832
501
59
109
46
128
768
179
453
337
479
194
672
416
68
235
495
482
338
718
358
723
714
302
971
947
39
860
711
715
45
543
568
456
4
614
937
125
145
742
462
624
937
486
392
357
721
239
839
412
957
550
135
671
204
458
971
595
671
34
662
716
929
230
525
933
196
462
58
341
204
872
317
493
359
61
851
432
300
42
844
257
592
332
281
149
790
252
744
461
638
407
530
567
637
55
500
834
517
911
527
73
135
197
567
846
258
418
279
559
460
475
816
405
807
97
554
598
701
650
411
339
57
941
906
47
348
759
233
217
22
760
291
157
309
858
356
568
628
635
127
440
110
943
845
270
393
751
868
446
402
631
786
459
925
44
858
273
155
91
843
177
204
486
687
513
344
43
81
324
30
208
764
492
504
610
762
249
713
982
695
115
614
833
927
539
230
785
164
385
229
359
915
785
845
954
298
189
997
732
865
379
292
630
223
148
592
986
397
305
320
445
421
286
630
700
177
860
837
342
598
66
701
865
851
899
819
502
88
168
234
306
547
878
936
770
27
528
108
424
833
781
221
606
67
852
658
245
64
496
939
662
914
992
879
118
891
698
972
332
866
206
638
765
84
574
888
463
102
348
888
287
129
461
246
197
313
904
442
378
400
381
392
667
373
272
785
265
322
757
597
189
315
587
306
751
161
546
215
615
895
455
902
376
268
148
573
582
53
367
312
805
100
56
472
826
328
609
443
3
718
392
544
385
979
850
489
140
749
56
107
644
863
9
372
131
510
946
713
563
665
377
720
118
434
545
944
114
506
739
117
225
131
661
962
462
864
451
954
613
507
61
609
370
70
981
854
932
279
919
847
297
297
568
415
83
113
711
197
619
450
667
196
933
680
159
395
544
962
349
509
470
762
118
192
184
452
398
117
83
318
964
380
615
532
147
50
997
858
247
969
308
266
165
241
947
676
988
491
639
337
353
461
99
471
5
284
275
404
753
359
722
717
91
689
602
239
739
599
97
338
568
758
605
86
999
552
762
988
395
401
677
748
862
129
572
220
765
199
624
518
910
698
235
2
387
189
593
478
789
690
168
709
448
773
795
800
677
558
140
425
959
817
525
174
298
449
394
63
649
370
933
911
68
521
913
807
710
506
637
499
549
805
209
349
579
4
149
608
914
641
385
226
459
911
400
109
712
146
173
713
516
458
625
584
979
538
743
690
397
380
541
946
185
102
647
116
459
797
77
373
438
462
599
249
725
351
711
438
497
236
151
365
694
776
301
674
667
44
716
416
776
257
362
962
360
9
430
819
158
507
192
949
970
144
550
47
495
261
485
345
497
989
62
192
117
364
218
136
760
934
552
537
543
266
499
903
276
281
74
786
789
267
87
111
763
638
158
610
899
996
955
749
985
18
293
454
734
511
591
494
797
143
383
340
410
882
596
38
164
670
176
305
289
264
416
52
254
574
663
505
570
970
254
907
340
899
714
426
410
305
921
559
800
304
252
562
539
848
952
55
870
129
360
160
745
128
564
999
702
579
504
625
902
111
532
242
10
246
21
773
903
942
684
56
598
936
618
489
136
923
544
359
404
256
519
149
384
435
500
439
367
4
64
269
467
948
863
478
547
884
251
802
178
287
858
777
224
829
266
712
752
163
71
156
771
942
657
508
378
157
299
745
513
715
366
981
663
229
811
562
114
414
365
644
701
575
421
277
756
40
990
508
555
61
16
678
4
25
186
734
182
837
479
48
552
197
381
216
426
192
130
892
606
847
537
659
423
310
937
531
702
927
40
257
988
408
936
344
434
474
78
968
312
909
16
864
106
397
432
885
941
563
129
547
762
666
559
537
329
496
69
31
423
109
289
763
869
577
460
655
403
538
624
715
800
992
932
258
742
364
143
683
279
625
231
42
291
790
579
620
638
0
4
413
461
293
176
331
222
988
986
625
527
962
693
679
307
625
289
49
341
785
732
973
410
315
367
701
457
298
674
95
299
678
508
760
323
37
91
897
25
430
522
904
744
567
583
51
192
873
100
886
658
185
859
68
500
226
121
958
524
147
53
175
177
562
936
852
599
379
749
624
161
624
529
258
191
464
309
384
689
762
270
347
299
481
767
799
707
241
757
583
388
163
759
918
725
47
770
676
426
520
652
588
144
533
846
335
350
507
71
39
621
693
739
920
174
858
720
233
99
829
817
840
992
928
758
69
975
528
97
401
48
750
341
544
635
539
880
985
399
951
377
20
645
116
293
171
974
13
405
426
194
222
266
187
502
24
608
477
552
706
230
953
808
572
497
795
463
729
133
862
33
510
883
30
978
176
201
304
541
606
730
87
180
996
626
682
372
235
511
925
941
742
230
101
314
727
896
129
809
29
992
842
891
875
872
869
403
73
174
296
32
904
383
212
253
10
247
625
245
758
902
538
500
132
991
166
212
887
296
21
269
288
863
160
515
87
30
270
160
556
566
544
460
949
757
65
311
356
43
556
114
945
446
615
430
437
133
994
677
429
15
946
69
230
458
584
317
488
854
829
44
772
726
857
74
483
274
385
839
317
294
305
615
92
920
397
530
406
391
559
835
758
857
257
340
315
193
9
804
400
190
200
172
916
409
246
751
684
984
942
353
278
248
320
370
520
717
252
926
460
811
114
570
668
371
910
336
564
271
492
964
462
692
489
730
454
735
482
490
719
776
843
349
24
516
720
897
233
972
823
46
136
289
616
156
660
879
492
577
502
984
893
316
29
382
47
483
470
881
325
541
657
520
891
34
36
611
931
622
935
106
668
423
396
636
932
408
867
424
985
370
761
879
38
790
261
437
625
731
318
950
625
328
470
516
362
859
479
645
481
766
751
501
190
147
137
122
556
357
898
893
727
659
772
117
801
386
555
778
469
873
728
94
553
551
962
267
762
441
912
243
208
16
744
750
515
233
224
423
590
474
317
317
134
441
787
287
827
342
66
649
567
146
95
121
49
58
388
811
499
653
54
59
669
150
809
184
384
385
608
974
860
277
644
346
718
431
633
898
773
51
899
692
550
994
813
599
52
554
411
904
207
817
963
228
320
125
764
704
510
724
30
722
1
674
68
72
457
54
970
230
457
221
275
7
215
88
607
268
994
370
172
553
539
487
781
859
612
898
915
123
622
946
197
624
972
266
696
430
672
18
12
129
239
287
489
806
728
448
426
722
170
950
628
709
438
761
921
50
659
188
525
282
486
723
258
459
341
306
241
365
324
253
846
915
893
335
73
621
783
500
695
953
450
323
15
888
437
288
291
96
476
816
378
963
891
988
774
232
294
15
597
970
620
444
237
513
779
311
486
915
811
182
220
261
857
235
502
294
523
793
743
352
609
473
667
501
462
793
733
756
808
683
79
780
479
316
294
258
627
780
525
438
314
746
700
524
333
202
818
857
347
913
561
956
387
228
809
201
373
895
957
533
578
36
313
57
353
607
667
980
740
193
771
406
291
823
930
624
377
101
833
724
14
394
680
753
974
490
954
347
385
264
880
315
300
546
372
5
505
391
338
245
936
461
652
227
284
934
204
661
35
37
385
402
784
417
155
110
259
110
458
996
374
690
311
26
236
35
384
742
779
74
339
715
535
343
295
171
278
499
832
665
536
569
67
672
338
575
783
598
37
241
946
763
283
258
789
872
645
525
966
424
951
657
140
838
1
787
9
631
286
193
648
174
114
68
847
453
643
630
403
680
223
349
443
858
959
584
730
605
462
48
29
413
706
521
252
59
308
261
42
946
807
690
121
921
110
968
374
753
598
777
785
821
479
228
679
438
165
762
395
627
162
425
40
220
298
644
279
959
258
673
905
65
716
26
338
826
346
713
932
944
842
717
117
673
298
149
112
463
263
507
90
425
284
482
646
935
479
277
894
737
951
151
154
19
178
492
845
524
557
129
821
752
847
290
425
145
439
537
608
702
397
50
128
33
532
126
968
363
403
214
100
706
366
606
725
896
451
923
772
8
52
593
760
251
236
186
396
675
75
356
730
824
406
210
858
291
336
826
654
91
393
107
798
759
65
875
655
516
150
779
877
555
725
637
806
961
175
555
636
251
911
366
75
670
928
285
961
264
464
967
708
857
426
858
616
492
733
623
360
236
402
237
791
127
227
597
440
402
152
77
5
416
795
433
86
76
718
399
340
182
718
400
39
145
258
7
989
344
630
349
580
385
939
371
864
166
320
305
568
825
734
574
241
881
7
679
957
77
78
650
260
796
50
651
293
309
659
282
653
641
984
233
378
923
956
243
89
276
900
9
453
634
583
46
867
942
725
825
20
155
475
632
304
877
635
597
538
294
232
191
288
216
776
666
139
84
909
580
713
161
589
166
147
525
213
15
819
290
840
839
446
667
823
750
544
459
699
83
105
931
626
393
147
755
412
638
839
673
570
552
835
512
71
982
37
636
997
856
926
189
48
372
856
223
474
753
682
174
836
140
457
814
885
957
569
297
947
761
971
518
665
158
30
736
140
419
724
490
275
651
679
323
375
888
899
850
641
933
376
829
73
833
643
311
790
565
608
738
326
931
608
991
89
638
80
582
57
804
424
684
455
103
360
183
991
259
385
984
192
761
813
618
946
457
929
89
22
537
827
700
821
787
691
262
425
771
196
834
928
620
870
383
76
230
918
419
489
303
404
34
64
217
652
363
26
581
452
400
470
631
100
643
418
144
906
843
267
102
29
195
75
899
931
151
482
849
570
323
153
974
357
569
544
9
932
570
590
384
323
413
15
423
56
433
919
962
628
187
417
9
382
844
909
313
995
743
515
917
66
668
244
424
237
788
785
522
710
376
906
33
141
274
809
197
59
728
512
688
915
281
697
650
125
958
315
472
701
830
389
120
850
985
544
88
773
329
962
836
57
868
221
198
494
30
748
554
111
260
594
378
893
291
380
18
602
696
842
655
526
583
775
377
569
671
817
694
353
779
530
410
999
104
961
846
486
61
400
597
673
994
328
566
637
708
936
591
404
778
247
283
713
374
12
282
398
181
329
751
312
211
513
311
315
474
157
802
535
909
751
208
903
79
126
893
788
62
484
544
192
83
179
906
810
191
540
208
724
869
311
36
81
824
700
748
651
209
550
538
119
654
99
374
733
225
619
873
640
104
770
832
539
949
90
349
493
983
909
217
852
220
606
285
397
306
386
48
867
288
586
986
942
685
713
28
263
332
901
903
788
671
87
328
973
530
29
466
513
939
35
717
511
641
355
908
299
741
308
167
29
895
505
972
932
570
0
547
903
253
450
691
277
890
371
250
420
401
716
933
692
103
650
555
97
5
464
748
98
124
267
128
371
773
452
304
343
804
203
598
57
6
290
334
896
661
584
316
414
652
601
106
108
603
662
205
961
478
305
59
954
573
539
326
698
343
982
41
147
185
992
557
191
634
891
87
295
828
755
62
832
708
520
292
312
182
849
625
12
155
36
967
728
576
293
426
271
627
819
419
812
811
976
4
445
219
443
93
47
551
155
232
259
675
524
923
210
374
900
574
529
937
893
609
865
538
35
136
165
206
555
978
18
883
334
815
103
129
260
502
32
767
734
292
443
611
567
5
337
468
931
866
405
825
827
270
363
214
758
881
420
314
211
790
197
545
606
652
26
218
155
59
986
241
703
781
852
622
786
189
90
69
407
847
894
586
469
610
800
228
491
221
894
702
363
443
599
321
96
625
540
251
36
526
844
91
307
49
714
445
238
804
514
998
4
761
584
473
371
737
701
862
958
947
564
321
391
515
995
487
492
535
90
529
61
934
972
720
983
686
165
574
843
679
924
847
792
860
672
163
597
726
25
907
673
941
229
64
808
224
903
301
111
993
182
172
280
154
244
615
193
409
541
388
440
465
587
233
326
259
396
275
985
774
183
11
67
764
75
876
340
979
177
451
324
711
975
956
865
219
572
410
628
465
798
420
931
385
5
609
645
754
884
982
528
67
993
947
831
421
175
171
752
352
974
76
63
949
385
281
168
957
691
148
774
490
569
705
227
574
666
872
328
551
207
208
970
552
508
154
973
683
677
77
388
652
506
803
601
891
84
122
200
128
270
974
970
191
32
197
118
698
422
798
601
629
7
572
533
867
78
859
550
755
936
938
407
442
742
361
333
178
483
885
658
753
860
628
297
892
826
415
590
248
213
544
229
572
468
114
439
546
973
342
653
262
280
413
704
374
774
390
905
257
275
563
362
487
192
659
379
370
426
322
618
640
866
199
212
686
313
4
232
639
346
885
901
978
650
957
353
424
347
258
33
975
173
748
462
365
759
842
735
186
516
705
826
734
256
390
420
922
746
652
561
92
889
462
71
540
771
776
316
119
386
350
94
559
450
556
277
209
750
364
395
266
70
221
352
326
964
772
600
710
776
161
155
18
975
226
910
747
354
226
218
92
928
312
3
378
220
632
940
323
997
335
941
419
909
294
745
873
66
698
935
195
859
90
213
187
668
123
934
22
701
152
466
630
816
470
360
388
102
300
711
451
636
5
870
545
299
968
770
717
666
705
912
525
796
477
712
464
600
998
839
302
502
305
284
670
127
644
59
582
945
122
33
933
127
904
830
778
872
952
496
538
657
760
415
805
238
480
270
190
830
461
844
333
118
128
3
246
125
414
180
70
889
213
355
16
469
537
147
341
489
643
231
146
755
647
304
345
479
926
536
309
387
380
642
505
861
998
103
986
764
635
408
653
849
763
22
318
652
169
12
141
164
243
639
919
242
943
617
721
869
153
31
608
885
25
466
746
23
921
732
140
557
492
793
406
255
815
76
907
984
440
400
500
36
40
420
278
335
37
352
205
542
383
165
779
408
631
526
784
553
610
924
110
103
69
868
710
885
296
970
221
737
722
722
773
762
494
403
450
883
755
7
777
490
172
556
899
804
434
35
709
397
311
171
852
380
39
562
617
335
884
839
424
607
913
549
721
407
953
171
642
60
530
419
551
703
327
802
859
762
837
568
159
148
739
363
880
130
925
498
817
162
337
242
121
602
143
194
361
96
718
3
509
248
774
60
951
101
862
162
215
51
730
374
551
821
737
431
951
15
929
769
529
618
363
2
572
506
196
933
955
266
936
464
515
62
876
818
164
738
981
379
789
63
106
692
885
195
123
836
562
405
957
443
375
320
445
948
179
994
881
134
260
170
950
775
232
826
946
748
916
927
128
57
990
586
749
227
133
224
416
696
981
373
139
357
46
937
657
577
931
890
711
191
60
13
319
645
191
617
393
107
896
873
164
238
811
913
466
945
489
882
641
471
607
132
828
5
421
837
582
352
727
293
896
140
658
567
785
849
536
530
956
432
756
472
670
567
737
136
512
227
370
505
698
330
990
878
335
411
715
918
116
794
563
364
934
222
283
71
423
819
954
380
251
710
204
273
629
942
762
494
169
132
999
867
462
341
97
798
105
164
68
221
958
631
937
245
853
220
668
277
391
974
9
994
36
213
267
666
155
29
160
676
514
511
895
976
853
992
126
958
508
546
531
467
178
820
64
383
40
84
660
783
59
21
777
95
587
396
113
94
426
273
771
940
137
666
268
990
11
747
300
519
293
831
338
471
651
754
855
43
839
867
178
898
241
955
345
828
351
459
922
129
84
45
69
221
64
690
563
75
437
863
946
82
46
285
906
49
391
113
92
230
980
270
480
573
577
178
753
281
989
676
410
73
73
832
647
137
522
562
564
311
426
511
745
824
148
651
874
539
764
318
122
97
589
602
670
518
780
424
799
769
452
562
195
525
394
194
15
268
756
579
931
534
442
676
359
942
328
585
482
92
903
956
541
844
558
212
363
691
988
514
460
440
76
7
317
822
201
684
442
958
616
373
844
410
402
555
353
730
140
187
174
44
143
68
888
53
632
603
744
620
118
557
412
546
564
81
721
766
766
515
76
734
241
272
144
643
828
497
725
968
36
251
364
179
319
605
233
951
560
329
923
30
886
335
577
451
417
650
569
535
165
997
269
406
269
765
401
97
263
126
418
651
730
134
831
49
91
416
353
652
97
276
682
984
964
611
787
733
261
356
268
779
353
889
537
974
654
939
424
269
417
194
921
147
328
752
549
772
520
254
424
617
882
458
953
846
70
740
579
683
96
199
814
801
88
352
776
743
643
552
12
412
746
933
912
426
37
813
198
909
67
974
879
949
433
832
148
503
573
727
186
21
927
1
175
367
705
951
110
700
855
475
112
601
760
24
27
798
837
578
59
256
552
938
206
985
123
354
840
48
433
379
69
712
732
244
80
437
547
542
137
402
17
601
355
778
626
735
928
815
313
987
72
217
278
278
203
401
984
395
449
769
774
870
482
858
115
914
295
14
456
784
417
826
386
124
604
364
859
884
179
172
871
251
390
501
881
945
254
217
692
703
987
819
926
821
677
41
87
973
407
543
109
824
721
847
949
325
211
160
561
391
333
785
994
75
286
876
372
541
93
416
596
432
235
522
605
913
915
692
238
323
588
347
499
309
547
800
987
758
961
548
501
646
333
496
721
972
724
445
513
169
213
109
602
449
984
207
362
899
252
600
222
840
299
722
501
846
874
840
957
835
389
458
481
74
306
554
46
30
351
911
200
565
373
154
14
357
361
728
256
965
680
831
157
979
905
659
178
779
499
487
615
240
945
448
315
604
3
713
634
354
625
834
271
350
340
285
707
702
13
315
19
693
498
177
25
755
836
555
535
687
42
502
928
339
950
595
943
305
308
578
12
285
764
283
987
105
569
694
159
934
362
178
980
212
355
357
968
543
264
855
231
306
357
159
997
659
106
941
317
766
871
329
404
987
612
391
92
533
438
603
820
800
134
800
364
841
509
332
385
773
187
968
431
896
479
428
556
585
369
873
351
240
554
755
228
166
147
672
52
585
628
872
737
762
24
101
603
533
786
340
658
973
308
89
222
787
517
130
372
887
355
76
479
909
831
59
427
330
732
479
915
712
703
4
474
727
458
429
612
244
770
270
569
78
711
143
218
229
273
942
468
628
18
947
537
850
359
965
532
443
796
800
155
500
804
629
579
614
58
544
858
180
166
780
611
878
923
829
107
549
771
927
177
790
226
67
992
585
384
524
28
180
676
183
32
481
164
964
447
575
508
306
755
26
438
366
904
713
547
363
262
319
290
792
461
517
859
805
102
243
681
483
775
358
666
160
191
183
124
638
758
984
296
865
10
734
584
915
800
131
630
414
802
921
206
263
438
417
68
540
12
102
23
140
460
42
300
651
577
776
289
687
760
586
552
122
672
488
389
824
620
20
239
422
941
797
38
379
567
458
271
579
560
647
719
372
41
371
23
618
147
665
657
907
603
209
382
627
698
771
452
670
791
43
444
84
192
482
463
759
293
87
691
853
86
762
578
479
134
601
449
281
618
106
541
573
667
923
201
717
46
5
387
838
48
184
274
592
666
738
704
311
177
747
517
615
509
95
94
995
48
543
629
667
649
522
240
316
797
793
34
843
798
773
33
198
957
308
143
976
398
847
287
575
946
804
190
455
251
636
803
300
179
784
319
828
306
911
496
103
705
530
946
855
656
980
406
613
288
549
589
686
748
229
613
694
33
155
501
637
791
304
937
322
88
608
150
746
519
998
849
576
529
796
432
537
128
838
150
768
739
92
454
487
321
419
181
706
926
682
343
717
339
280
39
779
888
541
526
760
539
375
336
420
523
120
957
651
958
460
419
49
552
225
536
873
996
69
579
922
752
923
991
443
555
382
222
444
275
748
204
815
476
540
587
999
13
897
3
971
357
774
373
909
352
909
782
700
979
713
623
83
636
966
526
192
349
748
988
624
849
192
791
325
84
379
676
97
628
31
421
985
806
146
894
510
55
28
210
386
741
185
469
730
152
995
922
853
96
262
829
297
806
973
974
242
704
650
692
332
34
113
317
840
259
563
702
666
591
912
53
684
450
874
414
954
222
688
159
670
950
340
967
756
313
941
999
17
943
691
701
977
156
18
169
767
933
871
785
524
136
838
209
938
65
975
892
287
664
51
957
614
391
924
371
57
217
722
426
160
413
128
138
921
498
307
688
432
531
473
956
667
664
517
605
81
493
849
368
509
252
677
123
995
953
846
52
170
568
479
682
333
959
172
254
457
832
294
241
363
120
550
382
784
67
339
217
912
188
585
421
792
614
897
787
567
743
192
89
664
671
771
997
982
944
604
791
776
898
33
491
370
583
873
506
650
564
723
915
104
660
688
896
274
585
683
841
329
875
282
993
898
406
342
880
702
298
672
478
197
705
321
919
640
546
426
290
110
149
557
214
810
246
110
84
831
793
278
512
21
560
857
919
318
200
152
20
498
176
850
47
233
171
967
873
717
745
515
179
894
73
393
56
671
503
141
502
649
771
367
22
683
224
293
2
776
445
22
627
973
873
26
206
396
345
79
466
90
595
645
985
20
39
41
691
894
534
545
895
657
912
917
341
489
211
343
265
8
717
244
982
942
271
188
339
616
620
805
707
567
450
44
587
841
437
630
736
324
527
631
981
440
901
322
281
112
17
546
120
87
791
454
29
414
643
368
30
615
525
89
182
328
485
121
169
275
103
257
599
630
241
932
70
142
607
703
606
624
250
78
711
393
533
93
807
528
813
189
143
339
631
677
19
116
798
188
391
901
798
342
531
39
275
954
181
882
657
787
858
259
217
922
4
750
15
163
278
180
353
773
871
336
450
890
804
248
431
196
501
229
890
385
268
517
339
801
751
348
940
610
960
157
884
964
908
251
128
538
431
833
312
303
169
114
193
973
715
976
521
216
205
764
601
825
281
292
626
385
993
566
995
953
76
231
917
336
482
45
874
913
230
538
568
751
653
114
77
368
90
950
936
648
714
890
473
348
182
452
733
175
370
80
128
446
311
398
782
145
795
9
410
26
547
979
129
552
445
206
272
887
509
209
535
575
451
361
923
633
813
8
161
535
440
641
982
103
39
116
248
187
477
11
213
25
990
694
929
787
901
202
674
410
763
562
337
214
923
261
199
88
621
360
623
62
354
957
517
745
426
766
932
903
777
497
928
119
192
210
258
445
412
932
207
175
494
544
741
769
157
940
857
131
653
481
193
7
438
62
752
864
828
37
120
957
886
400
428
78
610
686
875
374
971
434
549
817
331
642
587
488
583
796
619
236
277
164
243
68
227
347
284
407
736
404
717
623
805
497
53
415
184
281
790
507
715
691
676
46
334
615
887
269
412
506
505
41
23
100
109
602
799
746
9
536
150
78
511
307
576
564
75
112
197
217
619
913
260
647
311
946
263
198
215
27
57
720
68
80
172
530
34
972
276
43
860
778
474
371
86
50
287
513
162
485
730
133
750
990
780
61
937
395
260
504
422
669
577
843
101
749
373
135
73
649
530
933
779
4
656
217
54
944
730
216
781
460
701
531
803
482
592
92
229
204
596
652
873
525
495
326
275
868
461
348
869
992
634
0
996
642
218
403
938
948
619
719
761
673
250
916
155
195
8
736
751
956
388
977
482
235
303
109
455
765
809
676
109
443
677
457
438
895
860
376
843
832
96
956
505
698
872
12
245
232
748
349
541
489
326
375
724
981
484
180
98
645
208
207
441
885
665
879
780
877
255
976
709
703
932
214
402
157
578
999
741
327
348
634
816
26
9
892
8
845
424
106
491
633
666
932
518
331
811
299
208
418
627
270
122
911
836
876
420
415
875
162
742
224
796
910
250
158
802
610
3
227
717
494
860
383
778
730
66
941
381
626
360
8
896
482
272
733
358
692
148
585
206
242
161
3
152
764
161
306
374
516
885
443
363
745
826
141
828
892
83
209
871
443
218
767
277
490
852
987
534
0
572
741
594
734
96
746
850
609
405
224
125
290
668
488
388
846
982
216
91
65
425
962
860
995
729
489
837
582
476
372
934
400
113
529
486
209
627
336
170
32
913
295
323
581
136
711
779
118
927
870
535
704
832
395
700
914
884
537
848
712
261
134
112
374
663
599
935
643
935
105
675
848
753
350
781
889
413
561
359
692
783
894
397
616
641
449
882
877
986
82
589
248
216
53
974
232
652
262
875
940
719
902
140
472
253
274
713
18
187
72
711
970
318
108
938
959
909
820
188
895
254
777
495
471
183
470
703
835
84
930
127
803
832
620
276
85
894
341
104
81
414
167
403
84
627
342
44
536
514
232
431
769
362
279
592
545
101
295
732
185
577
212
988
409
832
616
847
726
958
303
159
724
470
562
808
97
256
204
985
123
789
768
892
151
47
836
48
148
483
132
685
60
344
26
469
176
642
316
254
952
971
413
28
793
328
837
890
584
393
227
707
182
996
951
685
43
787
85
544
270
218
581
330
562
607
152
91
602
820
345
554
792
759
935
585
439
124
828
375
517
55
435
52
403
386
89
799
526
175
343
148
745
924
831
659
884
335
750
486
155
96
392
299
207
327
237
646
451
65
373
321
472
808
373
876
195
462
675
73
989
370
573
734
646
404
394
530
739
496
368
247
592
113
546
151
440
783
149
244
200
523
565
673
331
290
901
878
104
928
951
446
298
877
180
296
281
926
179
373
423
899
620
367
12
166
519
453
302
668
49
502
543
966
175
875
608
428
105
712
356
409
158
6
286
691
655
567
617
186
292
392
85
912
760
98
431
279
903
733
299
952
235
843
270
763
70
878
543
175
942
252
584
453
610
870
144
265
790
113
451
434
506
537
347
266
987
130
897
890
863
196
842
450
391
464
565
813
342
109
989
284
361
925
737
323
148
233
589
290
699
392
724
557
929
423
823
916
553
72
158
768
620
352
219
364
816
136
177
158
597
518
795
310
444
884
634
944
470
223
586
169
615
310
726
897
86
901
165
639
973
324
760
945
676
979
309
493
467
487
3
65
5
798
375
801
35
9
97
505
584
683
674
552
346
752
449
432
653
966
71
978
290
831
923
319
162
585
812
982
72
167
47
429
966
774
583
1
136
680
858
720
364
532
272
710
284
73
494
289
40
565
619
682
749
894
1
263
479
165
597
903
333
644
685
651
771
268
4
907
948
862
979
664
394
252
726
30
677
220
671
69
138
290
104
239
536
105
854
16
271
452
271
956
448
956
607
219
576
611
126
525
473
106
541
219
710
268
249
739
840
272
809
978
562
913
569
98
370
424
466
993
876
90
949
324
46
556
896
623
167
22
500
992
480
393
211
190
13
812
282
854
84
443
184
646
708
754
97
78
178
915
72
406
5
373
82
404
930
978
379
449
353
879
442
833
272
5
376
286
818
658
492
902
101
676
901
809
782
350
887
312
617
311
718
623
685
153
379
967
131
758
416
484
637
210
670
261
568
46
899
386
704
743
640
157
420
893
966
554
243
205
867
861
869
585
836
906
90
215
873
222
973
641
58
962
204
728
575
772
126
827
510
182
570
502
339
342
396
657
897
991
215
764
852
84
701
40
990
792
255
215
366
580
856
776
542
412
857
470
184
983
297
46
166
219
549
857
914
945
515
811
936
730
927
141
166
980
533
508
124
789
723
842
721
931
619
616
344
476
86
880
811
735
927
329
954
476
187
868
773
54
31
61
136
310
554
302
643
88
162
767
229
885
610
950
168
581
566
864
57
652
745
220
739
672
550
46
500
737
266
625
791
650
38
279
960
593
581
955
681
95
723
910
332
685
212
500
618
779
365
27
783
110
247
875
134
797
921
986
886
187
963
677
837
1
308
150
594
889
105
627
336
180
