700
511
267
787
585
395
777
95
525
68
331
736
509
396
15
71
910
283
668
370
681
592
108
846
464
346
822
570
74
515
432
126
26
699
265
963
447
42
411
972
462
94
708
971
491
75
394
753
358
414
124
391
358
584
238
174
283
412
96
357
279
529
835
306
580
452
621
27
494
384
351
309
479
411
632
322
487
379
75
845
145
551
237
504
136
827
678
419
239
127
128
519
8
963
177
588
415
150
968
261
535
671
570
14
83
555
336
922
934
763
119
79
315
708
583
803
535
614
222
127
93
702
998
101
17
527
689
784
677
9
397
564
681
968
578
116
523
266
38
809
382
157
888
49
218
824
852
753
438
426
232
531
128
230
984
497
109
25
281
787
35
678
703
68
998
282
536
873
900
926
682
634
435
571
683
653
747
535
759
185
961
991
68
441
574
404
938
683
429
571
822
816
602
526
236
600
160
772
826
412
698
508
47
486
431
730
139
178
618
898
715
931
242
135
373
168
539
663
203
969
235
378
137
837
256
374
789
768
146
615
180
197
476
579
35
907
662
174
438
280
425
153
211
19
641
936
187
180
600
390
501
187
768
639
376
24
365
165
792
863
781
325
412
609
904
447
516
918
622
954
198
399
460
762
418
101
698
605
633
650
347
135
837
468
126
213
492
491
731
637
354
864
962
767
473
218
566
341
137
188
296
687
939
108
801
357
561
500
314
194
502
14
681
340
482
159
905
326
2
636
963
709
852
277
828
325
848
394
667
337
935
315
24
874
775
826
584
336
678
250
882
180
264
916
872
746
75
778
73
78
766
388
139
619
666
967
296
866
361
963
203
296
630
579
523
405
757
107
741
435
357
624
968
622
540
192
720
967
970
145
397
89
534
536
60
552
855
356
418
217
320
621
865
950
200
740
356
310
847
449
745
557
425
65
531
317
258
603
285
580
749
682
669
283
571
81
835
426
438
253
995
758
226
213
60
778
953
768
88
153
218
186
62
643
603
593
313
861
196
598
794
945
632
815
580
555
897
415
982
335
20
329
445
598
542
857
377
848
626
817
1
196
3
63
191
607
8
504
820
204
102
614
502
87
782
82
642
679
850
976
14
870
306
811
821
200
668
550
48
294
367
49
842
723
464
34
682
472
538
502
677
993
469
531
80
603
613
74
282
815
51
648
686
357
459
859
909
479
409
958
774
776
359
616
499
824
2
533
296
541
36
325
534
857
856
966
460
822
40
94
637
91
94
675
800
905
534
710
384
943
20
510
72
379
127
923
203
129
457
500
22
845
177
908
54
34
874
866
208
915
960
845
358
406
873
159
311
407
221
695
703
241
206
127
620
685
50
824
166
507
676
189
704
853
97
758
239
324
624
447
239
936
645
597
342
518
108
653
277
329
349
980
570
907
107
543
592
510
719
758
369
395
299
74
248
397
184
840
721
809
287
312
97
932
261
440
450
370
93
728
51
794
60
974
701
520
517
293
382
236
404
751
631
703
177
231
452
362
423
173
171
711
837
268
995
99
60
446
821
506
526
872
300
938
846
354
458
363
999
840
951
403
944
582
107
121
166
911
483
589
85
6
652
274
627
648
725
687
446
546
193
324
419
846
262
265
200
73
981
551
265
932
307
209
867
766
331
385
677
166
974
114
173
979
389
800
627
114
839
425
661
33
749
432
231
11
697
783
84
30
334
702
963
641
911
830
407
594
215
85
761
541
199
286
520
940
438
499
55
277
276
68
662
25
500
893
389
549
676
825
580
363
527
895
4
439
725
764
33
292
201
146
185
752
432
706
693
870
557
100
500
834
520
162
211
372
56
600
921
732
426
853
447
953
748
804
744
825
568
130
117
121
276
655
873
61
713
918
283
270
370
783
456
890
946
668
262
2
620
536
86
46
389
534
352
490
338
96
315
258
226
785
379
855
440
604
916
153
875
199
775
245
983
232
136
281
252
750
283
872
286
721
271
676
607
623
166
945
71
833
555
650
618
286
505
410
243
773
563
118
972
691
363
307
275
851
588
527
954
223
751
240
945
22
268
552
997
786
850
69
620
757
719
590
396
576
353
639
349
916
109
673
959
472
333
234
676
273
761
630
497
865
222
794
887
491
698
237
277
900
306
249
658
377
192
406
953
545
45
654
813
154
679
773
978
12
7
6
286
121
988
135
986
211
281
225
702
979
462
331
232
120
933
242
497
125
648
802
670
693
808
835
199
488
608
177
852
968
536
490
89
524
625
427
735
906
652
789
238
467
121
822
587
54
64
437
531
712
591
553
757
400
388
956
240
349
485
92
669
21
583
758
546
560
537
633
819
541
423
409
8
896
231
948
302
295
385
833
7
976
738
116
728
478
72
320
827
909
413
496
931
348
606
829
908
143
814
79
37
237
488
45
133
719
993
435
14
730
620
373
59
358
489
139
837
913
460
664
823
873
513
106
573
471
287
833
967
101
913
4
339
401
49
472
121
395
260
487
125
880
213
536
239
702
676
76
616
136
92
791
361
957
897
934
429
184
767
396
285
680
752
624
434
153
449
907
548
61
394
26
941
959
562
532
662
590
608
630
726
53
421
439
10
670
373
791
854
493
539
491
525
291
468
959
445
269
218
345
330
965
371
271
924
286
804
938
876
764
568
955
817
341
394
180
363
120
971
217
965
511
61
490
154
529
802
599
798
372
945
128
337
668
751
262
306
555
200
535
672
121
842
841
814
236
21
178
708
345
747
25
208
808
868
362
689
670
314
487
394
259
967
732
279
719
346
586
626
898
473
650
19
315
492
186
903
513
364
964
210
463
989
418
624
857
781
313
879
447
153
274
706
120
6
337
191
352
275
170
250
748
820
622
415
312
808
319
178
524
283
388
987
272
807
963
130
940
277
9
387
430
283
445
902
641
782
446
345
410
616
596
510
436
570
926
101
730
245
279
254
880
667
593
152
826
557
634
766
186
644
505
968
279
950
870
273
85
316
618
847
284
566
357
73
136
283
174
866
880
453
472
760
472
418
265
651
327
899
769
513
895
275
481
527
577
351
800
14
20
418
213
304
985
571
377
473
206
903
340
439
708
164
551
181
582
816
184
909
68
953
422
315
228
255
194
158
959
994
524
331
765
738
635
750
661
365
575
867
620
915
658
329
432
210
862
14
378
46
276
446
999
50
114
580
306
308
90
265
303
614
948
420
704
935
170
365
652
745
585
273
13
243
602
797
453
816
811
184
862
439
630
213
490
96
145
148
405
235
765
60
202
713
480
906
648
2
272
301
99
209
574
464
452
528
261
258
696
425
442
558
864
424
123
706
521
621
854
278
856
971
338
410
684
170
317
685
172
941
986
623
502
912
440
954
792
701
564
488
126
6
398
343
783
521
401
304
142
256
934
351
579
272
761
616
794
430
301
318
723
287
941
225
551
381
532
343
435
96
831
913
455
581
256
238
102
658
894
597
266
828
300
197
100
413
813
246
196
114
564
919
753
505
497
304
239
29
999
674
477
182
587
932
763
196
170
218
206
64
167
472
244
467
669
696
880
483
942
76
949
506
348
703
364
197
359
603
578
359
629
55
541
216
340
657
764
510
875
970
927
42
794
171
861
816
868
741
651
810
170
600
669
870
303
33
67
663
636
645
374
617
52
267
833
392
924
950
255
151
920
534
193
715
57
54
531
925
148
534
88
670
134
109
892
790
142
959
805
130
956
179
747
360
446
932
753
723
882
8
874
155
894
68
222
951
474
105
229
974
639
317
996
773
778
888
563
920
199
720
402
155
899
149
516
698
433
621
421
668
981
295
823
875
715
45
826
542
150
55
868
789
724
865
914
502
753
830
774
305
550
176
460
450
325
328
148
111
949
921
779
282
568
602
157
284
999
984
178
149
391
46
290
116
911
204
970
17
34
745
322
585
921
134
35
599
815
535
710
116
808
489
399
376
443
556
660
442
892
190
943
284
237
233
752
500
437
722
869
472
467
543
409
741
678
796
340
493
683
50
609
491
891
360
867
686
917
880
128
161
70
71
797
659
656
901
160
93
624
29
917
443
925
326
536
603
122
876
448
157
278
409
648
521
770
868
207
39
748
687
552
170
110
350
830
766
251
342
860
227
723
129
23
648
808
559
603
282
788
51
440
66
813
88
940
935
956
147
974
56
835
526
227
945
228
409
64
480
103
924
59
826
405
82
827
213
642
430
496
430
834
288
848
647
376
788
582
685
288
908
741
475
786
320
772
367
81
836
847
184
112
258
11
518
341
838
731
335
268
579
117
102
867
317
101
596
458
35
281
746
943
374
221
82
695
993
449
776
830
648
313
294
906
324
812
599
514
896
286
134
827
403
589
695
721
690
643
179
726
924
277
21
650
498
455
697
843
904
826
25
904
139
320
163
815
484
762
329
380
49
463
208
804
52
255
877
95
898
408
173
174
685
194
176
535
2
874
731
906
700
756
163
191
428
326
6
913
88
335
645
489
798
853
646
203
460
523
298
710
932
471
884
617
17
413
505
19
287
236
278
339
992
441
530
773
119
536
38
559
223
683
49
373
889
695
576
349
570
226
60
502
49
296
472
67
709
977
438
348
213
68
39
557
509
569
330
628
457
368
188
680
404
589
406
293
636
982
642
206
561
54
61
610
703
533
29
764
510
820
113
75
888
152
632
750
74
315
378
883
35
918
916
439
859
322
84
495
656
727
54
217
133
115
180
836
648
209
601
510
381
66
937
270
570
921
20
996
236
750
880
624
21
796
415
232
118
500
728
774
579
134
344
712
249
524
901
249
85
854
111
467
272
48
737
842
969
109
839
558
211
719
534
584
867
949
817
985
449
897
111
380
31
455
93
632
979
346
233
65
200
696
884
472
96
973
666
65
82
505
975
645
576
509
230
443
811
47
780
260
944
244
641
327
699
86
959
31
784
544
448
984
240
332
808
336
305
474
753
739
332
729
384
260
590
966
56
401
365
188
14
309
432
7
988
484
445
947
515
229
491
963
565
731
647
373
419
304
199
173
43
883
254
779
144
844
746
200
598
111
388
964
773
821
971
761
305
768
61
172
349
904
487
914
988
134
639
407
438
838
580
833
74
834
612
218
31
710
418
629
174
158
593
299
331
916
412
988
36
473
160
385
378
999
299
366
133
938
773
923
128
354
108
202
540
73
772
571
135
542
200
309
701
145
960
32
413
373
373
449
846
533
186
576
885
485
942
18
775
68
294
256
774
754
810
314
827
583
238
963
477
790
624
178
936
585
563
701
958
936
503
156
821
689
733
58
527
27
429
654
95
723
910
869
477
73
536
657
8
774
620
485
564
244
16
852
829
931
906
139
219
409
296
392
450
29
451
977
56
880
632
504
603
894
725
432
967
261
89
975
387
709
813
304
306
829
508
135
760
414
275
979
175
923
723
626
952
174
603
360
54
235
216
657
130
942
442
449
555
883
777
943
945
590
599
251
771
107
738
883
874
13
214
49
288
937
675
240
112
631
953
166
218
169
176
700
111
618
150
19
853
279
962
798
869
913
49
992
372
788
875
246
153
89
648
442
26
323
34
138
306
339
657
525
509
833
225
972
803
727
991
656
6
305
807
227
218
856
219
943
996
94
189
502
535
837
944
562
513
330
52
171
670
61
696
531
894
274
503
49
353
847
58
360
152
865
587
723
73
159
666
70
253
207
572
141
397
868
703
910
550
107
81
220
169
130
751
415
404
607
817
757
454
875
469
958
92
409
681
165
568
699
235
173
907
159
314
304
27
369
566
930
829
999
150
350
481
254
117
885
213
934
995
667
809
816
977
901
225
11
419
145
710
654
671
969
166
985
625
545
707
543
475
888
543
626
238
376
232
355
262
445
290
609
464
451
777
441
705
3
452
124
500
515
130
171
484
296
509
462
842
568
5
317
456
900
295
694
277
527
401
891
324
43
852
788
847
629
582
552
984
34
28
485
901
510
656
386
159
517
200
1
85
205
670
541
458
318
587
87
845
989
978
522
32
830
310
231
811
244
783
796
631
163
281
532
26
289
270
185
807
470
186
892
28
208
786
486
526
373
573
724
714
903
246
747
85
908
978
896
505
114
44
136
629
325
668
655
967
939
840
774
409
378
18
437
939
804
275
465
530
200
541
244
103
139
343
540
400
674
789
905
140
833
41
769
511
61
777
478
0
969
604
762
700
622
551
639
779
827
456
309
379
998
905
835
489
249
375
889
275
164
146
415
350
187
536
861
249
313
339
601
635
943
363
335
917
267
974
696
446
430
357
825
780
615
660
270
864
388
511
139
904
658
906
254
197
442
115
798
108
806
400
743
749
115
430
19
734
404
67
180
186
777
6
319
392
18
941
256
758
452
747
663
462
653
917
660
447
385
458
555
191
210
650
293
678
80
312
412
484
731
593
23
508
951
694
900
321
635
508
80
87
255
743
902
260
12
562
708
749
372
615
941
583
266
586
261
346
250
25
183
981
618
558
490
921
252
390
243
887
251
323
326
506
418
228
119
782
790
179
532
515
794
825
98
412
411
711
759
13
736
294
994
707
852
836
980
456
579
223
343
830
898
21
336
316
250
807
99
392
986
983
907
133
808
357
545
571
68
656
584
157
302
930
216
506
767
196
962
346
772
305
176
670
327
864
339
929
672
438
673
10
773
581
495
933
938
393
504
359
49
440
868
704
370
436
210
137
984
173
483
756
830
659
779
509
876
118
790
548
908
464
910
681
45
406
614
335
799
118
46
200
558
914
904
280
702
467
418
687
992
253
443
174
913
222
684
141
692
826
689
600
290
951
281
687
357
895
23
508
365
421
61
275
336
317
556
390
784
326
77
776
579
873
951
844
447
987
985
140
813
26
740
456
978
374
143
687
269
518
548
987
940
609
262
628
926
170
18
63
496
448
839
76
673
142
272
120
481
258
612
647
284
705
103
614
79
598
302
700
117
850
687
409
811
302
37
737
472
407
152
321
855
992
749
528
486
21
1
320
279
613
967
916
670
422
530
749
372
184
450
489
386
489
250
197
791
639
287
616
47
439
289
254
783
38
135
622
59
488
942
691
453
261
959
124
35
489
873
407
26
675
249
412
165
851
962
308
491
249
276
538
40
565
144
176
955
279
798
367
767
92
58
573
705
369
697
740
858
922
499
236
598
100
649
115
952
611
775
443
212
52
333
604
969
477
780
925
109
930
292
228
22
702
801
727
71
498
819
281
421
319
518
371
771
519
486
723
130
261
166
694
665
851
298
635
329
431
912
438
361
204
666
384
258
820
463
329
318
635
962
91
954
480
462
77
351
948
801
833
562
319
527
579
171
178
566
852
609
478
642
322
34
660
58
292
480
522
973
799
157
936
890
463
768
705
540
472
653
693
305
567
365
833
499
888
363
65
740
324
544
734
646
930
394
705
575
875
579
548
26
88
836
268
551
957
973
443
429
979
489
734
898
206
919
397
94
282
463
186
606
359
920
605
641
666
310
216
541
241
765
919
329
953
188
232
262
161
27
691
492
516
778
391
74
697
788
168
332
603
706
290
962
978
895
604
645
557
820
538
150
937
458
479
243
998
711
505
511
739
197
4
607
327
395
682
376
535
202
708
139
261
351
453
239
246
409
236
156
582
127
306
871
937
786
114
935
849
620
798
940
169
802
900
848
549
934
224
437
488
933
928
749
284
381
341
882
143
577
390
725
704
697
596
641
835
63
928
684
683
727
977
204
881
229
52
783
163
628
220
651
561
148
401
197
881
742
432
24
671
822
101
376
871
698
369
706
113
650
743
148
729
72
352
610
301
756
745
464
384
317
115
298
465
868
847
699
962
631
75
634
454
177
362
325
227
83
384
340
733
127
488
462
199
192
425
500
300
170
316
684
488
783
334
305
652
182
356
614
813
432
600
619
609
962
297
836
398
681
528
483
160
16
946
359
560
723
211
860
245
527
896
85
310
231
391
314
413
99
281
578
531
881
550
492
196
847
680
594
528
208
77
40
576
375
399
488
450
962
348
696
841
245
133
503
476
876
170
241
976
451
171
859
684
721
352
232
568
32
178
448
593
608
840
521
335
591
10
786
553
358
834
746
955
967
250
431
844
420
24
172
223
196
31
259
269
383
492
190
768
670
990
361
278
831
234
614
422
244
752
328
603
586
74
558
905
676
342
101
448
718
273
671
266
305
931
536
40
423
78
808
445
68
521
724
899
756
690
674
0
442
2
955
28
428
866
933
105
560
387
553
278
660
577
545
317
860
433
358
635
511
518
80
931
392
156
183
500
846
857
852
288
211
808
668
639
26
954
96
586
341
2
216
1
579
113
671
791
546
29
426
409
899
858
341
291
15
524
791
213
733
644
854
944
804
522
935
830
476
32
768
169
34
984
171
965
450
842
756
996
223
534
758
122
392
99
766
759
975
557
973
708
553
827
4
357
701
939
539
178
323
307
699
357
644
222
322
94
64
430
442
639
964
200
114
709
651
880
468
978
789
793
686
343
972
42
700
674
982
240
204
305
899
903
15
543
126
337
989
542
120
432
534
84
984
648
793
988
528
614
966
317
407
5
12
380
47
713
406
29
305
610
687
204
865
702
100
991
391
89
886
511
873
420
948
210
68
93
198
948
707
516
617
115
521
630
847
921
343
253
302
0
215
989
204
80
43
656
424
435
746
310
298
971
730
246
181
798
692
731
98
399
600
715
866
121
345
65
394
40
318
697
40
885
686
597
318
82
253
742
517
351
52
167
323
134
766
856
284
458
588
382
857
188
97
76
661
795
141
56
187
812
753
228
697
791
177
15
873
430
109
742
134
513
262
457
647
28
313
931
838
253
665
47
441
115
123
455
910
265
511
97
77
616
677
126
759
206
494
633
637
955
727
771
469
989
580
468
369
893
400
207
499
417
255
940
532
730
395
794
995
258
244
424
226
921
903
986
128
749
971
117
704
698
240
173
40
172
642
761
417
394
321
916
163
928
857
696
658
604
842
6
215
86
782
441
8
685
427
488
786
398
957
491
449
549
16
841
721
10
954
138
756
275
55
920
203
264
968
862
220
810
220
435
897
2
877
257
40
656
745
826
407
54
669
208
603
686
49
324
696
3
462
453
279
869
725
834
133
693
48
706
503
268
141
752
623
370
9
663
379
106
841
786
160
511
994
763
549
395
439
245
398
902
50
29
123
775
216
609
820
264
315
676
533
456
428
508
179
438
523
558
544
364
344
57
227
690
820
776
85
260
374
835
514
424
217
637
552
433
598
724
697
913
400
582
370
829
90
901
619
965
459
515
330
155
572
909
845
745
686
930
357
412
117
871
188
334
860
92
767
459
817
817
372
569
399
94
750
842
995
369
807
806
237
489
961
809
399
158
554
437
440
911
849
558
134
37
892
347
482
12
806
299
829
530
868
228
977
619
422
324
340
230
131
577
719
444
739
470
603
645
907
395
909
108
953
43
498
198
742
980
210
900
279
39
431
499
619
760
470
394
84
163
624
567
92
695
364
831
166
319
477
425
714
738
534
668
133
384
218
876
364
428
776
995
819
559
846
790
319
317
184
756
480
160
675
572
208
39
756
726
358
585
151
73
323
37
93
456
773
311
332
137
91
461
132
262
372
979
404
692
648
941
800
480
101
475
404
661
515
160
387
225
97
891
298
420
280
391
229
54
54
561
191
497
374
676
759
747
7
164
791
7
105
591
487
558
418
243
220
285
756
607
511
853
850
161
274
131
905
503
537
959
416
80
457
143
756
568
890
115
732
33
122
189
976
961
748
394
205
320
32
313
279
543
166
130
704
792
613
609
647
150
921
416
230
730
559
339
298
801
454
31
186
929
572
162
242
672
908
799
992
940
112
624
483
279
754
540
423
719
501
71
869
422
487
451
152
398
790
451
551
597
834
737
878
758
899
120
431
807
920
423
100
32
399
935
663
153
475
439
224
329
510
445
751
349
897
256
747
39
59
298
636
245
387
866
3
286
987
434
445
259
210
545
643
609
481
659
115
308
98
339
637
608
785
741
309
682
997
408
73
408
58
710
653
445
928
656
731
915
443
528
174
653
74
818
614
907
477
729
215
927
69
205
535
206
946
196
240
295
604
313
703
14
375
356
459
304
364
542
571
807
70
746
460
496
916
75
755
745
156
323
672
577
528
559
783
474
755
23
121
711
689
824
725
64
180
536
720
896
430
292
704
500
390
516
349
306
943
104
403
100
427
75
677
307
986
813
133
93
188
254
156
877
78
881
294
610
769
366
507
199
658
211
51
48
727
400
706
671
857
109
123
636
536
800
944
874
965
77
967
154
332
123
383
762
356
677
373
125
44
232
676
54
443
728
455
522
480
513
545
689
975
668
326
511
821
622
386
786
51
705
292
735
829
676
498
185
353
223
663
749
455
339
156
250
419
611
772
900
124
670
589
99
690
267
963
863
241
701
2
293
406
294
28
587
970
878
125
676
101
788
777
556
479
933
158
899
896
283
151
373
953
92
824
995
360
787
859
953
840
861
246
599
507
627
186
478
857
311
506
959
451
283
867
931
569
26
182
465
309
333
190
614
425
15
609
137
154
820
91
995
33
689
946
541
668
132
19
526
796
877
837
599
160
704
882
81
82
64
547
743
749
737
357
527
104
319
16
259
139
107
254
173
149
200
66
817
684
437
695
832
314
532
432
474
589
314
908
671
379
807
415
480
896
124
7
1
795
24
260
287
483
866
812
632
66
878
802
102
315
849
935
629
382
719
455
971
33
363
642
764
170
409
245
67
886
604
68
681
628
680
968
464
546
780
448
964
658
602
66
973
452
353
954
834
72
410
805
458
773
799
574
296
561
171
715
447
776
783
128
756
815
449
220
361
229
669
325
240
271
743
565
75
97
520
909
521
930
66
331
55
218
906
703
779
77
418
226
205
553
706
314
368
507
534
81
89
555
406
329
179
502
246
254
599
766
516
472
48
582
804
456
800
62
159
931
491
930
157
49
835
216
363
204
75
249
285
164
157
44
845
336
546
92
942
497
210
810
321
259
745
477
67
545
539
578
829
383
508
986
432
344
554
795
900
630
44
537
146
201
933
992
889
479
84
184
328
294
994
650
905
91
479
972
989
19
551
818
402
411
156
186
107
711
981
359
693
25
249
839
579
182
831
820
14
267
4
342
562
351
344
467
442
824
792
431
195
695
249
949
458
406
135
566
469
468
277
514
845
526
353
424
709
537
245
723
804
601
417
366
952
762
186
747
938
978
530
485
673
132
434
131
538
921
49
359
389
679
873
234
205
226
659
914
115
256
989
920
857
759
286
162
521
824
261
811
154
791
296
179
923
82
663
813
3
712
524
744
391
397
978
949
976
989
215
91
597
205
11
807
964
650
321
837
826
582
0
981
725
648
160
1
730
823
166
85
888
691
829
631
88
159
580
416
149
796
508
98
353
871
905
669
873
226
858
700
160
858
33
238
506
193
239
588
369
405
673
257
96
854
888
537
13
821
953
514
617
813
965
322
37
870
991
910
449
849
962
609
59
995
847
917
189
438
505
558
196
530
167
644
736
55
181
101
228
487
968
845
300
933
519
337
155
510
600
604
711
562
566
122
558
765
39
99
556
896
9
752
778
176
396
866
583
930
968
812
417
288
9
69
221
529
407
728
391
359
685
455
921
603
577
831
368
969
930
276
865
291
28
996
819
777
862
755
707
182
567
124
470
928
545
43
809
304
772
201
663
809
656
585
412
585
768
132
554
51
409
772
342
789
768
162
566
982
917
273
165
836
749
635
116
295
31
926
599
803
479
615
612
487
552
376
72
320
508
979
371
917
751
66
59
519
580
625
501
849
251
18
685
352
654
153
999
37
79
951
840
910
566
804
397
118
180
822
438
40
801
162
310
904
228
369
423
808
994
276
9
597
647
694
950
301
199
301
338
279
252
530
541
170
686
939
288
218
113
79
258
266
593
568
170
173
937
945
333
284
573
342
233
220
36
535
873
235
837
563
866
441
93
760
612
131
699
900
701
164
331
960
430
924
880
600
97
170
545
430
454
118
772
39
339
160
575
564
748
412
128
966
853
573
726
465
705
777
718
406
941
401
718
723
326
599
323
775
769
220
206
575
691
330
614
382
843
541
946
591
953
74
909
159
648
636
976
705
765
46
111
59
448
182
782
126
781
458
901
902
678
459
829
721
790
795
103
985
337
402
928
642
828
837
801
476
825
130
533
591
528
997
2
976
179
784
102
312
242
4
566
273
463
395
346
605
542
802
590
879
204
518
522
32
708
675
861
533
157
394
476
686
391
478
662
922
615
117
234
209
121
800
482
936
547
181
894
90
983
484
969
187
355
843
571
63
871
432
596
28
179
425
66
922
255
81
845
870
198
79
80
671
232
914
607
779
95
853
221
78
338
543
617
45
386
189
108
609
973
56
990
152
481
56
75
737
137
920
959
335
351
39
358
583
954
318
715
49
171
936
480
509
479
97
554
218
286
14
827
612
71
817
764
904
226
191
993
363
111
953
51
815
344
409
398
298
79
465
700
251
402
180
112
881
277
19
99
916
33
279
528
456
448
292
713
674
836
706
390
299
11
793
114
708
554
865
6
634
330
58
885
732
238
997
966
868
16
417
784
50
696
664
858
497
956
571
171
144
630
913
444
993
706
558
701
261
423
60
247
106
118
132
838
357
129
156
577
498
574
361
900
622
25
758
119
333
682
291
478
312
556
274
305
263
184
7
876
960
67
123
66
537
607
256
246
736
413
823
586
987
184
486
609
561
597
729
247
279
372
77
591
928
351
248
543
535
255
771
495
674
894
913
212
501
170
458
590
583
282
528
570
818
15
531
732
964
612
979
243
984
408
834
265
111
82
160
646
690
932
494
716
178
407
280
32
929
739
974
512
373
502
434
543
869
966
627
833
930
958
76
267
366
262
532
477
697
44
476
387
976
322
455
507
81
736
539
11
827
513
523
552
367
958
95
237
276
75
70
558
33
499
825
752
761
709
229
458
754
57
197
82
379
653
589
461
389
128
472
216
993
347
768
361
657
215
598
285
290
20
844
676
519
669
428
281
731
657
91
485
67
289
567
446
942
509
259
683
637
83
251
983
431
19
344
88
586
294
374
229
314
570
905
834
591
333
467
322
342
910
807
409
199
727
208
493
236
467
176
225
903
427
208
334
798
904
774
737
198
500
966
865
70
223
51
14
556
870
336
250
780
144
660
980
223
868
473
811
687
2
36
942
781
597
276
932
853
403
669
404
255
987
269
678
210
320
692
118
542
28
368
322
524
380
302
747
248
128
558
288
482
947
230
263
896
859
547
101
614
216
505
869
555
126
547
117
798
239
235
340
268
956
663
792
336
317
892
937
445
802
577
927
101
159
543
349
18
90
451
984
659
956
854
566
83
401
684
233
993
271
574
261
227
237
405
916
554
649
205
352
452
782
279
905
941
174
255
312
617
706
296
276
14
502
842
449
256
526
683
249
150
257
862
729
846
619
645
400
269
850
752
73
984
384
978
278
910
233
590
527
939
238
803
306
93
998
755
349
876
438
950
26
47
812
108
893
783
753
646
52
956
398
477
292
134
456
570
397
689
160
924
981
751
80
287
844
78
394
545
306
833
847
685
880
11
793
126
794
898
772
199
206
522
676
499
9
132
69
406
174
582
330
155
333
410
794
529
840
188
426
499
373
273
184
606
284
329
732
430
227
504
629
434
378
306
933
387
790
354
793
964
936
124
471
621
886
265
502
79
454
928
930
827
553
114
433
189
443
517
620
22
373
601
456
752
907
741
139
50
96
933
14
32
409
486
6
647
751
508
78
557
789
8
737
342
474
522
532
269
40
504
292
765
105
100
517
365
194
657
415
290
942
429
674
703
267
680
350
371
189
429
280
330
789
17
672
264
892
556
533
284
60
177
49
518
630
567
235
824
576
650
114
518
431
140
221
699
173
571
422
714
352
702
44
494
72
716
758
964
625
643
248
37
821
297
907
451
216
142
627
792
792
93
310
576
233
883
627
758
807
49
472
159
751
516
653
823
585
763
139
562
407
387
599
580
37
507
383
253
649
10
46
794
103
708
370
688
592
349
447
399
398
271
910
501
788
916
677
725
679
816
639
438
556
238
370
593
97
105
198
99
467
244
893
570
953
615
611
545
964
58
296
714
681
206
567
821
122
244
546
154
413
185
592
321
776
315
914
873
420
112
972
888
709
217
810
662
184
421
559
148
831
855
214
513
61
782
334
184
378
233
690
143
770
282
464
898
949
378
124
370
843
448
610
552
666
420
566
202
194
125
703
377
332
917
242
745
51
929
929
430
162
971
573
284
254
38
535
203
768
659
925
963
107
535
515
125
308
433
328
502
910
31
879
242
300
122
988
352
51
269
134
565
241
59
201
847
449
736
402
218
395
328
533
855
863
401
332
523
834
12
25
745
395
257
339
696
379
327
400
782
949
886
699
542
945
900
389
395
989
791
965
736
471
498
943
687
899
276
210
86
288
236
183
36
493
522
732
224
202
484
358
151
370
409
693
667
661
434
62
650
577
379
739
49
230
682
736
481
958
946
567
599
534
750
635
379
625
719
955
827
203
313
330
925
722
375
592
736
809
7
386
386
386
477
787
968
160
523
450
118
822
369
69
356
120
704
736
97
775
691
924
330
357
606
255
431
981
200
167
142
207
906
528
945
383
668
914
543
191
716
14
365
85
83
722
557
140
810
654
267
853
930
598
562
536
853
346
517
405
513
659
612
771
540
910
507
560
176
402
751
892
768
117
977
204
191
535
344
353
541
611
558
472
561
473
360
415
819
230
820
684
241
785
456
133
47
315
693
223
717
445
115
486
914
92
690
457
979
386
162
873
349
72
697
911
545
57
678
364
287
850
49
529
635
857
14
682
172
708
905
241
505
372
727
771
465
769
228
796
155
742
669
857
814
718
768
712
776
798
76
415
648
477
944
636
334
959
670
858
19
576
100
524
300
179
295
117
949
875
914
456
617
935
665
783
654
433
495
782
231
924
197
232
401
494
868
88
805
538
946
824
466
46
348
767
578
643
884
527
870
150
335
487
438
1
622
92
786
118
226
370
42
423
602
795
917
470
883
722
360
830
898
827
228
246
946
806
241
830
685
111
333
373
950
771
374
573
215
512
691
441
882
85
864
836
232
134
658
116
208
19
298
107
198
526
353
144
685
947
326
722
58
659
95
9
430
821
582
645
334
625
86
568
62
303
757
294
437
415
762
645
786
60
752
336
587
458
480
624
405
807
346
815
818
794
824
249
615
758
894
301
735
333
222
149
636
331
444
425
98
206
422
885
267
527
573
206
985
54
182
742
213
528
557
31
674
734
632
290
492
879
943
580
212
517
729
200
848
525
977
947
732
399
184
351
926
757
909
263
163
91
357
728
971
915
112
646
649
744
288
493
623
583
73
187
101
155
739
301
680
716
600
764
468
784
115
746
894
376
10
409
467
367
138
791
634
250
437
635
346
77
481
322
660
906
861
113
61
601
415
742
317
15
506
137
152
974
884
398
350
894
807
170
613
945
961
600
547
750
235
246
827
68
568
487
975
429
953
36
30
368
130
700
735
637
837
239
963
721
637
313
967
445
483
933
742
796
533
642
546
120
888
725
189
808
565
516
589
518
552
972
886
683
672
973
672
861
213
635
935
202
300
254
999
136
539
94
932
72
736
831
545
976
556
86
136
121
602
725
639
154
697
877
189
721
203
861
583
416
848
870
618
149
476
970
285
16
64
569
440
152
400
985
128
309
71
616
782
673
341
422
180
39
651
721
112
854
935
695
622
783
917
593
932
394
563
569
762
627
139
202
131
891
188
611
200
611
227
983
637
568
757
817
959
408
538
72
615
825
119
237
609
389
830
893
135
745
463
897
724
954
99
855
845
287
466
46
251
693
29
888
614
786
705
925
546
595
349
161
421
469
751
382
858
933
275
993
679
90
890
403
396
341
611
242
629
429
640
880
475
669
120
89
807
825
366
705
772
716
219
545
185
970
279
395
903
907
740
934
349
982
690
746
323
301
988
304
730
628
536
205
649
656
646
808
833
13
865
958
81
84
855
618
406
135
13
662
42
105
596
391
87
638
137
762
291
477
419
374
457
955
931
458
964
578
618
797
943
484
755
24
568
611
994
975
746
7
989
140
464
585
883
551
224
373
665
867
850
84
241
660
392
173
118
356
751
89
153
46
573
261
422
493
872
416
820
970
775
809
462
239
395
345
142
971
718
159
838
921
244
432
581
636
605
51
992
708
140
497
754
65
758
528
559
982
296
379
304
71
189
766
662
936
464
156
259
534
315
449
455
911
881
388
547
486
440
891
194
932
741
300
998
851
180
909
834
476
288
490
899
829
609
913
765
425
69
24
959
385
826
415
648
707
803
548
194
595
439
740
528
532
393
878
384
573
787
570
402
427
412
301
257
21
567
374
446
636
751
406
373
577
821
22
284
976
570
830
572
361
571
452
894
316
330
630
889
469
200
291
248
612
945
505
986
512
880
784
500
983
190
874
560
363
248
844
340
170
675
264
531
598
716
777
266
398
759
155
219
311
799
467
276
96
325
262
608
557
46
460
540
589
686
100
952
934
944
644
456
971
260
340
921
976
469
187
726
229
695
945
892
846
413
168
942
90
782
902
647
181
362
187
770
49
287
74
335
583
71
144
555
331
484
828
660
953
368
386
534
63
684
427
261
449
947
203
539
730
105
186
911
819
373
33
220
660
107
908
595
530
52
150
862
888
331
522
193
699
260
728
114
944
507
375
393
454
930
932
184
387
470
447
206
843
480
779
855
588
687
451
118
91
953
332
979
636
206
172
687
467
252
801
763
111
528
509
566
458
793
102
845
264
550
404
459
30
183
667
970
870
118
441
313
423
773
292
60
332
816
747
151
421
901
914
532
781
775
450
592
569
905
789
185
455
193
996
837
728
663
160
950
133
601
263
557
726
907
969
410
76
68
561
497
321
828
381
103
603
832
47
524
89
836
61
544
382
58
733
462
721
893
413
855
846
28
764
573
936
733
983
12
801
897
861
475
725
242
930
680
426
977
205
867
165
266
411
899
324
497
362
398
390
127
253
237
155
17
162
91
102
497
455
255
394
668
730
471
263
660
152
41
989
709
909
155
975
672
54
652
169
768
402
560
895
655
149
51
24
663
494
478
160
302
733
907
970
816
730
233
828
882
627
818
591
536
973
919
208
379
923
378
148
325
290
43
332
439
446
708
454
941
186
614
243
271
873
565
87
604
151
916
838
778
734
782
666
59
701
226
438
976
604
938
301
246
982
985
37
428
693
491
721
231
458
316
502
683
882
942
287
385
210
126
515
944
260
181
355
961
407
145
289
364
84
942
610
418
927
648
198
972
491
920
555
949
236
57
633
470
351
272
855
561
750
370
857
10
903
212
323
311
358
612
27
442
906
637
860
833
637
58
157
481
330
712
782
919
122
767
389
473
40
597
35
142
319
892
505
223
105
828
886
815
793
913
257
699
902
469
885
540
879
42
373
210
755
155
129
229
923
870
702
963
819
737
457
139
982
962
714
439
143
952
254
936
865
863
987
767
332
872
659
563
915
32
773
22
540
254
251
463
125
305
778
944
395
235
435
377
198
501
168
341
453
422
629
318
637
616
438
321
489
449
884
756
834
658
130
374
264
381
837
741
38
967
686
433
202
473
810
752
975
330
445
428
752
74
99
389
43
889
710
884
338
947
640
524
605
770
898
221
503
87
963
893
54
1
327
609
474
489
713
801
820
159
230
924
585
681
666
980
570
376
864
260
675
856
785
632
626
35
854
481
123
817
375
529
818
54
490
644
543
204
446
363
715
28
288
300
709
954
633
631
682
497
891
358
354
676
990
332
712
844
166
187
13
541
68
183
595
911
828
490
115
274
854
182
654
494
834
363
800
467
346
834
965
237
192
671
266
535
3
978
731
169
517
745
62
937
928
9
200
108
500
315
734
706
849
388
552
684
103
352
151
449
186
116
687
731
787
953
618
143
283
349
664
152
446
727
441
727
88
642
835
588
309
922
646
159
310
198
843
766
902
994
215
441
463
254
172
602
559
142
97
194
491
762
698
938
489
492
17
577
134
204
518
795
126
516
954
789
67
149
555
969
496
122
762
959
729
934
913
288
428
11
835
920
125
885
210
966
377
227
543
511
783
413
307
910
930
613
699
997
763
254
318
259
728
81
570
457
367
835
98
796
198
933
68
323
818
278
289
196
857
185
59
640
598
718
902
880
332
601
229
95
207
548
706
936
981
276
393
348
111
491
496
662
776
564
985
947
842
627
495
51
812
554
44
762
273
946
995
605
548
224
52
755
124
758
43
105
386
437
806
849
280
302
511
57
219
849
356
61
476
851
465
288
405
509
402
30
455
397
987
355
974
39
463
98
149
506
556
887
943
714
89
576
368
952
985
587
801
341
1
277
544
466
917
949
975
320
332
782
69
319
138
43
711
601
494
860
459
50
100
755
116
189
331
484
141
316
72
943
9
73
572
553
891
842
854
218
162
186
0
583
506
490
627
217
443
121
429
903
523
881
658
639
70
341
123
564
657
547
507
18
972
431
571
863
273
777
433
787
964
434
371
822
276
350
391
72
471
820
975
994
702
985
633
124
326
108
688
335
8
547
353
980
331
276
196
604
405
629
744
369
415
467
543
692
817
934
764
288
107
91
634
161
76
619
285
754
727
326
441
735
873
146
68
204
422
264
161
179
893
905
549
309
372
444
353
541
379
469
829
838
560
463
999
988
82
284
94
161
962
535
249
836
681
317
392
455
933
553
634
178
810
535
839
534
980
192
75
711
13
256
549
573
71
548
913
505
184
7
19
147
542
268
335
223
937
727
678
870
633
665
48
795
200
888
682
532
432
109
243
446
366
792
371
789
692
285
295
877
644
666
376
187
934
711
762
223
790
793
93
423
458
493
571
10
733
253
543
166
362
786
964
80
931
335
870
623
620
517
852
265
183
228
804
469
939
918
692
730
711
137
505
521
630
76
532
364
681
427
882
44
565
846
124
496
181
994
472
154
511
324
771
46
553
927
515
492
845
207
574
557
344
80
430
327
508
314
43
190
741
925
234
307
771
710
155
304
705
627
810
568
952
581
967
505
508
482
349
706
42
276
615
738
356
45
65
216
712
460
758
453
385
344
112
508
55
268
165
112
247
975
32
551
909
999
56
769
834
758
475
876
34
442
966
742
488
384
310
200
844
69
5
582
413
118
90
820
738
607
932
337
583
317
889
844
316
297
613
150
55
441
378
441
883
345
183
723
81
494
275
925
915
281
507
328
751
950
501
841
557
433
178
492
102
419
688
419
717
654
921
124
95
652
566
330
349
101
54
430
947
329
707
862
962
567
543
65
517
44
906
426
829
437
271
932
856
311
703
925
965
976
50
412
980
968
743
329
69
149
111
17
830
171
231
793
738
774
858
607
170
117
33
0
554
656
284
762
968
987
688
933
315
90
346
296
58
441
977
479
590
441
848
772
612
80
917
350
206
128
957
377
245
342
377
151
999
13
913
319
0
953
252
667
395
950
315
805
743
293
637
685
734
485
458
346
917
375
48
124
503
5
853
100
347
582
251
698
595
517
17
947
822
622
614
570
924
930
375
668
575
12
353
661
850
811
7
767
539
55
243
42
412
96
143
759
30
746
810
625
615
827
572
790
801
539
360
726
821
735
394
396
748
747
57
950
911
416
717
450
823
313
844
235
761
987
346
792
86
508
769
53
336
342
843
137
233
203
863
54
939
609
802
39
709
211
989
620
627
58
70
802
371
914
389
485
254
735
277
692
244
398
745
932
92
589
421
325
792
637
731
83
246
885
122
955
96
463
575
75
874
997
877
597
264
266
82
518
354
711
562
950
110
307
882
202
248
655
528
41
292
611
476
539
497
951
846
593
414
774
669
288
771
898
886
35
165
320
905
871
32
467
821
142
775
55
696
375
710
576
416
355
188
245
894
37
196
92
630
962
866
651
251
638
550
489
25
67
809
931
290
193
398
111
687
525
518
384
901
228
312
669
935
500
914
829
537
462
274
520
425
140
523
28
130
425
517
156
844
678
87
134
224
837
245
911
715
763
647
968
344
960
989
279
812
256
461
702
718
735
222
143
227
97
171
358
523
40
514
367
71
953
502
295
142
99
558
857
215
206
177
559
518
167
190
330
423
3
32
141
90
606
637
318
56
808
28
579
201
542
298
272
847
800
567
989
900
477
199
115
683
728
26
553
895
568
236
670
572
268
164
14
227
801
332
283
961
712
214
162
254
512
786
453
665
705
443
917
183
994
384
218
722
410
772
970
330
8
640
254
628
804
269
207
957
953
842
919
666
56
433
272
921
220
726
586
277
521
503
460
867
887
679
589
649
803
911
331
811
552
586
791
708
855
999
666
160
841
585
826
250
370
451
171
590
177
109
868
50
964
680
917
203
711
858
204
514
122
535
325
674
121
469
734
328
468
400
489
661
337
667
263
708
118
434
650
647
895
870
49
859
551
966
62
262
177
266
777
299
154
454
325
275
275
59
956
743
812
797
757
149
464
20
857
935
807
860
582
702
730
632
914
281
950
328
896
479
947
25
130
101
831
807
728
107
867
684
202
679
481
959
180
298
332
38
233
139
898
167
193
980
151
459
614
454
788
510
933
735
887
416
836
718
223
916
825
442
601
28
121
434
339
302
732
671
692
965
810
942
485
356
922
636
815
536
90
955
398
376
690
285
792
878
4
15
795
181
458
748
209
931
182
901
585
267
572
629
584
735
571
69
443
846
58
258
734
148
214
133
524
256
418
668
135
774
684
282
956
494
382
517
777
564
770
363
183
343
992
768
430
916
189
873
762
247
131
496
396
697
629
272
954
400
941
441
526
977
75
834
823
457
704
600
373
474
963
557
169
308
677
599
224
866
472
986
114
956
482
862
5
464
134
311
216
427
752
94
756
179
929
579
636
985
532
10
459
495
919
629
155
596
580
379
462
405
365
928
361
200
790
718
16
277
30
232
56
134
326
813
314
607
744
950
592
276
312
52
124
231
33
279
179
965
659
642
370
376
570
83
928
361
802
944
990
832
176
46
966
855
859
280
462
956
583
55
584
247
459
708
479
844
340
658
809
351
652
180
727
223
615
8
936
417
952
926
601
129
324
920
336
536
552
150
492
135
205
76
383
16
137
214
860
477
224
22
180
877
554
259
452
169
267
740
939
220
18
540
701
342
460
37
230
13
187
722
500
745
151
883
113
288
449
326
117
26
348
297
903
254
556
707
423
824
799
362
44
169
255
745
863
715
134
94
728
673
816
229
418
967
464
884
607
266
210
724
292
558
21
547
164
578
606
587
402
405
302
798
926
557
895
789
272
29
883
353
702
52
934
473
371
750
357
979
368
567
55
660
477
77
207
641
7
165
580
761
570
882
911
848
791
806
638
416
835
873
769
889
925
55
362
649
157
71
980
526
990
35
186
467
464
746
460
471
911
393
584
834
627
495
682
419
301
672
835
488
546
956
378
823
363
92
472
520
516
804
46
506
840
585
326
304
683
786
128
946
179
64
780
159
560
815
578
213
487
765
702
385
721
432
209
84
876
33
956
392
838
355
899
30
940
225
686
975
363
814
921
895
231
54
54
143
869
632
356
708
749
410
94
470
194
655
906
71
688
214
463
526
569
714
556
861
939
243
836
655
409
110
550
992
164
604
135
33
588
492
93
337
902
187
159
449
842
417
520
883
631
335
761
201
50
670
414
341
913
603
996
674
713
546
667
877
502
802
262
442
646
355
779
901
543
290
350
737
707
870
620
339
557
734
892
607
404
306
301
669
909
297
343
622
196
362
851
50
517
113
493
515
469
624
416
364
915
118
453
974
340
426
313
898
160
205
857
564
864
158
233
125
808
928
100
4
643
951
406
512
417
251
27
238
876
796
602
143
914
407
117
255
185
783
505
345
988
362
261
204
521
846
330
329
775
782
685
770
733
443
282
502
695
309
740
571
105
694
66
372
102
535
627
287
318
132
985
659
494
598
863
367
445
545
48
572
327
733
342
413
177
976
915
224
285
656
795
743
350
213
115
804
748
94
444
67
578
781
726
424
379
941
792
176
487
840
748
166
926
442
579
455
418
847
679
56
855
826
799
557
39
266
714
139
360
158
558
938
291
636
362
670
578
506
199
417
699
947
935
625
390
867
432
160
714
111
216
921
289
367
478
680
633
192
819
993
702
730
283
993
366
998
16
944
856
215
713
555
162
649
532
904
868
964
417
582
427
633
503
716
1
333
748
634
526
568
980
228
298
615
222
16
965
238
313
822
453
26
377
967
27
910
224
895
874
641
829
654
626
684
722
627
18
471
614
544
39
946
124
689
913
346
57
879
936
370
701
741
749
78
61
776
340
285
24
567
278
853
221
904
890
943
884
908
414
850
804
805
148
928
846
61
627
904
940
915
274
993
657
23
424
70
152
764
355
176
683
985
381
256
241
623
200
125
531
966
327
687
124
475
616
970
889
595
226
181
510
853
527
519
876
951
589
380
67
296
908
751
281
642
359
523
265
559
0
149
878
680
836
354
507
804
676
748
751
903
930
614
756
457
133
984
760
723
717
827
371
625
930
653
267
290
528
885
201
880
34
431
912
222
785
420
379
462
168
130
717
450
744
473
259
230
809
19
305
526
847
676
152
129
681
771
771
561
8
973
794
394
404
706
617
542
478
348
356
999
830
73
449
575
546
709
157
707
728
462
234
927
490
738
409
172
861
180
733
870
153
879
264
910
586
233
804
416
581
160
415
412
233
217
339
131
926
496
838
6
310
424
286
800
162
47
972
24
227
58
246
733
289
510
995
875
744
799
644
325
311
59
89
544
276
428
675
554
276
865
913
586
290
551
387
804
598
711
180
825
121
426
558
411
289
905
638
33
704
282
710
15
694
800
911
322
580
938
877
857
804
142
795
446
693
534
602
291
598
135
468
71
913
379
834
202
284
473
587
341
107
650
708
153
802
620
476
382
558
705
591
714
847
739
512
892
273
115
183
223
602
3
295
515
382
129
718
667
954
305
8
414
307
716
567
109
688
395
492
599
452
435
313
651
174
178
543
800
645
78
23
247
82
670
762
464
800
480
483
106
138
491
520
797
560
440
907
600
187
751
199
640
186
865
643
713
43
187
865
688
617
240
287
699
911
49
516
63
882
999
169
372
843
42
169
755
834
76
355
21
827
555
13
366
420
657
431
815
196
296
855
165
536
142
217
799
543
733
862
425
84
32
149
927
426
319
682
260
747
38
633
927
945
647
293
717
656
76
532
204
724
739
369
612
881
586
412
776
671
274
202
756
658
351
35
436
22
718
696
770
108
330
697
405
329
342
122
337
418
654
893
494
745
614
106
626
553
518
402
224
145
956
332
155
660
368
592
682
438
640
804
898
322
501
303
3
843
425
340
613
431
585
107
176
200
566
154
753
436
556
329
581
865
662
89
877
382
33
559
820
673
716
718
996
217
21
351
413
798
44
378
229
629
838
405
181
404
559
286
840
467
616
774
684
630
215
561
364
248
473
536
921
189
606
269
406
979
621
171
777
17
550
6
646
388
763
828
144
322
114
336
141
82
110
826
64
325
739
780
925
212
316
199
753
922
820
512
901
793
683
678
810
585
36
457
325
799
637
469
473
103
806
967
538
268
145
954
946
884
735
871
449
51
422
202
974
243
714
227
36
750
906
847
335
942
656
661
94
645
130
919
748
288
886
638
557
31
593
503
268
328
726
717
731
149
919
705
392
986
933
780
736
191
979
71
485
635
732
931
280
215
851
381
503
737
19
412
121
612
267
389
292
994
458
24
495
729
81
239
715
366
19
451
557
999
875
395
986
959
326
267
174
529
0
30
267
19
442
740
984
62
481
628
56
939
4
903
668
86
142
384
452
161
187
362
512
414
109
499
374
435
118
900
965
118
930
584
489
725
676
473
787
157
454
195
448
458
98
116
544
592
852
349
753
392
63
618
806
172
117
180
959
235
81
276
353
363
212
842
88
240
668
227
397
474
422
845
932
872
314
829
464
166
530
570
558
593
188
717
117
657
897
428
244
330
57
949
694
269
791
134
510
811
714
259
285
136
457
570
361
771
399
177
289
929
747
848
522
287
917
991
944
814
771
540
497
828
489
543
450
633
677
312
444
391
571
82
880
380
652
593
151
51
770
441
332
518
641
854
157
558
197
454
724
968
994
221
797
484
764
599
117
794
911
913
537
834
995
769
215
999
362
366
402
133
159
734
3
800
940
160
710
137
614
435
458
961
656
607
445
773
206
914
919
117
827
456
951
175
226
518
526
940
885
929
73
396
663
428
197
604
589
907
93
555
694
551
868
703
158
313
476
716
579
747
833
759
203
137
934
781
655
460
722
892
741
147
289
405
576
838
361
517
97
454
424
792
6
293
495
516
958
323
233
538
70
418
297
625
907
583
759
915
395
833
807
137
980
448
542
908
638
255
777
736
709
202
880
67
495
375
584
453
50
169
991
120
939
640
97
847
223
856
762
971
689
921
108
22
370
2
282
360
257
60
96
966
262
976
386
757
703
322
210
753
491
554
225
430
194
323
629
770
531
391
741
221
313
201
243
35
203
525
395
812
937
844
130
199
172
516
956
876
838
519
981
681
425
207
464
971
882
93
93
413
837
834
986
150
387
581
537
590
459
932
402
396
776
533
596
301
401
904
177
240
775
510
273
200
69
89
524
951
183
617
717
20
804
703
522
191
285
59
134
96
343
536
492
472
421
88
773
823
345
302
415
120
812
688
673
882
778
549
185
313
166
902
685
322
958
559
866
595
618
0
691
313
888
183
785
310
624
558
485
321
860
900
441
25
940
466
907
70
367
444
383
534
699
420
208
9
979
74
604
949
74
647
263
963
182
48
625
806
959
110
127
171
362
921
196
302
739
455
373
107
252
756
993
951
529
201
960
508
628
916
458
702
563
73
17
745
473
642
904
784
104
383
956
466
304
504
769
396
312
494
503
564
250
848
515
131
49
827
640
29
743
450
84
306
875
101
403
348
96
307
133
552
691
441
19
347
297
140
743
609
634
598
173
236
446
40
368
848
867
360
877
610
162
961
268
37
415
672
737
863
979
222
415
22
663
786
370
313
926
465
922
560
64
448
149
862
840
517
710
708
877
940
670
391
253
939
428
20
963
165
883
942
388
299
317
403
85
687
716
364
152
991
924
568
439
73
431
279
942
141
339
171
433
362
562
687
653
342
707
616
508
943
910
248
242
227
3
679
914
720
43
419
63
320
987
502
745
418
133
40
912
473
211
697
187
774
384
840
116
444
456
976
387
366
576
981
594
580
12
860
652
408
631
715
80
619
569
825
389
702
865
653
527
429
351
714
555
735
554
23
531
362
0
270
729
928
251
675
508
264
887
512
24
519
227
104
490
796
281
879
851
499
885
730
928
236
797
483
323
703
506
855
66
858
477
147
139
729
174
647
345
61
512
369
932
739
825
422
888
106
654
91
605
539
821
533
127
618
368
450
674
227
657
740
437
135
887
576
216
61
576
913
474
88
634
407
827
459
181
67
565
835
158
523
726
332
408
853
302
777
656
976
356
665
716
793
152
955
370
368
368
298
281
195
386
915
602
565
726
135
633
644
971
143
167
49
475
575
255
130
704
263
106
60
928
175
854
81
482
576
801
851
874
435
398
612
702
0
177
429
487
810
73
810
306
592
860
133
167
467
263
224
730
370
284
10
897
490
443
379
418
245
582
292
32
980
904
734
332
82
515
820
244
588
630
902
180
842
36
700
309
299
924
39
21
560
50
918
51
493
650
469
90
584
114
122
565
370
209
249
804
724
421
49
313
52
303
845
246
339
897
556
991
173
947
12
734
349
283
137
195
285
606
637
869
720
760
786
91
969
36
247
45
809
296
710
213
952
908
460
291
805
16
634
979
315
647
65
665
282
202
212
919
808
849
788
881
961
927
324
282
315
571
328
124
220
38
338
524
946
798
815
104
166
450
435
833
449
500
498
83
702
62
2
862
912
142
95
225
69
771
508
384
695
836
509
267
226
199
791
173
997
958
277
515
760
712
348
561
564
199
644
618
261
998
832
525
493
928
751
914
51
259
299
746
447
160
365
673
359
156
846
708
467
475
223
227
539
571
789
455
770
785
73
384
136
906
909
629
186
660
543
237
271
194
336
718
706
53
392
417
210
590
125
677
418
700
256
957
624
45
413
394
183
838
130
319
744
40
300
282
52
195
520
676
742
208
394
448
261
138
866
823
81
343
852
499
396
109
808
20
506
573
766
689
412
897
360
508
289
660
791
341
208
663
369
950
871
116
750
484
254
616
660
335
312
512
186
708
973
995
80
480
568
846
521
332
743
234
841
32
894
984
726
454
647
95
404
870
211
155
706
818
123
366
153
787
879
692
847
852
687
927
684
607
774
558
940
869
792
133
902
38
117
628
493
116
75
897
986
287
404
44
105
880
411
610
667
290
302
515
494
341
794
531
301
568
89
241
438
881
726
692
919
195
672
412
663
747
662
1
34
418
45
491
298
456
102
318
746
756
833
593
450
979
124
751
548
213
344
338
446
70
382
365
617
54
130
280
801
144
281
188
914
326
679
213
783
133
531
881
890
716
826
340
695
950
91
595
515
435
285
961
857
667
679
474
73
161
106
875
657
387
415
571
65
94
136
200
228
19
434
470
735
260
810
783
211
253
730
78
688
16
392
897
35
71
723
461
584
829
336
241
568
751
164
633
197
301
834
425
320
268
895
408
880
57
191
91
310
921
522
350
289
914
247
677
337
970
138
921
151
826
514
719
577
678
705
126
331
539
904
652
159
799
60
39
209
603
483
519
524
5
222
166
271
469
843
608
792
981
881
295
807
395
15
736
425
720
214
757
611
118
409
122
270
821
161
479
424
996
350
300
353
572
818
624
394
661
584
538
994
465
833
153
212
848
241
638
920
456
395
883
574
156
5
844
329
519
323
105
515
674
405
221
598
224
845
992
237
782
530
232
247
364
737
812
564
979
450
837
435
197
720
9
705
726
854
34
597
529
139
112
555
896
333
154
472
531
146
710
313
29
294
912
393
31
724
309
362
526
498
797
723
571
807
428
297
13
814
894
894
953
358
450
202
44
604
674
927
102
736
592
131
30
504
876
414
581
186
776
107
36
574
183
607
733
963
256
98
778
502
992
83
861
442
285
257
398
312
184
501
48
776
632
79
632
509
845
213
47
621
673
83
547
856
43
632
171
299
730
949
802
75
385
15
869
22
272
268
334
808
769
383
936
753
814
568
614
659
134
661
632
807
97
532
15
140
164
538
439
247
488
593
322
225
608
191
247
232
811
582
40
932
317
976
686
131
897
300
142
31
314
774
190
411
658
557
903
175
95
342
422
935
288
96
512
896
639
760
481
451
694
521
735
11
850
421
142
99
74
284
130
740
410
672
151
421
581
54
596
28
748
18
964
388
466
476
637
105
588
118
908
282
991
644
293
841
417
787
292
843
423
422
583
186
446
86
607
27
140
203
56
241
573
372
981
39
200
618
144
789
736
53
423
728
49
69
921
466
856
214
310
632
988
893
818
435
980
425
814
472
980
222
65
553
594
47
592
147
665
736
288
402
141
711
482
190
132
403
657
341
969
319
973
958
212
791
745
544
568
911
17
548
134
434
101
80
481
693
227
499
781
515
901
275
579
735
465
63
490
474
404
460
793
377
770
358
520
515
902
88
778
271
636
912
706
89
993
187
134
572
686
916
440
939
543
371
26
8
434
517
483
839
977
628
216
747
986
737
614
889
177
392
160
166
657
866
255
650
406
742
222
444
658
14
736
201
385
762
561
820
279
396
11
608
25
579
707
11
668
321
252
846
66
765
12
723
631
619
725
389
361
947
186
371
314
274
924
699
36
486
871
668
234
882
276
259
462
984
623
130
657
227
976
723
992
340
798
976
960
523
365
673
823
903
45
137
177
321
836
566
159
708
586
394
942
862
5
404
198
980
535
208
208
863
283
200
556
82
528
868
605
246
541
780
149
938
917
679
260
106
245
771
166
831
517
108
45
523
513
596
855
400
804
63
615
439
616
171
521
144
39
479
390
933
259
892
223
529
571
835
635
816
607
801
999
124
909
396
999
774
992
855
526
148
918
494
588
886
665
461
31
57
292
773
342
904
665
565
433
236
401
68
404
8
869
403
484
130
152
484
257
144
339
135
645
609
629
585
496
647
398
527
56
691
300
398
947
966
963
380
554
716
448
959
76
669
714
561
151
866
45
760
363
736
896
8
345
525
945
841
524
343
368
580
386
21
978
333
339
294
713
893
10
513
204
87
534
919
0
38
137
45
798
500
781
694
860
478
572
157
320
96
501
40
29
239
61
359
925
752
653
990
646
16
856
850
455
390
121
455
428
259
852
227
111
985
273
324
463
197
481
135
646
334
176
675
574
237
34
851
990
40
841
988
408
697
190
863
88
312
670
868
923
874
447
386
859
721
710
674
918
192
810
564
526
986
591
452
575
978
303
917
18
145
257
778
842
448
993
282
112
663
503
387
889
950
773
748
23
484
774
294
676
936
210
202
922
802
655
850
780
958
119
150
455
377
280
650
825
273
932
289
288
787
676
177
738
449
277
113
933
51
407
961
340
618
164
262
420
171
464
552
481
584
54
937
313
334
587
138
959
871
779
247
659
455
424
749
256
53
862
190
456
270
151
796
888
667
411
660
838
875
564
320
811
618
609
124
304
196
614
263
67
393
862
726
200
286
827
457
691
690
999
147
960
502
944
200
522
355
860
712
582
776
32
394
394
993
518
50
189
485
313
609
878
175
687
431
813
515
888
504
205
239
3
517
741
947
717
263
654
929
976
237
705
360
983
451
706
501
501
895
338
166
856
569
693
544
0
858
59
240
714
616
479
717
133
572
17
202
188
671
131
516
908
188
228
891
991
934
745
492
182
435
10
38
4
55
582
4
913
993
244
627
609
75
344
94
648
713
296
836
385
779
704
645
319
932
889
310
867
986
154
401
421
516
439
426
571
374
782
484
367
27
111
329
454
808
775
102
521
424
290
258
555
994
256
875
279
145
537
498
483
692
899
904
208
690
682
132
64
817
616
784
844
80
465
650
888
240
753
761
16
395
372
572
742
628
447
21
125
336
871
608
380
770
864
941
812
899
73
877
716
689
13
912
769
478
562
9
70
667
123
87
63
495
11
805
475
810
178
600
146
49
560
527
171
776
468
983
675
541
860
391
230
225
655
352
55
218
713
126
885
836
565
300
683
576
105
510
386
283
462
532
684
22
411
855
799
879
839
826
772
51
570
355
277
225
707
332
795
772
810
33
961
375
333
644
303
791
507
689
74
969
574
111
992
985
966
143
217
157
969
989
209
539
344
838
117
403
170
912
176
333
945
137
708
631
133
12
422
640
53
848
610
627
959
954
965
926
97
182
435
418
171
644
310
868
482
427
271
5
691
799
690
989
936
750
620
422
114
42
62
168
890
24
147
850
978
112
128
75
646
563
846
818
560
156
38
394
935
309
751
626
461
441
615
397
192
235
171
306
277
234
474
168
258
974
370
237
86
498
664
733
413
862
903
973
18
941
720
953
602
471
932
63
913
547
813
105
783
984
411
412
570
238
932
181
212
302
770
650
152
434
383
918
649
638
243
667
579
963
973
534
435
905
597
348
452
762
805
587
747
568
352
669
806
284
850
370
939
620
21
91
407
756
361
56
395
605
723
326
568
48
860
3
953
810
703
758
572
508
697
671
429
49
341
235
686
191
958
625
812
979
68
219
735
430
275
482
35
350
161
955
399
21
311
704
183
366
814
756
227
864
427
656
265
768
891
951
960
849
928
772
180
997
343
268
779
618
102
166
968
263
121
719
637
784
424
820
151
590
576
378
454
356
34
720
124
277
23
436
479
952
560
659
301
903
279
80
521
382
246
842
645
719
561
282
504
337
455
655
280
31
385
734
739
771
806
864
48
830
652
879
782
213
539
435
468
170
515
342
552
113
184
198
832
97
832
688
787
287
695
67
671
80
153
410
851
960
626
252
790
279
131
924
844
22
359
664
193
226
6
745
339
190
295
523
640
480
212
779
767
907
846
790
340
999
201
191
959
179
443
101
810
927
377
6
949
88
671
142
666
677
240
5
220
535
881
860
15
93
639
135
352
837
925
692
188
478
884
500
10
679
601
820
958
331
827
908
419
850
50
86
527
642
443
747
178
324
959
545
769
950
32
122
139
310
814
328
788
50
828
150
82
429
323
40
112
502
300
532
352
703
970
879
345
765
979
523
442
290
421
211
593
453
685
732
763
852
60
904
254
888
54
336
670
377
729
782
879
29
666
583
732
988
815
78
754
794
953
196
436
726
759
29
180
445
114
295
649
174
199
903
415
606
592
85
335
321
219
567
702
886
150
435
874
965
865
980
111
170
528
900
897
288
281
429
85
395
724
86
570
276
989
985
234
581
422
569
254
641
488
957
527
991
744
754
308
609
86
420
131
615
672
380
255
953
809
692
349
886
778
271
162
119
256
748
701
678
317
955
671
158
264
551
149
8
657
457
969
743
229
101
710
901
481
317
207
643
361
556
529
139
827
43
259
435
791
312
465
460
619
136
618
884
687
119
892
344
929
862
440
158
315
150
412
148
820
971
143
181
527
672
673
706
67
284
141
858
596
606
319
567
742
289
451
782
761
696
126
690
910
918
200
225
69
964
725
241
935
869
422
462
893
95
168
961
379
661
171
327
267
842
895
362
132
698
144
893
394
622
935
304
541
135
881
962
100
607
203
35
828
977
850
721
73
18
34
804
32
206
484
299
48
731
13
532
429
509
777
824
132
712
480
25
200
362
339
300
321
542
687
149
871
537
222
944
908
609
101
940
167
585
591
567
316
605
452
97
114
229
921
598
294
402
975
494
116
314
146
437
208
185
938
80
723
512
376
983
473
477
923
640
414
514
208
82
471
660
180
938
241
453
536
535
207
864
381
323
178
879
112
387
65
402
819
140
915
195
123
388
25
46
381
791
912
589
874
736
601
54
674
842
859
562
730
67
426
463
390
957
695
503
344
760
905
515
252
172
710
375
913
87
773
294
879
37
235
753
773
836
159
799
678
18
714
760
85
492
224
828
449
919
683
145
31
940
660
283
465
723
658
378
810
783
24
41
820
259
146
946
95
305
97
125
676
811
238
113
304
462
293
753
733
976
899
764
269
911
399
734
634
409
464
797
192
488
838
364
747
985
310
194
642
408
671
670
571
909
136
875
723
429
981
456
758
232
572
27
143
971
113
778
732
577
927
924
65
765
641
164
102
303
710
745
63
381
767
635
643
903
862
366
333
843
175
443
427
747
470
571
71
583
701
803
512
628
80
577
745
73
93
200
376
803
297
440
536
64
75
179
968
289
898
653
485
73
96
912
172
918
835
243
853
536
399
365
516
831
294
614
904
387
814
280
190
463
72
78
527
147
258
847
437
156
852
274
581
300
186
753
570
22
997
423
910
748
140
779
931
434
393
835
821
559
467
363
22
540
442
901
39
52
101
828
560
953
102
141
606
289
894
176
663
243
600
573
343
740
352
274
527
97
461
348
656
929
64
30
821
858
284
212
910
385
41
822
338
143
963
944
784
209
473
447
805
73
373
500
165
77
775
692
175
588
393
183
869
809
214
690
667
498
903
929
235
296
751
573
791
66
870
576
627
343
375
432
768
100
933
285
178
60
330
353
648
723
888
518
532
454
560
551
952
815
480
539
111
231
113
903
649
335
831
276
30
558
709
798
659
994
435
189
406
765
894
406
840
782
924
724
237
837
275
541
652
755
81
116
338
546
371
987
881
554
264
911
112
325
61
123
671
848
664
429
614
558
835
806
341
112
531
578
949
806
119
953
914
552
69
604
98
440
944
331
346
560
594
459
237
655
934
908
856
599
337
470
157
524
276
850
636
807
428
937
966
900
891
232
452
960
188
903
753
132
234
99
692
829
910
929
836
197
189
692
796
878
514
305
403
791
156
391
950
936
329
268
188
220
852
993
532
41
896
637
525
482
737
570
311
999
851
500
196
41
192
344
271
707
2
26
850
510
418
800
446
99
421
987
671
273
980
203
666
228
841
544
710
930
114
374
929
317
874
478
710
418
174
982
125
176
360
975
686
130
128
485
229
901
472
900
174
804
456
193
384
649
89
94
579
555
820
860
872
694
690
583
113
865
917
590
41
277
918
80
408
46
565
989
947
389
242
473
545
698
18
929
347
107
375
278
662
196
490
887
242
181
822
707
46
739
298
439
16
216
519
776
614
436
118
913
825
360
386
722
58
757
651
757
216
27
387
231
575
877
118
817
58
940
525
456
679
175
248
47
391
767
176
357
556
294
270
733
654
656
456
64
765
459
173
982
838
560
213
413
437
331
583
848
623
460
656
654
635
904
53
378
24
229
735
580
875
357
313
881
365
121
297
131
581
470
113
419
30
678
185
820
9
768
20
984
580
676
638
567
581
43
945
957
625
32
537
500
389
202
734
754
324
31
237
257
502
350
28
884
28
213
704
389
333
724
725
913
753
363
480
334
759
777
643
384
161
180
884
902
734
970
657
410
2
894
667
856
597
48
740
977
261
797
719
947
873
444
860
626
808
693
312
567
822
955
303
336
487
187
238
222
510
247
632
512
494
652
368
91
700
108
420
313
257
139
260
131
584
473
757
744
518
70
663
692
377
966
28
865
505
267
87
15
514
71
527
8
75
247
451
127
708
224
441
965
363
53
96
947
878
206
691
396
628
706
89
5
672
469
870
178
736
957
193
603
381
73
963
456
320
767
584
28
991
377
994
354
430
442
654
309
648
697
57
276
404
498
282
428
968
152
606
56
462
152
659
843
225
975
651
897
94
235
926
85
964
272
791
395
714
797
56
715
495
113
991
251
612
625
679
580
130
638
988
944
790
0
139
367
975
790
264
69
378
190
506
342
814
297
89
529
447
145
244
942
259
587
545
223
565
224
155
47
862
143
991
4
143
482
371
470
272
636
891
2
178
397
345
993
47
434
874
494
932
470
788
543
409
333
766
974
909
921
21
124
416
364
128
560
846
852
382
471
840
274
473
18
671
170
363
70
957
589
564
889
59
352
432
469
37
550
795
947
823
169
71
239
533
551
799
732
403
182
203
243
808
28
614
479
551
329
550
508
919
466
749
978
171
533
799
208
83
595
155
906
764
578
145
649
130
297
733
885
831
288
481
639
317
95
470
868
776
372
728
695
839
477
26
10
10
825
218
445
420
726
703
536
656
848
538
786
497
271
24
680
560
505
671
229
600
142
449
728
514
177
424
705
6
450
715
368
627
286
813
400
364
516
936
20
716
826
159
566
98
183
246
10
688
918
239
640
412
40
368
278
217
144
984
223
946
51
591
574
689
756
974
53
624
910
426
692
89
585
258
187
120
857
549
160
127
140
152
539
180
872
817
749
17
153
972
963
557
915
537
246
23
511
300
647
774
78
339
863
15
950
402
135
159
303
295
286
443
447
177
975
671
346
724
688
500
48
4
57
315
541
655
338
405
307
337
531
385
28
746
400
978
148
535
489
803
182
775
598
981
952
573
653
651
649
693
503
49
697
560
364
591
567
54
996
875
391
879
260
419
625
13
750
773
900
239
928
83
367
526
416
671
99
421
322
100
115
825
149
812
737
513
755
305
567
103
180
310
982
792
729
607
805
831
732
706
71
660
141
438
186
909
109
637
331
784
737
446
609
886
610
699
751
366
4
670
821
536
980
804
328
62
411
486
893
496
544
964
156
37
754
695
946
216
332
277
352
422
75
961
308
686
660
412
404
16
82
225
552
415
29
233
477
793
71
370
289
615
687
797
4
793
844
950
9
177
228
361
599
303
675
259
341
687
23
745
704
106
323
608
873
704
841
350
497
264
720
138
879
407
288
235
201
132
186
562
661
766
276
612
69
303
224
763
990
247
860
46
705
183
655
578
888
848
928
737
113
649
228
344
408
516
580
961
0
766
876
662
532
504
626
953
807
850
68
149
98
929
196
803
112
851
382
352
699
662
90
164
663
318
509
72
186
89
385
538
855
261
552
739
765
179
44
924
29
113
74
127
42
270
283
506
473
665
859
524
679
949
689
343
619
198
415
157
639
152
695
494
414
248
585
531
427
629
808
456
742
882
936
136
504
219
643
977
236
502
853
915
803
542
258
774
92
25
931
731
178
978
577
944
226
162
827
5
144
635
814
238
869
102
375
725
673
370
702
909
224
908
176
27
450
787
801
895
164
84
626
342
62
556
638
641
718
818
998
214
805
164
453
27
266
180
752
939
550
807
200
774
715
377
153
517
516
306
412
680
390
391
375
804
947
365
797
17
183
796
584
341
312
37
368
579
569
120
870
471
927
71
597
642
800
750
512
316
408
924
348
150
667
723
954
614
441
104
984
624
252
568
317
564
957
685
143
526
158
14
349
85
437
946
80
237
48
592
905
456
868
253
606
536
329
912
502
770
16
486
746
268
54
416
185
363
101
328
241
259
694
590
697
131
888
129
720
936
721
977
744
941
583
702
477
912
615
980
34
983
818
132
604
225
548
789
588
2
469
830
613
516
420
310
647
309
791
720
597
512
697
342
806
280
44
283
544
11
615
930
347
434
63
303
659
611
92
247
613
913
429
579
429
202
889
429
511
681
501
460
545
198
802
351
831
199
987
727
562
602
658
261
388
721
564
47
684
8
647
650
922
76
229
703
278
470
132
141
503
633
602
401
184
756
752
367
307
91
94
870
694
104
131
82
177
48
482
214
56
481
864
330
557
445
34
188
267
518
681
771
504
283
172
40
392
276
407
699
368
853
921
414
310
405
848
487
453
682
701
509
163
917
840
721
714
226
261
982
744
942
105
600
578
277
640
970
905
399
21
273
605
943
39
915
348
888
754
801
570
456
662
86
725
854
807
792
80
420
126
177
714
231
777
292
860
770
614
765
169
636
391
774
931
430
689
631
670
444
432
593
252
446
679
329
301
838
473
733
610
599
910
324
830
40
969
690
162
583
808
331
571
199
458
854
981
499
485
4
295
917
949
547
364
980
229
17
818
702
750
780
302
13
104
484
405
73
175
567
9
335
898
932
534
708
787
867
208
272
871
503
542
820
403
258
800
632
275
970
686
377
750
988
390
207
473
147
632
0
714
641
335
965
926
221
673
713
88
881
985
312
737
527
484
140
137
637
772
412
607
458
142
710
799
532
269
624
680
901
624
746
895
311
711
821
532
737
534
972
618
871
284
355
751
769
495
888
406
619
653
365
430
795
427
229
679
48
853
711
950
829
458
197
140
169
18
672
258
904
644
877
775
929
584
878
50
432
767
808
403
420
525
833
567
305
414
246
353
619
958
655
448
416
852
588
937
870
260
196
126
257
425
902
538
361
780
940
793
899
748
549
671
625
734
238
930
149
485
284
768
443
939
217
211
144
805
500
14
418
696
141
27
473
395
565
835
527
857
980
779
605
529
450
582
264
41
513
765
878
149
533
321
440
102
884
584
260
384
951
30
433
444
57
906
191
974
741
718
831
722
849
788
603
652
370
219
693
883
984
571
384
518
244
825
620
128
761
880
864
712
262
297
156
319
204
699
645
945
770
476
19
619
616
623
271
987
842
316
222
827
887
607
697
483
784
669
963
545
902
828
610
164
125
118
836
681
818
481
627
588
958
998
207
574
973
831
913
168
147
136
347
387
95
44
870
231
65
834
776
967
14
386
132
139
505
968
821
675
449
800
263
759
150
822
686
124
653
951
292
153
439
639
540
534
35
762
765
100
948
894
420
962
632
552
454
489
872
627
164
673
779
427
785
929
250
823
405
255
774
49
408
214
40
300
100
75
415
218
528
363
112
948
326
96
852
780
586
724
759
750
749
538
178
534
467
780
709
873
387
484
274
148
50
315
448
150
390
215
368
270
579
832
218
257
929
70
389
515
146
148
617
896
686
147
782
505
279
492
730
667
328
5
815
378
320
615
528
62
831
249
333
762
433
551
371
362
622
760
229
120
260
199
16
298
346
151
803
626
995
534
293
323
891
460
701
211
75
581
273
258
182
958
372
616
510
743
978
484
855
560
604
467
759
973
765
457
476
921
83
471
455
728
146
346
540
199
909
968
780
534
578
963
493
951
931
355
46
261
839
254
821
795
721
932
120
487
390
596
408
825
67
215
906
213
913
446
412
822
766
545
708
345
860
201
648
791
556
694
404
747
948
226
543
670
510
663
509
252
260
269
430
679
836
336
245
749
134
657
923
253
554
631
598
766
185
246
909
741
292
314
489
241
892
384
263
402
47
124
7
659
745
437
339
581
125
936
682
259
945
957
864
500
588
462
266
125
60
528
219
353
842
708
946
734
444
561
488
843
37
495
503
782
932
194
715
57
130
397
669
75
354
533
927
294
348
546
772
408
74
991
113
916
51
411
2
495
972
490
338
9
986
193
143
270
387
858
680
869
607
349
297
961
234
224
608
582
122
380
343
196
371
808
464
422
220
466
269
544
309
607
906
647
801
49
917
540
908
597
762
515
298
59
829
533
635
789
467
758
169
162
306
892
971
771
314
543
589
935
87
250
542
993
897
695
43
815
588
303
764
702
170
63
761
999
948
748
788
767
858
309
930
165
201
901
288
867
796
229
802
883
480
697
877
377
744
272
544
332
575
309
386
745
724
147
97
672
248
237
439
106
547
369
623
100
622
911
968
418
141
122
654
621
171
531
350
916
155
895
600
730
204
987
827
928
486
276
952
734
514
391
193
413
113
816
513
87
728
833
858
221
956
512
194
127
395
544
395
550
439
996
632
643
983
811
923
821
88
875
556
602
619
101
15
732
917
880
171
997
714
29
218
670
893
412
149
288
309
545
190
748
893
822
744
876
634
667
697
74
895
605
28
514
706
395
598
976
275
121
973
989
151
544
11
44
308
513
685
617
58
875
718
951
698
462
179
684
481
228
758
376
186
138
242
244
533
192
220
808
314
546
150
817
442
161
213
750
674
898
720
84
774
438
387
824
900
918
860
381
147
970
110
685
108
704
929
641
897
502
449
563
400
951
380
842
113
593
592
139
492
312
576
618
102
963
442
2
882
302
736
381
272
846
66
732
902
347
373
151
849
174
714
249
126
446
91
591
40
36
82
884
700
658
854
803
974
296
157
856
950
893
589
574
91
655
306
994
354
31
145
204
205
860
805
683
658
897
274
698
285
709
934
337
367
788
140
341
436
298
549
386
191
490
312
635
497
970
629
852
1
126
56
207
338
213
242
997
110
869
695
747
578
982
85
297
770
577
991
559
875
540
945
419
31
610
54
880
580
35
732
582
161
140
141
500
354
383
849
816
604
896
564
182
878
1
480
1
578
471
560
806
363
857
225
746
467
631
627
48
666
359
982
179
852
475
31
206
858
880
22
815
777
938
997
655
939
829
656
870
652
568
676
368
426
901
114
245
884
93
645
550
805
627
81
657
102
113
863
313
345
237
128
122
528
477
130
819
659
138
689
311
707
365
679
485
618
146
730
854
239
376
756
44
355
838
53
458
303
268
123
648
858
603
771
386
80
901
205
739
391
247
403
98
964
82
583
935
580
666
789
820
42
546
216
397
384
270
207
687
890
682
335
748
285
458
134
718
711
692
457
103
939
212
553
903
647
137
838
227
155
628
47
197
174
616
946
910
238
154
597
128
836
284
877
122
743
11
192
806
703
649
909
994
214
463
898
861
952
88
88
107
716
488
656
242
456
602
504
694
108
101
822
945
738
699
419
833
63
611
639
118
612
901
113
826
716
363
39
20
451
128
127
520
968
135
114
424
737
619
118
198
72
292
495
810
992
914
995
407
877
987
525
841
888
638
20
604
353
59
624
805
539
103
325
507
590
791
283
679
410
401
877
483
694
372
645
38
638
641
445
867
628
322
709
868
313
729
824
666
140
800
471
680
255
148
539
845
292
823
524
702
224
754
537
270
126
183
660
117
176
457
984
156
780
693
376
445
774
200
111
915
0
935
947
607
435
486
452
727
309
328
782
886
82
319
508
561
854
169
30
382
626
14
890
758
60
266
203
834
818
667
101
170
602
48
777
389
535
581
469
196
910
251
82
344
570
591
257
777
112
287
159
90
302
50
849
362
316
404
548
135
71
650
305
25
50
435
415
585
16
884
134
926
487
568
623
57
159
880
834
623
520
346
714
174
396
563
536
64
319
436
199
391
86
857
768
489
292
183
426
308
419
560
587
906
129
210
316
640
442
502
264
314
848
330
488
244
893
376
309
212
813
860
955
251
69
724
740
713
259
167
22
31
727
961
289
208
523
605
849
965
108
465
280
308
795
120
905
40
497
566
604
310
426
912
913
848
636
654
561
247
173
583
278
900
896
568
461
419
525
662
737
633
127
369
294
274
489
199
666
986
765
270
648
543
182
562
391
170
216
953
418
389
888
48
641
785
616
454
556
142
116
293
127
595
662
421
221
504
972
887
490
737
510
139
281
44
701
24
215
269
329
985
10
218
385
651
355
354
106
911
848
574
557
975
170
571
749
391
75
73
631
918
811
141
57
444
185
110
820
752
379
150
89
741
368
475
744
75
181
202
338
29
777
895
356
299
819
105
42
894
531
673
812
694
814
221
138
352
331
310
456
62
460
546
155
180
373
900
255
554
102
594
583
879
841
291
178
12
397
221
259
280
246
423
974
413
645
464
765
328
774
221
743
235
119
898
415
844
798
23
750
901
969
685
132
810
977
663
175
726
884
434
6
482
857
980
895
502
796
660
183
570
234
926
805
705
176
573
902
975
596
652
228
565
690
712
727
667
375
902
745
611
336
751
94
194
83
989
48
879
2
231
801
588
509
607
293
38
532
547
365
480
552
593
45
242
305
124
261
33
27
6
644
715
757
738
261
192
728
662
423
82
245
224
670
755
183
315
793
715
863
158
195
415
103
592
657
760
69
918
793
448
276
438
163
385
528
777
577
608
439
352
690
684
576
360
791
760
676
936
827
539
446
375
306
549
319
963
662
388
233
455
836
509
245
352
246
774
129
823
382
568
175
73
252
103
785
396
215
461
332
43
352
779
770
658
680
89
973
342
478
558
150
666
419
395
18
665
521
147
840
256
67
367
329
672
471
466
68
686
928
400
81
632
531
851
291
212
293
616
906
123
175
56
789
594
804
808
260
325
307
452
581
375
820
262
47
291
729
467
329
9
219
411
641
751
614
284
315
907
901
221
30
76
278
172
22
434
332
634
759
639
87
693
366
907
307
765
550
388
232
879
397
452
642
391
203
257
675
518
164
576
739
547
4
369
719
379
803
51
13
915
42
100
960
409
359
267
174
261
656
407
141
405
859
783
796
414
392
472
284
909
400
375
456
405
97
175
136
900
578
149
167
620
602
127
381
313
747
556
575
755
315
716
160
526
851
957
940
244
429
576
153
181
951
961
938
48
488
74
301
66
224
468
38
178
948
420
491
47
328
66
802
643
134
962
169
986
919
461
582
700
37
87
882
340
48
172
389
536
247
42
954
823
862
344
1
810
764
492
209
444
911
11
87
45
326
608
31
245
421
965
298
810
52
532
151
452
704
892
988
951
934
294
126
796
639
127
959
755
972
168
200
883
532
639
928
858
600
312
455
21
629
753
832
682
285
335
134
342
579
475
645
513
121
772
661
760
251
620
868
223
141
420
106
673
59
387
531
659
51
986
33
680
740
217
362
377
552
849
71
483
676
717
996
797
489
657
910
740
630
778
316
771
198
774
444
609
161
975
621
564
313
654
245
405
871
959
783
775
808
854
258
836
923
606
634
412
615
544
505
245
674
821
16
224
595
460
185
109
787
806
673
101
460
918
506
683
230
641
810
390
848
420
227
771
378
213
536
994
109
41
239
783
214
256
359
161
716
544
622
856
351
296
957
163
566
463
847
148
105
9
539
953
782
766
76
160
979
612
154
440
5
394
223
571
2
934
733
70
478
355
926
181
3
883
345
922
699
544
70
156
553
609
461
335
727
537
848
58
150
2
498
507
396
73
79
398
7
164
469
838
871
747
19
227
631
364
149
682
908
219
838
814
181
299
501
260
188
349
319
690
704
169
198
452
243
629
203
602
793
24
440
664
771
460
891
754
176
392
436
437
964
274
603
145
925
456
405
114
806
76
804
862
246
354
314
841
983
517
443
128
541
884
145
313
696
388
67
872
781
856
661
745
130
264
242
408
721
647
522
879
76
678
741
322
385
55
163
720
925
958
849
466
194
994
131
890
382
551
115
515
407
776
260
889
41
502
297
114
502
171
993
578
850
86
252
587
141
767
307
418
725
156
237
920
502
368
162
237
271
277
752
678
406
365
920
799
219
217
913
721
389
258
651
591
344
255
178
837
22
485
256
100
994
493
20
848
213
534
85
837
164
190
867
570
555
787
721
126
5
634
848
394
892
851
337
588
459
515
425
481
352
33
581
698
878
953
547
92
840
984
281
4
526
148
574
433
936
295
560
293
281
760
687
525
611
376
113
422
891
890
904
595
924
837
294
802
143
193
246
983
529
527
987
56
28
913
489
964
560
401
257
841
161
296
718
125
672
183
547
915
73
803
862
997
641
508
152
136
53
750
119
583
278
458
991
658
371
832
622
931
234
231
124
395
527
842
520
551
25
420
818
450
223
680
800
216
541
952
352
594
702
471
177
332
281
520
990
4
353
964
935
587
195
411
982
74
605
855
977
982
275
147
433
850
828
233
67
721
537
419
315
239
243
845
924
524
365
914
529
70
231
816
657
426
580
992
853
185
199
182
168
826
330
953
676
510
186
743
231
723
515
898
314
758
743
238
634
461
505
515
883
736
332
541
514
264
885
719
449
84
902
969
910
232
922
586
742
108
682
325
183
197
223
498
955
319
736
941
780
593
457
663
329
141
556
196
405
441
915
854
877
169
824
787
401
98
726
495
559
408
820
742
957
396
240
264
715
329
205
847
922
662
862
604
803
419
152
208
212
419
415
90
589
591
229
342
689
955
190
248
715
362
343
672
758
583
936
473
264
494
320
187
156
183
143
312
954
295
872
166
714
287
608
655
230
838
350
920
793
540
520
861
902
863
533
661
799
822
134
63
316
807
602
824
990
97
136
944
392
9
462
459
648
71
466
879
909
816
151
54
356
671
915
611
887
801
272
38
623
758
453
291
565
56
115
555
153
252
851
898
613
314
709
261
737
527
140
646
344
291
52
52
315
968
663
554
769
287
592
744
46
45
35
611
453
150
519
959
754
722
857
367
388
918
629
125
445
121
123
141
413
176
546
728
496
561
634
265
849
226
361
895
271
396
858
77
898
729
36
653
804
893
372
192
163
1
670
960
123
145
454
888
321
0
968
817
561
602
434
410
180
795
657
451
543
868
528
442
949
916
447
105
161
819
298
324
173
320
637
648
817
91
536
139
91
856
308
4
458
95
767
638
242
424
441
786
644
322
228
946
238
27
51
400
846
701
76
19
21
713
667
839
804
555
330
247
411
990
604
869
85
371
859
680
147
301
466
792
975
46
738
213
73
141
965
919
843
42
291
216
107
958
407
264
866
737
511
277
80
115
499
517
838
358
197
986
11
15
130
986
61
220
552
134
361
869
406
204
911
49
421
371
359
828
635
225
918
498
503
350
966
2
867
804
712
417
790
724
432
920
62
494
140
966
980
854
836
738
58
99
787
831
470
147
12
457
724
282
956
227
632
922
581
499
726
646
268
869
722
701
141
784
547
634
103
527
488
291
618
546
742
757
730
565
256
742
22
981
24
978
560
8
900
494
859
979
140
128
848
862
829
989
998
376
623
453
255
463
744
225
10
487
983
92
52
239
186
74
572
562
405
133
570
305
627
429
636
119
557
836
981
738
826
331
466
801
785
74
265
529
299
627
368
282
71
772
874
257
199
446
819
604
931
389
261
910
170
898
381
80
734
362
818
912
46
637
66
831
711
683
712
10
662
433
645
733
205
871
990
404
317
809
360
601
550
622
863
72
520
245
152
606
959
323
871
5
960
937
188
23
972
253
33
634
38
30
719
243
901
709
0
571
870
360
172
772
334
387
844
206
632
349
813
944
672
36
949
984
325
490
7
297
95
392
283
133
423
2
376
324
63
728
895
933
441
419
57
775
159
901
982
791
250
147
87
274
183
37
258
508
879
265
157
974
658
440
107
433
442
835
757
505
916
5
790
357
776
847
132
935
100
466
79
703
613
166
977
796
555
588
304
434
853
461
760
863
253
219
648
695
55
406
552
971
763
694
680
539
541
164
827
994
631
906
697
244
424
26
393
980
614
49
766
820
863
879
35
116
98
684
164
505
442
716
476
205
763
508
96
304
673
275
650
656
533
347
252
958
726
645
290
340
695
56
160
910
935
548
26
386
232
190
891
674
259
720
231
22
228
679
678
253
955
329
909
488
28
162
798
754
159
88
447
206
497
959
116
784
507
143
170
739
685
62
765
296
782
348
670
362
28
349
616
983
30
877
823
410
391
622
165
903
62
612
109
559
923
226
344
431
721
866
522
758
928
288
55
62
636
725
425
16
426
393
351
808
622
175
219
14
149
384
917
211
348
378
123
623
956
819
54
677
685
577
788
966
217
195
380
205
272
805
222
699
550
573
507
173
100
78
539
601
814
808
165
162
186
288
786
143
459
192
172
144
121
312
462
338
507
843
544
780
0
118
479
551
43
338
76
144
417
615
97
231
423
262
746
961
550
884
456
9
428
981
506
550
293
320
888
801
163
784
581
164
254
412
67
298
750
143
794
519
110
891
103
533
506
201
846
56
85
303
418
513
284
276
415
577
596
656
730
112
792
311
276
47
723
343
697
826
838
843
345
948
86
800
833
592
1
679
1
86
334
419
952
970
47
367
900
995
375
630
107
168
942
383
215
17
78
264
843
916
107
541
864
193
341
697
786
343
729
787
781
63
558
733
34
957
453
934
952
828
916
60
348
858
795
915
876
874
179
71
142
638
612
359
832
954
408
970
297
137
109
78
553
667
164
939
976
969
225
928
149
141
988
498
352
136
413
580
362
945
651
856
583
264
215
767
570
976
89
219
113
198
649
18
217
813
957
193
134
534
122
284
676
462
134
28
950
899
608
312
196
611
169
780
227
736
899
797
712
989
16
178
539
18
196
757
183
506
302
318
40
424
954
716
239
440
96
189
339
56
854
536
668
375
668
895
111
567
45
176
908
61
354
448
431
902
557
615
408
859
285
449
636
239
517
875
31
614
416
370
22
622
258
690
997
926
586
461
846
631
637
106
44
343
554
828
245
463
443
654
323
80
455
959
319
324
186
702
290
954
72
313
577
683
3
926
609
941
739
807
924
728
914
321
71
820
501
669
284
944
323
959
376
130
918
47
454
104
749
97
410
821
410
987
504
765
266
466
59
5
625
335
734
539
8
157
712
509
826
996
805
501
307
181
983
225
228
438
681
977
535
91
151
297
431
7
62
697
473
473
54
99
809
140
990
817
298
702
327
476
50
132
978
357
666
961
934
894
751
615
872
638
59
375
935
842
382
350
891
856
823
945
307
632
438
297
802
88
352
129
564
754
613
894
112
279
856
46
526
959
14
750
950
425
125
237
267
507
587
158
715
763
455
22
747
893
672
549
981
376
30
546
130
996
440
242
627
648
641
153
960
7
903
910
432
28
147
699
536
87
857
603
202
312
626
301
558
650
851
539
26
233
437
156
581
230
751
209
230
392
362
542
399
266
452
183
646
952
882
182
391
91
786
945
755
764
246
313
766
449
205
792
683
994
300
264
576
51
825
159
795
188
701
546
454
506
729
100
810
963
635
201
54
773
498
810
889
744
475
655
194
32
799
229
27
99
845
955
503
671
114
650
859
816
197
665
674
278
117
484
242
104
37
648
229
535
458
118
279
286
125
825
318
924
54
345
376
252
301
879
923
767
529
134
935
78
151
609
357
620
93
951
725
130
599
306
665
410
425
297
696
902
122
14
179
529
712
555
781
365
434
56
484
315
190
420
394
693
29
103
313
123
406
390
605
5
697
623
767
474
920
463
376
394
830
555
923
894
110
56
611
896
112
95
564
654
515
958
347
545
413
13
20
819
403
625
176
100
248
944
574
520
407
951
267
589
858
542
483
321
599
94
217
63
190
781
70
57
91
769
602
504
782
622
675
186
600
852
286
200
796
213
721
555
516
340
145
374
882
628
695
833
75
265
897
617
46
319
674
490
88
277
994
871
251
22
409
851
874
47
404
670
260
125
225
776
465
722
503
699
703
198
533
778
463
782
747
862
101
421
352
189
50
698
412
654
720
821
857
594
869
261
616
129
386
194
258
203
916
761
255
619
959
788
749
775
570
496
637
23
918
341
212
320
39
625
974
760
798
832
706
667
93
675
149
832
221
407
387
137
168
642
109
479
782
210
606
704
707
243
727
977
584
292
297
976
269
624
88
67
456
794
735
901
821
884
733
42
643
473
532
811
115
641
642
250
851
249
954
910
844
682
887
429
326
537
757
595
513
845
662
969
991
397
222
813
633
308
855
276
781
387
439
248
380
82
498
584
683
805
494
527
839
734
308
165
623
65
760
136
910
422
457
902
172
679
67
157
987
922
786
120
662
577
369
42
659
219
626
694
24
121
222
863
207
530
28
830
948
140
966
210
915
423
112
439
454
179
948
442
454
734
914
116
312
283
158
323
503
137
18
527
258
592
743
817
474
771
647
422
264
613
633
179
388
97
970
842
629
918
636
83
653
551
199
317
186
709
640
689
198
10
569
456
602
312
625
77
435
272
499
51
237
484
230
625
582
200
820
211
471
808
646
124
711
197
441
898
906
433
939
105
444
508
913
398
172
891
475
960
163
327
11
401
811
594
378
745
146
550
956
617
359
954
741
70
151
534
968
410
968
908
867
764
768
132
162
941
23
990
253
187
669
264
940
480
858
318
578
5
221
886
622
580
841
716
2
992
602
971
402
922
231
269
686
999
754
201
292
777
543
545
964
212
162
256
44
20
575
622
377
148
509
352
728
350
68
730
694
22
53
449
945
636
70
631
988
824
184
280
602
727
178
918
939
340
175
984
712
102
606
442
250
467
794
330
169
214
60
216
236
466
665
181
102
87
165
90
912
701
723
866
429
901
784
720
593
959
56
657
413
15
99
663
482
893
993
4
459
406
220
696
872
885
229
974
972
746
417
236
448
140
102
229
393
239
949
338
198
6
995
964
21
447
979
855
692
973
859
152
731
79
200
955
316
781
929
641
528
698
229
328
838
332
909
583
571
210
921
121
216
269
437
589
716
417
797
408
742
8
912
473
440
112
428
756
894
709
749
774
408
979
454
598
663
363
534
586
573
455
59
142
76
497
83
792
914
880
553
656
241
465
129
681
930
909
789
176
618
539
302
378
870
756
977
885
471
511
471
44
318
530
186
395
27
622
539
293
854
444
949
95
262
430
776
544
339
566
720
310
457
374
688
327
130
17
212
953
528
35
997
199
565
536
946
945
158
837
238
12
282
540
108
896
970
236
440
662
154
512
972
611
886
660
290
368
678
854
321
558
889
670
757
807
206
55
104
364
893
694
729
527
234
189
423
205
777
215
867
932
727
839
895
965
851
186
333
529
392
6
88
634
676
197
793
883
253
897
599
498
591
328
25
826
869
800
383
647
15
602
579
742
793
474
59
644
12
392
174
405
398
614
391
426
163
184
309
768
81
261
266
672
941
643
850
811
443
585
810
458
187
741
552
980
567
611
625
580
355
151
337
105
765
728
532
280
912
193
49
345
454
315
369
396
959
220
559
754
805
369
213
345
110
117
325
29
81
302
609
788
453
946
894
570
26
778
851
938
971
900
635
778
567
5
526
878
225
437
633
382
158
198
727
620
667
405
649
748
707
259
537
513
557
783
83
936
561
286
226
884
538
862
14
106
867
892
336
444
329
969
826
487
519
906
107
187
663
757
287
370
368
176
235
925
959
319
861
872
605
440
109
144
302
123
602
169
368
938
613
697
260
791
537
131
49
644
318
712
753
606
435
121
782
22
399
94
341
612
966
299
52
427
795
354
903
397
875
271
687
488
968
299
632
857
431
33
502
101
98
607
707
885
81
842
907
832
288
249
796
254
548
849
682
695
555
937
92
783
208
131
623
528
783
255
386
214
641
240
315
739
847
375
624
280
569
531
112
857
780
909
463
680
110
497
375
17
434
819
800
642
303
776
171
86
31
557
652
24
797
967
763
996
694
387
277
263
919
389
120
51
650
936
84
760
433
811
778
868
631
930
510
286
706
681
372
90
590
24
114
739
343
878
736
38
617
13
653
888
754
126
940
405
62
24
517
495
187
295
363
818
578
226
104
636
907
828
726
850
852
193
589
196
423
325
586
40
690
239
929
445
717
221
202
779
597
719
275
784
367
638
955
297
864
59
933
124
240
12
326
92
557
915
640
980
593
578
372
283
170
653
80
887
226
634
667
823
354
294
608
73
284
915
370
501
326
655
977
566
667
303
11
224
218
3
556
163
582
929
799
104
934
231
991
161
866
10
984
572
304
944
645
589
211
367
90
538
22
67
104
690
722
115
266
292
119
823
456
53
104
255
157
38
486
148
551
704
159
888
276
815
184
273
756
396
992
198
934
15
617
38
57
339
506
675
632
625
498
88
678
954
695
835
993
533
335
896
238
846
784
866
662
969
492
418
365
484
617
299
851
234
689
260
926
195
936
558
172
786
998
850
741
45
37
86
578
373
982
168
219
119
387
233
88
231
652
805
67
621
456
271
207
145
531
133
693
819
43
865
958
393
716
51
438
105
489
369
478
471
889
50
590
628
283
30
859
287
835
279
260
291
550
468
789
433
953
482
605
349
347
563
742
415
614
533
873
103
254
351
926
143
753
869
124
37
251
983
324
439
262
585
730
164
405
871
598
710
705
203
59
405
766
802
820
732
687
693
187
941
397
465
84
150
334
208
539
938
544
216
377
158
153
459
323
558
331
273
268
36
476
680
441
594
482
614
678
521
659
217
462
408
682
898
559
369
459
450
307
355
666
684
513
819
143
188
377
826
813
998
863
641
678
656
587
512
622
265
33
282
834
495
690
517
745
601
238
204
52
545
559
718
581
425
538
76
613
267
903
779
617
118
420
295
126
8
159
749
625
192
383
460
39
73
329
785
27
567
341
79
464
901
149
397
326
687
473
291
307
728
70
924
198
843
572
677
851
731
426
476
276
809
288
667
234
617
804
261
536
146
692
352
47
842
749
725
881
575
368
540
655
791
817
206
634
389
883
485
472
661
313
100
822
954
120
408
923
924
670
460
70
714
164
469
908
914
546
790
841
915
682
848
706
499
54
340
240
289
177
713
950
842
165
772
148
285
181
72
210
203
532
632
269
48
102
178
314
648
320
155
915
2
356
621
502
410
313
742
52
842
807
2
37
325
127
185
610
308
257
172
863
141
805
132
190
259
310
504
259
630
12
175
985
368
148
487
130
462
581
182
656
389
185
693
66
312
879
676
972
136
201
187
630
358
319
820
617
982
324
228
964
688
403
949
56
552
788
187
366
370
369
22
111
906
68
177
570
947
205
894
435
758
81
417
116
753
237
85
735
914
314
51
602
69
1
11
621
141
198
339
863
919
714
974
826
782
503
748
81
61
643
868
819
724
286
288
477
875
373
564
141
687
616
96
757
969
107
730
110
657
422
974
576
136
300
754
918
156
855
351
217
498
571
36
574
209
676
404
85
50
968
578
89
936
674
198
257
133
929
368
790
351
694
719
839
346
825
109
502
680
460
719
530
383
108
105
593
784
861
678
186
181
256
276
118
283
474
375
416
755
95
207
458
141
278
297
840
103
758
342
784
218
414
314
954
874
771
547
658
632
225
197
814
833
473
284
468
299
659
885
407
107
444
217
600
722
515
440
825
625
783
961
196
549
628
150
423
399
697
433
32
922
630
198
107
455
482
576
755
493
813
514
952
257
731
553
331
598
345
508
224
480
470
420
29
450
570
452
849
267
886
233
541
516
431
0
972
265
576
79
759
741
593
711
998
676
616
681
275
962
190
499
442
12
271
824
462
841
276
663
460
514
897
353
383
680
353
707
946
282
786
57
23
731
768
374
407
737
55
34
51
597
885
845
609
156
669
423
349
946
87
161
812
984
514
195
16
220
902
962
502
40
19
877
123
140
603
883
229
11
917
280
960
803
125
922
311
795
345
661
93
432
822
257
768
689
453
137
909
355
99
763
748
471
992
871
611
948
754
192
959
24
472
919
827
597
841
490
744
539
151
189
323
326
447
92
15
252
229
276
959
680
39
707
151
383
579
114
331
685
306
290
709
130
562
888
80
755
379
824
294
882
366
618
208
165
62
575
417
643
851
376
323
242
84
827
626
15
293
957
700
952
600
410
82
162
650
162
269
29
339
564
912
705
182
472
222
596
48
639
239
899
15
914
494
99
741
120
466
387
77
167
339
29
929
773
191
579
288
461
961
627
377
225
684
911
697
906
507
745
897
746
997
912
12
491
364
106
963
830
493
392
997
184
422
278
309
965
210
597
426
171
576
155
396
612
66
93
870
573
191
767
671
540
680
684
383
44
790
346
226
635
738
224
171
160
854
480
126
64
78
904
587
6
60
983
619
478
429
489
52
972
257
75
512
937
111
895
333
253
593
559
888
331
135
411
844
342
892
322
406
322
578
994
328
990
329
947
469
110
437
873
82
694
948
946
983
412
841
668
665
786
227
906
470
715
317
666
57
209
988
815
531
566
161
860
557
491
807
378
601
596
251
36
642
199
982
625
963
176
645
629
962
873
535
432
940
852
450
997
414
438
164
945
357
326
157
266
817
317
644
770
265
895
158
908
446
141
885
410
317
531
391
631
756
926
416
696
130
866
45
544
657
209
842
14
887
351
632
56
668
276
179
286
523
337
194
321
478
79
83
147
962
474
779
718
752
547
766
235
413
811
131
70
373
325
436
612
677
68
669
697
696
848
983
219
185
177
893
16
609
976
163
571
803
294
290
907
841
56
142
607
220
626
29
945
951
466
557
628
534
578
678
231
426
661
802
964
191
695
980
800
24
495
371
179
790
13
438
983
422
933
942
994
559
972
291
510
438
200
491
324
779
169
555
205
830
710
169
21
757
149
173
133
997
897
312
787
910
103
122
684
36
65
30
595
389
321
457
827
522
948
151
301
117
59
506
300
121
28
673
878
529
847
12
526
96
676
665
6
779
140
43
815
557
73
762
946
747
220
125
269
168
276
570
638
687
428
290
808
808
315
39
338
514
403
216
610
79
882
969
211
22
12
378
579
437
141
877
184
361
2
805
881
630
727
871
318
156
513
478
316
829
517
654
343
920
871
954
352
105
923
915
127
287
293
58
724
786
935
261
147
289
66
381
919
794
604
237
302
118
68
618
947
937
273
290
210
496
244
562
953
519
829
80
806
122
490
531
909
777
792
408
66
210
141
985
4
746
575
306
216
643
925
163
580
550
453
790
398
50
704
351
569
533
783
728
8
273
611
269
402
755
29
468
965
523
805
970
269
380
276
485
375
553
0
956
103
805
98
501
855
155
204
777
40
987
857
48
612
468
669
14
223
699
834
188
574
992
510
843
372
787
680
100
340
32
408
796
837
506
649
45
661
854
174
54
841
31
102
806
499
124
172
722
175
7
262
749
999
773
944
723
912
976
823
604
8
231
400
845
90
50
890
103
256
64
157
449
447
612
255
946
736
780
20
263
787
283
12
138
408
956
213
320
932
389
924
292
620
677
137
62
79
380
166
335
796
675
136
244
639
744
542
375
524
563
638
663
198
2
153
958
958
366
278
242
755
554
534
728
583
24
142
662
404
660
349
552
336
486
148
975
582
691
703
106
606
693
121
156
696
274
114
6
992
744
601
100
298
135
180
882
511
322
896
267
335
246
820
671
84
968
998
18
11
53
124
617
99
597
773
147
871
887
153
863
631
754
963
282
242
495
516
753
818
412
21
153
10
193
176
446
161
526
464
525
932
940
142
31
537
916
178
760
155
683
976
787
790
939
421
32
787
937
137
605
701
510
110
712
55
638
510
569
164
327
94
96
267
236
479
157
504
657
269
660
341
245
799
483
537
220
515
324
509
4
929
210
867
391
274
922
29
785
491
193
464
585
642
731
174
121
240
678
131
510
690
824
107
841
307
644
61
174
968
922
530
249
133
397
640
759
672
669
896
515
215
360
453
209
444
627
682
36
657
165
546
348
989
6
189
648
650
603
174
619
877
705
220
362
454
861
122
478
882
18
994
449
379
447
658
175
426
341
211
83
506
110
783
848
116
325
848
766
928
23
737
805
80
958
520
886
171
642
365
53
12
711
503
743
158
513
918
584
206
130
19
713
240
803
913
708
128
761
474
408
136
564
565
568
522
85
455
45
79
172
98
92
883
953
835
393
467
106
329
673
236
348
738
828
503
3
536
631
765
362
391
253
926
957
822
800
394
629
845
474
801
296
566
684
601
753
429
420
859
758
446
447
106
184
275
610
540
163
593
305
878
985
910
156
294
732
957
688
361
154
514
162
802
432
198
404
186
627
824
397
385
270
845
844
807
472
454
347
636
399
4
866
384
914
22
30
999
331
719
360
486
585
875
288
18
425
44
556
405
869
953
142
139
798
986
298
271
792
645
259
192
649
125
928
916
499
959
915
831
30
275
669
615
502
309
985
928
354
541
685
575
495
827
66
645
814
365
268
958
362
879
150
12
356
79
928
856
390
843
39
420
470
60
35
325
369
373
605
75
914
290
650
761
117
69
759
283
434
27
242
148
259
744
160
615
175
440
823
565
635
862
337
458
922
725
783
644
98
388
71
12
30
74
126
147
143
885
783
929
264
377
77
523
121
590
139
649
382
314
566
370
177
904
180
451
629
963
447
79
703
519
443
85
593
569
232
88
454
367
17
71
744
446
594
218
36
85
219
771
400
785
141
929
41
673
380
22
636
828
101
691
699
545
128
292
114
712
380
921
80
749
992
824
195
586
394
584
24
613
355
424
399
848
353
792
521
85
815
509
265
916
552
964
461
680
608
928
392
988
849
824
737
193
1
285
779
395
869
155
9
576
579
760
776
284
552
297
722
719
158
987
636
62
952
449
742
560
377
486
901
578
311
990
771
312
275
903
59
496
58
420
424
990
180
200
626
85
849
348
804
359
336
792
421
640
242
515
200
971
354
453
902
665
796
673
329
71
928
388
920
339
809
344
329
341
897
955
778
746
304
935
106
992
727
879
632
321
395
184
645
749
638
547
766
434
572
447
857
501
835
129
840
996
826
521
338
723
476
468
821
132
403
927
124
483
159
756
804
554
293
801
655
283
348
773
717
273
220
926
774
407
56
966
404
234
487
742
957
315
210
778
800
966
58
924
449
217
33
605
123
678
407
130
961
107
903
30
380
475
956
506
882
364
472
286
598
311
380
907
979
943
686
779
909
744
55
358
313
88
963
436
118
722
566
79
830
821
109
210
296
418
69
178
782
541
465
733
205
197
640
184
140
678
963
49
774
18
759
87
459
723
875
577
797
793
657
627
614
118
190
262
536
259
793
671
152
610
404
709
807
396
893
948
75
208
349
201
579
109
289
38
184
164
967
981
310
976
609
924
95
151
539
983
762
332
654
266
942
58
976
101
807
221
49
234
430
399
435
9
860
724
399
44
241
366
25
551
695
986
827
790
489
718
125
251
50
780
518
344
190
846
446
997
67
847
583
849
598
19
858
458
95
609
854
688
328
232
591
23
570
771
165
60
489
290
663
892
70
533
236
613
379
34
962
799
234
546
648
832
565
859
643
12
468
849
701
148
81
292
171
652
63
688
712
553
979
375
797
401
261
385
14
640
420
977
791
6
523
440
190
440
651
833
452
471
35
153
620
116
798
791
768
861
832
832
766
811
560
563
564
821
301
931
461
721
908
253
79
783
45
269
575
696
455
27
167
490
533
139
606
331
283
727
544
115
559
663
278
119
578
842
292
879
773
106
952
33
711
31
816
756
653
743
804
108
771
323
950
656
463
556
339
746
635
883
213
195
898
491
666
477
333
959
356
107
65
661
492
776
692
309
884
345
404
40
805
527
363
755
183
178
664
522
276
299
758
489
846
656
980
865
485
314
824
194
773
241
855
265
369
899
926
605
597
331
645
402
858
360
510
394
539
174
916
815
825
26
305
672
35
285
889
520
951
65
714
76
658
921
342
27
821
268
984
418
951
981
172
162
341
682
556
232
208
824
48
34
851
705
58
886
342
947
758
646
364
825
722
22
746
64
401
567
685
385
337
636
366
510
798
59
544
706
292
753
531
692
139
382
749
549
620
91
848
730
737
212
555
460
234
654
876
635
221
561
372
911
550
90
421
700
501
317
407
793
70
938
837
561
672
586
110
644
30
958
374
767
522
282
579
108
936
808
743
509
369
467
420
271
557
193
972
59
511
731
204
933
21
42
495
693
980
957
337
10
268
63
130
790
345
61
899
281
869
994
143
591
462
563
862
371
109
186
430
620
269
987
905
290
381
400
335
361
358
672
724
978
88
206
768
433
267
19
67
489
14
210
80
828
773
294
199
234
833
982
854
102
321
112
745
702
512
80
415
222
753
491
200
841
697
321
626
317
340
693
806
706
903
886
886
29
532
86
263
365
420
470
820
741
582
565
795
446
645
210
21
750
54
573
943
751
894
570
68
587
615
226
293
519
112
180
900
997
618
515
362
390
985
534
131
919
99
278
366
745
488
739
847
542
312
791
646
207
361
66
146
976
293
791
847
757
971
747
754
941
263
469
331
600
355
814
520
455
92
238
552
933
329
399
827
641
542
825
200
255
892
346
232
537
138
431
294
461
531
401
755
146
222
86
98
577
253
970
32
697
208
936
630
889
688
810
531
230
635
731
486
879
430
70
416
920
853
63
381
384
464
136
882
38
575
981
615
180
951
0
877
512
288
860
401
976
22
284
559
657
16
45
889
798
467
305
718
320
720
451
705
184
940
939
222
867
920
190
47
872
190
276
384
478
488
137
807
510
422
366
520
790
763
409
588
230
66
658
550
787
461
607
323
401
547
898
268
819
88
667
691
630
944
427
460
432
917
267
943
339
633
463
481
396
224
421
978
290
79
529
429
540
488
753
942
387
651
562
207
91
230
250
721
526
678
181
958
595
801
253
286
786
68
767
535
292
188
513
935
619
394
364
159
883
469
453
622
120
368
829
563
950
80
284
476
110
818
434
57
619
40
343
405
108
462
940
753
2
806
40
621
200
756
132
435
226
938
58
698
306
239
262
256
671
546
84
781
716
518
190
335
558
533
93
19
347
33
124
349
191
164
322
392
920
455
179
146
745
589
197
51
829
811
659
500
357
743
634
426
613
824
761
524
710
854
895
57
240
19
759
783
183
81
175
103
888
707
602
633
296
151
36
477
962
47
330
671
142
964
97
108
788
211
632
850
65
527
908
657
898
19
441
81
452
968
536
693
27
138
326
324
641
715
153
603
114
483
275
257
447
724
365
588
935
349
438
353
228
698
10
126
69
803
207
522
124
95
567
151
586
245
827
227
960
333
831
75
816
458
684
616
182
401
556
118
102
994
823
330
45
833
808
114
989
367
988
465
462
907
968
48
153
148
276
113
481
459
540
649
269
576
265
451
329
173
921
431
168
744
761
565
930
569
31
271
936
372
736
751
279
56
799
432
204
75
898
685
886
790
687
155
367
304
959
696
478
232
128
998
329
241
563
611
163
946
882
451
318
970
202
598
26
2
382
231
429
280
268
668
71
307
175
790
612
134
838
90
719
318
88
48
912
651
11
75
949
893
878
268
863
81
218
241
435
600
824
216
233
93
236
656
400
412
798
364
898
636
454
617
307
542
17
219
545
28
294
495
273
524
115
488
957
333
730
744
285
906
961
870
351
549
878
104
961
676
468
212
665
923
181
972
817
199
191
715
579
837
210
205
361
677
45
319
362
127
415
999
34
728
870
385
278
100
489
591
777
958
803
794
233
985
766
50
536
309
765
467
146
327
672
859
4
718
530
718
197
946
718
231
674
940
617
952
40
458
544
169
768
699
963
1
684
81
404
220
390
169
40
536
849
712
396
205
782
926
924
980
224
642
563
899
582
180
203
622
991
99
144
759
799
107
761
483
189
517
56
579
686
96
468
887
160
216
93
295
494
369
627
719
11
190
618
945
723
173
919
714
273
63
825
72
523
938
555
712
455
963
643
494
59
463
381
572
679
826
867
174
195
846
893
206
36
863
503
111
36
423
825
309
486
651
381
361
941
289
73
397
604
69
891
664
532
272
588
212
99
455
738
294
301
631
853
689
494
356
801
882
131
978
192
970
981
925
331
923
566
757
320
171
826
211
187
710
835
775
274
934
582
12
581
235
995
786
924
489
494
77
372
626
56
916
596
37
193
927
960
760
684
632
283
862
843
470
573
679
245
199
965
179
212
898
414
207
36
338
49
531
768
773
157
824
41
753
861
234
680
174
346
717
806
629
579
2
99
504
33
696
704
350
875
268
249
289
827
285
980
228
168
748
1
325
572
42
430
785
629
463
311
975
180
118
605
111
472
704
616
505
753
672
855
628
292
456
918
119
94
250
348
262
998
701
940
922
96
370
707
725
833
19
700
365
489
657
477
961
714
445
818
467
469
673
95
761
482
365
232
576
615
932
190
965
634
130
887
730
501
947
807
686
318
859
52
159
517
529
120
583
974
938
50
795
963
497
556
445
215
140
373
830
73
564
148
59
46
387
141
547
334
948
234
4
159
286
163
676
167
635
259
493
925
661
288
889
159
196
686
374
336
412
556
761
976
56
820
22
444
961
922
778
261
508
135
421
146
298
449
313
934
61
806
859
74
446
100
585
642
787
311
330
199
868
92
527
276
264
901
720
578
175
851
839
683
986
612
829
284
414
494
570
475
652
782
901
98
882
487
92
21
798
775
572
18
219
99
295
483
353
15
61
528
866
253
564
204
217
745
841
631
240
411
458
244
193
712
695
428
199
787
449
997
914
22
16
133
473
663
969
178
678
382
59
897
987
623
453
205
720
294
188
960
706
999
557
251
711
252
679
262
391
481
259
306
503
627
791
328
642
760
507
673
495
566
570
482
541
23
39
261
670
580
574
376
579
131
979
642
383
11
256
126
492
515
432
347
495
224
675
489
336
534
162
831
452
84
314
993
460
705
607
130
285
181
858
216
664
837
210
399
200
466
525
692
334
310
391
181
534
67
670
870
953
833
54
406
917
720
751
377
425
358
507
711
891
717
279
907
555
490
306
755
956
184
800
290
494
191
471
380
610
494
602
564
327
656
322
596
376
73
974
802
432
833
865
323
551
144
583
458
634
889
565
943
425
717
585
919
909
57
651
871
903
254
435
230
262
109
826
991
183
152
145
615
338
10
290
241
506
873
699
493
115
616
436
540
334
21
812
595
430
815
818
333
69
606
915
684
715
742
675
898
246
820
865
584
830
156
825
688
381
876
181
848
845
969
741
531
991
905
126
773
720
296
459
142
902
726
826
618
820
501
516
67
321
382
3
503
890
829
191
623
57
725
472
902
694
565
433
37
470
911
163
190
208
622
684
110
700
510
80
521
363
597
588
36
331
591
539
221
772
83
196
830
808
668
84
854
233
518
892
55
781
55
598
989
29
282
452
729
145
532
250
508
481
190
545
812
782
436
385
906
871
582
736
679
602
821
534
188
691
778
243
472
833
841
814
214
124
618
943
269
502
546
129
984
736
674
796
870
463
534
777
334
116
865
366
718
686
252
906
729
30
502
202
215
343
368
429
819
986
724
440
488
270
570
824
7
596
621
229
59
507
6
746
623
872
112
693
910
364
600
640
394
454
194
609
797
562
390
969
900
114
409
388
737
331
565
96
928
186
325
339
693
684
85
668
556
197
361
818
561
313
810
307
767
356
268
917
918
658
886
170
125
647
911
862
979
476
958
907
14
635
598
59
319
684
727
227
881
440
398
795
754
208
454
873
565
723
790
835
733
28
6
210
676
917
424
7
745
734
266
759
370
864
818
689
548
545
269
782
337
667
929
91
227
383
317
792
458
459
980
544
488
338
754
516
607
531
875
352
265
141
111
635
5
281
677
906
826
298
40
163
965
969
607
192
704
276
337
515
735
669
411
575
7
165
443
614
48
318
966
314
459
429
301
817
710
978
75
888
276
115
403
593
436
362
138
492
638
827
359
374
496
770
949
503
288
745
117
336
63
435
650
875
864
952
692
926
282
119
814
911
234
217
856
22
580
994
514
570
821
874
944
317
644
246
172
932
991
641
621
406
76
271
281
292
575
325
570
858
444
384
121
30
954
977
52
886
972
919
456
145
145
753
815
789
999
987
74
342
629
47
748
57
318
382
350
246
707
920
104
504
657
577
534
963
554
587
201
878
858
657
24
3
762
191
144
113
178
570
455
159
617
556
217
936
938
919
182
997
839
638
501
848
215
36
163
121
975
364
0
833
22
376
836
784
567
980
250
97
903
705
257
520
261
474
456
551
393
990
549
584
980
50
785
547
438
948
669
765
313
21
598
335
397
786
471
316
119
721
413
22
779
22
542
392
496
351
944
889
693
845
826
674
247
611
573
686
559
242
451
872
615
402
559
364
188
383
32
659
456
446
681
235
468
576
980
317
927
276
558
972
121
384
998
368
347
572
406
907
166
858
131
782
260
691
498
800
74
531
460
882
329
493
470
149
69
450
466
348
726
25
673
199
761
671
567
109
595
974
16
762
184
147
896
796
190
394
596
616
277
408
499
606
902
969
756
323
771
222
24
497
599
697
696
713
368
615
822
964
941
190
78
125
689
974
921
232
720
870
848
998
278
347
956
532
668
712
856
439
287
232
288
238
929
336
951
649
952
125
965
245
315
43
371
357
369
292
589
442
514
789
792
793
137
748
677
157
813
885
949
100
117
237
690
46
926
642
48
230
767
13
475
435
57
846
144
778
491
733
220
5
522
364
150
11
113
828
521
926
713
470
378
831
59
68
229
985
62
277
215
182
291
691
617
700
889
761
830
380
846
51
738
720
415
240
732
880
68
605
158
782
75
888
965
486
309
546
824
371
824
39
553
467
82
522
519
972
635
349
704
481
752
794
202
520
35
286
752
455
243
911
589
318
151
554
156
460
453
980
832
277
20
737
96
454
612
967
778
247
668
835
81
421
981
635
293
16
273
45
472
516
956
61
186
460
968
342
920
421
323
104
50
695
194
498
501
806
817
280
405
485
467
486
258
448
473
551
817
746
597
289
262
905
702
800
365
22
143
638
795
818
742
197
865
936
47
366
742
864
998
148
350
465
986
608
914
460
512
731
206
461
372
821
718
426
621
84
801
116
74
596
934
816
146
151
753
193
518
847
58
516
347
760
334
334
720
248
146
232
331
704
45
55
877
764
833
851
200
634
967
274
583
254
90
81
405
195
274
923
395
684
792
742
444
126
428
517
726
574
749
409
631
795
816
508
911
649
359
111
636
327
385
571
933
827
652
338
23
926
614
418
611
758
512
407
884
941
924
962
867
26
371
498
173
187
7
84
188
718
195
824
45
932
395
330
759
47
21
134
326
987
904
289
745
417
696
981
710
973
295
577
999
666
428
172
205
787
608
745
505
155
570
903
439
317
233
550
717
606
685
43
593
941
332
690
710
380
671
420
353
966
350
704
984
130
228
541
917
188
287
774
343
209
677
782
526
263
333
243
221
370
638
815
663
322
505
374
703
529
794
408
847
496
113
184
626
693
725
895
882
12
670
225
573
699
360
100
314
45
695
536
767
334
703
430
656
560
804
711
89
951
120
289
447
585
473
426
630
198
321
512
563
343
90
136
43
802
588
709
199
284
245
966
970
300
748
978
861
905
690
302
208
162
591
7
99
64
433
729
263
107
594
178
450
36
314
493
838
255
203
37
891
800
355
861
101
455
191
314
360
881
616
568
395
208
576
846
272
361
928
887
468
522
65
919
910
732
764
748
339
319
137
230
120
844
91
573
299
634
887
12
516
855
932
263
63
860
462
688
222
390
927
690
264
993
961
174
77
726
274
416
45
411
646
517
607
89
90
258
723
329
270
591
185
203
207
600
63
669
288
637
59
216
328
675
561
641
849
990
367
123
406
765
886
404
634
845
845
725
103
920
406
374
864
943
929
71
544
344
92
184
982
503
752
310
178
665
951
379
655
671
854
413
788
740
169
422
937
14
499
40
935
906
766
799
201
695
222
97
40
314
282
22
817
386
684
995
52
987
374
59
10
228
473
798
320
642
221
257
9
72
649
296
330
416
95
532
463
669
629
855
983
263
877
800
650
913
147
54
253
873
113
263
453
938
414
773
933
987
382
942
59
383
238
390
799
685
274
615
354
903
470
689
519
700
841
521
965
988
575
218
861
40
834
314
979
248
439
264
587
173
206
646
556
796
388
708
833
662
675
187
918
145
228
437
197
69
958
163
57
885
381
270
925
567
936
256
815
727
520
754
252
78
401
160
226
141
868
59
156
895
246
74
41
826
863
590
895
173
753
304
58
487
926
335
54
214
592
222
941
464
976
193
895
729
706
121
871
926
181
379
822
779
453
215
606
668
805
853
841
559
158
899
398
436
234
452
651
178
26
592
995
3
138
890
84
844
363
955
770
896
686
944
28
139
159
986
807
965
839
0
876
349
899
626
786
486
78
437
664
457
381
11
460
871
253
896
67
617
204
190
865
890
134
893
30
294
879
189
611
71
190
839
772
441
465
558
927
895
347
944
352
729
955
164
600
209
61
668
178
265
210
43
155
344
937
537
990
168
79
953
591
621
792
364
62
609
922
342
857
270
286
209
351
593
726
303
802
139
323
332
756
533
376
911
878
665
801
220
833
232
174
425
853
318
789
267
928
63
609
785
685
247
346
36
841
424
692
995
563
15
680
319
549
56
583
779
721
736
999
906
968
173
683
173
844
824
440
772
888
50
909
573
649
255
962
842
32
654
190
595
21
870
267
570
278
202
349
999
938
701
257
258
226
941
431
70
765
871
842
5
273
103
931
275
711
893
117
743
899
659
690
920
529
957
843
807
159
544
158
449
245
768
59
824
709
490
894
826
714
89
832
339
192
763
614
255
8
84
998
259
743
689
179
625
646
374
784
158
919
943
959
516
711
19
340
772
509
587
598
575
676
782
915
220
545
529
476
905
965
826
164
709
515
696
334
514
422
118
24
341
413
983
210
476
354
550
248
216
489
199
791
517
981
706
738
879
588
566
784
553
392
301
614
260
349
948
774
771
419
150
113
832
485
675
309
840
225
909
56
67
108
199
584
442
258
322
321
198
240
457
103
985
758
718
245
107
18
371
879
437
521
344
622
358
19
283
198
596
544
606
663
5
158
248
447
416
922
768
614
163
225
69
500
336
787
745
443
806
468
674
595
341
370
569
699
389
204
250
338
749
856
1
754
14
601
201
782
524
321
748
39
546
818
539
234
605
636
678
763
104
704
711
445
75
632
144
464
837
394
154
938
603
156
692
969
757
245
752
633
918
500
672
816
670
211
51
276
847
81
391
303
785
454
748
860
87
245
677
276
991
831
214
594
339
258
564
97
503
668
730
421
168
755
237
191
318
640
819
166
721
210
469
507
17
570
719
104
815
396
380
806
580
946
401
919
204
317
368
59
985
451
832
505
206
421
696
524
62
515
42
783
78
864
290
95
434
10
551
601
758
283
407
338
229
160
610
785
829
978
844
166
429
676
24
987
449
720
512
511
588
906
295
18
122
937
465
556
947
368
509
58
651
269
396
232
781
358
17
611
337
213
129
118
889
153
106
338
226
970
202
814
876
497
184
999
434
649
907
734
17
417
792
20
38
540
252
819
899
269
782
588
482
912
706
723
65
812
413
291
782
615
457
11
464
641
362
251
642
621
985
659
390
129
679
428
21
283
248
272
904
30
860
738
942
919
813
8
83
227
651
218
194
109
229
659
750
943
910
393
564
247
404
955
728
436
383
749
719
983
374
976
366
586
714
308
857
528
668
941
107
320
159
301
781
388
312
531
331
574
276
247
821
33
202
901
469
938
3
540
921
377
516
287
315
231
948
173
111
968
114
218
640
273
871
421
13
184
305
696
758
581
943
932
614
146
833
435
436
836
976
709
565
844
349
881
427
297
54
538
265
168
108
906
793
980
679
806
516
984
502
626
566
445
558
532
943
744
968
731
580
296
441
498
140
790
379
568
439
785
458
56
305
567
962
98
547
994
256
415
978
758
41
896
555
600
429
851
696
749
934
276
397
375
126
889
517
505
457
956
642
268
13
947
835
327
397
734
321
653
149
300
763
190
548
671
142
977
874
838
78
808
467
827
184
593
717
53
451
174
10
93
442
375
393
629
54
790
363
376
444
864
28
559
55
576
230
549
906
104
388
336
913
207
164
449
800
881
854
603
55
216
697
850
591
442
831
998
232
195
374
28
59
754
588
466
330
170
16
588
627
756
925
540
963
89
341
115
970
547
719
377
764
768
579
707
210
411
705
794
606
431
823
17
185
763
836
868
933
204
456
560
312
733
452
627
822
145
742
144
693
813
522
809
933
453
516
495
864
574
290
822
5
465
192
191
228
28
411
513
584
219
426
896
953
230
523
127
728
265
272
421
431
146
582
364
599
98
860
816
672
502
638
30
967
182
221
195
210
984
60
794
203
486
42
156
717
565
284
797
183
908
218
614
406
152
330
5
250
542
173
275
44
164
305
11
346
878
558
909
862
619
55
417
105
98
574
174
663
210
323
198
470
541
812
876
45
495
233
648
37
407
923
82
571
580
445
269
810
4
178
672
623
234
89
80
332
15
607
347
577
930
546
47
824
710
923
869
205
157
517
595
916
792
29
839
372
474
108
182
478
287
206
101
873
648
534
205
15
141
904
593
423
802
640
247
513
916
117
70
425
986
17
341
779
46
532
503
521
640
38
999
279
596
453
152
244
987
709
612
480
614
205
903
416
197
151
281
465
620
704
890
606
721
583
737
768
115
241
289
756
631
640
387
227
93
540
824
432
249
436
912
215
993
816
632
190
319
265
8
939
969
898
897
691
834
987
459
949
580
100
57
211
740
445
790
186
985
614
618
586
50
531
802
395
699
786
938
18
51
946
309
21
844
558
712
678
545
171
980
125
271
389
688
363
834
479
549
171
93
168
758
496
51
912
891
102
698
829
472
749
127
781
770
972
691
834
2
237
357
334
714
628
724
403
344
558
882
893
82
327
413
192
175
816
104
67
918
802
248
390
903
376
523
674
700
215
860
54
804
218
389
518
198
465
921
542
23
155
788
457
835
201
649
10
370
105
429
288
907
678
31
163
406
554
837
106
121
49
512
925
267
901
444
466
366
717
8
742
225
796
551
60
350
201
70
720
306
500
360
566
530
391
729
936
298
918
394
419
967
906
697
235
160
141
53
878
210
413
972
435
562
524
495
912
77
918
984
735
770
344
653
300
88
382
588
386
652
982
157
972
240
854
559
400
347
612
631
558
25
603
345
587
479
193
851
556
111
835
292
881
532
945
533
620
680
121
358
684
103
515
656
343
722
215
96
69
827
727
979
205
330
325
792
810
870
996
718
981
831
362
214
363
660
99
335
340
220
693
24
675
561
33
370
635
248
818
56
428
545
36
633
228
713
777
390
935
773
108
268
605
823
834
320
483
933
8
175
505
701
551
180
614
584
902
249
833
721
306
261
618
694
246
846
759
23
588
694
797
49
962
754
872
148
426
707
81
434
882
586
136
785
118
102
370
372
704
555
93
362
168
64
408
414
262
167
437
851
213
586
900
527
340
124
675
119
183
108
553
65
694
41
850
164
144
572
536
848
127
982
562
295
46
970
61
308
137
851
159
702
437
411
581
130
887
608
249
70
716
802
487
762
196
690
926
340
262
462
540
742
796
102
389
842
72
451
151
561
302
662
615
91
426
196
221
665
156
822
736
872
977
575
634
173
617
560
513
880
374
405
974
171
859
363
365
283
814
516
844
468
531
811
560
309
359
133
974
515
956
62
739
285
638
373
458
255
285
323
487
11
728
813
534
939
177
900
222
343
768
418
164
299
229
724
960
940
209
935
455
517
997
546
802
987
919
612
595
556
935
434
567
15
248
102
954
777
354
528
120
122
946
284
774
527
360
734
467
922
669
274
439
19
820
594
358
91
206
305
647
494
740
215
509
988
669
816
117
23
344
237
145
643
874
271
170
586
6
638
508
27
264
300
398
85
894
757
176
452
62
176
298
154
743
808
494
412
976
611
787
672
849
284
315
75
556
486
661
562
476
522
941
92
822
340
177
68
97
706
872
511
234
171
666
977
331
160
389
307
772
528
331
973
812
647
48
368
485
61
282
313
583
224
405
757
916
935
825
13
641
50
876
227
221
542
204
904
55
945
563
827
473
894
152
285
893
200
654
378
261
288
691
197
512
97
954
428
384
132
793
25
182
22
252
755
564
808
659
971
753
222
798
226
116
950
511
10
502
517
740
116
806
432
313
670
881
267
451
265
751
596
642
933
618
246
688
535
54
347
506
807
569
657
385
38
607
248
48
462
766
140
578
924
572
243
946
805
510
397
422
262
346
416
547
964
662
236
851
68
935
358
227
857
15
612
895
974
861
295
436
979
435
366
255
360
609
201
517
472
951
940
86
297
356
633
613
371
221
465
791
509
175
19
366
190
983
613
516
196
260
305
527
47
671
782
407
281
984
277
105
935
217
191
232
925
176
197
648
750
662
440
259
837
811
977
379
146
942
896
343
202
201
870
249
224
653
9
505
989
286
962
924
855
505
508
132
682
705
781
432
720
573
43
909
736
372
641
882
314
537
577
868
90
800
469
314
805
830
172
794
116
134
718
323
640
578
456
674
635
589
458
355
514
501
617
250
873
258
484
539
147
62
759
237
214
228
551
19
59
723
813
527
210
883
203
850
461
11
876
96
952
334
804
466
835
773
68
60
31
904
951
178
318
710
415
532
290
318
551
701
42
716
581
604
599
784
806
412
795
682
509
99
16
665
917
203
438
985
263
821
241
566
999
560
276
766
444
918
84
996
620
478
64
201
82
664
985
240
76
132
922
937
583
938
954
500
493
392
837
756
213
78
674
564
990
950
330
435
221
767
783
841
597
847
42
680
863
379
272
940
511
195
229
94
485
184
946
979
928
783
87
494
861
762
410
204
64
93
639
285
860
774
126
457
621
520
489
485
899
762
777
762
309
358
208
794
894
154
125
823
937
213
669
151
327
79
355
743
172
346
29
384
120
507
194
93
28
683
578
279
797
707
42
106
66
250
253
312
757
730
135
46
295
156
197
622
588
904
366
112
250
747
497
722
606
43
816
634
726
746
266
876
454
308
334
872
910
939
184
19
670
672
66
965
828
263
588
768
520
306
881
770
405
730
845
11
773
661
998
851
407
264
727
861
924
414
85
834
353
270
854
23
942
920
341
122
535
929
891
55
587
124
178
992
854
23
3
627
684
1
830
91
617
558
305
541
324
390
728
677
12
934
53
306
206
394
429
741
675
672
149
262
796
327
606
2
702
609
981
386
963
811
829
580
721
486
122
45
229
202
723
241
136
776
548
342
170
329
83
197
1
232
459
149
911
417
151
613
378
132
351
341
943
181
274
665
19
748
710
248
950
785
842
86
913
742
428
435
71
863
632
424
448
443
925
359
860
76
973
239
560
676
932
855
209
206
872
229
954
935
829
904
720
671
990
634
765
770
69
836
634
54
612
82
497
537
441
358
965
766
949
525
795
881
381
4
88
253
233
42
188
415
299
261
438
641
247
204
412
316
40
398
722
653
480
220
542
273
930
508
392
879
33
187
760
766
543
848
372
129
243
912
544
542
173
982
535
420
186
299
89
579
697
811
584
529
383
126
155
313
634
547
192
20
86
953
786
981
153
510
110
396
423
654
290
948
637
826
721
823
477
162
402
175
973
986
704
709
465
211
22
99
110
215
471
196
520
610
530
673
120
640
422
543
295
712
844
932
890
565
107
368
727
862
895
52
200
599
761
665
163
784
117
273
351
588
822
871
198
352
896
671
992
318
214
287
383
410
571
273
975
31
993
702
893
888
107
445
840
868
463
3
4
580
276
707
520
98
578
71
450
827
742
443
145
308
82
880
719
654
506
46
685
499
101
930
740
208
375
580
428
838
583
433
770
211
140
643
662
71
66
112
250
160
907
747
820
990
628
891
996
134
938
33
633
39
963
373
599
690
305
27
881
240
812
3
452
305
998
114
376
64
578
626
224
486
373
45
828
353
288
176
487
226
209
473
617
524
846
216
566
504
596
799
744
408
803
196
713
801
662
441
218
593
419
442
431
145
839
259
498
480
787
338
706
996
811
676
872
9
244
438
513
840
238
258
601
393
806
666
546
821
460
764
414
879
559
845
376
750
456
227
230
243
565
289
591
728
965
815
737
209
253
603
402
843
861
3
588
19
669
135
192
481
899
606
361
810
803
89
561
611
668
791
854
233
80
797
313
397
612
51
607
218
6
9
413
867
364
2
238
385
137
431
867
388
389
580
199
545
669
760
156
338
903
363
923
336
160
589
733
125
992
692
343
998
701
756
217
417
110
455
803
247
238
670
636
980
250
187
525
271
947
681
961
202
44
885
538
205
826
272
682
818
316
25
816
18
133
33
435
596
840
590
843
79
260
831
59
862
370
936
134
317
617
95
872
662
332
410
219
158
34
901
976
351
278
144
721
763
177
508
359
18
99
555
449
711
738
860
574
109
796
708
778
413
155
650
427
488
413
646
998
447
899
327
150
529
471
223
645
1
732
4
19
183
911
820
894
2
680
820
111
828
880
241
593
36
892
21
876
657
19
226
104
919
553
607
800
377
830
445
378
562
450
749
97
713
569
992
715
601
164
178
429
45
772
22
81
16
395
309
673
415
535
129
686
89
736
486
818
567
932
196
481
734
945
579
447
866
923
515
819
87
45
600
484
817
974
565
185
370
874
858
137
762
988
823
203
724
309
21
643
241
217
477
327
514
408
127
732
683
642
551
770
39
151
255
209
477
172
394
847
399
253
984
161
593
807
364
669
469
737
313
62
306
142
390
820
550
517
904
233
511
455
355
550
958
962
111
787
135
506
635
886
111
971
399
56
131
115
725
600
852
390
14
158
532
404
330
434
921
234
667
432
41
375
335
351
337
446
138
824
304
125
710
767
97
109
823
580
224
901
532
428
291
546
586
176
951
268
610
224
502
630
657
895
5
992
246
342
790
737
167
95
862
229
214
311
691
38
243
267
939
775
696
582
674
282
758
625
551
369
849
405
999
858
301
356
202
899
698
993
988
217
440
851
799
654
514
490
44
758
757
335
885
805
918
559
88
676
536
991
397
738
748
748
948
49
456
151
301
507
496
289
76
936
492
875
942
359
717
339
469
827
674
354
632
944
266
72
973
154
63
370
892
812
471
841
213
927
992
866
434
840
508
511
776
0
738
70
711
456
409
180
635
436
887
267
380
153
340
353
307
755
76
552
567
899
393
133
178
737
999
965
577
507
476
705
860
566
127
923
22
889
104
9
325
991
277
57
496
617
763
803
724
191
707
292
90
100
777
620
189
776
585
118
636
61
175
848
980
303
771
354
192
227
364
869
218
641
278
714
610
41
870
334
232
929
978
674
30
755
295
571
884
880
690
872
294
865
720
274
520
843
628
64
71
344
933
641
337
212
708
947
605
930
634
838
859
612
864
889
720
159
813
604
392
855
476
686
72
548
312
593
391
292
657
814
637
943
456
974
155
164
274
760
94
260
950
953
872
815
195
944
326
360
548
718
215
376
756
287
276
420
232
20
65
890
834
54
833
290
28
340
806
654
452
252
914
403
206
139
570
753
83
248
113
984
319
328
712
75
967
989
848
200
9
913
442
843
967
627
486
347
967
644
354
419
897
268
174
455
759
96
208
843
345
673
179
664
353
891
91
320
880
939
872
889
204
314
85
171
293
923
519
260
567
873
32
816
493
558
271
253
655
831
448
352
504
627
368
857
518
459
530
751
751
754
992
955
69
429
127
714
352
998
975
272
223
359
440
716
269
712
321
276
895
769
628
400
748
996
609
619
808
491
370
911
246
362
866
667
144
345
381
848
695
708
120
918
67
913
987
689
625
660
965
872
430
594
624
530
942
234
149
102
77
519
13
323
234
232
990
730
577
724
578
273
432
699
543
852
612
882
541
589
543
506
813
973
452
438
855
747
24
5
201
101
876
215
777
462
799
767
192
376
491
771
1
276
822
897
128
786
779
669
727
322
527
540
647
332
978
855
79
354
860
632
456
88
847
233
551
998
352
743
727
196
866
80
472
688
977
952
474
109
973
553
783
500
94
783
184
424
638
615
779
498
248
587
586
447
172
489
446
524
233
173
72
451
253
544
140
583
848
966
692
821
520
475
674
966
610
858
390
248
474
521
98
722
108
685
169
280
526
967
157
759
140
229
563
746
126
55
329
974
21
373
148
893
200
822
211
811
680
602
59
506
475
158
580
584
195
102
216
721
69
373
833
562
955
748
308
81
803
989
407
176
362
555
70
914
377
633
77
410
235
137
268
711
647
849
647
194
951
863
267
372
237
452
934
192
200
594
625
3
583
32
180
297
940
602
564
669
235
641
431
823
130
700
886
129
549
533
323
852
748
943
224
337
747
511
529
948
105
506
303
41
891
483
690
831
437
254
852
673
896
284
848
378
984
734
508
885
619
183
89
367
126
665
705
874
176
586
174
282
445
477
675
336
313
365
519
750
972
371
775
868
655
975
598
991
709
106
228
680
290
317
400
416
983
457
642
159
395
816
793
840
646
820
528
959
186
47
61
158
771
837
378
426
812
976
770
874
435
998
906
725
316
306
493
651
115
488
162
511
304
308
703
302
128
232
261
666
631
323
176
402
512
906
181
676
235
303
902
670
301
809
395
969
467
240
972
583
728
135
446
33
443
149
335
571
733
949
590
365
624
766
119
488
673
652
516
908
955
419
578
609
580
325
578
399
565
551
334
294
38
780
327
481
282
14
404
15
315
994
732
291
761
204
779
786
856
296
694
812
67
272
773
999
597
351
398
162
254
733
456
292
865
135
125
147
502
882
515
169
228
247
461
341
803
240
127
660
888
821
824
955
93
597
954
42
300
705
557
907
790
365
551
655
501
677
155
355
911
22
524
139
621
985
481
425
578
608
85
466
430
261
774
875
210
80
270
510
785
827
417
575
544
969
583
45
998
90
752
909
112
277
400
85
614
881
510
192
842
947
11
624
208
785
851
418
865
121
281
651
300
50
578
845
19
513
242
369
603
995
630
67
624
31
153
238
264
15
783
458
963
794
82
523
579
934
294
444
407
575
447
708
625
26
905
997
539
499
366
495
494
997
914
470
380
67
709
996
435
844
455
398
638
537
921
217
471
215
13
231
142
461
291
768
839
196
765
730
695
483
577
542
832
492
364
212
911
425
209
346
269
16
744
907
553
18
476
377
585
490
608
80
303
899
848
494
447
965
224
494
800
802
388
633
646
753
197
557
178
758
904
448
774
0
707
680
370
184
57
956
26
17
36
681
268
236
175
715
553
751
561
353
553
950
338
551
55
536
109
233
294
365
33
421
365
93
101
736
277
510
44
655
527
432
336
795
20
511
862
573
614
423
926
520
725
617
71
780
153
180
366
799
545
751
572
263
844
673
351
473
183
395
128
62
179
816
857
199
327
719
772
294
495
50
814
220
667
885
353
172
66
719
972
963
470
544
226
667
570
929
140
105
324
269
168
503
85
25
702
765
97
826
59
944
877
873
516
896
110
869
69
176
940
393
492
763
937
70
430
859
0
570
965
676
191
133
180
629
510
234
746
959
61
157
903
290
30
420
186
492
289
607
21
230
0
513
993
938
935
775
149
935
345
114
612
537
247
144
518
110
730
264
69
791
421
973
433
803
745
972
295
34
579
316
616
580
829
961
870
117
736
19
52
434
134
16
323
733
512
841
843
243
105
265
386
526
590
820
681
335
144
976
721
723
293
338
655
474
651
525
591
740
545
996
174
31
364
497
764
877
338
960
120
795
577
858
321
167
30
2
502
174
330
223
250
623
913
905
450
565
431
393
305
328
389
479
359
754
328
475
631
666
787
103
461
364
961
134
531
344
488
33
518
818
609
768
794
522
674
596
439
457
989
744
785
379
575
144
485
903
619
468
921
759
571
734
123
884
220
655
228
708
40
99
879
649
219
25
172
893
621
611
350
962
708
135
341
635
631
178
891
603
646
164
362
569
899
485
454
119
492
34
180
533
133
59
534
353
436
58
598
57
22
301
371
730
788
65
717
420
243
608
23
890
773
737
459
24
574
265
495
67
652
675
952
137
86
486
842
522
545
441
931
567
94
303
649
882
368
366
302
963
327
677
853
452
766
665
828
341
282
323
408
934
999
712
424
85
198
266
960
95
59
891
662
153
546
663
36
266
30
690
230
709
368
435
513
486
100
341
827
735
664
587
21
15
299
445
453
498
712
413
593
771
656
608
277
555
271
313
821
653
3
51
714
723
487
227
210
939
568
389
26
585
977
48
600
276
845
53
126
557
818
72
681
475
680
310
30
303
623
851
957
978
255
23
54
94
251
616
385
171
5
412
108
982
812
709
259
657
114
737
567
933
809
600
760
489
910
142
145
533
345
454
863
600
477
917
46
80
885
432
252
891
844
712
225
656
773
836
313
888
574
880
173
383
832
285
873
742
427
18
627
772
472
491
725
301
760
771
382
646
203
986
889
399
698
114
55
472
951
721
712
525
953
885
908
786
170
133
528
949
503
508
721
975
999
798
277
111
570
11
757
125
997
998
525
695
113
932
167
416
653
879
941
959
116
201
745
638
335
625
587
838
133
661
166
484
459
795
596
381
806
705
507
803
704
32
850
169
964
18
585
970
249
526
929
366
79
26
4
414
3
944
605
137
957
771
973
416
918
569
798
724
627
657
879
331
689
729
500
5
99
437
975
349
315
256
67
394
282
423
161
286
367
766
775
324
889
748
93
807
670
243
883
297
252
114
628
941
843
480
298
295
269
626
996
584
882
63
978
517
838
491
803
558
257
930
882
146
30
327
305
700
922
188
997
174
302
977
467
498
809
766
145
78
744
141
14
626
556
345
495
394
836
650
952
94
580
187
592
611
866
898
311
789
86
661
315
741
638
783
591
448
901
736
878
645
877
893
623
785
238
471
179
74
121
484
520
702
671
113
665
537
11
328
678
449
989
994
190
980
129
781
780
30
869
658
27
98
903
2
883
141
473
63
568
947
547
88
1
570
553
666
459
564
346
138
14
336
132
556
668
261
690
448
643
911
458
22
10
362
24
893
855
850
308
775
797
207
864
798
777
417
816
237
334
162
727
700
850
859
608
518
472
298
966
467
562
425
489
572
139
865
465
346
67
126
122
216
333
338
14
463
107
182
52
441
345
779
493
195
990
102
714
814
752
32
281
314
809
122
886
300
987
704
647
407
182
769
623
515
107
990
330
566
172
382
8
869
513
853
65
503
955
131
317
708
515
950
374
325
72
613
625
412
317
624
819
851
393
794
718
852
784
49
419
309
783
779
178
297
632
595
152
940
726
470
0
242
420
374
919
845
987
896
257
656
521
428
507
266
222
226
471
359
627
242
668
410
21
198
59
5
794
212
297
872
34
297
466
806
672
385
651
11
634
260
20
155
688
527
773
263
105
244
622
84
486
642
495
859
192
906
217
986
118
514
211
504
812
677
311
484
415
962
847
49
223
867
556
263
747
329
526
852
926
500
289
412
494
136
272
687
42
841
673
513
355
236
17
167
914
328
3
681
643
851
82
866
718
990
481
817
319
8
22
597
860
311
10
355
447
634
42
489
475
67
2
830
304
20
350
218
700
353
251
343
556
333
561
627
323
43
444
994
403
466
592
263
777
954
618
224
940
660
714
415
728
68
597
32
440
947
602
141
653
853
836
209
538
398
836
861
441
281
207
196
747
799
459
877
105
78
101
45
738
167
812
818
588
410
850
28
709
804
521
362
657
358
924
195
756
760
408
549
393
616
745
493
767
556
370
873
634
471
918
725
991
731
543
579
493
746
607
202
550
481
917
560
839
193
107
947
305
516
848
699
484
945
192
251
501
914
476
136
737
747
861
728
830
404
307
323
150
267
877
53
100
146
613
939
339
720
238
645
588
86
696
424
31
240
676
884
154
504
20
891
251
233
620
81
990
279
756
492
898
634
545
998
132
510
289
472
231
527
469
171
965
165
596
348
405
624
233
911
128
253
802
732
839
774
165
829
54
922
321
952
908
219
303
40
729
592
864
960
472
333
484
437
850
80
786
607
704
19
518
184
624
673
916
463
447
82
644
501
356
966
806
264
537
109
304
266
53
169
579
525
854
63
315
57
143
101
664
199
120
535
383
96
208
652
560
655
86
556
157
442
522
315
706
411
776
362
678
829
883
257
707
90
672
22
147
167
475
811
366
947
346
101
43
554
105
955
210
191
512
719
985
386
386
691
798
162
406
828
343
641
85
50
731
109
424
878
276
899
690
994
198
388
447
242
295
553
549
857
744
61
576
730
800
314
773
598
476
531
426
819
173
863
222
904
324
998
783
600
250
825
594
448
213
41
42
508
946
592
717
43
653
293
773
805
607
898
755
435
430
533
607
955
748
181
211
72
179
994
672
429
171
618
230
737
12
272
597
958
864
315
1
870
960
126
675
920
377
431
355
159
316
962
114
65
143
325
137
675
672
810
456
843
780
686
932
792
959
530
103
175
845
456
45
805
583
73
77
960
504
433
471
172
747
585
237
243
262
375
918
934
537
374
130
317
413
62
462
724
592
565
899
789
21
945
947
956
18
24
268
874
457
739
46
557
676
636
800
939
11
70
873
548
796
3
217
209
418
679
933
10
596
833
152
970
130
99
278
500
123
547
726
933
638
772
490
315
408
642
606
771
712
479
671
860
835
241
70
605
920
355
615
869
540
119
191
22
218
469
522
694
368
248
627
359
373
469
674
133
111
280
905
175
111
928
35
298
169
457
903
442
165
871
311
705
990
854
728
561
323
602
255
44
851
882
403
576
703
429
709
814
61
614
341
524
895
728
823
64
186
78
506
351
949
169
408
292
23
488
853
699
91
108
743
294
342
498
870
397
927
579
211
340
546
904
864
441
632
39
505
818
118
364
521
419
533
930
711
557
418
916
256
861
376
351
155
718
849
377
115
128
957
678
820
855
934
684
648
567
76
505
737
546
869
611
317
403
541
29
312
311
297
920
525
674
271
680
392
472
410
860
952
367
890
772
574
825
808
222
744
884
727
481
782
597
444
100
352
985
481
16
649
778
936
174
452
559
206
197
31
616
409
983
335
651
755
261
476
915
483
572
800
563
406
934
512
850
34
864
188
867
880
837
646
168
363
450
727
921
999
758
890
408
93
225
60
200
839
888
115
322
461
267
885
867
554
397
69
588
613
257
808
845
94
806
13
809
256
92
731
608
202
621
16
295
198
428
847
37
669
963
712
482
582
949
701
136
699
770
77
312
28
885
510
474
691
875
284
299
968
367
907
170
988
276
818
538
56
665
928
725
980
640
207
915
589
908
51
288
31
480
953
59
365
463
533
408
690
169
60
658
536
319
181
876
595
351
767
4
368
695
729
701
335
289
616
276
549
19
917
580
500
870
991
217
685
877
978
375
46
38
386
935
357
567
811
305
270
578
309
638
625
390
339
960
679
955
589
229
327
506
161
827
728
153
396
413
30
374
140
428
412
526
715
122
445
527
427
715
457
88
354
83
478
45
395
158
353
336
739
680
842
252
859
570
757
255
335
139
630
476
568
394
2
283
868
448
162
295
515
972
735
221
407
214
267
154
724
972
491
463
4
685
67
863
608
825
118
943
964
100
419
532
847
774
168
715
574
330
363
89
654
98
663
61
664
930
568
388
254
59
203
258
96
271
121
704
96
591
648
60
44
419
593
243
193
113
958
767
795
673
209
450
124
872
863
788
154
431
177
760
842
380
18
939
651
491
643
99
434
643
160
478
63
105
721
608
218
32
728
365
57
937
815
181
161
31
970
667
462
499
427
305
879
445
244
883
288
239
982
722
883
494
201
298
599
274
906
169
658
634
535
716
923
702
897
436
733
219
103
196
718
882
853
950
327
449
185
615
688
519
690
923
14
891
221
965
517
128
135
528
114
670
244
390
372
493
178
106
713
282
654
431
516
507
733
196
308
918
163
996
438
853
920
804
96
493
769
614
621
904
142
88
926
738
830
299
231
8
757
296
642
763
80
159
622
813
355
930
84
518
926
874
372
198
678
468
692
447
434
665
704
928
105
630
18
935
281
250
944
390
898
586
153
978
97
775
144
452
705
580
323
984
454
47
182
132
515
226
931
302
892
987
230
349
618
601
285
251
203
581
642
101
519
795
432
617
571
576
421
276
156
744
260
962
791
795
94
659
21
377
961
265
365
543
615
335
144
252
586
347
833
228
801
352
376
233
321
947
161
743
575
669
487
836
631
631
983
725
290
356
454
603
974
171
498
941
506
643
193
445
342
378
673
143
82
49
728
404
348
889
147
924
558
986
112
189
969
95
266
259
803
721
214
777
244
713
718
751
708
263
196
50
641
221
546
724
623
274
128
323
516
627
247
74
965
711
616
935
158
882
194
962
955
761
739
200
474
810
303
182
73
499
584
67
72
482
791
695
109
271
19
625
250
618
51
215
330
667
150
488
902
697
802
857
458
894
409
284
704
712
818
129
563
754
196
636
237
987
683
698
610
54
323
860
25
726
428
707
394
578
547
296
627
350
505
437
244
267
721
300
979
891
429
895
646
626
883
235
965
566
933
928
973
608
788
350
334
568
57
728
499
604
376
126
306
234
916
902
501
989
202
832
881
632
727
527
258
610
762
575
529
695
503
854
655
644
204
989
212
261
70
711
217
798
190
876
32
106
778
533
95
981
366
328
613
445
855
223
56
969
798
585
16
654
439
671
298
995
661
510
608
731
574
177
529
116
53
914
222
832
799
669
813
517
998
778
963
205
353
19
175
503
956
191
157
747
215
455
742
876
318
350
959
892
879
840
8
933
106
582
765
906
603
930
423
601
708
386
807
413
757
334
916
65
877
74
812
92
529
906
320
847
608
631
91
488
824
451
421
930
33
538
188
637
468
612
590
528
350
749
941
460
435
857
525
313
283
690
757
813
948
430
12
557
61
456
397
237
907
170
520
293
708
708
282
528
320
224
408
23
974
701
483
761
910
360
74
194
402
832
359
351
614
371
260
675
179
657
265
439
179
785
84
887
493
718
767
166
942
175
189
268
228
24
30
138
736
456
332
139
640
691
842
254
415
102
282
594
111
547
33
290
332
469
177
177
187
296
343
482
823
532
750
51
908
132
189
645
589
522
136
581
565
978
836
980
80
118
575
191
665
960
833
349
782
362
526
969
658
870
451
481
754
554
884
15
38
73
660
979
947
148
561
513
126
397
493
558
515
420
101
532
733
934
233
515
296
759
836
954
981
640
787
88
194
671
103
584
96
115
564
44
263
125
909
389
874
754
947
741
527
48
625
612
334
858
127
630
617
315
936
951
955
723
39
501
746
142
86
194
257
2
590
872
479
499
261
353
606
560
446
133
960
71
745
294
281
224
276
250
539
212
201
847
287
240
348
385
734
786
579
343
788
170
215
267
21
828
972
627
740
418
112
52
841
209
698
122
433
974
373
325
538
926
172
825
519
872
210
253
659
142
949
799
312
164
419
333
345
391
313
437
162
425
490
355
987
188
478
420
163
203
97
701
129
621
879
648
494
441
254
505
583
203
656
895
719
75
581
416
819
246
854
981
23
344
336
10
884
166
783
399
721
880
453
851
502
332
851
348
125
457
205
709
660
861
956
732
289
889
500
108
487
354
89
511
50
777
873
287
944
656
686
665
537
139
868
391
823
72
91
301
529
296
10
542
509
318
274
798
208
774
906
695
481
347
558
883
125
432
170
421
88
857
438
977
348
659
720
524
731
811
825
612
459
187
154
969
505
780
119
713
907
378
761
740
725
319
623
202
751
794
623
840
3
414
169
351
73
890
227
156
701
404
768
513
591
923
482
97
55
953
810
962
331
923
702
409
243
678
611
994
472
587
186
475
1
356
178
74
598
758
582
299
162
350
164
754
625
998
851
681
952
13
995
283
937
50
692
532
728
656
526
200
243
65
27
244
773
557
670
371
667
252
22
830
954
187
936
580
185
787
613
137
152
960
773
441
10
817
973
738
473
852
290
68
917
669
312
690
579
982
413
246
586
435
76
541
974
12
473
160
151
438
649
656
398
774
449
409
592
423
499
417
627
142
486
544
163
150
586
742
485
351
341
71
786
417
964
761
782
789
273
285
227
922
293
978
697
743
387
641
166
238
410
793
732
896
689
896
47
627
990
532
978
331
955
764
101
272
877
883
61
502
520
641
425
814
619
474
557
358
115
723
948
525
868
681
774
909
577
173
536
567
57
514
251
364
630
352
636
860
235
50
362
107
43
139
921
662
613
478
372
80
553
320
958
773
1
732
682
930
905
218
498
314
84
749
678
715
453
315
927
688
717
289
795
760
429
69
774
394
547
146
475
453
466
433
226
468
517
909
398
774
479
248
88
564
349
766
631
802
433
910
842
502
199
990
262
980
59
388
727
958
534
202
411
1
987
638
821
856
899
219
630
378
820
70
294
521
836
277
324
622
187
518
476
739
508
739
71
567
127
798
526
14
352
289
15
691
927
188
547
178
759
529
909
579
599
555
101
788
833
777
410
372
295
886
463
804
977
535
723
457
685
601
823
38
891
190
81
170
378
629
349
137
510
258
69
110
813
522
898
998
299
660
723
946
898
186
102
876
73
826
685
759
779
508
149
670
50
230
193
428
211
542
917
722
152
986
832
317
860
82
316
511
742
39
458
640
577
912
868
651
738
905
410
870
765
911
892
815
493
85
243
705
627
513
779
131
499
963
449
712
45
117
223
787
508
33
779
85
946
648
88
36
553
498
906
319
761
799
486
255
884
82
960
864
595
91
347
446
54
796
158
451
913
382
590
773
767
369
859
713
17
947
750
923
798
8
594
559
159
80
166
44
162
478
260
757
569
607
204
975
756
714
426
21
448
16
795
216
386
6
281
755
953
31
30
103
392
624
15
551
57
181
947
571
660
207
681
581
167
237
557
923
951
335
944
400
704
739
968
442
745
249
197
51
633
580
506
25
556
521
928
613
55
876
185
67
435
866
0
602
455
909
877
406
245
822
158
301
913
126
743
11
376
292
62
361
872
920
738
429
794
666
394
849
542
579
268
330
797
268
932
252
178
810
11
775
984
169
76
897
648
171
260
376
463
674
737
336
595
475
117
389
141
511
238
36
443
858
366
592
126
650
197
656
812
208
783
796
729
211
46
377
382
658
753
846
333
490
534
928
965
651
317
459
514
907
847
957
765
213
550
243
215
747
252
28
307
35
176
36
247
574
414
981
233
167
827
566
10
713
494
327
716
163
786
231
70
985
540
187
550
90
430
766
189
682
146
496
70
322
533
669
249
299
650
482
466
830
400
828
543
894
156
260
409
294
843
479
280
383
666
830
826
448
948
367
483
94
216
553
769
749
222
18
400
872
852
218
702
252
47
598
498
203
858
907
497
53
738
777
788
404
960
614
204
908
334
687
3
550
240
772
651
814
142
51
687
994
269
741
246
316
339
96
871
549
3
369
602
741
498
743
497
458
709
701
367
43
389
722
593
981
494
244
796
988
647
835
982
917
576
580
585
268
676
457
817
679
826
772
772
676
515
269
135
224
970
854
620
711
576
213
45
422
810
193
410
457
28
392
374
956
972
312
224
0
769
394
679
947
166
451
623
33
720
758
609
42
964
229
106
540
795
503
962
605
696
372
414
76
116
789
32
440
453
609
440
222
355
119
521
873
922
144
906
994
255
867
389
219
97
495
112
244
998
74
849
46
799
263
122
915
404
506
356
857
467
796
431
822
268
952
695
190
449
953
185
704
821
926
275
270
421
387
514
771
814
715
169
613
978
291
528
735
149
884
944
617
33
376
791
301
680
839
491
129
792
28
185
965
954
461
235
727
200
101
850
14
816
19
627
147
662
156
882
164
392
826
133
425
202
924
78
235
763
922
364
908
302
550
225
609
363
813
336
915
914
539
930
731
910
909
878
925
417
112
89
810
938
222
587
493
498
18
728
614
940
92
874
242
994
99
851
709
912
540
625
827
431
555
910
341
464
140
618
882
252
707
44
190
281
983
35
780
1
763
394
941
208
268
184
202
719
387
912
632
279
889
811
710
444
721
404
260
861
22
494
465
730
538
7
363
522
43
143
523
806
889
817
366
509
353
921
229
740
185
861
372
74
24
82
518
745
838
130
958
861
625
775
943
163
782
306
37
825
802
561
984
691
730
350
201
83
271
782
823
456
643
195
882
667
630
400
764
468
531
74
681
508
849
624
671
631
283
61
809
85
974
793
128
704
495
681
787
119
463
962
575
458
510
810
477
140
210
593
960
93
667
642
953
868
618
625
500
901
686
661
338
12
454
467
716
949
148
503
68
964
465
996
422
975
806
900
467
368
845
428
814
513
422
767
381
40
744
233
294
782
246
632
794
700
451
510
2
952
365
422
916
831
770
690
158
928
942
626
649
788
406
815
653
180
934
34
572
679
620
866
813
218
851
960
919
654
822
273
606
188
47
874
371
170
565
529
450
859
507
99
647
265
266
300
445
201
687
18
232
659
236
45
877
439
357
148
446
180
773
404
368
821
279
739
343
196
268
793
407
128
245
55
393
511
707
839
64
394
209
296
405
797
694
635
589
51
783
35
231
557
439
951
730
70
690
425
618
311
218
26
439
815
81
184
679
140
375
743
887
584
392
292
734
438
927
323
841
63
710
425
972
149
728
702
572
419
479
190
82
697
216
873
865
649
57
544
790
433
639
677
369
383
321
103
173
249
778
15
664
488
792
636
990
520
338
562
291
169
752
373
218
321
598
83
970
656
979
112
441
619
141
162
354
463
618
528
64
396
895
728
237
39
364
227
559
54
789
203
223
893
928
441
214
527
877
537
183
856
649
976
827
791
138
182
254
756
62
670
505
957
398
742
348
114
321
907
520
110
462
743
355
391
536
570
918
413
107
453
622
108
429
449
899
567
631
505
676
45
527
181
2
277
275
350
391
596
610
911
58
72
6
413
815
895
335
733
660
442
186
282
903
967
84
802
535
67
660
563
113
187
96
467
817
371
818
208
967
780
472
377
204
830
790
20
77
126
105
738
920
292
372
823
259
456
978
146
524
990
61
637
529
157
104
346
880
274
907
199
406
379
576
963
561
367
335
639
845
440
729
765
84
101
941
696
910
919
194
434
909
256
423
790
765
527
137
646
154
44
197
912
775
774
875
336
493
210
327
338
3
56
455
87
510
396
135
420
315
330
206
576
938
629
367
55
508
856
53
14
900
251
927
675
25
802
363
870
365
691
208
368
99
663
455
961
60
591
381
727
273
939
656
211
568
375
266
429
231
672
443
131
923
370
158
300
173
521
170
538
564
378
258
16
393
713
977
805
656
711
885
929
650
541
492
219
916
111
0
147
783
443
630
58
814
788
358
339
661
528
229
226
258
487
242
3
552
571
809
209
282
694
490
933
587
335
504
503
798
504
2
933
299
632
991
113
772
701
804
433
581
33
659
191
520
253
194
425
177
355
634
459
49
476
744
988
163
600
843
961
104
845
246
404
829
237
869
601
290
674
35
871
59
46
62
932
652
257
357
181
612
343
640
14
171
737
354
335
337
198
648
794
395
895
550
225
484
771
178
775
797
213
646
857
612
61
141
616
670
498
797
634
193
789
0
364
526
355
699
216
553
348
10
948
595
912
173
79
683
704
854
481
917
853
690
881
914
831
849
584
681
998
218
874
788
219
238
666
926
290
882
479
990
244
779
585
508
305
664
192
9
871
25
278
724
715
160
638
898
361
574
579
360
792
453
148
363
43
166
289
333
401
120
675
645
900
260
506
205
277
50
214
148
75
492
872
142
4
862
40
366
436
971
726
580
424
226
944
467
392
585
153
793
706
828
791
606
441
297
163
718
699
377
218
774
869
90
268
874
952
660
592
740
631
318
320
407
896
264
874
288
202
379
434
908
208
577
866
1
226
29
719
925
758
937
51
627
379
671
853
683
331
797
423
962
115
743
721
363
360
595
652
562
327
438
822
887
15
40
888
593
421
959
518
179
248
921
158
627
592
364
310
923
161
85
237
629
828
958
992
540
905
996
102
232
786
276
119
153
668
359
746
89
318
616
620
566
537
131
193
129
495
855
404
8
940
641
989
121
951
982
661
209
330
116
441
117
744
913
270
413
272
369
854
591
985
475
157
523
958
703
4
805
910
409
813
851
402
803
324
354
137
337
563
819
453
356
936
550
621
559
963
894
928
169
837
265
644
346
788
954
49
145
759
960
554
573
163
308
728
487
14
217
176
929
36
630
286
325
532
907
884
495
153
164
664
990
429
661
337
570
615
738
715
727
698
621
300
213
929
380
52
944
949
229
873
985
211
511
310
743
771
546
238
924
62
254
267
492
267
956
414
235
694
129
962
745
750
614
310
31
346
363
975
295
592
201
632
803
712
295
546
835
841
136
760
256
742
379
748
362
687
514
949
381
643
263
478
745
229
789
128
575
504
104
222
96
657
854
251
369
149
149
205
343
637
317
599
731
48
699
93
735
213
394
468
208
657
947
305
886
88
433
813
944
889
35
392
546
242
643
268
743
144
825
86
781
494
37
864
542
88
958
277
653
704
97
861
362
396
518
600
836
952
414
780
193
801
172
740
43
167
360
139
311
185
577
444
679
615
309
573
55
619
202
709
323
299
570
37
696
441
638
532
745
404
665
938
205
837
678
601
5
390
740
668
575
317
113
606
284
774
179
340
393
733
49
68
33
971
106
81
412
96
965
157
500
630
448
57
820
126
10
177
869
750
845
444
420
958
403
704
84
934
396
477
668
445
898
53
769
4
134
533
452
451
43
304
434
491
361
254
969
372
783
838
474
628
283
894
939
38
951
23
972
347
853
640
145
751
693
266
107
179
799
559
631
842
863
417
685
576
23
655
300
806
493
775
434
128
21
725
166
972
749
139
672
602
131
817
705
825
83
812
4
234
723
987
429
938
756
114
514
779
769
815
937
615
942
724
743
963
449
262
936
550
401
608
504
532
777
209
709
212
21
66
446
96
405
875
34
162
342
901
293
111
716
231
726
658
307
822
621
756
84
909
307
837
517
163
369
646
373
431
858
746
497
657
843
254
884
877
768
226
778
62
690
846
645
416
856
952
238
830
60
322
739
719
159
609
883
881
607
608
664
466
354
513
475
197
767
711
427
536
938
557
950
628
756
947
396
612
251
987
794
311
661
534
383
821
495
618
54
102
226
70
920
580
583
395
130
350
107
557
238
397
466
540
377
222
487
125
187
738
112
981
402
774
515
785
947
10
403
353
465
629
423
385
561
6
781
691
708
240
600
299
989
67
839
718
641
327
843
828
417
308
810
819
82
677
956
381
40
711
734
505
692
157
890
254
163
23
297
223
615
898
522
604
965
714
674
606
393
518
787
810
826
597
982
260
626
938
641
666
2
375
523
694
532
414
948
47
789
246
622
405
496
497
361
461
211
36
419
604
906
206
766
732
155
748
344
782
39
985
800
41
712
324
735
596
90
36
995
879
634
617
636
130
114
998
943
677
34
714
281
940
921
400
24
76
148
368
210
539
705
11
580
417
335
668
13
425
56
8
656
690
977
293
172
444
291
115
121
677
829
755
969
102
155
345
531
655
65
741
195
770
104
127
539
439
147
552
216
203
912
873
893
241
518
65
685
161
532
807
838
362
562
159
816
717
504
347
372
569
89
919
691
193
47
230
985
194
134
553
398
46
778
643
287
296
61
325
457
593
132
647
307
694
806
124
763
662
471
135
583
912
55
274
458
454
856
795
648
990
348
398
388
127
394
28
775
455
353
233
400
485
232
708
179
391
184
942
53
7
429
989
272
836
263
82
290
472
877
291
462
225
41
851
704
435
879
480
890
232
65
291
717
297
351
248
688
887
542
94
246
323
83
518
512
698
600
802
170
829
445
985
407
487
836
111
922
715
943
165
299
360
808
368
658
511
968
698
398
862
144
996
185
227
867
697
278
819
852
800
649
297
785
56
136
973
519
411
40
463
576
339
823
384
59
833
895
27
884
645
241
28
993
779
608
860
476
238
680
680
38
329
330
176
737
466
149
256
877
542
71
805
233
247
189
293
432
436
672
316
433
914
345
427
693
953
287
521
543
319
554
581
648
884
109
737
702
611
346
932
153
417
737
738
16
279
31
801
67
56
117
501
322
814
280
367
119
567
888
662
887
442
596
887
678
705
977
733
668
323
665
173
92
754
912
461
33
943
262
453
351
731
954
673
546
586
40
17
153
281
680
392
75
628
632
754
333
961
487
354
284
504
527
376
258
439
837
644
735
451
97
86
183
403
112
81
989
504
98
494
785
130
239
861
758
223
967
444
184
806
798
820
310
325
196
920
117
386
564
852
189
13
290
372
768
402
453
109
907
904
956
44
34
195
905
793
770
224
589
954
30
387
126
692
64
322
613
181
60
529
385
602
543
676
974
663
430
780
773
337
684
729
382
70
276
639
215
398
864
804
704
246
191
830
939
608
504
552
141
565
81
527
167
976
555
493
992
985
625
117
675
661
198
409
732
474
48
947
224
264
104
928
511
647
758
802
255
262
354
749
179
787
276
698
116
831
544
108
168
169
577
843
831
775
252
915
601
301
214
825
917
318
753
780
966
511
582
573
125
288
322
305
428
950
3
544
133
547
4
302
69
581
145
252
708
398
167
309
51
733
134
320
52
887
101
370
750
35
295
875
324
618
180
752
568
536
648
702
435
4
356
504
937
501
756
645
251
923
954
302
657
88
975
61
327
76
783
77
111
78
952
787
48
485
891
969
21
539
23
456
543
379
961
480
880
717
477
132
993
431
786
2
871
113
415
198
541
198
275
653
628
580
792
677
65
684
646
86
575
669
542
119
48
855
951
280
925
429
764
270
212
903
624
84
16
39
282
558
589
910
563
217
490
355
246
555
391
892
993
967
561
887
438
961
743
389
242
20
170
358
642
383
261
266
467
278
657
101
188
246
11
751
815
501
458
62
408
850
306
401
169
868
641
607
181
736
348
775
756
519
134
398
254
395
16
73
25
673
174
565
271
186
316
438
39
127
500
448
329
159
201
498
27
842
457
560
578
805
336
686
676
470
436
282
217
452
355
243
125
882
808
748
420
477
187
459
956
39
259
285
198
813
135
577
7
944
138
938
101
474
624
778
296
413
412
513
865
120
108
343
2
269
91
422
98
278
233
54
318
845
691
516
658
178
94
665
122
584
603
223
58
580
353
706
993
766
571
858
886
680
553
240
949
645
14
47
275
247
453
945
92
144
462
102
674
908
768
796
492
723
371
902
303
77
960
648
195
531
859
81
211
412
673
512
409
687
911
685
934
716
630
379
212
444
481
886
704
601
34
548
325
406
802
980
483
762
629
678
294
840
111
857
252
136
722
14
823
985
699
109
702
681
488
914
126
322
801
830
923
187
379
600
593
181
581
428
296
562
458
590
402
921
799
6
57
873
20
232
859
71
342
561
753
182
827
879
504
980
61
780
168
792
380
113
974
313
894
622
227
352
564
981
626
363
988
35
237
360
268
448
784
962
9
537
496
836
768
353
817
829
133
337
974
865
450
948
531
344
922
758
49
486
740
27
201
80
62
438
792
682
238
576
996
247
113
493
436
233
198
605
415
683
942
389
548
392
689
431
89
611
190
138
97
282
165
298
714
579
89
506
262
327
435
258
927
900
103
363
134
301
320
549
984
262
938
885
6
627
316
95
590
858
585
687
140
750
337
206
330
426
713
944
106
500
554
385
400
658
748
886
311
420
435
648
34
725
885
40
704
553
488
294
412
73
981
904
824
319
111
506
97
176
450
555
28
4
940
428
14
40
315
678
460
102
326
494
828
563
887
532
116
375
827
528
448
160
785
624
831
248
130
929
776
932
836
804
937
777
232
303
817
899
981
630
2
659
476
830
222
363
714
691
738
541
571
539
54
356
163
885
956
646
814
732
578
3
536
867
780
121
171
949
20
504
579
374
164
56
556
738
771
271
429
510
164
1
401
218
709
564
104
666
210
270
398
789
273
935
8
405
56
179
355
428
684
286
803
200
694
359
938
466
982
720
328
147
721
729
717
782
645
173
448
856
796
847
997
69
134
5
827
542
537
534
322
573
820
125
773
867
837
63
333
819
135
13
318
856
742
36
991
739
209
439
595
5
638
944
427
124
302
606
666
191
140
989
764
312
466
889
179
303
304
512
475
440
877
793
648
971
181
639
711
391
79
306
748
69
603
527
194
257
133
860
448
273
201
212
586
20
453
117
675
757
982
150
197
859
296
846
831
477
485
542
220
916
200
969
986
155
496
180
412
982
392
860
255
946
424
193
966
877
311
641
987
293
144
184
504
792
382
335
269
868
877
842
784
430
811
122
585
659
302
998
641
695
210
249
993
635
794
959
864
457
952
203
102
448
388
607
240
770
942
862
990
172
704
127
602
867
249
187
526
904
537
520
599
748
121
592
735
267
903
951
725
207
155
827
656
895
434
248
17
729
110
8
901
814
487
503
33
736
42
912
640
580
432
591
680
905
535
415
172
438
366
897
998
873
77
654
768
863
902
786
592
13
146
493
179
633
348
213
369
743
477
362
675
909
953
355
166
841
122
338
631
840
588
629
714
665
283
482
528
538
620
121
551
766
966
82
399
667
647
121
410
124
483
85
385
788
792
551
629
914
242
613
754
830
242
820
847
526
303
375
416
275
848
967
42
167
401
793
834
401
914
596
877
749
33
263
538
825
166
519
739
408
132
845
238
375
666
85
253
321
813
669
596
13
988
990
180
741
784
366
142
50
314
372
800
347
635
690
172
153
209
263
562
694
461
152
421
479
590
674
800
755
695
748
768
35
739
301
128
875
19
623
925
334
995
725
681
630
415
206
135
977
821
697
671
634
202
92
113
792
118
913
547
165
14
667
200
753
320
328
980
340
951
905
26
298
983
59
928
398
265
416
375
439
113
398
73
315
490
187
459
960
452
358
125
466
378
677
571
698
358
551
390
309
457
416
608
440
476
888
190
93
304
918
532
770
316
606
437
159
145
249
119
597
607
597
416
985
274
987
684
632
891
74
294
700
843
254
492
319
494
682
412
151
952
297
273
621
903
710
780
400
959
251
349
919
200
765
904
475
105
940
459
996
367
753
696
210
359
188
881
854
222
293
357
175
590
630
796
845
692
928
597
652
531
947
571
732
64
827
207
169
120
18
165
487
772
213
49
483
401
930
689
624
575
46
151
166
676
299
363
369
227
961
373
758
260
296
490
324
475
49
494
595
68
11
434
192
225
483
675
626
765
365
602
341
763
105
859
440
404
222
161
631
535
534
742
795
182
584
120
657
634
966
253
54
977
687
598
202
523
273
181
288
990
783
629
754
241
488
546
645
63
59
629
598
593
371
746
127
307
866
784
293
832
389
347
161
77
945
364
600
571
545
240
913
680
870
667
921
358
565
919
421
624
548
372
569
271
118
696
578
336
833
872
520
222
571
681
651
869
45
603
440
942
844
353
975
714
373
896
424
290
815
198
915
715
570
836
986
40
533
917
376
718
141
896
940
712
577
592
933
975
195
373
269
391
79
244
105
804
493
882
94
660
80
361
376
2
198
714
42
83
631
770
801
772
18
741
837
947
685
770
922
233
144
544
624
575
788
730
731
281
964
825
294
44
539
670
398
737
384
792
820
16
562
621
140
580
714
977
527
400
748
802
633
244
346
257
171
486
339
902
120
303
79
414
699
618
436
449
355
820
241
175
188
155
148
329
87
863
658
967
615
406
121
248
2
819
857
173
305
197
75
777
852
155
543
904
125
979
353
481
152
595
8
340
102
157
21
542
372
680
509
987
438
630
587
441
449
444
966
106
993
42
236
846
549
779
750
674
759
103
507
911
50
516
603
505
25
625
47
749
657
556
736
95
538
675
888
339
119
855
797
113
249
33
311
798
165
413
824
924
516
332
187
919
200
142
776
225
119
823
974
776
731
62
224
269
737
112
960
208
967
757
673
568
143
984
366
308
749
543
584
618
227
123
537
427
265
313
4
385
488
330
513
219
392
737
840
481
202
152
41
521
261
715
90
404
51
808
64
801
351
0
419
930
123
308
357
741
973
713
478
461
43
991
32
787
81
872
620
283
24
662
804
285
729
894
42
132
55
106
285
406
459
56
337
934
364
46
675
689
760
505
150
803
849
534
943
930
406
563
213
782
225
369
420
954
616
462
87
671
920
724
429
379
781
118
314
145
165
341
187
277
847
689
432
48
224
375
978
982
939
543
765
516
264
185
823
880
999
262
903
919
986
333
651
767
451
317
265
968
658
452
597
857
141
30
905
365
757
235
700
48
130
465
565
395
2
388
275
1
650
179
272
636
864
923
756
315
240
21
636
251
473
233
108
966
615
366
684
373
953
384
421
84
201
338
479
203
78
106
204
728
637
828
717
501
752
473
169
992
846
805
595
671
390
704
637
6
422
673
731
727
57
504
811
258
843
290
813
921
749
369
2
386
198
719
888
950
544
57
294
742
862
890
413
252
946
50
610
720
724
341
447
133
846
259
392
689
901
557
962
650
927
964
37
125
35
925
75
931
334
721
673
548
611
86
800
909
489
763
629
213
104
77
698
302
688
442
343
589
0
306
592
927
622
629
52
658
906
479
589
592
200
615
140
164
701
292
73
190
55
703
755
512
132
454
814
820
248
158
761
248
816
705
175
438
334
579
448
592
58
390
536
611
5
676
127
58
969
200
249
24
255
356
888
739
162
703
559
411
213
673
659
29
378
187
819
65
118
268
9
529
658
546
140
663
222
267
721
543
819
322
920
427
31
808
166
193
863
78
956
76
751
968
457
481
155
277
898
273
545
908
802
203
806
294
218
380
913
291
924
733
966
844
512
997
652
678
542
516
756
499
944
859
467
402
341
974
31
239
599
576
499
754
131
305
400
701
686
314
992
610
399
958
454
911
307
458
589
850
326
698
701
271
557
520
25
898
494
56
138
445
984
637
551
115
295
952
168
981
266
160
591
17
471
397
280
778
207
869
980
534
567
681
157
125
201
534
375
47
590
865
493
926
855
44
41
150
348
561
131
614
721
74
983
544
823
263
323
382
485
303
268
52
985
425
529
538
311
257
586
901
122
431
827
329
827
220
479
176
781
962
142
855
388
126
399
563
389
74
946
874
730
214
279
67
992
160
605
303
417
543
557
892
974
736
221
802
309
53
330
442
367
472
297
756
598
49
671
988
475
617
214
557
184
493
624
176
6
582
831
775
477
388
667
452
125
241
606
786
646
288
228
13
760
878
121
359
927
793
699
754
410
913
312
594
759
288
122
117
222
954
892
700
694
912
504
819
505
462
605
151
750
186
516
510
64
638
221
343
431
920
97
193
186
761
140
297
402
614
414
976
568
658
676
263
570
532
434
427
346
392
578
448
578
95
311
994
85
532
337
516
805
786
61
343
548
201
992
302
816
406
278
736
416
307
351
339
191
786
766
538
530
697
986
460
144
649
454
229
534
791
97
339
577
158
34
477
712
26
131
880
784
410
968
200
717
320
539
260
458
658
798
988
355
137
448
499
786
902
80
320
45
529
11
974
687
45
804
751
423
935
983
207
345
952
408
414
272
299
675
730
957
825
70
312
314
518
163
453
772
595
125
169
124
137
143
812
534
299
915
958
235
251
165
932
203
925
347
827
225
374
557
182
199
627
847
514
497
10
967
621
606
444
790
730
581
285
894
468
585
162
778
820
413
295
752
616
221
451
795
446
177
352
980
377
331
827
243
180
190
562
801
148
6
943
230
940
228
125
760
165
639
538
337
52
833
442
20
54
893
815
852
71
519
185
800
202
12
395
382
554
309
535
702
667
478
933
607
58
410
367
576
401
257
913
453
91
355
825
497
601
992
702
672
863
887
824
417
251
219
799
806
880
686
860
547
516
145
155
926
555
874
502
956
132
416
761
575
771
938
72
724
282
774
396
145
13
572
914
265
143
713
423
23
751
283
571
267
781
78
194
336
952
48
645
436
464
758
11
588
49
436
312
331
210
61
829
576
985
743
841
129
809
264
152
560
899
75
180
680
153
726
369
458
774
366
894
591
124
258
531
173
694
843
857
256
256
38
832
242
781
25
371
942
289
875
855
541
951
35
573
456
113
942
914
239
660
161
830
785
419
361
310
465
557
519
721
165
557
906
407
691
931
130
633
573
358
488
114
661
875
39
117
340
334
32
580
994
193
762
131
964
124
794
429
33
313
150
198
871
56
958
562
340
88
547
913
798
36
379
459
263
418
577
604
104
609
184
99
154
298
230
118
422
24
547
807
690
49
358
913
458
316
475
798
756
374
63
555
410
442
14
26
212
591
630
317
552
166
768
58
464
998
176
239
375
75
398
65
125
756
978
935
72
805
733
829
179
796
384
942
590
398
968
802
342
950
471
246
468
239
305
932
590
833
523
965
261
922
382
738
678
360
673
751
517
758
932
48
554
668
342
144
418
310
298
760
612
770
359
80
361
16
365
951
849
888
916
462
162
650
200
193
362
225
296
879
983
228
280
537
896
622
33
314
933
684
427
897
454
786
330
815
802
695
119
3
935
35
818
450
686
18
643
400
244
939
280
579
167
560
469
415
182
502
81
467
186
508
717
992
646
47
160
800
94
279
156
381
666
974
831
704
344
826
105
940
765
737
520
284
297
989
699
831
843
781
651
382
641
368
374
640
767
886
440
861
165
596
594
184
922
426
888
267
604
345
207
370
82
79
654
379
68
706
563
912
839
214
294
480
934
20
120
701
907
913
914
424
861
508
608
784
286
849
403
891
194
610
613
277
42
267
8
110
325
571
374
164
137
20
997
71
393
469
124
300
382
38
76
244
899
685
380
537
534
783
428
80
745
41
357
787
661
366
250
986
289
976
151
779
997
148
202
390
617
327
42
352
717
470
948
616
507
680
154
393
463
934
474
560
328
831
348
989
549
950
327
191
926
478
970
923
978
172
665
948
851
59
652
569
882
600
537
389
280
43
783
95
330
257
655
658
440
355
999
990
305
326
181
232
805
503
507
135
27
525
435
879
936
87
800
818
39
337
208
671
733
343
118
63
600
126
73
40
481
72
382
139
398
915
723
555
418
582
43
446
459
478
677
748
918
477
566
309
166
126
333
899
469
451
314
421
577
387
462
411
811
196
902
210
112
625
117
882
559
160
680
19
991
357
119
909
186
685
570
353
164
903
604
985
355
919
407
932
658
869
695
470
417
597
32
529
574
149
764
134
310
796
505
301
506
624
562
692
661
132
45
177
36
2
163
391
921
570
675
931
791
723
753
208
320
785
90
247
287
206
733
597
2
238
250
508
214
812
201
227
296
598
405
332
600
920
75
873
490
103
157
281
826
910
841
146
48
931
745
335
137
478
284
140
68
534
0
634
698
201
862
994
152
619
679
752
539
106
626
381
209
135
662
35
45
503
534
93
787
279
780
276
758
64
768
826
598
769
461
648
970
675
995
474
646
26
227
537
132
205
918
342
340
932
729
737
787
263
831
574
895
611
851
5
28
619
183
626
388
996
627
711
671
974
185
669
0
764
206
132
321
476
474
661
408
204
399
196
819
582
770
66
545
973
71
573
593
255
552
333
251
531
396
275
505
934
296
505
698
503
637
372
979
464
33
740
20
784
936
839
718
58
258
264
32
329
189
977
936
741
662
540
272
59
167
777
345
463
282
395
318
272
767
650
736
153
390
756
289
326
947
8
384
205
624
768
887
813
97
175
907
760
67
531
171
234
661
516
50
295
911
368
567
31
18
655
184
760
411
473
86
711
833
823
268
809
943
507
975
41
683
882
801
750
765
324
337
426
840
387
74
103
755
993
134
126
649
670
886
412
496
325
475
329
500
744
491
795
251
466
836
934
348
989
37
465
313
374
244
505
761
318
961
868
311
95
994
312
118
233
725
614
910
200
295
410
296
786
557
548
252
394
834
952
735
871
770
401
245
14
906
358
684
219
227
995
315
573
660
785
806
737
751
716
289
46
478
586
185
388
486
789
782
320
94
869
544
864
270
141
878
529
500
562
748
727
909
415
300
921
552
459
658
303
527
948
702
358
886
887
746
372
676
880
44
770
749
588
986
372
730
864
253
230
778
353
309
40
121
961
961
673
420
620
977
300
920
679
658
806
918
404
530
946
284
574
69
385
163
55
757
245
272
362
827
50
716
136
90
837
449
404
510
870
376
839
522
296
870
180
454
788
584
336
735
220
910
804
605
425
211
715
22
483
77
849
886
793
985
976
982
787
732
845
657
108
684
531
756
555
711
210
695
647
898
430
219
161
586
824
938
798
891
961
633
969
810
519
114
148
848
449
935
580
294
944
689
978
475
797
885
538
8
581
185
258
363
404
419
302
580
358
100
472
319
85
793
481
605
259
981
453
708
268
385
2
212
426
333
39
224
570
577
584
503
114
842
867
870
262
169
451
972
621
275
643
706
420
124
663
679
458
468
388
726
854
742
939
280
427
330
504
998
260
88
501
374
283
720
597
545
889
400
517
862
27
160
921
447
636
584
126
94
53
866
821
259
609
112
539
36
794
396
34
54
836
888
781
119
608
378
664
850
130
533
712
157
45
985
604
34
570
82
480
975
949
301
234
558
765
125
946
560
873
333
966
710
221
747
829
181
477
846
31
607
731
96
116
129
81
720
163
3
803
643
330
752
297
916
662
62
42
608
974
267
941
941
977
514
40
807
696
518
5
79
477
736
175
594
865
257
666
28
612
469
24
943
573
321
859
235
735
253
196
62
521
489
3
850
4
395
657
52
265
14
131
743
751
659
689
968
268
355
349
880
825
373
175
750
46
387
986
781
640
534
195
513
23
198
364
379
946
373
783
211
388
915
954
491
926
643
459
194
351
808
74
528
533
602
278
579
989
616
713
981
150
908
495
174
459
211
905
405
584
689
616
324
956
923
167
882
918
627
76
269
787
502
797
673
104
428
604
93
44
317
427
195
578
922
721
37
485
978
794
69
667
762
746
623
685
913
505
604
892
933
225
32
436
375
705
892
803
661
338
199
979
765
394
909
39
467
298
524
446
92
945
113
854
43
89
892
957
946
848
201
232
73
585
20
800
642
912
955
304
602
155
635
367
549
544
758
369
842
282
815
286
580
280
140
623
721
384
932
668
232
134
252
658
71
272
458
714
184
414
18
787
569
5
506
470
549
265
839
391
899
6
677
479
287
169
455
360
554
387
380
138
873
632
796
945
904
255
11
89
21
381
228
590
386
86
60
935
703
252
678
603
258
707
434
897
228
241
258
134
629
638
273
854
271
69
151
175
676
514
616
697
895
196
287
633
283
700
568
986
304
598
941
562
657
728
812
886
969
70
20
950
60
645
157
683
715
308
211
391
175
827
89
70
24
728
704
659
780
624
997
84
575
939
999
232
19
163
470
340
585
843
643
645
488
800
329
203
460
540
947
635
719
388
58
95
468
762
754
249
738
104
685
313
43
36
546
414
199
16
754
784
859
749
782
348
549
463
903
362
355
202
997
74
590
55
522
59
169
628
660
908
732
345
221
127
382
119
541
933
136
648
70
347
397
852
47
947
315
303
661
22
505
658
448
96
66
970
507
587
599
167
495
331
512
69
811
246
188
352
180
676
0
250
376
750
454
423
49
121
726
710
143
584
720
591
32
786
914
539
374
513
706
221
196
570
290
7
169
479
712
349
507
64
951
883
814
405
307
863
878
385
925
21
321
646
964
353
432
878
244
158
743
950
380
292
873
670
651
42
501
363
743
9
780
46
892
594
803
551
810
681
289
735
54
610
381
18
964
166
249
208
324
992
511
704
284
736
727
936
130
228
651
225
589
431
271
482
378
426
385
540
459
674
627
513
285
9
883
601
527
132
161
851
125
24
908
761
760
635
49
242
215
701
467
805
484
90
639
214
516
24
754
975
51
382
488
688
743
724
289
270
856
802
473
333
827
381
95
939
368
496
182
584
549
649
741
34
740
732
600
608
756
707
584
159
441
424
847
184
148
488
806
357
291
279
690
470
13
137
409
733
634
943
317
183
593
410
217
685
142
170
645
251
877
581
410
318
358
258
854
858
746
12
215
389
291
906
859
656
43
269
390
677
564
59
861
509
822
430
546
964
952
192
567
829
773
330
499
131
588
353
990
686
365
557
428
9
463
287
17
859
908
407
888
473
819
101
982
641
884
881
957
836
73
525
666
198
855
517
682
795
871
672
833
588
581
261
597
45
901
615
256
161
374
496
986
193
598
321
834
834
202
792
670
275
669
688
473
876
206
155
23
429
179
856
17
761
470
615
158
723
582
766
884
956
262
223
150
212
544
336
46
746
480
69
373
149
109
198
377
667
354
400
96
885
609
114
998
79
81
508
154
663
274
38
971
889
261
473
453
157
810
500
903
642
921
276
144
30
475
521
698
181
922
146
418
531
612
769
962
693
277
116
708
904
506
32
793
120
505
246
277
315
98
533
958
371
161
102
754
988
975
804
521
249
950
292
780
563
61
94
608
338
562
317
242
69
349
387
541
854
986
170
522
436
703
832
808
217
286
562
205
261
366
79
511
668
371
643
231
432
90
840
122
652
509
717
73
210
104
966
416
442
137
290
879
192
474
39
409
760
601
967
374
319
398
237
987
769
232
571
553
322
763
675
327
624
392
400
834
849
367
602
643
856
893
522
48
367
561
810
480
514
129
854
185
527
443
173
648
675
96
201
998
859
228
325
483
973
77
669
174
796
271
817
652
516
692
53
236
605
215
716
120
344
922
305
223
365
830
223
40
926
776
390
137
4
67
972
977
145
641
503
941
265
321
946
133
13
999
369
618
214
85
90
910
359
396
133
724
578
708
117
857
484
859
994
840
927
967
818
424
960
673
717
577
994
663
711
359
662
432
978
228
870
420
138
229
168
623
306
747
331
423
604
815
634
950
656
561
269
826
337
230
499
55
159
846
718
222
205
733
655
535
961
525
956
100
754
476
723
60
223
407
835
179
222
470
130
230
383
399
408
721
981
260
776
141
106
846
715
663
579
370
551
541
247
859
993
354
335
68
766
559
475
954
738
50
424
220
632
159
620
41
880
601
301
8
94
759
855
810
774
786
180
325
679
780
184
672
134
872
93
252
431
568
206
521
618
982
742
251
142
714
644
22
315
297
383
410
408
590
572
182
376
104
860
56
884
396
80
370
268
173
623
51
94
829
573
64
812
667
315
954
381
311
328
48
608
63
810
16
653
382
551
382
487
411
790
723
159
222
94
428
396
69
479
842
250
404
906
62
423
574
368
156
885
49
205
494
464
367
862
118
102
413
852
941
176
642
664
688
864
110
116
612
531
947
454
782
704
361
196
127
935
917
284
820
966
841
666
782
560
881
900
662
646
752
603
175
746
620
863
611
730
979
223
262
278
678
396
982
391
592
462
678
509
98
498
827
291
517
610
851
398
510
514
396
615
469
571
361
89
434
972
172
413
548
786
44
578
182
378
969
774
840
647
284
290
497
111
581
366
721
785
116
584
651
513
551
120
84
912
562
519
237
86
284
785
872
328
715
54
59
684
180
251
683
464
542
180
928
475
899
1
612
15
585
263
528
136
736
613
401
650
132
638
736
416
775
960
97
490
366
156
526
546
407
209
363
301
741
291
129
640
644
741
8
582
357
536
718
445
149
471
95
633
461
183
402
588
143
851
430
509
359
956
55
766
517
418
420
611
61
549
603
58
642
611
640
999
500
710
444
1
182
539
635
643
722
389
584
865
240
14
726
599
971
782
717
840
552
137
451
966
38
55
24
681
18
664
32
518
374
477
520
908
368
507
904
443
896
488
308
136
502
387
87
825
169
156
18
721
294
469
39
684
876
63
717
895
79
750
765
454
227
285
714
595
792
618
38
688
458
699
176
313
86
615
138
607
772
156
680
418
978
720
102
854
783
820
101
863
570
867
669
149
504
383
744
297
354
135
337
812
186
514
125
272
129
616
231
901
124
911
319
102
631
774
309
767
946
762
630
516
981
651
665
486
386
761
783
740
248
120
905
434
986
382
58
116
998
289
369
475
553
41
577
184
167
238
951
113
353
933
629
334
936
646
820
323
759
603
63
8
76
320
794
62
703
853
530
701
494
252
176
47
645
106
584
812
696
887
925
49
173
906
736
109
904
556
432
663
512
848
23
588
520
818
650
223
23
533
277
517
785
453
917
430
911
501
242
960
740
519
361
913
425
97
375
329
654
159
344
166
7
368
754
528
186
756
103
209
289
380
78
426
186
347
856
97
200
450
409
941
969
771
854
394
220
581
75
874
741
420
392
100
140
498
980
678
607
84
239
896
464
317
675
650
665
531
100
865
982
509
158
303
632
365
50
853
946
125
79
687
897
472
788
389
322
768
67
929
852
306
826
317
976
501
319
641
384
419
858
718
281
17
22
265
382
72
470
680
549
550
368
447
374
156
188
696
276
256
626
129
562
804
798
890
657
469
531
393
241
742
112
874
111
134
139
845
558
610
525
107
512
893
906
238
401
95
286
678
351
264
159
265
68
309
156
77
778
39
471
19
133
935
893
244
69
385
441
627
347
967
86
859
860
993
449
614
88
735
292
791
0
803
408
420
112
916
498
890
308
321
262
441
256
155
38
677
540
479
656
887
446
742
98
659
735
899
625
175
635
269
966
987
72
375
407
536
291
257
426
951
578
40
393
186
548
783
863
88
262
871
328
61
614
778
72
701
678
697
877
665
966
843
652
390
570
59
926
214
317
352
165
247
745
910
434
293
693
649
733
956
873
61
369
487
192
441
188
222
490
417
887
456
613
891
846
183
950
124
749
619
828
267
219
573
177
5
866
871
654
600
179
527
13
900
366
557
693
907
779
183
324
18
991
937
909
837
473
212
961
222
183
789
841
402
715
19
407
581
242
414
181
773
293
547
25
660
104
718
919
884
901
595
254
892
533
164
81
358
376
394
932
559
535
774
314
250
145
721
184
387
135
365
512
781
264
537
793
369
255
712
605
508
307
859
400
192
375
833
550
103
227
835
15
762
609
329
365
754
50
549
493
538
266
5
671
531
894
464
252
501
528
857
9
835
68
761
380
796
594
282
899
821
117
914
935
726
243
300
832
646
201
325
536
468
682
207
999
576
23
603
77
551
812
438
386
880
199
118
676
793
401
928
966
518
842
902
245
438
554
77
436
756
755
972
224
437
531
575
366
554
530
795
105
342
234
843
574
785
962
603
579
715
531
897
233
725
151
830
163
706
260
599
814
15
923
390
452
806
965
170
712
847
966
817
189
552
13
763
337
327
718
268
42
249
518
627
327
669
458
490
375
718
442
541
733
717
931
537
524
248
60
236
95
26
406
284
930
771
400
267
450
118
888
844
720
406
471
47
75
929
889
803
999
683
344
84
401
276
974
277
876
34
865
972
412
271
256
342
394
8
961
844
479
849
688
551
607
512
598
683
793
839
838
793
523
534
877
276
162
851
553
39
237
418
11
649
42
619
991
436
628
953
633
459
154
321
10
762
833
608
797
627
799
987
772
322
521
1
598
684
853
503
723
442
274
734
92
316
353
83
104
333
388
737
144
895
59
154
657
244
114
806
223
914
793
347
588
314
349
539
350
554
42
73
996
668
159
88
984
865
524
89
550
912
826
695
807
237
849
816
834
964
974
409
230
767
757
818
434
106
357
784
660
752
210
8
420
369
97
757
234
973
846
785
237
24
480
397
614
681
213
448
645
188
857
227
307
614
46
741
72
755
878
732
859
88
93
280
457
190
389
44
515
235
829
752
611
661
149
225
694
715
673
692
255
883
919
562
497
965
656
570
73
534
654
932
622
747
564
431
289
953
475
804
540
656
557
152
669
58
377
364
773
403
56
380
286
975
295
135
293
951
705
718
837
712
650
811
459
567
594
101
520
70
905
61
78
814
565
748
873
294
464
998
697
872
379
335
847
674
471
492
977
528
562
166
240
213
977
52
780
571
153
652
993
410
65
424
225
630
172
450
925
988
448
974
860
179
662
59
205
485
552
534
13
114
700
606
679
29
10
811
953
163
464
946
573
881
370
150
512
894
600
437
882
49
763
742
580
425
802
786
910
706
672
276
172
373
882
204
402
244
367
355
407
183
654
332
65
376
483
577
623
435
366
505
836
129
600
417
907
754
555
169
812
227
445
336
600
679
540
355
923
908
62
682
91
68
15
156
445
850
85
68
285
451
925
122
933
877
891
840
983
446
9
795
25
807
132
978
486
24
333
762
932
747
444
376
816
811
884
613
13
970
33
651
773
958
125
706
188
16
898
171
814
260
319
839
419
451
817
257
827
502
19
112
250
816
488
418
979
724
31
993
46
64
996
820
374
121
878
562
137
129
86
303
741
405
142
160
208
312
417
35
814
437
147
64
605
987
482
584
64
865
929
110
929
277
282
656
398
161
218
887
290
656
190
383
413
685
543
621
997
960
9
811
749
156
228
354
496
62
291
560
928
572
670
209
850
953
865
600
466
436
840
108
92
30
491
858
67
34
479
64
346
488
228
96
997
456
802
845
870
445
405
150
370
427
712
220
732
577
172
198
365
12
306
810
395
149
668
462
183
147
527
882
988
107
330
337
915
132
182
785
930
939
288
300
366
0
872
99
929
44
649
295
57
308
105
452
457
773
914
993
272
793
227
612
900
557
949
815
689
131
953
971
422
241
271
789
593
495
240
522
540
241
817
597
549
274
401
359
47
667
704
672
461
931
284
713
488
234
881
529
717
834
501
492
427
124
281
20
620
873
542
512
466
712
461
368
986
862
79
386
529
783
58
342
66
342
56
554
928
937
435
998
771
288
490
550
765
123
570
737
348
464
249
814
176
710
182
515
572
261
901
453
396
959
796
462
653
852
368
934
789
804
932
912
444
422
814
209
897
384
946
245
200
195
59
729
257
594
244
829
207
497
635
956
456
431
770
461
635
139
395
776
295
679
40
91
453
854
301
350
238
599
595
790
147
7
519
404
953
115
586
512
612
221
468
420
4
591
882
639
730
629
415
377
309
455
468
762
309
121
113
899
721
60
689
220
419
561
624
372
676
210
885
289
783
705
709
787
296
943
426
378
573
193
107
234
648
928
996
309
401
461
560
474
522
602
694
941
163
319
666
191
881
903
832
665
960
894
452
257
837
231
987
762
424
447
996
425
375
993
86
776
806
647
251
328
601
297
622
116
616
288
307
498
543
492
515
503
386
319
112
575
550
100
338
327
899
334
104
274
679
190
402
486
189
5
166
142
303
788
258
271
428
918
121
971
410
636
475
148
956
587
723
858
39
61
185
290
748
641
916
779
184
319
265
373
676
784
868
331
572
126
955
353
44
76
324
806
65
151
954
373
91
678
231
482
91
769
773
191
410
689
971
594
360
588
320
389
372
540
72
297
666
27
650
63
456
326
869
521
478
176
894
921
206
477
755
297
246
528
841
9
570
812
955
282
752
627
671
125
167
744
422
834
123
424
249
579
750
118
100
580
646
994
501
852
824
257
502
70
137
343
79
707
507
387
990
259
14
13
736
182
109
510
368
233
934
617
812
685
87
913
265
734
259
119
586
83
728
440
506
217
783
937
925
642
324
267
254
339
632
990
521
742
501
241
975
787
858
787
472
945
52
90
31
664
209
618
747
289
58
253
506
194
191
783
188
867
402
442
206
35
785
79
129
638
320
104
425
178
243
250
476
648
340
507
312
901
477
59
190
888
665
48
82
208
832
622
75
586
65
634
621
850
713
750
840
386
206
265
564
802
515
392
450
207
900
762
108
729
173
650
617
190
699
51
750
883
674
826
469
91
812
443
293
877
545
133
263
104
398
828
906
266
572
356
473
824
470
934
554
643
584
523
834
635
575
584
870
601
762
692
692
926
135
985
804
32
118
67
136
868
247
42
486
820
750
960
644
220
246
550
216
830
74
402
818
1
338
688
602
453
380
294
379
515
631
535
900
749
603
36
969
202
431
456
374
533
768
371
106
14
921
322
196
347
76
14
348
414
703
950
867
435
244
599
303
875
486
203
976
89
591
298
644
22
754
18
556
874
389
662
240
663
336
436
10
412
803
359
826
506
309
46
293
906
997
596
133
483
799
462
925
391
760
569
765
866
939
321
740
681
335
980
344
671
768
354
435
571
65
614
429
375
660
723
633
9
319
118
844
471
580
769
214
340
690
979
206
982
653
298
663
340
630
7
364
751
713
799
322
779
413
104
506
425
827
139
434
498
609
631
969
190
400
535
530
443
515
89
425
520
739
88
860
722
95
224
473
160
24
147
939
789
251
445
215
78
936
1
929
546
632
250
736
385
786
618
828
301
59
605
173
151
693
33
225
140
610
698
300
986
197
240
775
449
37
990
879
326
344
808
872
976
411
960
361
197
930
541
850
342
146
23
493
839
408
718
331
18
768
632
4
317
224
780
766
613
122
998
939
466
158
163
795
569
123
156
766
406
698
616
748
196
991
593
388
400
663
719
418
783
703
775
100
279
907
867
893
381
217
832
200
375
996
995
945
471
503
63
877
553
32
625
750
23
570
138
423
233
209
194
16
913
321
117
192
228
336
437
961
553
622
161
928
970
156
225
441
660
289
671
565
321
648
315
696
219
805
120
804
15
666
821
928
987
938
472
567
626
910
528
179
884
42
459
854
198
685
647
210
326
318
776
999
319
443
695
538
249
167
342
616
833
515
544
172
453
368
91
79
630
972
610
514
14
70
720
564
107
368
127
433
38
903
432
357
698
127
895
299
295
590
915
480
105
811
5
911
532
448
342
162
420
953
29
434
375
749
351
482
469
478
915
508
733
347
865
431
826
113
731
473
703
998
306
160
810
311
71
342
759
414
856
532
719
885
318
94
987
669
576
456
147
491
316
232
190
182
664
368
647
747
842
350
97
500
510
259
811
934
601
922
348
810
806
67
47
125
513
34
794
89
843
294
932
159
526
122
693
542
842
692
641
684
42
739
184
905
998
347
191
952
622
539
762
428
958
809
553
471
196
700
912
391
346
844
902
224
318
948
767
160
640
760
197
35
499
381
292
850
81
483
802
55
22
916
483
332
77
389
155
625
89
67
16
787
263
271
11
581
219
130
741
859
891
938
246
742
672
538
592
105
21
746
160
43
662
995
727
92
384
882
717
825
301
86
612
564
357
976
497
576
106
591
787
349
529
34
92
553
572
36
10
594
135
170
989
797
166
69
241
550
303
959
728
605
45
340
521
402
316
371
330
775
962
469
124
843
503
568
397
428
957
759
374
92
930
363
241
448
432
483
350
88
794
78
693
839
419
566
593
87
289
923
862
251
744
339
95
248
259
844
676
216
603
50
308
885
765
902
333
550
385
684
638
179
114
683
370
885
601
963
973
891
238
187
142
982
526
589
582
138
785
610
354
389
12
15
626
778
917
312
680
302
348
318
833
462
353
203
348
954
518
321
197
108
860
692
90
739
281
25
877
67
635
231
808
648
246
786
778
163
98
458
817
446
128
2
909
481
205
609
787
75
282
985
183
142
29
626
881
310
651
110
729
286
342
889
286
940
28
64
456
126
522
625
925
2
628
834
483
833
795
623
261
77
960
444
219
989
70
453
651
721
563
733
360
905
974
646
198
2
711
6
129
585
631
54
588
259
240
423
445
35
398
706
112
358
150
683
699
573
136
703
294
700
436
654
957
410
653
507
765
364
513
894
301
145
300
889
756
892
665
201
279
63
259
391
774
762
426
473
335
563
176
981
263
964
988
572
727
641
80
492
357
593
738
658
90
390
548
847
282
213
400
913
628
12
304
402
774
82
876
461
645
404
794
260
369
782
833
448
775
265
940
132
210
30
791
301
420
691
500
54
256
252
967
884
264
623
287
390
705
515
203
351
919
998
963
640
780
148
440
556
413
380
40
624
762
831
277
182
522
129
236
130
381
555
15
646
178
654
388
236
169
592
939
440
590
902
433
722
51
873
630
816
606
671
792
368
502
69
903
377
198
491
859
932
47
874
578
577
880
966
813
401
558
752
194
500
7
627
223
58
852
853
226
810
524
19
179
379
440
434
108
991
925
967
923
972
194
853
902
74
171
715
476
82
820
670
582
827
649
805
885
501
11
111
664
535
482
843
266
923
277
374
266
554
342
189
527
536
394
781
962
565
496
438
647
316
460
582
143
109
739
380
611
750
844
627
638
678
470
904
601
99
631
219
5
325
408
532
213
802
665
175
720
162
966
719
830
426
301
326
536
41
58
499
143
254
126
781
933
948
38
886
399
669
106
404
346
514
289
559
669
954
86
389
116
52
108
299
479
762
625
15
155
35
866
298
290
992
432
223
940
822
109
339
843
567
95
189
82
384
748
103
339
834
844
807
239
304
106
718
66
83
85
221
119
951
872
761
943
304
984
235
478
445
926
321
13
21
510
447
406
610
550
745
796
746
552
35
50
11
105
469
94
190
42
565
141
914
326
436
570
662
671
48
108
949
369
473
971
231
920
729
841
822
826
990
568
378
377
970
741
483
439
188
673
482
753
167
748
432
603
319
94
627
719
554
576
89
27
899
672
947
628
866
121
454
856
41
185
233
12
278
68
803
466
742
637
572
909
386
4
864
705
450
491
776
5
420
865
32
319
890
332
300
756
453
106
964
847
291
549
859
570
618
14
388
712
652
960
973
38
964
837
95
415
681
871
420
101
89
804
772
331
136
72
87
942
179
403
141
822
952
352
744
922
366
133
634
18
93
607
408
410
797
855
825
830
79
597
931
520
401
55
203
890
480
290
184
659
45
325
833
997
677
578
272
395
711
906
766
156
866
174
566
15
382
391
845
813
340
776
685
94
183
888
984
663
530
520
674
575
197
508
924
874
86
196
269
149
455
35
305
321
562
872
336
296
615
533
461
956
309
146
50
844
34
386
508
916
906
182
491
455
690
767
329
128
964
950
277
419
338
935
92
252
807
780
548
422
313
9
730
974
507
780
818
541
518
326
457
776
861
300
231
551
67
560
32
383
863
661
802
201
596
246
453
755
26
353
530
339
714
260
313
221
393
484
114
911
810
923
40
23
223
271
575
642
184
959
26
47
620
828
600
569
75
405
324
453
110
206
793
824
467
458
45
212
942
511
475
105
434
515
128
657
787
55
299
323
14
325
370
987
506
322
556
933
79
232
386
189
439
531
13
258
990
410
822
284
921
297
389
355
165
518
364
952
925
15
275
292
693
997
279
551
671
187
484
750
771
222
939
562
754
304
172
96
66
994
380
339
644
770
46
809
640
762
113
917
777
740
209
822
89
840
373
760
27
209
862
151
432
153
713
538
809
238
986
875
584
366
566
228
488
964
389
480
726
502
398
855
594
959
678
683
800
51
795
179
613
657
330
45
810
396
935
619
634
921
846
570
639
412
799
128
728
188
960
454
43
358
310
989
318
340
673
118
391
468
649
4
126
980
401
288
728
688
908
714
609
754
284
601
519
435
729
247
624
689
54
19
400
364
8
70
704
33
540
447
502
189
804
980
521
557
268
249
598
528
963
207
635
600
808
506
35
889
105
11
931
159
382
331
875
391
401
931
776
941
379
630
130
535
610
4
444
231
253
42
111
569
602
746
169
762
252
556
652
358
568
583
869
950
266
745
693
19
676
470
960
407
100
442
942
63
446
739
646
52
781
757
621
383
856
142
146
460
698
150
170
618
85
40
921
351
785
614
722
813
436
34
221
889
476
515
952
275
254
598
679
36
707
652
771
563
146
917
24
196
419
194
815
504
234
736
207
371
702
929
185
139
963
406
380
792
921
332
419
528
282
98
564
989
102
687
905
248
957
929
444
376
123
611
233
710
347
440
81
402
370
266
893
685
24
273
477
298
957
248
826
239
698
742
580
800
429
485
48
738
766
845
115
890
456
348
952
156
140
33
558
510
652
803
548
28
76
377
326
33
626
504
624
324
598
556
125
380
394
525
118
160
370
585
402
179
933
354
335
74
740
245
936
744
48
484
772
124
214
451
509
840
307
485
516
906
41
993
638
787
519
756
948
241
342
350
772
627
57
107
701
797
352
990
541
752
826
665
228
40
468
737
232
776
574
749
34
968
742
672
755
613
428
703
207
122
406
979
750
463
87
803
612
791
793
505
896
972
522
124
12
991
214
245
767
788
346
801
108
88
473
864
54
253
919
261
376
677
240
478
140
679
281
104
823
427
609
719
399
132
195
763
475
409
360
242
550
706
395
658
147
220
874
201
473
794
814
201
823
54
679
964
86
313
420
909
740
382
980
491
514
175
606
341
585
967
583
135
25
330
145
524
550
20
725
375
166
539
577
989
946
608
305
32
273
78
293
365
460
273
856
326
448
815
667
385
782
250
872
159
932
18
684
482
390
761
209
908
653
138
249
599
747
555
983
20
985
276
738
445
901
594
771
701
409
438
87
543
40
311
55
972
681
739
806
71
852
15
331
505
154
581
456
253
488
791
625
473
67
363
918
320
310
41
22
71
479
461
615
519
772
22
843
454
761
649
877
965
664
209
471
170
142
927
423
982
719
49
455
138
764
725
811
74
766
185
146
597
646
113
116
770
135
311
576
248
960
454
213
976
15
684
147
509
964
922
491
35
323
298
525
88
375
688
162
141
873
308
738
871
773
206
642
908
517
570
156
829
376
722
805
391
758
304
252
74
579
95
461
902
393
339
990
768
27
153
261
901
813
351
124
587
557
766
847
426
689
356
607
65
78
765
809
836
69
61
263
0
157
724
903
902
63
245
23
91
750
284
344
564
988
468
503
897
587
702
324
276
58
931
341
136
48
150
325
470
564
588
470
73
312
373
975
728
971
998
819
721
635
163
637
623
983
140
520
922
843
196
198
901
480
892
390
528
394
67
998
958
7
469
31
319
194
7
47
165
357
218
239
344
733
876
967
69
17
840
991
212
36
542
465
868
434
207
397
828
274
747
139
281
568
170
953
763
529
352
280
239
923
519
583
656
396
551
725
765
743
69
329
131
611
794
0
45
2
397
225
628
144
364
262
65
535
567
180
416
919
460
655
194
332
239
203
80
142
280
197
885
349
526
16
960
320
368
357
674
765
583
655
262
947
917
327
834
484
507
251
755
319
906
302
3
145
505
435
639
785
632
524
135
158
893
447
831
261
805
857
379
388
512
993
687
781
672
522
617
531
125
725
202
31
27
206
529
532
641
520
669
626
397
156
136
290
604
319
903
409
177
634
149
41
627
188
175
299
710
792
182
187
869
385
571
896
591
100
780
584
620
802
562
369
958
699
659
562
18
915
323
547
549
472
589
177
661
764
828
723
908
11
911
778
748
834
26
691
934
159
275
906
961
190
276
919
889
287
834
259
202
157
807
104
982
748
633
995
864
461
718
772
824
981
902
572
815
929
615
101
440
891
360
401
433
988
672
322
627
506
581
182
664
740
286
646
488
919
993
352
732
711
125
909
45
379
833
212
660
449
666
100
692
26
501
125
366
174
447
993
680
380
175
696
121
461
694
609
732
687
314
465
751
439
726
796
170
559
360
831
8
26
931
52
404
433
177
770
959
976
764
991
709
939
688
830
753
734
791
837
422
105
654
525
896
380
673
67
292
33
898
652
60
181
705
464
966
882
235
925
211
351
917
920
642
957
102
747
691
893
585
465
351
239
990
599
972
663
666
264
697
916
916
109
98
621
925
64
856
512
342
67
215
611
987
858
920
89
605
963
334
542
429
37
782
771
637
754
435
655
370
484
572
286
945
22
260
222
438
116
735
132
535
950
743
522
160
663
963
766
627
649
308
408
687
442
179
676
548
966
331
918
450
255
557
747
277
817
970
68
933
705
200
820
7
296
342
168
311
657
286
938
658
946
698
345
389
878
21
289
196
705
208
999
960
117
746
590
934
716
658
219
773
210
39
133
506
733
653
818
742
939
108
400
885
159
98
626
37
471
916
585
176
124
584
137
593
331
727
527
399
737
98
525
947
137
10
806
222
663
976
964
602
84
364
839
243
814
466
632
286
382
218
462
858
802
599
451
485
678
330
237
415
428
762
715
917
772
521
139
787
497
455
389
933
171
228
529
986
46
161
272
428
731
86
286
886
38
89
723
716
419
960
484
847
74
199
116
846
720
607
985
569
62
374
502
586
955
31
924
1
545
196
782
628
634
420
866
672
510
590
389
929
550
873
129
625
424
245
823
144
205
809
713
619
535
567
205
842
951
129
196
496
677
978
476
312
398
343
984
908
933
725
190
835
950
319
812
374
916
636
870
121
797
583
741
332
503
298
175
454
428
371
302
105
701
778
769
99
121
106
360
406
831
550
594
134
221
406
508
489
42
379
963
839
314
56
524
817
354
51
623
134
774
925
592
475
704
361
926
177
467
638
936
651
540
530
785
761
936
293
603
331
24
566
522
339
622
46
508
328
97
132
463
223
57
55
698
113
768
977
291
236
615
579
239
156
109
24
269
397
669
224
728
694
790
251
33
764
649
893
445
747
25
908
322
83
963
21
196
83
350
839
319
965
418
558
473
527
934
743
277
604
967
5
298
110
608
683
226
258
576
671
357
954
579
679
37
894
700
585
978
402
425
649
368
195
560
841
75
494
936
352
450
256
357
748
718
966
783
944
576
712
968
933
666
899
612
55
794
665
992
124
67
417
125
787
965
685
981
40
532
917
392
982
525
101
83
595
419
866
540
995
930
860
928
948
759
893
3
905
910
996
29
977
765
507
765
730
192
98
122
724
15
866
59
893
320
142
488
739
360
380
87
291
240
367
239
352
260
595
257
170
591
639
500
708
146
617
791
690
715
265
767
82
132
826
975
452
968
816
191
328
548
630
971
789
998
563
141
258
158
750
781
101
389
281
809
535
250
952
226
965
218
993
47
350
171
375
154
491
191
697
171
91
328
143
880
326
706
373
584
216
476
717
317
865
998
478
753
600
431
331
565
649
676
965
351
847
340
505
338
883
202
509
974
530
4
207
856
62
932
793
278
408
510
595
626
861
74
379
461
857
710
379
506
738
344
209
585
36
714
275
271
268
784
597
799
141
156
7
203
89
152
834
849
15
429
475
876
855
206
689
64
268
420
922
6
116
131
943
152
845
218
775
466
355
725
265
496
881
624
51
322
777
885
172
144
667
999
20
874
558
61
939
178
834
861
185
950
993
128
455
190
699
230
656
406
307
273
254
189
250
305
511
379
543
35
523
210
387
895
84
297
308
375
475
142
237
660
93
582
141
548
124
192
130
133
598
438
406
852
979
8
157
842
387
52
878
262
262
617
157
699
914
466
74
389
608
663
402
53
597
543
601
722
87
84
855
685
874
613
537
853
622
46
695
361
99
925
624
713
542
133
764
456
599
191
198
560
854
600
613
452
495
567
526
582
651
381
267
877
994
156
730
968
554
777
682
5
703
306
71
597
791
835
406
391
26
604
303
233
204
916
685
51
483
211
633
486
944
252
363
290
760
445
259
314
223
941
672
278
599
743
227
390
930
633
133
957
589
436
190
145
353
227
196
188
790
181
27
734
433
390
376
193
836
635
860
411
928
532
41
879
627
268
622
557
254
755
866
843
544
56
341
249
635
537
789
777
719
816
863
504
207
240
50
395
875
910
158
156
794
199
387
773
819
9
330
425
117
197
621
13
605
962
262
593
851
51
370
922
220
234
427
427
474
477
174
701
739
332
857
885
883
597
658
54
606
340
832
75
889
453
88
847
415
702
440
266
106
810
189
326
44
968
105
518
797
279
572
888
963
781
773
198
378
783
604
337
123
436
412
365
889
853
212
656
555
652
923
13
462
464
339
859
784
444
377
581
75
301
821
38
83
594
588
461
377
193
798
852
629
563
217
871
416
781
527
323
433
802
337
248
618
676
107
754
473
836
687
548
138
508
587
221
102
527
34
831
720
833
36
702
396
605
925
164
387
452
487
172
607
176
420
577
853
527
332
678
716
19
226
854
528
165
427
982
693
461
814
765
646
202
819
42
807
744
558
546
549
398
719
156
574
139
85
779
19
417
457
735
437
684
941
965
849
368
299
894
181
113
660
828
667
479
222
475
224
781
21
125
531
740
633
105
232
718
885
251
136
342
986
925
378
279
242
580
999
541
474
180
7
134
8
674
966
583
149
542
364
523
667
895
263
300
352
495
370
237
98
506
932
436
431
662
715
25
242
714
567
69
895
574
555
255
248
521
838
750
415
554
273
82
449
888
734
154
736
105
743
834
963
675
271
395
690
986
772
932
701
339
353
948
265
909
203
514
782
394
616
198
948
889
280
750
777
367
904
865
472
647
700
435
675
971
182
365
309
955
649
362
646
3
310
912
264
866
778
46
260
394
244
208
283
877
958
412
244
862
278
716
510
978
503
537
301
38
902
610
993
903
973
991
906
635
903
170
501
681
217
761
75
813
322
710
690
280
123
934
495
753
2
5
83
506
542
736
544
796
346
889
699
671
880
958
307
784
480
160
817
49
274
893
863
596
955
553
876
430
488
371
183
490
728
618
348
622
354
892
770
53
781
470
76
14
780
735
150
260
896
967
310
170
212
173
766
168
726
994
950
566
718
134
409
798
104
757
421
811
650
543
864
783
13
940
149
793
28
299
406
924
267
716
446
831
241
564
999
319
558
302
886
628
788
295
427
892
404
200
703
406
743
919
190
109
212
691
254
240
991
660
164
610
728
962
441
969
526
793
289
436
95
527
65
883
822
844
127
578
44
831
985
787
102
527
248
314
218
503
554
209
163
70
819
244
32
613
213
910
758
854
699
853
381
116
88
555
960
215
134
356
398
119
495
501
646
744
815
864
247
722
426
762
144
597
6
529
210
220
439
968
74
138
173
808
606
261
363
566
829
497
922
227
968
418
80
614
162
248
831
761
970
257
523
114
854
530
643
417
102
435
385
528
925
911
688
532
524
52
450
353
901
373
581
870
143
13
484
305
261
315
418
231
924
941
698
779
823
693
196
277
128
933
158
406
196
846
938
721
898
388
74
152
113
7
22
256
21
858
913
282
526
331
866
450
625
564
229
800
257
777
430
386
63
588
792
259
786
82
980
37
822
55
189
936
414
211
544
435
421
810
718
947
141
936
398
118
500
979
919
757
109
349
495
172
289
639
431
75
73
764
112
896
819
301
184
585
864
728
21
286
890
91
585
32
27
335
502
527
315
773
636
424
474
484
948
763
475
731
191
549
495
303
797
666
957
981
252
173
61
273
811
952
716
397
336
743
732
838
622
399
964
610
175
438
446
123
202
922
855
745
471
702
400
620
369
357
601
973
883
14
598
694
318
314
91
6
409
176
845
383
575
161
993
751
599
440
226
153
714
433
898
185
136
299
157
857
8
758
830
891
124
428
586
443
94
29
449
503
205
646
886
781
807
231
884
759
23
110
912
737
544
163
274
32
462
431
889
470
189
71
714
666
499
300
461
945
329
262
448
887
261
686
668
420
917
552
179
941
14
444
30
558
607
305
590
69
736
831
891
278
902
957
944
753
609
757
698
939
19
498
826
280
184
846
53
454
750
232
747
764
676
777
323
635
82
265
56
819
449
300
97
351
257
393
105
867
150
155
158
169
654
336
802
190
182
855
644
932
439
743
48
468
521
723
103
955
989
512
774
438
812
223
141
69
616
598
288
766
754
446
288
760
782
442
950
316
649
947
600
440
690
649
908
563
372
364
519
713
228
645
503
40
869
645
461
485
595
750
604
349
196
244
109
331
686
412
647
687
359
600
127
401
249
388
965
973
104
836
687
332
481
542
372
350
539
833
188
135
935
792
484
132
388
946
815
426
710
814
113
421
414
592
822
15
980
139
989
84
975
28
416
457
570
140
159
110
326
347
245
261
491
81
745
879
379
560
305
89
375
770
862
789
363
685
157
695
176
146
780
504
174
548
961
744
41
472
206
367
820
451
628
311
885
374
543
264
286
200
706
13
323
568
155
686
605
312
381
782
458
513
286
632
414
599
728
455
71
935
174
243
738
154
907
623
880
450
888
167
2
946
180
325
514
335
363
472
647
97
606
457
610
244
441
376
195
170
183
266
105
709
862
843
864
769
819
744
219
59
263
221
5
796
899
871
483
262
343
483
359
301
940
322
545
382
698
740
904
234
359
361
943
221
556
807
990
375
904
561
434
519
134
791
667
33
663
151
648
358
986
7
660
278
329
557
660
380
298
564
614
657
925
557
230
482
717
220
209
973
133
644
844
619
435
512
653
450
15
301
809
1
660
821
279
990
378
292
370
28
208
336
685
486
893
267
320
962
839
529
935
972
525
132
592
313
644
597
763
659
250
924
660
910
97
291
252
476
583
974
504
792
310
542
278
556
809
950
518
649
479
806
973
5
938
917
318
934
514
433
593
116
358
605
379
455
896
631
283
832
606
140
976
916
34
606
824
843
556
695
844
35
501
170
392
791
87
62
725
954
848
670
70
558
275
801
365
523
433
649
707
391
141
683
659
175
289
484
370
845
179
215
233
32
737
977
175
824
392
900
130
240
922
553
798
549
354
163
424
139
164
132
530
305
815
190
832
457
674
203
654
853
770
239
237
507
217
412
683
961
664
166
201
586
719
351
487
425
866
911
565
383
43
95
40
211
285
873
668
311
76
674
164
198
914
753
705
483
165
740
444
829
906
997
767
625
700
254
51
566
166
968
301
561
63
342
772
701
215
792
12
643
467
177
841
381
282
898
216
448
638
660
629
545
9
397
522
709
3
925
627
521
893
929
83
309
271
207
10
838
352
22
833
819
551
26
552
834
924
768
282
914
780
263
811
789
12
686
498
16
611
477
537
857
406
972
166
677
532
176
867
884
198
700
55
102
78
959
936
354
727
570
269
859
833
432
0
846
118
850
214
82
327
103
939
734
428
457
763
960
633
631
196
183
683
251
637
762
210
573
116
289
143
737
500
329
170
500
527
288
350
741
722
677
844
661
763
272
118
527
584
103
510
780
639
193
383
276
955
945
202
424
586
697
161
86
26
331
586
553
972
288
294
694
318
491
708
81
115
178
960
700
282
470
832
273
664
216
901
971
161
103
395
748
801
909
186
827
592
125
733
564
413
379
611
731
870
319
165
338
849
125
38
131
596
870
756
612
438
658
583
600
113
331
700
914
240
886
94
184
363
827
749
777
206
712
860
429
383
377
767
232
503
157
716
451
379
472
63
818
482
998
770
596
681
470
510
273
708
956
458
72
783
559
201
342
271
413
123
654
791
242
886
646
399
602
97
130
427
512
948
909
862
718
857
544
540
368
169
601
676
627
25
460
538
578
154
809
991
277
815
134
871
54
780
622
8
229
752
435
93
701
697
956
771
554
852
664
274
373
265
951
353
642
763
891
220
917
53
211
546
220
346
417
274
126
39
283
708
143
70
801
196
119
109
968
674
313
632
300
687
249
603
40
891
366
283
111
635
336
674
181
557
20
950
183
499
341
818
207
485
889
360
681
8
470
1
34
135
985
687
174
586
290
214
477
657
850
940
644
538
615
826
447
635
128
631
486
470
449
45
307
690
406
340
51
228
694
437
363
679
124
538
266
415
104
95
424
306
36
68
845
3
246
292
990
727
275
477
549
77
522
208
767
280
548
170
508
242
608
224
274
84
114
892
851
570
987
627
877
375
696
722
378
294
366
369
373
994
846
922
71
720
130
190
1
31
361
861
625
321
85
899
405
199
143
257
770
131
884
647
506
932
721
237
579
439
606
952
433
804
227
504
876
709
47
877
740
408
739
366
81
824
617
486
376
761
95
498
244
332
497
750
264
218
339
195
9
945
500
443
101
727
299
978
436
698
207
529
106
946
895
187
123
864
26
851
625
121
349
869
453
846
972
70
416
311
265
425
609
117
220
62
844
872
40
633
570
600
162
29
546
57
568
21
273
946
224
899
420
573
120
225
771
92
295
187
756
913
965
365
30
185
779
227
409
820
860
332
772
22
361
670
431
281
692
704
228
268
955
648
842
76
873
965
520
521
153
276
786
470
993
168
7
773
395
417
945
607
749
717
981
462
387
764
95
431
821
323
700
776
323
894
852
549
859
373
70
12
1
856
834
995
24
842
768
772
259
713
379
360
430
361
174
169
125
269
601
946
945
301
75
268
195
279
169
406
4
239
771
6
447
605
1
824
447
121
596
706
834
327
418
616
688
592
137
166
214
738
464
511
391
539
131
938
819
301
345
823
540
116
181
340
721
182
164
169
655
112
227
489
439
646
457
480
590
947
646
804
685
462
315
77
2
799
367
173
100
712
348
992
828
882
332
902
416
848
71
72
960
298
913
400
296
371
232
887
318
878
43
355
692
711
784
694
510
152
219
962
864
920
954
45
802
287
947
218
487
370
290
448
668
204
200
317
927
432
556
597
662
951
304
354
14
89
401
876
593
972
838
809
892
793
854
46
432
801
265
919
171
907
367
192
463
919
861
742
351
417
339
365
368
996
720
735
437
121
611
30
93
450
839
338
595
694
384
27
847
1
946
371
909
666
915
724
585
776
467
289
545
158
6
265
154
726
0
591
199
612
973
645
414
813
335
9
859
719
36
58
73
334
781
334
0
48
58
938
176
525
579
721
684
585
987
190
664
987
134
863
951
107
860
365
920
195
374
131
267
762
542
340
97
323
674
449
372
84
739
548
610
318
622
646
256
609
836
920
948
970
135
252
430
996
617
702
543
344
834
162
458
376
502
555
51
528
357
423
613
96
324
575
415
946
221
671
907
409
943
207
732
78
459
162
426
429
864
322
773
50
484
583
778
339
139
830
219
848
605
832
944
281
759
711
227
980
734
486
742
677
694
474
108
153
988
534
582
204
208
707
255
693
643
33
384
782
215
603
982
821
436
926
102
195
638
682
528
724
520
270
402
214
96
862
720
84
748
654
640
957
714
895
650
357
281
34
491
496
637
473
669
425
399
124
973
389
158
853
466
678
475
220
893
571
82
965
7
830
619
647
787
333
895
789
690
528
175
181
376
165
654
46
590
406
522
915
147
680
768
613
710
243
833
955
166
915
920
525
98
540
525
885
225
772
27
916
300
202
97
676
367
104
74
310
862
596
225
9
628
346
975
691
941
160
646
460
428
567
985
526
459
862
763
684
634
790
952
934
993
402
963
712
506
389
22
720
986
248
81
966
946
56
9
887
569
656
347
997
575
685
875
34
547
638
70
534
781
23
820
774
425
783
838
283
173
861
3
511
461
84
829
407
493
839
646
62
847
994
411
422
31
638
808
930
276
230
464
409
253
285
535
30
420
374
313
945
235
668
808
696
105
638
103
598
829
749
12
676
95
775
450
478
413
610
409
41
840
225
451
94
862
986
476
283
360
790
580
947
810
389
643
915
379
98
513
208
200
877
236
647
4
38
126
417
648
887
459
488
112
262
934
975
248
411
610
961
553
190
908
363
579
904
279
958
2
144
518
554
374
106
202
378
144
680
148
792
567
959
281
31
221
567
6
821
978
616
782
883
807
43
599
738
947
230
49
301
726
567
856
100
674
58
831
818
90
979
963
657
290
596
688
511
163
47
332
494
15
467
377
174
510
976
913
809
206
962
110
933
881
966
385
555
376
216
726
466
547
689
475
837
285
516
700
800
563
385
294
930
204
672
105
66
648
18
875
207
332
337
140
213
304
877
769
32
446
847
851
993
888
326
183
525
194
235
325
109
620
620
40
824
292
145
890
292
163
117
499
495
455
991
60
111
221
181
143
667
28
346
660
916
25
195
441
219
431
119
329
403
739
721
228
31
866
470
675
381
940
527
228
395
870
288
858
91
470
353
758
850
700
771
119
725
318
