148
103
236
470
383
884
23
456
105
229
908
265
135
442
981
997
315
613
980
694
604
210
196
348
589
8
689
875
920
624
278
69
79
866
891
462
102
914
919
559
143
827
825
630
621
806
628
936
419
608
982
375
171
531
724
112
539
765
987
460
389
617
881
469
483
772
283
585
38
202
145
533
381
970
163
2
128
143
291
547
104
273
274
275
804
998
387
696
115
726
156
505
344
389
326
827
161
609
765
551
164
262
84
545
232
599
900
712
95
191
611
199
816
885
826
973
884
565
669
999
291
177
856
635
566
534
815
79
144
580
630
308
842
66
205
426
17
457
138
112
0
749
663
817
986
489
142
870
406
811
222
698
988
430
685
906
965
500
985
461
80
615
121
274
33
678
52
402
136
542
867
136
291
530
305
278
372
447
500
778
610
74
828
950
857
514
856
822
14
841
635
447
808
756
73
841
434
126
596
570
668
463
59
312
993
364
942
717
164
442
848
774
869
676
725
726
190
581
900
557
423
887
4
583
643
77
777
429
555
373
352
224
836
763
536
181
127
478
899
291
272
747
66
493
423
791
571
966
724
823
523
499
710
527
83
705
956
860
487
512
233
839
88
69
602
624
250
81
454
501
725
78
600
143
572
376
934
495
342
10
319
217
510
381
96
593
87
52
453
926
916
686
765
4
107
719
980
709
152
434
211
877
865
811
20
437
539
306
932
881
669
603
98
179
985
194
772
424
599
577
350
515
615
467
872
722
538
852
431
690
639
994
920
504
158
292
941
697
951
225
931
620
181
381
799
166
928
923
590
527
852
940
394
467
407
618
189
945
471
972
987
110
967
259
614
477
552
907
174
503
484
457
475
665
839
626
831
767
901
773
646
753
65
392
220
824
11
761
121
834
733
109
944
52
720
910
529
272
169
704
127
653
161
954
671
352
580
502
471
481
628
117
234
693
862
806
870
225
567
991
59
301
452
355
705
173
617
235
445
786
939
925
791
452
879
462
805
812
317
276
293
945
746
880
990
960
38
860
185
606
204
596
259
656
951
964
829
568
199
627
354
490
904
497
295
783
960
452
947
277
728
241
222
826
473
564
138
511
777
323
469
981
919
728
637
222
45
819
790
596
798
496
439
54
994
734
837
954
186
137
583
266
378
157
445
203
721
583
714
850
907
184
831
178
264
821
401
661
992
543
258
142
392
49
196
738
783
385
44
321
522
627
587
900
784
32
455
857
616
170
708
875
706
891
405
322
712
158
984
56
702
594
198
94
643
394
184
778
780
228
99
302
855
686
555
991
71
10
848
39
532
908
266
238
800
671
913
864
830
249
921
884
843
471
330
838
866
514
616
998
742
67
652
949
105
207
940
176
570
140
215
454
49
833
45
201
505
958
65
687
207
338
923
402
810
253
240
676
119
208
26
213
275
678
514
380
238
454
909
160
946
476
614
995
310
659
196
167
617
614
206
176
952
129
578
762
734
170
790
205
730
816
418
5
495
932
738
85
738
999
245
684
475
859
32
785
871
580
304
840
194
510
17
147
991
947
261
77
470
52
282
200
868
52
558
715
336
296
800
74
295
397
111
122
609
495
260
480
75
564
672
270
427
689
769
418
989
30
496
459
82
778
659
303
183
217
18
519
865
171
946
512
920
409
635
529
904
895
361
979
811
34
601
238
75
370
657
64
753
505
875
835
635
535
490
818
104
861
690
322
384
636
834
304
45
821
186
301
68
547
280
232
933
882
470
9
604
479
425
357
984
301
545
620
188
35
790
292
896
480
966
280
468
153
937
865
974
123
166
395
22
799
627
956
33
449
317
637
929
742
347
265
395
892
237
583
279
380
228
176
860
194
456
681
347
745
898
674
868
417
421
891
216
400
199
601
849
516
590
130
610
937
396
358
181
985
941
461
365
521
637
578
68
445
259
767
191
509
441
411
926
214
302
494
614
853
95
816
721
38
298
684
975
46
42
509
32
335
970
397
857
959
975
925
756
586
692
299
448
486
711
726
52
365
221
19
219
668
187
940
706
485
624
34
532
18
543
564
354
865
313
563
824
641
488
580
579
532
880
27
370
943
754
775
308
327
794
879
347
981
820
54
466
796
440
350
167
335
266
521
200
580
84
376
573
924
308
152
808
188
180
531
131
286
306
792
613
100
671
960
81
843
366
899
992
158
250
159
493
868
32
45
448
116
421
373
392
730
526
200
270
58
731
754
344
389
546
957
489
569
269
922
413
636
174
405
794
776
916
640
644
948
685
445
64
459
818
808
189
344
8
811
754
92
565
98
481
463
407
323
33
677
597
446
665
771
203
811
547
119
451
544
67
489
989
483
948
159
643
489
856
3
300
610
447
218
709
281
33
468
604
418
145
201
216
162
325
419
974
224
890
777
768
309
266
109
144
566
269
787
55
125
791
708
87
590
278
148
871
311
617
475
82
762
29
298
277
706
718
251
930
960
380
51
270
999
160
414
565
781
554
973
258
697
33
346
287
311
846
159
974
463
986
56
578
367
355
855
73
425
458
356
385
838
759
7
837
919
774
403
53
328
728
663
377
761
361
664
424
208
175
750
671
514
807
249
881
514
104
307
291
562
663
28
753
774
36
590
45
810
345
98
490
425
114
867
186
475
883
962
683
59
713
707
573
872
956
806
738
413
113
29
327
128
57
80
902
93
23
948
255
720
398
745
146
512
612
332
988
848
295
23
907
360
730
832
232
39
990
970
804
104
351
131
584
408
564
839
854
587
139
461
307
537
207
805
402
171
138
742
19
785
765
278
145
848
110
729
887
101
51
691
557
402
174
493
162
90
332
368
29
471
830
689
361
37
494
763
560
632
857
580
769
622
858
266
822
321
995
709
774
398
752
683
800
279
176
315
369
861
683
399
332
513
88
45
902
582
160
463
567
17
395
336
992
605
955
814
926
302
876
52
701
628
735
853
259
264
168
629
125
204
380
809
717
468
207
972
402
367
787
969
385
182
658
377
787
613
543
66
267
419
470
320
400
558
174
659
822
694
288
299
898
668
108
968
488
315
940
891
35
79
212
420
261
870
149
400
835
44
818
103
464
289
423
864
199
949
523
21
644
164
672
894
184
780
862
673
448
154
916
835
233
128
607
846
999
756
247
186
800
417
641
616
58
417
480
257
366
4
630
362
520
302
257
704
435
471
729
235
626
645
70
859
774
677
706
125
785
305
663
937
74
305
554
133
74
34
742
440
390
373
155
262
27
764
967
814
235
696
49
861
694
471
73
820
148
779
297
933
436
960
223
862
617
777
995
691
163
90
484
906
815
639
168
842
403
135
9
638
184
58
852
878
530
925
50
30
56
347
316
492
307
539
354
925
316
702
616
831
144
100
737
959
91
258
153
846
393
162
485
929
573
337
159
455
614
209
485
670
556
801
514
216
340
220
493
8
922
109
840
418
562
929
729
5
187
883
852
933
397
689
214
322
378
374
777
992
935
615
662
844
416
176
412
109
396
905
117
671
366
309
89
280
239
819
286
778
54
138
711
803
179
278
126
557
652
255
549
939
870
211
135
287
739
547
748
135
452
865
806
819
527
248
99
118
419
385
896
825
875
960
628
54
238
106
611
242
362
512
181
232
723
317
871
462
216
619
950
669
837
108
488
364
356
939
834
127
677
82
952
552
42
933
959
632
39
922
874
753
435
408
338
510
77
209
973
293
181
275
314
370
383
154
86
92
94
920
219
771
2
524
675
397
457
634
29
496
557
256
602
992
16
940
502
93
149
827
738
682
454
53
404
838
559
490
282
653
762
501
776
765
377
452
514
834
86
895
683
995
151
285
339
167
225
194
612
726
373
703
761
828
108
165
666
667
656
948
321
418
801
97
535
179
901
401
365
988
297
48
335
448
685
675
968
262
221
932
989
594
635
750
422
95
267
440
763
275
740
436
694
542
533
581
73
787
335
790
775
632
191
462
432
876
489
752
139
710
685
480
305
672
582
79
768
849
520
531
125
260
967
171
154
852
104
579
639
439
370
766
71
561
581
504
789
70
608
280
133
293
760
790
966
342
869
734
192
389
617
669
2
936
840
156
788
944
88
780
736
458
546
807
371
479
663
160
550
272
441
683
917
553
473
883
896
342
969
440
84
938
109
438
874
301
594
15
597
34
795
333
492
693
141
215
173
156
376
75
780
169
758
698
722
583
933
970
277
255
410
713
193
871
151
420
172
98
435
770
132
582
103
977
627
596
192
152
105
920
227
885
89
337
935
164
272
869
486
550
476
249
615
21
120
767
441
645
217
228
767
349
162
222
678
790
171
871
294
276
791
522
513
233
211
801
749
484
22
235
386
498
484
353
519
957
472
313
954
689
541
721
391
704
943
69
846
466
292
140
742
84
14
608
669
578
409
418
414
431
653
152
929
490
505
800
799
978
113
753
19
655
474
762
711
769
832
909
236
124
401
330
560
768
938
229
346
699
647
112
130
653
264
411
495
121
564
294
451
677
47
471
684
521
233
747
642
417
656
878
894
410
209
454
178
499
684
876
551
683
340
681
336
604
445
183
77
9
477
529
686
524
352
723
397
937
470
40
355
479
270
249
889
831
55
419
683
91
647
234
775
987
267
463
943
712
647
20
73
124
901
112
1
253
835
398
191
305
790
898
136
413
499
25
244
906
796
927
998
443
513
773
430
781
588
725
493
587
746
567
712
647
31
65
253
866
815
796
523
958
46
660
371
545
37
615
803
186
895
801
629
408
926
412
189
515
137
35
102
235
954
166
235
985
583
488
203
399
284
726
357
682
738
728
227
128
695
382
314
942
184
295
351
110
59
892
977
549
279
432
784
233
950
371
570
534
859
773
933
495
852
642
177
590
370
756
70
417
139
384
360
675
32
63
137
91
307
467
992
587
899
129
172
849
500
743
735
712
516
668
207
368
310
737
311
32
845
381
450
336
118
162
11
150
225
149
593
884
968
586
471
867
715
644
68
567
387
804
279
903
824
839
624
487
576
935
871
421
316
673
110
786
835
121
936
412
622
882
297
590
820
768
809
887
764
878
454
151
34
86
407
210
925
31
697
501
318
569
274
634
594
384
773
430
858
709
194
832
943
491
775
115
612
584
354
376
814
809
880
848
895
639
59
820
22
108
673
340
29
299
326
624
684
99
406
894
161
600
726
456
92
501
572
704
86
926
432
252
87
664
453
334
303
864
506
325
972
179
17
2
831
344
978
515
795
384
761
956
984
487
413
76
341
337
132
779
263
917
31
351
581
484
37
237
348
544
562
673
75
580
27
906
276
5
773
71
741
534
380
725
374
793
154
715
130
638
494
745
555
877
96
489
362
486
726
62
30
640
87
105
572
114
12
848
471
137
272
212
672
652
290
46
445
444
761
927
434
607
672
342
484
121
831
198
607
909
613
989
901
700
94
474
167
458
674
638
596
946
203
620
598
493
666
395
289
779
674
75
738
699
417
574
820
600
773
779
861
738
768
763
790
214
237
957
25
263
948
973
210
503
593
160
348
259
908
637
390
934
64
128
633
482
702
805
434
827
936
296
917
56
59
708
271
648
17
648
911
317
621
473
820
214
986
168
825
894
157
215
828
222
695
814
56
749
619
490
929
556
138
846
612
197
906
235
197
276
883
461
593
856
934
766
70
920
286
247
166
444
814
347
18
509
161
426
611
132
916
540
40
55
738
5
604
997
592
154
273
476
615
218
684
901
984
755
174
271
2
692
67
817
39
85
678
552
863
641
37
779
181
77
186
272
434
143
621
27
297
894
855
264
112
539
517
449
646
691
72
649
384
139
818
775
576
848
328
439
490
717
570
23
146
757
647
581
252
268
608
901
514
815
165
979
354
682
428
1
726
500
2
110
991
172
885
567
20
565
358
862
282
928
238
429
37
885
362
289
506
322
190
20
137
707
999
491
390
427
844
116
279
846
578
270
370
815
189
391
381
899
605
15
828
195
796
865
81
158
507
939
832
49
959
969
757
959
813
499
738
657
967
370
856
545
992
226
360
182
969
93
81
927
109
261
122
905
479
555
416
338
494
600
387
454
570
144
765
735
643
855
392
610
225
600
507
218
827
868
752
796
961
185
723
422
447
198
680
278
753
448
616
248
48
3
54
618
500
171
353
143
26
98
106
252
698
965
822
877
185
574
26
499
759
749
921
558
299
601
836
53
401
452
653
450
808
59
420
308
230
126
803
256
224
261
860
274
227
682
152
412
608
178
911
720
279
185
278
579
138
467
984
540
271
637
990
79
696
410
387
278
536
543
534
112
804
747
387
31
781
891
796
390
421
707
462
700
892
740
631
31
559
615
923
831
604
913
262
652
675
2
282
564
545
817
676
349
916
415
381
697
306
177
439
727
236
901
780
481
994
411
864
553
379
787
736
335
52
351
340
727
353
622
291
898
791
320
247
707
735
980
757
394
509
196
473
98
98
253
579
92
17
795
997
748
582
734
435
986
85
775
65
790
750
357
688
541
29
287
601
116
620
358
510
129
554
336
579
4
589
510
96
958
305
446
58
239
532
494
225
969
269
291
759
19
0
447
913
381
86
514
497
706
872
360
188
778
696
767
783
637
278
231
596
935
29
654
175
561
500
752
530
122
395
289
493
395
88
406
128
527
920
626
233
144
338
773
275
34
541
410
671
171
641
619
106
671
626
633
584
126
386
115
248
781
756
742
529
845
500
657
372
773
635
957
269
973
731
544
359
624
954
31
147
948
650
253
971
628
887
555
755
625
670
355
406
427
97
287
624
950
297
348
723
932
657
992
258
740
537
617
364
843
0
511
791
3
117
762
631
356
318
386
981
340
94
739
119
191
27
95
493
324
795
216
608
453
561
866
193
98
484
910
293
484
773
85
487
242
199
119
598
869
857
579
562
951
319
681
495
698
777
988
22
572
557
630
377
118
849
923
568
333
833
861
169
958
298
9
201
850
480
799
719
337
731
281
641
402
315
488
452
92
828
474
16
385
456
746
855
305
669
775
990
854
637
160
812
287
169
365
137
1
517
209
690
600
490
331
354
805
171
806
249
0
280
618
737
88
364
945
394
385
720
384
239
709
896
403
349
417
121
486
418
638
695
109
590
538
792
944
695
316
750
945
668
30
915
757
118
279
702
864
16
775
601
255
484
497
10
185
267
131
672
685
121
719
146
711
257
291
655
953
607
757
250
627
787
165
384
258
796
87
474
812
214
75
419
50
925
781
236
192
265
260
229
738
979
376
450
589
19
457
542
978
215
144
605
354
661
989
964
457
428
791
621
642
866
392
45
143
525
281
335
790
541
565
529
872
293
331
461
312
140
355
290
707
499
247
414
160
236
378
969
665
521
942
659
388
334
704
883
212
337
219
2
878
136
883
751
781
566
564
445
707
920
87
766
771
334
180
284
570
911
605
587
432
548
247
172
234
303
56
446
641
627
801
871
763
36
974
896
603
539
341
662
811
428
428
582
114
609
218
684
520
824
624
304
372
223
477
958
526
533
757
167
160
558
391
275
594
365
171
549
904
864
211
715
644
992
650
758
601
868
794
473
44
418
777
768
993
254
727
520
139
836
39
651
394
430
926
340
148
449
890
52
665
453
120
309
445
122
419
398
342
214
871
387
984
1
155
978
607
234
850
747
70
241
398
816
24
677
157
172
478
399
576
144
204
696
453
650
170
873
48
513
439
272
900
775
625
55
753
232
642
955
331
712
197
82
529
573
759
686
745
589
437
321
733
641
370
187
643
540
412
692
53
203
316
953
978
941
361
84
173
3
39
857
715
588
939
596
161
50
634
906
639
71
580
373
65
950
912
708
490
676
752
896
879
68
849
857
361
562
941
887
565
333
744
633
921
35
229
435
85
864
341
76
287
273
449
352
223
713
413
66
741
165
962
972
586
163
830
947
726
123
834
643
808
578
276
82
613
858
517
50
722
210
127
361
484
928
66
59
994
479
125
735
644
439
708
230
603
890
530
681
365
364
324
174
295
601
256
260
459
125
663
533
335
790
894
819
70
960
231
64
791
356
152
436
148
212
18
751
102
548
784
819
265
108
345
912
709
953
524
520
78
187
405
414
977
652
585
48
964
816
464
756
525
616
192
673
828
562
776
282
463
560
454
80
668
799
992
730
753
516
602
183
704
8
597
33
660
535
433
624
351
898
732
876
866
924
901
47
839
677
681
302
589
135
734
258
287
726
340
392
242
942
575
298
302
525
684
314
60
117
291
411
367
23
640
586
300
541
633
139
571
666
793
160
802
527
770
89
605
110
481
199
405
56
850
59
933
534
726
993
651
17
757
371
40
749
957
692
642
942
183
213
608
976
726
762
855
496
203
812
959
684
12
716
93
862
127
26
396
853
372
399
870
129
122
263
878
431
955
520
373
139
86
334
467
812
448
675
660
652
487
619
688
851
687
133
713
815
512
461
668
884
861
891
365
983
506
595
767
813
467
140
304
553
826
772
717
275
799
378
279
286
349
967
138
37
101
203
204
965
665
224
849
878
115
566
213
973
161
980
787
628
473
91
534
651
215
251
278
14
981
557
301
331
877
791
720
330
346
924
295
11
148
496
241
616
62
455
589
575
787
376
203
612
820
89
264
35
341
542
50
322
100
703
5
977
494
725
307
840
649
954
204
150
450
445
766
512
252
707
87
392
436
642
4
256
84
268
291
777
811
693
451
263
396
457
592
242
534
251
83
536
205
639
686
655
436
804
519
41
511
958
433
299
952
789
555
36
410
199
813
573
892
617
836
289
74
780
531
608
31
966
144
236
957
182
243
394
986
762
787
850
720
572
149
672
361
705
61
771
256
226
696
148
843
884
789
917
664
321
878
695
639
374
283
597
557
526
343
895
288
482
745
360
54
247
33
767
304
446
891
560
672
587
708
516
472
498
785
136
171
663
184
162
38
467
111
947
994
454
842
634
288
940
995
342
187
380
110
491
826
353
51
498
940
111
14
764
961
800
253
132
815
437
647
205
256
758
504
602
565
347
237
853
639
584
196
178
964
658
669
790
363
72
640
303
535
7
420
497
807
673
981
974
110
628
180
718
387
684
321
952
383
558
157
374
142
705
552
458
715
573
248
78
997
888
382
533
247
154
382
54
827
715
381
289
344
913
7
83
949
328
387
685
238
544
59
732
250
964
190
965
889
438
44
887
679
778
772
926
932
506
333
759
221
66
400
565
979
407
0
928
736
387
965
974
284
25
707
534
341
249
851
230
40
247
469
719
377
241
997
309
99
682
420
321
100
820
886
79
580
239
360
316
626
325
642
910
702
701
796
43
951
0
626
991
247
95
62
977
689
59
638
788
94
411
109
194
583
348
626
163
587
338
479
565
15
474
828
718
175
976
113
126
976
91
117
576
539
179
553
228
591
191
368
37
602
478
583
186
178
561
349
117
899
181
682
915
655
862
985
830
839
450
309
167
542
426
743
81
958
296
661
549
840
29
586
794
859
521
980
389
83
682
506
982
215
541
249
870
403
586
52
594
37
361
762
931
140
505
364
98
154
377
999
346
758
937
140
618
458
121
7
893
155
866
876
370
407
477
592
162
64
644
757
453
358
871
736
850
728
452
300
882
829
299
228
587
588
369
557
398
842
565
292
997
431
168
719
190
997
311
352
413
307
461
866
17
332
954
219
61
406
519
295
587
170
876
175
758
597
84
157
439
649
449
788
432
969
859
622
966
170
327
732
829
788
598
847
473
553
66
886
311
938
181
899
108
57
426
219
6
510
376
797
512
177
585
296
498
796
271
816
966
598
548
148
738
147
347
563
52
765
449
715
703
983
966
164
392
392
383
399
255
111
196
119
288
134
415
786
930
686
602
249
636
503
397
727
2
744
290
54
509
740
121
213
723
88
729
115
832
112
866
87
223
63
206
863
197
974
1
127
12
955
376
649
458
125
376
460
869
666
866
731
758
988
944
833
76
673
949
908
137
815
348
712
230
906
575
427
880
576
907
893
531
635
894
342
761
622
802
982
288
669
713
399
9
9
232
437
34
533
697
171
701
45
883
931
952
810
711
184
738
618
429
622
605
675
964
718
297
118
701
938
139
766
337
148
776
921
585
162
455
283
686
156
680
569
87
984
732
798
169
470
768
950
92
374
626
56
444
923
175
497
213
314
264
550
815
392
824
400
554
279
35
240
435
716
162
874
700
894
25
221
364
793
172
457
519
150
865
964
425
392
461
639
707
77
541
522
469
365
274
24
644
310
616
431
378
778
306
78
24
683
300
741
476
824
198
348
974
415
664
399
808
125
38
867
555
580
389
24
297
15
400
294
325
17
725
703
147
383
134
524
66
786
265
895
610
463
595
584
230
259
335
38
736
374
905
291
306
646
316
603
662
68
249
339
437
975
395
585
710
881
109
129
667
726
24
277
189
971
213
771
230
548
162
966
274
67
258
580
66
926
536
80
994
785
771
432
112
518
369
823
399
830
304
66
556
680
695
97
651
908
868
881
809
30
199
83
450
457
664
868
735
552
948
730
689
71
514
802
590
235
977
341
65
633
760
621
313
455
70
964
716
938
197
525
321
396
960
123
206
976
991
941
528
291
23
570
362
537
372
304
772
701
646
189
686
406
810
999
861
232
315
929
523
512
806
844
260
767
319
466
743
310
408
624
953
783
194
315
321
918
620
445
971
618
635
657
24
797
656
237
30
323
167
553
835
325
749
447
92
420
914
188
82
674
812
35
457
358
350
130
276
322
576
247
940
211
904
316
360
912
554
742
235
73
647
422
398
396
869
843
168
135
383
250
809
195
285
619
905
988
749
181
662
677
780
955
240
684
271
601
948
177
343
535
250
991
309
1
739
530
196
908
666
579
510
827
126
796
446
31
136
548
564
798
225
344
753
466
380
25
67
328
554
762
215
805
105
524
158
845
54
706
105
72
285
615
900
763
411
698
794
547
246
358
698
824
702
451
290
434
828
709
762
383
471
977
540
577
853
50
774
907
756
879
980
393
846
232
156
610
930
302
509
529
12
207
353
66
11
995
500
191
704
262
574
527
591
466
456
796
868
230
703
624
461
35
17
308
619
173
270
550
827
779
431
839
987
784
905
350
779
757
541
835
371
468
362
962
286
819
758
155
401
814
779
215
201
797
875
821
322
145
723
502
924
154
341
263
290
599
965
69
356
507
256
728
975
618
42
261
789
153
768
543
967
548
758
520
697
985
341
371
130
64
873
406
570
215
22
860
166
987
281
522
494
537
602
821
508
645
435
649
798
203
192
117
751
302
637
800
639
331
172
769
747
397
528
318
964
550
178
130
537
460
653
32
349
607
205
857
252
640
859
50
844
403
519
947
58
157
748
697
488
272
467
235
669
995
905
634
897
84
764
434
896
769
818
245
377
24
455
981
16
314
384
860
69
903
160
127
60
260
825
900
532
644
488
553
991
393
187
888
829
304
322
77
425
493
675
802
517
130
136
533
796
520
746
865
423
906
993
836
166
170
736
50
814
576
603
805
322
791
693
503
447
367
581
872
860
256
27
729
738
163
263
534
683
9
751
106
267
96
942
785
266
31
835
80
959
790
237
281
581
282
137
380
650
718
253
862
974
280
592
712
443
207
598
478
568
349
584
835
798
879
972
64
262
807
497
573
597
86
207
531
369
344
911
371
62
516
233
388
796
177
100
591
384
50
69
952
751
6
139
549
237
111
966
851
270
463
424
868
549
631
751
270
975
14
641
389
531
227
777
679
756
229
623
141
279
44
445
383
50
585
932
639
696
898
842
967
713
267
187
615
250
290
885
578
304
879
319
187
458
97
219
214
678
842
355
310
886
801
693
289
738
625
280
434
876
123
753
589
742
292
204
992
582
442
922
239
321
242
778
131
339
997
345
17
191
53
679
78
206
372
719
944
998
999
730
874
122
836
815
864
128
20
209
63
462
131
654
135
373
432
266
64
782
963
434
973
16
113
403
222
486
122
518
836
122
249
710
596
85
877
461
213
897
670
628
711
801
282
198
527
67
464
591
849
428
25
174
796
491
578
19
977
700
537
813
174
138
875
771
223
752
232
789
2
254
417
65
407
52
264
934
119
728
878
968
508
255
142
657
746
72
676
75
125
565
240
299
56
467
70
279
572
654
420
574
260
190
991
668
242
255
602
713
336
832
681
844
88
175
501
834
600
529
262
725
447
502
24
503
970
447
134
894
101
555
468
714
97
459
382
339
67
336
52
403
169
85
599
257
612
101
443
212
982
57
937
781
560
314
636
882
761
771
776
214
678
596
928
775
407
310
466
474
999
870
877
168
955
477
777
919
930
572
132
264
630
421
46
542
735
34
424
496
805
200
63
483
148
991
610
555
654
76
382
653
946
611
173
253
440
302
173
722
874
657
987
856
78
385
398
166
419
822
14
577
374
77
412
874
421
23
782
427
451
164
80
398
775
605
3
216
907
176
938
781
185
277
990
616
14
388
782
434
563
148
363
289
578
775
164
999
798
946
426
602
110
858
0
237
463
3
805
370
532
744
503
717
373
493
333
388
234
467
174
797
616
537
86
194
664
250
545
815
548
323
417
10
181
417
248
996
772
53
718
656
149
221
726
523
67
411
911
301
879
437
450
847
326
536
393
990
139
938
805
39
261
222
50
794
991
298
790
116
703
508
772
853
81
498
728
500
262
991
153
141
428
603
340
754
492
733
96
983
23
902
22
284
476
72
430
468
722
220
584
426
80
708
631
161
559
359
14
821
350
167
314
778
771
654
884
263
739
980
246
762
234
620
398
711
693
828
179
767
400
115
193
480
175
824
993
734
535
7
907
885
175
573
15
298
227
899
561
966
232
159
80
466
779
478
177
824
306
708
592
706
175
137
538
351
314
884
437
849
891
697
735
418
270
102
716
498
354
629
816
586
788
897
404
920
375
934
744
34
642
688
92
170
826
983
521
140
867
310
989
758
7
76
177
278
179
245
128
885
875
296
471
15
193
227
935
921
161
32
307
156
720
399
326
546
734
199
38
601
861
28
360
869
456
889
499
987
134
627
872
361
923
695
377
469
923
312
742
436
696
49
592
417
800
270
315
535
821
706
136
683
86
848
552
542
89
403
530
224
30
754
937
305
450
314
126
725
979
868
161
675
917
106
444
718
728
112
605
550
818
741
233
904
590
137
798
679
540
680
255
922
435
193
579
885
859
706
962
838
574
123
514
844
581
958
914
310
70
519
860
240
260
445
144
202
934
295
234
826
975
841
100
410
386
679
647
246
385
609
84
312
85
598
156
666
909
422
328
331
941
188
572
553
985
68
108
271
363
342
97
339
535
197
101
922
229
101
168
966
710
252
278
147
203
786
814
112
208
142
795
501
683
367
55
20
788
163
644
503
857
741
194
392
291
296
666
520
749
834
838
459
439
117
959
642
255
125
106
816
619
901
317
654
621
372
675
409
887
319
264
96
412
459
841
55
107
507
927
856
342
766
667
781
235
626
775
490
751
881
306
371
134
624
25
755
348
52
516
588
723
781
684
488
240
525
543
347
33
471
555
727
237
222
860
472
849
635
314
952
516
621
675
650
597
53
758
297
105
274
885
181
55
922
669
647
799
212
346
184
35
901
911
272
476
771
96
677
758
411
629
626
384
305
629
333
710
387
630
167
13
516
348
421
790
17
68
589
582
767
774
617
20
37
242
496
161
338
173
919
101
155
546
837
812
175
170
522
914
801
689
927
669
38
348
459
407
769
400
989
536
526
607
556
564
849
405
77
539
578
996
993
85
894
830
897
421
353
419
687
154
461
615
175
499
315
986
258
84
386
248
972
913
207
881
829
408
286
258
947
216
254
292
302
501
123
551
922
476
323
962
982
784
577
157
635
244
143
893
329
881
493
653
146
700
534
327
108
172
585
408
741
192
700
395
693
175
946
967
3
269
929
337
405
858
846
40
103
341
286
784
223
779
437
721
480
972
49
940
496
634
700
237
826
753
632
871
280
579
839
284
200
120
973
606
979
820
646
82
161
932
866
736
64
303
458
896
627
859
188
124
493
889
361
672
642
994
543
922
925
734
558
125
855
532
83
834
704
730
268
217
14
134
954
430
789
764
326
769
623
515
893
468
404
606
492
398
952
36
672
229
122
231
355
977
115
438
163
819
520
783
36
887
269
342
317
59
106
996
180
81
511
73
550
267
31
42
17
336
430
689
565
553
272
272
882
387
63
398
206
583
181
595
822
451
937
140
862
396
488
42
477
999
467
27
618
850
422
635
186
852
676
104
757
949
376
992
336
439
390
895
375
923
490
197
726
779
689
940
175
177
334
653
528
153
680
146
4
454
133
542
307
810
646
416
111
23
408
447
814
150
694
189
426
184
387
152
316
76
445
491
606
779
144
134
285
177
633
289
631
766
183
290
928
830
707
39
205
467
839
19
618
533
209
44
70
948
548
386
24
345
229
982
125
726
117
410
903
750
51
886
868
234
529
149
416
236
188
621
55
379
641
673
265
202
69
335
150
618
73
526
315
654
509
440
380
978
202
635
728
605
522
948
840
51
97
608
639
286
230
694
17
223
720
282
777
789
969
927
759
394
805
75
49
666
867
429
644
422
65
724
27
939
673
219
342
122
828
333
760
410
27
778
633
99
412
410
241
382
689
0
776
846
427
825
865
647
607
861
69
672
938
448
611
611
668
305
85
848
638
846
258
17
624
243
117
36
653
358
770
694
710
899
892
138
724
757
785
331
619
206
355
557
654
318
520
674
623
605
522
261
451
132
279
427
375
396
816
380
106
586
426
816
837
319
306
562
76
443
245
695
649
953
604
656
271
124
330
247
82
205
508
885
337
139
665
65
887
481
797
993
419
224
162
257
543
820
171
619
264
768
667
265
721
623
921
345
100
604
592
182
809
452
419
498
592
84
915
831
917
713
825
337
937
339
946
832
159
469
451
775
237
470
41
311
446
314
8
546
270
952
80
79
756
499
930
348
936
845
532
853
910
357
542
847
48
488
31
559
309
483
335
899
305
728
562
751
394
570
649
665
874
729
744
630
229
26
331
165
224
863
370
134
572
913
334
620
753
365
179
63
200
866
314
858
594
876
961
341
446
611
6
672
340
102
302
921
129
633
438
353
848
809
839
420
74
525
392
827
891
924
242
443
142
908
301
89
784
263
430
582
226
436
254
566
538
557
840
19
542
278
724
743
439
564
515
513
89
908
693
332
184
287
128
326
196
429
415
980
44
197
563
270
633
817
189
172
726
29
191
621
659
268
364
99
832
231
612
273
139
305
958
675
593
86
354
789
867
121
121
912
319
684
534
304
854
75
476
580
456
20
553
116
288
269
215
472
501
827
97
992
485
55
668
78
141
374
219
9
495
340
273
166
377
159
471
231
587
299
163
43
671
717
159
311
986
726
135
487
554
233
480
391
640
500
469
782
226
40
143
721
732
768
240
109
279
711
340
866
362
504
262
386
573
773
697
559
500
833
399
406
418
231
797
58
83
618
192
309
658
335
382
390
455
622
500
735
685
192
953
48
696
567
786
269
341
483
181
193
668
580
599
438
163
748
497
246
366
41
555
376
729
937
118
184
560
970
271
597
163
577
997
211
144
783
833
837
619
366
30
639
298
981
78
461
729
927
707
447
968
614
823
697
551
294
234
463
264
857
61
779
434
410
343
931
194
176
768
165
542
151
804
840
132
882
653
214
809
360
661
130
326
837
179
877
131
413
693
747
271
106
879
57
516
222
988
62
750
109
227
292
612
32
484
744
266
137
310
428
849
972
558
175
161
737
404
644
503
97
743
126
555
622
535
72
844
876
486
594
985
714
238
597
98
74
693
364
563
4
792
412
328
702
939
841
792
344
485
295
793
580
773
349
203
308
773
399
184
259
346
521
325
936
470
423
11
516
788
574
872
932
339
200
635
278
393
427
974
230
74
120
810
199
469
365
507
594
765
44
205
463
917
531
399
740
306
410
256
446
985
128
379
676
680
14
954
73
793
281
655
219
401
465
418
222
831
925
816
948
321
373
411
591
904
810
331
563
573
587
9
910
715
388
586
747
754
892
172
547
173
827
766
574
292
536
148
475
814
964
775
135
690
538
726
946
701
409
509
274
996
519
184
63
259
122
162
14
14
334
913
188
161
32
114
806
568
263
281
382
579
409
870
269
947
948
216
648
358
725
274
706
596
810
770
856
932
932
222
947
267
135
487
780
519
953
586
440
216
220
174
148
629
44
417
576
345
985
577
703
63
851
409
659
14
531
867
946
816
89
245
435
577
84
215
448
38
802
888
606
374
63
754
3
459
524
931
804
509
860
859
924
712
621
936
726
504
803
24
320
245
270
107
822
354
323
622
744
477
863
351
851
926
105
854
737
981
137
894
843
998
105
767
62
726
703
140
583
859
164
903
104
786
11
278
493
686
900
237
163
763
588
366
41
46
572
131
27
709
25
222
707
482
990
121
209
45
261
144
256
778
47
360
564
410
990
57
448
891
647
611
6
235
329
400
281
901
531
661
611
908
883
670
390
225
792
951
623
405
95
879
183
495
592
100
257
582
509
706
473
156
669
832
744
999
232
25
900
115
38
511
23
274
534
765
851
678
717
474
435
164
706
971
659
298
71
917
880
932
975
706
441
644
538
185
643
122
562
896
237
601
759
260
227
293
25
78
323
94
905
759
259
611
730
270
909
153
539
789
85
514
847
526
511
385
711
154
507
626
402
96
579
162
356
806
455
734
236
131
180
141
890
439
752
620
710
661
773
249
803
858
116
650
737
627
388
800
133
247
426
536
344
357
698
52
163
505
786
400
636
967
541
526
758
646
498
820
307
271
422
462
482
538
113
571
517
501
723
650
748
150
186
444
859
236
497
23
94
635
775
730
954
668
609
713
314
107
885
974
731
307
436
565
845
901
136
714
754
859
365
855
361
903
299
221
140
796
596
234
432
723
316
386
743
277
451
58
737
337
384
468
644
820
385
842
74
521
556
828
732
921
683
446
177
983
19
669
131
615
255
563
690
571
302
433
201
753
843
938
90
227
758
735
400
143
929
474
16
485
654
748
759
338
546
936
673
565
605
804
532
860
720
222
783
22
8
984
775
203
274
218
783
32
305
183
175
234
9
543
71
15
644
830
705
190
118
378
756
723
535
288
935
607
863
71
629
223
407
756
426
682
974
209
714
631
744
242
865
753
137
937
121
781
119
826
972
238
205
728
313
92
368
249
699
583
672
680
806
79
788
233
113
115
442
180
746
187
774
612
292
911
901
413
693
20
240
665
258
797
745
572
241
465
173
940
49
197
972
855
628
760
88
742
875
883
922
622
70
696
586
714
959
487
128
652
859
720
669
470
517
414
394
758
232
567
50
281
116
22
488
744
134
577
486
10
812
760
984
882
808
922
948
768
761
76
420
620
796
442
90
665
856
484
775
440
403
177
721
519
551
210
616
686
139
454
48
951
215
384
185
23
306
133
143
67
562
916
687
710
358
130
376
566
966
503
7
370
33
80
241
584
290
857
622
781
664
670
732
879
54
269
254
360
403
398
779
965
666
819
675
24
949
403
590
915
259
949
637
292
30
231
876
672
440
499
454
104
521
186
983
928
808
590
640
211
340
420
528
6
239
555
382
540
311
324
807
570
274
445
214
656
28
90
328
468
941
782
573
815
321
908
743
129
850
383
692
190
155
220
548
394
127
930
286
438
255
94
360
881
891
574
537
919
665
865
387
958
648
312
773
321
573
868
450
423
604
142
614
759
714
162
506
841
445
792
632
700
886
992
581
129
567
470
48
584
335
788
542
335
100
668
8
673
536
458
449
140
952
63
252
18
577
758
212
22
902
844
74
141
188
655
270
755
477
319
339
165
459
234
500
911
902
861
585
790
319
386
283
624
449
535
994
26
645
206
401
547
402
475
688
591
483
311
346
960
630
38
125
441
272
978
352
526
839
289
316
510
675
951
486
124
838
481
503
483
39
256
383
442
731
71
385
214
382
731
527
364
121
652
157
393
982
510
271
173
799
940
684
475
891
170
951
730
3
806
565
43
62
948
837
146
20
222
360
754
305
239
471
427
892
628
172
226
490
796
400
290
736
436
117
627
958
420
709
962
579
275
357
641
223
194
787
595
768
500
350
425
739
173
852
983
153
377
562
644
173
962
286
909
750
755
888
708
175
598
22
754
873
379
748
96
925
887
692
693
739
394
119
479
919
323
814
72
52
376
68
577
690
354
486
440
109
727
149
285
325
171
391
550
903
491
646
828
379
690
874
118
436
345
949
355
20
116
780
73
844
848
650
535
203
489
327
664
216
828
301
893
352
693
443
607
184
441
435
915
132
661
386
568
358
687
276
379
155
56
804
0
904
806
887
459
647
566
124
863
395
425
756
99
470
551
706
7
993
493
922
477
155
660
397
865
700
673
596
855
81
400
207
986
559
94
797
206
661
921
70
408
699
178
507
169
82
213
176
75
706
451
552
213
463
949
79
163
623
675
19
56
428
226
42
987
673
192
193
686
113
615
94
812
794
601
334
876
166
510
303
872
313
855
86
777
156
517
940
131
192
311
188
620
890
582
959
563
774
153
249
888
768
343
52
914
296
738
142
462
249
445
686
914
652
124
691
809
641
984
940
186
647
480
158
537
63
118
452
837
271
701
77
391
396
482
306
44
220
800
506
821
246
545
736
250
669
779
59
311
115
352
849
763
184
7
300
247
477
105
85
100
806
514
492
555
996
150
599
217
950
458
38
548
3
126
799
24
906
210
335
21
914
536
136
99
544
789
346
21
894
783
122
700
298
966
607
646
116
559
215
418
17
606
967
372
732
766
396
990
328
84
12
243
620
500
342
516
289
688
538
183
824
12
884
474
330
843
120
446
402
688
216
771
294
183
143
26
301
540
369
630
624
733
873
596
233
567
113
523
255
3
706
431
367
942
905
697
786
378
495
540
418
711
312
712
895
455
90
548
347
459
178
323
192
403
920
426
970
385
301
578
388
7
9
755
302
267
452
88
997
947
980
415
658
292
127
905
100
569
454
447
29
984
771
573
740
43
351
710
428
652
640
168
660
2
923
962
269
727
402
618
674
382
33
684
27
512
942
127
81
396
926
462
732
49
36
472
92
387
535
872
40
527
40
52
529
315
366
150
42
120
768
68
854
801
105
881
665
47
360
99
795
287
561
879
336
949
704
781
337
239
653
729
766
46
133
648
713
499
798
108
971
567
528
825
720
633
707
386
32
419
485
179
706
398
59
43
348
763
824
37
354
829
118
472
227
251
472
941
102
271
49
73
838
929
898
910
563
957
296
947
377
133
127
435
532
538
830
232
653
654
269
359
836
387
183
63
990
656
356
444
927
757
517
117
687
767
379
602
77
28
549
454
161
28
241
45
918
72
277
923
78
898
282
914
637
818
330
627
474
38
71
753
796
940
222
483
708
601
437
785
629
986
591
143
367
832
540
637
256
818
561
335
68
843
249
706
661
931
685
487
970
109
592
118
49
814
601
109
768
390
246
749
376
189
892
95
374
433
733
630
603
294
965
671
489
567
729
503
850
415
342
820
876
935
290
277
101
243
739
869
633
337
619
362
527
863
457
253
296
542
235
251
188
553
275
30
120
4
885
322
771
227
495
647
514
785
925
616
29
16
837
662
353
456
24
880
672
834
485
320
376
721
572
917
274
847
947
746
203
832
68
975
59
563
974
574
349
251
542
730
267
379
392
621
188
769
853
860
603
339
180
979
60
752
896
686
951
195
432
155
27
852
130
439
416
104
13
117
356
907
847
975
286
591
596
474
360
450
334
963
141
515
295
553
619
543
239
571
739
23
726
118
875
208
557
643
664
922
760
20
829
959
996
468
903
944
942
263
746
629
579
887
496
226
440
467
769
679
38
860
54
116
331
930
676
888
573
341
163
686
713
344
645
61
812
548
6
107
164
752
736
743
992
584
969
432
51
90
464
442
303
518
558
634
448
587
522
374
928
685
60
993
30
57
55
194
606
413
301
122
165
389
217
509
973
186
942
25
628
406
467
931
276
377
565
725
964
440
99
244
477
511
238
859
568
293
54
526
706
355
648
223
745
865
733
70
403
27
95
384
785
914
315
61
644
233
138
608
673
589
205
150
100
443
10
21
88
416
547
146
123
196
721
220
413
806
291
169
833
386
553
970
653
868
32
297
101
522
257
774
112
462
277
564
257
639
585
345
55
133
843
178
681
565
399
94
371
690
615
557
428
168
527
81
37
911
730
490
434
988
617
898
450
894
462
708
533
400
405
588
885
249
766
566
166
517
12
889
207
628
446
988
796
974
69
185
885
800
676
671
140
293
569
590
539
384
650
72
784
408
12
21
9
130
939
175
648
303
416
855
931
863
195
80
189
265
617
426
417
645
98
557
290
19
499
829
403
502
253
539
262
265
560
271
396
499
798
44
803
214
251
86
429
447
518
618
64
488
397
833
133
495
742
424
866
593
605
270
447
859
161
709
124
74
332
520
573
130
916
728
697
520
167
126
319
37
97
735
525
494
568
11
341
662
435
559
255
40
181
703
899
343
412
376
417
97
248
342
227
517
423
276
37
942
755
708
979
852
443
505
698
363
868
391
25
303
950
632
695
132
335
947
475
100
323
244
197
571
938
776
88
361
405
477
303
160
537
635
364
980
492
62
695
360
805
72
663
755
705
710
239
392
657
714
492
332
310
41
256
249
170
344
962
575
174
618
735
711
253
99
44
745
513
739
105
670
812
120
425
869
830
665
261
840
731
106
172
394
147
428
995
317
125
957
892
651
575
979
362
180
430
758
925
295
498
382
965
662
502
743
883
685
760
144
525
843
250
49
237
750
830
232
67
955
542
312
958
469
643
320
650
426
79
927
721
929
310
39
943
164
782
826
849
894
322
726
737
573
128
327
675
958
911
94
265
805
406
223
275
402
895
925
828
326
852
549
607
514
940
550
679
74
728
880
968
51
607
58
976
87
737
651
397
648
745
662
806
504
237
81
906
484
358
86
811
562
987
418
77
928
321
108
2
49
988
971
452
947
381
428
34
118
79
431
118
825
445
924
681
34
357
587
519
67
673
330
630
12
100
59
940
421
167
943
823
507
266
275
807
999
704
841
469
135
625
587
312
422
864
993
457
573
932
976
641
957
658
271
970
758
682
910
532
201
205
355
708
823
982
515
822
38
709
291
174
686
231
486
108
95
832
917
20
764
893
661
722
551
284
692
662
966
954
194
167
160
901
228
335
883
95
158
922
156
801
448
842
32
934
303
479
766
220
500
531
466
161
605
369
798
649
31
764
603
577
284
115
830
512
451
714
607
961
988
116
762
436
958
795
370
613
626
489
834
126
372
652
640
977
21
438
626
405
554
581
334
838
697
165
350
148
879
310
109
867
426
223
655
736
18
377
350
997
866
536
123
590
188
115
567
561
905
545
966
460
479
301
298
176
466
1
676
697
663
137
916
441
360
571
177
731
948
879
728
167
415
203
757
955
671
677
869
576
574
835
388
53
488
687
581
306
40
609
3
703
746
271
144
459
194
321
542
143
553
622
662
320
177
419
276
848
448
145
777
23
332
165
428
173
204
10
479
244
619
835
947
718
458
443
529
653
117
71
148
670
45
810
990
222
581
618
423
30
115
200
405
800
717
833
973
922
195
804
518
167
639
818
885
98
261
414
103
378
837
251
48
882
61
391
104
994
361
527
24
477
79
781
629
149
615
602
423
162
406
941
329
398
759
214
848
21
980
951
751
169
202
152
51
615
543
508
609
256
387
986
85
819
767
714
968
734
316
391
897
75
684
226
825
444
793
673
817
773
976
920
295
530
72
346
145
967
854
106
224
242
92
309
61
212
376
381
946
692
772
843
119
456
422
944
252
215
969
421
340
297
342
635
827
414
334
324
382
188
431
958
782
875
619
195
87
995
576
386
40
700
581
511
509
3
456
113
570
777
535
263
75
877
898
902
643
584
227
377
773
10
335
907
885
307
455
325
302
383
63
694
436
644
206
945
0
14
410
570
791
945
833
218
174
84
473
818
668
52
195
793
62
883
53
299
542
508
976
844
243
39
539
679
36
97
976
36
111
387
958
902
684
792
473
859
228
946
677
896
998
224
690
412
459
95
711
1
603
40
198
846
79
89
878
115
186
854
503
297
593
462
551
278
606
376
137
834
322
166
730
672
742
772
84
202
867
148
555
822
188
105
21
619
546
899
87
732
105
590
381
699
404
285
977
10
661
466
844
336
984
927
360
726
699
445
280
919
945
188
741
133
293
762
104
840
13
191
924
119
782
658
170
538
295
147
549
956
965
393
644
949
320
5
675
372
802
308
291
747
496
384
232
789
499
336
981
512
528
906
983
662
916
153
200
211
652
749
519
617
495
164
918
167
521
946
539
675
254
182
422
750
919
6
891
418
342
225
282
222
483
266
236
399
771
437
610
424
538
129
393
385
645
312
553
518
258
444
193
864
979
967
966
898
973
209
668
668
434
302
890
917
920
127
316
692
916
278
116
454
408
509
840
405
173
745
924
783
189
117
647
168
85
613
418
58
175
438
78
609
741
969
879
13
448
547
705
364
826
173
170
586
35
362
991
208
459
915
992
649
33
639
169
470
605
940
880
780
378
959
741
471
280
620
485
80
168
542
796
346
716
966
932
751
681
923
311
140
191
303
141
576
295
663
46
900
603
278
32
333
237
773
805
869
746
642
949
914
536
745
260
252
64
544
355
97
467
667
237
658
322
731
234
617
394
632
517
349
911
901
682
500
675
839
370
421
833
319
687
370
417
299
974
481
843
682
578
310
349
167
321
23
250
907
641
996
540
510
345
803
412
28
303
87
867
25
860
53
345
547
423
114
198
397
947
41
79
877
703
780
44
24
804
647
284
445
643
176
307
989
979
719
369
634
158
236
660
18
289
357
917
64
471
115
814
418
508
893
295
212
26
691
588
182
338
872
979
334
48
286
323
27
6
692
14
164
280
674
535
922
31
804
338
502
920
152
272
780
398
919
992
424
610
581
958
301
453
937
635
854
223
310
233
581
354
247
746
634
921
633
908
304
437
247
806
709
399
430
490
797
349
482
573
312
415
531
965
869
468
952
75
44
262
308
625
616
556
723
602
829
356
511
134
794
110
292
503
509
75
345
659
424
828
232
88
243
116
53
464
936
5
539
980
619
200
606
587
108
681
190
937
38
53
423
184
515
68
39
376
143
385
35
919
565
620
8
808
736
413
625
672
771
516
5
742
716
611
330
824
644
872
114
682
277
889
218
792
957
258
168
100
995
556
20
560
176
380
720
264
145
345
288
916
214
293
11
282
256
341
459
901
213
573
935
842
462
154
634
772
764
154
872
759
710
244
319
238
976
391
854
122
737
143
390
303
788
401
585
45
742
44
298
307
969
585
501
784
739
135
556
855
642
780
614
352
25
285
943
353
677
797
475
766
940
866
69
729
619
6
126
362
51
776
21
20
361
523
804
453
10
712
308
652
493
275
357
870
912
300
223
589
449
699
707
390
917
128
471
536
135
949
250
186
725
624
558
438
147
363
243
509
75
904
514
920
179
871
790
443
523
14
33
972
65
92
714
334
221
537
222
356
486
825
542
563
449
100
354
948
815
597
457
243
501
971
163
32
194
306
476
69
672
861
394
89
953
460
423
526
998
997
882
836
822
776
400
271
229
106
219
396
703
29
639
557
352
155
589
899
461
417
968
133
630
714
222
936
175
997
462
173
994
697
361
817
473
113
88
54
219
660
451
923
689
90
832
393
597
773
292
58
191
613
543
173
327
117
109
854
114
924
379
109
621
741
278
446
854
718
501
74
378
304
349
419
746
181
813
344
954
457
754
497
70
298
671
750
415
132
604
530
408
336
991
29
77
269
828
283
987
681
709
718
985
58
489
731
591
302
427
898
760
182
747
182
480
770
284
247
255
889
129
663
577
472
693
6
741
873
289
81
554
999
151
539
409
640
622
353
295
50
603
407
232
350
589
64
121
874
663
728
115
145
391
44
617
84
50
711
957
339
144
863
690
295
402
100
935
377
805
230
427
408
637
11
110
579
427
231
805
90
311
272
235
703
316
205
787
366
916
97
705
60
960
748
355
715
848
642
444
5
873
871
413
862
234
523
793
661
107
598
103
418
870
691
121
186
896
261
552
812
710
610
872
22
358
579
89
558
221
533
563
446
404
328
309
990
203
454
651
310
53
107
81
923
798
554
462
694
815
366
858
877
976
82
900
686
661
989
596
234
523
511
681
279
839
342
270
43
796
921
705
201
380
138
125
178
693
939
224
508
305
434
386
634
516
638
320
529
627
269
764
150
780
797
430
972
139
52
15
287
325
72
489
706
211
966
236
904
905
461
764
562
247
502
196
764
140
869
645
768
138
409
270
918
558
52
890
49
104
257
337
430
682
178
136
893
144
372
149
401
185
913
963
433
416
512
549
908
381
194
28
519
956
299
789
514
351
32
916
808
641
253
238
323
783
374
568
279
98
717
32
636
983
995
69
399
507
970
659
240
516
688
111
472
987
901
339
690
285
255
498
278
860
88
954
995
814
522
274
913
592
306
549
575
653
970
326
513
292
985
753
808
673
865
633
12
118
324
55
755
931
553
33
143
642
339
138
456
862
764
721
806
422
622
381
427
944
59
940
236
44
694
397
70
559
382
434
677
58
489
432
989
395
817
484
389
157
974
197
371
90
271
177
512
893
910
939
190
969
880
778
365
926
175
787
485
909
574
514
967
415
298
308
162
115
792
551
624
118
101
995
208
372
524
720
265
434
12
455
755
244
586
473
170
761
612
7
23
186
521
990
602
171
651
764
286
795
668
911
914
769
258
122
493
783
195
758
569
207
566
677
451
152
150
973
265
762
980
288
301
853
631
255
24
634
371
662
429
39
925
343
160
184
818
653
319
13
764
240
572
682
917
375
186
67
348
803
182
680
444
835
533
427
90
909
61
461
571
490
853
497
186
365
33
4
371
352
369
487
592
941
521
510
316
59
929
16
862
463
696
658
298
581
85
740
490
498
554
61
989
407
910
527
124
943
531
847
295
900
334
240
841
207
102
509
266
383
525
481
847
573
139
497
154
577
590
996
75
144
409
64
903
320
943
27
615
474
227
263
726
561
503
919
769
957
428
387
340
305
868
539
230
8
389
736
585
979
732
660
123
494
77
26
166
20
405
781
847
632
44
573
546
547
845
667
504
273
54
197
931
923
736
513
931
477
250
516
456
334
528
579
180
957
957
346
978
715
128
177
347
172
102
893
720
947
560
576
573
615
125
504
890
214
369
821
691
619
689
500
306
569
79
486
527
389
833
857
104
961
34
803
133
136
697
205
436
609
134
9
576
611
865
466
825
234
639
869
206
680
369
864
250
800
350
777
189
535
986
645
848
372
449
334
860
498
891
296
107
25
305
36
989
522
854
814
757
846
683
315
526
52
179
776
853
881
905
394
417
243
40
265
615
489
599
476
339
491
124
798
868
782
834
857
304
41
24
413
887
707
728
413
112
907
542
317
789
799
63
558
43
103
175
10
944
775
838
283
618
963
82
838
97
268
48
401
309
72
815
548
131
543
314
243
803
856
912
944
7
976
854
402
431
29
413
728
156
251
11
126
566
445
965
663
66
13
417
727
85
232
276
568
127
590
812
282
798
76
578
805
52
432
208
836
462
621
564
970
224
927
97
143
373
62
806
791
427
223
518
864
807
146
432
935
736
596
569
534
673
148
340
77
580
900
913
394
873
477
365
97
405
462
240
130
876
399
921
303
974
791
167
782
938
599
69
674
548
638
561
221
786
253
298
719
153
212
113
26
41
478
475
446
940
68
576
816
467
849
471
793
641
638
575
579
590
996
605
490
987
518
711
125
771
361
844
924
573
310
302
967
788
778
413
81
198
342
249
665
543
721
810
184
711
386
115
653
734
73
143
721
591
206
199
363
568
43
639
493
705
294
460
494
424
226
927
622
568
176
639
111
897
449
648
961
187
115
614
922
540
110
995
132
316
194
847
884
590
838
378
295
484
190
141
908
416
68
530
984
245
169
448
494
971
448
807
158
563
774
432
456
884
428
940
552
974
139
437
916
977
167
212
462
357
705
722
774
774
253
110
371
774
558
217
745
358
377
256
274
151
688
730
387
468
670
939
443
809
376
359
138
895
923
952
253
629
675
379
755
280
489
478
54
400
695
152
110
72
408
384
575
448
114
962
917
136
902
712
297
630
423
436
526
347
388
131
328
415
510
435
695
351
913
102
103
960
254
214
385
14
950
960
462
417
923
379
553
177
91
851
807
867
639
333
566
27
464
894
795
326
681
490
30
946
592
485
906
198
51
291
212
2
604
675
419
879
406
972
56
850
175
863
717
814
549
283
194
365
529
989
692
562
479
74
508
424
559
414
622
611
58
835
965
662
862
384
541
620
708
949
470
236
812
539
50
361
174
596
79
55
585
123
617
417
197
125
841
108
540
463
71
950
650
36
964
512
772
857
133
481
806
955
69
970
847
119
684
21
716
763
77
653
886
694
70
83
172
911
543
712
727
615
14
729
3
978
242
776
835
727
609
641
34
678
963
881
797
647
255
865
410
332
519
296
378
941
731
550
205
275
614
932
242
628
661
245
958
255
21
145
334
982
138
369
660
102
602
810
749
857
675
160
541
546
808
920
488
540
822
693
167
437
977
761
417
638
6
728
246
380
873
580
362
12
301
23
114
904
833
863
761
860
375
303
759
184
575
247
76
397
292
595
186
269
356
604
259
362
332
505
742
557
438
457
569
739
480
683
643
665
899
757
877
274
60
636
810
987
235
886
384
527
481
571
796
837
527
408
552
211
913
646
768
703
103
690
443
935
725
86
600
624
195
830
251
255
466
61
242
54
948
979
581
781
550
730
619
429
138
523
640
403
169
760
107
273
450
550
208
176
988
161
152
184
991
403
791
809
465
386
863
765
717
797
546
619
527
517
48
665
40
688
420
210
800
527
835
251
429
43
427
418
556
579
954
899
335
97
709
152
835
924
917
552
721
815
171
248
333
219
265
725
259
686
287
412
565
122
663
995
518
442
765
74
373
71
326
708
520
35
212
356
311
129
260
33
297
432
633
982
3
899
707
615
937
995
27
854
469
42
849
339
836
966
766
209
37
92
270
558
479
482
266
790
964
526
823
261
310
457
243
666
708
302
281
997
649
660
851
119
54
701
810
890
19
576
451
57
668
73
967
147
908
233
938
872
111
113
485
422
570
728
88
630
382
721
627
32
733
479
503
787
532
313
29
551
890
480
960
910
554
927
410
462
512
700
686
624
813
171
398
736
251
838
366
633
559
346
665
292
825
520
431
709
834
460
260
76
940
573
986
846
852
748
308
365
448
346
341
262
517
91
350
768
929
716
754
488
62
419
132
239
940
563
948
126
23
561
202
315
134
540
162
986
289
822
703
89
169
44
703
38
135
53
159
416
770
913
904
184
332
388
424
624
951
724
102
326
285
304
994
771
197
508
758
838
682
461
927
851
858
631
242
345
684
401
762
806
314
18
991
998
407
767
975
710
843
77
37
129
734
383
900
931
891
10
769
573
472
696
777
682
327
371
27
364
772
789
170
438
808
513
436
215
280
411
277
124
841
666
605
575
49
857
506
292
868
275
218
692
323
995
374
3
718
401
367
490
543
537
928
351
403
716
918
35
480
547
511
321
214
116
896
263
326
754
908
194
381
126
886
704
473
612
707
191
365
426
33
908
316
313
611
719
29
881
754
509
429
618
182
643
734
430
258
412
184
166
606
565
644
844
622
117
808
681
660
174
108
693
82
424
6
694
495
388
575
601
249
356
219
432
351
306
862
610
718
399
128
677
316
125
521
938
242
330
972
255
504
80
948
938
856
307
632
703
695
560
304
944
268
524
728
620
830
591
582
548
342
62
225
658
187
99
949
782
781
921
37
637
353
985
575
561
644
560
264
339
472
568
284
740
444
12
712
274
955
294
175
649
357
752
308
896
203
609
678
336
882
715
973
587
53
901
148
697
461
412
37
285
332
673
377
777
37
90
403
345
736
578
994
445
683
654
342
238
263
20
575
497
88
548
84
141
449
232
838
262
996
227
547
329
252
925
458
290
367
861
635
103
792
981
549
827
636
243
65
251
263
640
101
703
189
185
844
990
770
35
253
766
262
152
447
515
77
257
157
444
119
144
900
263
125
449
90
113
692
155
717
307
796
818
11
337
3
207
679
773
242
932
892
857
437
691
372
514
949
881
311
420
25
211
683
502
12
773
616
704
280
333
363
76
503
726
765
506
934
445
632
176
729
876
385
166
919
109
33
220
990
344
640
15
907
675
518
919
800
486
975
81
171
690
509
674
417
627
532
351
424
164
879
153
392
265
672
312
374
57
884
717
753
877
732
660
552
602
931
353
440
906
786
963
596
647
637
13
274
170
716
698
686
948
204
431
213
228
95
939
285
979
656
38
856
741
50
761
695
981
466
136
239
252
99
835
899
89
201
526
611
269
224
649
217
428
80
782
656
527
74
293
507
730
331
715
823
381
476
519
714
942
7
953
546
458
141
798
899
694
324
510
963
548
160
533
329
592
315
337
472
741
631
331
472
314
46
647
48
875
518
762
169
877
68
716
336
209
866
235
903
190
98
218
90
610
751
419
554
419
757
26
160
740
357
984
54
404
984
454
631
502
217
800
380
285
868
68
846
734
655
101
924
753
319
15
363
423
786
918
194
895
944
354
987
654
691
42
58
675
848
41
177
417
841
909
54
710
977
900
796
633
1
73
386
673
440
102
448
226
372
642
122
316
996
109
970
39
503
380
714
704
421
244
121
615
153
176
677
131
76
473
116
430
898
854
455
338
956
903
565
328
545
39
997
893
500
319
933
4
52
647
708
825
891
829
440
397
357
469
528
434
295
644
216
193
498
671
532
807
926
97
135
471
136
484
716
636
804
649
992
208
649
52
33
892
234
826
289
591
295
169
377
590
165
593
784
16
616
316
823
542
765
310
365
901
795
82
889
951
731
234
511
732
286
544
625
520
370
266
464
18
436
841
608
601
787
744
617
403
412
440
298
177
103
663
430
250
745
320
201
829
554
64
561
192
608
538
65
331
805
529
701
241
370
661
842
157
406
812
913
818
252
211
996
707
874
426
957
972
98
510
801
4
574
714
197
535
605
262
866
410
791
919
3
513
580
197
23
986
9
288
157
614
499
505
321
725
283
279
49
734
141
202
738
716
917
935
251
874
549
469
284
692
388
639
206
320
836
581
659
198
869
816
812
368
673
485
445
308
116
495
42
258
49
781
326
966
68
577
192
618
398
828
310
138
467
868
458
656
449
117
854
318
285
18
38
310
503
484
619
972
331
661
582
380
794
908
699
863
837
891
833
235
720
495
373
539
364
183
195
813
653
401
484
938
419
522
249
275
358
220
599
41
881
181
422
676
89
473
891
926
716
724
161
788
219
886
328
935
421
875
749
74
277
233
365
48
107
614
323
466
186
922
507
67
103
281
95
544
106
986
470
823
62
983
963
634
869
643
569
291
519
670
717
148
255
82
196
363
48
872
181
234
146
40
654
250
674
749
794
780
88
617
955
502
600
919
488
470
562
58
113
433
80
182
581
688
265
778
403
665
2
584
900
148
976
554
750
650
655
545
431
95
162
386
598
762
657
86
584
572
496
49
5
929
232
587
617
849
717
20
514
71
956
414
219
932
320
970
935
328
867
366
423
381
104
373
495
762
812
80
686
660
481
691
589
713
630
558
562
699
578
77
770
886
843
990
171
516
312
106
844
179
824
619
560
928
993
55
42
157
487
728
817
969
772
759
34
402
317
949
102
248
378
224
134
221
566
657
89
878
763
933
409
587
553
321
868
898
377
910
55
216
991
224
537
763
983
572
165
653
521
619
901
251
844
387
824
762
45
914
993
160
847
402
748
752
724
968
2
453
878
409
669
869
634
207
984
969
131
150
622
4
121
875
255
317
263
79
80
660
993
73
820
193
827
920
297
551
888
300
356
119
709
26
340
695
585
325
17
68
475
639
72
596
515
679
914
130
110
346
790
104
771
610
649
598
883
946
502
123
598
858
242
660
236
583
707
173
908
724
241
735
716
665
683
231
344
949
713
455
295
503
911
66
465
912
17
348
210
519
472
809
377
66
469
966
649
176
139
909
253
381
644
969
46
680
200
743
629
913
550
925
768
813
343
585
725
712
286
935
231
110
96
961
176
565
927
178
94
418
87
347
799
84
316
198
764
868
293
393
133
843
670
253
8
366
838
733
78
124
20
310
234
117
623
411
34
902
589
480
320
28
179
472
112
495
22
876
715
315
270
200
510
292
453
518
658
644
603
737
768
975
399
3
92
374
766
479
276
707
959
596
735
139
420
848
986
442
76
54
109
698
254
971
991
60
841
1
704
444
738
824
420
489
179
864
863
945
343
491
4
655
440
740
146
860
940
484
303
16
538
764
715
145
736
58
205
577
59
261
22
150
85
794
639
617
10
855
562
706
698
919
361
138
659
859
999
599
343
654
967
882
418
34
379
154
92
584
732
152
197
106
302
634
252
293
251
262
500
166
320
199
85
33
337
96
892
336
47
236
990
14
470
409
49
849
563
493
785
647
645
334
105
947
968
357
593
572
972
93
738
292
292
175
326
630
623
218
966
670
806
309
36
628
70
437
477
633
931
262
633
928
948
738
228
917
96
821
489
420
914
579
712
207
106
390
189
729
961
155
751
767
816
139
396
886
577
225
872
860
840
505
788
788
595
16
57
43
837
898
463
104
829
176
311
935
566
852
16
879
7
119
647
176
259
395
62
188
972
934
48
164
791
188
953
387
205
10
430
394
909
894
498
90
422
161
26
340
365
394
220
373
514
219
901
773
966
963
313
290
250
361
455
393
549
408
780
106
770
563
853
31
809
703
122
583
865
500
923
230
894
495
955
760
714
208
885
32
524
198
323
774
911
778
519
461
538
652
567
308
215
420
692
376
124
814
959
341
666
234
923
560
730
231
673
796
791
910
829
315
109
504
441
20
282
961
833
820
613
753
480
828
525
172
556
1
338
515
694
4
749
970
917
831
553
590
628
344
500
809
660
961
313
101
334
947
62
167
119
675
920
951
855
446
124
411
799
814
278
494
819
380
464
736
211
17
678
839
361
530
0
373
492
313
475
826
612
889
345
731
917
266
683
772
64
159
536
863
973
814
709
144
194
173
880
758
542
910
949
256
441
950
629
933
615
456
111
228
346
456
311
263
74
346
387
490
857
923
354
831
90
415
327
636
941
560
394
483
470
344
739
911
646
721
196
261
529
307
489
875
116
153
490
190
499
878
681
357
153
387
540
595
802
867
584
95
427
330
579
250
26
670
161
672
743
358
934
273
17
775
500
485
280
991
676
132
221
709
489
726
448
381
322
602
600
258
698
380
588
629
630
615
299
143
287
395
853
573
668
223
701
168
708
981
511
736
113
732
445
954
459
893
687
133
848
640
391
546
20
331
175
2
946
826
145
586
221
999
511
241
222
212
410
282
546
921
19
11
6
464
318
817
710
5
950
558
645
693
456
17
24
983
19
323
809
517
909
383
868
420
624
90
985
386
372
883
660
391
246
666
208
564
483
270
922
785
180
919
478
636
289
854
619
308
177
780
177
438
515
45
859
140
135
196
878
860
79
538
603
677
556
163
242
391
433
516
176
613
787
6
601
76
861
572
737
390
353
914
829
868
960
40
360
447
236
239
659
667
129
615
344
686
778
938
77
564
454
606
177
242
964
131
670
825
703
407
568
408
322
397
277
282
789
989
729
25
580
741
44
62
356
388
100
134
679
529
698
485
135
228
79
100
711
750
277
414
157
197
823
479
594
452
113
735
793
195
760
374
936
804
436
292
545
888
778
224
417
829
709
553
57
789
5
120
891
634
534
48
832
709
880
778
161
345
514
955
540
626
681
476
783
469
120
328
357
899
904
774
728
965
679
137
106
36
257
997
671
143
398
855
853
278
633
14
623
499
321
516
126
354
344
909
823
465
589
532
716
845
659
796
810
338
933
917
727
542
266
750
685
664
605
538
294
590
905
270
442
578
786
568
933
130
829
108
947
770
641
663
615
652
459
425
990
744
694
69
286
313
819
972
329
776
862
624
367
767
894
809
346
680
729
631
162
910
91
110
680
84
125
295
736
585
72
727
329
119
148
616
784
968
940
113
744
802
737
463
570
983
624
268
15
353
251
178
263
342
640
295
427
765
942
515
350
15
594
32
486
743
0
270
711
940
383
807
742
473
623
664
456
247
284
472
953
887
2
568
230
642
864
9
759
806
524
462
173
119
494
11
214
494
281
277
434
17
84
528
842
707
193
298
307
829
122
260
717
476
828
299
470
692
308
230
851
184
692
376
655
186
388
869
32
21
146
466
390
583
346
232
642
539
883
949
721
357
209
438
834
38
737
304
82
397
886
933
581
578
662
589
116
50
458
148
423
957
966
814
540
665
46
182
556
281
132
277
639
693
715
473
731
452
129
166
849
16
451
783
594
113
372
63
163
182
563
587
139
530
753
679
195
151
214
751
433
346
381
72
391
96
897
475
901
26
641
750
42
92
885
989
206
257
52
721
792
615
660
931
497
765
611
44
917
825
148
350
523
529
774
266
625
671
741
526
49
382
629
92
827
866
433
385
476
485
106
268
452
119
199
302
884
162
698
153
339
846
855
214
375
629
481
353
652
222
231
702
605
212
146
432
79
579
817
555
416
275
175
220
746
374
522
983
537
221
136
228
419
992
443
147
973
924
500
978
146
83
680
103
296
826
887
727
757
704
634
173
332
809
745
78
535
620
61
424
841
550
653
612
894
96
759
867
372
611
845
870
695
877
974
343
55
861
422
812
918
56
337
602
217
83
32
104
703
446
529
896
996
534
508
890
982
620
109
354
231
307
224
926
184
550
269
240
764
43
404
34
99
742
988
668
177
20
773
232
466
654
128
814
188
988
56
170
608
166
876
840
473
100
118
9
3
740
249
119
783
654
153
235
748
141
903
277
513
28
509
980
34
989
146
222
977
203
744
938
369
620
130
194
73
248
203
76
988
805
195
124
811
700
359
911
841
262
188
706
643
697
686
677
686
833
252
15
388
996
305
109
617
435
303
690
36
858
118
376
15
665
500
826
365
859
89
558
474
277
264
469
326
303
146
364
488
750
732
876
747
37
985
716
825
640
406
213
498
876
589
866
541
90
44
258
301
134
168
127
411
432
596
90
87
95
454
575
845
186
803
592
224
788
308
401
428
66
614
279
294
555
145
187
645
189
445
299
675
965
426
87
750
375
177
837
470
983
765
667
170
568
260
746
357
920
147
137
339
113
416
985
668
913
173
666
455
970
965
130
936
743
569
686
470
98
875
940
82
640
608
252
209
220
998
918
492
497
407
183
610
176
169
630
89
342
296
544
664
613
27
600
709
596
638
179
695
514
120
777
506
80
381
67
652
731
985
144
228
393
328
190
921
497
172
10
191
469
907
855
82
286
808
143
882
446
323
929
312
443
58
819
875
439
886
527
170
224
671
750
617
351
292
538
848
465
900
39
286
159
247
720
445
55
864
680
501
187
609
166
982
668
985
857
107
871
384
630
95
407
732
64
759
25
954
959
842
207
351
128
366
598
848
164
653
712
844
506
899
453
24
881
473
9
90
933
233
826
563
680
586
295
97
345
672
51
656
514
610
7
642
329
605
843
493
610
555
689
469
807
494
493
40
968
855
131
901
88
309
816
768
895
111
217
592
136
269
249
650
231
256
645
560
214
488
405
176
395
94
645
202
589
491
595
909
346
78
810
786
387
626
906
283
89
124
227
577
745
476
228
976
85
225
889
299
65
294
827
460
741
473
15
682
316
962
591
14
40
401
152
427
379
58
62
820
534
642
398
279
118
978
608
555
203
849
854
268
495
682
80
236
507
447
270
175
409
861
541
449
614
693
229
993
751
643
166
286
285
564
917
756
542
877
311
97
726
166
717
222
200
797
810
59
597
81
586
6
294
127
808
909
820
37
254
923
680
420
561
318
336
479
74
878
356
385
327
435
903
44
9
455
194
171
866
791
252
452
797
547
579
957
808
751
994
62
675
27
835
236
345
171
67
771
402
776
156
729
211
412
126
572
867
320
743
734
111
996
186
260
895
118
218
55
221
564
117
896
591
304
485
288
828
552
59
230
328
568
311
891
980
437
463
847
757
207
933
220
555
472
481
802
942
51
857
163
615
326
412
559
631
897
847
459
449
259
41
130
179
352
21
159
790
837
358
899
44
644
120
951
116
953
753
58
4
610
573
971
936
985
530
919
234
730
730
36
341
771
166
520
476
539
31
266
376
741
517
772
385
989
723
501
942
476
911
298
438
837
622
727
822
504
646
57
234
377
445
927
500
611
447
976
502
830
594
879
572
112
3
957
101
727
811
396
555
722
46
346
559
668
73
734
173
719
143
759
448
588
687
949
551
134
277
53
317
872
284
889
984
288
846
437
367
657
185
922
732
232
268
291
900
341
377
73
413
520
833
213
460
872
162
11
358
440
65
675
664
349
564
648
989
411
437
356
420
623
631
152
207
899
796
107
593
173
533
358
46
718
571
858
590
86
870
948
526
287
624
190
988
188
190
978
951
979
686
372
954
317
876
161
569
672
621
162
198
154
872
596
872
443
454
462
529
676
762
407
315
386
949
656
927
491
986
878
823
672
602
777
990
479
291
559
503
912
73
53
66
297
1
290
740
808
104
622
484
866
381
152
253
683
808
180
526
794
410
701
466
13
479
808
844
122
719
699
34
792
105
452
89
106
742
182
914
846
156
751
64
889
903
317
924
63
849
451
857
260
152
675
625
983
484
469
457
555
520
491
348
625
295
789
84
37
323
350
235
479
101
300
721
356
969
645
419
819
96
628
431
601
304
56
936
140
877
394
695
397
237
395
375
533
537
811
922
212
161
510
44
615
162
765
971
131
410
743
302
859
371
85
812
27
141
748
519
370
494
567
120
732
314
495
265
851
658
187
64
819
697
108
434
859
225
758
343
635
501
997
846
224
83
658
604
224
407
123
595
901
42
67
985
357
914
250
560
572
790
976
391
839
436
178
51
661
936
746
297
437
743
143
661
826
154
265
403
561
741
350
814
783
417
800
492
331
402
53
903
544
29
646
384
466
824
787
479
760
533
776
197
276
272
211
103
778
828
858
339
921
208
505
57
625
657
549
956
60
602
211
604
984
857
340
802
682
127
281
794
660
410
344
937
34
555
392
812
735
250
503
657
458
8
66
435
18
615
743
430
570
954
34
554
163
727
356
197
854
989
992
867
399
336
804
433
243
548
245
330
150
748
987
960
109
405
395
479
21
490
909
591
796
295
497
959
22
205
509
877
194
501
96
594
189
252
379
432
800
977
762
950
77
102
262
538
507
657
17
528
147
926
471
943
222
968
254
244
525
763
473
720
616
569
666
805
821
397
237
973
374
352
275
804
454
537
342
313
546
360
194
693
638
665
988
860
986
243
457
511
358
930
583
975
852
601
780
25
999
370
999
373
722
626
529
528
164
872
841
710
232
387
756
870
405
744
83
391
339
540
254
50
822
190
25
674
791
157
52
790
527
51
516
601
29
45
129
193
269
323
256
501
710
12
724
115
108
159
858
448
699
465
498
873
7
875
548
798
32
952
941
912
355
809
513
384
854
995
578
124
670
186
977
380
198
53
848
306
212
58
106
263
875
956
137
882
183
37
33
568
989
326
480
344
135
345
728
341
340
658
465
10
844
795
743
394
200
943
53
765
353
511
380
229
468
517
463
3
906
848
571
247
174
51
943
309
397
24
651
89
682
468
452
879
263
195
625
816
490
678
581
843
542
313
72
10
183
888
365
89
736
937
689
911
340
632
220
89
656
223
179
691
692
983
922
307
178
547
475
668
578
56
863
120
722
936
482
905
176
847
346
264
136
35
175
477
668
748
566
324
323
97
15
15
80
289
675
610
837
150
630
415
559
494
887
281
782
369
186
958
568
532
222
705
568
750
182
588
850
100
264
173
550
280
189
982
569
864
593
758
14
223
525
925
717
412
206
851
133
392
809
702
277
384
407
197
134
941
785
336
393
49
509
943
681
698
926
603
914
871
713
281
94
239
206
164
3
765
367
137
509
177
191
786
913
598
983
399
891
120
735
636
170
244
932
203
295
858
806
561
81
872
842
527
111
401
43
114
166
411
603
675
588
794
814
853
744
149
252
635
270
987
272
792
231
204
995
526
414
154
88
847
26
282
374
489
35
418
955
553
829
559
581
769
353
395
622
98
544
874
85
166
861
709
958
444
265
306
323
31
812
411
878
190
45
253
679
81
671
634
986
852
545
567
621
899
314
243
997
859
469
434
377
330
144
688
126
409
346
449
441
158
212
319
700
258
924
731
691
595
717
677
799
263
597
420
162
911
15
511
122
484
945
500
814
89
540
293
851
886
742
644
396
955
963
96
565
240
827
256
187
896
285
987
159
882
407
321
146
423
184
268
907
130
120
74
571
660
367
774
546
461
418
294
416
734
390
981
974
569
589
161
466
875
148
977
109
908
651
255
331
835
876
590
317
996
16
889
9
735
663
907
197
434
202
613
168
944
947
142
866
536
655
684
763
804
661
873
64
312
480
747
148
708
337
465
705
706
706
66
441
722
973
990
156
175
956
676
472
903
818
338
791
825
22
555
981
683
780
45
348
612
792
496
321
482
313
378
188
20
444
981
94
417
972
602
945
928
278
417
183
448
755
974
273
129
881
255
812
661
300
160
626
93
8
947
927
674
325
115
694
769
96
140
538
420
742
483
700
20
252
235
820
359
562
93
488
443
348
653
457
1
813
83
446
174
382
373
848
707
840
894
828
288
386
718
709
128
202
761
500
806
997
320
166
911
413
654
354
114
307
163
467
473
598
913
999
980
638
199
39
478
93
867
766
479
586
827
959
140
589
459
298
938
779
464
849
544
471
555
10
130
71
477
955
669
742
954
2
380
153
41
210
598
261
977
77
199
156
388
691
745
847
989
35
978
806
236
875
629
144
237
759
215
715
715
236
809
21
238
190
175
280
752
125
541
729
555
92
886
943
783
983
143
124
371
473
930
607
348
559
103
586
671
318
653
738
555
462
759
793
4
286
425
757
412
318
838
967
410
724
262
545
60
405
670
431
879
952
390
579
864
494
165
535
164
818
273
71
633
32
865
637
671
642
746
83
313
585
402
723
661
664
621
73
422
291
856
301
595
247
880
459
93
398
994
609
568
619
681
553
4
898
191
675
540
289
110
853
874
864
929
888
528
550
961
302
193
818
955
140
417
188
600
510
586
946
471
506
566
152
60
922
50
603
597
943
892
59
148
119
923
77
7
803
979
968
106
524
786
61
665
555
249
265
417
187
563
889
46
481
41
106
403
444
709
352
387
953
411
535
72
334
965
431
138
944
400
244
821
538
657
486
446
259
751
863
798
314
752
844
796
146
302
551
590
363
904
329
317
315
216
741
650
181
173
788
478
925
384
299
815
393
785
261
4
888
125
803
554
229
999
702
375
302
254
317
665
158
646
334
825
863
76
475
396
601
615
874
526
351
525
693
97
662
955
101
550
432
904
457
661
904
159
389
558
765
706
223
275
353
558
101
568
986
928
964
587
544
191
465
247
716
158
344
379
465
446
281
897
702
738
911
606
250
300
164
15
6
740
291
711
650
744
279
636
672
596
223
568
787
40
816
855
198
512
586
16
958
868
913
661
958
176
619
208
476
136
224
835
876
867
546
526
611
178
514
283
126
737
852
913
129
20
120
327
532
707
343
491
927
609
504
885
785
475
446
614
611
22
449
839
889
347
717
852
877
231
135
3
320
339
268
449
711
389
129
244
448
824
87
727
785
943
964
923
418
410
537
382
432
986
221
673
685
291
525
563
874
13
566
547
704
835
348
416
576
829
660
376
654
99
103
791
42
67
714
460
830
251
194
614
589
416
288
627
59
165
190
285
530
108
832
235
295
533
651
871
362
663
599
368
114
702
160
156
122
226
968
304
478
163
918
419
931
558
46
990
724
236
627
254
697
812
841
992
345
844
216
59
507
815
428
621
870
940
129
992
166
98
648
996
261
566
416
544
477
462
886
201
51
513
807
748
325
649
740
22
845
956
82
353
124
510
326
994
802
808
338
320
906
986
317
519
904
733
63
381
547
301
934
950
814
742
698
492
743
791
514
940
99
596
293
223
458
972
569
260
780
907
581
38
245
250
909
150
335
324
883
234
625
818
185
439
912
235
931
7
378
798
947
478
394
593
53
205
917
975
465
697
882
398
87
480
0
996
982
335
320
865
570
945
35
107
736
299
342
20
306
721
818
606
551
564
199
604
769
116
579
587
165
814
337
604
646
338
600
628
25
272
845
595
569
881
54
305
180
397
325
839
470
495
445
21
60
996
625
829
464
557
416
981
723
754
585
369
444
537
997
469
161
842
65
730
75
471
35
608
868
713
447
338
560
244
359
620
240
337
802
704
246
218
37
969
324
622
690
768
511
39
238
672
881
655
402
309
126
789
917
347
854
716
37
415
960
397
35
200
86
189
256
684
408
293
653
84
267
695
205
778
734
795
802
967
802
204
276
280
345
545
627
200
261
665
615
221
414
2
421
852
192
29
536
952
322
189
388
941
236
593
71
970
740
873
937
542
429
214
823
775
759
802
327
21
819
942
242
233
296
16
85
840
45
621
792
720
162
533
13
398
126
85
720
219
958
658
761
388
872
936
515
983
739
842
356
910
136
951
144
784
967
581
625
364
555
417
436
69
950
450
820
429
535
540
648
845
550
761
585
422
698
100
758
789
294
114
51
782
65
195
567
384
129
192
101
36
961
537
105
264
987
277
45
874
818
45
720
368
806
305
143
856
406
253
997
52
719
49
835
137
596
402
521
77
946
622
113
259
512
571
523
499
848
920
374
18
965
94
739
124
751
234
332
157
487
330
562
206
731
397
343
679
151
217
757
449
191
222
708
703
793
584
555
642
856
281
12
822
375
751
298
126
985
630
636
824
312
550
31
395
299
726
75
802
295
184
251
487
406
311
542
200
247
97
194
104
378
206
926
105
958
224
584
943
206
572
120
519
122
151
914
773
229
341
575
525
525
178
364
932
489
258
484
89
708
678
193
86
884
471
544
194
47
480
490
253
52
610
124
526
113
39
299
342
732
226
219
258
404
935
190
245
194
26
334
902
704
879
340
588
350
236
135
397
716
625
3
120
235
127
646
348
518
297
42
251
875
262
509
631
549
51
877
743
77
563
997
133
443
690
73
145
926
208
543
995
833
898
115
420
25
114
768
896
411
811
147
639
425
8
270
974
411
499
70
840
63
419
973
858
109
398
3
388
607
546
383
792
796
498
213
822
612
981
70
376
144
569
15
569
929
285
896
340
785
966
532
200
385
857
58
847
255
61
235
214
960
618
7
756
468
220
930
81
553
0
457
50
569
824
619
498
461
867
190
246
185
74
798
923
931
856
770
539
918
357
753
878
327
760
986
795
332
917
228
886
917
685
936
487
861
907
337
323
775
880
921
312
954
720
235
886
576
357
425
846
714
530
76
393
291
63
189
623
980
417
861
249
455
149
88
316
57
426
991
184
306
913
496
612
633
84
498
561
441
275
760
508
158
836
901
449
251
442
424
583
212
638
833
19
787
921
687
196
347
679
380
5
592
229
618
577
665
468
490
458
96
602
318
254
439
572
55
42
14
831
626
578
469
459
597
609
380
285
805
80
964
538
437
908
119
407
837
136
228
679
594
324
282
913
930
73
485
985
115
851
168
741
430
990
552
379
599
285
664
756
365
980
646
154
240
117
562
429
253
790
109
848
466
743
113
396
816
950
381
283
153
901
25
935
891
929
315
490
214
331
599
931
664
245
86
256
363
0
686
968
790
147
168
256
890
281
4
58
583
737
341
737
638
718
672
530
648
339
372
214
23
323
146
687
569
232
943
284
232
981
252
374
128
773
982
370
54
986
428
990
723
770
727
361
840
751
243
488
443
616
703
466
939
849
505
860
433
800
496
17
782
101
391
262
874
373
633
280
359
413
270
82
183
997
795
24
101
39
864
896
7
919
362
946
120
219
159
553
19
655
570
153
756
313
416
982
686
49
263
397
462
533
831
998
883
627
374
984
18
590
880
25
510
594
323
630
813
482
536
832
138
458
986
246
772
754
229
458
155
844
208
969
377
39
967
260
18
693
596
36
284
476
61
794
422
385
776
235
219
312
420
709
771
758
956
895
864
537
353
19
381
913
988
758
953
308
371
971
1
967
360
285
796
421
431
218
158
560
806
730
872
578
439
995
336
395
890
200
284
596
571
17
509
559
128
814
867
499
786
869
466
498
506
614
919
290
833
430
850
639
160
74
217
599
70
905
347
312
457
983
908
28
1
770
939
129
584
807
980
722
28
446
220
886
413
492
176
246
274
378
237
786
453
806
737
875
63
84
539
520
420
800
900
421
570
839
902
506
646
882
581
26
680
801
913
93
645
441
691
919
820
928
705
625
86
443
852
149
879
391
21
299
191
921
72
113
761
974
972
759
856
553
138
537
354
51
630
0
844
322
271
664
602
329
641
41
124
493
190
3
237
212
655
780
485
79
894
598
54
866
710
262
419
848
799
125
251
782
477
95
456
749
112
410
78
753
451
202
599
994
557
836
558
564
968
43
644
214
994
50
80
704
312
851
552
464
329
803
246
806
898
54
907
362
816
337
116
268
891
67
262
801
903
820
365
223
215
361
438
209
411
870
913
724
722
817
188
403
972
786
561
223
840
821
585
656
158
701
276
402
768
890
555
23
62
920
599
630
634
37
839
45
907
105
121
981
274
309
384
247
447
946
470
639
119
55
648
277
109
924
31
229
167
586
605
229
859
204
859
493
241
51
890
148
508
12
130
782
673
866
29
121
164
499
760
283
907
408
913
16
685
944
597
852
883
202
433
742
406
293
587
999
696
829
148
204
841
630
986
867
496
368
988
13
219
100
296
126
509
209
494
546
506
92
398
389
646
831
483
405
476
70
404
524
251
904
728
93
886
67
960
383
435
300
748
6
400
44
133
261
254
979
807
760
423
557
501
70
741
984
827
217
406
231
94
657
488
174
102
374
241
414
109
28
714
857
35
467
902
520
80
508
499
888
620
275
797
121
697
538
105
524
108
863
755
202
872
243
376
975
618
970
741
727
350
808
585
737
275
839
257
355
347
109
595
967
384
393
88
81
283
545
957
391
760
712
945
632
308
322
959
278
644
701
5
994
509
942
84
136
781
341
843
480
802
439
447
538
184
887
971
467
784
928
211
544
993
156
529
301
830
488
579
826
189
936
821
50
879
905
186
12
598
30
845
753
821
644
291
357
532
615
176
668
543
387
565
536
896
94
189
726
582
768
553
124
705
726
174
936
983
361
300
933
743
145
686
564
142
978
921
26
945
97
694
488
837
259
377
733
353
566
811
288
335
716
412
392
442
586
680
777
947
980
711
690
478
749
606
972
79
527
998
24
977
692
513
166
304
242
251
9
808
62
297
495
779
709
887
573
296
919
703
595
900
766
638
730
515
244
702
595
124
700
619
453
744
484
619
400
726
870
410
535
284
707
382
415
417
270
341
65
541
44
660
441
810
650
523
677
895
577
272
371
629
244
824
726
728
795
126
807
17
536
694
301
244
76
717
13
698
58
430
240
454
90
33
264
93
909
941
340
486
566
711
468
810
887
194
890
682
320
49
51
209
743
352
805
172
421
818
222
831
600
462
285
42
848
901
135
757
843
475
595
761
186
63
923
425
609
813
459
930
863
510
139
958
215
296
482
636
466
705
468
66
167
105
108
367
7
244
476
202
719
72
963
258
487
886
683
97
51
143
379
914
653
518
225
220
166
707
857
632
412
677
698
932
782
806
651
789
50
128
343
122
200
306
380
39
192
415
136
244
558
515
510
564
385
87
136
551
795
993
183
559
22
881
843
157
40
495
298
442
623
642
564
175
948
296
214
493
712
703
737
622
218
599
538
604
687
675
507
834
20
43
393
43
276
589
200
316
84
850
759
707
492
675
234
441
324
448
934
388
151
23
362
722
622
901
678
661
928
185
495
300
228
241
695
505
830
247
173
266
98
932
973
590
960
559
31
284
7
317
24
511
340
386
585
315
639
263
328
567
448
824
868
29
417
563
886
599
811
59
865
909
344
190
851
656
749
883
292
108
552
316
971
245
702
556
560
342
819
888
909
620
64
129
649
833
45
887
432
208
946
649
469
642
839
320
298
588
555
590
49
108
906
20
353
609
577
265
303
396
505
564
368
922
46
369
107
91
256
540
651
555
541
120
197
381
792
848
321
700
438
370
808
697
391
513
658
968
130
961
716
987
525
85
909
571
454
369
14
63
261
665
618
802
137
815
183
282
15
505
982
454
875
142
503
618
7
161
938
137
122
655
476
999
92
386
923
898
107
289
961
368
307
579
170
796
747
354
78
762
211
60
568
438
202
71
57
561
232
347
698
706
2
175
58
446
913
981
345
20
622
306
388
929
238
910
726
337
264
804
99
827
217
20
266
771
91
675
333
676
22
383
382
377
910
792
175
823
125
520
195
748
179
935
677
769
846
755
106
462
912
205
642
129
577
260
252
669
935
585
345
309
969
79
38
879
872
214
55
349
86
602
97
265
538
775
34
736
882
140
550
794
698
192
923
275
452
176
296
739
113
993
49
434
73
439
666
297
653
721
646
740
675
96
357
565
223
744
301
105
236
204
900
934
748
175
562
201
703
210
292
817
204
693
251
629
133
917
278
138
990
276
878
18
372
588
583
595
332
237
701
568
441
953
855
189
128
769
742
832
979
35
1
183
80
604
164
213
874
442
352
216
719
582
234
443
170
818
39
854
55
92
775
848
397
630
389
877
751
132
61
730
519
62
266
599
667
782
165
893
225
517
109
296
451
344
739
974
514
130
828
921
574
955
769
971
937
158
849
688
642
910
771
513
325
389
113
344
171
630
237
396
147
346
44
950
42
784
924
556
266
105
477
841
60
246
812
350
757
661
38
751
924
809
265
249
550
730
593
722
360
830
470
859
528
515
809
571
651
86
127
917
543
605
758
603
203
571
953
312
584
344
416
860
505
33
109
56
115
54
778
475
236
600
686
765
115
847
688
766
933
815
684
476
772
442
432
328
365
737
992
302
81
760
162
939
793
624
347
908
30
477
735
267
77
421
384
193
269
72
959
554
239
995
31
364
790
463
44
155
552
388
809
986
149
324
925
942
948
624
851
978
101
586
597
178
360
333
371
629
757
683
183
349
30
566
65
820
381
109
328
934
849
137
272
998
461
197
941
761
821
144
92
274
82
689
452
442
375
176
423
132
211
959
481
241
525
546
414
907
7
742
193
857
231
465
855
45
14
148
806
187
644
898
461
727
940
913
521
667
441
297
799
4
256
633
246
781
531
12
40
539
754
233
748
337
50
603
382
64
104
541
251
100
791
64
179
731
330
701
750
771
998
550
776
606
535
374
739
66
386
780
957
492
365
705
829
768
661
564
832
117
105
436
217
896
852
397
980
182
98
730
306
448
632
434
406
519
160
145
586
546
277
895
390
643
601
571
763
262
135
595
731
592
383
948
841
236
345
821
770
795
903
76
595
536
510
1
407
22
147
993
568
776
889
310
771
842
234
534
456
369
130
187
314
865
135
155
453
481
328
224
628
231
300
224
119
163
225
527
185
724
872
106
501
761
768
272
955
2
807
411
724
289
598
38
506
86
545
960
919
873
184
547
104
836
771
576
351
349
103
889
73
975
347
926
89
115
551
44
118
710
808
194
999
406
584
505
844
129
465
763
354
1
663
458
838
434
34
541
135
489
430
561
465
777
487
554
893
390
950
363
100
758
909
451
517
493
957
361
622
774
477
976
128
140
786
318
926
173
859
62
662
290
975
479
419
814
385
664
205
336
379
305
446
288
757
963
781
66
677
755
192
506
83
320
646
222
638
924
747
850
338
409
140
313
241
559
128
626
576
685
314
955
342
761
244
99
76
25
517
753
133
62
259
568
382
257
790
373
534
537
223
224
299
715
890
892
626
370
518
202
55
185
158
397
946
402
849
374
779
366
128
264
428
739
833
163
349
975
888
235
513
111
459
164
178
349
56
804
719
926
7
774
111
517
524
409
919
373
784
50
91
264
315
872
355
500
387
704
475
275
939
340
738
751
504
916
100
560
720
820
487
79
946
950
948
822
360
219
195
496
270
639
760
937
863
115
437
250
172
264
525
463
605
615
214
109
531
315
22
603
487
861
35
785
811
983
608
523
203
155
19
473
794
131
762
657
247
551
259
771
815
136
234
420
751
449
882
282
116
904
238
955
765
273
92
928
256
700
804
459
856
823
284
2
955
398
12
554
949
271
325
765
408
911
537
159
360
419
794
828
323
32
135
440
657
228
721
913
928
525
725
136
700
361
491
7
760
503
561
709
126
238
826
886
150
364
398
862
783
192
43
459
576
178
251
233
406
324
498
687
849
223
175
902
585
666
909
697
521
471
758
648
61
585
534
211
301
932
426
84
476
469
895
52
647
499
637
406
823
136
93
25
711
268
927
648
287
188
345
808
659
104
808
73
41
343
284
342
627
710
778
456
531
26
860
179
525
498
585
700
634
30
725
697
298
4
346
585
193
691
746
204
147
554
277
188
249
914
882
229
976
661
685
508
687
545
687
564
395
624
264
29
654
342
79
304
346
425
890
539
468
988
96
616
542
373
156
792
639
39
21
616
52
58
124
91
603
163
655
999
787
271
380
441
613
459
745
960
236
987
851
705
975
947
673
870
673
829
662
312
220
35
280
624
93
404
715
48
567
722
47
706
994
780
147
959
591
245
919
828
584
123
533
912
422
206
782
95
387
796
760
608
831
40
584
276
797
300
324
364
374
724
71
720
504
570
680
447
167
599
275
752
74
808
16
497
366
798
944
754
594
56
714
777
97
650
53
246
950
729
610
677
453
33
397
309
956
77
109
123
29
384
227
103
545
243
952
263
393
249
369
339
305
83
468
754
734
873
0
36
603
963
713
408
996
463
70
304
540
179
428
921
563
7
25
460
603
329
724
348
578
93
688
884
529
156
990
615
30
991
651
985
954
717
393
302
532
463
607
72
994
387
994
910
394
371
370
349
52
446
698
631
540
386
867
421
894
857
36
924
848
39
261
154
108
655
457
640
470
64
65
817
451
411
727
845
782
449
547
834
896
245
817
788
631
684
209
877
542
597
154
742
988
415
897
97
422
354
89
893
770
154
710
221
565
789
418
699
238
965
886
486
210
703
274
193
388
835
71
282
784
225
376
773
992
625
222
415
331
311
308
101
818
370
322
383
159
93
435
749
58
321
236
621
24
862
814
764
50
237
398
834
814
127
959
807
752
181
222
84
845
882
537
663
252
212
398
763
305
833
864
715
506
452
336
531
315
503
647
717
92
398
551
907
525
863
66
629
396
288
713
241
170
603
256
774
815
655
889
472
840
105
187
347
558
876
230
873
731
229
590
823
627
493
82
152
356
148
782
105
436
847
346
958
450
955
84
617
962
325
89
802
431
629
501
989
505
731
214
588
961
804
411
940
649
846
93
358
994
227
463
783
74
161
93
877
116
530
494
78
855
936
233
286
565
734
275
422
818
841
10
131
997
773
71
647
971
516
357
966
743
820
101
170
333
546
399
802
76
245
232
932
181
465
570
98
552
198
520
370
39
882
853
37
656
924
684
627
793
393
945
888
565
398
58
898
945
457
52
21
55
285
953
236
750
876
335
654
74
207
24
113
90
229
150
98
506
186
725
299
579
23
187
144
421
598
395
366
407
447
740
462
732
45
699
835
921
386
489
995
593
866
109
683
95
611
781
601
798
859
252
729
882
440
874
655
38
621
374
797
68
114
260
153
511
311
988
433
697
477
780
290
695
889
326
791
853
459
744
651
318
997
732
552
437
606
208
827
579
934
624
648
48
884
801
559
195
789
344
244
618
125
887
314
366
213
457
219
672
201
222
991
198
307
895
987
265
103
814
845
389
791
493
437
27
646
349
575
787
45
819
405
522
706
71
889
271
528
460
944
82
35
287
280
342
182
268
607
638
434
452
27
577
297
817
605
943
518
180
730
915
351
488
438
410
559
679
33
440
139
977
522
526
616
154
868
151
422
476
141
209
280
520
786
578
689
391
873
207
923
604
475
627
92
913
389
3
592
422
795
83
752
669
610
368
824
478
871
598
306
364
807
939
885
594
517
574
337
390
134
613
346
609
592
790
874
981
146
466
403
941
549
507
611
159
228
435
990
99
33
648
464
193
587
701
139
456
275
476
847
761
441
545
722
33
336
596
14
834
62
770
775
964
277
738
475
857
525
817
957
911
466
773
104
53
474
243
510
101
71
709
863
513
254
585
898
942
534
265
776
948
35
904
912
664
642
740
522
520
557
831
431
23
604
887
429
430
130
939
531
553
648
746
66
254
332
965
549
218
230
677
166
617
581
431
633
576
523
507
96
80
338
879
456
294
766
885
724
248
824
608
801
824
354
220
430
38
185
979
256
767
9
423
736
590
206
369
518
729
229
614
161
567
493
617
214
611
502
938
859
678
546
661
854
253
881
285
291
418
616
548
537
977
323
273
568
881
994
86
610
223
53
771
143
898
741
357
510
243
647
369
274
546
382
128
799
263
765
90
681
734
990
570
711
665
843
631
546
838
718
508
413
123
280
556
21
373
913
531
616
561
253
242
107
635
371
258
899
488
348
932
222
691
503
286
356
698
917
903
888
987
411
302
110
43
858
484
416
772
15
385
685
620
627
144
256
350
402
507
839
102
791
413
793
646
51
150
345
969
405
233
308
168
535
771
564
394
255
332
518
270
69
203
243
697
699
499
399
101
6
590
203
797
356
349
444
407
499
141
728
256
374
37
424
262
808
988
8
63
673
878
685
742
433
928
791
132
779
191
233
785
133
788
935
489
137
731
897
988
872
625
244
598
14
21
860
822
361
868
237
34
746
275
777
531
203
920
663
335
111
896
120
597
37
407
86
174
138
335
163
10
313
759
609
327
780
821
502
142
42
91
176
140
366
305
672
922
226
335
257
689
584
729
638
621
137
725
795
275
412
310
638
77
70
599
757
850
772
259
344
814
350
873
955
69
530
979
343
756
314
600
798
898
329
436
871
818
513
19
446
926
329
436
3
399
35
760
602
807
371
298
974
74
171
281
495
702
260
838
810
574
438
608
825
119
397
696
938
910
715
736
188
45
172
544
796
559
656
750
366
380
401
692
454
572
973
949
626
233
139
437
160
577
397
985
48
794
33
338
57
749
74
245
146
246
141
294
805
798
397
524
178
798
216
984
722
542
285
349
127
424
138
287
353
887
624
401
34
658
740
91
407
814
688
905
413
830
551
570
980
948
94
510
98
663
494
821
557
779
522
684
203
12
972
556
899
596
309
933
254
49
24
13
216
65
270
981
247
822
551
227
122
998
737
573
661
583
746
570
362
620
254
917
632
578
825
531
175
486
465
781
888
841
147
104
258
769
437
505
943
988
732
418
986
821
991
999
756
737
569
470
709
176
387
341
754
564
872
281
51
689
415
291
883
914
747
141
683
184
647
627
524
731
45
863
905
388
214
661
477
136
132
186
312
871
527
418
788
751
700
191
793
467
482
676
381
229
169
64
765
168
43
289
252
88
152
509
828
367
170
305
503
654
491
815
878
370
585
666
122
285
209
267
752
691
943
485
272
464
550
37
985
945
326
237
386
831
746
214
198
268
520
53
275
11
220
505
382
805
171
856
443
732
123
547
423
418
33
47
234
935
84
219
880
762
456
266
593
554
481
143
175
353
196
802
364
416
307
98
574
830
306
17
562
429
564
337
847
949
384
434
884
820
653
117
582
462
735
528
368
568
671
543
921
220
697
638
988
356
736
562
186
395
931
100
824
496
437
24
797
173
458
682
993
111
799
928
925
886
456
294
455
479
189
376
51
887
14
40
243
103
954
782
498
886
882
674
734
672
698
531
845
508
565
191
972
716
119
897
603
927
191
58
406
381
786
810
620
801
850
863
256
804
997
754
42
880
428
128
904
479
12
749
987
577
292
311
646
763
209
249
690
752
659
449
133
445
259
753
598
461
969
854
617
966
960
660
198
389
140
102
220
152
204
559
82
848
871
728
612
80
329
302
832
340
103
318
785
714
423
736
175
392
590
793
711
551
805
261
292
945
716
512
450
272
71
532
120
942
260
732
374
941
387
559
281
842
877
418
557
300
154
732
45
745
525
108
648
682
369
940
628
437
804
78
709
227
610
830
522
222
914
896
515
653
807
796
496
36
214
405
689
721
137
734
818
15
194
466
697
915
758
677
353
914
755
62
141
717
244
663
291
511
912
806
164
71
954
12
108
521
417
797
242
907
531
60
274
77
878
971
992
636
1
345
550
756
760
43
826
356
59
117
867
323
276
384
394
230
748
502
751
518
299
345
425
182
405
51
259
283
22
604
271
375
301
173
132
61
217
310
418
628
779
637
951
55
373
345
638
122
848
389
640
499
735
417
682
492
468
293
128
842
249
399
218
551
925
702
612
142
364
382
122
143
372
73
199
745
418
837
219
618
578
211
118
665
980
152
158
800
797
286
995
47
37
565
598
962
267
562
456
631
297
578
126
21
651
325
766
422
514
338
40
93
549
510
758
882
14
268
682
812
906
677
211
944
242
161
906
861
75
363
844
372
293
971
745
945
648
864
367
163
202
759
256
103
622
366
985
636
987
668
800
893
697
11
837
292
524
96
153
600
811
350
324
104
321
70
401
969
934
768
132
488
880
740
591
502
459
929
138
446
949
291
691
646
302
881
938
179
977
444
779
788
794
455
244
115
877
646
436
163
766
921
651
646
13
595
500
472
524
991
270
473
282
962
471
936
843
410
115
172
854
246
312
0
702
556
467
579
202
903
95
969
176
746
967
190
341
468
662
865
459
285
690
93
599
162
29
794
572
497
966
778
743
278
130
797
834
597
729
389
500
824
358
29
570
325
219
912
145
233
129
956
518
820
49
117
982
79
911
906
576
229
36
671
507
166
469
694
763
198
83
615
22
793
644
944
470
215
208
616
449
338
924
967
510
974
437
492
405
700
750
333
930
138
4
789
304
473
483
419
23
918
386
397
63
383
342
886
598
550
502
47
888
778
367
750
752
804
242
157
504
344
842
786
482
847
576
138
672
411
557
696
330
296
445
745
679
787
631
629
338
485
29
578
264
748
329
16
552
923
526
408
620
368
195
102
567
123
241
240
534
150
288
216
446
85
962
477
873
593
459
563
79
840
141
695
588
822
63
140
98
589
900
718
310
447
820
229
570
413
821
105
564
461
321
362
547
635
192
420
229
651
983
660
491
476
707
431
651
770
923
749
712
823
467
374
623
639
603
545
53
425
2
969
238
676
331
785
311
875
557
892
878
540
904
369
369
611
800
372
382
723
121
446
899
940
820
874
579
775
419
632
552
422
601
791
98
285
576
409
160
134
302
39
26
558
760
747
170
913
119
904
988
240
350
239
180
522
113
112
297
533
744
850
955
698
641
53
335
569
814
495
703
468
886
82
27
999
829
549
912
949
453
252
541
155
492
74
29
957
186
326
490
282
528
797
980
169
202
315
91
17
163
794
837
401
228
864
400
58
765
664
359
570
917
252
725
761
678
106
718
864
433
561
147
961
358
479
483
561
147
926
930
662
72
767
63
301
984
816
711
749
480
70
320
749
674
397
862
353
504
581
569
289
142
68
602
852
548
437
413
47
363
695
709
436
463
124
737
799
940
448
548
773
870
220
874
896
618
737
249
474
318
819
763
812
887
365
664
787
803
430
834
518
125
895
954
940
372
691
739
312
491
640
437
713
860
312
610
830
49
211
304
719
382
419
531
270
785
547
409
940
329
596
458
807
491
765
747
863
456
839
528
300
479
965
13
691
629
975
522
678
187
178
397
569
598
280
191
383
180
601
675
509
549
485
316
392
250
416
608
59
607
136
359
438
453
724
129
435
52
3
113
239
182
863
160
780
495
352
515
675
305
190
185
206
27
853
598
278
621
206
337
580
694
48
18
500
124
500
935
176
855
400
415
37
263
928
169
111
280
684
786
937
226
323
143
254
529
93
884
150
300
221
83
346
621
101
846
745
953
133
922
809
534
689
198
149
617
368
260
249
404
399
538
983
722
681
589
251
775
473
754
427
46
837
773
667
290
972
764
244
105
38
405
991
728
603
141
697
323
753
947
728
152
837
63
875
519
652
478
646
477
232
425
875
69
550
894
360
522
658
604
980
697
361
971
777
964
464
474
288
218
773
368
722
611
783
949
482
435
428
480
264
660
905
139
730
455
33
90
330
43
46
310
740
407
281
869
723
746
344
363
316
117
83
38
80
866
988
562
301
416
42
917
76
947
56
806
755
441
248
85
485
646
395
577
53
28
447
777
774
143
492
90
260
576
129
693
442
117
255
96
885
650
13
961
949
422
120
704
215
720
141
700
367
536
630
420
565
429
549
691
572
42
782
184
970
263
877
412
732
485
508
617
135
874
930
84
296
50
141
511
123
282
564
490
171
546
262
88
975
812
779
547
206
913
731
176
528
961
940
260
446
449
229
581
675
160
665
971
562
158
834
685
441
750
175
612
648
438
52
623
602
183
522
160
97
606
336
977
567
276
238
13
77
819
594
752
331
611
75
894
770
262
931
563
364
459
527
13
249
579
636
851
762
511
11
211
117
699
189
684
327
779
697
757
950
643
509
282
606
937
176
728
199
459
643
915
918
170
928
167
101
917
370
216
428
733
427
545
784
968
581
464
99
630
221
50
273
82
332
231
19
860
312
570
671
955
486
590
126
766
109
579
683
480
795
111
565
575
8
350
543
589
814
995
219
387
397
844
469
729
428
841
941
740
763
964
695
249
554
173
368
16
105
51
848
900
515
413
475
523
115
371
465
281
718
36
668
115
881
138
196
309
331
137
401
94
101
96
696
8
622
64
24
727
467
224
979
982
637
455
858
753
178
323
34
896
359
55
11
592
545
207
253
876
696
654
970
149
103
18
509
77
82
885
804
550
109
135
884
747
590
742
852
120
417
238
16
129
645
379
721
190
586
327
66
634
981
389
136
436
407
645
513
490
531
669
392
640
805
276
739
747
371
943
868
788
534
236
269
179
616
343
370
554
670
788
541
3
177
677
440
585
322
305
427
205
975
819
198
132
447
289
879
170
233
99
311
119
688
580
650
656
923
372
562
945
161
103
301
338
132
741
275
455
398
702
12
373
873
210
857
673
500
89
843
85
540
506
556
228
87
206
236
362
579
799
660
92
902
961
430
387
54
706
842
452
760
206
178
634
417
35
659
269
124
854
706
17
361
262
245
448
820
482
162
751
633
822
843
887
783
626
274
189
684
468
642
444
675
820
430
444
207
89
713
684
944
771
701
305
33
946
105
205
780
619
957
413
442
800
301
577
778
575
767
462
396
761
907
71
581
689
515
788
131
580
472
75
351
173
732
736
472
189
941
604
808
250
370
602
403
23
532
181
950
651
644
346
412
903
417
345
592
932
485
723
864
310
150
215
835
234
303
659
423
245
264
584
847
634
538
250
9
422
432
959
73
76
306
837
979
723
534
923
8
20
647
224
330
149
792
165
384
95
825
159
692
441
743
540
427
634
790
436
56
222
395
482
650
53
671
981
129
206
905
489
226
904
713
908
53
505
425
437
601
602
597
293
43
692
185
822
678
976
258
87
550
6
569
553
411
240
534
540
446
791
29
24
695
95
932
101
952
358
538
905
312
487
551
356
532
736
178
210
64
789
297
615
147
218
168
558
811
54
451
257
198
832
634
893
927
918
994
232
628
885
137
941
724
688
297
256
425
827
819
489
968
116
456
467
687
976
378
498
31
829
107
229
661
741
474
941
660
821
173
288
58
662
229
782
351
878
39
776
58
858
617
378
326
74
846
13
50
576
511
433
405
619
662
418
712
489
711
372
662
236
13
720
899
594
502
250
825
893
378
235
103
995
613
782
69
811
795
472
387
659
905
144
630
920
915
342
409
626
67
71
863
432
143
114
26
645
364
851
891
94
438
346
89
52
128
511
215
276
983
955
935
888
99
917
808
14
259
569
993
678
992
856
110
135
322
489
133
38
692
376
132
131
722
221
183
851
732
750
127
715
705
414
956
805
331
116
171
942
686
164
973
30
372
83
518
46
924
3
84
617
379
216
748
453
438
283
656
522
33
135
238
739
549
546
896
232
662
419
527
700
936
852
731
660
287
601
707
212
604
791
829
335
8
929
140
446
212
797
320
597
932
910
336
834
456
584
418
119
356
297
171
292
149
254
304
437
855
11
649
811
803
830
498
811
759
639
609
323
436
929
920
720
840
609
554
296
193
325
767
901
622
291
545
124
545
850
561
753
861
562
916
16
744
415
827
503
54
788
826
842
70
746
562
910
355
469
558
901
146
678
154
768
969
700
892
866
902
805
619
763
719
536
132
463
303
959
318
709
100
496
551
170
243
465
80
950
286
990
203
432
20
710
553
989
410
797
208
664
603
179
779
674
67
911
138
370
871
456
79
323
305
982
493
548
800
925
850
438
915
406
223
288
116
776
629
878
925
837
894
880
17
673
555
436
585
45
807
808
853
238
131
158
573
624
58
725
901
909
163
168
667
738
456
135
514
86
365
792
923
259
672
292
932
227
729
869
624
888
677
478
478
160
636
403
136
695
128
37
956
644
206
623
382
14
110
249
100
475
41
376
86
65
668
370
645
749
240
269
989
269
747
820
430
384
223
566
79
704
604
387
700
162
362
82
176
472
683
277
299
76
653
737
142
673
107
787
775
699
408
116
969
156
936
399
892
512
965
323
216
921
710
916
83
72
350
260
896
34
889
195
462
894
284
604
567
743
743
694
443
152
811
412
660
99
163
552
611
128
875
827
402
585
95
485
9
446
97
905
832
986
452
294
880
736
251
800
479
346
494
922
498
657
686
158
757
849
710
368
330
937
548
84
522
995
569
531
793
667
436
977
5
240
624
886
976
875
38
808
221
532
82
72
542
769
582
651
970
645
371
652
582
919
736
105
267
306
988
60
325
777
38
330
17
14
568
346
889
606
154
462
491
236
886
385
357
469
36
328
114
407
980
48
679
69
505
946
727
494
358
52
623
748
734
640
762
655
338
3
613
492
466
456
81
352
841
438
173
877
118
287
637
451
688
316
520
193
614
247
687
972
651
662
721
737
655
835
744
993
839
358
838
305
166
919
9
360
709
183
237
828
822
226
279
510
542
151
56
156
750
743
481
753
406
554
490
61
389
587
406
228
297
244
885
463
515
247
823
225
782
413
53
604
639
684
467
534
187
523
42
937
618
523
690
376
77
532
789
467
119
548
47
416
792
285
880
308
532
55
533
314
468
938
270
460
974
89
994
161
964
36
98
935
912
140
311
989
672
453
808
792
1
208
208
145
493
440
453
377
496
338
691
316
628
313
776
602
403
122
115
719
511
565
654
423
705
318
764
378
771
573
522
124
133
82
269
626
523
75
3
371
413
46
687
42
359
816
996
114
938
112
834
449
677
488
872
735
806
637
465
929
562
987
53
47
69
675
673
944
750
28
315
163
426
355
557
137
171
906
252
461
370
438
911
399
926
135
134
85
124
599
14
686
938
420
733
360
95
758
304
845
138
972
360
916
327
270
54
850
176
306
311
898
744
574
297
22
710
784
107
834
383
474
873
674
894
958
34
989
69
338
186
207
662
546
124
341
168
530
543
344
188
855
594
284
781
892
306
491
676
766
678
411
240
903
85
486
861
471
827
282
162
13
490
824
911
966
518
80
848
61
776
36
916
371
320
50
263
978
541
291
744
571
54
336
474
140
822
688
963
649
970
125
14
812
302
926
130
820
6
978
881
782
14
150
505
686
200
768
665
93
411
409
665
466
746
491
958
920
179
921
570
502
47
584
314
349
862
797
521
868
775
402
3
142
552
508
828
752
629
493
846
40
255
863
858
353
354
816
273
886
738
195
388
137
132
54
838
994
851
359
215
979
113
218
121
666
78
301
770
707
147
968
100
402
831
310
107
186
127
380
424
217
928
812
706
60
218
896
406
422
607
621
401
720
839
874
738
270
175
509
329
674
477
781
76
661
92
535
847
219
268
271
788
196
435
494
608
653
742
14
427
349
636
828
69
827
54
160
97
582
21
779
256
498
560
685
159
652
220
358
223
488
981
11
684
416
857
292
422
599
659
849
300
295
30
722
474
84
882
924
666
903
703
275
753
263
960
265
916
180
623
491
669
605
503
705
373
712
350
147
312
9
349
964
656
379
686
130
815
568
406
834
823
109
109
577
373
69
842
641
601
817
132
270
774
987
328
148
700
678
295
364
39
644
328
695
375
15
177
543
935
584
377
111
45
838
688
418
907
882
411
860
699
896
131
474
883
811
974
935
489
269
299
880
266
980
927
993
347
456
536
634
392
265
745
438
103
433
208
362
315
620
223
367
868
706
841
751
517
815
687
358
436
338
238
54
318
517
400
17
973
936
652
366
554
397
804
657
831
12
372
498
984
595
865
852
653
58
956
170
225
643
880
662
333
118
68
4
635
468
21
960
757
673
326
311
71
130
320
254
495
692
104
479
287
322
684
940
380
640
462
606
635
342
620
968
812
688
324
799
509
346
760
266
371
86
577
442
569
897
48
416
942
505
247
229
827
931
522
207
571
984
165
206
679
785
527
491
826
851
291
687
549
51
953
921
489
882
715
58
131
116
826
73
621
74
655
448
5
529
7
929
865
173
487
544
310
14
36
488
218
327
175
119
730
480
40
219
714
756
630
846
224
456
271
845
882
278
293
888
807
300
817
673
825
656
217
488
671
605
976
241
284
504
360
14
984
753
586
699
509
568
897
85
376
168
930
259
447
575
499
606
875
668
279
53
324
497
541
347
102
869
588
387
373
301
753
710
54
691
761
915
259
658
0
636
178
930
247
977
505
746
584
732
414
863
137
738
712
678
86
167
900
26
906
273
327
11
983
381
703
744
296
314
754
296
950
933
578
549
262
435
295
846
168
61
62
305
152
126
336
238
645
236
616
903
861
944
915
197
677
970
293
974
284
48
622
587
333
553
136
595
988
784
794
508
845
208
166
997
686
854
587
332
90
556
587
303
500
502
500
529
472
794
855
757
194
478
344
527
383
832
474
723
616
620
232
814
180
750
163
867
604
751
551
46
659
138
349
159
993
202
688
465
996
544
574
542
374
270
421
109
455
247
832
71
868
64
885
400
166
401
267
770
504
170
816
163
661
518
322
654
720
362
471
68
258
398
610
984
20
31
445
475
278
278
547
498
694
784
899
861
185
518
631
689
41
800
204
702
318
526
708
38
241
179
106
851
929
68
188
950
451
633
425
81
263
324
580
958
461
831
171
998
701
154
40
742
954
244
444
624
123
152
662
716
684
120
919
613
540
107
915
991
93
693
73
356
369
5
314
830
188
837
181
889
992
573
632
946
817
428
571
292
933
585
8
617
58
928
582
598
387
850
942
480
543
367
837
264
372
503
447
912
341
628
153
333
201
137
631
370
566
554
663
499
492
23
468
550
951
402
500
339
604
442
171
499
809
8
764
533
512
211
445
853
191
951
538
392
88
169
114
654
76
777
505
568
801
325
118
104
80
618
795
684
413
967
184
222
327
300
108
839
511
905
44
702
856
582
446
945
104
560
951
180
690
457
748
843
134
218
299
214
188
95
899
601
414
435
176
741
87
284
933
598
189
977
652
398
560
450
343
16
362
294
196
52
103
944
247
238
162
547
452
350
994
703
304
760
490
480
853
577
116
786
527
657
764
531
55
676
981
750
692
344
397
240
748
500
184
348
90
698
247
895
48
241
950
352
353
441
184
206
370
300
345
898
958
461
781
13
137
763
764
181
459
161
421
559
13
957
907
104
655
154
999
55
747
949
760
100
742
944
659
113
245
4
363
555
465
144
568
954
259
684
487
70
197
260
630
211
217
889
667
224
44
666
279
143
967
39
596
710
336
255
175
581
611
890
488
428
34
56
734
646
93
221
716
290
481
346
853
50
588
520
274
632
538
553
127
858
945
723
568
281
330
95
214
293
985
702
721
371
110
455
17
555
28
734
198
509
432
51
911
20
924
185
4
462
91
132
320
388
207
240
21
538
335
587
831
672
289
905
44
751
712
61
307
741
147
505
602
932
908
514
304
832
699
309
647
142
793
319
530
0
560
903
890
247
490
74
920
779
331
316
883
43
377
542
784
877
399
387
809
659
901
113
492
952
774
491
447
919
810
977
272
722
233
162
322
723
588
594
855
919
910
738
963
287
632
747
516
383
486
677
42
387
791
886
692
917
377
139
837
540
468
109
614
701
623
936
425
212
530
280
483
792
370
446
432
2
546
948
737
32
626
779
772
769
666
464
38
395
955
875
287
775
336
902
477
312
190
254
876
721
886
359
513
256
158
945
610
704
246
347
88
872
126
212
993
144
28
31
892
983
259
179
759
947
81
588
259
272
194
487
345
80
847
210
336
357
508
298
413
754
645
501
978
123
66
323
620
94
354
512
78
613
691
189
561
125
129
172
749
323
660
94
755
859
656
443
216
164
741
629
270
738
482
600
213
548
923
833
643
630
697
73
243
389
614
156
866
743
681
615
418
341
709
173
200
717
616
768
882
709
397
504
799
231
105
12
780
380
198
775
10
895
200
606
636
814
762
502
909
443
469
327
136
530
852
688
248
820
456
482
529
205
986
680
437
443
692
569
824
242
696
834
138
896
792
126
710
555
981
619
350
450
298
839
981
150
527
581
970
984
63
851
189
49
531
978
845
575
547
669
818
243
855
308
139
648
434
201
555
415
820
257
218
118
96
551
620
624
132
942
960
195
793
501
596
676
480
441
604
379
462
774
975
670
82
466
670
868
668
577
636
840
834
854
311
283
405
931
907
889
874
219
84
19
720
32
48
552
826
4
284
288
778
259
310
212
77
980
80
97
557
68
938
744
922
601
27
679
884
286
568
110
505
4
130
577
389
530
130
215
886
414
855
16
25
166
228
102
498
660
552
56
729
842
800
3
443
179
35
327
465
955
438
970
960
920
547
701
802
29
916
688
443
771
704
820
937
284
275
436
296
827
844
377
669
996
381
464
175
416
791
640
723
581
962
35
501
509
736
303
891
652
343
334
424
399
507
713
35
782
501
332
961
345
709
982
693
442
446
868
210
589
860
934
171
822
969
672
684
706
328
575
710
23
261
134
423
120
200
810
254
701
494
215
47
204
549
92
998
995
961
561
585
173
495
756
348
816
780
32
874
108
959
585
484
220
71
259
693
271
69
947
973
564
163
372
120
64
464
118
60
777
31
997
951
526
105
299
695
885
683
569
346
642
506
830
214
578
89
907
849
158
855
822
74
370
546
194
434
11
665
846
140
696
843
91
575
948
742
622
186
425
543
532
419
50
362
634
628
803
893
829
313
748
652
388
470
550
934
905
913
951
103
54
648
947
145
575
247
888
197
433
665
740
965
85
790
679
719
770
834
612
600
148
713
604
888
183
154
822
440
68
774
544
474
774
843
619
349
90
859
898
524
877
990
841
962
781
873
33
903
59
997
503
207
710
459
447
246
966
622
38
386
748
582
860
522
777
831
223
868
691
473
744
920
463
937
882
596
810
915
500
870
264
355
429
327
167
229
573
133
851
963
871
951
546
731
825
675
562
48
543
605
873
639
525
336
577
759
285
739
674
137
961
291
492
743
618
11
972
191
144
175
154
367
126
52
98
951
728
13
351
623
618
224
263
496
912
840
255
197
931
282
334
893
573
179
636
191
190
608
734
687
135
240
54
261
645
505
212
725
518
563
348
136
139
963
984
51
155
240
601
87
874
287
980
447
466
616
990
9
576
76
696
711
316
102
324
313
607
536
38
125
451
387
614
590
702
598
993
858
190
594
945
64
882
925
863
700
893
205
709
821
281
757
884
950
860
208
263
819
96
302
945
547
41
911
489
743
861
482
601
52
429
546
468
663
823
684
363
68
889
425
889
171
182
125
121
394
685
736
214
781
38
159
680
79
422
169
823
283
4
424
335
433
971
156
96
146
840
811
215
81
236
456
604
771
582
77
517
267
814
731
401
852
242
81
932
664
603
107
948
607
531
635
392
854
143
840
1
983
651
568
417
240
24
21
363
958
99
880
226
265
964
979
117
206
412
401
223
15
508
523
974
392
158
366
246
302
206
599
637
210
167
406
802
192
428
165
150
879
397
728
144
361
59
613
920
472
367
143
839
875
666
814
267
176
180
866
830
739
817
820
949
985
226
751
529
6
268
31
237
17
112
733
379
171
347
299
995
714
794
835
941
812
649
561
988
829
779
171
920
596
991
869
933
569
972
462
576
592
846
165
610
958
899
989
481
598
640
477
664
786
312
605
598
961
518
938
142
297
461
63
246
452
284
179
374
609
994
302
201
840
467
811
798
366
152
279
964
792
108
980
930
420
938
528
733
456
819
228
106
280
291
704
85
927
883
459
536
877
761
738
69
580
901
219
947
54
851
263
846
959
244
129
380
182
657
465
990
828
693
448
461
336
152
546
264
388
357
152
617
118
242
687
698
144
258
997
198
109
613
396
69
209
525
801
391
535
266
733
715
312
534
176
648
38
722
264
426
431
417
396
549
11
435
600
155
693
949
705
803
562
102
872
771
979
25
514
866
643
600
582
955
486
758
604
524
833
220
303
264
637
699
166
649
134
118
156
179
419
862
982
334
316
206
457
647
231
324
514
227
924
448
182
410
558
138
286
743
359
589
8
348
640
526
349
126
996
506
306
415
720
288
101
388
847
559
35
430
883
901
657
159
701
840
569
260
330
207
355
689
797
715
38
437
241
387
564
589
245
222
357
965
510
458
353
709
17
741
140
900
994
149
59
696
341
980
308
672
188
663
361
337
731
751
126
972
139
42
914
384
264
271
702
127
729
407
836
747
148
328
999
495
478
59
191
171
391
851
195
931
866
557
268
597
660
395
922
799
437
836
536
54
107
590
181
836
997
17
935
146
698
935
641
528
346
184
699
89
387
895
21
605
804
289
203
816
36
477
968
826
313
504
880
772
94
61
960
91
430
896
589
128
183
582
8
881
118
708
970
505
955
991
463
111
633
666
927
669
495
895
847
160
751
727
932
845
140
892
289
571
140
230
51
675
813
60
556
283
120
527
141
75
870
604
538
503
622
465
525
117
713
372
277
464
452
561
662
592
453
303
515
946
533
567
973
698
979
530
982
99
409
123
526
631
79
64
135
701
881
12
170
594
384
447
59
836
8
73
781
813
376
296
111
909
215
85
608
194
967
942
293
728
417
171
359
496
235
494
549
469
506
719
63
243
166
474
431
526
547
564
339
923
861
803
185
76
888
145
623
207
439
268
935
856
440
294
352
675
141
901
144
999
972
560
594
138
386
378
16
934
942
707
209
803
510
746
232
750
891
207
957
330
475
244
538
915
891
890
943
384
143
439
735
467
999
330
605
386
708
621
672
2
681
233
806
191
980
390
294
871
597
603
554
424
848
92
340
91
335
283
475
830
722
210
298
74
892
255
812
952
229
484
955
910
717
113
453
49
855
747
273
804
351
827
228
551
271
920
642
606
203
117
789
278
679
87
352
924
694
164
228
923
0
535
185
69
0
639
119
207
386
392
11
89
571
592
640
842
512
282
801
716
751
590
346
783
29
698
707
723
214
287
999
566
823
184
635
175
175
106
383
562
850
746
3
421
338
644
616
851
926
417
919
678
359
265
461
388
315
520
463
881
807
814
799
982
351
786
510
526
893
893
440
743
639
444
517
330
88
133
533
366
550
452
44
909
69
505
649
384
377
464
617
185
279
416
519
982
202
29
508
447
274
301
543
266
97
60
596
185
193
129
551
95
933
948
356
2
805
357
738
183
821
355
720
100
123
239
434
325
269
943
125
895
596
668
161
693
728
757
230
273
238
133
720
171
81
76
525
887
433
263
70
606
618
142
59
93
381
493
419
2
436
544
898
384
564
59
77
292
169
307
917
407
441
637
931
874
65
456
761
850
72
183
456
42
325
515
136
59
9
555
61
797
451
959
182
15
371
259
659
540
919
928
299
712
565
582
586
982
391
700
832
463
883
288
505
561
804
641
620
165
548
33
962
999
345
144
366
716
756
377
608
27
305
259
739
222
842
677
204
585
377
36
48
613
677
553
526
833
547
146
998
95
531
960
447
876
457
165
944
565
543
552
592
848
164
683
71
358
360
627
943
90
16
991
703
693
896
229
526
443
727
876
539
610
188
338
487
997
503
431
562
46
336
506
247
500
541
670
858
254
297
153
344
313
144
399
358
392
980
884
836
59
112
727
669
301
417
508
298
920
292
213
319
628
719
566
480
613
588
690
867
237
843
563
551
339
314
261
731
294
146
919
353
610
998
374
911
415
883
562
336
175
775
655
155
846
573
987
459
513
29
326
750
224
241
653
563
555
915
646
849
413
918
554
23
916
281
287
332
516
849
20
43
624
27
550
470
952
537
930
465
566
608
215
142
202
221
57
757
136
703
959
549
973
865
924
890
146
211
574
662
60
594
57
684
621
607
507
925
144
437
390
62
397
957
204
599
178
613
709
666
317
668
567
642
533
492
532
32
703
106
46
116
52
104
800
25
711
307
950
208
96
340
622
846
650
179
797
828
792
506
847
461
174
414
104
60
906
636
92
962
95
490
78
499
594
230
525
658
890
475
866
338
168
840
184
818
19
982
998
812
840
845
625
15
612
729
427
518
718
871
832
165
361
262
664
956
493
189
614
735
17
832
73
185
672
258
355
44
592
353
856
432
551
481
799
163
563
578
33
633
449
866
798
811
480
462
119
973
4
733
708
21
917
782
558
941
392
913
985
336
266
193
120
169
27
272
332
590
850
718
223
300
936
373
463
416
835
582
742
191
667
450
564
584
584
122
525
328
35
863
16
654
56
137
823
83
409
508
673
611
226
248
263
514
621
726
930
809
308
672
0
975
475
565
911
59
39
789
740
427
652
756
81
708
245
256
792
6
116
817
618
694
418
881
208
39
608
139
200
268
163
201
244
638
118
155
50
509
944
790
936
596
898
17
657
144
626
801
150
742
618
120
789
388
2
997
780
962
488
980
230
652
533
826
642
3
982
692
513
278
834
449
227
733
819
884
877
445
685
379
539
655
500
328
396
854
678
176
168
166
156
398
170
690
225
813
693
559
505
558
837
340
8
416
73
179
300
302
976
337
33
515
345
885
196
741
739
874
917
259
392
425
658
563
115
235
376
161
794
881
71
983
573
431
400
646
610
52
300
586
742
686
102
87
571
650
180
663
524
449
922
268
874
580
831
342
167
207
855
961
89
926
297
14
358
697
661
968
101
313
907
843
999
9
282
571
11
462
586
887
911
508
155
138
441
987
480
608
194
335
922
635
613
219
650
971
268
663
292
369
328
199
565
328
560
847
251
571
662
837
458
925
697
965
63
138
952
543
747
499
230
669
486
844
888
136
167
508
151
459
229
480
10
794
160
570
994
763
493
656
952
303
933
649
269
997
788
573
892
887
72
475
556
559
671
796
47
838
656
551
650
885
383
660
32
543
231
26
658
724
34
962
380
967
611
649
316
751
222
561
990
647
36
898
206
707
694
605
545
702
156
195
588
539
856
620
434
439
998
92
515
384
406
895
351
18
896
20
121
119
581
112
118
617
362
676
676
409
281
221
111
438
769
51
329
977
671
764
768
21
208
635
405
615
531
109
985
427
129
458
898
710
922
368
679
285
44
355
694
326
928
805
116
49
857
797
378
880
561
146
254
122
782
659
89
665
120
426
444
249
884
695
311
807
63
342
444
108
49
138
786
330
295
902
379
504
699
110
737
613
256
991
87
390
2
176
407
475
602
852
76
838
547
388
645
962
82
441
422
484
931
208
814
227
462
545
83
162
655
820
127
264
163
214
6
166
742
414
641
344
618
717
182
165
457
180
479
892
621
902
376
553
110
190
132
925
87
215
87
743
388
566
359
551
780
365
717
874
131
710
218
749
780
752
266
589
284
746
481
258
0
209
811
462
751
295
387
839
862
826
934
250
392
645
802
524
10
871
398
494
934
616
243
714
721
510
655
5
608
137
263
608
698
426
422
450
73
810
289
936
636
575
186
29
220
340
905
582
564
304
76
498
272
320
564
993
182
219
351
790
708
966
750
407
745
172
209
818
334
850
106
323
425
645
352
645
985
609
227
549
913
656
399
186
328
315
531
510
535
234
652
595
201
754
354
298
278
915
116
613
765
223
936
190
868
640
187
205
249
415
107
163
423
506
701
751
822
584
613
709
819
265
656
372
19
363
670
649
278
786
262
44
361
550
234
581
190
422
139
792
189
246
307
964
104
8
715
278
592
328
987
763
945
996
135
316
359
805
965
989
944
580
33
657
130
620
591
673
394
730
465
935
328
124
899
432
484
966
711
428
294
50
192
591
398
327
907
109
133
224
99
429
804
484
86
287
104
677
960
498
407
777
785
735
253
684
520
737
650
583
165
296
985
709
887
384
37
146
845
522
371
944
951
527
429
37
814
885
67
126
384
826
255
521
914
508
206
434
597
208
369
763
505
354
824
744
90
861
891
936
735
614
232
686
493
13
76
308
899
495
786
635
321
394
156
235
254
362
21
852
571
390
967
428
97
791
172
187
5
415
475
740
381
708
779
875
721
855
535
972
702
321
607
23
67
764
259
322
126
280
526
49
23
493
829
120
636
2
307
641
769
135
382
151
195
161
378
268
368
913
241
70
586
848
445
654
612
704
328
91
337
854
140
360
347
970
480
335
324
139
977
445
274
711
948
821
872
326
90
592
239
331
14
178
179
459
184
792
164
512
883
853
718
375
213
65
697
45
752
373
536
729
819
811
440
767
632
664
446
74
608
37
405
622
215
585
82
399
729
598
263
964
803
981
339
16
398
389
413
151
762
949
232
581
112
673
701
97
689
147
171
298
184
577
920
752
514
354
503
243
952
767
559
755
100
898
123
499
639
888
2
402
838
234
335
302
259
36
399
949
535
923
247
72
500
519
824
366
874
327
609
178
446
168
934
547
418
409
398
410
298
400
812
488
634
499
142
894
888
894
195
423
817
442
495
669
961
671
35
835
999
996
14
445
516
300
344
286
61
742
696
711
142
508
551
129
360
694
375
248
940
570
671
757
364
519
426
677
190
813
513
541
809
879
339
325
531
683
963
944
426
660
656
920
520
559
401
880
253
776
128
193
698
152
302
62
671
80
740
213
893
605
755
54
836
94
731
719
129
695
663
555
355
671
828
875
231
229
756
836
358
236
382
56
388
684
471
59
117
563
273
10
520
380
65
708
826
148
427
955
843
442
511
198
114
691
426
697
920
534
533
630
770
915
39
511
952
510
570
69
425
195
431
297
927
848
5
753
997
784
709
840
578
572
391
44
263
169
741
535
703
275
166
825
542
557
336
846
67
259
267
844
806
699
141
734
899
498
839
896
282
548
89
860
472
480
905
87
1
998
975
704
273
493
881
168
50
218
14
469
829
282
313
635
333
454
369
232
304
561
481
586
109
570
798
934
402
55
21
403
54
996
459
679
489
340
199
891
910
566
360
739
200
673
375
533
479
96
117
783
657
598
721
119
168
872
53
922
927
426
325
333
423
136
365
264
477
564
156
387
130
516
127
682
542
854
567
21
950
685
157
608
283
230
79
804
102
484
78
382
910
404
715
685
540
80
950
369
997
458
757
479
326
236
162
220
90
729
594
392
766
751
352
50
981
431
206
436
915
284
818
826
40
533
511
933
966
813
654
963
623
763
794
302
999
956
522
441
38
468
834
804
219
186
206
553
970
764
989
885
49
807
63
441
692
927
726
658
92
381
973
716
144
120
370
144
76
244
937
466
713
771
271
284
310
829
837
280
594
178
517
995
337
581
436
30
508
163
40
600
544
366
668
40
486
390
536
914
635
474
381
348
597
4
632
907
833
822
539
427
0
57
422
690
990
211
720
850
726
112
802
622
478
823
662
964
213
199
879
848
25
612
196
622
616
181
882
801
3
773
229
355
182
3
45
172
566
117
374
292
230
177
914
60
0
929
25
565
480
256
414
505
220
962
479
836
495
713
989
850
839
218
206
21
574
603
546
140
721
920
785
303
449
51
363
801
980
740
719
460
348
133
317
568
447
797
756
943
862
746
145
701
316
351
723
242
307
621
735
380
893
520
683
695
571
398
496
904
491
215
364
839
700
682
760
500
831
516
795
693
614
940
747
283
292
822
525
951
443
612
331
688
132
366
383
56
116
232
960
607
799
676
447
500
710
559
352
541
427
147
587
42
87
334
677
731
156
554
682
951
167
365
639
299
83
23
707
200
607
667
807
406
344
606
258
406
165
610
948
593
757
887
987
845
573
16
576
81
570
611
32
737
976
23
389
60
398
96
612
5
116
419
412
812
378
22
218
895
633
166
488
390
405
827
587
978
843
516
59
766
127
443
503
455
467
244
867
217
341
831
223
809
251
987
621
981
9
839
876
994
358
717
385
763
896
972
94
92
840
153
858
319
597
713
775
416
958
994
633
651
826
208
460
429
547
81
410
909
920
286
903
630
355
288
746
252
613
840
344
805
993
202
125
942
915
252
710
225
246
696
876
424
256
336
205
804
417
615
713
690
254
616
320
961
257
66
213
222
906
557
27
252
111
152
546
379
404
609
604
3
657
481
427
913
817
633
717
587
600
782
277
206
751
949
168
8
16
381
230
274
291
609
878
402
762
777
781
166
738
738
521
395
219
949
308
388
934
378
975
886
160
604
93
911
554
613
271
922
346
853
548
637
463
779
392
225
908
525
743
998
263
617
393
834
566
53
223
852
783
550
90
296
507
183
559
413
148
831
687
495
684
235
132
499
366
524
76
626
402
820
624
665
437
369
500
355
775
75
559
558
977
649
854
484
185
414
897
685
597
584
180
633
172
313
133
890
189
209
517
591
381
493
609
170
863
109
877
638
536
436
196
513
438
403
998
975
169
247
660
766
832
841
399
356
506
884
246
47
94
763
991
827
609
600
998
472
61
875
462
597
664
10
110
102
413
460
77
582
708
89
700
892
930
452
248
788
336
846
836
430
962
827
610
571
427
608
395
488
483
857
437
147
867
547
601
633
360
30
567
420
120
268
312
402
720
912
543
408
758
379
839
72
558
449
643
985
409
390
825
244
247
262
392
467
161
345
452
873
728
19
293
200
639
957
602
711
869
145
120
980
876
311
404
434
112
400
771
521
790
596
765
38
210
509
857
724
207
309
597
935
680
243
135
320
200
89
31
422
235
503
754
463
814
158
898
926
558
669
447
349
618
565
739
828
426
596
904
633
257
854
568
937
97
703
257
649
793
641
71
380
144
177
843
311
336
93
237
246
763
37
947
381
954
686
561
380
634
818
14
891
672
582
181
121
638
790
770
783
431
842
515
928
19
358
239
707
452
828
306
567
865
253
948
819
292
861
200
278
679
566
522
703
148
703
824
138
493
595
921
277
789
436
205
160
147
444
868
951
272
174
518
490
779
818
661
71
31
861
702
711
779
224
414
928
927
591
418
420
186
692
697
975
480
254
135
627
50
355
930
323
881
448
165
661
618
826
84
650
40
786
713
819
10
479
99
937
70
870
710
256
562
759
583
42
14
719
22
64
426
952
739
308
753
256
969
371
435
53
21
475
192
734
646
202
566
98
492
636
968
554
893
530
313
828
924
679
899
946
96
326
251
835
634
356
444
603
727
879
8
101
354
200
187
352
755
753
450
247
390
418
153
635
300
466
463
225
498
363
523
594
689
126
781
675
482
225
630
562
104
638
663
810
191
850
163
298
956
965
897
346
736
50
333
36
868
148
613
366
511
489
960
552
615
742
227
450
967
857
12
424
848
27
234
391
877
749
41
185
715
938
883
451
340
216
839
208
365
453
575
228
294
535
133
261
277
712
711
597
922
75
21
122
102
607
865
332
357
906
517
424
196
401
875
536
969
66
744
686
519
319
915
165
207
400
427
836
112
138
433
386
566
806
508
668
414
373
0
123
631
870
547
827
271
774
363
592
192
108
279
64
779
546
229
986
946
656
175
410
147
960
797
713
119
657
381
533
383
734
8
366
604
907
194
227
33
557
819
225
17
98
289
149
644
519
487
942
527
662
353
674
975
502
387
94
511
121
979
246
207
987
613
811
246
807
38
279
716
209
856
86
308
146
235
304
17
74
247
544
89
952
571
64
806
310
158
317
431
137
564
638
476
177
801
722
336
191
353
52
401
209
490
61
707
77
365
724
152
964
621
241
916
192
305
74
502
815
392
286
952
308
276
428
837
78
502
173
269
855
577
22
416
68
83
124
145
449
200
649
765
821
242
34
365
547
108
868
714
500
506
666
808
782
446
997
212
300
170
834
507
748
856
924
168
292
48
665
93
248
667
858
422
909
892
787
809
1
655
523
853
513
542
14
648
340
11
860
641
182
46
500
282
903
424
802
195
472
467
640
73
134
498
495
396
743
282
205
744
290
728
949
803
622
963
451
963
327
664
956
861
710
456
143
965
881
297
512
705
116
152
778
251
651
625
647
394
908
204
490
550
932
439
353
555
755
157
870
82
821
826
943
883
282
438
849
515
735
361
221
851
514
351
454
517
329
453
911
237
657
753
139
942
192
844
849
299
1
719
381
174
897
676
410
531
114
259
47
201
972
620
405
486
971
859
355
652
665
266
889
322
371
380
616
564
225
465
215
226
536
597
753
433
625
163
965
740
774
12
293
746
984
698
585
307
910
940
960
575
559
201
897
930
582
866
846
807
331
62
385
220
11
490
653
636
653
970
728
779
334
22
526
318
720
111
626
630
403
586
557
962
787
455
245
721
673
91
528
356
153
914
576
516
404
582
153
410
552
881
189
887
903
67
205
976
530
183
958
934
121
516
248
909
323
493
630
996
585
511
704
90
777
281
607
181
863
760
943
415
993
485
654
249
552
212
577
435
395
535
369
517
403
617
778
726
463
760
74
48
271
779
490
48
412
449
582
627
209
877
42
555
362
49
804
267
261
381
702
656
268
423
525
672
392
303
750
855
64
177
255
335
308
746
736
720
195
318
347
757
547
741
312
910
790
468
177
403
849
231
412
117
654
937
141
46
241
244
254
657
421
509
344
729
607
80
801
155
750
500
264
298
241
928
560
384
396
89
139
597
320
551
66
326
489
208
724
730
452
978
739
225
840
83
954
447
164
107
602
266
607
866
564
200
794
124
936
542
213
76
139
885
627
206
211
116
766
936
198
570
914
937
795
754
21
101
554
537
208
508
803
815
727
720
367
873
196
304
416
410
732
907
647
359
113
859
828
231
147
26
801
61
316
596
168
689
697
722
578
905
582
733
72
309
453
792
183
650
96
951
412
828
858
59
539
972
270
367
203
417
746
357
479
414
953
999
455
3
73
33
908
655
766
333
317
220
125
500
222
573
451
634
753
309
45
292
633
316
12
189
733
110
546
564
876
851
915
331
854
988
364
115
996
130
448
313
702
925
813
276
498
616
910
251
277
308
895
911
624
259
452
709
369
998
274
597
201
541
928
56
530
292
171
878
775
971
191
829
896
356
106
746
324
368
349
601
28
244
864
4
856
316
714
577
314
340
175
516
881
103
924
763
748
95
641
875
418
184
56
666
540
514
412
216
235
761
818
263
357
682
268
213
999
334
143
665
674
318
533
907
773
457
671
521
904
664
748
322
849
157
988
741
671
752
958
258
513
776
522
223
810
142
788
809
476
931
475
150
249
360
409
23
818
80
896
74
745
997
749
946
154
89
687
177
842
645
436
707
773
310
930
584
804
719
393
280
2
220
782
252
581
191
627
751
624
875
825
369
224
574
315
730
664
354
908
506
0
696
565
773
358
496
709
162
567
455
794
921
675
576
173
608
119
152
359
743
380
185
464
604
111
779
335
775
134
595
633
486
643
199
611
353
47
321
867
966
776
661
887
803
589
413
412
708
565
123
452
297
660
268
902
772
48
589
547
534
536
181
372
531
732
983
884
779
656
751
745
784
764
632
588
353
45
352
61
963
475
865
260
136
134
514
908
534
103
807
420
991
340
792
522
72
775
758
203
784
509
300
568
625
285
508
978
330
860
392
645
688
609
258
176
743
772
436
629
228
243
49
219
936
193
742
8
321
852
564
105
362
864
25
987
149
534
318
832
746
710
477
786
319
735
962
415
860
398
396
88
994
798
307
930
991
401
290
312
254
854
417
968
71
795
307
220
329
977
404
427
687
234
214
359
321
528
126
181
927
522
269
273
320
929
203
312
682
845
624
288
52
394
608
123
189
268
695
870
245
100
297
933
334
863
644
655
392
770
189
671
644
810
944
965
739
499
629
774
696
605
62
748
999
23
223
540
291
919
410
536
371
60
821
57
923
465
712
667
587
253
338
232
64
634
549
155
133
530
929
830
135
344
930
487
367
154
27
658
73
790
194
796
202
368
853
125
833
917
145
773
171
835
357
235
470
906
390
955
788
672
137
923
16
68
410
735
222
438
393
647
580
939
795
782
307
648
259
493
565
404
618
736
240
975
323
62
233
714
17
21
738
155
944
106
575
707
841
149
497
586
148
77
877
943
859
185
591
470
30
156
875
648
245
467
975
568
529
208
634
546
581
372
53
877
830
628
584
671
129
81
257
277
510
135
220
721
672
811
192
54
320
419
702
917
886
29
837
767
589
472
665
170
196
71
399
27
699
984
50
181
417
308
458
928
795
679
649
819
842
193
873
514
612
927
431
850
956
269
617
545
93
635
67
641
706
466
20
757
802
423
938
220
731
397
500
878
428
501
697
622
695
922
137
659
849
920
510
805
541
479
702
634
466
121
628
172
939
0
282
742
423
220
314
506
969
166
736
749
667
433
372
362
355
509
374
556
429
884
713
971
715
415
957
182
888
937
706
828
290
988
922
713
209
588
572
530
754
308
280
773
94
652
488
449
161
862
358
942
746
71
265
813
839
575
995
727
512
702
907
154
690
181
868
251
769
792
782
875
100
62
649
194
66
137
996
579
999
354
521
97
425
139
910
616
714
258
344
578
312
603
733
2
785
953
606
906
745
740
134
197
154
783
744
220
272
740
799
623
446
672
72
223
811
334
840
877
592
536
456
904
139
541
259
276
846
217
183
943
957
669
140
111
804
884
331
76
976
482
51
422
154
123
998
966
457
838
195
402
374
651
306
865
544
917
142
390
134
677
685
443
346
826
554
150
62
237
578
39
719
629
813
226
104
811
192
561
1
387
963
375
391
622
241
287
891
735
30
378
412
715
821
758
893
728
908
956
965
486
347
37
467
160
263
571
324
807
484
325
546
448
701
289
422
294
577
665
381
959
43
793
674
217
551
920
945
811
876
262
649
575
299
468
735
562
39
411
721
523
737
268
323
790
557
97
84
486
763
817
445
158
610
472
375
513
392
320
324
620
583
325
195
234
793
282
797
184
694
870
707
431
138
31
221
48
480
657
534
243
474
980
402
436
804
129
949
196
450
625
816
385
302
363
619
95
645
768
279
691
639
338
474
129
721
695
177
202
704
712
797
530
44
199
966
848
329
267
396
131
892
564
868
194
927
487
641
924
608
272
616
599
611
90
728
332
138
906
534
194
970
332
725
366
883
43
214
564
311
610
47
203
526
915
750
453
403
391
377
363
664
345
962
627
788
690
959
278
948
846
472
918
530
549
636
765
593
850
330
904
812
377
459
338
645
561
143
400
305
873
763
321
570
725
948
358
767
907
636
716
105
461
986
635
10
623
401
603
825
83
859
990
812
671
680
457
584
824
857
889
697
972
210
267
697
158
978
817
418
966
885
875
427
871
511
438
846
264
393
672
699
605
14
511
276
694
969
212
518
178
102
567
151
312
187
200
823
517
17
593
483
902
468
911
126
331
701
324
595
94
348
294
699
362
158
327
57
127
540
927
657
994
847
160
306
386
361
481
903
730
74
386
985
543
297
463
874
350
787
822
445
136
468
496
498
626
176
907
105
716
187
763
62
386
923
368
772
636
202
27
367
276
413
352
171
63
815
398
413
602
220
210
90
688
707
941
315
883
848
420
951
387
535
13
773
459
733
897
95
287
924
814
916
690
518
87
105
333
485
518
288
57
81
730
98
788
671
413
23
872
185
326
259
73
691
385
532
776
634
979
64
911
146
980
601
664
419
706
350
257
576
990
314
657
720
412
797
744
177
172
616
715
498
227
788
541
612
672
318
599
3
734
510
149
66
111
166
485
169
868
94
97
858
761
755
930
525
904
674
703
77
290
770
575
870
910
117
482
582
787
433
937
521
943
439
587
406
605
424
927
473
519
25
683
632
132
613
157
36
640
212
113
930
982
41
152
244
158
635
826
297
420
116
818
364
555
757
122
512
533
50
337
52
75
20
36
207
985
194
243
625
406
709
908
741
750
60
985
260
47
164
557
468
280
375
184
187
484
306
51
17
356
388
422
431
760
458
990
97
652
586
723
411
295
983
152
45
43
489
305
443
653
862
911
285
589
447
472
425
753
875
442
462
263
216
245
375
675
236
473
679
822
196
90
469
531
594
514
574
84
171
369
89
385
280
375
326
79
199
751
833
75
193
295
690
410
892
66
437
128
891
116
302
439
559
771
970
505
637
544
589
808
914
679
545
546
406
871
978
605
622
811
32
168
458
723
930
702
141
367
831
32
835
485
471
746
257
441
252
246
337
841
407
603
872
952
502
278
824
480
236
798
643
268
966
453
343
248
155
484
615
338
868
803
824
691
901
433
484
153
31
174
347
438
777
571
391
631
202
215
463
438
365
458
58
332
263
402
580
419
238
548
109
459
703
285
150
604
718
635
758
750
809
457
540
938
28
931
922
230
498
385
668
864
196
79
548
459
833
128
230
423
28
340
882
83
625
33
688
696
20
798
798
829
255
338
119
283
270
41
514
120
427
534
984
623
613
532
434
798
13
665
222
393
5
104
477
982
489
517
678
509
315
476
690
570
167
810
853
437
851
719
909
630
254
894
605
219
778
40
18
143
705
592
889
710
696
366
44
186
883
723
47
198
551
738
120
718
900
325
507
751
45
417
382
651
663
987
222
793
27
592
937
84
184
826
146
233
544
191
771
427
266
818
977
817
908
449
888
808
774
747
912
171
164
294
174
179
633
397
973
13
341
910
97
878
88
596
111
632
787
882
411
53
52
740
222
961
541
110
121
315
210
33
839
726
679
13
906
313
762
879
678
104
141
127
982
581
723
445
565
862
327
328
915
731
68
490
44
961
952
166
276
162
551
115
889
231
481
795
896
243
26
926
699
167
53
33
100
129
478
665
991
157
993
907
241
413
749
285
374
701
803
2
864
355
470
753
938
951
900
834
546
926
760
598
445
165
983
545
294
462
562
286
971
555
545
212
320
294
850
694
995
653
48
859
360
518
964
298
821
864
484
720
142
596
318
587
762
301
484
408
115
46
694
439
953
591
3
273
237
853
319
233
859
720
444
571
238
761
870
412
977
706
132
120
655
802
59
417
103
896
177
571
942
224
10
248
815
13
873
53
219
545
638
78
265
434
1
503
195
871
267
173
930
399
645
585
201
704
354
657
952
531
228
895
755
590
495
923
955
368
328
174
265
966
604
530
752
606
386
948
829
653
473
111
53
118
696
606
174
402
615
127
934
195
374
41
785
221
964
93
941
292
619
207
610
576
737
363
534
123
663
363
129
488
827
534
958
523
492
484
926
108
611
212
303
337
253
441
910
570
534
852
214
505
411
177
81
148
892
615
624
555
331
105
395
158
639
353
33
131
837
311
591
801
523
895
490
129
688
401
51
574
605
265
79
16
794
161
164
686
776
140
593
107
245
988
617
236
693
651
368
531
962
311
684
486
206
174
967
894
575
18
820
180
635
900
548
430
61
713
468
189
205
62
297
803
402
914
39
96
917
759
627
880
71
663
718
629
837
685
876
765
55
696
297
42
596
846
824
9
911
293
199
468
707
848
271
109
114
663
205
32
774
184
264
197
847
982
827
37
19
55
802
426
751
99
468
700
297
293
709
208
586
260
677
293
108
300
754
575
963
312
607
738
848
871
935
696
205
114
85
224
169
887
650
273
338
118
973
988
763
34
196
701
295
225
346
755
526
101
330
841
413
289
931
261
512
867
309
717
333
394
941
503
633
943
776
324
414
101
312
177
135
860
879
782
438
225
538
316
678
220
157
443
510
89
705
22
308
366
92
993
113
385
496
98
329
624
774
743
77
86
272
565
299
503
347
89
81
237
405
759
458
914
203
320
355
260
694
15
626
786
9
91
172
857
542
853
834
316
948
911
755
220
476
54
76
176
143
157
413
900
916
223
814
119
543
170
379
238
185
358
376
194
801
548
404
343
401
238
12
701
149
767
922
978
173
998
154
668
155
567
568
423
143
382
895
686
904
274
276
442
984
653
988
138
553
392
833
955
630
845
656
132
964
930
462
137
280
616
805
787
535
725
211
678
460
106
717
364
732
993
158
69
998
147
559
552
539
392
507
522
590
515
6
554
798
468
44
430
436
201
218
323
927
781
354
739
239
71
455
971
416
614
392
415
761
951
967
300
696
826
174
638
693
180
544
491
648
588
922
436
142
492
760
421
273
466
160
512
889
615
835
657
229
580
72
342
883
391
643
931
569
169
569
263
350
466
106
350
406
380
787
548
872
899
969
497
717
481
361
606
97
197
263
678
777
688
21
660
431
16
592
1
185
513
264
887
979
722
238
386
103
377
934
327
628
256
825
345
737
186
303
186
383
918
865
512
606
238
525
38
606
117
39
143
982
655
31
962
377
621
348
480
998
634
160
626
242
985
323
980
171
626
166
907
896
383
771
503
621
296
893
579
765
284
723
748
939
754
62
668
375
762
501
725
748
661
703
991
646
26
971
169
4
489
428
900
225
200
755
846
848
648
426
966
284
501
714
575
255
128
244
982
890
745
707
638
758
410
629
756
788
952
925
144
794
706
44
19
258
152
217
458
800
995
424
437
496
138
12
103
618
608
85
508
705
144
499
463
554
128
219
694
433
497
838
579
555
235
598
813
387
815
271
539
811
696
976
659
186
989
763
805
597
848
665
655
993
164
118
899
645
690
594
430
187
784
9
742
19
607
907
406
774
530
946
937
578
274
597
765
615
712
922
213
912
939
220
905
104
338
157
101
28
103
531
567
887
540
661
259
499
920
665
625
451
963
563
29
238
512
146
853
224
420
418
136
360
638
394
816
329
903
917
357
6
448
277
245
340
938
504
839
859
522
464
662
485
379
691
723
891
190
929
467
610
347
956
322
338
702
138
667
605
55
376
963
855
653
208
195
944
65
34
155
587
851
817
72
230
860
148
474
50
77
293
13
776
249
687
466
303
826
133
260
233
510
223
441
515
432
636
459
497
23
614
436
226
783
508
456
644
8
282
46
85
576
411
214
177
99
680
481
277
166
93
862
28
317
303
543
101
940
3
950
315
969
386
541
105
894
349
749
255
632
147
340
208
559
906
737
10
939
570
287
105
664
149
133
981
805
676
434
97
31
384
412
353
770
953
458
16
302
559
271
286
706
964
846
617
222
584
627
161
154
266
266
170
768
399
151
573
428
585
670
811
321
82
164
443
387
974
460
41
533
83
328
592
399
174
209
622
110
837
783
265
103
402
435
871
801
939
796
581
876
466
745
198
548
261
993
287
236
453
329
121
889
9
713
288
535
923
262
646
112
46
263
567
448
50
791
601
989
587
535
218
54
280
768
954
541
761
242
129
567
923
251
808
284
316
96
819
591
359
465
703
757
728
623
205
779
414
158
120
1
693
338
407
973
458
714
867
572
308
996
139
231
247
947
515
564
395
686
155
106
152
211
863
880
834
420
11
600
579
132
953
624
822
361
950
633
427
817
205
735
813
344
318
413
643
185
977
38
871
484
145
23
47
360
256
881
781
619
833
712
103
787
336
926
500
286
911
927
455
116
14
269
812
332
682
455
517
11
845
388
847
342
764
895
703
372
128
836
991
962
900
95
101
588
373
601
227
284
880
682
752
894
951
564
226
985
371
95
996
216
483
844
911
599
91
966
971
219
802
315
181
54
762
282
642
135
235
869
771
115
552
523
361
855
439
587
841
810
682
189
378
518
385
641
469
476
607
441
696
761
108
229
815
870
864
810
5
99
679
128
567
583
3
928
791
442
868
632
604
550
173
334
420
559
976
890
35
583
683
83
697
791
313
512
661
177
322
18
628
354
146
195
289
149
476
80
943
344
712
547
246
238
881
667
797
209
557
184
793
240
268
842
383
933
354
44
462
29
414
90
383
912
638
672
61
466
753
356
810
817
903
408
407
136
75
204
698
984
741
843
576
361
685
959
294
39
355
108
420
769
550
155
681
188
180
94
6
285
450
168
102
705
577
862
194
4
66
892
989
159
735
917
520
420
877
166
811
584
274
232
354
825
739
387
365
919
834
372
204
636
540
659
694
469
521
240
474
939
132
463
99
219
380
619
991
609
786
154
194
60
738
900
885
478
639
603
397
473
975
602
462
867
261
156
337
134
396
811
73
880
626
172
451
358
792
794
968
930
948
514
990
687
766
228
517
405
831
914
231
158
868
693
25
481
849
714
615
597
877
41
829
503
213
280
862
357
74
182
287
374
696
630
413
814
858
930
219
41
197
450
551
65
143
576
899
344
643
866
293
520
907
122
376
121
402
238
478
828
772
118
203
820
748
968
634
606
899
853
999
448
656
550
865
151
478
764
848
121
631
141
994
890
264
370
11
18
960
842
847
732
960
402
904
708
370
538
666
621
743
665
69
751
215
287
903
45
51
751
519
34
892
513
925
508
883
288
527
195
130
374
279
442
128
183
150
498
73
816
472
816
833
893
568
400
180
823
446
584
926
965
970
818
478
247
679
713
536
206
908
18
932
187
461
60
722
611
910
795
780
734
963
965
628
883
366
160
706
812
96
632
129
67
803
959
666
482
24
202
40
932
573
972
471
34
32
545
997
294
340
129
29
655
95
9
539
461
169
245
625
266
230
754
685
385
65
351
219
89
906
259
373
479
231
196
865
615
741
862
909
433
344
290
88
439
299
627
252
469
225
877
87
807
983
772
192
48
123
411
489
29
22
862
860
253
58
725
868
151
588
129
584
932
420
672
723
719
652
975
540
229
204
627
36
187
751
580
587
227
343
76
608
365
938
469
618
348
194
838
499
134
319
435
418
739
107
141
811
111
468
703
340
672
683
376
859
434
308
798
661
651
226
270
16
516
739
986
864
285
824
715
420
496
150
838
235
610
332
398
721
800
102
414
473
137
142
684
571
451
483
585
102
709
207
471
226
298
457
442
583
634
158
3
130
308
194
717
270
526
468
344
326
922
758
799
59
900
484
630
703
319
567
158
28
774
629
606
72
438
49
8
424
207
11
554
867
557
624
490
83
92
834
762
14
592
561
73
844
397
55
548
716
975
706
97
749
687
55
174
125
104
182
550
663
545
456
883
103
432
373
538
524
207
300
890
151
214
315
347
611
723
247
680
698
305
129
447
344
184
973
470
641
155
372
304
701
180
187
804
613
912
342
489
471
643
380
974
209
47
674
820
770
921
852
468
579
981
268
923
518
241
745
159
749
117
815
450
298
3
606
263
267
948
752
739
943
484
713
152
884
739
325
654
661
529
475
240
863
95
515
381
688
261
540
437
378
355
887
28
710
493
643
330
794
396
69
89
232
134
594
116
874
919
123
887
448
950
479
663
45
994
44
733
255
936
171
986
644
410
366
706
256
10
36
50
758
457
139
990
592
85
459
818
356
582
705
157
532
536
820
929
530
865
662
138
153
185
124
797
596
490
504
204
500
892
254
610
350
745
601
942
831
412
112
187
994
169
344
878
705
165
807
235
382
821
373
535
7
849
333
955
340
189
511
192
81
765
803
431
862
756
725
693
168
189
233
514
358
929
392
63
446
551
299
828
372
24
716
731
874
401
38
214
590
549
758
23
666
913
807
529
669
884
574
189
74
159
703
432
89
447
496
887
998
147
68
371
171
784
454
45
185
493
611
127
394
722
502
61
635
661
590
657
546
164
198
972
676
254
404
765
701
252
652
700
399
72
423
923
856
229
320
393
74
284
872
469
358
375
530
345
36
472
354
934
988
553
906
664
807
663
781
508
267
786
560
19
858
335
942
715
565
614
460
639
898
333
460
608
708
342
954
96
814
308
383
155
861
641
819
20
656
953
529
924
739
441
943
597
777
237
312
694
851
125
685
102
458
146
710
518
840
16
966
655
325
349
162
538
343
333
559
999
286
88
923
25
881
218
623
10
455
287
704
659
412
390
113
222
888
175
740
728
192
707
735
517
408
249
55
751
583
614
751
869
54
26
247
936
245
222
946
52
861
3
711
626
745
824
848
985
0
589
65
192
648
153
61
56
402
468
160
337
83
911
207
489
289
806
777
886
28
76
939
241
79
650
867
824
827
68
161
827
9
226
371
657
379
432
65
134
252
225
471
335
488
30
177
778
836
954
664
216
30
603
458
461
606
677
637
433
745
798
612
754
25
983
763
756
767
829
890
19
54
362
707
543
392
236
321
581
190
337
797
573
941
607
386
899
285
24
332
382
822
944
489
199
279
252
308
398
81
198
769
488
912
828
31
657
64
704
238
607
41
387
532
334
995
918
233
632
942
917
366
117
213
855
668
844
460
976
242
541
527
364
381
439
192
412
96
257
468
686
216
510
74
748
196
421
666
782
53
609
699
419
78
265
627
746
109
87
75
704
980
602
68
362
393
260
126
842
869
595
528
85
457
954
833
653
375
852
787
428
813
839
200
891
104
827
989
213
266
64
917
246
18
985
960
764
598
87
606
467
682
486
905
491
441
90
496
168
294
284
949
107
123
149
350
227
328
692
792
946
756
62
192
127
399
505
891
997
592
849
817
626
335
74
117
128
164
613
297
459
249
246
918
372
747
269
951
427
961
96
373
69
158
917
548
557
422
439
907
14
288
724
992
976
798
109
456
314
75
753
125
676
351
44
401
450
665
704
877
978
800
250
399
310
168
948
868
590
739
775
957
380
851
949
356
1
411
812
667
838
918
793
866
621
189
267
72
206
972
949
184
772
200
583
435
720
531
303
662
271
430
619
651
633
921
359
986
684
523
653
874
793
798
740
415
987
8
487
545
980
436
729
104
988
665
539
60
548
194
723
171
976
694
174
609
967
885
595
651
409
601
525
202
399
618
969
739
626
456
284
958
245
366
414
585
383
306
646
931
852
721
103
829
767
629
790
735
515
738
738
924
339
616
478
738
234
448
829
212
256
466
170
501
832
936
87
215
594
85
498
447
158
953
276
925
583
66
12
450
156
103
726
495
719
204
586
305
4
415
869
261
881
39
114
65
327
553
632
922
990
131
369
148
84
997
426
19
415
438
469
572
541
195
67
612
752
5
269
108
421
138
369
654
529
836
720
857
389
352
131
380
835
852
880
272
849
306
291
264
97
113
188
638
308
608
603
412
613
224
521
34
363
242
41
892
78
113
101
820
465
584
552
653
436
432
925
637
739
216
254
836
329
442
826
990
50
781
754
664
6
275
50
721
870
443
965
300
556
419
120
374
3
672
27
792
457
952
429
548
520
683
384
850
126
562
192
528
696
946
544
702
574
595
423
444
390
740
96
947
159
217
321
163
241
348
955
50
652
384
598
172
420
334
374
546
897
566
74
593
865
971
647
439
566
422
235
956
162
331
255
322
900
576
837
494
276
144
544
280
528
143
453
948
477
827
846
726
746
273
671
611
244
318
402
162
740
989
470
255
672
726
929
573
654
766
419
283
910
963
563
790
458
16
91
288
196
937
14
942
562
686
905
158
356
307
320
97
296
143
704
968
221
633
893
227
399
312
510
661
628
426
451
86
794
542
726
990
832
741
284
746
779
189
905
135
848
577
584
144
72
288
465
293
273
710
521
672
375
383
333
3
809
137
441
604
679
168
946
863
261
583
610
40
772
867
527
621
796
112
117
869
752
934
514
26
645
35
50
20
771
736
375
580
873
816
536
904
336
835
768
597
418
730
989
190
597
869
163
745
981
633
614
85
567
129
111
212
516
162
584
287
898
959
220
123
128
108
27
464
943
795
414
713
525
755
256
474
624
419
220
957
404
186
43
972
315
506
536
184
20
473
471
918
432
43
393
912
152
421
377
447
216
143
161
94
250
417
920
875
188
492
184
593
679
227
917
346
734
453
530
754
926
354
25
711
397
418
623
901
191
352
349
408
847
862
854
98
279
774
973
819
619
509
412
298
737
329
644
823
135
527
929
413
233
306
124
630
77
748
884
268
452
585
28
300
447
234
398
78
361
723
897
980
232
662
278
321
343
274
144
478
153
426
892
386
84
16
369
161
116
253
782
569
838
162
869
285
397
619
715
758
342
612
738
926
274
368
248
618
994
744
448
148
170
340
534
607
709
255
768
177
508
902
98
698
65
319
335
814
938
50
572
632
663
662
559
289
30
807
259
24
551
708
172
74
400
59
681
461
314
801
639
175
704
737
225
121
409
561
935
347
611
507
980
626
169
891
268
551
698
527
575
249
587
100
675
988
511
356
449
177
158
440
704
214
530
930
335
939
491
622
286
454
481
618
81
2
509
349
553
559
228
480
161
816
932
836
804
443
193
605
973
703
398
677
917
928
607
604
867
450
226
505
905
707
476
338
709
985
687
614
545
915
94
58
83
27
894
239
822
439
845
795
142
243
825
411
523
784
367
390
235
593
247
140
652
723
478
713
709
517
327
606
784
774
16
868
153
910
107
975
702
304
123
844
899
948
608
422
732
975
164
967
921
412
459
925
135
289
639
196
806
318
154
591
92
170
811
245
433
270
573
135
575
696
331
826
996
939
601
728
267
765
48
540
177
859
465
665
149
456
213
955
127
368
898
219
890
61
817
323
332
742
458
259
438
790
85
786
81
686
866
700
804
266
240
333
126
58
998
275
866
212
582
993
932
833
565
822
894
734
146
226
476
956
837
266
98
923
52
532
961
918
232
765
537
825
99
663
235
449
290
101
661
872
447
593
705
12
768
952
746
914
178
574
222
16
840
321
291
244
853
252
514
437
370
51
614
469
714
849
918
4
303
932
229
750
877
286
114
645
238
212
911
769
786
134
137
978
807
780
222
12
32
736
801
754
140
416
575
206
617
494
563
272
778
792
22
655
430
488
653
669
700
916
790
486
402
927
464
209
707
38
573
91
127
727
846
267
143
421
473
112
267
388
385
397
180
759
405
963
248
58
632
948
974
422
787
729
701
251
938
760
642
864
851
769
591
49
36
86
823
861
198
90
250
935
840
782
695
245
745
943
303
729
243
629
503
30
358
556
634
649
316
276
865
520
45
456
569
433
894
392
646
92
835
248
28
675
31
75
920
128
370
575
210
613
556
65
996
267
622
630
268
938
258
133
810
303
941
380
88
835
124
734
927
311
983
307
986
366
734
258
846
104
185
56
718
94
474
66
361
96
696
629
386
954
114
197
609
55
929
697
890
53
431
169
365
766
829
703
132
563
314
331
668
499
739
738
593
213
804
306
309
852
287
48
158
401
597
119
456
526
816
698
931
599
220
648
718
49
352
202
612
18
533
632
869
273
722
815
486
878
121
148
730
409
548
240
162
145
359
619
671
527
669
954
479
889
603
197
938
307
399
903
325
933
887
194
558
610
9
396
488
483
896
571
244
444
811
406
589
523
25
612
50
47
919
529
936
522
78
227
181
478
482
506
763
369
52
321
979
414
717
468
249
614
391
493
410
554
899
352
77
277
316
480
324
235
361
612
109
440
839
290
918
321
148
33
691
201
354
22
967
423
842
568
389
233
61
800
788
960
504
217
237
820
49
913
56
411
526
165
203
717
808
473
39
956
506
82
509
860
456
476
635
299
396
25
884
457
177
24
770
33
242
359
853
643
273
261
54
151
779
609
868
587
82
259
543
588
341
53
800
798
881
436
449
278
813
333
87
342
358
857
375
952
569
580
595
842
842
2
345
973
611
213
560
694
473
455
634
166
508
435
316
742
223
117
20
388
451
459
730
809
669
457
113
238
37
708
80
231
710
777
204
674
990
116
720
815
572
354
334
432
789
2
174
364
120
546
752
571
6
834
732
675
643
845
913
33
553
345
264
616
122
821
290
464
289
10
632
213
716
966
646
858
968
172
222
88
719
327
11
77
513
743
104
157
588
369
190
494
714
806
110
188
979
752
4
269
114
636
482
830
954
480
688
923
653
263
363
372
590
375
801
455
118
905
612
59
274
154
553
340
961
15
880
292
767
236
913
233
873
748
63
827
228
104
102
233
367
466
605
309
841
758
764
311
663
729
370
289
883
923
981
196
290
213
489
57
450
402
642
323
150
706
502
731
162
957
964
529
423
922
190
616
680
954
927
696
683
650
337
919
573
319
115
864
532
604
273
334
359
916
657
861
974
512
592
136
469
909
17
244
831
207
860
863
513
139
911
549
789
601
468
715
920
935
579
804
540
204
139
251
472
148
112
446
12
57
934
833
966
951
77
149
510
289
364
376
429
628
277
570
229
97
285
501
32
216
657
924
421
148
175
893
649
640
692
661
697
978
847
15
282
276
516
792
566
232
520
347
860
797
917
441
246
203
294
279
419
952
555
840
100
731
86
101
723
130
115
420
108
962
787
390
238
655
535
804
887
407
151
100
557
69
893
803
624
188
434
43
140
990
236
592
73
674
694
796
804
809
568
264
123
707
7
361
362
542
518
601
949
21
701
506
442
947
662
66
135
96
462
627
86
698
219
511
372
265
307
528
426
227
144
549
934
151
263
648
693
133
250
995
154
303
853
949
250
515
15
737
612
477
364
50
527
584
562
251
201
221
779
628
801
276
529
735
427
144
736
473
277
986
468
432
641
673
733
244
189
748
981
153
578
346
203
457
282
117
709
835
691
840
463
492
116
345
227
896
489
315
369
767
653
837
551
295
862
284
891
51
384
224
204
314
922
760
772
556
877
833
392
568
673
207
412
142
552
992
38
394
307
407
161
961
596
64
608
458
700
499
862
84
75
66
751
998
178
523
554
408
708
946
328
733
154
741
875
58
733
265
452
40
24
613
1
620
29
961
431
729
812
293
166
888
711
917
886
242
792
440
650
500
739
978
233
893
719
461
951
452
726
404
845
751
369
198
723
751
160
506
480
972
151
646
860
863
915
98
457
707
539
107
559
278
437
793
523
157
606
826
961
332
582
806
435
952
5
159
55
165
17
535
489
169
534
702
384
801
800
841
509
339
948
68
969
737
213
844
894
819
671
208
504
253
14
939
557
371
450
612
888
468
500
378
637
386
432
373
187
232
214
48
924
514
117
245
251
682
90
498
854
113
706
358
366
72
649
276
796
452
240
684
920
740
414
909
126
846
634
666
79
848
714
355
714
183
600
317
866
690
815
72
803
873
782
522
946
431
150
742
883
390
778
155
483
545
416
961
391
50
627
822
898
342
177
964
525
778
282
743
820
97
815
624
971
597
498
269
29
648
363
264
38
141
420
521
686
188
483
430
239
110
604
489
804
782
454
330
912
88
73
732
185
889
356
508
838
854
129
219
502
844
484
893
986
256
766
24
444
249
806
35
712
411
525
516
545
331
846
457
419
272
189
956
513
898
817
351
104
946
923
959
791
759
852
129
15
618
505
811
220
664
847
284
75
724
800
620
55
999
429
474
623
618
782
136
868
599
839
325
898
762
284
41
521
488
170
888
458
27
700
678
691
899
314
766
623
115
738
30
466
167
856
89
138
638
577
358
238
416
683
488
531
967
529
404
807
51
293
266
78
345
296
770
596
611
888
571
78
979
601
544
498
457
633
988
447
210
347
37
978
30
525
509
350
54
266
157
105
559
423
536
256
72
658
852
683
898
775
761
877
376
657
728
185
290
716
632
852
63
22
182
446
547
44
796
954
310
953
411
221
729
947
829
801
605
33
836
504
808
597
733
184
254
461
721
896
178
353
100
593
727
282
39
275
678
835
581
988
141
992
561
222
940
390
23
897
423
859
753
231
808
487
767
62
300
488
310
830
194
762
424
921
396
815
548
75
3
129
415
144
122
977
718
62
367
741
311
791
952
65
374
760
552
142
174
204
630
836
35
176
598
811
98
994
626
646
421
629
776
837
125
250
814
843
664
533
936
975
676
888
40
51
648
944
545
174
149
527
10
536
704
608
347
802
955
325
800
376
307
928
213
432
178
379
628
842
913
916
818
589
805
210
992
805
507
537
980
656
65
990
544
769
951
243
923
906
568
723
282
875
652
496
660
830
875
640
25
140
556
843
82
713
405
74
519
912
964
851
920
381
193
464
502
144
707
777
402
276
500
685
503
504
533
163
687
760
803
712
901
712
907
335
425
312
761
296
577
725
499
497
458
693
962
960
189
21
737
592
649
590
277
153
446
162
668
133
922
824
197
175
536
456
510
961
121
624
610
698
349
109
195
160
802
509
120
344
531
210
936
532
800
565
685
598
79
354
732
1
530
281
529
66
738
391
379
211
15
989
909
717
451
456
877
605
966
997
949
849
559
237
381
711
802
419
310
233
125
394
235
655
675
116
721
765
859
100
976
875
442
237
592
893
694
821
498
660
170
800
509
730
37
242
441
192
661
751
425
786
145
12
441
173
480
514
938
340
967
267
215
409
504
159
654
198
980
504
210
150
304
71
232
694
314
674
886
975
777
663
114
275
676
555
448
156
70
738
496
37
5
63
798
862
222
804
60
554
308
623
57
613
694
289
659
8
315
545
984
93
208
98
720
236
5
520
393
427
258
241
816
616
305
966
478
879
770
890
434
79
513
843
44
560
132
703
568
448
600
904
893
160
354
965
397
712
485
142
139
95
383
308
711
40
274
541
272
45
432
58
476
297
901
872
857
385
575
778
185
527
682
78
687
389
395
436
101
880
578
592
976
314
900
39
354
175
581
978
572
365
36
400
14
937
272
872
323
199
2
508
726
36
939
765
425
686
202
878
567
780
471
895
446
723
934
153
250
515
131
822
880
168
222
247
457
846
119
132
45
473
993
771
509
284
889
287
970
91
165
537
223
988
784
22
712
719
175
962
586
306
137
819
826
711
66
636
558
537
768
603
10
113
727
871
397
616
158
368
59
676
257
634
16
42
656
728
113
831
43
699
490
180
870
668
243
936
304
801
473
425
757
835
890
484
707
288
452
217
8
863
245
265
849
262
659
506
342
124
689
737
824
531
269
694
552
513
983
208
314
456
985
71
644
876
907
351
516
711
920
524
574
166
141
776
780
153
282
122
277
323
212
453
207
481
148
759
994
131
967
661
939
953
84
583
829
992
286
345
55
207
221
982
725
362
758
857
515
40
979
793
715
543
246
922
25
746
681
19
229
649
680
521
954
765
456
135
109
743
480
164
302
701
146
379
415
904
236
283
296
567
428
364
111
26
286
136
125
320
507
354
321
188
227
275
305
684
410
414
779
242
930
433
295
77
812
710
333
400
345
982
967
773
346
430
800
984
566
925
304
426
631
625
614
859
252
271
895
14
685
26
256
615
459
551
44
623
614
730
23
959
712
342
733
410
773
885
394
691
162
51
117
793
676
83
4
281
354
251
295
391
277
552
7
736
455
403
359
421
133
382
381
197
725
466
607
850
351
354
541
865
405
659
658
433
742
15
714
97
266
362
488
544
266
847
280
721
603
992
143
88
374
876
638
451
342
245
301
45
951
843
262
356
854
920
142
948
935
856
397
554
570
886
98
836
85
730
910
40
722
53
129
449
281
767
900
975
364
554
372
316
749
634
24
603
554
166
903
842
375
301
396
945
187
846
782
624
576
692
665
299
97
146
748
730
913
0
705
629
554
77
297
655
711
322
610
617
488
514
811
863
815
559
161
354
757
295
330
334
987
995
985
436
493
733
166
758
85
223
388
992
300
685
647
363
7
258
332
848
124
496
63
939
55
224
645
813
519
975
499
858
323
484
646
816
569
164
575
654
387
315
646
39
352
646
402
712
904
87
560
28
583
623
319
638
200
964
803
71
939
302
930
614
786
928
431
355
93
358
362
832
673
8
872
25
654
626
737
910
713
649
290
648
625
961
639
825
925
442
248
217
97
530
831
235
459
614
943
904
972
305
736
997
665
608
375
672
587
112
934
652
114
225
301
739
538
940
916
816
382
164
33
831
47
216
67
506
831
10
762
155
667
498
153
332
459
528
4
46
992
291
698
106
868
351
197
406
291
113
222
26
630
607
857
677
824
924
183
7
934
945
162
953
795
667
286
254
547
642
652
540
933
703
998
801
54
196
560
698
661
782
724
291
390
581
968
566
506
503
573
792
800
87
746
596
107
384
202
654
26
855
546
312
910
897
465
316
445
25
14
106
160
738
398
550
320
366
468
178
870
41
970
670
480
68
618
939
452
821
946
831
28
492
495
938
741
960
254
186
338
621
293
498
359
691
400
31
409
868
209
279
261
532
302
741
600
920
681
405
741
627
588
121
471
435
59
565
747
666
751
85
639
44
935
998
87
335
30
497
203
591
128
464
123
430
558
76
703
239
833
796
218
773
918
41
208
329
606
955
347
710
393
986
754
328
337
194
664
719
691
867
310
819
684
434
602
242
862
657
833
695
453
51
468
723
444
28
53
51
983
752
113
376
739
867
57
428
413
721
147
104
588
457
276
272
891
230
866
753
887
699
800
692
750
620
416
547
648
821
950
984
573
63
712
664
282
769
92
696
490
239
800
431
697
428
55
940
658
922
46
897
621
846
590
724
819
6
271
467
827
573
803
400
636
516
65
918
285
157
614
128
397
767
911
446
195
966
386
206
240
432
103
214
631
45
938
450
51
561
269
230
134
73
983
770
589
400
40
226
557
655
354
306
774
265
104
969
584
491
527
824
275
983
390
906
28
328
708
432
241
978
662
727
51
645
849
640
45
890
218
955
897
573
613
671
190
718
992
126
561
872
951
836
855
341
95
235
22
803
667
615
133
330
343
184
327
192
176
725
434
395
32
331
320
645
354
510
715
699
637
628
571
940
817
778
633
912
13
7
67
681
623
201
363
318
737
690
862
914
767
297
661
799
980
981
797
335
843
864
386
480
493
957
772
310
735
758
222
748
765
641
781
740
194
144
410
932
187
273
198
954
922
859
106
902
192
903
589
35
767
975
868
612
284
992
922
371
750
496
120
868
138
901
608
684
398
19
616
585
644
166
891
566
377
997
468
569
252
410
957
372
737
825
984
22
817
907
393
920
755
865
788
245
119
396
930
517
767
898
454
763
65
697
329
794
695
150
364
299
560
673
23
649
498
8
671
667
267
417
587
22
634
375
268
753
124
550
622
243
448
428
7
865
126
336
660
173
838
376
824
750
49
848
400
899
856
423
566
475
192
506
849
827
881
469
932
357
19
555
601
820
335
608
685
461
296
345
986
135
721
811
237
770
659
637
669
867
413
588
694
605
94
543
432
327
365
365
685
736
272
286
556
607
894
594
421
542
939
759
29
13
570
267
135
581
256
157
448
669
745
142
627
839
38
59
166
755
776
203
843
48
489
400
8
735
994
781
278
285
540
659
298
463
926
434
44
535
591
493
556
688
987
183
879
377
243
397
484
371
601
328
772
90
80
780
826
426
913
456
711
453
115
362
916
394
148
313
929
739
158
485
779
145
21
658
875
616
55
711
987
656
39
759
747
119
891
925
545
804
381
609
610
848
971
878
242
119
191
523
210
349
361
341
847
382
999
74
998
54
785
985
711
825
97
810
296
988
735
194
793
468
803
755
668
126
633
911
597
177
786
159
526
147
500
725
529
499
799
879
905
585
865
968
762
314
778
58
302
865
604
447
685
759
202
354
885
188
617
834
365
755
993
891
903
845
969
784
696
768
16
602
705
233
922
819
547
53
230
849
918
834
649
956
594
851
662
831
39
631
666
756
386
11
0
641
857
969
778
905
89
794
507
795
27
782
966
574
835
196
775
105
31
424
61
977
628
75
808
19
706
474
776
445
838
776
438
695
745
216
600
186
362
460
333
741
242
300
315
429
496
443
534
879
867
596
856
495
671
665
867
730
491
643
527
329
419
965
376
516
534
329
54
896
141
388
638
735
688
305
164
536
748
698
416
968
646
272
815
670
289
682
400
781
677
279
462
448
244
191
316
778
520
371
27
13
759
17
748
799
322
264
335
423
962
751
743
961
24
910
631
665
593
383
798
622
662
261
71
906
804
387
37
676
758
416
689
869
433
789
668
755
53
4
530
367
755
273
328
131
536
959
797
129
342
595
751
356
208
174
615
364
562
652
40
320
68
729
190
853
870
858
960
923
862
491
291
970
116
971
101
652
931
250
133
625
198
237
982
758
411
949
123
325
953
163
998
21
245
188
226
115
398
186
391
613
29
682
935
146
5
36
150
936
639
636
914
837
225
248
947
636
197
70
314
150
586
312
523
183
500
749
298
250
287
689
215
317
723
150
463
729
539
965
17
178
601
283
367
826
531
314
815
80
737
129
230
323
793
105
506
293
206
156
895
494
198
463
811
921
613
626
2
152
591
372
682
545
655
49
723
539
716
538
619
453
19
202
128
812
307
634
457
866
142
705
360
340
168
171
614
781
149
968
286
740
340
968
637
348
370
361
887
86
899
506
891
271
60
19
435
720
653
893
586
147
598
946
488
118
469
102
899
618
422
537
710
763
506
348
111
228
709
350
666
960
208
557
231
269
576
667
989
581
912
575
728
862
873
216
980
694
670
231
312
93
769
374
208
627
722
671
207
783
21
873
744
229
430
327
850
6
346
839
939
258
766
667
472
991
236
452
685
906
684
349
351
805
724
911
784
798
582
991
582
955
864
678
537
294
5
387
652
352
579
591
962
697
610
435
689
846
239
726
105
275
76
808
80
152
720
864
302
654
855
884
962
71
562
499
717
920
238
369
624
817
312
586
867
923
373
556
121
613
282
226
240
710
35
321
214
107
537
517
761
745
753
723
816
668
574
534
588
813
255
564
982
920
150
849
195
876
757
316
841
392
543
81
102
930
402
669
37
292
186
798
389
291
874
557
959
448
91
899
613
699
463
948
971
966
797
166
842
555
482
683
947
377
764
401
307
519
422
344
163
960
495
552
252
369
109
211
169
553
463
135
252
926
83
575
244
232
741
86
787
575
121
86
953
886
840
260
757
262
957
920
223
452
472
475
173
933
38
694
486
853
829
90
132
912
665
376
145
406
463
284
982
936
723
287
174
563
547
931
825
856
203
400
308
27
875
481
961
266
176
447
119
357
890
251
622
555
980
767
314
443
403
648
731
126
935
906
41
834
189
867
691
393
619
999
420
847
833
381
113
361
181
584
718
71
188
340
978
168
459
292
963
215
940
46
341
227
952
383
62
142
602
753
535
573
104
307
420
289
41
885
650
222
822
721
645
10
413
623
530
873
268
845
440
208
891
781
788
196
516
850
338
470
955
225
44
411
532
816
701
573
702
703
147
524
776
792
886
190
768
416
415
36
613
855
596
856
988
384
52
857
586
742
679
541
967
723
305
852
540
6
777
594
61
925
118
838
69
4
380
189
772
795
225
737
2
174
593
990
910
998
199
497
740
879
390
60
602
695
912
494
53
689
440
115
966
558
305
36
914
685
225
38
480
803
127
834
329
721
824
239
71
24
88
811
903
479
223
857
526
135
704
580
177
496
47
143
55
352
179
321
37
757
712
869
912
839
703
241
912
879
832
983
903
921
147
158
752
370
368
630
858
424
210
35
920
609
178
327
961
710
649
998
819
713
219
731
552
922
324
817
802
508
800
57
781
299
568
533
22
288
164
880
712
726
915
632
336
93
312
297
155
313
648
974
26
867
57
930
142
381
747
296
242
900
353
23
199
273
557
221
561
73
101
273
151
368
258
487
814
570
137
969
883
137
944
909
356
1
839
850
735
939
146
977
839
852
0
38
125
909
612
687
334
65
312
486
434
570
325
248
492
814
569
375
303
865
636
12
219
828
862
954
767
9
283
606
861
635
996
338
897
608
377
231
26
690
69
460
612
747
60
105
913
629
480
569
495
117
581
66
297
443
20
64
804
655
22
17
290
18
356
187
979
733
771
5
775
192
817
388
291
877
493
205
858
325
774
705
794
355
771
91
150
143
507
955
798
529
324
441
900
680
980
879
766
751
236
893
296
53
281
587
282
126
144
492
452
270
198
246
977
321
690
128
465
197
435
615
727
759
56
627
792
389
858
910
492
94
803
788
147
85
728
781
211
872
273
15
143
471
262
120
145
952
600
962
501
35
577
228
147
986
207
939
375
65
201
867
159
4
656
658
441
736
791
5
608
65
20
103
888
634
576
33
938
528
995
440
564
925
20
63
911
228
354
286
645
555
153
805
911
161
815
353
897
607
710
858
24
730
313
912
717
889
298
7
418
293
447
334
218
468
749
481
48
103
767
693
10
273
850
921
786
18
626
36
977
336
246
1
419
559
913
136
801
563
143
571
209
943
257
427
763
6
261
163
461
380
856
471
653
59
392
792
77
371
828
54
707
426
55
478
985
320
966
138
884
462
61
93
405
318
872
520
676
133
683
137
514
891
608
519
950
353
663
27
724
843
433
783
269
488
262
607
161
580
745
397
42
807
842
799
125
714
319
154
200
354
291
66
246
252
937
196
605
601
576
681
444
9
816
66
850
430
673
363
11
418
760
53
577
602
853
55
668
524
209
220
879
500
638
477
752
928
25
709
529
601
390
325
963
207
391
165
637
64
528
0
835
640
54
412
242
259
467
262
783
676
835
662
177
473
491
281
401
517
991
282
118
733
960
433
292
703
598
282
768
478
282
955
118
688
367
712
947
835
327
731
863
162
745
392
987
237
674
741
754
17
23
224
750
335
10
395
39
960
677
807
439
311
762
909
0
481
974
299
316
301
30
532
463
128
924
802
717
598
543
823
967
567
399
70
902
409
465
293
370
494
100
161
157
214
422
157
48
396
809
716
697
191
248
512
319
173
315
388
123
858
563
91
777
963
161
32
724
978
325
446
824
778
607
981
344
30
491
392
426
300
109
476
491
709
988
163
882
303
551
6
162
115
449
291
430
962
323
154
940
649
953
764
427
560
97
771
942
588
164
721
888
625
197
732
334
537
895
217
841
446
575
355
913
376
646
695
338
970
850
630
971
803
746
398
715
843
169
10
784
685
83
24
310
632
756
645
169
651
214
362
450
141
69
715
869
68
411
207
390
613
189
361
768
287
759
835
482
280
197
266
966
280
643
628
912
399
273
434
403
839
148
205
332
570
920
201
638
683
760
28
296
949
741
416
236
500
252
719
780
449
337
98
82
980
727
346
732
352
132
135
192
281
340
876
851
612
78
841
296
838
869
944
140
610
713
376
462
317
447
594
766
137
45
200
117
772
547
201
124
679
336
668
312
28
897
163
641
975
4
289
165
225
585
305
187
298
34
1
615
481
948
734
970
993
934
88
765
833
641
241
513
978
262
177
358
159
693
351
486
697
640
651
275
578
957
814
228
991
168
844
824
116
930
795
109
216
235
226
50
876
819
915
206
81
92
565
592
785
916
78
835
909
730
462
839
39
628
67
30
796
263
206
912
193
1
373
410
588
951
460
465
771
375
23
204
819
588
797
605
857
227
792
118
957
254
309
348
882
376
730
31
640
937
943
833
290
669
243
879
620
55
696
391
782
719
596
602
660
745
559
869
972
703
987
282
309
296
630
543
24
361
574
664
650
870
850
940
539
445
819
511
501
515
255
635
235
203
589
247
948
148
116
272
203
455
554
512
751
537
56
127
250
982
792
900
852
994
840
743
439
12
255
940
527
510
928
114
713
517
361
13
666
829
285
221
284
192
734
387
81
142
515
331
124
659
583
977
653
775
720
92
787
327
385
667
837
313
133
902
830
847
915
848
676
553
70
961
745
156
348
826
298
215
509
422
874
92
751
527
867
824
972
655
151
357
674
989
22
807
243
204
654
159
53
683
64
475
644
809
631
344
987
929
912
496
703
786
588
455
666
807
279
638
814
782
347
488
123
721
648
367
925
302
878
978
337
942
805
981
751
436
678
90
717
590
586
773
728
526
580
394
685
211
384
500
993
83
340
117
804
988
484
730
643
714
60
980
656
866
314
759
654
344
849
372
934
787
145
14
313
77
761
998
288
145
850
281
581
191
398
385
179
234
467
174
948
880
507
956
746
821
715
400
165
564
124
451
703
621
817
16
698
578
367
986
76
217
268
657
408
18
394
940
605
214
466
553
94
973
862
192
794
577
592
311
494
69
114
197
690
932
566
389
510
933
727
586
150
995
595
911
366
990
851
971
556
669
876
650
643
738
842
437
668
786
101
514
855
567
711
898
499
629
287
362
562
366
300
65
714
896
976
80
238
179
403
794
848
631
796
491
370
638
281
390
776
734
904
632
301
967
882
801
597
521
163
159
887
815
224
601
711
552
33
301
731
436
95
580
68
243
423
790
881
56
532
10
790
436
994
92
403
876
245
352
397
760
512
284
575
88
886
287
641
271
940
724
708
36
656
128
631
80
270
865
488
802
875
279
238
869
371
993
745
968
346
142
728
210
778
303
298
16
942
291
288
883
16
348
271
672
476
902
104
98
767
593
900
642
224
138
863
947
483
608
915
829
102
643
39
233
298
690
249
593
981
889
828
349
237
99
374
65
353
478
163
473
423
63
115
647
553
331
594
389
291
861
570
746
856
962
979
155
652
580
100
985
470
928
335
59
379
61
125
732
891
640
205
315
56
673
314
961
4
261
350
647
122
921
393
979
883
372
486
887
953
586
224
775
514
911
834
245
972
311
977
864
304
535
531
360
208
197
321
564
458
24
211
581
297
605
912
180
329
398
419
634
336
643
409
202
555
596
447
527
259
424
743
563
959
274
923
519
472
597
435
930
973
647
863
270
604
127
802
285
877
221
272
213
216
33
415
771
629
862
651
241
639
394
804
950
21
80
822
493
29
257
775
2
256
991
624
212
118
426
498
996
999
770
209
215
803
977
339
785
191
990
26
830
736
830
781
757
262
955
250
291
212
378
645
469
369
269
681
839
695
531
835
46
653
397
262
457
726
953
594
917
943
620
748
679
802
881
437
65
836
39
708
400
417
354
869
138
623
903
978
671
434
165
717
88
562
331
897
288
284
491
558
227
463
658
259
617
539
48
34
727
439
743
127
857
97
349
347
72
252
325
743
38
491
461
478
405
792
375
46
429
218
604
656
33
262
267
651
153
315
685
880
755
428
359
964
877
708
311
302
312
989
45
351
480
858
181
237
3
909
283
432
127
887
440
513
501
708
164
654
375
201
886
482
982
598
446
211
306
110
513
971
451
559
674
931
769
855
168
772
764
804
556
244
691
997
109
545
705
625
199
432
826
438
915
808
36
713
372
694
823
885
17
274
796
691
557
566
899
78
690
15
882
247
259
925
244
720
470
301
345
22
733
172
460
648
332
848
362
704
894
537
942
912
164
738
603
73
304
502
503
995
518
385
594
129
311
838
850
133
139
547
155
224
719
967
225
404
815
939
460
710
476
402
622
992
493
577
418
797
80
921
144
950
659
738
431
970
928
633
455
419
181
611
644
252
578
869
656
746
808
469
456
636
223
430
981
716
7
751
866
439
672
10
741
331
101
173
653
381
158
109
801
339
72
797
592
650
666
600
748
826
69
204
814
293
986
147
9
346
898
875
785
571
238
879
254
691
404
260
72
562
369
873
902
441
670
846
443
688
446
192
866
868
748
33
161
735
180
522
81
431
750
218
354
988
97
608
31
853
868
103
416
589
329
670
30
351
516
826
392
314
18
258
182
118
643
343
853
824
218
286
255
968
505
609
308
954
569
339
160
790
794
576
379
475
598
762
827
114
588
219
780
958
829
963
76
473
658
282
649
876
568
904
844
425
865
504
732
434
195
892
224
990
468
956
465
66
718
644
532
658
863
312
616
45
627
692
518
286
326
519
162
895
423
359
320
640
215
404
426
411
296
3
401
116
959
218
534
29
863
418
687
78
731
303
123
358
347
993
996
26
512
511
921
287
222
593
279
437
998
706
848
646
61
601
763
20
820
297
401
35
716
88
113
799
743
589
509
442
934
506
468
447
369
389
86
591
335
366
28
685
424
229
331
485
830
94
505
2
744
906
389
812
346
503
963
89
444
472
883
378
330
352
177
699
93
616
642
428
982
671
113
406
252
445
243
434
891
748
437
987
6
826
799
704
681
114
145
477
587
28
856
269
380
385
321
826
1
963
254
983
986
720
741
238
517
984
673
760
84
462
748
442
288
899
498
322
14
643
799
953
672
7
222
52
393
543
878
394
859
485
730
845
557
823
84
426
160
109
186
596
571
286
39
859
186
537
533
200
533
333
505
205
692
727
609
85
623
840
832
482
325
914
679
234
89
115
660
249
224
198
846
795
485
237
7
671
126
540
223
659
225
80
216
918
807
826
355
782
666
187
616
343
453
648
577
543
763
589
792
988
787
990
783
272
579
142
295
58
683
870
69
260
950
286
178
110
112
886
244
778
425
861
121
879
509
50
774
272
991
918
612
778
909
748
403
840
890
50
898
573
921
968
186
223
606
716
333
718
602
930
848
28
791
321
259
652
371
33
276
362
951
241
492
212
989
247
53
879
298
303
805
571
623
991
794
229
707
480
299
310
410
147
690
553
468
949
557
191
334
833
905
285
426
750
498
415
997
903
295
295
206
100
866
182
443
13
411
150
493
711
812
255
858
854
808
679
155
365
222
489
550
128
775
329
878
625
744
875
528
39
171
86
491
389
268
934
402
32
437
247
743
601
502
953
456
662
984
611
379
207
101
282
335
228
611
565
205
355
440
733
747
963
171
590
705
792
877
459
824
314
707
567
267
209
872
723
224
857
335
603
416
788
885
103
368
496
668
573
204
460
658
951
424
829
893
481
621
770
940
797
436
647
364
704
209
589
427
433
798
114
388
214
254
274
317
622
122
337
547
678
797
205
981
221
387
875
54
360
645
995
158
434
994
522
138
203
463
917
988
261
32
377
827
638
3
496
261
477
833
808
156
631
366
489
204
753
364
259
113
362
606
271
796
600
146
286
156
961
203
144
575
587
873
402
226
228
251
839
706
84
999
214
67
365
55
624
118
420
883
584
134
841
207
282
441
705
568
597
667
771
94
242
359
967
996
585
196
247
776
254
684
775
820
751
141
875
727
611
647
610
547
781
803
755
63
245
460
983
194
127
755
288
721
466
256
718
403
804
317
179
410
353
954
582
105
447
809
832
59
457
795
606
590
598
713
654
195
526
989
390
653
744
678
727
562
286
797
965
442
114
496
204
468
451
786
925
898
596
109
309
405
256
268
995
207
981
1
402
507
991
792
513
87
823
592
650
461
389
967
256
503
464
460
323
915
599
248
165
547
710
827
952
966
95
299
173
428
301
928
288
292
72
153
731
895
745
381
709
134
349
965
989
813
777
313
80
376
561
597
923
271
424
227
590
871
527
763
300
180
691
940
824
116
93
555
11
190
937
72
324
638
37
665
803
815
978
883
543
892
480
819
515
905
46
105
776
925
221
428
457
264
720
281
380
165
189
744
355
126
816
31
116
854
697
919
21
675
802
564
919
634
735
435
891
134
540
20
59
113
448
869
378
521
150
758
686
339
502
42
817
319
73
285
525
122
204
898
150
358
814
69
993
550
504
884
684
397
256
95
510
57
964
888
578
467
999
264
158
501
658
976
172
84
261
49
206
818
299
356
176
114
426
521
16
282
758
700
679
14
147
542
71
464
782
649
931
781
266
89
635
924
417
159
8
679
209
567
849
860
923
25
974
701
899
342
336
657
42
15
671
542
909
95
6
692
96
937
473
362
378
108
287
796
268
647
827
829
214
676
689
490
53
16
191
952
358
527
961
753
895
985
295
804
80
653
496
176
942
322
539
320
782
178
116
50
825
943
231
392
971
273
882
25
641
73
977
999
953
291
104
200
276
751
4
356
404
853
532
346
527
423
667
309
601
135
712
779
79
295
171
50
568
53
427
209
478
757
561
783
48
665
983
324
769
988
680
525
193
564
224
72
340
891
381
293
378
445
424
809
741
595
212
309
0
639
871
831
396
432
614
796
449
598
120
570
938
152
96
483
69
320
555
409
563
936
54
941
382
479
751
123
426
315
784
427
954
655
610
703
439
224
499
241
822
972
811
112
476
907
595
545
227
150
306
790
439
361
84
173
192
187
296
618
502
432
397
808
440
7
511
879
232
363
120
406
335
932
519
163
839
466
709
419
617
367
561
408
80
645
581
272
832
229
891
686
661
288
495
101
648
6
333
880
721
453
638
408
737
509
572
577
976
633
348
945
0
909
353
433
907
934
705
91
163
948
778
824
589
273
278
237
631
611
469
705
64
107
113
802
969
685
731
945
670
431
890
23
340
243
456
599
529
513
691
692
462
821
516
403
94
146
992
77
757
461
782
174
920
248
976
889
285
59
186
956
490
76
979
182
671
787
134
200
300
825
244
114
646
113
869
92
259
861
521
17
674
304
191
595
904
519
836
189
578
23
145
420
451
476
954
475
615
88
27
268
265
272
734
911
385
604
355
996
465
877
13
492
533
556
87
437
75
275
626
5
650
124
777
454
952
732
281
568
172
308
836
438
932
570
701
669
526
57
666
344
934
679
836
467
236
275
256
663
550
882
669
201
358
798
7
311
882
288
231
55
596
419
493
881
989
546
550
868
603
216
212
889
248
48
708
836
323
964
499
225
847
520
778
557
319
785
868
201
73
99
608
22
518
453
903
860
0
805
728
955
22
292
845
270
340
553
106
15
518
957
240
717
478
19
274
149
804
143
702
230
594
311
604
465
764
859
677
116
664
757
72
686
49
917
308
741
822
766
756
340
76
996
57
906
367
684
55
524
827
109
754
773
420
710
590
537
569
267
5
233
24
77
272
73
346
580
166
169
699
922
509
775
271
919
681
990
603
88
514
782
197
620
907
970
330
498
507
899
765
864
133
142
942
405
567
640
337
734
809
388
8
671
163
631
942
196
622
897
284
136
31
482
757
938
452
87
788
311
339
906
175
472
48
469
229
615
110
918
701
271
307
710
942
470
693
236
667
315
133
951
452
164
785
561
455
589
648
243
900
339
149
428
811
549
897
392
517
359
311
218
631
618
280
925
440
974
162
107
289
647
411
93
164
548
654
619
138
655
214
38
994
716
466
158
265
716
550
782
75
213
353
58
831
633
984
272
959
498
731
601
497
494
694
661
43
701
632
181
708
847
571
54
563
390
212
828
458
115
963
533
328
316
944
512
301
928
136
261
778
219
214
275
714
260
289
109
313
921
642
21
120
213
76
683
955
640
864
413
755
827
299
436
143
243
300
796
523
788
57
301
7
623
928
73
884
217
182
197
491
824
219
611
390
647
295
345
287
511
759
395
338
58
183
833
653
835
629
176
623
39
477
982
662
757
56
898
975
590
96
818
767
667
429
157
666
76
854
305
587
965
700
277
375
235
462
28
422
92
204
45
483
33
380
497
791
436
396
766
378
844
936
497
863
365
6
529
442
861
834
381
178
887
11
554
474
473
582
897
917
139
294
400
172
674
250
963
462
998
81
841
194
17
338
57
735
345
938
529
558
124
262
736
363
273
642
838
747
577
87
664
716
381
417
240
56
19
204
870
17
637
711
211
7
402
620
742
99
558
271
9
34
533
97
398
159
740
588
906
317
675
922
385
408
339
625
464
358
829
335
727
819
398
938
826
152
558
920
603
468
191
612
503
76
62
253
235
802
841
493
471
868
416
856
276
107
481
93
818
663
780
545
482
530
836
660
683
394
580
638
215
123
603
718
199
665
323
787
819
516
632
290
384
48
146
12
508
627
105
678
642
237
223
124
768
59
784
803
806
364
793
373
487
396
443
39
413
766
178
232
282
810
522
666
211
20
30
71
0
136
749
642
725
324
767
493
736
903
648
542
620
442
267
459
190
710
498
604
476
28
836
758
191
711
776
402
83
806
825
83
294
574
726
20
898
845
865
634
100
514
528
720
308
795
180
498
505
30
102
981
411
291
91
602
354
219
4
437
378
829
873
672
755
599
44
653
796
262
640
896
128
168
969
436
964
501
934
821
883
389
155
294
32
246
896
386
818
252
175
196
81
48
868
836
999
265
842
147
527
482
396
655
2
717
443
966
218
377
140
101
118
295
748
150
893
644
888
711
897
416
907
330
816
128
519
168
745
713
315
272
195
63
279
197
780
722
516
998
451
656
452
922
303
552
424
196
196
665
260
445
81
519
776
249
999
647
417
744
360
85
368
907
500
647
104
281
721
972
631
173
980
435
95
635
987
871
184
184
536
444
629
617
315
757
219
315
756
988
59
116
425
780
23
926
427
480
207
501
804
838
674
137
274
121
772
261
992
956
797
529
752
779
498
68
888
69
383
645
58
794
113
483
926
489
409
354
969
616
855
125
807
881
262
433
354
35
46
698
991
844
579
96
975
78
164
863
147
899
860
557
45
974
41
972
463
450
678
784
419
885
909
578
766
524
11
472
559
57
170
902
253
750
998
580
180
514
444
679
413
656
237
811
982
278
783
445
80
461
581
499
698
843
77
464
367
440
288
926
498
810
180
103
560
531
684
92
45
480
772
459
488
361
622
471
639
405
268
71
218
850
923
916
45
0
732
412
793
20
690
643
830
870
746
743
401
782
187
799
614
959
610
103
672
232
574
663
637
194
735
207
44
658
123
441
10
855
853
803
227
543
446
409
766
545
504
519
327
692
318
942
3
928
45
676
160
971
339
149
165
74
356
562
84
831
3
447
38
209
250
265
752
49
27
870
594
531
390
921
223
60
215
227
989
612
255
501
935
594
651
453
21
359
15
457
191
370
904
229
579
155
847
684
556
874
554
150
405
296
423
981
357
991
560
698
603
815
199
891
761
202
344
134
562
359
592
105
729
848
334
661
3
533
345
559
407
899
61
165
196
485
146
905
476
58
603
431
225
802
322
986
5
666
473
919
377
65
24
459
913
710
120
269
244
817
180
651
716
242
168
264
79
666
169
907
724
124
338
301
927
13
288
284
31
761
203
409
178
579
220
443
289
340
712
885
157
245
889
225
839
57
842
918
76
363
825
800
488
515
102
415
528
742
51
912
855
606
321
33
537
541
476
178
233
541
64
742
786
953
967
625
362
161
895
438
525
72
591
13
587
45
780
468
787
831
380
642
789
53
27
326
946
855
504
179
748
568
921
886
873
240
863
236
402
758
26
279
830
617
292
770
662
424
238
801
255
970
795
396
23
822
722
969
30
578
500
778
147
773
665
372
365
528
960
119
639
987
398
469
604
690
591
619
466
181
420
721
151
216
469
526
390
191
847
420
770
699
551
269
472
568
641
838
448
602
957
87
941
708
909
897
750
500
516
217
34
289
290
185
505
760
64
247
303
263
20
73
963
923
694
435
491
688
625
291
642
935
379
583
643
640
480
393
492
349
962
526
638
253
64
495
13
128
742
316
391
114
742
706
37
436
142
880
476
119
172
118
54
903
701
697
543
534
443
387
883
405
266
873
10
330
720
23
810
814
692
553
929
786
260
966
222
754
847
51
873
371
169
928
274
223
977
169
757
772
556
992
530
174
217
540
504
937
916
666
751
608
572
680
394
184
999
968
938
198
19
163
569
541
443
195
764
421
364
521
545
272
865
75
447
82
968
303
19
884
322
770
492
894
803
238
78
154
558
368
352
930
531
273
471
975
468
235
748
184
108
645
456
973
721
255
55
41
911
74
925
233
196
769
479
351
359
557
505
917
925
857
847
808
482
670
783
950
905
883
486
13
529
295
338
602
550
393
643
813
819
568
46
368
337
877
719
696
434
225
965
711
434
165
872
917
835
655
219
741
891
706
106
420
1
445
22
903
190
665
717
362
233
115
730
922
993
801
970
779
26
935
843
813
452
715
730
288
722
301
29
613
7
487
33
360
284
55
264
475
72
333
837
657
448
919
579
793
720
901
573
99
189
416
264
641
483
994
929
205
647
310
819
655
798
852
367
434
260
631
909
332
316
98
990
765
369
921
558
442
175
483
541
364
251
805
5
734
151
287
940
798
597
111
805
747
315
173
182
575
156
443
260
473
894
602
590
263
875
500
705
50
336
598
414
587
755
772
674
258
411
966
409
360
77
214
108
392
739
642
320
248
437
580
73
331
534
663
947
409
515
4
460
851
603
226
791
710
350
465
969
761
431
378
122
508
944
582
252
36
224
572
284
13
504
357
697
38
372
644
800
239
648
612
91
603
838
882
314
189
699
635
950
130
13
72
990
309
654
594
345
230
167
629
596
23
338
293
414
62
937
214
302
937
826
393
541
16
627
207
205
326
842
508
808
207
932
798
516
939
392
862
521
911
491
117
287
182
410
701
244
699
915
546
989
93
291
530
109
270
89
667
596
931
175
756
490
459
554
6
398
299
868
272
562
712
389
849
894
152
550
490
203
817
389
192
910
32
74
20
303
163
39
251
446
214
8
936
25
914
943
776
213
163
48
128
875
789
977
121
941
880
612
497
697
353
689
608
385
764
980
40
279
19
292
726
585
652
14
610
566
309
738
132
473
786
260
348
576
589
822
869
469
786
366
167
139
408
127
876
172
107
917
451
478
561
529
63
213
544
25
779
205
764
263
678
902
523
379
478
113
201
700
582
987
418
101
126
826
228
354
998
687
271
802
165
832
683
580
397
579
958
529
785
722
792
463
624
316
842
455
781
395
507
715
382
925
817
860
104
397
215
454
85
838
608
602
671
292
535
420
871
493
949
656
567
742
472
191
410
666
998
191
62
857
258
796
783
75
657
239
825
224
693
262
62
302
216
85
594
751
506
817
596
807
826
163
549
650
707
959
316
705
502
730
915
761
527
698
188
536
289
365
760
982
627
174
284
844
260
230
947
766
400
544
573
226
707
475
876
414
786
544
472
641
275
387
754
154
437
942
42
78
308
802
60
287
328
697
131
588
279
79
706
679
975
632
905
682
107
133
449
245
678
273
886
305
12
640
811
801
935
853
879
595
7
939
882
335
988
366
924
268
445
982
299
420
614
557
454
73
690
255
319
720
528
557
377
892
550
188
693
485
393
924
80
400
216
314
88
204
680
364
824
125
346
124
897
313
33
704
386
75
959
57
796
840
615
525
732
165
66
778
2
459
702
434
212
918
748
300
475
429
664
299
906
362
775
156
675
808
860
62
884
171
471
32
11
86
909
96
603
975
226
957
435
928
391
999
199
140
299
674
569
315
973
475
677
101
631
353
909
843
767
145
15
238
529
378
677
439
826
632
414
52
590
201
333
981
200
532
121
851
206
42
166
531
518
196
632
501
901
894
345
668
391
712
906
921
442
935
360
621
568
126
25
158
680
358
491
880
242
613
84
448
655
602
332
525
798
316
379
699
210
76
719
954
140
978
875
582
913
587
555
481
65
581
991
745
939
483
978
182
448
62
982
455
664
666
333
815
983
712
514
545
788
234
499
928
212
726
862
477
313
418
311
379
999
302
124
290
137
102
472
937
516
807
393
181
473
78
348
808
790
862
354
930
448
853
858
12
580
72
842
245
490
153
976
841
807
101
132
297
555
956
234
424
763
979
957
589
57
305
397
199
519
103
129
968
957
339
332
889
412
174
486
254
679
463
96
487
916
228
784
823
536
370
247
652
702
204
241
759
861
990
959
381
94
440
701
403
780
33
644
544
560
130
150
239
593
246
78
861
826
214
685
715
937
284
367
639
489
608
398
350
598
709
83
44
502
784
447
634
170
91
530
82
574
680
673
519
279
752
381
105
318
418
820
255
702
187
894
191
147
645
894
98
706
329
142
208
114
942
194
636
33
724
718
959
405
391
479
684
495
860
141
166
278
314
421
980
853
668
524
353
665
770
451
723
99
945
284
565
887
478
201
273
203
271
232
960
663
711
644
510
923
137
676
553
803
450
886
657
470
410
10
135
532
813
858
983
758
142
549
646
973
102
271
176
374
503
488
389
215
484
899
490
621
928
44
425
378
930
434
848
692
796
335
224
609
193
207
719
688
756
365
661
859
988
189
585
492
677
974
59
161
873
549
782
801
593
559
531
523
993
379
215
141
714
791
750
260
999
470
948
107
187
961
318
176
150
903
20
827
877
79
988
103
628
122
256
222
682
788
97
27
519
665
169
586
456
271
846
807
741
146
915
281
107
585
809
257
489
829
84
718
908
72
821
536
546
78
110
228
218
560
608
737
225
777
323
33
400
169
841
142
667
108
775
774
45
584
31
886
765
467
605
673
891
778
561
438
208
24
666
426
584
274
164
161
403
487
194
804
9
387
298
676
847
425
803
893
361
834
779
126
654
736
799
545
515
712
983
723
736
650
150
672
276
666
833
32
505
380
188
514
119
838
543
319
263
698
212
624
884
343
102
538
80
901
84
947
965
67
22
702
69
172
726
698
190
912
82
696
644
270
562
763
460
105
82
75
155
646
51
40
342
153
578
774
406
662
721
371
82
743
425
503
268
152
201
458
64
635
154
708
257
69
823
717
526
906
144
682
904
195
722
246
348
300
20
754
315
93
126
749
189
551
252
809
703
806
267
119
441
774
179
51
843
3
120
721
261
265
403
165
460
125
764
809
778
136
563
445
582
41
194
771
945
798
580
0
956
199
120
750
325
299
801
520
654
921
242
915
186
997
433
647
123
197
808
253
685
723
698
267
765
244
390
62
394
322
62
351
874
534
101
199
834
254
72
488
175
666
756
362
663
189
361
138
386
169
391
423
892
441
691
9
37
81
71
432
756
134
135
630
668
588
829
854
842
253
695
17
919
451
731
583
640
92
73
378
613
817
801
506
258
492
515
648
926
939
432
682
73
567
312
93
155
493
948
997
747
643
366
18
446
98
953
86
190
27
464
804
844
265
662
454
110
529
102
388
468
534
422
541
453
734
987
960
579
935
957
678
930
676
697
376
774
650
814
316
29
278
472
873
895
134
328
357
16
782
745
484
669
167
378
122
253
365
435
833
652
392
863
934
420
560
662
194
563
476
863
592
106
335
818
1
822
498
711
838
280
808
674
301
328
52
424
581
769
859
766
773
603
630
707
376
542
369
570
105
845
433
698
303
121
516
657
943
14
368
133
646
176
807
948
504
212
724
438
333
935
556
107
890
538
166
266
433
536
837
538
733
622
588
37
95
456
694
38
822
414
523
469
590
331
769
447
895
493
237
228
780
145
335
670
36
502
289
469
390
478
7
475
100
948
512
196
404
558
586
227
972
110
48
915
793
169
714
688
14
303
268
794
448
604
816
484
458
105
305
200
583
313
675
684
613
540
232
17
98
170
596
423
280
996
338
425
165
404
113
179
707
382
973
507
338
142
344
148
247
649
348
831
314
23
867
927
563
99
945
14
621
893
437
902
890
127
327
55
531
793
235
238
527
560
97
865
702
441
365
302
91
713
133
405
88
0
685
4
451
630
18
424
523
807
326
765
934
6
821
465
151
408
55
678
320
152
895
375
946
260
677
389
973
810
794
413
162
479
417
965
461
435
389
337
242
68
102
528
426
275
993
577
35
400
607
356
905
502
731
851
762
760
592
87
570
386
500
84
218
270
401
31
705
142
720
300
562
175
828
988
450
174
917
838
926
524
194
831
378
277
34
140
37
626
579
959
365
432
395
935
702
796
318
407
290
39
59
853
566
240
193
368
414
111
206
692
635
400
524
14
677
910
506
714
889
438
25
606
870
420
541
572
216
211
331
507
250
391
712
168
631
905
537
397
16
743
89
4
496
965
370
525
228
228
592
117
666
617
723
888
38
616
460
254
827
792
113
430
535
177
598
518
83
487
915
451
231
356
807
79
674
529
604
902
110
196
371
128
814
446
17
852
62
477
458
241
621
924
23
156
453
622
674
888
461
941
340
692
650
499
123
324
381
728
226
491
276
949
619
442
395
636
294
457
466
105
50
87
381
74
244
186
48
918
75
509
212
767
554
862
266
677
186
999
757
764
490
34
713
462
476
108
450
123
917
916
580
967
4
313
393
600
499
441
870
574
951
82
693
505
296
960
534
482
311
292
598
154
326
311
616
154
771
418
277
40
335
209
8
691
522
753
291
22
195
513
948
146
596
642
3
244
954
537
727
265
829
677
771
507
989
387
14
112
158
291
153
493
853
513
536
375
266
179
749
461
692
50
959
640
692
962
885
998
852
964
615
33
641
387
893
982
126
907
95
284
198
600
129
403
113
665
779
731
844
880
193
889
930
504
529
974
819
766
324
671
730
940
56
372
679
949
354
157
856
801
442
407
401
923
810
866
589
941
598
785
822
143
26
104
999
908
79
818
674
403
841
405
695
898
129
726
199
835
884
56
637
678
815
390
601
625
609
542
919
559
680
741
54
706
845
53
614
276
224
289
680
65
46
727
315
175
454
515
10
338
923
999
368
90
390
969
715
999
512
986
910
192
727
964
250
925
17
865
201
593
506
233
659
552
313
326
79
767
193
89
457
468
89
825
558
831
794
626
182
658
612
92
202
340
408
453
617
425
670
818
371
528
404
30
80
717
708
511
836
254
952
293
722
41
470
281
224
616
907
406
627
519
850
829
211
258
634
180
36
304
351
407
832
755
789
264
824
849
775
660
103
728
305
826
121
775
459
698
743
366
456
370
237
307
200
801
917
834
981
953
491
684
712
675
439
853
940
263
703
67
275
806
147
580
632
621
707
91
319
803
809
775
173
399
434
725
200
704
912
533
9
755
218
722
430
9
575
722
625
278
790
252
437
289
185
421
910
892
513
581
47
674
357
221
73
143
298
625
847
562
511
857
317
81
579
748
442
506
470
419
137
612
672
574
902
857
995
164
101
860
746
149
887
455
722
960
598
20
938
446
935
801
655
252
234
586
352
676
92
175
448
581
787
120
155
41
977
503
206
78
363
952
579
250
759
301
563
357
674
853
155
609
6
810
861
240
396
566
268
841
741
716
422
880
836
930
922
165
433
480
596
148
784
175
751
543
829
666
900
503
871
408
112
877
218
325
469
967
891
737
808
984
806
230
865
994
512
139
160
945
619
108
446
403
635
197
298
464
215
198
319
86
606
431
963
177
109
432
144
352
521
952
337
327
534
554
322
399
693
834
696
312
294
142
67
929
691
365
746
906
915
65
992
874
849
307
403
958
91
547
662
613
851
999
940
737
553
614
136
246
800
833
910
94
327
329
24
19
694
122
277
962
187
622
188
36
929
591
346
21
138
9
986
341
360
278
430
266
893
567
864
45
752
775
140
79
456
516
450
151
638
80
465
825
702
653
214
631
244
912
4
734
921
990
427
634
269
857
900
514
776
116
559
528
243
699
960
700
567
762
203
557
842
668
735
544
321
949
528
917
861
532
3
135
875
430
121
144
287
373
658
64
489
569
944
733
621
256
433
188
19
636
746
861
656
481
758
329
782
286
246
643
170
601
130
45
383
251
189
22
624
199
438
466
769
383
199
390
639
984
930
10
972
676
872
628
509
630
957
291
268
555
287
438
508
769
484
891
21
25
913
997
577
352
463
346
87
14
88
726
998
18
737
970
47
961
950
556
943
907
848
563
814
487
1
322
256
837
213
629
215
127
627
792
831
442
490
918
809
578
996
807
948
85
130
995
46
80
552
341
340
752
904
154
239
258
829
847
95
42
477
662
521
456
454
352
250
296
622
59
226
619
219
175
704
349
170
751
781
74
444
473
178
349
980
769
607
809
617
54
203
446
717
725
902
523
429
152
820
52
212
46
671
431
573
375
132
96
478
265
522
275
91
701
624
71
470
583
880
439
989
83
885
58
160
139
582
590
292
754
642
856
152
665
639
726
392
123
174
871
388
696
146
479
397
122
902
220
57
782
11
46
218
249
105
730
388
39
320
32
793
314
240
297
979
879
375
372
2
549
595
743
246
93
574
995
567
477
567
624
611
579
22
181
180
127
912
568
166
232
953
311
899
193
609
230
73
984
954
427
534
901
522
132
994
97
127
913
926
47
889
889
626
912
71
806
39
983
726
558
567
679
869
466
225
478
697
650
815
3
77
701
905
952
833
899
401
312
165
327
359
54
216
337
966
639
495
6
622
222
916
542
253
785
360
478
616
409
128
431
413
558
484
318
510
669
569
263
333
734
590
693
789
158
382
755
150
878
113
124
452
381
666
57
167
27
536
135
436
16
918
201
574
402
519
436
71
89
699
404
823
641
449
964
152
184
72
302
62
537
426
866
919
93
923
86
472
811
573
260
828
491
462
754
893
981
191
316
422
242
72
246
884
522
562
36
706
634
338
120
172
116
338
443
561
261
529
33
73
454
646
253
945
108
7
190
441
198
506
864
793
578
462
