6415
1665
3972
2360
7133
2007
8197
7127
5333
2006
7474
5021
9305
8638
7203
1550
7812
2659
4614
4574
7434
8062
1316
8685
8455
4191
9641
3611
1509
9160
2349
7925
826
6321
285
4311
4680
4835
7790
6366
3193
5264
7739
8851
255
4942
401
8067
3953
5015
2642
1388
9430
3958
6425
4237
4502
6067
7848
6011
1579
6549
288
8757
2870
6926
9420
3902
1761
7210
268
1306
8827
4359
157
9082
9301
558
7149
3255
1926
6143
4643
7708
6454
7420
1945
956
3487
6145
6967
1419
2694
3608
6528
1916
534
5949
5818
2295
3159
2439
3601
1986
6798
111
7420
2452
7021
4570
5707
8947
7065
6702
6655
3519
4122
4952
4475
3962
1097
7795
1733
3791
1403
8261
5707
1937
4210
7878
584
3722
6669
537
2060
3467
7000
5833
2271
4022
403
7978
2969
7468
1032
5977
7340
5155
929
8167
5469
2027
5962
7202
2170
3717
1815
7878
2006
2378
5756
8942
6100
2425
5832
4512
2244
2832
345
4516
6854
7100
8846
6176
921
9879
2153
8261
5034
9434
6428
6855
7813
8743
4057
9984
8812
5872
7862
7171
8250
9970
6113
702
8747
1945
1567
991
4778
8264
1859
7984
1717
706
4160
2638
6937
2665
7251
8323
2100
31
5178
9913
5126
5587
9897
291
7811
4111
7462
6062
433
3575
3116
9180
1873
1035
6524
3003
5652
4735
987
7369
1793
1500
6359
8730
4165
9962
7053
6265
9993
2231
2531
1472
7818
8780
1763
5630
9244
9225
8044
9677
9152
7512
5210
1025
4900
1734
380
552
2821
1368
4273
4615
2868
632
3345
3385
594
399
6003
6939
8982
8534
8411
3153
3666
6526
5135
2910
2103
9531
8940
1256
3395
4150
8633
8295
2236
9014
5199
5057
6734
9472
9672
5954
6456
9370
9339
7050
6121
5342
342
1455
228
5105
4608
3895
1632
6095
3157
3735
1978
8449
1343
5374
2599
6329
21
1187
5343
1573
2597
8429
1045
2269
4383
7502
7991
3722
904
4112
5417
1246
5568
5645
6352
6528
5892
4336
8976
5402
4423
954
3851
2119
2680
2803
8448
2702
3990
143
627
2939
8572
1672
1561
2955
5526
9552
3029
2783
17
8446
381
5585
444
3085
8465
2688
3773
7441
8090
8197
4748
8294
316
7428
1097
5116
6482
1439
5259
7109
731
3831
5134
2292
3138
7012
1844
2519
9795
1861
966
6529
3798
7762
9614
8616
450
3388
6057
4893
7937
7157
9539
4605
4586
636
9721
1068
8427
1332
4530
9158
1515
9664
1450
1005
3028
9647
3524
9176
7860
842
5705
1659
8604
1671
6627
5407
1411
2684
6652
5700
6194
6191
305
780
3179
6378
8200
1606
4062
9082
7117
5577
8746
4919
6582
8127
918
107
7303
8779
949
9360
6790
5906
1031
3417
7665
2443
2453
4317
8143
8647
508
4801
5779
3687
7531
3980
1645
1594
3062
5114
7171
8161
6386
106
2640
7304
6565
9943
6083
3866
9303
9225
9772
6686
2642
7437
5481
5096
8106
9977
95
8614
4778
5875
2301
2309
6207
299
3903
5621
5413
7427
3782
1799
7533
6422
9104
450
2717
1539
4316
8372
765
441
5059
9759
4230
540
4855
2337
517
1303
951
5295
7178
9605
3957
3385
9904
4212
9006
1669
1639
9141
3469
5524
1915
8925
5974
985
6816
291
9357
3933
732
4416
3693
4962
4957
4900
7299
5474
6203
4603
7122
9733
4208
7431
9470
464
1643
4829
2133
3283
3970
1954
5159
2237
7231
1134
3222
400
7777
8932
4333
4861
3348
4378
6175
4657
9279
9827
132
1834
782
3606
1568
4990
1037
1038
1806
9032
5867
291
8667
6189
8598
3827
4779
2181
1313
4353
2581
5442
3285
6915
303
6634
1293
2830
1291
6924
9009
7775
8759
9791
7733
327
4781
5122
7717
2939
4155
9937
3231
9174
6126
1829
9353
7257
4010
666
1611
2944
6108
4896
6211
2763
7882
3856
1946
5526
781
955
3301
9540
747
7387
6219
1880
2509
288
4820
3016
225
4403
8543
2704
6232
7896
9961
6594
8563
1572
9538
1023
2821
2101
139
703
5958
2085
6229
6739
9392
5883
2631
139
9622
5202
2020
8483
5490
3192
1500
5716
7595
6395
4772
179
4291
4733
6773
9206
2658
2664
6582
1831
4765
6721
8886
723
5158
5116
3814
902
7351
6445
1042
6973
1647
9414
5456
3490
2606
3308
5558
201
6055
330
6732
347
1415
3505
9553
425
2521
6135
2256
3639
9208
7495
714
718
8963
881
1621
6314
7326
2663
9639
5326
8429
1447
5168
1035
1108
726
7588
7163
7408
4320
7510
5175
4177
3416
5601
3051
5903
4209
3042
5112
8056
108
5830
7019
989
7451
3333
4668
6466
9324
6346
4895
7124
1514
2282
8232
8592
6222
1747
6000
6894
5610
7527
7424
9026
9480
475
1281
42
9869
6393
8098
9977
8576
5118
967
2379
4803
5635
5198
4128
1981
93
7604
3495
8728
2188
8439
1302
3935
791
8197
9545
8318
5621
4923
7799
2448
2557
7841
2317
8950
5939
2294
3878
1057
3261
6258
5861
8896
1456
6341
7229
7901
3945
7076
2981
6133
5515
4284
6420
6306
2481
2318
4625
4454
3593
8776
6902
6150
6617
9219
1453
2556
7865
1683
9966
1127
7941
5827
6375
5749
8520
9957
3
8817
7033
9336
1302
8901
3620
7722
1559
2453
6392
2536
6907
9986
1312
161
2488
7929
9380
3941
6838
3598
5625
6804
4725
9918
8983
7452
2020
7503
7409
8375
2672
795
7711
3974
9696
7684
8048
1255
137
4441
144
3397
779
1456
3558
3267
9386
9291
3561
2576
2889
5538
9380
3966
1808
4715
1418
3828
8570
5180
8555
1242
5975
6267
1568
2023
303
9616
3278
440
409
9774
189
7540
1231
3748
7160
6969
9391
721
9545
2280
2611
5277
6246
4419
9992
4016
4600
4914
9196
3155
6156
5171
5774
4076
3546
6077
44
3177
2870
6806
2951
3059
4346
4182
3159
1506
1151
2550
8579
7048
4830
7542
2325
7428
1962
8669
1445
2914
3583
6993
2421
6091
8517
4548
167
2063
625
212
5240
9847
7018
8192
2907
1364
2374
6066
9223
9878
8617
4154
6926
9799
1697
5604
7228
11
4273
5025
9277
7857
8370
1698
3948
6887
6246
4116
8951
3224
680
543
3071
7698
8735
2330
5414
7462
4749
989
7340
3366
5144
618
9517
3193
6222
3097
3204
496
8122
2481
4705
2845
531
8653
9732
6778
9121
5035
6354
9801
5579
9425
3851
666
8108
9266
8128
2857
255
1820
2575
1751
2439
2092
4944
5013
5190
8148
5509
9664
6981
214
2509
7513
5220
2242
643
693
3629
3349
6847
9208
2774
698
6227
7234
6316
707
91
2924
2528
2666
4675
1319
4759
9620
6332
6301
4120
8194
5965
7454
8408
8475
1319
9980
7069
8314
674
698
1663
7521
6259
789
4571
8838
8024
7240
9545
8115
164
8425
7134
4839
9744
8245
811
2429
4546
1284
623
6863
8738
5383
1690
6409
5364
5111
4723
2390
2162
6386
6263
4773
7175
7186
3611
5199
4426
3156
9667
4590
1582
3153
5782
7678
1398
2945
107
2296
4229
730
5511
9319
6114
7202
5728
7830
8665
451
6572
827
3189
2835
5600
365
21
9211
1916
4448
8720
7935
5390
302
1088
1172
7980
8838
4118
8088
7486
4699
5170
2998
4019
7636
6552
9747
5466
5217
6551
2038
2397
9740
1225
7997
105
1247
3561
8374
2047
2281
6309
7437
2583
3750
4962
6915
2588
5432
5003
6427
131
6526
5777
4150
4162
2329
250
9629
3898
6801
8019
6295
2893
9245
4293
2999
492
7854
7725
8891
6487
4034
2680
9070
4136
7642
5985
3077
3074
7341
9504
9558
3867
5281
60
8029
3962
310
4010
7860
3463
2030
508
6357
1275
1153
5708
8119
9007
3433
3362
5494
3819
6042
916
7956
3685
3253
1033
3111
6946
6889
2669
813
8522
9082
5195
2484
9392
5557
344
9208
3939
852
5565
1566
2005
1273
9685
7364
1058
3047
9210
1229
9090
6478
9185
9127
9732
6570
8590
6678
9811
7612
3844
8333
6694
5391
817
2438
7300
7514
1646
1240
4718
7211
2806
3076
4836
8844
6792
2246
8243
2355
3476
3685
8833
9013
2812
4917
1936
7755
7948
1747
5367
8144
81
2061
9887
7250
4499
7187
1116
2498
8427
5835
9709
7586
5263
898
6430
2055
3144
4673
4410
6620
4711
9596
5634
3875
865
7570
1630
5165
5669
6997
3309
2102
5410
3196
5705
6262
384
6821
8760
5163
2656
4821
2749
7919
5719
5531
6327
5216
6557
7089
1836
1268
6685
3822
5143
3903
7744
6774
9068
3414
123
2378
1868
1886
1926
7573
4500
8662
4395
9612
178
3403
4433
2927
7675
6505
8459
4002
1721
1368
1091
9909
2636
4129
3732
7779
4384
7828
905
3452
1242
1029
2182
3111
9267
4109
7036
3767
9123
1431
9731
9301
4835
516
2229
2510
7021
7040
2864
5094
8408
307
5004
7396
4436
5088
5175
8820
2916
6081
8625
511
3462
807
9974
2729
1268
7010
2848
392
4794
2579
9693
9629
9447
8274
8491
6469
1666
7707
7915
6426
8014
9271
3822
8803
711
5350
3975
3628
1431
2600
491
1245
9760
465
326
1028
3827
3174
7772
8621
2105
7466
4602
1552
2092
9445
4373
3759
7152
2289
6537
5167
7912
360
3970
8624
5710
4297
8604
3493
3250
9095
4738
3010
9560
5064
4038
9739
4590
1811
8361
6695
5629
2963
4599
4073
2409
8973
7832
5913
7614
4370
1080
1878
1082
1402
502
3144
2052
9106
6637
5302
4553
7727
8312
465
9143
8702
205
3733
6865
4918
6780
2494
7881
7731
2920
6642
6704
752
2556
670
1474
9988
8901
8908
1391
9403
2052
3443
4862
5041
5097
5767
9120
3409
6233
8263
2111
6438
8348
5329
1356
5128
4175
5589
2860
7095
8584
5916
7848
7492
2939
5674
7480
1840
935
5223
7595
9339
5018
8809
4381
115
929
9853
3524
7162
8117
1988
9952
6465
7317
7660
7946
7844
9601
7158
4940
8185
9426
9140
5677
8717
1166
9510
6909
2101
4733
857
1441
6104
9666
2174
6219
595
2027
6096
4109
6496
4436
4061
2962
8105
8073
7260
5949
7675
770
889
2212
196
29
4242
8914
1196
3752
5823
3297
4837
6680
1090
941
2699
3264
3513
9646
1644
9609
108
8140
397
4169
7454
8502
8595
4714
4451
6270
5484
5341
4834
2033
1722
9076
947
2918
9180
3122
2568
4018
6155
10
1311
5206
3275
1176
1204
1271
7137
1312
9411
7534
1834
6866
6036
429
7932
6840
3051
3417
2181
7885
5450
255
3314
2749
3174
2494
2223
2094
2864
8378
2104
528
9936
1731
1704
1141
3002
5194
2453
2414
2728
4287
5632
5117
1068
3564
1957
471
3333
490
8357
5135
745
8023
7884
271
6869
6460
8717
9734
4838
822
6614
1127
8905
4670
2268
1908
9864
1073
674
2593
1713
6306
4062
2781
6222
6019
3253
9556
6509
7962
4691
3606
2337
8928
3878
9206
5388
2595
5292
6578
9769
1906
7705
8675
2929
6325
6935
2793
7399
7609
1738
5464
267
5800
4597
6489
1819
7850
2397
4680
2164
3441
8287
4501
2369
8517
3708
4109
1112
5352
7039
7234
7259
1097
5909
188
7422
9196
9333
1173
3157
7424
6637
3424
3224
1235
6265
1396
5437
5015
2428
3954
8456
715
4807
7177
9232
4867
7638
6697
220
4677
283
3831
5774
6192
371
3197
1740
9704
722
4897
7128
3712
8321
6705
1299
938
8101
3088
5953
6881
7042
761
7597
8202
4290
3181
3069
1928
6230
3289
6606
6513
7120
2380
9057
7491
1929
797
3548
9004
5694
7028
2716
367
3733
367
7658
8186
3455
9963
5068
498
725
9017
8700
1367
2198
8121
3296
4781
1411
9902
1294
4883
8634
6704
8727
6916
7501
2275
5920
9548
9303
4988
6267
9389
5355
3925
7575
8810
241
2643
5660
7318
8012
712
8685
211
8834
1981
1344
6597
8235
8990
7832
6870
5694
6559
138
9548
5186
6058
9096
842
7398
1715
231
2753
1993
4158
7915
2234
3154
9928
9552
1166
640
8237
7729
5826
219
9073
8775
8454
8064
6608
1676
3758
9519
1814
9658
4706
4224
5106
5548
7974
6822
2131
7079
8815
6289
4995
1049
9443
4923
6953
6962
1915
5190
4691
4094
1761
3765
2869
6568
8181
5829
4596
8291
5349
2763
7950
6407
6987
3056
8307
1314
9878
438
8393
5045
3079
9740
2446
8875
1015
9399
5837
2931
942
528
3377
2703
645
6246
5623
8826
8428
220
3470
3777
2983
1420
184
6322
4476
8491
7636
707
5281
2382
5752
8360
2122
8199
3587
3138
3950
9424
2421
4892
6305
5798
3948
6950
8396
9571
2129
6824
6143
5599
601
9126
7019
7137
1801
7847
1980
5789
8554
3613
8171
659
8326
6646
5210
1913
9784
9160
1338
8557
405
7643
4355
4353
945
2751
276
9426
9576
6420
5025
6529
5546
8396
3667
3699
2596
1999
9489
7502
5613
4012
8161
3939
658
9723
5852
6794
8884
3542
5351
5641
7537
6058
9994
4835
8810
270
4261
4738
6690
5639
1267
8589
4035
1286
8640
2983
9638
4481
486
5251
8494
8647
5542
5504
8371
7746
2299
3607
7641
4002
9248
5178
61
5594
6365
5223
2216
627
9961
5259
2618
7580
3848
3005
5219
8840
5989
4857
3322
6475
6460
1816
5122
2002
3672
9845
6100
2323
9804
3741
6326
9052
5272
2739
998
1637
7962
3215
8616
4275
8474
1234
1855
8674
4240
7074
7514
229
8283
836
6704
4743
9004
8178
3097
2677
4376
9198
5000
4180
2939
1326
3233
4563
417
583
6201
8379
3798
4817
2654
2272
2404
862
946
6644
7936
4813
3225
2572
5649
6281
3667
4654
4459
6765
3683
8835
2315
8683
3016
1606
6362
2601
6170
6779
3184
2371
5159
3335
3540
4165
5607
5944
5027
2906
8940
9316
7719
2165
1888
9720
8446
1907
726
9258
8672
4409
4445
7339
3093
7461
8946
5807
6414
5116
2586
5951
3839
4097
9286
3731
4615
1245
9676
9642
4151
4968
5310
8222
3486
7198
7943
8284
5458
8669
7542
4130
9431
1988
7822
8876
5801
6768
4683
8568
8236
3621
4519
2075
7719
3805
2158
2334
5050
1834
8328
5554
3155
3639
3776
6641
7189
8071
4925
2647
3093
8820
3130
2524
808
952
7752
2961
4072
2435
1529
2308
6056
2400
735
127
2557
2893
8813
3960
1080
7142
9514
4235
7133
9642
7228
674
4066
2153
3322
3511
973
2804
2387
8133
3756
139
7447
7828
2574
5328
136
4982
7729
7223
5110
286
116
275
598
1196
7417
112
1783
902
6107
9011
1577
173
7517
1251
3684
4842
4055
6071
9328
7811
2562
3127
1991
5136
8455
8479
6470
2536
5702
1580
9175
2170
8208
9773
9719
1977
6238
1502
2880
2345
6866
4457
8870
735
2060
8906
5577
6115
1329
1257
278
3891
4384
2269
5379
9192
748
1849
1728
2802
9782
7255
4972
7990
7029
4691
9967
3267
2546
2847
1964
5764
3656
834
6499
2068
6092
8428
8183
7421
9686
8461
1312
422
730
6691
9614
7830
4892
7695
632
4674
4950
1957
2664
8331
6648
8984
7950
5546
8183
9914
1310
8192
7100
7809
260
3192
2590
8444
6965
2276
6905
8277
9050
3988
1320
8665
1818
6213
2712
8803
7239
7662
760
6256
5994
3760
5240
296
9307
3423
211
617
1615
3663
4779
1876
3208
7369
6672
173
5997
3577
8451
5047
3917
6123
64
2088
8688
2776
891
5928
6791
8003
2184
9137
1763
7424
9433
1070
7199
5996
1688
8815
9660
2819
7043
2868
188
3715
3041
2537
3644
7844
7584
3914
320
4001
6002
9008
3129
6893
4936
9920
4896
3472
9057
6659
7248
4843
4082
4448
839
2122
9615
6851
4941
6658
9719
1481
6725
9113
4018
6721
3309
7954
635
3629
1955
6637
8990
5085
9882
278
1357
1130
3751
415
4142
7351
1610
8224
1799
2449
6698
1414
9301
1639
4424
5372
3120
7501
837
3490
4223
4147
1444
1210
4128
9752
7848
9470
1189
4082
9749
2546
1565
9852
9313
2059
7203
923
6635
9003
9725
3333
6769
9026
4972
7546
4398
4444
5047
1588
7934
5622
5735
5730
6833
6215
1834
1033
5686
3023
5115
1787
1922
3032
1639
1235
5091
8842
2159
1726
4197
1884
5059
7319
7262
6383
4865
8012
827
6264
9600
5113
1887
1687
7196
5072
4255
9030
6105
9941
2054
1220
1728
3976
605
9719
1563
5696
8561
74
7423
9111
8310
2482
2782
5572
8866
3999
9937
6045
6615
5889
1159
8502
7577
8355
3574
1832
3737
6031
8125
2143
3604
9853
6119
4209
5924
4035
9905
837
4109
7328
9948
2420
6163
9082
4344
1381
3081
4281
7426
9697
171
4937
4551
4100
3292
4478
2284
3382
509
409
5525
4113
6614
7997
8322
2538
2032
4580
3375
6141
8260
9676
4913
4423
8758
9258
5804
8192
9891
9583
7889
6414
4520
8792
514
4165
3270
2798
7547
132
9559
3072
597
6173
1069
5272
8711
3101
9852
2087
5595
8112
8115
508
8888
6873
6118
4692
5065
6010
4275
9306
2424
5148
4451
9291
9313
4073
8441
6860
4205
8001
9932
1155
4174
7354
6427
9238
6807
6279
7677
2402
743
5792
9263
9631
9017
5381
676
4083
1391
1303
9741
168
6451
544
9459
5764
4618
4252
8976
5175
2253
5261
6330
6428
2615
2757
2018
5774
5388
9695
8177
6132
1839
3792
2115
856
9173
2791
1291
6917
447
1033
3437
6898
7929
9248
9015
2547
3500
7991
7723
5754
3252
405
8534
2219
3163
552
7994
4903
6599
2523
1035
8438
6315
9503
9294
1840
2294
586
5109
9093
7971
8546
5992
5900
7794
1359
4800
7647
9350
2523
9753
8955
9280
8287
7526
8795
5191
5520
3699
8142
4395
1086
6580
7062
589
2226
5255
9236
2812
364
8329
7135
5263
673
9388
9409
2032
4188
7056
1383
3063
6809
6690
2343
1448
4216
1139
6639
6089
1190
1133
6836
2276
7713
3899
2866
9940
5506
8454
9104
5870
6783
2592
7485
7457
1980
6895
9489
2520
303
7224
5583
7113
266
4278
4913
4483
5417
7905
6924
6607
9038
3760
5236
6752
7659
8102
3044
3165
2908
8500
5388
9691
1092
2873
3500
9424
6120
9342
1944
6424
2918
7527
3537
3185
1806
8450
4020
3575
2707
944
6535
1746
4704
1771
8498
8716
6225
7894
8233
9133
2746
3621
5176
191
2847
5029
9615
8967
4371
7912
5391
3641
5439
5280
3178
3597
83
7198
3525
2790
8142
60
4536
9199
8183
9386
7915
4408
3632
6148
9893
6379
6122
5069
6570
5321
98
6185
4288
821
449
6032
4463
2241
1312
7641
5838
7747
1192
5715
538
5686
2127
1426
4885
310
813
9152
1070
797
1653
963
7176
4127
2385
3746
9448
2483
6284
3736
9657
6733
9768
4120
8974
7433
8113
1165
5180
9305
3232
5718
4992
1712
7145
6229
8374
4310
5382
9445
5107
3387
6760
8636
7514
9145
8734
6962
1629
1370
698
1286
4456
6819
1758
9782
4252
6223
7299
5784
5529
532
7855
6873
2244
1352
9454
618
5662
4836
6415
7121
8223
3176
5757
5737
2321
4492
9051
302
5862
9750
7940
6670
2921
6050
6453
3525
2274
3752
9309
4155
4284
7164
7380
2880
8516
6834
3499
530
1671
6266
7652
6246
9442
9761
8336
8116
605
7387
4770
2820
3489
2711
9490
2762
5113
5943
6287
7387
9696
5597
7894
3980
9113
5274
3213
3982
2109
3064
4512
132
9330
8516
6378
5125
8278
1066
3241
8883
4806
4363
1703
8295
3426
7546
1058
8540
3489
3697
5927
3185
5646
3822
3518
4760
5448
6731
8742
7557
6147
9606
7689
5477
8123
420
602
6401
1486
195
1636
2644
911
9692
940
4337
7238
8350
2877
727
8399
5157
265
4046
5331
3783
5158
779
6866
3900
8337
3013
3506
2378
4842
7981
2798
1797
734
637
8344
2371
3281
9255
2063
573
3593
5653
5275
2822
2732
3675
7979
2997
7721
3310
3132
2879
442
6350
3131
8779
9363
2989
7509
558
971
308
2355
1705
7297
7051
428
578
6307
8843
1152
6252
4496
2779
9074
7229
6454
7054
226
4175
6716
9711
3406
7158
6061
6537
2289
1777
5879
9799
2335
6850
6459
1042
4907
3756
8093
5336
686
4400
4179
8190
652
8676
970
9727
2257
7424
3133
8835
7952
9849
8546
1358
3360
4608
4248
5649
2737
127
5448
5072
6977
8259
2466
1884
2015
559
3572
2702
1312
7752
892
8316
6428
8214
4395
5037
5639
7528
3872
3591
3730
2419
1301
7090
3379
5549
2739
6116
5676
4540
1188
9005
2799
3654
890
1167
565
4462
221
1877
8566
7465
6546
1346
5680
941
6383
7671
4822
256
1262
8552
2675
8915
1994
6054
4465
1085
2170
141
1977
9710
5499
1129
9716
6389
2296
6633
7203
8869
8511
2122
6334
5057
3468
8366
2350
9852
6037
7172
108
3651
2076
9135
2567
4070
1541
7032
5156
63
3525
7133
6125
9024
8262
5841
1765
6910
2474
5321
5779
7337
7443
2114
8746
7263
6832
1097
7115
2870
4621
3575
6521
6698
9062
9088
768
603
2472
2276
7018
2350
9410
3143
1374
4024
5336
9492
935
4163
1165
3066
1500
8608
1532
6599
2223
8365
4048
9339
1235
8669
9266
7756
5367
8329
3197
2488
5284
2021
4764
2303
4371
526
1798
2098
4551
7135
1590
1838
1298
2755
4904
2798
7715
6437
5749
9938
4802
9797
5629
2389
8467
4896
145
186
9577
9694
9026
4861
1716
143
3516
6087
669
5315
8185
1572
2450
6127
3410
100
8882
4667
9250
6597
7456
5000
2888
8610
4797
8517
999
9616
3413
7496
6155
9342
7191
1533
556
5259
1676
4072
1346
2346
5739
5884
270
4541
2011
33
4641
7246
1052
3892
3843
8508
8892
3083
7118
41
1601
8117
6010
1366
5613
2165
709
9156
3698
1265
4415
1727
5337
2114
425
7429
7998
695
1970
9
728
6612
7255
1780
504
7451
6640
9396
6886
3758
5789
8487
8227
1799
9854
193
316
563
9349
4015
8180
3765
2094
9869
5879
2519
7298
229
3214
9269
6590
295
5881
198
8427
2737
4001
1420
8485
887
5178
4274
9375
9758
6074
9229
9951
6390
6144
9300
6757
676
9417
8851
545
1648
1370
7844
1877
937
3465
8468
7584
5698
8666
2363
8435
2667
3783
6920
3554
5314
1194
9281
5072
3620
4862
1375
11
1006
675
3120
1682
6445
1972
8580
8093
9694
6424
6323
6983
6241
4791
919
1939
9809
3283
374
8828
3418
3646
8734
5084
4840
8016
156
4813
2878
1531
4824
237
8559
4296
8271
5004
2620
6851
9449
2315
9627
5772
5650
5868
6915
6570
7807
6724
6205
4533
5552
9623
8179
4287
1060
9372
8655
1216
4185
1533
9100
9009
1770
4011
9657
42
5367
2278
3245
4816
945
2873
589
6595
8741
7504
9517
2901
581
5722
7434
2485
1698
5614
6772
2758
1338
1779
326
5523
3313
5778
884
1435
9789
541
7829
5156
2819
1075
9973
3764
3948
6914
6712
9041
4418
6229
1942
1351
8304
9377
3837
2
1343
6961
9112
9033
8741
5790
4556
8406
1569
5440
9841
1358
2333
7671
2867
5153
8746
2840
5269
9046
6106
1981
8087
6876
4563
30
8228
2867
5759
2065
2869
3454
9026
8333
2487
7767
4123
3395
2525
5692
5187
2367
3403
7520
6390
6270
9025
1488
5462
4295
534
1568
2628
4973
8444
7191
1355
6672
58
7114
5089
9279
6920
4116
7612
5759
8235
8088
9154
761
3780
4341
9480
7183
8214
5870
3453
7239
7358
8915
7886
4244
6835
6867
9217
5280
4058
6925
1952
469
391
3394
6100
7312
7510
3713
9423
2097
1801
8578
9210
1933
9271
8690
9117
7485
4560
8922
1077
8270
4190
8963
8866
1025
5830
4436
6305
6241
1361
4610
3062
1752
8004
9162
9064
1866
9227
4840
3963
7380
3418
9526
9314
9041
8216
4783
2879
9129
3705
3956
3751
4247
9271
2618
5273
1454
7054
7930
7695
8415
8892
7109
6519
3248
6271
1936
5114
5499
6776
5430
2879
6546
4956
8545
5587
9524
3328
8466
8653
3386
8774
2405
7633
8046
5023
9258
9500
8429
3541
3547
3196
2433
656
9715
5682
3279
8003
796
8778
4779
2578
8010
1325
3886
2907
3265
3411
6236
1731
2064
5974
6858
4469
9959
4904
5844
9218
4404
625
2759
7951
3821
5192
4959
9889
7226
8238
7892
4375
3369
9024
6953
1379
349
840
638
9966
4251
6874
8050
2667
9200
4908
3489
9160
9812
9333
8378
568
6311
7489
8519
132
9033
9830
6373
6260
8068
4266
635
1437
9642
7588
9168
9991
4780
9807
6310
5383
3033
4360
8051
2234
9268
1540
1394
9080
7225
6124
6000
3536
3613
4519
21
2646
701
6394
8906
8769
7012
5893
207
6654
9834
5727
2998
4614
5534
9308
9998
4920
3668
4401
3506
9288
5941
4900
4720
3166
7376
720
3055
7341
1591
3076
9987
2292
9470
5246
1061
6483
1139
7620
9489
973
3348
2487
1940
5234
1795
8290
6506
1815
2691
12
1103
8632
1264
5823
8150
8640
6543
7557
5981
8134
633
2321
426
104
3919
7840
2939
5058
1812
2428
2384
1512
4916
676
6747
3063
8966
9605
4879
1657
9618
2334
6641
882
8158
1143
5875
1053
8701
1856
9188
9334
529
5966
5790
4448
158
5081
5859
1971
7510
8243
3483
8778
5271
6582
8193
4237
6188
3072
2246
5806
5407
8887
3040
9917
6382
8915
970
5083
7124
6510
770
7653
2477
6560
2102
8987
7994
7961
958
5504
2556
794
634
7827
7376
8827
8416
9916
8252
662
5722
11
9549
5115
9928
2283
4030
7250
7367
7506
3761
4489
5160
2590
7401
7262
1577
5395
1575
8888
7251
4131
6034
7885
8310
3410
3065
6726
9679
1317
7388
1753
1328
3289
6868
7608
5572
7251
4858
9291
4757
4971
3780
9917
3913
7534
3531
5491
2929
1458
731
181
1941
6765
8066
251
6527
1131
6977
6206
8800
717
4312
6480
4006
1180
4088
5931
8431
5299
1574
9541
6622
1707
9458
536
9241
9342
2379
2170
800
9462
2351
2742
6227
6770
9345
9106
4253
2675
1665
3054
3392
5977
9534
3751
3509
9975
6034
1941
1626
7608
1482
8248
9315
7292
5136
8556
2986
7515
7079
139
6977
5782
9233
9556
2552
8578
5015
3158
1253
6680
2564
998
9009
8450
4749
2518
8425
783
811
6403
4743
8645
1004
411
2290
6140
8967
5276
8
2398
1767
6985
8181
1000
2894
7085
5931
7909
243
7184
941
2807
4534
9950
1258
9283
8820
6035
6418
9632
8791
7514
4629
9795
7925
6919
2287
3244
8548
2295
5643
315
9281
3824
1316
8527
7261
3599
6436
7505
7135
7377
6664
1670
3679
7922
953
2499
310
3724
8483
9101
1238
3113
5248
9163
32
7535
2407
8580
9831
8050
5248
5464
8226
2916
3991
5488
6515
6779
9345
3650
4156
6009
5320
4187
284
2626
3038
6946
6350
1522
6047
3940
987
7647
9455
7371
5182
1862
2304
5013
6265
7552
6829
843
468
820
2683
6983
7599
2028
6985
8107
8038
2306
2294
4674
1284
1685
1620
7634
3207
4019
7926
546
1666
7381
7917
6848
5595
221
8214
1860
7773
5043
2704
4593
2216
5387
7928
6167
3768
4914
4275
1806
3572
2921
2832
4856
4606
4452
8842
4165
8471
6768
4711
137
4149
2629
3337
9744
9202
1551
7957
6976
2947
7013
7921
5163
8752
5850
1330
2520
764
1957
678
4336
1231
3510
5544
5837
4314
4386
6355
9137
1154
1066
5626
1655
47
8964
7751
9250
6867
2060
2578
9814
9073
499
1329
7826
6349
9012
6698
3465
7321
3729
4153
8552
7239
9697
742
7906
4083
7097
7043
1589
4515
2670
9596
915
7986
7348
165
4853
9408
9095
1020
4834
5946
8701
9012
2296
7713
5710
2113
5035
5791
2619
9939
9383
2316
681
7289
2752
4130
4332
693
8646
3354
6642
9561
1340
3990
6078
6194
9750
1525
3566
936
7471
2267
9948
6119
9981
2011
4585
1368
7802
7204
1307
7185
5872
8341
826
4976
2471
1511
5670
7469
4865
2312
3382
6206
2654
9460
8752
8756
7337
2318
6045
1161
937
2345
7280
918
708
1865
8638
4863
5421
6298
8400
1294
4639
9227
6270
7110
738
8292
4580
1955
6956
7962
8161
5962
3775
3265
1071
7464
1935
7116
8625
2873
9461
5906
143
6522
4123
8782
1385
9545
1432
9785
7191
6071
9012
9813
9533
6102
8106
465
8058
1414
4780
2571
3729
8555
5837
4800
2371
4124
8268
997
6997
4081
3255
3493
603
3730
2275
1988
9627
59
1774
6818
6130
7138
6632
2015
3241
1090
2481
1299
8856
7261
3870
2585
2168
6059
3737
4539
184
8357
1888
7181
2439
5143
674
9394
8874
9301
7735
4853
9360
5861
1672
1842
2999
4656
3858
6240
2098
2691
3891
954
9952
4114
9892
2120
173
9981
3011
357
8339
4900
3891
7130
6395
917
6524
1621
6571
4259
6475
5931
120
8147
4126
9472
9155
4336
2064
1253
7027
5956
8559
6979
70
8451
5451
6595
4785
4814
6953
3124
9714
844
6606
2462
8113
3130
4083
4684
3742
558
6968
214
5057
1094
6038
4212
5430
8103
1817
8809
411
377
2140
6833
5180
7591
3428
9965
8757
6733
9441
8472
7577
6047
934
2043
5530
1369
6727
5624
1928
3695
5838
3337
4789
8229
7550
6571
6332
9367
1732
6743
6096
3872
9928
1277
7815
3356
7594
6573
90
7036
1397
4019
3083
8683
6062
4965
52
2790
589
8332
6485
2780
1670
7627
1009
9220
550
7341
4939
2283
436
1036
2507
364
8665
323
72
6259
3248
6514
9647
4645
534
2731
3328
2948
4048
3380
2090
4638
1713
4928
7418
9735
8907
8427
5307
9457
2120
246
8092
2556
7634
600
9272
2651
7275
5696
8911
523
2211
8558
5168
9097
7641
4848
2045
1690
4580
4136
2680
2645
5416
98
2380
4323
4877
7687
3780
6997
4286
8225
5905
1920
5177
5177
924
2452
7225
9835
9327
9436
4745
4495
8533
8739
5695
6931
6781
275
7419
9461
2921
2835
5911
5301
7158
788
2989
7290
4137
3627
5515
42
5547
692
1571
2823
9496
8796
2658
8823
8233
3756
9670
3118
2495
5365
49
9276
5641
7468
8737
4914
6655
1000
215
3813
1788
9556
1104
5925
3183
2971
2319
5083
16
3890
7906
9512
9038
6917
8336
3623
673
4358
6742
9520
9724
3143
8796
1717
6964
3885
6631
3619
4885
6846
7433
3025
2755
4889
5302
5938
4212
7621
1021
4228
7863
5280
3741
6901
2197
8429
525
9222
2787
3619
8742
8863
6762
3890
6932
3726
7775
3563
3698
9012
6762
7483
2037
9517
2372
7339
1807
2936
1312
9181
7165
9175
4461
7258
6076
6658
2039
2953
2232
1178
6572
974
6394
9687
4864
3326
9765
8991
6890
3463
4355
4
946
2744
9521
9670
83
7680
2607
7747
6861
6124
6922
1322
3382
9350
4332
1773
2304
6564
2951
8876
3890
9345
8563
5106
2672
8329
4097
5914
8144
4804
5918
9091
7548
1791
8761
3983
9471
7720
1730
2685
3844
8652
4007
3578
8003
4692
5351
6659
7608
8303
5535
7851
4000
451
2957
6672
5132
3407
8938
3276
8211
4856
8719
5760
2999
3833
6095
2471
1553
7826
5156
1750
2830
5515
5328
7185
6559
7032
3844
4168
5335
5732
8371
5687
2535
1328
8712
7667
4735
7650
7295
9299
8859
2367
1411
1858
6200
7506
681
4105
5332
2189
2207
4515
4057
3888
1700
616
920
1897
1136
6255
7629
9507
8294
164
7188
7006
7831
1923
4657
1478
7574
3516
3845
8985
5374
6397
2844
6056
6855
8176
4597
5414
9043
8654
9302
744
9271
222
2641
6759
2829
6622
6267
1124
6786
3455
8130
969
1730
2787
8799
5657
6303
8997
4642
8030
5394
7486
438
8601
2015
5035
4016
7410
42
3318
8154
5665
9893
7147
2424
2722
3769
5043
3846
6907
4850
1977
7876
2933
1116
6676
8590
3772
5673
3232
1802
7419
7071
8592
2373
5438
9979
6389
2848
21
6059
7355
5686
5952
854
4463
8675
976
9506
8873
7883
4357
850
2112
3642
8319
5140
2232
2091
7165
1816
245
4584
5239
8837
3309
677
5168
9698
9878
1542
2110
7233
3580
4414
8087
8043
3089
5415
3902
8315
3299
4611
9165
1763
8253
3836
6903
485
5927
4068
2301
6172
8652
7541
1361
8314
4570
6530
8012
4448
4424
6474
8033
8004
889
2473
6048
330
7888
9950
8645
7539
4561
4163
9302
2814
7999
6205
9651
279
273
1952
6451
5278
5845
4165
3592
6768
7047
7956
7568
1471
783
5602
9475
1672
8075
1875
2002
2315
1825
7000
9855
2738
1163
5509
5552
5514
1715
5203
5793
8340
3508
8597
9970
5705
2762
9914
2473
9809
4223
42
7632
5006
1996
7107
6678
6423
5335
5032
8738
7160
8384
4945
9899
9547
455
1803
1414
8522
3359
7207
6862
6867
5804
3185
8924
4918
3099
1398
1079
7322
7792
8711
2328
9788
2171
5358
6211
7506
6743
1301
1018
5127
6247
917
4675
3054
9073
2441
1576
2432
9648
4790
5651
1805
7975
4575
3075
7427
2325
4155
4749
6469
9218
3430
2609
1389
8788
5172
5247
5531
6474
6266
7011
9073
3535
1686
2127
2608
479
55
1392
6479
4845
7043
8284
9173
7971
7712
6600
296
1867
7701
3118
1085
7483
5727
8827
2624
900
4074
4507
7374
340
1518
2799
3876
9556
1278
2836
35
1333
4229
6515
2530
1272
1151
1703
5595
8863
4655
5892
7082
8709
5362
4520
6192
1089
3347
5168
1989
7421
9676
5715
4114
1194
4866
4342
751
6144
3530
7138
7477
7759
3653
8
5384
1157
8063
979
20
9071
3223
3455
4132
8585
7975
6676
9675
1322
1845
8016
5095
1521
84
5561
9067
4950
9903
6170
1095
3434
3309
4924
7545
3314
1284
2929
4471
5700
261
844
4771
9836
4299
8903
8422
2274
1931
4449
9948
3776
8817
1395
1649
8901
6957
717
204
3212
6887
1299
2998
6548
2575
544
9863
3860
9825
4334
9560
6438
5178
683
6275
9477
9586
1049
8103
7869
1850
4403
1646
667
5799
3295
5921
9108
364
6125
2320
7252
3776
1671
152
2703
8567
15
6563
8392
4350
6123
1183
5880
3158
7458
1710
9096
4859
9813
6966
6709
569
8612
3728
2720
8259
9649
1828
8624
2126
500
2228
2254
2171
2380
4958
7090
2396
1521
1835
6746
3997
3018
8978
7155
6828
688
6252
1687
6854
3218
4748
7423
8182
8476
143
6441
4478
8323
5065
6604
5175
7293
8859
3699
9674
169
789
2070
1690
2624
5168
2039
5642
498
5547
8822
1187
1799
6861
8041
1369
1609
1816
5903
6438
1959
2344
916
6634
3762
3872
1809
1055
9083
5508
7081
9252
6298
5503
943
5274
7023
9334
7269
7522
4881
6091
8709
3032
2953
3102
4401
914
4918
6656
7352
3229
9001
4620
9863
9115
8493
1672
170
7576
3533
3604
6829
9831
9107
4124
5105
2483
3458
2374
5
8340
4818
5066
1372
4123
8168
2126
5037
9438
8782
8742
2667
4135
3362
2530
3250
8207
554
9773
5784
4087
9729
8965
3918
8836
3089
5376
7671
2899
4102
7676
1239
5272
9094
8964
9395
3614
1090
4433
3052
6224
9527
5719
6712
2889
8249
6314
1097
8804
2439
3233
2891
2168
8550
3162
7357
1639
4890
5028
4538
5344
9057
2130
617
8151
1094
12
1766
8536
797
4818
1112
324
538
4176
9566
5139
491
7015
295
2930
248
9539
5099
8798
9053
8808
6789
3943
3836
7679
5639
2893
9809
2608
1045
7255
2621
9163
5791
9770
3981
3256
95
871
7432
6013
2363
7923
3028
2658
7206
3276
8549
8657
8426
7602
7465
1567
7897
1301
9246
3537
4195
5408
6145
1592
2663
5118
755
4807
4889
1088
8063
1336
1960
5495
7349
675
9771
377
3333
6977
5
8235
1986
4783
5837
9451
6350
3735
7104
1948
3624
1299
7356
6121
9243
6372
1240
9998
1179
2481
7439
9242
169
9399
1089
3870
74
7212
599
9759
4189
604
7994
6175
1739
184
1978
8089
3919
9083
6389
3895
6734
3746
16
2330
118
7608
2328
1297
6441
6119
6891
6610
5518
4332
480
1944
1545
1079
8056
2086
8035
2402
4614
9774
2586
6592
4215
2857
2027
605
6752
8762
703
3121
1092
821
7081
9772
8470
3523
5892
1713
6485
7762
6045
3318
6059
3942
749
4115
6029
8785
2869
643
4911
5456
7235
5479
4665
5615
6084
7770
4377
3139
891
1821
3960
7972
7945
8782
7847
189
6847
4333
7952
2892
7651
363
6835
8400
830
2864
3537
3699
9859
8449
5507
7094
3928
173
2709
6364
7943
3438
9503
5186
1611
9815
9510
9557
4949
7358
6098
1796
1691
4050
4688
9342
765
7875
4094
1595
7091
7632
1647
6950
2433
7154
397
2713
3679
9458
9077
7974
9249
4932
3160
860
1099
2671
6769
6048
29
2868
7844
8072
3270
8884
3766
4036
3112
7860
1983
6555
1844
9982
3506
4277
3489
255
6990
7168
6065
2419
5143
5314
3703
4655
2527
4802
3678
9296
7202
59
8516
1398
8131
1787
6635
1897
2175
6099
6110
510
2654
7954
493
2512
2232
3982
2767
5574
7502
8833
4346
8997
499
8049
5
3026
9204
3683
8675
6406
3743
7191
4157
8226
5330
792
6476
3857
6891
2586
4368
9545
6892
1213
8410
5476
1547
1177
1051
5401
6362
5397
4399
6862
9798
4404
6240
9002
4439
4915
1761
4534
2107
5918
2761
7437
3062
9237
7647
9953
8175
2015
5850
5067
9580
4260
544
1127
1790
7947
2880
4504
9696
7279
7718
9494
8035
3959
4849
8827
8874
2962
3361
7333
8880
2474
1123
8294
8063
8770
8247
6238
7137
449
7658
6717
1062
4554
4196
2852
2501
7076
7356
8549
708
5075
8043
5095
5386
9244
3922
612
2206
3636
7946
7438
6110
5421
5732
4174
4191
331
6764
1328
7133
4422
4397
8195
8976
8593
7399
7829
2021
4755
6378
2729
6182
774
4177
7920
18
8099
8533
8577
8087
2831
2367
4198
8252
4452
4724
2443
4783
1488
123
8268
2263
4520
6463
7591
9465
3862
5421
1486
4970
1799
568
7504
2573
4745
5425
8944
2844
310
3873
7284
3141
2592
7834
1393
7044
2558
188
8180
398
311
6448
9013
1183
9264
6605
648
3126
2026
2134
4448
177
2702
1953
9103
3799
3730
4399
2996
4040
8272
280
7181
864
8114
4926
4261
7024
5114
2441
3774
1777
5241
2788
2960
4505
5745
9960
7632
4123
8446
8432
4300
7501
385
3403
1300
4115
7802
4296
4507
2426
4576
1688
9643
9042
2966
3904
6066
4432
2697
6193
6209
7938
5333
5521
2444
1078
1833
6428
5201
280
4860
5853
7781
1598
9257
9081
5713
3411
9730
221
5838
658
8261
5481
9701
7580
5737
2119
2012
8434
4664
4574
6372
9997
6447
5168
7427
8281
1596
2628
8561
2809
4834
2694
4407
4091
8127
6472
3854
7857
3045
6044
8516
7659
7877
4569
5239
3614
3040
3603
8400
7705
8177
4773
4054
4625
6293
1482
2906
4242
4110
7819
7051
8944
513
7810
9387
8640
4282
9594
6498
3680
5638
1366
1339
3516
2287
6578
3482
5327
181
1883
9384
4711
3008
3439
9336
9301
4921
8594
3543
5383
6413
594
680
3278
4756
6419
1918
5391
6013
4768
9071
1652
2486
410
1520
4773
3340
1354
6453
9873
3237
2189
4584
6245
5628
272
5547
6901
8866
9090
2285
1631
6037
9317
4909
7145
5736
3180
2536
8102
7948
1607
6106
6787
8369
7626
1560
1709
5332
4365
1583
8570
6555
2519
4815
8535
2792
6714
5437
8010
2157
4074
5994
4546
9743
903
1691
1831
435
4228
9933
8384
2187
6039
1523
557
17
3083
8618
5350
3801
201
272
6708
9073
1439
1595
8217
8154
3384
6227
6663
3810
2221
1209
3553
9477
9252
5385
6264
9832
1670
4648
2020
7710
6171
2577
4079
5607
1195
5781
5760
7749
6053
2468
3174
3845
4063
1391
8351
3800
7618
5014
7610
6192
2575
1164
2021
8179
2901
8285
8012
4571
9286
32
8633
1809
2609
9065
3768
156
4846
5880
4257
7252
8348
7431
1097
8764
8822
5800
8916
2793
814
6526
5337
9741
7690
7358
7920
591
1995
5932
5163
7633
2316
148
9443
1277
9213
9563
1434
412
5444
5691
7664
144
9475
5113
5260
8297
913
4176
7442
8079
703
2779
4172
4745
6489
2092
5337
8485
4377
6852
2470
6693
7000
1913
7971
2566
7829
5757
2978
3273
7800
642
9769
7275
2107
5030
1925
9372
9206
9367
7451
6261
8499
1623
1007
4988
67
2696
9825
4444
9548
2296
7490
2900
561
5461
1818
8390
7570
4796
8015
5370
1790
7785
2646
3897
9167
923
9621
4725
290
7072
987
8789
5047
8346
130
1467
1042
9955
2263
6942
2251
9753
9842
9165
1566
1661
7555
9136
2809
1923
859
4600
9708
3505
4849
5227
780
4471
9952
1070
7895
939
6212
9295
9285
6342
762
327
2649
3025
3621
4901
9131
9816
418
7049
7829
4325
2538
638
6248
3397
5238
2308
3254
88
7535
4034
911
7488
1456
8806
8427
7668
8101
4065
362
8863
744
3012
8241
4366
4265
3724
4182
4683
773
2011
9008
9663
9001
5257
3060
4240
3917
6314
680
1453
348
1591
8941
1805
6749
3720
5825
4851
4137
6188
66
4882
5552
4659
5600
9817
8383
6134
4500
5509
4497
9860
5172
3498
1469
4585
4090
5387
899
1122
6840
7600
9065
2133
5757
5815
5853
7934
666
9991
474
7084
1225
6026
1744
3177
2195
127
9311
6695
1988
3808
2908
3513
3658
4377
8098
7749
9764
5349
8871
2956
9301
7937
5089
1410
104
943
9345
770
7286
9819
7854
8511
2198
9598
1688
4393
6078
7351
7441
8066
7511
349
1579
1169
1078
6029
5270
843
1379
4142
3799
680
8431
8889
2091
8535
6184
7788
5657
9822
3959
9863
8333
6157
5814
6373
6903
8244
76
4344
6310
7587
1045
4242
8756
2123
6623
4027
9318
8002
4521
9470
5035
9304
4711
7126
4191
895
1266
9848
717
5225
6063
5402
7735
1877
8127
4638
6473
4555
5334
9136
2142
6379
3378
7250
4854
1
7629
4173
4356
2150
3643
9391
7806
8354
2869
1997
5601
4135
8197
2670
5712
4261
4424
3447
2490
2551
4437
8964
7106
9771
8100
5600
6150
7830
2850
7357
4183
480
1530
4891
8982
1525
4282
6789
9879
7151
5138
1832
7638
3336
4502
3351
3949
5278
6798
2791
7829
1236
1755
1287
7359
6207
3239
9862
389
2441
7219
925
2921
8749
5816
8256
6626
6451
1397
6505
9954
6535
4689
7593
6223
5543
7296
172
821
4094
2964
5002
1682
1071
2641
5394
3631
5880
5256
4020
8321
2475
1297
7595
7576
3466
2203
4202
9917
3600
7059
9871
6487
8100
3816
2711
3643
1112
2883
4464
1559
2199
9466
9593
3271
2107
4987
6902
4339
243
7274
2660
9070
4924
6607
2998
8390
8810
7200
8307
2410
611
4530
8898
8711
8347
1609
2354
5811
844
3170
7370
3044
2636
3316
2667
1095
8303
9569
5434
4899
3195
4447
321
8119
1054
3320
2861
9865
6872
1168
8627
7484
2051
3877
2547
6750
1838
1254
2561
2683
4424
6284
2079
3413
5952
4746
860
4255
667
2647
5506
3862
7094
5828
8334
4500
5500
1195
717
2372
8716
9345
6208
767
3222
8756
3869
1413
10
2782
4096
786
5418
2527
4199
1370
7273
5060
1978
4292
7707
7484
8154
1153
9664
2840
5653
5164
4036
6371
7537
9104
2068
97
6223
1642
8853
92
3055
5215
2874
3503
6002
8293
6030
6553
9663
3303
1613
1641
7595
5672
5478
2102
6825
5142
1294
8831
6659
5330
1554
548
4434
3622
645
7009
1616
9499
7101
4672
1066
6328
8175
7068
4621
4206
3622
636
3861
1587
8630
7809
7260
460
6263
437
1954
7557
9268
8613
9240
7174
9161
26
796
9807
7036
2413
5658
4137
3437
6724
6817
1612
145
7790
2170
3767
8427
2384
1706
3409
193
8966
3869
2808
5756
5823
365
1376
789
5957
8551
9950
5984
5699
6109
3020
8112
8119
3509
1549
1196
327
9514
1341
8117
1684
1460
2896
420
3166
2657
613
8485
6526
9773
4241
8702
6491
5617
5843
2448
520
5793
8432
6220
8255
7804
4332
6374
1314
2234
7570
7993
8100
5263
2462
6136
6723
5359
6557
9890
4368
3522
8375
7247
3296
8968
5949
9787
937
1792
2235
1458
3937
7020
7678
8544
4824
8362
1271
2490
596
5193
6835
5048
457
9298
1185
7180
1009
7742
3422
5377
7616
8149
2624
7264
7117
4925
7051
4407
3069
5639
5865
7007
9011
3543
1903
3835
1905
3174
2678
8854
8368
9513
3902
5177
8811
1439
8709
6172
5533
2132
1550
3150
6633
4174
414
3751
5452
3818
4510
8521
5809
375
1880
4820
3918
3784
5007
2175
3310
4037
7381
1678
3551
7636
3207
8714
9075
1917
4887
4609
4049
2789
4111
7034
3315
877
785
8767
4695
1647
7289
6856
2022
9169
1676
2292
2953
3036
820
6264
7073
8201
4294
6976
5837
7502
2043
4913
5771
6930
5874
9820
6071
9985
6854
9386
862
3992
8154
1910
5639
5443
8766
4014
964
6795
6306
3918
6183
7126
6534
9608
1680
7180
6585
7517
1034
8628
8782
6805
1910
1008
2977
7981
7345
6184
3719
4560
6528
1873
6470
2167
3668
1588
2533
4633
4735
8840
4903
918
2318
7789
527
3998
4969
3464
7868
6004
8444
6650
9161
354
7659
2139
4687
5004
8323
8406
9564
4851
280
2386
3370
300
3975
5904
4933
8710
1096
9836
5981
9766
7625
6508
3765
8947
9972
7985
1303
8416
4635
464
5122
8646
2603
6161
3651
926
4567
9567
2129
1199
1954
5500
1500
2281
7756
2785
7343
8852
8974
3324
4970
2951
6184
5087
1898
2508
3072
3201
7276
7708
18
2398
2706
2621
4911
6357
9900
9479
2277
8381
7030
583
3881
4882
2864
7989
7668
207
3193
2994
9884
8164
5945
6068
3251
7844
8577
6324
7397
2205
384
3767
4604
3090
2741
5867
5800
2641
5346
4429
7374
8729
5012
7608
3611
7876
5597
7631
4435
8791
625
671
3307
2923
3092
6558
7119
8021
9234
4516
226
5970
4636
1182
5413
7377
7050
1213
6370
8748
5642
3744
7477
7006
1352
7441
1234
6950
1424
5669
2093
8402
2693
5400
1325
5785
8310
8444
3806
7545
9312
4032
9867
3948
5215
5280
1325
2265
2845
7695
1013
8487
7792
4843
5493
9144
8636
6727
2446
60
8749
4539
8462
7794
9939
6139
3579
8250
935
3737
2147
248
7769
2014
548
9336
3647
8226
7953
6492
2273
5319
1332
65
162
3177
9210
8798
6257
8008
5210
1358
2548
25
9152
8839
6164
2731
3441
7100
6468
1940
3700
589
307
4248
9926
3954
2474
7879
446
4748
3198
1778
4813
9712
4956
375
4862
7565
8384
73
8923
7284
98
8075
2475
2614
7158
5917
9714
9978
4209
3414
567
4516
7663
6845
8470
6489
1077
5269
1237
627
7047
2403
340
8355
9130
5202
5920
3866
1627
4843
7502
1725
9270
9978
4340
6428
2247
406
6406
6456
3821
3326
973
7836
6523
5795
677
7600
1064
8267
8228
4464
670
4920
9171
6152
6474
1444
19
8102
2639
7521
9827
1910
3851
519
8338
6098
926
1097
2555
1099
775
9880
5287
7298
5675
5964
1251
3092
4231
5831
7556
1253
7103
6727
7406
3577
4523
3777
1679
7163
1298
7859
9073
1502
4730
3763
7600
2008
1212
6507
3107
8339
6387
8394
1990
8415
711
3241
1507
4942
5424
5415
6196
2527
8494
9954
2456
3018
3731
4136
181
1381
8347
5606
2883
9429
9369
6836
1438
6934
3343
4545
5273
6083
9292
7263
4498
3
6856
2357
1297
2280
7772
3845
1159
2618
3799
3616
5636
3882
4104
2169
5264
2451
7775
4499
8232
3497
1335
9670
431
1031
568
2056
7114
9860
9320
7964
6215
2528
6673
7512
4809
797
1358
2320
3415
1509
5936
5404
5392
40
7573
7008
8843
1701
1507
7076
5198
9195
3098
1981
226
3666
4037
3692
3526
9709
8008
6093
2238
4681
3606
3399
1830
1316
5719
5245
2825
8008
649
4569
8048
4575
1577
3244
2628
9437
6672
7826
8632
9770
6159
5210
3437
6548
5254
3315
2610
3262
9409
1200
4295
3015
4599
6125
683
6670
7722
9860
4678
4724
4430
9079
9299
2359
8675
1927
1796
5347
6105
6780
1469
8616
8342
4906
1516
3596
8222
4126
3210
3983
5326
3857
3350
6277
9982
4033
2948
4057
3893
3978
8781
4675
3057
4432
7035
1732
2711
5183
7079
8816
1964
4901
3784
306
9807
5300
255
4381
5779
3465
8364
7457
7323
8066
3735
3657
2099
3035
7714
2345
7013
6495
3372
71
7279
6759
8155
9990
1943
1587
8806
259
6488
8942
6917
6295
595
3524
7029
6374
6990
1745
3831
665
9812
3918
674
8263
6953
4741
6960
3967
1236
333
390
4868
7092
8545
4858
5387
132
17
1998
6620
8959
8916
9268
9554
2440
2649
2280
5782
4394
6112
2799
558
30
3474
8822
3336
8215
5782
7303
5803
2467
7693
671
9560
2590
5530
1299
2723
1899
3298
5695
858
8566
1315
6765
7358
3964
9045
9493
8359
1509
2292
8917
7892
2118
4091
1228
333
9874
8531
2489
2341
2576
9512
8253
5166
1394
5905
4241
3293
5555
9937
504
4121
1252
7269
7831
1569
2666
7324
9928
528
5969
5197
8420
8087
9289
9648
4773
5515
4531
7262
4208
3459
3126
8814
8625
4521
4719
9219
4166
6626
5508
4670
7099
3112
8291
4930
4681
958
8607
4609
1486
4576
6159
6258
2663
1800
5906
3788
7315
6789
1050
1523
248
529
6689
5225
5050
7760
4444
9216
4386
6304
239
1485
9417
8530
6416
4098
5840
1375
5060
7326
5951
1219
9936
4966
9371
5842
8755
6686
8983
6157
4561
5583
6686
1251
809
8088
9011
1605
3657
3398
7910
3896
1235
3679
8778
4003
7777
4619
5378
9189
8297
1329
6760
8234
6296
6131
428
5051
2817
9412
1208
3731
4995
4247
4982
2156
2335
345
3762
5992
95
8024
6240
1331
1703
5019
5334
5832
9638
713
5022
7935
8394
8134
2521
4690
4266
2950
6093
3435
8714
3654
7166
3709
7901
8500
2218
236
8846
2332
2581
8941
356
5173
6624
8411
192
1959
595
9830
9024
1969
4118
7418
104
6639
2109
4370
5941
4554
4157
4655
8208
1324
4717
6109
9824
6935
2698
5022
9267
1631
316
5975
6804
6940
4386
3349
5251
4981
3179
627
3303
3649
8046
3407
6641
6507
4129
2582
1061
8286
3590
5622
9610
8307
8083
5787
5242
7133
7161
4509
8764
7477
6836
1921
770
1222
5270
2373
2555
4801
3001
5858
4803
1047
5617
1444
7554
9746
378
4967
8033
3968
589
3995
2275
8673
9782
3869
5806
3296
8378
923
773
1566
9196
7895
2788
4466
269
1696
5619
3270
3906
422
669
9524
8218
4575
5622
8597
9542
3655
8917
6484
7651
7545
1509
3785
1414
3667
7081
6145
4590
4207
7711
3786
2102
6852
4604
8723
4900
224
8345
8806
646
9014
4682
5217
9941
305
166
5836
312
9083
2320
4315
6628
3829
8101
8043
7496
1534
540
8439
5741
8251
8577
4196
5103
3182
2919
3
9758
7617
5162
6756
6631
6196
1973
2925
2853
2139
8761
3166
7575
1081
7481
4203
1262
1934
8598
5110
3469
9138
3549
5562
3742
8479
9758
8845
1661
9030
5201
1419
6647
6715
8175
9630
2911
6501
2555
5765
8640
1316
5283
6215
8749
9116
6771
11
1051
1721
1474
872
7212
5023
6434
954
3502
2545
6151
1515
7927
1352
9286
4574
4419
3814
556
7331
315
9464
9448
5307
7132
4731
7875
5882
3847
998
2245
4898
2719
3719
2122
9931
5095
8557
885
4949
1102
3389
6465
9029
1093
2103
9955
5513
5917
6863
2844
2584
2679
2292
7892
9812
3375
2119
2046
7222
3117
4291
8473
5836
4363
595
5768
9458
5504
3005
759
2958
6394
3576
8339
7488
5680
4646
3001
1597
1510
2197
4182
4189
841
8426
353
4216
545
2399
7790
3662
3043
2615
9498
7406
9563
1618
3216
5067
4624
327
4378
7370
3904
9069
4858
9584
3716
4211
7533
1578
6408
1715
2119
7249
141
2473
7817
7038
1224
5608
700
4267
8223
6551
8025
4138
8169
7593
9206
9145
4273
9936
6516
8177
9005
7726
7761
2721
1938
5294
651
4698
3362
2771
8300
9855
1596
6117
6894
2820
8077
3946
3440
6301
497
7817
6791
8667
1763
5997
7812
6036
2285
4328
4213
1291
8407
8326
364
345
9972
1016
5043
3334
3787
3343
9542
1735
5813
6436
4555
3890
382
4347
6543
7232
2165
3335
5899
3928
5684
63
6316
7970
744
529
5613
9151
8855
5977
9496
8827
6993
891
8514
7132
587
8056
8867
6400
844
9775
6642
7578
474
3186
4810
2639
6521
7061
2919
8557
7125
9235
6527
7869
6116
2140
7020
4971
4470
2868
151
7815
111
5017
1300
698
3073
6519
3450
269
6294
93
7847
6769
9631
9010
5760
2504
6071
5032
1061
3196
4267
3941
1065
384
2433
4437
1707
6903
7305
8210
4719
7417
3227
6019
4467
2652
2538
7918
2921
5185
4363
7121
8306
3994
6131
418
6498
8554
5450
7559
1751
6070
1500
9168
2806
3934
3606
4513
7189
7263
9076
1908
1032
2303
4279
1852
1308
3170
9770
581
8355
485
7702
3013
4479
185
3431
7329
8740
8882
4888
491
4952
2741
6011
7758
3027
5969
8623
216
3233
7699
8477
617
6355
9108
2469
7663
2278
8591
8244
6985
9076
2299
9998
3555
2484
3430
7236
1224
8664
2125
8067
3616
1218
431
7726
4245
6400
2701
813
9633
401
9290
251
3108
8399
9072
771
7029
7664
5367
4015
6740
7666
4013
6648
151
3795
3884
7727
2459
2361
2147
2427
3579
2578
153
4176
8978
2855
4990
4964
9608
632
1567
2716
9031
639
9839
2413
8303
5206
6428
5044
2873
441
8044
9376
589
1928
3455
3048
4290
1954
5476
4221
884
1981
8398
6215
1188
3388
1179
796
372
9098
9864
5756
9737
9703
8169
4393
4910
4597
5789
4135
1390
3833
9863
1979
5761
3318
5028
6403
1625
6856
625
2509
5189
5375
8724
6378
5115
6255
3526
5487
5353
3391
1243
5091
3094
9412
9484
4356
361
5273
8491
1752
5458
8354
3731
7571
8025
5111
3975
9650
8319
952
8511
3509
2679
7236
9887
7794
3491
3413
3281
5197
3156
877
288
6251
289
6124
607
7003
7749
5451
8755
9559
3805
8838
7130
8182
302
7457
7832
8621
4761
2696
8482
7440
9932
8369
5234
9775
8135
4868
4972
1291
2097
1612
3894
8738
4088
854
5741
1837
6305
4496
1396
110
9687
4879
4645
9989
2336
2477
8610
7098
5173
7093
4538
1457
1814
6125
7585
6301
7345
2557
3945
9442
522
7839
8180
4610
5045
3922
2800
1350
4770
548
1461
4457
5427
2458
4446
4116
4935
9409
1214
6461
2854
2104
4270
1020
4581
1855
3674
1926
765
7619
7720
7639
1810
2253
2249
3208
6175
5049
4558
7297
1950
2371
8107
7377
4829
8905
1493
6117
8314
9059
8930
7520
7516
3200
4893
2097
1408
8567
376
8525
2538
4448
6164
700
6701
4765
3908
9228
6167
8467
6526
8117
7190
985
1846
2020
9890
9692
8137
8205
8751
7067
2077
2619
6619
6970
4717
4379
1889
1445
2904
779
5893
5420
7832
8947
186
1740
8175
6353
6559
1053
4470
102
2038
6316
2122
1929
2360
259
6486
1112
3678
4915
83
297
8238
4800
4677
127
2597
3933
7259
4843
9354
5091
3790
9540
3183
8317
5893
6095
5723
6715
6197
7761
3031
8319
6042
5392
4930
8880
2856
4960
3796
2939
5257
2034
4092
6286
8513
3041
220
2124
7884
5926
7215
8026
5466
6751
6344
7711
2846
2067
4426
5395
6180
3809
3714
8575
5553
4996
7455
4761
9956
7603
4053
1565
5989
4497
7852
855
7538
4424
2979
5423
6702
6547
9801
2168
3298
6145
6231
6144
4564
657
1539
7097
818
1605
5672
6372
2953
9479
7485
2909
3435
1538
4474
9424
6035
8678
6631
3574
9454
9611
5349
6156
6158
5150
4676
5808
7648
7259
1952
8564
4268
9843
5661
5087
7800
7685
7811
753
7165
5296
14
600
6835
840
6376
2870
9519
3008
2796
5325
2619
4497
7834
5129
6000
8862
937
3648
6122
9241
8564
390
5436
4226
5477
3236
1911
3288
341
5428
4937
355
2380
1772
1195
8757
994
7066
1765
143
8744
736
4640
6578
2217
640
5440
9506
640
1562
8747
9205
8305
535
9783
3782
123
1694
3423
464
3475
4712
7171
5855
6484
8366
964
3830
1785
9081
325
529
6169
4966
3459
8386
5606
8899
4244
2599
6814
9343
1804
5119
9878
1587
5253
1
9633
5028
465
3108
9740
7636
5316
2576
2355
6280
2759
492
5362
3084
7373
1531
8050
832
6270
9
6083
514
2608
2897
9858
764
4368
6088
2351
5974
6090
8336
1002
2907
7797
7095
6896
3113
9671
9251
5745
2430
6095
1107
5515
3468
8991
9917
4300
1613
6278
383
8479
8886
9633
4689
9650
353
778
8353
6327
6868
3042
3682
6127
839
777
3023
3952
448
8626
9697
9231
4721
7157
1098
8189
2500
1015
8841
4113
7294
9225
2592
2532
5210
7282
8535
5563
4412
3240
8243
7632
6282
1925
3759
7121
9054
3135
7425
5854
1761
3475
5085
2835
6984
2535
7376
9484
9903
6218
9949
3549
1795
8893
6081
7005
2527
968
8920
6939
561
7163
4571
6843
5440
4683
317
4494
7818
4094
349
5931
3921
1786
5118
905
4322
2495
6741
4225
5065
3042
4126
6860
1936
207
217
4463
7528
9137
7755
8089
2653
8678
1284
8093
9713
7953
8940
3883
8400
9289
9815
2321
7427
1285
3227
1749
132
6320
2326
5197
9363
6452
2057
1299
3012
2274
2114
6892
7764
6221
4981
417
4900
2617
8510
4613
6923
3802
8497
5323
9443
4664
7644
6871
2301
7223
8620
2434
3544
7299
7631
9259
3751
6041
6910
3115
8315
9024
7
6079
1598
1340
6496
6498
3958
1359
7463
881
1513
2312
2556
957
3328
200
7828
5630
3776
2800
8064
3672
99
2047
2931
203
8088
6193
3318
2756
1569
3326
8835
3167
4666
1684
6017
4976
9395
9833
5857
908
2145
4765
1865
5474
1318
6045
7456
5094
8846
1872
5118
8945
3919
4401
9148
2008
594
2467
4764
2163
2145
9951
1683
6811
7987
7700
1788
7382
7533
3997
4643
6031
8763
2860
1505
81
8906
5313
1527
7752
7185
6645
3049
1104
7398
8550
9464
7992
1017
580
6507
3162
532
8190
6325
8519
2243
8113
2254
9776
8463
3249
5807
7226
6109
3664
3659
1367
8977
1538
9119
2514
4535
8521
9971
1933
7071
9435
6277
4440
16
2784
7602
6900
7327
279
1771
9570
8393
4025
5698
3208
7274
7858
434
9736
1522
445
1103
6852
1983
6575
9366
6518
5096
5689
4803
8519
5125
1080
2959
1493
216
6913
8393
3895
7192
164
9817
1937
542
5516
5145
7816
3374
1931
3904
1248
2376
5008
8100
711
7935
3819
3581
9383
9508
8384
7902
985
5816
7213
2478
6033
4126
7223
6280
7670
7388
6098
5960
7930
1614
1105
2098
1340
9389
2355
2588
1765
3715
7041
8829
1650
7212
2410
7385
3072
795
1639
4058
6611
8852
2888
8996
9330
112
5277
7000
3852
1375
2960
1782
9341
418
232
7033
9807
8939
9621
7924
2654
3014
6753
656
226
9164
8041
3299
6311
9680
3709
9274
4884
6597
8271
4214
6709
9900
7567
561
7627
6879
8695
3320
3649
5280
353
3456
4219
9974
7733
3226
2989
838
3882
9567
6354
8276
2866
2665
4308
2927
8292
9193
9525
6563
9759
2586
2815
3678
9500
442
558
8195
114
559
9827
467
368
399
6793
8101
3625
6134
8939
7507
5702
1646
5783
4920
4311
92
7848
2603
5637
7373
5518
5396
9959
4685
5427
5811
1479
2337
4007
1593
2896
186
2060
3264
585
8854
7717
4210
4988
3009
8070
7042
4655
205
1963
5318
6649
9811
7922
2286
3536
9792
4035
9847
4478
9462
5659
5957
8151
6018
7551
1047
6204
5963
4312
3142
1169
8381
3704
2510
1390
1774
9552
6045
8332
1515
1364
4981
7678
5638
3620
1214
1782
7655
7414
6260
3469
3073
8570
1620
5443
2473
9019
1647
4788
9683
1141
5958
8065
4846
8468
9455
6620
8020
1853
4952
5888
9569
6286
3566
5207
9906
1133
6989
3913
8547
9602
3734
7972
4524
5354
3415
6997
725
1414
1785
409
2556
4095
8474
7402
2563
7929
374
6936
6134
1679
2824
5703
7965
2742
910
7871
3875
4252
8136
8774
206
1870
3098
4730
3576
6513
8079
4301
4280
6216
4710
3188
312
3184
6942
9227
7466
7316
6163
3600
5347
8987
5656
9664
8082
2918
3887
1957
7170
2023
7084
3728
3893
182
4810
3821
3048
2889
8123
7328
9106
9185
6868
5770
2370
3810
4997
6188
7478
1161
6140
2826
6500
1796
2490
4582
4715
6378
2892
8237
4753
9976
8318
8647
158
3128
2468
3206
2370
6943
6886
7828
6129
3754
3598
4851
7564
4947
7391
1395
6108
3531
573
8961
1680
3063
9895
2747
5793
9139
7336
547
5467
5654
5546
1978
8783
4366
1536
1153
7662
8423
8981
3791
8529
8931
4994
2446
3878
2385
3841
6339
2268
4414
5300
300
3829
1547
3047
5975
7039
384
2874
2506
6038
8420
4484
1173
9138
6021
2326
6800
796
7659
591
9325
6590
1937
1771
6821
4322
1964
3160
2943
2730
4812
3243
6560
6359
6291
2535
3398
6675
5409
5905
9065
181
6741
239
9319
2762
8917
6120
9910
2929
3063
9236
5871
5001
7359
2692
5675
9324
5852
8618
8406
664
1862
4966
3376
4505
3853
3126
1180
5614
9031
6597
5795
2125
3188
1467
1239
8458
3939
1150
1387
3354
386
3610
4707
4097
6303
383
9773
8507
5353
8180
9172
7215
3146
8900
8072
3352
2026
5604
8966
7410
2202
1114
9535
1742
8933
774
200
2872
1924
7939
2578
8662
1550
7286
2760
4205
4021
2533
2712
9374
713
8236
2942
212
7136
1014
9916
5515
6619
5234
2925
5173
6348
2460
6915
1633
3234
3468
4505
1511
1407
3436
173
9309
722
2933
9866
4743
1819
2579
469
8884
7167
9763
9096
656
7130
5364
6171
3749
599
9096
5274
3299
7908
2189
4933
1142
5657
5790
9005
3417
9226
9179
9078
9948
8464
8945
1043
283
7876
7865
9168
5043
7628
4616
2051
4758
9981
4574
4859
6932
3670
133
231
1578
8675
5164
9073
4332
955
4430
4101
181
3609
3180
130
2074
8477
7525
8709
6353
5390
4229
7748
3019
8846
9800
4129
5179
4374
8989
2111
4397
9122
2342
2327
4149
3859
7752
4834
4814
2183
8935
4995
2144
8467
1477
4218
6944
5355
9280
9649
745
3509
7398
116
8707
3550
4246
3886
4276
9587
2349
5025
5061
1044
7353
9211
4903
1457
4045
9717
3640
9332
1064
5785
7800
8894
6355
1096
4249
1987
746
1346
5497
4496
1463
556
8046
2061
4443
8674
8000
3144
3700
3061
4188
7405
8624
9091
8862
9021
5160
8855
8354
6225
992
2506
1471
7347
3602
2072
5687
700
3418
7536
5196
1233
8092
9594
9646
8887
8269
7646
2032
8321
7060
6220
5726
5684
1664
4588
1058
6824
9795
9412
9401
787
1918
7224
4487
1872
9296
174
8925
2715
7710
473
300
5802
68
9947
4690
4689
3945
3074
3010
1005
5646
8736
3042
7310
9676
4100
487
9472
3512
6240
6611
1782
3465
1098
6
9113
1272
8931
1828
8982
5757
8481
1137
5825
8428
2179
514
2373
5253
9876
9731
899
4964
2773
4562
992
6873
5049
6816
6737
7641
3428
4871
1106
4526
1229
6572
2151
161
8400
1133
2270
3233
8622
8095
1661
801
4961
387
2406
1189
118
3306
6153
2891
4220
7145
6116
5621
314
9205
3262
3742
4076
721
4620
5305
7293
6771
1818
2045
4257
440
5279
2879
8535
3292
33
9848
3679
2439
1037
3797
2097
3542
3040
6317
7040
5508
1938
7354
4713
1553
1096
5141
2274
2068
6799
5919
8840
4969
7964
3097
5410
3243
5976
297
6536
6009
146
6567
4801
1183
365
3250
4726
9757
9568
1766
5266
7858
9120
6331
5763
6568
1473
8037
8636
8272
3956
3828
9593
8273
6925
5003
7868
2902
5301
756
5263
5447
7324
6416
2982
4041
9667
4060
3798
5587
5826
5416
9797
1298
1748
5561
4218
3221
9950
9207
7845
259
3035
7438
8532
9961
8794
6400
9215
447
3509
830
5894
833
7247
5228
4874
3266
9289
5024
8853
1467
441
8650
9118
2189
563
9688
1762
514
5247
9607
773
8283
3397
5657
4596
8543
8409
163
8990
1918
7345
1236
2751
944
6465
3977
4210
2106
5354
3063
9925
5795
8066
5395
4336
8629
5084
2450
5495
331
8409
6268
4966
1806
1925
5914
350
335
2429
9340
2253
9775
577
1357
719
3394
5334
4930
1852
688
4345
1777
2835
8763
7173
3523
3745
8609
5973
9240
5292
4382
1861
259
2541
3786
2525
9243
473
4955
4935
9079
1082
1864
436
1801
5258
2122
3083
7110
9163
3781
5240
1998
8896
2413
5522
2641
1022
7847
1882
2666
2230
3743
2925
1123
3881
1803
366
707
6758
5301
9786
4192
7166
222
5993
8776
8696
5429
5887
7859
9210
7479
6210
8106
9892
1732
7100
7266
5931
5334
9932
4513
5429
9210
5636
5662
1013
6002
6369
4123
7656
6155
8315
4822
2729
660
3598
1426
6089
5837
9285
1651
3316
5495
6110
9560
3579
3210
3178
5863
4896
9463
376
325
8673
6013
5987
6038
8367
8709
6513
6023
4864
1180
7197
7594
8192
7148
5372
634
2985
1009
2285
2654
2857
8395
8566
6436
7957
1745
8651
2853
7560
9028
9530
6233
1393
1870
8623
9760
579
1488
2136
1795
9020
9333
5741
7212
6481
1113
7846
5819
2123
6484
8473
4980
1231
3391
7768
5541
1488
6420
4746
9048
1800
4277
1633
3193
2499
256
2953
9430
8096
5089
1225
3468
775
6967
7033
7256
4432
1231
9427
2907
7715
4252
4239
5299
7644
8360
840
9132
1132
5586
8181
2932
6215
9814
6125
8714
6423
5430
8144
871
6872
5722
4340
3999
9041
1373
1255
3473
2604
683
6381
6672
1287
6972
1971
8931
5332
2811
8064
6464
8397
2597
5748
965
2411
8225
9679
5186
3656
4176
6058
6880
9898
398
879
8939
8123
8486
8764
727
5521
1497
7399
6809
8470
9370
2092
154
8533
156
6619
3283
2753
2367
4248
1517
6945
279
6703
601
4455
9113
3833
705
9511
1064
5996
7634
5902
4761
4714
1424
2610
8465
4585
7432
4188
6677
7587
2721
3186
558
6004
2291
9277
6604
3808
6222
6884
6864
3175
1339
5977
7008
8397
1841
4424
4393
5827
327
5506
541
8103
8117
9007
9040
1901
3195
5717
9488
2268
5255
46
4625
7547
9324
1229
7707
5546
8113
4571
8722
5805
6901
2082
4202
5094
2859
8595
921
3186
454
7815
7641
4923
3174
6681
6824
2721
8750
6313
4989
4006
2711
9614
7905
2035
844
5612
3934
5309
6536
9008
1114
9789
7442
5316
4883
301
264
2156
9839
7070
9971
3832
1993
9497
6865
5169
2218
5616
1482
3560
5974
546
3174
3879
8933
370
5843
9219
5680
2379
8227
6794
8520
2022
8463
3403
2323
8727
1912
8515
5797
8235
2347
4142
7733
9213
9311
6303
1181
7146
9863
3507
7692
3038
7386
2977
9760
9581
2197
5440
8313
6776
8587
6833
8798
7050
6589
7474
2129
8501
5989
4278
3088
4688
4772
821
253
435
7125
1434
7581
3340
4941
1625
6378
8679
955
2491
4613
3152
4283
2926
9928
2870
9759
8727
6272
2700
6201
4753
1201
8542
5383
642
3230
155
1463
9836
591
4940
7622
4524
4633
8916
2502
7363
7595
3457
9854
8560
6609
4138
1486
2889
7008
7598
1616
9633
298
4169
4386
7852
2711
6122
8494
2294
6277
6309
8482
3220
7602
6104
4097
2235
5020
6599
9598
8968
56
9453
7528
3017
9943
9015
5906
3303
6613
7523
2936
3263
8044
3675
1115
7108
9797
9609
5754
2426
2271
4236
1999
9873
340
6096
2108
1713
2695
8058
681
9103
3863
4561
2120
3806
9928
8026
7110
6541
1901
6398
6157
9946
73
7272
7054
6222
3234
2808
5001
5505
7044
7000
1730
3736
9448
3838
5449
2143
8248
2482
1246
2112
7044
9718
5918
6972
7744
9380
9866
9646
5779
6023
9592
2204
9647
6646
4779
2881
5806
9780
4738
9202
3132
6468
2938
2580
6658
4740
1075
4907
3574
2321
3371
618
2039
5641
3943
6135
5022
161
5781
7153
2536
1725
9357
2183
4723
4136
5065
529
3916
6155
9731
3400
2624
9022
5980
9282
3762
7055
4189
7336
5728
7560
4307
4119
9554
4602
255
4576
4763
6036
1729
7299
7762
7438
9482
8837
1575
899
9367
1843
7055
5450
5244
6031
4472
7576
5313
4586
4632
5855
8275
6712
3415
2582
832
2969
3536
1087
3897
8299
3475
1978
5598
7589
9417
1432
6427
7344
8684
5794
5539
2091
7596
783
8122
2069
4712
3435
3007
9344
9290
1282
2408
9058
216
3240
8379
3752
4327
2277
2051
4155
607
4001
1744
24
5434
4523
3720
470
6669
9260
2561
4266
6395
683
6335
1107
470
9342
6803
9761
6977
9212
5171
7193
2452
3550
946
3132
2179
9349
3639
2787
3351
5383
9163
5137
9907
9236
5607
6576
8496
4520
7194
4891
1555
3529
2351
2025
9224
5506
1786
6201
4718
3309
9746
3523
6860
692
3007
5391
42
6646
4530
9745
8381
3694
4882
8288
2930
6841
1217
7778
1361
8411
9021
2916
8293
1372
1293
3869
6879
9432
70
7949
2741
9816
1472
9601
6861
831
4993
3255
7477
9523
3000
5859
9569
7882
499
8851
1075
1716
6629
8788
6480
2003
8056
1125
3375
9349
4994
6606
8781
1416
4556
1523
1232
2380
7476
4445
3212
8821
7700
689
8345
700
6548
4266
4934
3400
9470
2361
1468
2451
1149
7948
4454
9205
5425
7830
4907
419
788
3688
1835
5344
1563
9420
7725
9040
3865
937
7861
7918
7978
2558
8618
879
6825
9905
4279
2647
2266
5747
5098
9768
48
9553
8973
5473
3735
232
2245
4523
3921
4080
6220
5484
9852
3945
876
70
1234
8738
7988
9212
1296
2958
91
4473
9215
722
3472
1482
2822
8571
1250
2870
4476
6575
4695
4563
6808
6940
5438
7081
7373
1658
8917
3577
1955
9794
3647
3189
4884
7987
8754
2532
946
8845
3358
161
5920
6830
7995
8742
1753
9245
7964
6229
2173
2659
792
5333
5952
2583
2414
9677
4241
7683
3254
6197
7477
6902
9386
8713
4889
8140
1246
2187
3338
956
2349
5610
7786
6696
4352
9540
2294
2316
2121
4467
1327
9266
9800
7279
1849
8566
6956
6090
6249
211
2287
79
3465
8026
8792
8354
2518
6390
6894
2208
7346
9243
7818
5133
5939
8522
1025
4585
838
3146
9052
8518
2412
5204
5797
613
3770
2754
6704
6372
9317
5343
6451
2782
9721
1595
7488
8592
7986
4382
7152
5332
9977
4971
6817
2269
9845
4194
6854
7036
7341
2259
5554
6105
7463
1351
3071
7586
457
9775
3958
6126
1470
6761
5260
7544
8356
2749
6136
2694
3483
3288
8027
3461
4611
1196
5730
4457
5391
8936
7845
9084
1195
3399
1541
8659
1102
4612
2597
7912
739
6555
4038
8562
9668
9299
6106
4376
8400
2242
7071
1883
1882
1450
5344
6494
2646
7426
7303
4389
6363
5148
9825
3910
4899
7719
2569
6001
8683
1518
3913
9423
4425
4304
4337
4093
9955
443
8470
8355
2685
5541
6590
919
6991
1935
7413
5989
5713
4716
6731
8428
6216
6556
2339
1115
627
1260
3469
9311
2779
7382
5086
7204
8038
9423
7650
7993
9866
6120
2700
8903
8013
9291
9822
1356
7578
7236
7345
3291
8304
428
8072
873
6985
411
8340
3964
8023
1809
3275
7154
5544
8361
711
3582
7784
4713
1576
7650
833
628
2905
5198
9919
2728
6554
7497
6316
251
789
972
7032
8861
8197
369
5624
6538
4333
9999
8347
7609
3506
3891
5970
4217
3826
107
8930
1754
4109
6115
2382
7015
7665
2302
6095
571
9799
2411
822
6940
9735
4206
2153
7933
4575
4129
4471
8909
4129
9170
6518
7635
3062
8840
8204
3240
8947
3486
4994
3057
5953
7376
6424
3618
9678
2519
541
5830
1282
7715
2770
1017
1922
4924
8950
6497
9053
9773
5406
9534
8944
1924
3521
8358
765
8077
1598
6064
1563
2944
5473
3868
320
1897
3838
6351
4416
4379
8533
5698
2095
1303
3068
4017
2579
8370
514
1633
8144
2273
1167
3440
4197
1041
8150
1314
9118
9748
3731
7034
9044
9204
902
5716
1102
4741
2067
1870
5472
6952
3921
7567
8256
6989
7936
835
5359
4803
8820
9855
7076
6340
3295
1273
7381
1445
8940
6499
7545
2671
3533
6589
8227
788
2306
9329
5529
725
7552
7353
7678
1473
1273
2286
8462
9209
9473
3821
4012
8294
3677
1088
4634
3324
8714
2015
1122
4006
4866
8667
3029
8400
1609
1256
9188
267
6938
1069
992
4490
4774
5022
5963
6047
3660
4425
5257
3134
4598
5621
1428
4627
6710
2414
7952
1776
781
9074
5782
5647
4093
8811
399
5702
67
5939
5969
3357
3360
3314
7847
8135
4688
3810
4182
8349
8235
9439
7835
2834
5061
5615
3813
8123
8029
1765
9899
8810
7191
2033
809
1285
7196
1209
6987
3615
7148
9309
6973
509
8975
4820
8644
3663
8631
9178
8364
3218
8618
2551
2404
31
8166
6218
4506
2547
4335
757
7709
1527
2790
8519
2812
9986
6080
6151
9953
3228
1812
6926
89
787
1747
5085
803
6730
4264
5519
9948
9234
8071
2353
5617
2589
4923
6475
5137
9258
7232
9198
785
22
7717
9949
6360
149
6101
6313
9730
7913
9592
9819
5053
1339
1257
2208
4421
1873
7727
4369
7459
2150
3074
3076
4740
7997
9551
6229
3608
3135
5427
4393
9509
9497
4343
2221
9646
6796
4886
5728
1061
4478
1900
6114
2169
3157
8322
6590
1382
2402
7312
8841
4552
386
8269
5644
4736
4172
1873
8344
7307
3653
9089
6816
9502
9784
9037
5500
6580
3923
1229
3994
4754
3129
6460
6923
6286
1135
3514
4020
3537
7178
2861
4441
7564
1130
86
8652
5302
8311
3348
8961
8316
2438
5777
7818
8574
1166
9671
1507
1441
900
5501
6195
4029
1961
3119
6667
9448
2985
687
2985
163
9900
3779
4079
1030
3865
2732
2684
8528
2432
1645
6845
1222
3774
1015
9797
1292
686
1304
2733
7938
6805
8929
1967
5118
8400
4986
4567
1385
2025
3904
7900
1925
7683
1979
9307
7900
1063
1991
6429
9848
9988
9626
1070
114
6993
867
1406
4032
2171
492
1970
5328
9421
290
447
4173
5276
5014
5558
7302
8918
9810
5579
2954
8141
4887
854
5557
3230
3635
5405
3219
9613
6475
9685
6607
7343
1092
639
5866
7936
8961
1195
7357
9251
1642
1530
4528
3008
3440
8182
1926
3250
3761
1232
7743
8648
2087
3300
1879
5722
8705
1450
5336
5181
7487
8295
8876
8579
8934
4742
6515
7895
5937
224
7147
7579
8106
8027
587
7898
2561
8866
1148
6322
98
5244
1323
8537
8544
9554
4260
7250
7356
5948
2431
4843
4243
7659
9775
9529
2401
2642
3776
8339
2867
7275
5918
7325
1654
2858
5224
4215
8076
2724
538
8174
7968
8213
6712
6513
7767
7324
115
1475
9624
8898
6318
3867
6557
6093
9748
8958
8736
3524
7297
7955
7152
9568
5280
8806
2426
6856
3022
6854
9581
9912
5028
3901
8125
8092
414
2244
1768
529
3719
1392
9427
6389
1611
5984
2483
7711
1295
7571
1236
8592
1878
4740
8160
3510
3546
6938
367
6568
3792
6300
2832
5173
201
7309
9617
616
9553
7738
7497
9624
9130
3277
6014
7094
9261
4849
4805
556
8772
2393
5501
650
7133
13
4160
680
3304
879
3600
3448
7179
2785
4973
7381
94
4591
4349
9648
8681
1846
5624
7811
5123
7990
1257
737
9191
2415
7645
7963
4808
9498
8613
8294
9512
9126
5326
9168
5
8926
2616
7185
1711
7590
918
8158
8533
5267
7806
7214
7113
9782
1377
8589
4125
8987
5678
3316
1402
9675
7632
6210
9174
6245
4504
5038
1723
9830
4206
1729
5109
3174
5266
3172
7116
6184
1330
2001
1451
5488
5567
4916
1623
6945
9857
5748
2284
1887
9064
3686
7915
6696
6248
7089
9294
7105
8479
7369
3287
9037
9098
4748
8563
716
7921
5680
6900
5603
4033
4703
7444
9601
5972
9067
6546
5829
1167
5182
4069
231
8868
1984
3280
1468
5425
8926
8573
3904
6295
8213
9293
1746
2961
7856
8814
7234
9888
2067
9190
3922
6770
6634
3523
2742
2053
6421
4924
3220
7955
8993
3451
6823
977
3083
4643
6402
8361
3217
6658
1009
7782
2303
9107
743
6511
7921
4330
2752
9988
3520
6674
3111
154
6549
5853
2207
9322
7129
5427
7277
2474
5230
452
3451
4666
5095
6205
9379
4664
9215
388
2446
7870
9495
9542
4382
3769
3872
7134
109
7392
160
3220
3898
3061
5426
6105
8735
2555
7884
2364
5030
9466
2816
4833
4132
4263
7391
3512
5280
2958
252
4078
829
6100
3620
1563
9869
7492
5049
9978
1236
1561
9551
5134
974
4977
7591
9709
3884
1827
2073
5266
1294
1241
6452
5426
5504
3843
5290
7136
6801
5543
1215
3982
7995
4835
5545
7864
8680
594
4194
6268
2155
97
1403
3129
1426
5346
9190
5311
7174
7615
6929
8468
8856
3381
246
713
7224
1889
7849
378
3784
9064
4360
1779
252
6258
5995
5284
3204
6541
1552
5360
6639
9307
4841
8065
4654
384
9728
8180
7999
6658
3000
6856
39
3246
3921
3616
1487
1770
346
5271
7187
1058
3402
3791
7316
9397
9075
521
5939
627
2233
8930
6287
3426
6995
941
3810
3076
5473
1810
9734
8473
5018
6125
1719
8939
9741
9559
7061
87
4830
600
1146
4585
743
4814
3982
9818
5335
6273
6798
3920
5203
3085
7347
8551
378
1157
1627
5851
9319
1361
4324
689
7486
2395
5980
3580
1954
3042
19
3137
9994
7517
7722
738
2332
8056
6908
4019
4330
3706
7940
5885
3143
5287
4436
9873
2796
6063
5724
2116
3776
6400
9157
7615
5148
5138
1195
3454
4532
7566
6591
4526
5084
665
1616
3768
5074
8525
7787
9404
8583
2079
1641
8079
7366
6078
7952
6515
2141
29
4983
2270
2781
4140
9885
7929
9278
7432
1384
3810
4998
4327
4689
6434
1345
6305
202
6419
1182
4342
2175
9766
6421
3816
4197
140
9894
2149
6655
8388
8530
1638
7010
1312
5778
6895
5593
1409
4327
3329
5219
5677
4009
9908
2112
5354
2566
2314
8125
3748
3008
300
9866
9430
468
4063
9570
6715
6213
2577
5103
1095
4215
8465
8759
6345
5360
4353
7754
6039
7682
9326
1716
8043
5586
3828
3397
8152
2495
1522
8253
5503
8174
8119
4933
8643
2183
855
5358
4748
3432
6813
5843
3999
5278
955
6697
6990
5308
803
3029
9342
129
1097
7386
5716
4926
7135
220
7421
5010
4825
9276
3184
2945
4210
8179
1480
1417
9889
2580
1202
6702
4775
5201
8332
5730
8250
5322
1038
9054
4703
6733
9183
5801
471
1251
7079
7606
7824
852
2616
2649
128
2153
1946
690
332
3426
2108
222
6006
3310
3276
782
4863
7961
6512
3114
9635
3903
2168
4339
6988
7703
6492
7459
5307
9923
5065
3131
775
4034
2132
903
6187
4079
7946
2871
3857
54
9445
6216
9716
2722
3350
931
683
6214
4045
6670
117
2565
1009
3457
6621
3853
916
1928
3776
2334
1411
903
2720
9895
8159
5259
3974
6105
8130
4184
6159
7576
400
2227
6650
3750
3158
3685
9964
3556
355
6434
2473
7717
9891
9094
7922
7160
7374
8051
5846
5137
8954
8566
5033
7113
3825
5359
3218
8307
9543
5729
2235
6295
7956
5237
6397
7467
8922
2714
1023
5630
5500
3496
9699
1743
8943
3973
8903
2669
2024
1101
7807
979
9667
2840
4444
9844
8199
7663
8152
4095
9744
6739
6742
4053
1977
3140
1520
7251
2206
2543
2881
7706
2391
8932
9449
7686
2906
4705
356
4930
5806
8163
2261
1826
7355
6706
1670
1906
721
6174
2353
465
2914
9096
4518
4891
8588
6038
2142
794
4933
1376
8500
3677
6660
4301
7715
9566
9006
8071
849
1165
2586
3110
2991
6293
6168
1013
4552
6889
3540
6905
3707
6454
2353
8225
7697
941
616
6191
8087
1901
3919
6587
1930
580
7241
9646
6498
2599
4069
7347
3764
3008
458
3107
9301
2978
473
205
9868
4013
7111
3575
6819
9464
8152
868
6758
5120
7059
4845
3374
7331
7785
5304
7911
5026
1302
4409
3977
1724
1757
7742
4732
8567
7201
385
1545
7674
591
7765
1687
4054
7692
4858
9870
2197
5726
6628
3669
2786
7826
7043
117
5611
8700
4380
6989
6354
5141
966
8078
6898
5060
2810
1817
2262
9548
9715
6288
6491
3832
7976
545
1525
9186
415
74
4913
3396
3743
4051
7574
787
4168
9537
5839
4900
6526
2193
41
3844
272
3292
8905
9434
1461
7519
8982
1176
3807
5473
5009
8135
2370
2886
7322
9138
2960
2235
8886
6703
6286
6460
3842
6806
5997
9681
8058
8875
1875
8099
2719
2147
7743
7976
1581
9205
5495
6916
381
5655
8741
1742
3790
1112
4628
7464
250
7588
6051
5488
644
8689
1948
4486
5495
4297
4168
9905
3172
6043
4357
2243
4542
2100
220
2475
1305
2067
5743
8039
7722
4485
9781
7865
5597
762
5329
2199
4702
7733
7687
5346
6422
5987
9833
8270
284
353
8175
3456
2748
2532
5699
7290
4633
2271
6117
2290
4339
1861
329
8413
6346
6463
6278
8295
7225
7960
494
1927
5693
4533
3626
2115
6872
9811
6737
7156
164
4913
6964
2912
3797
9015
6554
8430
1287
2671
7073
5626
4532
7402
391
7230
217
6670
5525
7442
982
2371
5722
6675
3256
5700
5142
128
5511
1880
7284
2027
3145
600
4939
6942
9616
7845
1725
903
516
8798
2881
1401
2552
3272
8631
2770
6294
509
6564
7276
2880
8638
303
6137
4338
5446
6265
9849
3678
9902
8228
3175
502
3167
117
118
7364
8194
7373
4233
3344
254
5634
5897
9879
617
5019
6173
1126
7935
3450
4007
6574
105
6496
912
1903
9113
7114
5581
9015
5342
5108
5870
4862
1578
5988
2226
9772
9714
6459
3117
9968
8445
5366
9847
9063
6737
2373
189
4672
2175
548
1246
2280
7044
8511
4184
6158
1977
6117
1525
7319
1226
7395
8533
2804
9736
7112
8928
5802
3571
2045
5770
8369
3763
1970
7432
500
695
3973
1525
2870
874
9123
5150
4270
7634
5686
6780
5963
1804
4658
3283
9382
2053
8168
2186
8141
5280
1114
3943
5204
9512
6066
3573
9627
4388
7357
6480
5083
7682
8005
7953
4908
3480
9455
9179
7467
5142
5959
3430
6946
6969
3065
6328
9023
1234
4866
3516
6514
2332
3812
8070
8196
9878
1643
7824
618
5352
656
5701
3035
5013
3654
7943
8493
3109
3474
5960
8251
5786
9391
1549
2755
8808
4229
8130
42
9095
1647
2909
1428
1811
979
5976
8041
8975
3800
8659
4327
4456
4360
3714
9469
4366
8010
4315
3827
1484
275
2079
3622
6018
9980
6378
4827
4210
4508
1221
3305
2507
4130
1085
4318
1462
3414
8711
437
7214
7370
4764
8023
1730
4831
3844
6096
2841
8159
9924
677
4787
8355
4300
805
4687
7030
1984
8897
1538
3206
8555
398
3688
5992
1068
5150
9406
9780
5587
2973
7150
6704
996
5233
7887
1192
7681
728
9352
3957
7757
491
8664
2057
7648
3352
9087
9633
2249
6978
9191
804
3728
9231
3149
1148
4382
2555
928
6321
5528
4431
9377
2876
6016
7264
4069
3697
4344
9773
4007
2102
264
2671
511
7912
6023
5951
3897
8273
2929
9440
5429
3009
8672
8578
4157
9406
7486
1438
5727
3014
2221
1457
2243
8237
8721
6312
8286
9418
2437
2293
7872
2701
4965
8383
6965
988
4334
7215
5613
3615
6655
7395
6624
1679
2325
7134
1085
9811
8572
3165
9178
793
974
1421
5382
6047
4085
3668
5465
6522
5962
3337
5575
7279
8073
8892
4619
2407
6107
6585
2375
9115
3980
8999
7146
2657
2485
4584
2469
1057
7749
7999
8202
5075
5772
3584
1122
6209
3605
2940
9083
5919
6277
4658
3198
702
3550
4169
3110
6010
754
1837
5125
1086
836
8623
3744
9674
3207
2565
731
956
564
5286
2383
2688
8870
3506
8897
2475
6446
7980
4746
9075
8990
7944
6130
8892
8466
9240
4902
9220
1077
6379
6659
8265
5003
403
4291
8210
2968
5023
5519
9884
309
7902
8924
5531
7760
7821
4359
558
2153
9105
9634
7495
3402
5764
6387
1868
1356
1290
7440
8785
4021
4099
3402
9024
854
7694
3587
3822
9069
9106
58
5730
3360
8982
7613
1121
3155
1972
1679
1660
7430
7665
9155
832
9781
5543
9052
7489
3185
2844
2626
7206
6944
2381
6231
4150
75
6170
4325
5496
5276
4383
1226
8636
9718
5191
6109
9225
7164
7789
886
4594
1806
6393
1778
1588
1936
7182
5429
1473
26
8056
8680
3322
437
1263
7473
6864
7433
1798
2360
2709
2533
9938
7697
2251
5129
3807
7829
8645
7948
5067
9591
9754
1460
1369
7694
9749
4903
3124
1222
4930
1180
9902
4604
1617
7517
2077
8481
4950
227
7193
4011
2761
7131
8061
1364
8612
1868
9193
7258
6168
4260
6849
5922
2073
4571
9969
1822
9474
3093
3044
756
4273
2947
5361
2242
464
3790
7075
1767
370
4268
5778
3131
7751
3839
847
6363
2059
6393
3621
4579
653
471
502
2726
5042
471
900
868
9916
3945
1625
4189
3244
3338
2783
60
3480
9858
1827
3850
4126
3958
3333
1877
4149
4181
8240
2561
574
8214
7140
7579
8685
3994
6658
79
817
7558
7299
733
7855
8924
1274
1099
8614
4057
1160
2095
3915
9339
5945
4393
3297
9279
6270
7447
9812
863
6360
6738
9077
3500
669
4114
7495
3679
545
8312
1238
7844
9046
5445
3121
6672
6545
8087
730
4057
182
4645
3396
2480
5391
3046
8111
1661
6845
7923
8876
3205
1013
4305
6705
1682
8419
552
5362
5316
8865
2952
3161
4263
8397
2634
935
1294
721
8017
5351
7256
9015
5100
9736
4406
8146
7847
2419
4991
2122
1296
8196
3135
5601
1253
1169
373
1806
2883
5689
7023
5835
5202
7638
585
4188
4925
1879
4910
2943
3583
2166
1958
8683
8254
6364
6829
6101
5135
8172
4575
6431
6368
4062
8385
3973
5231
8758
5779
8115
799
9154
302
6002
6792
887
6542
1718
9119
1452
4661
9054
9970
2971
7737
4576
5687
918
677
822
9090
1604
7254
1810
5666
1991
5783
7250
7101
7915
5365
7900
3421
2019
254
214
9259
6797
8284
8378
4601
9297
7432
924
2268
1521
5500
4307
2439
2530
5129
7881
4134
8735
9691
6153
726
1826
3403
7827
6093
5120
2080
9515
7139
2334
6081
2750
5483
4365
7480
85
14
1264
7361
2282
2785
2861
2941
1576
5391
8070
9457
5878
6806
5500
2031
3884
3679
5434
8064
9772
6906
144
5639
397
8830
1720
3148
666
2437
628
7103
2451
1893
4464
1085
4678
7325
4026
2607
9069
2097
8416
4947
5255
269
3330
5491
3948
5116
9907
72
2022
6403
2064
2419
1586
3784
1919
2252
6222
2548
9355
5025
4441
3819
6111
5471
7496
137
4430
6565
8586
2847
7864
193
3116
7546
2037
3416
2662
1944
9840
1036
8348
1904
9808
9934
2041
1727
8538
4615
4275
7893
9640
5068
1712
2103
6892
5560
8593
1322
8478
7179
521
6342
3725
9989
3889
5762
3405
2903
4058
9598
3940
2406
7854
100
8692
6247
1827
7230
862
2455
1475
6855
7523
9539
5310
767
5100
3903
8442
3578
1083
8963
6272
1160
8953
6513
6922
8710
9417
980
4660
9709
9739
2515
9809
4783
5114
1636
2014
2329
4091
9841
9184
7967
9381
4494
5086
4481
8398
3528
4411
5833
8844
683
6993
7797
7197
267
2859
2966
7599
7520
2675
7338
6387
2484
2122
1501
472
488
3830
916
329
9366
5235
6062
213
321
543
4963
202
1306
7148
9046
1990
4141
3195
9187
760
2406
2153
8359
6278
1180
2050
9017
3664
4172
6871
488
1012
7053
1404
7693
6420
2991
3756
2985
9665
651
7948
9867
1958
5096
5265
300
5589
4812
5839
6349
7218
7992
1060
3497
5524
3110
8866
5540
7282
5737
6028
4646
2791
3785
8692
5563
6776
8800
8548
6441
5803
2848
2660
7761
4296
7925
8061
9885
2737
3900
2586
6308
8244
3646
6157
120
6757
5023
5660
391
761
8041
1390
3552
1826
82
5467
4954
5234
4015
1396
1037
3215
408
8799
7511
8334
3212
3748
7423
3465
6334
83
8061
6332
6240
8182
3089
1264
194
9833
2025
8235
1223
1929
61
7657
7396
1368
2891
7763
9116
3928
7330
9524
9079
4841
4210
8644
8589
7986
2109
1275
8069
6522
7607
4310
1056
7049
5574
1251
3234
3951
5838
809
2232
2252
8466
5980
3620
7709
95
2736
1637
7425
2260
717
8618
2823
9361
7207
809
7822
4834
8878
696
8793
9540
1753
5842
1466
9356
5428
5417
5194
6237
4001
7446
4703
6333
7418
2412
6428
154
402
205
8767
7471
8823
1590
6832
2382
8751
1006
7216
3981
1702
6010
3522
9807
8204
4988
5515
3633
6758
710
9870
7111
4508
926
3445
1927
3338
6225
8433
3740
6431
3552
7563
1606
1494
4395
3989
245
1753
1205
579
9808
3567
4101
5967
1772
5441
1483
1757
2199
8545
1627
9311
3053
2553
9108
1332
2244
5333
6118
2336
8116
9670
9900
9723
7517
647
64
7762
8753
1269
8341
4913
1189
8794
880
2961
4236
2363
1070
6435
908
2697
2098
314
1603
7558
7998
199
9244
4116
8887
7360
139
5139
3435
7656
2139
3499
1770
892
1121
6464
5805
2310
5258
6685
1623
9494
5401
2693
2282
2661
1742
732
2975
9697
8291
974
6248
7535
1442
5136
1247
1581
275
1035
9237
2414
4534
1008
9658
2007
3824
1815
669
9082
4853
8644
4929
254
7689
7211
2915
5784
4295
2243
5481
8938
9569
1730
6473
1011
3218
4073
2593
9845
5108
8182
8612
5994
5542
8270
8002
9366
86
5023
8449
1291
3668
9730
1545
7709
3293
812
3493
7588
9407
8975
6527
8976
7057
9352
9988
275
9777
8933
6472
4885
7115
5084
880
2658
3355
5234
8376
9793
6609
6825
1084
6629
2907
8981
4339
6200
6145
7832
3789
5553
3159
6668
4529
6568
2372
4517
3195
2150
3450
9668
7035
6918
4752
4267
5928
4459
5853
4304
4252
2463
7482
1688
9092
389
7021
9783
6590
3167
3968
6731
5072
7127
9751
9601
3696
2123
471
6891
625
273
2911
4013
3543
7664
8280
9471
2123
486
3776
2728
2949
1258
768
8393
1647
7790
4529
4589
7309
8497
1320
2381
5624
1071
8334
5672
9547
5157
8916
172
5431
1827
4185
8974
5843
8818
8446
7967
9304
8574
7047
8605
9832
7815
3350
1479
1957
7879
6069
9266
6376
3741
7999
8353
1165
2686
377
712
7843
5645
7236
9626
7473
7774
8601
9668
2944
3399
7635
8600
8325
1034
3557
8157
8850
6907
5988
7159
1139
8409
6426
3867
2151
777
8572
9668
3463
8950
6732
1307
4595
3968
933
8420
8094
5886
8089
1038
5637
2076
9638
3962
3111
3195
8471
8313
6455
4460
5472
3946
2869
8250
7813
1372
9028
6386
1040
8843
1688
7772
150
6283
8093
7436
1056
6187
9674
9145
7226
1664
7573
3216
5626
684
2764
450
5349
5571
4910
822
9517
4131
9072
7330
5504
4452
68
2896
3296
1756
7021
9798
4392
5114
3586
5448
1301
3261
945
4879
4925
8518
4448
6903
5555
3564
3705
904
9135
8615
8078
8652
9099
7151
5982
955
7955
6051
3851
1251
4159
872
1050
8551
5986
988
3999
3640
4249
4944
4871
5526
9815
5671
8782
5370
9235
2487
2626
8370
7455
705
7022
6554
4208
9357
7509
2163
1760
1360
3415
5919
8585
817
4471
923
1805
8470
915
2407
9767
2139
4285
9582
7810
3067
1304
7046
1907
282
1768
9362
987
8791
5916
5195
4500
9777
7359
6260
7489
7126
2179
6074
4295
6650
3350
2452
1473
4265
4859
7592
6404
9145
3526
567
8564
4830
7613
471
5112
5733
6185
2452
876
8453
3999
5376
8230
1358
1636
5720
4836
3816
8146
5483
6818
1496
7936
4643
2114
2795
2235
8518
8292
5761
9085
6857
6943
3050
3680
8408
5136
9866
860
6012
4671
4859
1389
2902
2570
3025
4974
3758
6841
3120
9242
12
969
7178
4655
3083
6325
6891
7953
4618
9004
3391
7827
2300
2793
7859
708
7929
4077
1568
3942
8749
2779
5331
1651
5349
8356
2977
5460
1550
2449
4702
7914
3418
1880
2569
2853
4557
5812
7159
9175
1169
550
3354
3469
9695
1214
4177
7625
1643
2097
7919
392
4876
3250
8395
6578
7958
1372
2038
5860
3822
6740
3774
3592
4972
2696
6446
9529
8508
3605
5057
9677
507
4763
3146
202
2329
3675
7827
3973
5772
5746
4365
649
5348
9113
7227
9659
485
5617
1871
4307
2357
1998
4252
3681
4694
698
9562
9554
655
4619
9232
1162
5735
8730
7716
8064
2406
1896
2037
8178
3994
2755
5179
9343
1868
8758
5354
2353
4375
7225
3013
3084
9223
7265
6765
269
4315
2680
9824
1322
3651
5408
2484
9386
4138
6552
7451
2896
8448
5840
7427
2443
8595
8958
8138
463
7717
3492
9169
2092
7069
8534
1529
6293
2151
4646
2914
2818
7326
2738
4140
978
8146
2976
6716
8637
9528
4167
7885
7977
6360
5312
420
4955
4271
8558
1771
8340
8402
7292
432
5471
2178
8313
8116
4329
2960
1031
7147
286
121
7639
7616
8268
615
4333
6905
6495
4852
4790
4472
1212
6455
1244
2520
7078
6154
643
5418
4556
7935
2202
6380
113
516
848
794
3476
1879
4293
114
2001
8284
4083
6621
8899
4768
9878
1746
5972
1020
6219
7185
7475
3815
6057
905
6322
6700
6323
7230
987
8526
3610
7452
5394
4459
4598
5222
2690
5243
5336
1043
3527
5771
7664
8778
539
3894
524
6512
4915
3095
49
2390
6911
2458
9648
3233
5510
5971
6815
6497
849
426
301
6243
1237
4899
1465
279
6494
3154
1323
21
5277
5339
8799
5817
9234
9323
8681
4149
2419
5082
2891
9330
7540
2539
8915
3050
4863
5730
5899
5712
2508
6200
8308
97
7451
6125
377
3945
5631
8052
3966
909
9743
9117
6726
8977
8440
1759
9478
859
6841
8722
6541
4381
7613
1808
7431
2476
3891
9682
4541
2751
5882
2849
2849
9685
8974
9578
9982
4606
7630
300
1867
7373
9417
8593
2703
7857
6704
8533
5069
3545
7255
7962
7926
4869
9771
1709
3697
14
1391
8238
2765
3625
1087
5614
3310
6414
5192
9644
7372
9174
9944
9239
2900
9361
4184
5603
3570
888
4136
4991
785
7744
2954
8711
8965
2725
6772
2662
9091
8163
901
1856
1788
8340
3823
1450
1106
5367
1094
4830
4542
7390
421
7442
3103
4605
9397
3025
1845
9885
8017
2630
3981
971
7693
2946
48
4465
5609
9139
8980
2862
7347
7120
7554
1170
8570
5013
6538
6016
9843
7432
9758
6617
1226
2861
1222
623
5887
9420
6860
3904
8402
842
1227
6096
3788
1275
6913
5749
414
5894
4963
4113
3014
8870
5284
7937
3883
1822
305
78
9254
64
6695
6832
9277
4270
7455
5164
42
667
5420
8444
1509
6647
892
1650
7922
4158
3751
4688
6404
5067
8802
9418
289
438
3707
524
2260
4013
602
7866
4077
3650
1050
9706
4272
8505
4871
4314
5524
291
9110
3386
3291
6355
5036
7565
513
5139
8606
6917
6558
3760
2687
6847
4198
2747
7371
2810
6760
4326
7028
7189
7976
8078
6895
2248
2935
8118
2914
8459
4762
2024
1845
8053
4731
3233
5618
1596
4725
576
8513
1283
4336
7553
4483
8534
300
1854
1344
3412
2532
4724
601
508
2802
3848
9108
5737
1967
8374
549
6729
399
8746
1134
1482
1980
3104
3079
3057
3681
7944
4340
8017
5497
5175
6552
2149
7030
4248
5561
9562
8973
2514
6423
8127
6363
1883
3865
4682
258
766
1411
7009
9512
8897
8491
7844
2001
1570
901
5682
9515
5242
3700
1364
6769
6604
9866
3799
7204
1779
9714
6177
4294
2489
4305
7009
4372
4522
8043
4630
1640
5806
1639
1152
4703
6483
8997
6704
8053
9898
2387
3920
1492
6087
1637
8262
9043
7855
8413
6247
9634
4479
8777
280
6968
3082
3641
1341
3956
1684
2323
1948
7490
315
3100
2193
6798
8449
8898
1203
4700
7637
1476
2544
3724
3113
806
9119
7320
5572
5366
6954
51
4143
3587
3372
3577
7228
4713
3885
5265
3388
5833
2755
3703
5286
1301
6853
87
199
8057
4787
4188
9533
7332
4264
8998
4490
3383
6318
62
8749
9624
6466
9245
3211
9838
2822
6792
903
6708
2057
643
8893
4812
4347
4179
6113
1200
619
2664
5609
5406
6852
5142
2738
1116
492
3581
851
3162
9995
9601
2787
2813
8846
5998
2651
8020
2790
9906
4728
1199
6902
9974
6012
7601
505
8477
5153
1124
7494
763
6531
698
2257
5621
8167
2750
5554
9018
2264
5550
8619
5051
8363
3817
7402
7367
1838
6544
3625
2918
7744
527
2892
108
8128
9750
8585
3282
874
6079
4045
3757
3130
2654
5731
1297
1756
1285
315
4021
6835
5287
9072
1551
9104
2826
8918
7294
9371
2543
213
3467
9423
9457
3575
7551
9207
2160
7185
6434
4592
7582
191
7722
237
2274
9019
1993
3560
5686
2366
6747
973
1439
8298
6430
617
7216
3724
9988
6112
289
3455
5535
9747
3382
9438
5306
5543
6624
8092
6487
558
4636
561
795
6910
5932
9141
470
1618
1507
7218
2592
9298
5516
5374
9916
9085
9098
6256
5197
9388
6064
732
5487
9446
6522
7145
1341
3146
5238
4180
3705
9874
4741
852
6784
673
6345
3607
8644
7853
825
7588
3503
2693
2962
9771
1778
2060
2380
3327
7800
8444
411
3287
4242
6934
6785
1936
6432
2023
6116
6489
8249
858
7342
1385
7883
39
4992
6527
4244
2169
4115
7748
1215
7077
3871
2993
5490
6251
2673
3290
1047
3084
2930
1642
18
6067
3578
2803
8090
6046
9292
2691
3256
2986
4076
1140
3026
9069
4019
7270
7590
8135
1370
8805
1564
5242
8151
7054
7845
824
6697
8893
260
5979
6887
279
2046
465
9434
6488
2863
8726
9179
6120
1713
9607
3612
4739
5028
7631
8361
2619
2118
9732
7776
3683
4974
5927
7089
2819
3103
138
8064
3364
2469
4951
9995
867
1768
9429
7355
4632
4507
2886
7104
6220
8846
716
7311
3874
4699
5673
6493
6818
1757
4270
6853
6731
6549
294
5902
9653
433
319
9369
9254
5270
9364
122
3391
5145
3829
4375
9652
3068
1479
2225
1914
8547
9536
5788
3246
1561
8634
6416
3318
2904
3269
6401
5805
3564
2304
5458
349
8975
4827
5955
597
543
6077
3988
2040
6259
8363
1693
9327
6194
3918
1241
4741
9806
3381
4340
1368
2015
756
1038
1271
378
7440
7077
294
6096
8887
643
5071
67
6598
5668
610
9028
6009
9003
5287
724
696
966
6919
966
8559
8012
772
1940
2352
8492
308
9461
5883
1579
9839
3323
8656
133
5771
7544
776
7194
7611
3726
9214
4573
9106
5223
3576
4393
5948
624
1711
9219
7942
270
7231
5067
2211
9584
3559
2519
9045
5794
450
8884
5469
9107
5369
1240
3003
2497
4786
6966
2575
4001
7891
1682
5576
7820
2427
1524
4796
4139
7095
2739
4409
4327
7806
2972
3911
7717
5491
9308
3512
2294
4544
8981
7753
9913
6574
756
8762
1360
4074
1337
5361
8317
3019
7290
6137
5447
5166
934
9586
2262
3673
347
6589
1479
3320
6852
9196
5163
6160
9060
7457
7056
8042
5210
3321
4616
2318
2083
5976
6392
3420
7690
1062
6440
4980
7199
8239
146
4485
4177
2408
4510
4524
5349
2341
7844
2201
7890
3008
4713
6950
465
1769
4992
5676
5090
5960
7994
3525
8289
739
6946
5979
1801
9738
7311
5352
4329
3809
9838
8506
2570
700
3030
7919
3042
875
6473
932
3883
1186
4234
700
9308
9227
2728
750
1539
723
4276
9828
7814
7574
2159
9615
7312
9470
4967
7993
9632
1157
6499
2202
1858
9529
6473
1252
6756
2946
8536
6991
4133
2770
7692
3441
8349
6772
4191
9889
7495
4819
9717
1661
2393
1877
1276
6057
7699
2596
4050
7331
105
549
5885
8315
6431
2359
5919
9539
5305
4455
6531
5790
7226
575
9231
5575
7347
9775
1816
1195
4594
1534
2856
3340
9763
485
9397
3814
9433
3448
1146
9538
349
7031
4206
3132
5742
125
2672
1048
4581
5555
6838
8159
6130
2422
3734
9829
2197
5551
1024
3143
3437
233
6483
9552
718
2233
3366
151
2033
864
6041
2382
4248
247
1867
9990
6725
891
7390
1306
6446
4229
9465
8928
3003
9551
8757
1552
1454
6134
4695
4891
6367
7531
4443
7085
9764
4162
3588
1797
5026
5981
531
9274
2581
2398
5617
9306
3289
3007
612
6087
7236
6429
5015
6591
2332
3773
8143
3787
9907
9191
5030
2626
6722
9474
6063
6486
9988
9651
4635
5014
5632
5166
641
8213
3917
6258
3871
3558
9265
4483
9646
2854
7264
4661
9445
9597
4786
7589
9736
1045
6780
4766
3671
9854
592
9734
2692
580
5737
7327
1947
7722
8845
2588
2287
2762
8846
6159
6321
4463
6994
2319
7317
4259
3332
3115
208
8119
7056
9944
5516
188
4710
9188
42
1655
5274
9086
2235
7364
6413
4182
5086
5258
3122
7373
4373
8320
3532
694
2784
527
9365
6453
1138
2697
9568
7698
7168
2976
7642
2685
3164
8704
8225
9558
359
3499
8644
8947
863
1409
9481
2301
6668
2604
9675
1041
924
9559
8087
60
6438
3804
6514
7576
6501
2434
5274
3670
1763
9268
6355
1279
4325
4580
838
4684
4431
5834
9983
1647
7244
5817
3948
264
8421
9975
7657
5697
9535
2096
2110
5973
5900
4976
9902
2401
7410
1528
6071
5525
797
8778
6805
5122
9710
7643
6158
4142
9829
2494
5789
3425
8311
6089
3689
6732
6065
7698
8781
5600
9794
891
7925
2046
2219
4179
4448
9630
5708
6871
1507
6505
2002
8312
7979
1712
2307
4137
5854
2137
2983
7995
5562
1294
4085
5604
4378
150
9654
3160
2102
9449
403
27
7847
2623
4207
2295
8605
6267
5519
112
2772
7521
4777
7103
9233
7084
7592
5088
9221
576
9435
1136
1870
3520
3092
6249
3670
2746
5761
2124
8547
6164
2152
6395
5139
2711
5042
96
8978
561
6561
8102
4434
1338
1557
3668
8422
9149
5108
3996
9725
4543
1484
7948
4416
4576
4197
4438
3674
6310
6563
8574
8826
5067
1321
3966
7778
6363
414
3108
3277
6975
7562
7711
8313
9119
7731
3088
8268
9191
7084
4346
87
8568
8646
4503
9496
9195
8941
9522
5505
5504
8096
4331
571
5769
4649
4701
8485
5064
7809
1762
8391
1723
5825
6705
842
9909
6145
5463
9100
3229
6161
9187
8149
4807
3690
3997
354
2632
3519
5859
4488
7968
6542
5060
89
1192
9761
8574
2608
3923
336
999
5646
2514
4056
2841
2423
201
8304
1523
9782
817
711
7931
5624
753
1928
5978
9737
1800
8189
4226
6120
4731
5638
6209
2275
1751
4784
4883
5674
1472
5883
7673
3986
6291
514
2761
6493
5170
4285
6275
5987
1348
559
7963
8453
2487
293
8191
639
4834
8769
3111
5917
4407
9321
8193
6158
4105
3076
8185
1929
5311
5858
5916
7955
2724
8677
4448
4246
9314
723
6585
7014
7634
4548
5468
6474
1193
11
7113
2379
8780
225
8296
3187
5898
6489
5697
6355
5918
3882
8284
7581
9740
552
5536
8816
5582
6336
3062
4896
3412
9647
8263
1046
547
83
7520
8092
94
986
471
8874
1211
8768
8413
7109
1609
4110
3464
3879
7993
8100
7813
4085
8653
9701
2902
4235
2390
5964
5483
5802
5612
98
6848
2511
181
721
604
275
1707
1075
5501
9270
6195
266
2731
4157
729
6195
4388
5074
647
8553
9159
9300
8255
8413
9887
645
730
5371
2799
2694
5469
5999
5205
2003
6720
5809
2278
4779
3237
4132
4049
9432
4398
6780
9941
5127
9327
4330
201
9975
2883
5713
5627
7490
478
5515
4487
1208
7238
7286
3902
9059
9638
5460
1062
6358
1269
9693
1138
4506
177
1539
291
4575
8320
232
6055
3999
4562
2608
3974
3798
4673
5954
7640
5152
1469
2128
2712
5059
5766
6615
4118
5404
2075
1533
8115
9696
1226
5605
4203
1403
7144
4494
2330
1816
1078
4737
5816
1993
7346
6142
5791
8371
2096
3431
3523
3565
1911
6236
8624
7678
9203
9095
9434
7630
628
7549
7326
8206
3154
7881
9609
6651
8727
8291
8467
9806
3029
4283
1799
6727
426
3942
5098
8874
3725
4974
2440
5637
1210
7416
9667
6765
2863
9101
4395
3491
6651
8073
1697
6157
5955
7658
2808
1034
5950
1276
840
5331
1911
8991
2058
8689
2933
3508
7564
6659
8482
6356
8648
9692
3772
8315
2809
2988
7416
7204
6479
4067
1630
4529
6577
7585
8539
9385
4971
841
7013
5812
6172
8925
1155
4582
7614
441
8091
1530
7100
6573
7886
5748
2618
8011
415
5427
999
7831
8984
3830
8251
614
8359
4828
4551
6899
565
9522
7740
7579
1686
265
6504
2842
4847
470
3283
2938
8353
6735
9512
6239
8835
2130
602
9250
7557
1601
7081
6541
1784
1684
3507
143
6512
8058
3394
7078
3933
1135
1009
5619
1400
3865
8461
6247
687
8096
5538
9040
1183
5050
1632
18
3532
2234
5620
7441
188
2702
3983
1972
738
3842
8467
3603
1901
1862
7033
5834
9349
8042
7805
7101
1907
2619
9700
8946
715
5238
7987
1899
6640
5971
8269
172
4557
3890
7614
4745
2944
7949
3069
3682
8143
7889
7285
44
6103
4318
2230
1804
8712
6388
8905
6971
9007
4957
5918
9722
6548
3905
7973
3188
6228
6243
9713
785
133
3679
1883
3077
1628
1304
3111
9771
9193
6749
6168
1648
7419
4750
3452
6132
1138
8709
3103
6497
3667
9021
2572
215
9278
545
3403
5506
3140
9468
6292
9625
3147
4527
9054
4775
5831
2166
899
5025
8915
3419
3025
6334
4521
6478
8818
2012
5187
1922
8509
8854
7295
1081
5421
2926
7979
5177
4784
1119
4645
7428
7097
7793
1955
6151
8920
7787
4669
9819
9164
9936
9590
2189
2623
4112
8667
1441
6124
207
9715
985
5413
3363
2067
835
6289
6398
6012
1073
3869
657
4854
966
8450
6809
7118
7371
4596
8139
3542
112
8076
3133
2302
699
3597
7321
2140
6073
7528
8208
7058
2942
1571
5477
129
4212
8227
2493
1637
2097
3150
6491
3063
7953
3301
6533
1676
4249
4673
5218
4362
2749
4703
6664
9800
4652
337
8292
725
7866
6500
4136
7160
8071
9613
3641
8635
7841
6134
273
6290
9284
6764
9353
3589
6417
2239
5265
667
6912
6836
1381
6013
1539
4397
2165
6192
4734
457
3269
8952
6958
7405
6112
1381
3371
6105
6369
7564
2239
6642
3854
7876
3406
9559
1465
9824
1798
3083
6843
5062
9919
8224
1075
7810
2621
3240
354
7355
50
3624
6308
3360
1029
8772
1093
752
1230
7462
8316
3469
4104
2170
7697
3863
1730
5515
39
9880
8598
6882
4943
4869
1458
6018
2679
431
5611
3034
4138
2013
3010
6798
5373
391
5571
6466
1144
3153
3929
9460
6622
4385
7983
4320
8248
6065
9835
8287
5945
4785
1521
7240
9654
9331
3259
8685
9762
5222
8071
3901
7235
1081
699
8960
1473
2622
5426
8969
5775
5707
4781
8750
6445
2764
9422
4693
5181
5609
9333
7479
394
7206
4719
6400
6538
4330
5085
6300
9552
3157
6553
3139
590
7253
8451
8415
6227
3878
7384
8355
5937
2166
7105
2382
1282
6527
3428
2816
2136
2761
295
8882
6319
5014
5282
2857
5697
367
5510
1601
3524
2063
4741
467
5668
9544
8882
1896
3422
2619
251
5712
4785
3708
4446
2419
235
7874
5235
8723
6987
1882
7605
3307
3249
2887
6164
8946
9606
8026
547
9483
90
1640
9950
2110
1185
8832
4006
959
1451
609
3023
2588
669
7470
1360
904
5344
2947
5979
2332
4830
9936
5639
4431
2823
8155
3377
2430
6182
276
1913
2624
1917
8215
4734
9454
3399
5093
6765
4851
2054
9789
3791
2724
7259
1503
9980
2603
4451
5960
1287
5633
5896
3278
64
5072
7786
3441
3854
320
3717
2119
2944
1986
334
4030
7792
3733
9123
4558
4936
7530
4347
5080
254
1606
6583
234
561
1034
2546
8201
6667
4795
1479
6731
9867
9265
6524
73
9585
6594
2192
8881
4932
2526
2912
2725
2611
8387
7283
7548
5917
1630
8980
2523
9588
5563
9110
6501
6598
1656
4702
9617
6451
6182
2701
2670
1799
5577
2743
7737
2171
1287
2970
3456
3813
2234
6181
2777
6974
3464
6677
9243
1446
5657
1767
1034
1220
877
7535
4170
8885
8590
140
1689
1124
2841
4359
2923
4770
3455
7012
3294
4742
9983
6750
4908
8569
2931
7685
5543
2747
4362
4787
4193
6371
2906
1579
7591
135
5466
1762
9020
4056
1902
7061
5180
1095
1421
4456
5865
1228
1468
9159
2322
7803
5909
7230
2725
5192
1267
8268
7939
1981
9407
2132
8352
2313
63
5944
8800
5530
4058
7821
9586
2312
4882
1119
9759
2655
5575
5624
235
3395
1136
2558
7551
3397
6140
276
8590
3760
8544
2881
5741
4304
1366
446
2969
1429
2742
1770
6959
6800
5943
2898
5464
7177
369
5223
6185
5944
7199
6420
5691
4687
5330
3242
8085
1471
3518
3027
1583
2063
5908
7324
2719
7274
7770
5688
5056
512
7458
2015
3664
3401
1265
5480
579
1634
7055
3116
3930
4255
9536
9622
8942
1219
2864
3379
9042
6383
6406
625
4798
8667
7949
7517
5941
2072
3205
997
8936
7016
9365
8953
6769
6982
4433
3700
4969
1489
6816
8899
2096
2705
8521
7390
3924
7738
770
2966
473
3528
3591
5271
2195
7892
9140
4489
9964
8697
5486
5253
5713
1203
558
8835
8186
4991
2535
9507
2832
9352
8406
1280
2057
3280
8671
2333
1018
5793
5299
1491
9321
8890
3114
1517
3134
2254
6006
9451
7303
7844
4704
9369
9048
5262
8204
3586
6605
739
3093
5790
6443
7851
3422
4852
1131
2093
7185
8501
7886
2484
6344
7208
7726
5810
5077
861
4416
1083
6664
1720
8927
7720
1089
4327
2982
5645
4265
5939
6384
3710
8081
9180
1562
1504
4032
9045
9949
1218
3899
4188
54
243
7748
4133
2406
2825
1346
6822
260
8010
4894
9187
5730
5983
9867
5064
1628
4132
7355
4365
7843
1789
9897
9405
3293
3929
4802
9594
1499
8701
134
1554
8945
7882
2039
7703
7059
3385
4525
7319
1395
9420
2859
3477
1755
2726
8541
9736
6858
2248
453
4701
4037
350
458
3682
4279
5261
3277
2131
3962
9763
3685
9259
7646
2076
6962
1057
5461
7840
8377
3208
7260
1236
6685
5367
3962
1578
5103
7172
3826
1908
8226
7864
2258
8684
1546
2890
297
1175
5021
612
939
5058
6223
4937
7134
9538
5994
2595
7378
723
2155
990
1959
8840
6357
2273
418
7813
9446
596
9721
7672
4812
8332
2708
6359
1222
3006
3886
6243
3618
1177
1301
6193
2466
4787
5731
8461
7382
3109
9184
9537
4099
7496
4729
6809
9769
1499
4622
9215
2095
695
3239
6908
9027
5948
9619
249
8954
9857
2844
8924
1035
497
5117
3501
5284
849
8314
2666
3958
3851
8555
4410
1347
9636
1219
7468
1135
2193
3036
3231
9240
6275
6491
4620
2223
2462
1221
7529
2319
4066
6453
9706
4563
1571
9560
9848
8772
7874
8866
9082
8077
3774
9844
9424
3410
1063
6893
4546
9608
9929
4129
5201
2556
6972
9821
4780
9434
1042
2309
1753
1460
5115
1460
2376
3038
1020
8576
1810
5246
7442
7244
3324
7568
7089
9100
979
4504
2345
1877
4113
8626
2358
5666
1183
9330
5487
5963
8764
2881
4624
517
694
9739
8329
3070
2777
5701
1646
939
948
5440
8184
624
3009
5273
9724
340
9777
2070
8569
242
696
927
2260
1879
6609
4099
4194
5373
3333
5171
2242
4027
4910
6924
7097
4040
2625
5095
1331
9925
535
5867
549
9896
7492
274
6588
3622
8696
5157
3864
9392
2436
2477
7624
9045
6576
8170
770
9909
3341
9365
3936
4604
6289
7385
4996
5266
8832
6327
5192
9368
8547
2093
5616
6039
8719
2205
9661
7415
7362
9878
3160
6151
2355
7136
1548
5283
5306
2319
5193
5000
1684
5481
9604
4325
9219
952
9591
8051
3631
1135
3771
2178
3229
9388
8218
1948
1593
7879
5716
5307
4109
5228
7810
6464
2364
9359
8100
7670
1678
3293
9022
9714
5126
8626
4039
697
5930
9982
8749
9562
1118
8872
1740
4347
8260
6310
2647
6205
542
4715
1513
4651
9943
5675
7468
2307
5034
5568
6330
3064
5213
5352
2778
6691
331
3169
7389
6261
3152
2490
2175
622
1362
3916
1321
5975
226
3968
2180
7120
8684
45
1772
8627
5721
5592
7287
755
1160
3617
172
2725
5321
9302
9416
5652
2472
6805
8266
1976
5647
441
8950
3362
709
271
9337
7288
591
1517
4408
5627
7915
6180
607
3636
8124
7894
743
9284
1511
915
2009
3184
218
7778
8837
9042
4583
3455
7370
6583
3896
6320
9945
4606
6591
9282
8246
7182
7151
2654
2810
5066
5187
3417
5054
3311
7663
5798
2596
5526
3065
957
8710
9635
8735
3899
5029
9671
7354
2399
6254
7603
8719
6199
8561
1662
1833
6807
5197
8984
9461
4359
4051
1000
4128
5457
4312
1791
1255
3260
7317
673
569
2379
6660
9305
6279
1690
5328
9985
441
1582
7588
5513
4133
2501
7175
2318
9308
2372
1302
5122
3083
1705
6122
7211
7163
6786
9002
4770
46
2671
1795
616
5051
4808
6273
7682
6498
1601
7667
3291
9535
1608
8804
20
4109
2332
8690
9770
1056
6344
4892
4140
4402
7366
1351
1565
505
354
2687
551
9377
835
7519
4428
5643
144
8462
8493
8097
6130
1784
3984
7738
589
356
1847
9273
9046
1617
329
5391
2861
4469
9793
6580
5821
7710
7085
2527
6749
3988
1904
7584
1508
2685
9579
8004
1147
8072
2454
3629
9857
6438
1367
6798
6795
9567
2423
2193
7536
2752
7584
398
7222
3729
6978
9395
7791
4063
8274
4541
8051
6530
8477
5911
9215
8057
268
6715
2481
2722
6696
2338
5512
4416
5488
8659
3983
7911
853
7871
7016
4789
8269
590
8519
1599
9985
6310
2014
8259
7203
6418
1141
5681
8681
357
90
5301
3424
2571
8023
6472
1262
9888
888
3102
8547
4871
7366
9400
2743
4382
4190
7364
4972
9061
5316
1309
1723
3682
5920
8927
100
7061
960
5134
3770
7402
435
3546
9973
4811
19
7587
4699
907
7042
3246
2131
4408
8999
1226
5142
9541
4942
6466
4954
258
7775
6677
3941
47
1956
393
7108
9268
5527
7231
6670
2315
777
2996
7126
7148
6935
8177
8056
3977
1423
6539
8385
6774
7765
9879
2667
9059
6345
7621
9318
472
4299
9611
519
2607
6356
3980
8228
1884
7563
1250
551
4692
4246
7677
1841
7534
5854
6249
1511
3629
2788
6249
6756
6905
2480
9423
5964
8826
7045
1634
9298
7696
7597
6170
6655
3954
6502
4883
2190
4065
6134
2741
8757
6732
6770
598
4266
8976
6847
2130
8957
5987
4731
5713
9244
7211
1489
1561
2389
4886
9547
8040
8934
7145
4210
5589
1099
712
6825
9641
4777
9311
2382
9886
6043
9152
485
6662
4480
3684
5144
3437
6024
6227
5503
1620
9790
6992
3181
2180
8230
2729
220
7164
6226
4430
9105
3677
1494
5930
3318
2623
5241
5700
2509
7637
1204
9346
651
5684
9383
5795
5473
5407
8374
976
7027
8164
4320
6561
344
2550
5642
6916
9714
1868
7698
8820
5545
9192
1102
5215
8167
6344
915
7029
333
8471
6375
984
4155
5758
3131
5980
7517
1505
6957
897
6021
7629
3810
6366
180
9452
9634
6246
7672
7333
1418
9569
2877
2521
4784
1045
5217
2051
8074
5550
522
801
2886
1029
2912
6017
7009
6781
3874
318
7678
9895
7948
1488
2613
4480
7292
2248
726
1316
5933
2145
7237
8810
1018
2021
6207
6235
424
633
8137
946
1435
1023
8327
699
3392
1689
7480
3618
8359
1511
3513
2659
2999
2479
7139
6644
1079
4218
4312
7012
2715
1550
5822
3733
3571
2030
6320
348
9015
809
7646
450
8184
5974
7501
1576
4015
4982
1546
2374
6493
5059
1386
5844
3890
8525
8840
4969
9095
3153
1981
1810
4703
4156
1895
4626
2538
4567
4974
1553
5376
2621
8356
3560
4947
5857
1488
5314
7191
3034
7688
3684
4446
9074
9529
8336
3952
4721
3306
3047
7874
1639
1210
2577
5795
9457
3556
4685
4025
4882
6239
9401
7503
947
2962
8802
6804
802
4116
3996
3837
8157
4032
8283
3583
9913
6619
7535
4635
6277
6935
2509
7917
4497
1439
64
3954
4995
1102
7979
9877
7341
3733
3733
8288
3047
8887
1444
3849
3004
1792
7686
7513
5825
5969
1096
5738
8941
4984
373
5218
8271
9235
9487
2768
674
5904
6722
2021
7006
4702
8250
699
4787
8335
5339
7834
7223
6783
1683
6579
4928
9370
4092
753
1691
1540
2843
632
6524
3217
2203
1147
8804
1690
3915
5830
3946
638
7851
952
1692
2453
1651
6479
789
3342
665
4364
126
2348
943
1406
8070
1387
2159
9762
2927
5002
6746
5804
4571
8949
6951
3375
6992
7219
9205
938
7857
3408
1891
5901
5862
9894
8732
3003
9589
9397
7367
6067
8097
4662
7473
6168
6049
9632
2282
5328
986
9028
7484
1910
7978
788
5285
1322
8007
843
2260
2216
603
503
4469
6465
6750
3201
9468
6339
8950
3187
2406
7047
7849
9879
3215
3898
5863
1849
5579
3201
878
3063
5111
5208
203
397
6530
8210
7592
8790
426
8195
5646
4895
1013
2396
4448
6833
8735
3398
21
7493
6798
7870
7372
6365
8121
9587
8215
52
2788
9093
3115
7900
4301
3319
4649
831
7881
8593
5973
4660
6788
1619
9555
4153
367
356
987
9102
106
7360
6595
6904
1582
319
3270
6055
6258
1485
6107
9047
578
5575
6947
1231
5246
7948
8414
3127
6541
739
7787
9681
2359
3695
3835
2726
4051
1174
8181
509
8534
1128
7414
6468
7800
684
2524
4058
8521
8631
3105
9099
4206
6404
6682
9452
704
5096
8932
7245
5835
6719
6927
4546
6766
7114
3625
7169
8288
1806
7679
3174
9286
5093
9642
7086
2129
2166
7497
650
7150
6954
6101
7708
3359
2783
7161
415
4231
2445
7661
66
5516
940
965
2283
4406
4590
9452
2694
2748
3483
2220
8386
4928
1862
5473
7057
381
2970
4059
7531
9924
160
5239
9635
9295
8752
51
3526
1197
4064
3593
6714
1356
910
5349
5762
5500
4801
4808
4600
4637
7028
2986
9565
5242
4811
6623
5623
4133
682
3154
4058
7195
4746
45
6490
9850
6448
17
1048
512
9962
4114
8220
872
9463
3982
2724
616
8790
7324
5253
5818
6662
4819
1061
1474
7794
3036
5607
4828
2543
6017
2023
7289
2415
8514
7139
8863
4883
4539
5728
4845
5005
3948
2069
4468
7931
1145
1437
3073
4821
6690
5244
1483
7861
6305
9309
5655
5693
4917
484
8236
7286
8859
1877
9701
7373
9017
4917
8608
9908
645
9805
4914
945
1874
5734
5228
3019
7171
8302
4192
214
3546
5676
8075
6203
4985
83
1896
6254
567
6485
3541
9426
8362
3242
3152
3731
8159
8112
3640
5156
7918
4906
6102
6144
640
7682
5516
7812
5984
9708
4378
5882
5384
2453
2085
6722
2536
334
2976
9455
6819
2869
5234
1533
6112
4738
5265
623
2850
8905
2132
768
3811
4586
6913
803
2268
8781
4967
8253
8489
9345
487
226
1799
8925
6948
687
9259
6276
143
2430
9146
5377
3963
1610
115
5580
2233
9317
837
717
86
1000
5303
3351
1804
7572
2132
6771
2177
6973
6117
2664
7199
4268
1589
499
4955
848
6776
1450
9630
5922
3179
9946
7532
9646
1878
6117
8964
2716
3187
5402
3716
8490
5105
5520
6062
7237
8644
8239
562
1113
7256
7762
5381
8845
4613
6688
6046
1389
4491
5676
3663
7670
1974
7547
3669
3853
17
8985
6569
3204
4387
6637
1694
9492
8510
4109
3081
7154
8700
9995
8267
5956
7757
0
4802
2371
3040
848
112
7531
2876
3776
1554
4851
1323
1575
5056
1340
560
7977
4544
1299
4614
2591
7143
3124
6700
6576
278
5400
6571
4897
7709
681
1249
2511
9404
642
9711
9516
4525
2587
9644
2431
3790
7320
4006
8846
5012
918
6823
9557
2217
1438
8500
9360
4562
1552
2288
1193
3304
8860
2442
1013
9541
3692
9876
5297
686
9587
4813
5211
2175
4458
7643
5965
8130
1649
4812
3142
2568
7987
9051
1137
9425
7551
6850
340
9103
9138
7885
8760
4350
327
9773
3891
371
9650
9188
1057
9237
354
6269
7764
1164
3912
3730
9294
1913
4894
2436
833
2881
1488
1971
8659
5391
5173
5351
847
4311
3236
9607
8662
9915
9380
8905
287
5382
4446
7696
972
4800
3965
8736
2316
4229
2466
7962
2495
3712
398
3328
2946
8238
1651
1605
9982
6824
3308
829
7488
6544
436
6150
2811
6168
1407
3098
1551
5853
795
2523
7005
1112
7611
9321
1694
6430
3635
4189
142
4034
3869
3088
8624
1873
1045
8606
8697
4353
9435
6185
7249
6223
8687
61
2392
95
9511
295
2300
6658
9170
9306
7771
6781
4979
5817
3211
8615
6358
9706
9001
227
2794
7625
2100
3840
2584
7150
4545
8371
3335
1795
4595
8375
8208
3339
8470
7719
9986
770
730
9156
6428
4853
2289
1408
670
1853
6375
7028
1559
5376
7255
4353
9353
5708
4545
8289
2858
5443
6661
2545
3590
7608
920
1798
947
5742
5869
933
2865
6599
6441
5645
1452
8730
3405
8474
583
9780
5502
8494
1508
9110
9200
862
4818
97
9151
4028
5540
2164
6573
9130
9772
3846
928
719
5940
3150
8004
5157
9749
4445
803
7554
3176
4208
6028
111
341
7883
4958
1849
6993
4158
2711
8163
4255
8215
2191
9796
379
5116
8926
152
5314
6207
7223
1255
5709
5228
2764
1810
9673
3567
9364
9201
4128
1745
5665
4469
9628
623
6318
2973
4781
5382
1136
5388
9949
3327
1536
6680
4795
463
6832
110
3022
408
7717
8731
5636
481
541
1661
401
6258
7215
881
4355
2880
5350
3983
9855
8020
6956
988
9754
4444
6376
9703
7771
7913
6384
8918
4728
9568
9028
4102
9976
3097
2833
1964
3579
9726
9978
332
2336
7193
1213
6691
73
2915
7026
6280
7287
334
7268
7042
4778
3644
3097
8901
7909
5833
7820
2637
1754
6848
6739
8082
9946
5924
6399
9877
2003
6377
6561
691
3570
7774
7383
9995
7041
761
6275
4328
1096
9895
7722
2226
3539
7172
1128
7801
9357
5300
438
1111
8500
3530
9194
8446
5806
1945
4675
4161
8322
1236
4853
8244
5362
8588
4591
8755
5701
866
9436
3149
7113
7158
5376
652
682
2856
4805
40
8156
1596
7503
6656
5126
3049
1455
7284
4994
6130
7798
3316
3719
9003
7912
5433
3943
2503
4189
9644
3369
3625
2794
482
7135
8170
7487
4170
1026
2292
4210
9182
3888
8065
2190
5366
1115
3645
9003
6109
6128
6801
5778
9847
2156
3690
1632
6099
6194
2173
5743
5915
2150
8537
2750
5638
3059
6589
9808
437
5233
370
5971
5474
8435
8162
840
9550
1807
6195
5660
4287
9348
7790
486
1504
1480
2119
7603
7674
4292
9699
9942
2795
8236
2692
8433
7648
9281
8241
8085
4514
8611
409
9988
7046
8571
7181
6597
6730
9728
8609
1018
9077
6399
7856
581
4231
9975
4537
8258
620
4236
8200
3415
8824
892
1848
2824
6525
89
7262
7391
5052
7671
3732
2098
2594
913
5047
5676
641
8
3046
6070
2759
903
3004
6991
7230
7541
1601
7850
8129
9801
7617
3305
7045
9465
6130
9922
5906
3392
7313
958
7415
1045
9409
9
8310
808
2037
5304
7169
5084
1374
9928
2339
4378
3271
9569
8271
4872
3772
6400
1025
1389
6058
8070
855
2188
4344
3113
1932
1658
424
9347
9055
6185
5708
7366
6993
7745
2670
4162
9181
4044
443
1520
4775
3714
7442
3046
4939
1214
5799
5964
2603
1857
387
9810
4045
4731
2924
5977
2741
9700
1676
1797
5885
7384
5515
2878
1481
8185
3393
7015
8581
3836
4887
3356
3902
2329
2755
8841
9895
8554
4806
2499
411
1545
8661
808
6276
1585
3137
9018
7637
4813
7167
3522
8549
2682
2753
6382
7219
2498
3397
2152
6334
8285
1861
6588
6966
4616
5430
6862
3170
6588
5713
9933
8133
4374
741
761
2312
230
6131
9949
5043
3298
3472
9944
2332
6225
6326
9551
8723
6076
1704
1409
713
9917
7997
7679
4533
9779
893
4055
6367
6606
340
852
981
7433
1614
3293
7663
7745
9594
2706
1044
3066
9002
9728
5643
5328
9280
718
1404
7336
8479
2117
7253
2829
6149
8138
2608
7042
2193
5328
1
8885
6180
982
6318
7794
627
3981
1892
6573
6687
9288
9640
5689
9016
1635
7369
4648
8706
5126
1984
7185
7243
5589
14
9744
3727
8975
6787
2272
4303
6788
1157
6835
4122
7475
982
1101
1456
2874
7674
4495
2162
3666
6536
1178
1654
258
5827
360
5384
4163
7545
8979
6105
3912
8724
9832
9239
1863
8457
3542
5003
5966
6729
5477
3442
7711
2930
1250
585
604
2098
9099
623
4986
6630
2277
1596
2457
2637
6980
2972
6534
5960
9077
6798
1036
5262
6037
9251
71
9579
4254
6037
6309
9731
5831
372
9013
3434
958
9617
1884
57
6592
6870
6687
8869
4819
5496
7858
1799
4821
745
4111
250
7543
1499
5512
3581
750
1935
9512
5004
7973
5821
1087
156
2546
100
3590
3504
6070
5474
9913
9014
8697
2953
4236
3516
4801
2094
1667
9622
9191
5779
9873
6735
3630
1737
316
4381
25
9828
5737
7998
2002
3177
8154
4548
9629
8097
4404
5699
9923
4317
1066
4972
3622
5302
8488
8424
3748
6508
8046
2940
8639
4271
9675
2269
2361
9991
6650
2386
6171
8740
6736
8173
1917
1242
9073
1546
9339
3477
3598
5615
4147
4664
587
7769
9966
5428
6193
66
1936
592
3006
575
4863
2681
9196
3576
9024
2199
2314
5196
939
9050
9721
9208
293
8795
754
5984
8624
704
1599
2771
1720
2187
541
1686
7615
6734
8105
9551
7326
1111
6478
8542
3793
5674
8470
9169
7873
785
4365
8812
9835
439
8020
6480
9234
5127
2465
7858
2183
4064
6982
3904
2603
7523
5590
218
609
3695
6121
4288
1159
2599
9182
4952
4626
7652
473
2499
8437
4839
7664
4625
1630
2036
1105
864
3515
3570
5074
5699
3987
8408
9603
6590
5931
1545
3161
2893
1593
9282
7181
2752
8234
6363
4056
2860
4015
4529
1711
8805
5720
5727
3430
7350
7764
4535
4566
7631
4458
5993
3330
4797
4401
2933
1387
6685
4479
900
9578
2424
183
6759
5176
4769
9474
5584
3981
9841
113
5692
8646
2186
1420
2076
9536
5536
2964
455
3167
3774
6448
2850
8571
7201
5783
9958
3886
6614
859
3464
9038
7394
6575
566
2163
6049
6150
6144
2243
6264
8188
889
4802
5960
9318
4338
7848
2282
4793
7368
2408
7593
218
979
4795
2353
937
8681
8968
8148
8498
4358
1894
1425
4925
409
3827
7427
2905
6070
43
1094
6959
4845
3406
6277
9184
1255
4911
329
4975
7319
7923
5193
4650
2718
3898
1940
7751
2866
88
2601
3577
8335
4027
4854
8744
7854
2281
1650
3924
2325
9096
7235
7170
2502
9865
2706
109
1128
3036
1436
4800
7311
6629
9450
6381
6880
1390
4132
6098
7831
3086
9675
6166
7113
4529
4910
1319
3163
2912
1595
5488
2008
8830
9010
863
5047
1717
972
6176
1105
2409
976
8416
5390
6778
4797
2270
8169
5281
8369
6000
8367
4396
8518
5480
5278
3428
3151
8441
6341
4746
281
8349
3577
9291
9212
4976
1008
6537
1152
2113
5298
8480
6881
688
5259
1678
9311
9780
6960
4032
5780
1679
8428
4298
3512
3706
4078
6663
8499
6771
1410
8780
1473
1339
8072
685
6315
5432
3574
3820
3898
8872
2300
779
5913
3911
8810
1576
3691
2122
5608
5823
3801
388
6473
7313
447
6904
3977
8946
3675
1739
7727
5148
9430
5799
2186
5745
7583
5760
5917
1481
985
8218
8613
3250
8481
7423
4826
2173
9545
6786
4348
9698
7174
7174
7012
7621
4078
7341
6568
7753
5432
4295
2902
4862
6446
1440
6959
4029
7200
2877
1863
8185
7447
6828
1435
5928
4251
2613
4453
148
9399
5154
6198
2926
2328
9562
547
6406
6903
3467
511
2335
4114
9765
3549
560
1205
509
942
8406
9738
9157
2943
7185
5985
731
9465
6588
3344
271
3088
9096
1777
9286
2022
4105
8849
8921
6863
2104
2389
3726
792
2855
3492
4341
9768
4697
1202
710
9455
940
6219
8751
4477
2204
9482
3943
8792
9178
566
1880
4626
2343
7518
3000
2800
6367
1922
9663
4824
663
3389
5616
3518
3233
9957
3286
7931
1160
348
3738
8452
6567
2489
2930
8771
8323
3225
3915
3854
3791
2147
4832
6134
6018
7833
5286
8737
9755
4949
3561
6770
4690
9177
288
7924
5487
9927
2207
2999
275
2297
1451
3195
1139
733
1966
9462
3958
2234
9668
7749
733
4501
235
6751
2334
5521
5489
8441
6822
9050
5211
7865
4580
1851
2141
67
1778
700
9418
2054
2997
869
1601
4136
1603
9919
9951
1913
2153
5971
9663
2887
472
6250
5990
9158
8124
1479
3951
1298
6882
9162
9163
1462
1014
1304
1529
2792
8356
947
1198
1354
8168
2799
1842
6123
9071
8145
8037
1224
4117
4052
463
941
6654
6454
6452
4778
4285
403
6077
1167
5918
5240
8981
6932
2897
6862
6076
1253
4161
3627
8959
2330
2778
7154
4805
1849
1651
9194
9426
2120
3246
6241
3062
9901
9047
5866
4679
3333
2621
7108
852
8539
8701
9834
1823
1598
3048
7900
9203
7210
7879
4515
9540
7009
8021
697
8859
9672
9892
4637
1793
9490
878
1207
9391
9926
3425
423
3259
6046
7531
463
4586
6232
6649
6409
4182
9698
661
9738
6908
4892
4253
2800
1902
8626
3497
7113
8298
9741
1750
6443
9232
2628
7650
8623
8906
7427
5398
2165
3474
9282
8981
4412
1866
5630
7173
6049
1680
4187
5787
8588
9079
6392
7740
981
1370
7590
4446
9668
7331
6196
2464
2915
5177
6466
7891
4083
3894
3289
2601
7368
2571
1582
8132
4438
3564
5305
6839
1597
9492
8978
185
8572
1722
4278
5905
3092
1868
352
9112
5551
2900
1576
8467
8077
8043
6358
2161
8289
9647
4762
5657
8571
2696
141
9361
2612
5446
6200
4209
4939
5178
747
9863
6900
5025
5768
9992
3245
2472
9104
8796
5373
7033
3615
3450
5076
9973
1963
3365
5973
6725
5374
896
5773
5515
257
8386
7313
2809
2595
2252
7987
3342
8467
1239
4719
588
7583
7964
3060
3039
3113
4785
72
6728
8236
1500
6702
6551
1217
9027
3277
6591
9923
5402
8458
180
3788
5772
2989
2736
4376
7328
6078
9196
4919
7150
9784
2502
5114
9196
1893
8227
3982
1966
4956
8570
3466
8010
5121
1036
7037
4750
7627
6960
153
2438
3492
293
4562
2833
3029
5290
6513
5460
4486
1432
2610
622
286
4076
6171
2179
2304
153
497
3612
5075
316
1622
196
1352
5011
1299
8979
1971
7804
7769
1815
4449
8683
1000
3831
3974
7513
9291
4812
5297
8253
1787
1935
2329
7958
4114
985
4463
964
4597
9538
1280
2571
6086
2632
7582
3737
7963
5905
1541
5733
4072
5991
4416
5072
6174
4742
8937
5465
5907
586
70
7694
2521
8751
2004
2988
9737
6467
3952
686
2357
5232
9610
8443
7864
7192
2181
2179
9450
74
7912
3522
2417
8681
4947
8591
9775
236
408
5682
823
478
9728
9696
9230
8084
9036
5319
4551
2988
6005
3260
4572
1967
1704
8788
9160
237
968
4962
311
5232
8484
2729
265
9783
1320
41
20
1729
5723
7195
8559
1804
6891
7789
9888
5928
3108
792
5268
5466
4052
6193
3785
2108
1333
2945
2345
8653
4259
2657
238
9096
1738
503
8879
9410
544
8899
7491
2620
2446
6051
4424
9338
192
664
1618
9653
7808
3238
1471
8213
5783
5256
321
3469
4554
9019
2122
8813
8028
2360
7909
9766
2864
6789
5528
9760
2040
3020
2380
4487
5423
3156
177
5615
173
8147
5268
7981
7737
3091
2546
9873
8348
2868
3342
2902
8239
1816
1715
6267
4177
5977
6033
3393
9118
7913
3153
1158
933
1886
1997
6356
5042
8526
8324
1567
3025
9944
9549
7115
3036
2095
6988
1384
1315
330
638
9554
2146
8705
2173
2675
4682
4558
2420
3800
2472
1926
1311
3405
3812
9660
6114
5206
4539
4438
6774
3916
734
2675
1031
3770
1122
8019
5154
2438
4701
2144
8344
6848
850
518
5875
5532
5076
8296
5685
3900
222
6996
7306
386
3008
9772
5592
7547
562
2366
1464
1296
5041
2495
1419
6164
6867
2925
4954
1568
5070
9650
4768
5920
6520
6996
7804
7949
5292
3489
1849
1866
6837
5507
2252
9846
1631
7844
3745
8545
6563
5209
9842
7956
4057
1261
472
7276
4186
1778
8844
5608
7781
9965
1528
4301
6961
9333
8602
8605
2822
6804
471
9660
8663
9075
5858
295
3271
9603
8840
6186
4813
5034
4143
5222
2647
967
2498
3186
2746
7694
8794
527
7659
323
1180
972
6008
9783
5929
5182
2939
2752
4842
1602
1827
7052
8249
1451
6656
7090
7637
7821
8476
8132
3043
1124
9100
1893
4310
1846
9587
3104
2373
3599
9779
9905
923
5787
6040
6853
970
8979
9605
2164
6934
7785
9217
5183
5588
2225
8625
3225
46
7102
1358
9441
4578
458
1334
5240
8656
7273
8344
1029
7224
4476
7286
8148
6615
3327
1353
3937
8658
7310
6102
5592
5095
1671
776
7035
3896
5753
261
294
9207
7971
9735
3785
8429
1069
9025
7085
8342
3722
4466
5567
8198
1752
67
1165
1431
1420
5103
90
5082
7557
5682
178
9228
2810
7213
9476
4916
3826
9770
4123
1797
9505
4261
6578
6926
3286
15
5268
3360
4481
7187
7910
2586
3606
9076
369
1378
4179
459
6461
1736
2494
2991
7316
1656
6556
6792
6572
383
6562
7048
8532
2419
1309
5111
9345
947
5126
965
4308
5960
8153
2218
4898
8111
7646
5267
9490
1825
2079
5951
9913
4573
5294
7229
2581
1850
373
5506
8585
3287
8906
7118
5706
215
8581
5051
1162
59
6017
1822
6019
522
393
7269
4985
8039
2537
4475
6217
968
6778
6130
1893
2072
9712
4474
275
6437
6332
8860
9725
5238
5978
1783
1805
911
3187
2968
971
5556
1142
3342
6078
1535
612
7415
9575
9501
8243
5792
469
1373
8274
2362
3446
4338
3188
73
776
9521
8933
6853
4759
1264
8636
6565
2175
1823
5885
9498
7379
3379
2841
9809
4915
9805
7225
842
9306
5468
2986
9775
6841
1260
8489
6639
5599
1677
3064
2727
1198
1998
9580
2310
9614
8216
8875
8141
40
1112
7640
3771
4491
6833
3581
5758
6638
7158
6600
5944
8978
9586
2071
2171
7199
6912
5163
9150
8589
8227
8229
6140
6577
7809
8450
6191
2377
3677
4333
8769
4789
8325
2541
5632
5158
6122
1391
8148
9632
4343
444
8610
3930
2515
781
7481
9427
5944
2983
4368
524
1212
508
7101
9021
5310
3293
1398
8987
3978
168
128
8655
9061
5761
165
1535
3504
8313
1167
7847
8757
9777
8129
7624
6910
5610
3403
9207
4945
7771
9731
6157
4632
6832
1530
9942
125
9281
8930
455
5801
5410
9110
4862
1171
9275
6397
1027
3940
7564
8875
2697
3693
7004
6673
603
8967
76
6162
3912
4200
5893
6422
8832
2726
4304
8774
9203
3585
4056
9659
9386
5819
5121
600
3342
749
6997
4370
1041
913
3245
3739
958
6601
6764
7914
1920
6841
4076
5833
1041
9970
8607
6225
2696
2911
1351
8251
2849
5408
4262
2235
7579
9384
9188
921
6485
2537
5291
7526
3451
8536
7617
761
1490
4382
8675
3410
7575
9104
5595
8616
9074
4202
4841
8122
3466
6192
6373
6315
7952
636
4902
5531
6372
4090
6453
9209
2980
8096
3087
6431
2985
705
3544
4475
1439
8572
7885
9014
7676
9833
3982
3102
387
5175
7576
3853
1367
301
6520
5672
7289
1423
7555
13
1865
360
9222
4845
8457
2310
7628
1442
9367
7525
5917
806
6097
154
6172
125
9987
154
9579
375
1681
7155
580
3048
7456
7101
5072
4746
4876
8980
4759
3093
9340
334
7939
7797
8996
1919
9239
8363
9444
1508
5521
1893
1663
1693
2018
8002
8199
1597
8377
9880
5104
8958
9280
2561
2411
705
3659
7287
9685
4770
380
9025
1456
4671
3175
452
6591
2414
8815
2387
275
688
4281
8290
2381
2651
6292
6932
601
1022
3164
5705
9980
8797
4618
8743
5854
4629
6030
5539
5752
2762
916
7208
7434
4091
7661
377
2858
2828
2764
3133
3517
3397
1423
2250
2401
7715
5535
3002
8737
8699
5059
5069
3848
9678
3812
9702
659
6194
5241
6411
8957
2510
3620
2743
6601
7633
3120
9459
461
2236
2592
330
1986
367
2581
4387
8083
8116
3741
3172
3167
8800
4594
7016
4830
4758
3070
5490
953
8312
8253
6262
822
1873
9005
3775
5858
8477
3235
2672
713
2179
3002
2699
2547
5583
3438
6982
51
7179
6506
3219
5980
1100
6587
7162
5859
9657
2652
3164
4321
7258
5778
1495
9131
4783
5271
1342
9612
4858
4014
325
7037
7016
9377
5936
8952
2815
9270
9003
9995
5777
8574
2327
3229
1513
5841
5440
1171
4846
4956
1844
2104
734
3340
1235
1869
4963
8929
1481
9821
2943
1807
3210
6312
7536
5499
5264
351
4769
619
6698
6898
9194
5377
6480
7059
1219
1920
4582
6065
6877
6427
8169
7611
6119
5756
9481
7434
4686
7314
7255
7629
5473
6817
3941
3009
8668
5557
9713
3438
6177
6411
6688
1723
1789
3168
8782
9360
5089
3365
5425
8318
9792
3594
2281
2263
9350
8114
9697
388
5429
3304
8018
902
6473
8311
3912
5142
3869
3625
4932
6398
6388
1620
8121
4529
1141
6903
3889
2582
268
9314
900
6412
2908
3181
8675
8611
1296
4724
8999
6725
8028
3369
3979
4502
8033
7891
9644
8254
7868
4576
4652
4257
2548
9125
8786
3689
6028
2676
6271
2649
1990
3523
9061
1251
6705
4089
6214
4353
8813
1565
7430
3194
1287
1409
7696
9320
5653
3692
3926
3521
4620
4930
7778
7168
4055
2917
7210
6435
5593
3481
9084
3935
7005
4498
1538
62
4939
7752
767
3752
5670
4549
6946
6957
5958
994
2629
1611
4686
6555
1485
5658
1485
5615
2827
1892
8532
37
8327
4125
9870
3764
4413
6875
8262
5951
3289
3201
56
4056
3305
5726
8605
6604
2683
916
7598
5312
8879
8637
8219
364
4295
6056
2332
3474
7948
864
9863
6275
1342
9734
6391
5755
2961
4653
8058
6251
4206
8114
6659
7512
192
1617
468
2875
8885
4418
4539
7764
3055
9110
4481
3703
5166
6813
7177
3114
4029
7041
5742
5371
3127
2133
1126
6088
3139
9185
8691
3697
3651
1703
7561
3844
3320
8029
3071
8557
2448
3963
6321
5503
3073
7154
5558
4592
319
9088
7706
4349
2481
9800
6072
5608
8286
3551
1696
7777
2736
388
1474
2739
2091
9036
2935
1763
7065
6007
320
5865
6322
2993
7721
9395
6500
3279
3987
3171
2367
8046
3872
4848
4198
9945
456
2484
3496
8505
261
2584
5245
8088
5323
3688
7124
8259
5451
541
618
2123
6407
6940
5116
4128
2687
7968
7407
3027
1140
6127
1073
5012
7327
5271
4957
4136
4108
4805
2641
721
7389
7886
8809
9065
1574
2285
3676
3377
2827
4294
1852
5586
7586
3320
9714
273
1289
3473
3300
8781
5952
725
3793
3280
2349
5103
7416
6457
9908
6409
3530
7298
4295
8692
6363
2221
977
6391
1950
156
685
3802
2094
8271
3474
1808
4896
4763
1634
8197
3544
7586
8922
3690
7218
1271
8793
4634
4080
5053
1043
3963
2351
1690
2655
5066
263
9984
1457
8565
6493
8494
2367
8587
3117
5842
6748
8014
6957
8382
2563
6854
2320
7837
544
9539
5461
5689
525
5893
742
7921
9856
9446
5963
8863
864
6227
5200
8674
4792
1693
7168
3512
6632
6638
5706
3380
1004
9015
8114
3567
5869
435
7756
2765
6326
3217
4806
3203
5463
5549
1124
5319
1347
7088
535
2211
9667
5735
885
811
3780
4406
4323
412
1044
6381
3793
8400
5397
1907
1967
7618
8694
6075
384
5020
5645
5190
4576
1108
7091
2052
2779
8438
5492
3314
650
5159
9049
7887
5971
2829
2293
6646
3242
9689
3028
3387
8089
4777
5294
6408
2395
341
2484
2779
1713
4481
4322
6289
5589
1413
8342
8368
6204
3834
1683
6854
5346
7084
4741
7669
6266
3387
4315
5860
9428
3695
9247
7518
8472
893
278
868
1234
9114
9999
9300
3595
673
5589
9184
8439
283
3905
4643
4118
1940
7849
5816
9024
8942
3485
5290
2329
7800
7502
1758
7848
6749
5628
6320
3995
2258
3540
5229
1373
9892
881
4968
6917
6471
505
5356
6754
4410
6351
7224
2702
4200
3040
1726
3143
6525
3369
1824
678
871
3582
8526
3973
5562
1198
7968
7821
1091
9549
9194
7335
431
514
4252
6902
7371
9609
8
8133
5960
3585
835
6513
2977
8914
9656
9503
2283
1480
6533
9506
1415
1411
3479
6977
8961
1447
1150
52
997
6696
7387
1428
7211
7992
4682
934
3953
4690
9068
6265
4627
6255
2778
7605
5169
2434
3460
7452
267
9993
3311
1682
7756
6790
5011
6717
8238
6162
6770
9235
2858
509
7015
6421
8501
1697
7356
8806
2739
2776
5072
7367
9031
7850
4972
553
6637
8432
4357
6904
4777
7668
8586
2533
4459
9949
9250
2697
2463
2372
8284
5322
9234
5299
8095
4087
6996
1803
2894
9735
4579
7966
3454
9963
5816
8426
516
2453
3210
4873
5709
7987
2542
647
6872
7001
597
2475
6050
3060
4847
686
4734
433
5985
2830
4521
9333
4633
7415
5420
5565
5381
8875
5528
7549
7301
2396
6355
6864
7269
2064
4851
6163
2712
1724
9516
3309
4199
5566
2721
5398
6252
7456
5832
8589
286
353
7922
1271
4120
9695
6836
5853
8570
2364
9754
2223
1112
6109
9087
8382
8174
291
897
7238
8367
414
547
2566
2332
9620
4316
8585
7076
6500
3526
3714
3205
7801
4986
7325
7496
1822
9530
6066
539
9285
4641
1651
5394
81
6385
9920
372
7283
7158
8739
4049
4057
7657
6381
3678
8325
1318
7106
4826
4845
821
8031
2646
2159
1709
142
333
1239
2560
7224
524
3553
5228
5919
3634
1613
2191
4006
5248
9350
9097
9297
9759
6754
2031
3437
5080
3349
6896
9906
8194
7717
4289
7192
9876
5998
3686
209
7238
6246
3786
7762
6152
9014
33
9786
627
8577
3793
2228
4279
9242
7877
4038
5997
9908
3828
7429
9610
724
3687
7804
8441
7976
1349
4669
327
5035
1230
7565
7634
5016
1679
3786
4030
8065
3572
1010
6642
3717
9590
921
2960
7467
4959
5309
3728
5139
9090
3338
5863
9129
7494
656
7105
8843
5325
3784
231
2908
1349
7865
4276
9381
1651
8307
7446
1575
5669
440
1645
5259
1361
957
9078
2672
2618
2806
7812
1708
6144
27
837
9991
684
4294
8834
2361
8079
9065
5269
5780
3282
9546
5161
1285
4205
8959
2861
6226
9399
858
1485
7112
1815
563
6137
4433
9722
301
2493
2218
328
3330
2209
1012
3976
7396
3374
2055
2813
4995
4188
6096
893
9349
7381
5098
4661
6594
1324
4060
3804
9161
7525
5619
6077
3662
6404
2151
3963
5249
4369
4291
8579
2931
1656
8908
6679
1382
963
9492
6377
5151
5588
7271
853
9322
8721
5514
2268
6398
5926
6073
5559
3451
8044
7988
3465
801
139
7428
6050
861
8072
982
144
6080
9890
6823
7462
7205
6315
3839
2357
8256
7462
9562
3930
6184
5076
6198
8934
7354
2271
845
806
6668
8834
623
7469
5325
4404
3519
6186
8828
4501
2682
4908
4391
9505
2370
1597
5821
2561
306
429
6376
6220
4359
2560
7648
557
7846
5002
9181
8691
2160
5849
3877
2784
3318
9203
7188
6837
1741
6016
7691
4424
7276
2082
3929
9646
31
6102
8559
6689
6531
4935
2909
890
3847
557
7800
1693
1912
6981
385
4072
2830
4262
3208
6148
9817
396
9337
1559
2764
7028
2335
40
5463
2616
6038
1846
8719
4598
4888
1602
9533
7797
8845
9733
4707
6645
1426
2971
9978
8163
7043
2808
8778
252
5308
4947
7000
997
6506
9765
4378
5193
9805
9841
7810
5844
8039
2881
6794
2927
4483
2679
7077
3328
2412
8136
6325
191
1107
6303
4706
4502
5463
9836
4754
7123
4784
8107
8121
7642
7872
2499
2836
4029
8692
646
6225
3083
9879
9371
6011
4362
2051
9440
4043
815
7576
6720
1006
8683
3024
2065
9537
4839
1901
4292
1963
6685
8751
84
4328
6623
8935
3516
7004
3979
4162
9582
7062
393
8953
9425
4755
1004
8865
5150
1820
2793
1871
9178
7828
4895
1243
7366
6086
9497
1658
8049
6182
6761
8133
6862
3384
3420
378
6740
7399
892
6322
4462
1285
1628
3887
2393
8984
2753
7543
7156
5546
9414
6335
3375
661
3930
7093
6748
3427
5103
4797
5962
1864
9283
9176
5248
2703
9555
8340
6455
6799
1015
917
4437
2643
4804
6830
1627
3909
4373
8784
5808
140
1471
5535
7153
1753
2628
253
1533
7731
1403
7495
9595
7038
3023
1195
6093
2578
5887
2548
5730
6902
3465
167
5897
4622
6997
7525
4883
7722
2661
7043
4214
4132
8930
1368
5885
1558
7973
7418
5641
9376
1265
1588
6414
4289
9135
2508
3219
5023
1408
8949
8277
4874
5468
4175
5848
8817
1700
7083
6540
713
4127
7106
4845
3057
4826
7082
968
2800
4501
2961
8528
2118
902
4943
2759
37
3803
5979
1412
1563
1280
9690
2789
3101
3865
8637
1918
1917
2073
8458
2630
6200
1917
3827
5609
6743
909
6577
9543
1762
5891
8072
3881
6793
9367
2992
6830
9522
8971
8243
1085
6604
4285
3875
9705
4502
8864
1623
6419
937
6434
5401
3489
4703
9228
9099
1446
6489
2028
990
8252
7919
5414
8485
1064
4781
1477
4247
4303
6801
8842
1740
3405
3127
5615
9462
7629
832
7437
400
1769
223
5801
5259
4926
1381
710
6373
7870
2738
3715
6122
7010
9129
959
8074
262
2437
2321
917
9238
7515
2657
8995
642
4625
8457
8271
5457
2246
5023
3578
2470
824
8837
3748
2205
5899
121
6428
8638
188
2550
2000
9317
3510
6426
9579
2299
5100
6848
1537
2615
9506
6884
3258
4131
1693
7881
5940
3939
9257
9518
2761
81
4708
6510
8639
607
2983
5067
5597
9524
3969
7597
8841
3831
376
4773
6130
5476
1621
4019
4443
7479
903
4053
7962
8948
8287
3902
2888
7544
9773
2001
3977
4481
4863
2616
1440
4199
4035
7038
3723
4357
987
2564
8188
1363
3689
671
3191
1663
4690
7635
9142
1946
8040
3457
894
6327
7359
134
3871
7132
2136
7849
7965
3351
6817
9406
7550
853
2796
1273
5210
3783
190
9750
1499
3879
421
4690
1894
1464
8677
7389
3410
6718
846
656
3045
4557
7143
3269
8042
5631
1118
6007
8982
7935
1765
6533
5140
4561
4158
6702
8345
4348
6453
9844
4580
3226
886
6474
4690
5916
3863
4452
2634
1061
1461
2031
5619
8604
5300
3661
4235
2770
9668
9569
706
7786
6102
2198
2347
261
8901
7044
961
1706
3240
5541
1284
4127
2016
5975
6395
2231
6779
5381
3293
8240
7412
5264
3196
9065
8925
7431
1835
4945
7001
8893
2731
9455
1092
5079
6068
6345
8475
7030
4403
1716
8923
5687
2195
939
8014
8590
9523
4794
3971
9168
9386
7735
4432
2583
6800
3357
6366
4988
4654
3367
233
7386
9175
7677
8817
1595
374
7292
8625
4777
5360
7549
465
7555
4840
8479
2497
715
9625
6468
6235
9012
556
667
1595
7356
376
7961
8696
5031
7681
5282
8769
3208
2959
7586
4803
3334
1230
9781
8111
6591
3682
4928
498
4874
9760
2996
5590
9385
5816
8177
8397
6372
8845
9992
81
5573
4306
8777
6956
1987
4059
5725
1547
3371
9663
6350
3057
894
6131
1168
3837
6165
2449
4335
1040
2209
3683
2982
1594
9500
1159
9992
5872
6356
6336
5953
1930
642
1083
5238
8981
1494
964
528
4865
6979
6879
7922
7873
9362
5443
8062
5528
7892
2398
2920
6453
2433
5902
8047
1933
3413
4391
7806
9770
728
111
8052
7722
1194
3290
6704
2689
4254
3584
3906
1234
6815
8181
5459
2530
3624
9874
4410
7868
8624
7330
673
1057
3232
8720
2991
6645
3112
797
2767
192
908
819
7914
8455
4110
970
1144
4716
4555
1402
2302
7722
9583
4114
252
9559
3988
4662
3779
2612
1992
4452
3669
1576
9525
6660
4574
2637
3809
7341
9181
1070
4513
7095
9525
8623
4418
7021
9691
8973
8423
1994
6695
4359
6108
3300
270
6448
7962
4050
9060
9955
4854
2729
7883
4379
5742
2457
3368
9551
6151
2549
621
664
5997
6498
5639
415
3519
5330
5740
8295
3676
8787
2654
6136
2087
9276
2584
6402
3326
1644
2709
4533
726
592
5264
6468
9402
8633
2371
1905
7534
9345
2569
9883
5843
4560
6650
5715
6242
2390
4010
9919
7530
3016
6055
5969
2292
8640
2371
1971
6636
5080
6504
3714
2025
1768
6534
1427
6753
8906
3332
640
4603
2253
523
6798
6813
3526
2513
9407
2268
6523
9326
9798
5891
1734
2120
8184
6726
4491
155
3362
5924
3011
3429
7949
1131
9963
9376
4237
8869
9060
4877
9824
1313
1752
6623
4478
5278
9136
3885
7547
2012
9564
3697
7903
1298
5817
6087
8024
6661
2594
7738
2585
5605
1167
6886
3089
1131
6262
7326
6352
1674
2203
6177
9339
307
9152
169
1938
8288
406
5837
6652
9970
9534
4556
1268
1704
6995
5644
4717
5942
3383
7302
7899
4550
4188
988
2033
6802
8314
8386
4828
6869
915
4167
3529
67
4336
5467
4707
4742
1304
1360
1065
7190
2268
8685
5246
9263
4330
9963
1557
4065
3617
9457
4967
4157
445
7001
959
5112
1739
5787
8333
9006
6306
1862
5425
6994
7329
132
8089
8633
7844
9154
2176
112
7839
7422
5728
8521
7386
7285
2586
1003
3094
3906
5161
9892
7259
2472
5004
8998
4612
3337
4356
918
1552
9781
4265
8881
6265
2354
3867
462
1508
2395
574
5699
9817
2654
4221
3555
6292
3159
911
9386
3417
2424
9278
676
4896
634
9674
5860
324
382
3131
1876
6515
7396
7109
2781
9750
7328
3243
7610
9723
169
3309
9541
2824
3882
9448
5468
3394
359
1206
6811
2783
485
7488
4032
7471
3514
9892
7795
3897
3023
6023
6764
419
9485
9545
6521
6813
9140
4131
6537
9310
3793
2430
8486
4027
1878
306
7421
2238
1512
4233
1373
8349
8073
5405
5821
7939
5298
9968
8188
4673
2344
4953
1445
1829
4498
7966
4994
9991
8450
1531
9301
2243
313
4139
6270
2192
4445
44
782
2309
629
8507
659
8702
3913
2832
6641
5563
2800
1182
236
1496
6135
1681
3325
6985
6000
8320
6976
4450
6203
2629
3045
6517
3120
9315
5061
3917
9359
2195
6227
6340
702
6886
5042
967
6070
8036
6530
8870
9218
6767
6719
1705
8448
6396
8690
4448
1068
5667
5250
7272
4648
8295
141
7769
3963
1554
1686
9674
101
4265
6015
803
1151
7409
8123
3573
5445
4653
2444
1015
1420
5515
2720
6221
1911
1411
7021
2980
3430
8624
6604
4430
6919
6745
2199
882
4651
238
6909
4752
4503
2924
1907
2007
333
30
5580
2131
4684
4376
3146
2456
9891
2219
5029
8155
9982
8403
1135
9764
7027
7739
4194
3946
836
2746
1181
5487
9336
8090
239
3839
7366
8498
2198
7699
8529
4131
6182
9565
4859
5681
8373
1103
7900
3403
9258
7882
1806
393
3998
5185
4484
8192
9131
5320
7290
6664
807
6626
1106
7398
6818
8472
2248
5368
2524
777
9499
8706
6694
711
4387
1420
1814
2287
4823
1072
6521
2981
7817
6871
8166
2301
5064
3649
7621
8706
6666
4780
5333
7772
8530
8503
6245
778
3871
5121
7908
9723
3827
4602
434
8215
6022
8600
6854
7197
6024
9728
6530
3841
6599
1048
2494
8015
4698
6467
6722
7716
1247
8407
5488
6129
6910
8085
6907
7133
3206
4815
6856
7034
5770
3642
1601
8144
2242
4807
5342
8266
4535
8224
8459
1135
9273
953
5502
323
7420
2224
8039
5019
6983
3527
1148
3893
7965
8056
1027
1171
9223
4235
4557
4993
7878
6158
3138
6472
966
4832
1091
1853
3056
9550
9340
2329
6856
4843
2652
4276
7067
7043
5648
403
571
6796
4296
4888
1204
1675
6059
428
2263
617
1773
6493
3127
4911
2965
445
6095
408
8651
9152
9959
7991
7833
6815
2834
6838
7443
6254
3881
9443
6657
804
6240
7305
5692
3796
5333
1752
576
7596
8721
2350
441
8200
3613
9758
4998
9709
167
3649
8861
6478
1640
3046
9645
4475
9884
3440
7081
3766
2884
3738
4570
5476
7395
263
9272
2728
8367
9849
6676
7088
2199
7117
1640
5812
6876
6638
1873
3395
287
734
9873
1928
3781
5870
2755
17
9310
9836
3783
2194
9926
8354
7670
7321
4969
3295
6402
3336
3144
3078
6776
1695
196
8416
7507
3424
5055
5733
3171
1694
6467
9396
9974
6600
5266
9081
6618
928
8917
6753
3123
5195
5107
7145
2517
6428
6792
8919
9764
9936
8349
6540
1631
4897
1309
5491
4673
6364
1224
7844
4410
4043
3592
4385
6996
8858
3466
9966
9787
8736
6719
9262
3931
8179
2759
2800
4607
9552
8071
724
5840
2773
3616
3824
7670
4925
5667
2344
7641
3243
6540
2052
7286
133
2789
634
5343
6255
600
1482
1343
3672
744
1627
1851
9856
4427
2810
5760
8851
3534
1600
1624
7151
1776
5646
8428
7443
7990
6070
686
883
8122
4325
1016
911
4959
6359
3518
1912
7842
4862
5584
4938
6489
3787
1146
7268
2949
6906
2471
6484
4859
4095
9987
6635
6094
4767
4079
436
837
1117
1319
5311
5442
8687
2574
402
5047
6093
2314
9241
7307
4250
531
148
8037
1678
3768
986
4936
6240
3822
9795
6687
161
2783
2781
4929
3214
3218
2118
4331
4537
7430
9774
3225
4
6528
4624
2449
5194
217
6108
9444
748
2608
3833
8778
6377
1171
3715
2617
4994
9862
9304
1507
2645
8438
2788
5859
1656
4907
6543
2545
8689
6317
2122
5045
9197
3098
7495
4391
3315
9955
3835
416
2564
7668
9194
8941
8839
9261
7910
185
9124
7214
8045
8121
2004
833
333
12
2092
6876
8910
781
9545
7384
5827
8742
483
9674
3133
150
9629
6968
566
8545
988
6113
7486
6179
5374
5396
2717
4498
8963
762
2620
7319
7947
9305
7332
6392
6181
6242
3525
5726
3626
9352
820
461
5378
3953
612
1360
7273
7530
9905
4613
3643
7392
792
9018
9140
3509
9868
4455
623
8840
1775
4923
8145
9107
7667
4326
1701
1192
6404
1679
545
7224
2141
2275
7529
9105
3635
1154
6635
3541
5767
279
7285
6560
5649
2777
6421
5517
7233
3397
4358
5360
4672
8855
819
2339
3182
2520
3531
5938
551
428
9515
2692
2704
3396
8149
6339
4551
4785
9880
318
1416
3517
3230
7065
6295
9652
2582
9880
9401
3292
5240
4073
2148
6059
6412
1682
4931
6295
3972
5482
6724
9839
4527
9428
3236
2676
2119
4139
7461
8352
4457
8877
1869
7688
5942
4516
3692
4877
4396
3093
4521
9636
3518
3021
2047
6282
1055
6978
2577
1380
2461
5653
1219
3340
1433
807
6016
3553
4946
9830
1905
5756
8707
126
9796
1002
995
3488
2231
5391
2933
3104
1380
2803
2478
3427
9085
3533
6758
8014
1265
5571
20
2485
8911
1453
9644
1279
1358
4591
1109
9615
6699
6169
9742
6495
3523
737
9983
5754
2480
9268
5210
212
2071
7688
3640
7508
7574
6750
5522
8839
8673
1894
1324
7584
3348
969
5215
4706
1912
6325
674
8611
8846
416
5106
2369
7505
1441
4475
6337
709
9685
6550
9132
7374
6542
6640
4948
3292
8514
3787
1965
409
1464
5901
109
8785
1116
4815
7049
3793
1841
2012
2639
2257
7118
1360
6114
4911
5835
2452
1972
5521
9002
1104
9247
5544
7744
547
5188
6258
686
7153
3019
8502
9406
3128
7287
6874
4296
688
668
6137
2700
9659
4747
6170
1020
861
1081
3207
9665
3053
5080
8667
4157
679
563
8253
1226
5751
864
8265
9256
3883
6767
8662
3364
407
5537
7660
1095
2557
149
148
8568
4896
6318
5940
2110
3752
9148
8127
6805
4228
6795
7315
1260
3710
5568
2486
9462
2784
7103
5070
3020
223
3733
6384
630
5622
396
8077
4531
6897
8225
3099
1794
896
5392
256
4648
4540
8383
7805
5120
1530
5120
6380
5241
7041
5219
1055
9825
2322
6125
9197
2545
6210
5581
9527
1832
2329
3957
2715
9227
2182
2167
7373
9430
7559
7629
4078
8451
2364
1884
3571
3895
3356
6304
5488
397
7875
2895
6575
6549
9020
5772
5447
5231
7706
4974
3415
35
8931
6131
9262
7466
4650
6635
3248
2209
616
7327
660
9333
5563
583
3228
8919
3239
5068
5669
1114
7963
2244
7664
3335
4368
3111
8566
2074
4437
8334
8462
9721
817
7724
3539
5467
712
6787
7676
7680
466
4688
7013
6029
5271
6593
4949
8511
1661
6970
5977
5976
9214
3641
9312
9934
3104
4230
2009
3894
2564
471
3615
3381
4547
3506
8848
1611
293
2876
9292
7112
7564
6305
3141
9188
9251
4442
4051
7264
1412
28
3241
6978
22
8905
6913
3126
3135
8922
7020
2052
5745
6987
1785
6644
493
6986
8256
7139
9862
3900
4251
3779
6557
3744
2967
5808
8187
7018
3073
5951
7046
2666
2930
3420
1571
9843
6547
1058
5117
9919
9462
7214
3259
1248
3858
104
8234
8466
3595
8096
2366
4198
1875
8924
7943
1194
4732
6130
4564
4157
8433
1611
6823
1363
1383
4746
7558
4282
2157
2675
554
1619
6241
3813
2867
6452
269
7453
4918
3865
5550
3637
8063
3777
2561
6006
1324
3645
8488
5888
7803
6922
3851
978
4637
5235
2077
2196
9517
4234
1223
71
2205
7465
236
5073
3917
506
2526
5187
723
4428
8824
5138
4558
7737
1145
2234
1383
5985
8122
5538
9259
1974
2868
3897
3561
4945
2445
3078
5531
3668
9502
7737
7485
9738
9162
7754
6596
8040
9294
3671
8821
8118
8810
3379
5856
6307
5613
3591
8644
87
5481
7904
8413
8349
8153
1974
3295
598
1405
5178
618
907
2915
4456
6997
8429
2210
9946
6470
7856
3617
5291
5975
8779
5022
8183
5086
6987
8126
3731
7074
3607
7987
5488
1956
6140
7462
1603
3090
5219
3134
60
6126
6049
4516
9476
4479
3079
5774
7301
935
9391
2592
3262
4523
3966
7797
9609
953
5923
3340
8027
5882
1327
9867
4191
3819
7330
5794
3261
2549
8928
3322
5028
1330
4190
856
2161
3621
6630
5814
4557
2373
8406
4171
6896
2372
8321
2858
9677
596
6198
7704
6479
3878
7572
670
4049
1254
2816
7311
155
8097
633
1535
5779
1175
2391
4292
4797
5373
106
5706
7747
4864
9877
995
3588
4550
3853
3265
5147
6404
969
1626
6634
4893
8648
683
6147
7816
7994
2655
5913
4979
4190
8044
6155
6582
2336
952
8307
2442
3010
2406
3658
9239
3402
7246
3790
3607
511
8937
11
7833
6915
2997
2726
5563
3681
5226
9731
8027
7881
1997
3007
8423
41
5514
1357
8730
2818
9665
1172
5828
2071
4831
5067
5473
8429
8857
5433
8941
4146
5444
6774
1061
8442
5852
2976
8475
1078
2708
6502
5311
4705
5861
3735
4746
1375
5092
9828
4193
4757
1001
6373
6829
2184
1441
8654
6965
6650
4087
5906
797
5884
2680
1858
678
8533
1187
9153
5963
3895
2007
1275
4952
7869
5010
6050
5596
102
5879
6142
4860
6880
2515
8041
5416
3956
6695
2381
607
7135
4640
7756
3019
3672
9614
49
8557
801
5554
4521
1048
7561
2148
6000
1782
7158
2051
7379
3612
7930
3521
8472
1162
6036
2865
2930
6345
5913
1663
3304
3048
6303
7412
2419
9976
7026
2468
4885
4180
4374
9406
1580
1935
1554
7581
3718
5064
5984
7449
8677
3914
7322
3501
1428
9710
6367
4358
6055
8632
2373
5711
1680
8677
3123
451
5005
6502
9271
9890
7034
3645
5649
8614
5580
3555
2547
5650
4972
8531
9451
3649
8797
6773
3502
225
6484
9869
935
8891
4853
3309
955
6533
8338
430
3336
9695
3284
2607
5937
318
6252
1586
5285
8185
1494
4184
187
6466
9068
9639
6467
7865
2764
9969
4443
5600
6191
1730
844
1044
1391
1799
3930
9729
8581
7266
5776
1866
9874
1714
8536
6126
3300
173
663
1146
4358
851
7612
9778
490
431
3995
9606
401
8438
5207
6592
6521
2403
7636
7912
554
1566
3994
9135
5185
9770
7353
5059
7836
5890
7537
7489
2415
8201
8635
3125
9052
2600
2903
5894
3031
6899
5500
3432
1689
7059
6376
8210
9462
4013
2475
16
1931
2821
5504
7116
8943
2857
8527
6780
5099
6065
4269
7515
4266
2904
640
3318
1856
3544
5564
4888
443
1064
4672
2132
4476
1049
6695
290
1414
5522
307
9697
8343
2163
3166
7286
5020
1693
418
6472
7758
4687
339
2024
3944
979
1694
2152
875
7258
7040
7670
4675
8065
6155
9151
9114
9202
9441
528
4724
6100
225
3067
8263
3391
6705
9636
1437
3476
6108
9195
4515
6447
7572
4811
3778
5618
6964
1006
9229
356
5028
3904
8421
7535
9407
7535
6737
5200
4415
1461
1301
993
880
5916
736
3938
1904
2173
7414
8012
7721
8281
811
1645
3093
942
7263
57
8300
6492
6765
3328
6748
5187
864
6155
9074
7601
7708
9842
5415
5361
835
2647
1277
7923
6585
3182
6449
351
7546
4170
4985
4710
2167
8078
2004
5782
4487
304
8627
1252
3632
5375
6439
848
7883
1866
4802
1943
1708
217
7304
2543
2864
8581
6818
5802
8115
3267
2505
2014
3789
7490
3076
5956
1920
5080
8091
6407
1736
6718
4012
5368
8445
6803
2569
2680
8669
7371
4623
377
7588
1927
9272
6804
6861
6091
8958
1328
5710
7816
3342
9500
5306
2770
1808
7227
4202
6251
9986
5938
2969
3998
7659
7767
802
228
447
9471
7599
1423
6201
1539
3350
1825
4695
6563
4268
3654
7892
9979
1470
7586
5831
3128
357
3991
6707
4559
243
6694
498
9564
692
4509
7331
7846
4737
4131
3670
2336
5554
9871
227
5256
1696
4922
1820
5965
8576
9712
2296
6398
7298
8127
9527
4007
8470
6234
4919
8713
9280
1769
4630
6325
6278
1961
4171
1015
2444
7841
9703
7998
4064
9930
9607
2113
4852
1427
4430
9781
7491
6726
6179
1141
1205
2058
5149
9675
8293
68
4741
3925
8189
9371
250
4467
7684
4422
5482
129
8615
1537
4479
9032
1467
4086
1145
6319
1865
5575
2452
9356
8653
8632
498
9858
7042
1999
5885
5335
8419
6978
5613
6608
6349
5863
7427
386
6637
9261
515
5253
798
1346
4285
2265
1785
1782
4936
3650
3709
7389
9359
2362
2373
6209
8572
9415
4560
809
1103
2979
7788
6716
5939
489
8931
3366
875
5569
2627
7742
822
3425
9089
1459
2042
7226
9593
3330
7228
3302
7071
6587
5664
9444
9148
588
5212
3708
1397
2667
3039
5537
9383
8978
6027
8314
8696
3254
235
1323
997
7409
1100
86
8868
3142
3664
4813
2825
892
8115
9896
3832
131
9341
2980
719
905
3041
8469
3572
2432
4006
9307
1411
6385
3973
107
9640
4209
7783
637
1618
5235
7075
487
8378
739
1652
1203
7983
9768
7451
1815
9899
3144
4796
6971
4049
4189
1792
7621
6621
2150
6928
4384
8536
902
844
4528
5111
8627
1517
3081
3862
8592
9920
8592
5683
1573
6147
3666
1341
3599
5482
7592
3095
6630
915
7145
7171
2707
1118
3792
4858
8047
4529
9746
5301
5373
4274
6764
352
5791
9845
566
735
9766
5511
6418
7691
8010
6436
9032
7961
8270
2976
1057
1252
3892
8202
8423
6599
9320
8568
1457
3719
9449
1203
5372
4822
1829
8488
1526
7620
4686
2092
4707
804
3955
7477
8495
1966
3914
7527
9927
8536
6855
984
9789
747
5538
4564
7347
4859
9484
5156
4930
8933
2712
303
107
4541
8791
1633
8514
9829
78
3221
633
385
699
9128
2351
965
3007
8631
9501
9863
9615
5642
610
1506
6559
7957
2717
6043
9466
7647
1329
2178
4302
1436
3071
9446
9422
1585
9275
5852
1159
9909
6237
1858
9037
8589
9175
2045
3572
8676
8260
9539
671
8870
1045
7230
3180
3762
9625
2646
7762
954
1176
2064
2391
4247
1510
8165
2185
786
4017
3344
695
254
1554
6084
5195
7081
4481
8767
2109
2741
8307
2780
1612
5704
6362
1144
9467
5988
142
7229
6942
1318
9293
5685
1917
7156
3850
454
4294
7867
150
4989
4474
8056
7425
6021
5137
1907
1141
7247
1000
5800
6379
8964
1504
2742
108
971
8730
250
4552
5672
7920
198
1358
9838
7354
1560
292
1648
5780
443
2989
254
8499
6766
2627
9989
5025
3768
7236
6026
9568
3615
4990
1073
6357
5099
8396
1439
1701
9301
7112
9622
9499
4822
5812
3205
6382
6104
1205
2162
2899
546
8768
7751
7312
1396
7740
2338
1516
1328
4716
7437
1295
9706
8510
4005
1157
3258
5444
9211
2559
8908
8833
8410
3730
4645
7967
6465
7101
9172
4979
6353
9718
3748
456
3383
1496
4548
2073
9364
5876
6789
6801
3523
2847
1663
7528
357
4922
9325
9568
3833
8233
8401
8596
8316
9398
6563
1133
2851
2088
6112
9204
8158
6212
9660
1541
7708
4208
3614
7073
6436
6755
226
6312
5955
1890
3840
6312
3164
9517
5880
3349
4103
633
1945
8771
6383
4861
9904
9234
6949
2368
4791
5107
8581
803
3001
2641
1364
2967
9714
7800
9723
6293
4112
5678
8183
4305
8342
1347
174
574
4696
4277
1207
2994
3048
3942
7855
9304
9528
1156
1673
4319
2615
254
5123
5616
2895
2839
8584
8962
6991
4659
5255
1104
6689
9790
1761
5031
7489
1935
1957
8537
2565
3164
1531
1965
3458
5738
1270
2986
3246
2943
7306
5862
9549
8781
7830
8796
1620
2766
7758
8611
3777
9365
6067
6818
5507
4180
8201
2996
2468
158
1534
5033
3322
9417
6998
6780
5156
4620
9767
4754
3915
3425
616
3464
8558
4799
2261
6530
3917
6371
1493
7695
2089
7561
4513
7596
8093
2715
593
561
2873
2127
1946
2548
1544
8945
5680
3052
9917
1799
7807
3833
5224
4775
3649
134
5926
5910
6664
9844
8634
8158
7539
7075
2071
8404
4671
164
1119
1616
7078
345
3743
9024
2893
1640
4321
8573
1044
4239
373
5203
4424
1949
6331
8073
2084
2257
336
5100
2101
8970
3258
5992
6045
1681
749
7068
1846
1868
8685
8924
8565
8780
4300
1458
6772
8622
6384
4169
2861
3109
9372
7285
1410
5703
1710
9846
4313
2046
4947
2766
7368
4557
5111
3413
6239
5860
6834
8085
4080
5519
3361
2646
651
7661
456
7424
2635
3192
1593
1848
6301
7317
5485
7712
3021
7196
7558
3686
9242
8857
6452
6611
3415
1563
6376
6006
7423
3210
443
7856
5081
3804
502
2085
7817
7310
9509
453
503
7454
2301
6804
4771
4139
868
4144
1335
4779
4182
577
3636
635
3540
3403
8550
9917
9409
5974
9479
9852
182
913
8
684
2998
4178
7994
8859
983
8497
6313
9636
1654
7436
3775
2522
7933
5110
3653
2115
5688
7290
2750
5580
7045
1301
5497
2807
3627
1329
9011
3809
2242
9020
845
5240
9550
5191
4099
533
41
6764
169
1695
4200
3945
569
8485
9055
4223
601
1095
7865
9703
6676
1262
7356
8525
4069
7335
9854
3081
7496
2096
8453
4693
3688
8003
9885
7787
4888
9926
903
5057
7973
1456
5354
4894
9941
762
9117
6894
1857
3334
2950
4885
4597
6658
9763
5018
3994
5969
8099
7842
8066
2904
2536
8106
907
8773
2246
5795
5051
3149
7205
3024
4605
2559
4270
899
3321
9740
7793
1531
3074
743
2768
4023
7402
2531
9042
7748
4853
3493
5590
2919
6398
4478
7377
7305
3251
9623
9453
8302
2773
3010
7678
3730
5569
1949
4629
5243
1689
2423
3126
4763
9518
5894
5139
3272
4778
4181
7372
9631
7674
2963
8902
4072
3793
6279
7730
7045
2255
3535
1699
5028
6545
9378
8758
8466
1327
3388
61
3016
2163
3187
4131
8033
5434
9270
1306
6564
9803
8678
2547
3830
7993
1449
4254
1787
4080
1984
5184
6335
1871
6883
7715
4768
6261
2826
9587
3940
2566
9648
3308
4729
9188
7440
9114
4622
3062
6772
1186
9218
5451
3733
3048
9796
1534
7302
7935
1966
5639
9471
4654
7510
6355
2369
8631
8968
5195
8218
2909
7761
7866
2569
8842
7054
9
7957
8028
9424
4729
5566
4994
6532
5651
8042
2681
3537
1696
616
5504
7335
6440
158
1198
9147
8879
6181
8115
4075
4399
7376
1836
8617
9946
7031
2024
6307
4988
52
2083
9717
1971
7077
2602
3974
1471
5283
7512
3168
2251
9368
6855
8691
9526
4405
4190
8405
586
2306
8832
4985
6034
7021
9955
2332
4052
1979
4992
9040
8383
3427
5109
354
6857
7711
4329
8328
9346
8193
7848
7950
7561
4704
6641
7087
5461
832
1844
6048
9490
677
7385
1876
7698
7340
561
8102
9319
1905
7142
4055
5332
8603
4409
2189
2667
5090
6870
2013
3283
4718
9963
844
5774
2957
4283
7588
141
2480
9988
5983
3157
7373
4211
7207
1066
1124
1661
6737
3029
8803
792
4714
3758
1554
6903
6425
6644
125
4791
9928
1196
1106
7124
3322
415
1408
910
556
3888
898
2891
3397
4624
3455
6956
5690
4579
8617
2427
7609
3772
9572
2323
7530
1126
5578
308
7770
5704
5099
4050
3252
6205
1175
6574
6621
8935
7485
3529
9175
4735
2773
8924
9359
6228
5880
5049
807
849
3829
8416
973
3401
7091
8503
4527
2670
8811
8649
4726
262
9052
7978
6468
6579
4552
9441
5514
8389
2970
1041
3125
5743
9965
2484
8323
5845
3886
9131
3046
7715
3899
4019
1116
991
8874
1995
13
7686
6996
1091
4300
6048
9069
768
2627
9973
209
8141
8363
9532
9182
1488
1627
5499
324
9951
7696
4210
5434
742
8277
9333
4761
9393
6676
3636
7740
3041
7674
4737
4132
1974
7137
3201
9095
9765
9527
5656
4258
7890
1540
9793
5730
3168
5292
2406
9471
2989
6617
4905
83
4894
590
4845
640
3619
4833
4732
6660
8859
5821
7145
7185
2959
346
2632
2724
6225
8289
3334
4115
9829
3127
6197
9349
4772
8604
8820
4113
1573
77
4196
2819
7020
5393
3459
639
226
4544
3651
5437
365
796
8975
3324
7495
1607
2400
3720
6248
2087
4188
6078
1566
385
1779
6338
5341
600
451
6914
7029
1000
9734
4049
6393
9545
4688
2972
4089
4692
8409
4455
5488
3736
4131
2983
5344
2884
6704
1592
4971
892
4022
2889
7629
5802
9228
2971
2754
6031
6237
9783
3383
5971
3833
9777
1869
4873
2749
5958
9565
7510
6765
1406
1247
7249
4389
2943
133
7445
4535
1456
8337
4910
4345
2319
712
9925
5290
9818
2309
1527
9601
5692
3851
9786
5469
5720
1012
4570
8030
6929
2081
4796
8335
9680
2045
2725
2623
8530
170
3510
6338
4860
8420
683
7179
5484
6961
8821
5302
5622
6700
1256
1314
6903
1042
3136
8975
8406
7706
7006
5336
6139
8154
3671
5819
6551
6396
4794
5081
2919
8305
7771
7779
3077
4806
1310
8562
1767
6483
216
7389
3183
1472
5056
87
8867
4544
9062
7273
2250
2420
2609
4742
574
2633
561
7125
9029
1708
8558
8300
13
6329
2431
3090
1136
3741
8004
9255
224
4573
2997
9760
6045
8053
9847
1264
8949
5261
8538
1199
4034
7499
2293
4608
132
9207
8086
5514
915
2996
3814
928
5678
6246
370
3166
6339
4727
8773
6564
9300
1770
6324
1697
6175
2523
2962
5124
4136
7852
2676
8170
5351
4969
9131
1836
4176
3569
7350
1443
2917
1164
8723
8595
3762
5446
8113
102
173
6887
3018
5825
5009
5694
3874
7537
8217
3188
2661
8705
1040
1689
3228
2744
3011
2359
4580
3539
2280
8282
4983
5197
5798
3706
145
9561
9152
4610
9663
5677
1497
9033
7854
2859
4727
1729
396
9296
4917
9409
8001
2310
7451
1229
1406
462
9940
2338
353
2220
620
5336
7418
6418
5395
3915
2331
899
8525
1994
2929
6375
7379
783
9234
2106
8864
5982
1402
134
1743
9404
2444
9194
6985
202
6008
6926
2540
6362
5498
9512
8050
9268
5930
9797
3183
8262
697
8061
6608
3626
4436
3988
761
3670
2446
9626
6004
3849
9760
7747
9605
8556
3294
2942
8758
9302
6220
7650
2016
1719
7162
6419
987
9444
6216
523
4058
3265
8584
7019
3243
3020
7359
4005
3042
9805
3631
5398
6
9743
9497
9611
8299
2791
8906
3409
8446
5126
7411
462
6845
4573
6881
4185
369
9450
1060
4428
2715
5996
1447
5959
9016
8806
9964
8410
8611
9947
160
4970
9690
9657
4581
4341
2449
3487
4102
895
4966
1513
7709
8163
2438
943
8700
2807
393
9760
7235
3108
5756
5034
5419
1124
192
1735
5886
5156
1682
6046
126
7724
5704
1059
8417
4505
899
8871
1752
5865
384
9461
4028
9174
404
2729
1982
7149
8841
5569
6610
4598
6956
2029
2074
7148
3765
7961
2304
1799
359
2430
5876
2415
9842
4293
6920
741
3165
8672
6606
9901
4486
6986
9076
4890
9715
7410
8392
4909
9331
5002
5859
2639
7031
7933
9788
7148
2246
8444
8948
2606
7227
4824
1373
7069
5469
8294
7810
4986
3318
768
4888
7804
7754
316
9047
3822
4078
7439
8731
9761
8793
4590
2401
5824
8875
8541
9325
1122
6985
4625
80
4212
5801
1453
7633
1270
6099
1795
6257
9418
2563
7497
3574
318
4165
8973
492
8243
6412
9223
4356
5205
165
6757
7382
9040
5298
3059
6514
8636
7684
6594
9200
9837
4400
6834
1107
499
8629
3716
6269
1193
7565
6196
7863
1730
5169
8355
6325
7934
3930
7034
9491
447
3791
3225
9487
5442
6284
6002
4078
320
8948
9630
157
3348
6464
7617
3848
1446
7685
6469
8991
5251
2665
6854
3333
7835
1561
6011
2121
1843
3045
1612
2290
3188
4838
8129
4982
7474
4131
5412
7795
9432
5043
4304
2780
1507
1921
2980
9305
5959
9450
8296
7562
8467
1502
895
6302
3063
3258
8423
1258
2655
6388
3548
2196
1226
8030
7178
8700
8513
2591
2847
7945
7634
7152
726
5493
5425
3706
4799
1384
9508
3095
8946
7976
4598
6194
630
4013
9452
5406
1624
8460
1794
1524
656
3020
9554
4186
8072
8068
6777
920
6013
763
8072
3091
2609
3497
6798
7408
4882
2658
6855
3828
634
7805
22
1265
1819
5827
6671
9795
639
8465
1319
1295
7837
874
1833
5909
8942
4963
6829
1307
5726
1253
4399
8335
4751
7549
2095
5985
207
8951
9813
842
3108
6188
8459
1279
8367
5130
1074
9006
9947
2394
6653
4136
3268
8486
45
8562
3449
3227
9869
5528
4480
620
215
9231
8169
8663
5216
8377
7614
1382
5571
7074
3922
4030
8354
8641
5512
9428
3999
1811
1822
652
5947
1442
5490
5992
4
5292
5571
6226
7172
52
6846
7387
5635
5016
6050
7204
9745
16
4938
1668
7091
5212
2050
1797
3853
7562
1225
7852
9373
9400
4856
1672
842
6698
4016
7199
1990
9588
3425
5514
5992
271
9254
1627
1639
1656
5183
7736
1673
6473
9404
5116
1685
1454
3265
5538
5368
4490
9742
1093
3890
4598
2765
1085
1297
6782
8284
9639
6370
8061
5154
2362
4684
4408
341
6324
6064
1877
412
4089
8350
6169
5557
6388
3975
8822
1926
9344
9665
8021
437
9907
2619
9555
992
268
6337
5628
6260
9059
3689
1414
7773
8374
2174
4466
1050
4590
6343
7814
5032
1046
3983
589
7434
7959
5764
5712
3655
5429
3733
444
1688
2705
9999
2681
9325
2688
4661
5585
1747
8351
6999
9520
3077
5525
3987
4127
116
6682
1941
1500
4080
2277
8441
1514
236
4205
3579
243
5986
3664
687
7675
6369
7039
6708
5695
9727
1369
7632
1475
6072
984
7347
9149
6509
7686
9628
2977
721
7922
4477
4801
199
2919
2668
6787
3476
6247
7030
9463
9911
4069
3490
2633
1108
6550
4680
836
7919
2312
8663
344
3296
2362
5845
6158
49
5474
9135
7122
3396
9965
1923
9947
9236
943
6734
2712
7190
3764
2175
3454
7833
2017
2439
5294
8567
3471
6130
2839
5783
1145
9535
5432
3507
5380
7942
9908
7206
3429
3382
6954
3394
1658
6901
2630
2601
3635
5343
6144
3751
3870
5950
7937
2240
8389
3231
807
1860
5713
9998
3995
3210
9533
5779
3069
4914
3721
9330
2120
7151
2712
9075
6897
4370
2328
9528
6972
5964
1223
3116
6067
1445
5418
356
3685
3807
9939
845
2019
2004
843
2366
5214
377
8146
8284
1643
8219
3966
115
5370
6678
9190
2268
1049
1519
8148
4373
3835
9371
3841
6254
816
9259
6611
4502
9418
2902
5347
1437
4907
2542
3803
121
2919
8301
4757
914
6521
8723
1030
8243
1754
6572
511
9155
8091
5011
3528
8278
4382
7369
885
1551
2980
3848
2405
2398
6750
4104
3835
1657
6646
3990
8131
5918
2292
9240
6832
5165
4316
7862
3408
6070
4435
272
5225
8878
5283
5105
3509
6018
8826
746
7569
1806
4594
6326
4204
7696
430
4391
5706
3428
8381
189
5698
7025
9429
2531
2190
97
6745
5599
2519
7532
2223
7744
2763
7506
9201
2624
3524
8027
3370
7445
9833
4316
3771
389
2012
553
4780
7718
3982
9514
7907
9680
2891
3689
8563
1434
3786
1661
3385
6306
5545
5608
402
8308
3114
9604
7284
2991
3983
7006
436
3817
1322
560
558
3335
1113
5339
7405
1447
1205
1665
7480
4096
5354
2395
1882
5492
4056
5267
8150
9602
875
4905
4262
342
4509
7899
3333
4844
4905
121
8661
6228
681
9220
5915
8147
911
3320
5946
8468
1337
3426
8916
3043
2174
799
8536
2582
6066
3038
2184
3294
7943
2799
3636
8804
698
6969
3649
1955
7090
8662
8183
4124
4234
450
8623
5145
123
4569
3613
1460
4348
8882
4504
6522
9681
9392
9104
2099
2430
7641
5393
6726
6792
9029
1882
3842
2350
5531
5797
9441
546
333
9917
4780
783
8540
9926
906
9461
9891
8719
161
5125
3223
6683
4806
8967
2140
6906
7749
6133
2299
4475
9277
7681
2710
3119
31
8241
5268
5824
8787
5601
5741
9920
2737
633
6198
3643
95
2441
8714
256
7567
8289
3292
2373
7256
1784
5631
5006
4269
4283
5833
3546
1964
8543
6665
1995
3137
1933
7820
8276
3887
3561
8196
6624
547
4394
6619
6994
6836
5334
3602
4403
3623
3246
3128
7232
5030
8760
8590
9299
9395
4423
2845
1359
9319
5862
3354
8808
4148
1174
7084
8035
1088
1633
1011
7987
6027
7630
4981
9215
9316
8583
9970
2940
1830
3099
6524
3212
8211
5114
8864
7606
9537
8061
8965
5208
3924
8671
4016
8072
6198
7453
2459
7286
9086
3470
1625
5113
1100
6606
681
6769
1541
651
6061
9723
102
2585
9288
8313
7699
8152
2271
3588
6213
7588
8797
6489
6260
9165
4561
8810
6618
7020
2448
5704
6842
4073
7170
4295
679
7851
1064
8572
8502
7125
8296
8605
9710
7584
3270
3761
2088
1894
7349
8301
9482
2498
4791
2094
8016
5704
904
4634
9077
3352
6691
5919
7425
3861
214
4456
1712
7630
3029
6566
4755
7677
1523
817
1613
1146
4578
3701
3040
8280
8354
8874
7130
9497
969
5146
5202
8225
6133
631
7930
2824
6550
1707
3037
3117
6164
1101
747
5545
7667
1855
9574
5543
2672
1187
6689
3603
1240
6081
8235
5946
4955
5365
5444
2276
6864
6998
6854
9349
7629
4784
8525
531
2843
1562
0
5359
2663
7100
904
6682
8955
6830
8577
7979
4369
5266
1582
5609
7699
9817
1556
9007
1535
3352
1283
4751
350
4489
4100
4331
9273
8977
1214
2117
539
7567
7476
9554
4667
4733
6236
9974
1563
1166
7953
5933
2784
5888
7894
484
2057
5802
9491
9944
9154
7126
4695
5856
1616
5147
6539
889
4124
4106
9358
1015
8025
3187
569
9044
4272
3158
9018
2187
4324
3323
4472
7108
9211
2367
3944
1269
4521
3435
7565
28
562
8613
5884
2178
3760
8776
9419
4237
9234
5130
1604
7259
4669
2174
6303
8941
1684
5321
7480
6008
8644
1953
9468
4208
672
3413
1829
5193
6848
9394
5221
3762
8007
7458
2292
8120
2586
1712
8709
1820
3194
313
9079
7863
8839
5382
3156
523
7055
636
2883
2051
2589
8704
2611
9613
2117
4440
4807
5317
187
6380
5432
4546
190
7724
2666
2776
5788
1375
4596
8982
8041
27
6845
6880
1761
6353
3756
8816
6990
6639
7220
5931
5343
9831
5545
3812
624
6704
9130
7163
9436
914
1709
9627
8638
4376
2403
4427
2103
3352
3409
144
3379
6607
3377
5141
2960
7133
309
6302
124
3881
2234
5468
65
4131
5632
689
7187
1114
7852
6623
2028
5913
2602
667
289
1358
5094
8745
4710
4855
5241
4441
7814
8618
5934
7127
2103
6244
3429
2228
125
2015
4048
6542
2498
9680
7231
9685
795
1435
2661
9175
7349
1615
9842
3990
2973
1288
2735
4035
2496
4329
4829
310
9299
763
3789
1403
3359
7219
9983
9837
5586
4031
6379
8085
63
9963
7770
7210
1398
6783
6386
5099
8399
2580
5442
7724
3869
4529
1760
2717
8858
6589
9379
8158
3704
3169
5913
7064
6740
5896
6901
2326
6279
3280
411
2694
3243
4534
9905
994
7669
2643
2445
6068
5223
7887
3793
5444
2417
1905
8161
1275
4846
7541
5785
8550
7062
1698
1966
3802
3946
5219
6128
225
8500
2892
2920
8095
7426
9177
5441
5095
1820
7887
7516
3395
5774
7661
8840
8191
9566
3353
5819
764
7246
7956
5666
4308
6007
7633
8110
9953
2852
591
6531
7704
3483
5803
2152
7261
4980
7593
8708
6800
5480
2576
195
1255
237
5387
5798
6155
8741
7969
6919
5987
5926
8938
296
8285
2923
4758
8238
5775
5349
4769
9832
5184
572
1984
8797
1904
5929
7506
5056
1410
82
1604
9017
6672
6991
1167
2827
2084
5489
6099
8072
1415
5037
4720
6052
7960
5830
4290
87
1180
5412
6271
2716
2336
8255
1514
4241
537
5372
9297
1947
5454
901
7316
8478
4245
8483
7658
6329
3972
3757
753
1739
5146
5473
7791
9458
1304
8434
9545
8836
3846
2169
1552
2534
6776
9418
6775
7313
4790
2425
9260
6597
9678
6576
5075
3923
1412
2733
253
1736
2842
1006
3476
7988
2832
7619
3798
488
6053
3344
5676
6251
1865
3580
8786
8641
2999
1913
5955
4141
4338
5215
738
4017
8144
5814
7940
5908
4899
4545
7644
7742
1904
1120
2082
1088
5092
5881
1576
1145
5577
3604
3749
7442
7184
2535
2435
6535
800
8390
677
5139
9958
1415
5508
8102
3581
9800
4010
4833
4346
1654
2575
2602
9127
1009
3690
4219
3242
1618
1716
5171
1574
5465
8965
8758
4352
1401
5294
5153
9791
2323
6644
6101
3738
2152
4203
3672
1952
4565
8505
2650
2572
7432
1604
8051
4793
1646
2270
8036
3264
3986
9559
4838
5804
8525
9949
156
6278
1595
5309
2421
270
1953
8523
4008
457
9078
4032
2410
9996
2537
1412
2568
9969
3017
619
4763
4663
9241
9151
4280
9579
8710
5470
1735
3587
1771
1892
9865
3366
3553
2287
3636
1859
810
3997
2316
9888
8029
1078
9884
6919
8843
8804
3240
1860
5775
4355
2875
1368
3506
3507
948
8569
8978
2683
2156
749
927
2022
468
833
4309
456
2692
1471
805
1360
7711
5187
8791
7596
8458
7634
2752
1698
5846
8528
6054
8721
6248
9560
8581
3548
8129
7559
6232
6638
4660
3511
8660
1480
4344
9321
8289
7036
792
5446
4749
8503
6985
3540
2451
5443
1174
1556
7142
3372
6436
9548
8445
2684
5460
7026
6233
9942
4585
8817
6580
5598
2328
5240
3430
3025
913
1719
6413
8057
7166
1162
2912
4151
1054
5364
5947
2228
3272
3089
1952
9708
8989
398
8744
4449
7424
4977
4391
2010
146
971
3960
8827
2563
7390
1852
3476
9110
8265
1533
2628
5780
4446
3131
6834
6162
9078
5415
9434
8519
7367
5494
7508
7765
4238
1958
5190
9216
2701
3552
5714
3673
3864
4541
6236
1254
6393
6065
6716
1011
7598
9344
3143
8396
8828
9977
4558
7906
1744
344
2778
5464
5838
6638
3229
6429
8596
4771
5645
7650
4675
7711
1323
8539
2253
3911
9794
8646
9976
6510
6009
3927
2207
9152
8675
1035
5482
9586
5293
7226
9930
4423
2690
2121
1062
2272
8550
6010
3395
547
3660
4423
8258
4983
2962
511
5247
9108
5510
1575
1971
1519
5502
530
7024
4178
7917
2506
3764
3210
9732
46
7634
8775
2167
5048
7399
7069
1058
7146
7616
4719
1569
2227
6054
884
2738
1301
6344
4600
2877
8315
2472
4731
5197
9496
5261
3114
2002
9025
2677
8086
5424
6663
3213
3943
1711
612
1013
2769
7759
4981
3840
5680
7208
9895
6564
6299
1196
2909
899
425
7576
3371
5157
2774
2867
418
5888
1221
5796
4917
9308
1220
1580
2521
5163
3291
9486
2528
2413
3597
7510
6253
9277
4718
6148
5842
1017
3697
8751
1917
4122
6327
1640
9279
5453
4508
9698
7694
2081
1846
2611
1389
3066
4192
263
4581
7483
6101
7110
6248
9698
4620
2502
8975
9338
8650
4817
6708
2347
9920
8625
6470
2600
6617
2101
8053
1125
8151
5747
9559
9997
4711
948
9415
8903
7563
349
2738
3664
7459
8987
3362
8431
1489
8690
7769
6491
9859
829
5191
9780
5806
8013
8732
2424
114
3137
9901
4618
5237
9460
967
9948
409
383
8851
4324
732
1589
4341
4543
6928
4055
2974
8417
2745
7095
1261
2605
7925
6452
8737
3731
4465
7469
6155
4579
606
6057
5549
5843
5517
6517
5791
2278
6900
994
2955
3984
2584
7296
8527
9512
1351
7853
4282
4097
4948
5543
3054
9225
1995
1791
2957
2812
9260
5464
7391
9866
1521
9293
2062
3391
5810
4205
2021
9062
5200
4976
3046
4136
8624
7925
0
9976
5778
4282
425
7078
6177
3479
6304
8172
5270
5613
984
882
1077
4728
7100
8951
4021
9162
2342
6183
3368
715
5245
4920
5692
8291
9056
4316
2568
9056
644
8346
9691
1069
1776
5868
4548
8080
393
6170
3693
7729
7052
4771
8809
4153
74
2830
9667
2416
5365
9387
9483
610
4307
5175
5253
3363
5844
7821
8772
6488
2519
8463
7558
648
4331
8458
8728
4724
981
8774
8806
8033
9897
7615
8538
9971
6798
8206
8739
2163
3945
8222
2774
8253
9750
4379
7968
5594
8553
6740
8434
7424
1555
5992
8072
5887
803
3153
6963
8136
1927
5769
2521
1824
9737
1060
8147
6535
5618
6886
8698
9563
1460
7824
4168
1210
8556
2137
3156
7109
8877
1591
4533
6785
3935
8958
2672
1090
2111
5987
9226
4038
8109
1748
2214
7846
9160
361
733
4778
3599
9431
693
1411
3608
4862
2622
2164
6999
2130
5625
2228
3721
6510
9013
4009
5468
8037
5099
7579
377
4326
7969
4838
2426
6535
9036
1586
3248
9769
2716
3199
5552
9761
4611
9160
4623
3585
7676
7974
5715
3301
6555
5789
9812
1920
9798
1632
6310
4897
5564
6687
5575
9885
7877
8001
6421
6913
5939
6021
6682
8655
9221
2234
8417
3832
7747
9392
3769
1775
3719
5836
5077
274
1625
1241
8546
7775
9225
4856
2673
4789
7895
4600
4675
5772
8954
7448
2685
4893
3469
5719
9901
2690
4306
8318
2874
2053
4062
2995
180
7781
8832
5257
4407
457
2850
2954
8233
2076
7810
7258
6865
5706
8210
7892
7830
7164
5340
516
2058
5162
2587
8311
4204
6893
2981
3431
5298
7043
6426
5479
1177
5258
7088
5584
5716
9939
8538
301
2015
2701
3911
5232
8407
8473
9477
6237
5638
1169
3105
4048
6331
5693
2359
536
8938
5340
3967
4237
8735
393
6068
9912
2004
3156
5497
4072
9447
387
4373
7814
3088
4636
3047
1495
9461
2524
4085
5099
45
3542
5499
6377
5587
4210
3265
4526
5902
3584
5115
4638
329
1183
4550
2333
691
6399
2757
139
6787
7130
7953
9875
8118
7352
7723
7580
6228
8160
9031
6274
1702
883
9003
3642
5093
8620
8168
7348
2204
9635
1986
8885
7170
2888
7571
7861
5640
328
4352
2427
3811
2306
8654
8281
6010
2729
2213
2239
889
1245
4865
8944
8480
3868
2586
3573
2488
7106
921
1044
6741
9259
6281
3911
8500
204
1772
4140
533
2477
2919
696
1135
1573
8977
7145
4303
1191
5736
1544
8788
601
488
7268
821
9426
7193
9661
6532
4467
705
3273
78
3339
7184
8578
3543
5309
9070
428
7786
1989
1124
8921
9915
102
2418
570
7645
8155
8466
2785
8756
8955
53
5930
4733
3598
5591
1266
8065
2649
4539
4496
5988
8076
3074
5883
3385
8497
6312
7523
486
7436
2796
6753
3890
5214
3675
1535
3369
2142
672
8478
7449
725
4408
2182
676
9999
9800
5093
2648
4340
9589
4988
8768
2664
872
8505
1161
7184
6028
7999
972
5176
1105
4863
390
1132
2750
3760
3274
3423
2238
7075
500
2998
5610
1176
2997
5410
6270
1998
6102
2211
6986
4870
4875
4210
9727
2388
1394
2107
6740
2367
7283
4197
3582
7674
5329
2684
7786
4956
6107
6376
2031
2960
9374
3993
488
8723
9404
3110
721
1858
5322
4060
3081
6549
8270
2808
5290
6017
4916
2030
4736
8551
2579
8318
6225
7908
1002
363
2864
3462
6739
1248
2774
6113
5241
3262
1189
997
6373
1910
2856
1695
2322
5937
4596
593
5097
9886
6610
13
1916
7698
8565
847
2368
1142
8756
3370
1506
7972
3184
4597
9220
5958
7063
4462
5573
8252
1811
1946
6514
4667
9993
8837
6956
4589
9430
2054
4476
2392
8419
2744
90
3336
9944
2458
831
8700
2180
8689
6672
1717
3286
5893
4027
6701
6707
9600
4953
4870
7898
7820
5890
7891
6657
2846
8833
2439
1252
9661
4831
6024
8757
1273
5712
8701
83
2895
3753
2263
1584
426
332
1223
2671
4360
4276
5730
312
9230
600
8211
3402
6490
2454
59
5689
7639
2498
3293
7300
3681
5669
2410
4954
1382
7463
5037
629
1217
3652
8566
7995
3985
9789
666
4697
417
2748
5009
5999
3348
3220
9401
6191
5675
9460
8232
3314
1958
1525
6967
5639
3547
5729
6945
4929
3192
1982
1910
4409
5635
476
2404
5972
6617
9422
669
7035
2170
5678
3034
1871
5251
2436
4414
7278
1896
2646
6944
207
523
3911
5846
4070
5992
9144
5351
9185
1126
7262
9946
3113
7738
2351
5437
4356
8125
6106
1391
296
8137
777
8519
9740
3213
2933
7018
5110
1931
314
1669
2454
578
3867
2877
6570
3011
8228
5755
4138
1842
5702
3603
9581
4405
9041
289
2530
1499
8032
2826
5988
8809
7697
2080
2023
630
9098
3485
2561
9413
5154
1368
9991
5373
4245
2913
8385
8825
8669
8875
668
723
2478
6601
5128
7871
6890
7658
5723
1274
6837
8063
6435
4534
144
8458
1517
5594
8295
4078
1359
9801
5446
1350
5175
6043
616
3560
4869
9285
2435
1889
8
1265
8490
1488
5489
1732
5498
1212
3006
2335
9275
5793
3222
9419
4252
4739
1366
8899
5169
2725
5053
6968
428
228
3011
1044
140
4232
329
8927
6121
6689
192
963
8177
2033
2695
27
3245
2053
2363
8873
7847
1937
4644
8451
6676
6010
7350
1845
8736
8755
5165
9164
8983
8177
208
9123
8761
6889
4402
4883
9930
947
5846
4459
2980
4894
4486
2578
6947
3201
1451
1146
5138
2447
9597
1814
8458
3300
12
3546
2055
5177
9062
7391
9706
5622
2866
8468
8863
7269
9703
8793
8216
5549
3252
1196
6795
4090
3774
3743
7292
1577
1241
2430
4025
839
597
8835
491
6961
8733
8898
8490
7795
6289
8197
9769
9156
3017
8632
6425
2720
3777
993
4621
3381
2189
1417
7471
5964
1512
1115
3893
2753
3546
7918
9944
495
3105
6787
7456
1838
5686
5946
5985
8327
495
5754
7483
9864
738
260
8936
4515
1253
3558
7896
9795
1327
1720
5759
9191
2835
9652
8296
6381
3923
8241
3228
7028
1380
684
8867
7066
2983
4852
5394
9830
6959
9229
9695
7697
9490
8631
2213
7095
8541
6461
6890
6220
8181
9001
5411
1017
5006
3708
3750
5281
8301
6979
2309
6033
4015
7528
3100
6998
8733
4846
3181
5692
4075
2876
3389
9917
7859
1954
3365
6401
8416
255
2621
6597
5609
4385
3966
615
4445
7717
5896
9098
4696
4557
5131
5063
8438
8231
2062
7171
9429
1595
9215
9857
4471
2604
6126
8682
911
9491
1435
5679
6099
4057
2276
8060
4794
2595
8675
9239
312
923
4689
1360
1832
9820
6423
270
4404
4837
7441
3833
6432
6656
42
7255
5613
6169
5938
2876
5660
7373
8555
8111
7782
7183
6171
8928
9778
1198
4519
6442
8473
9208
7802
306
9029
578
6928
3433
5415
4370
3618
8200
7378
3661
5455
9343
9830
7745
2219
1842
1471
7126
6306
5605
4310
2477
4534
440
3676
9053
6883
8501
8262
1037
8807
3643
1615
5736
3428
3383
6458
3398
7935
188
7059
9742
9532
3241
7488
8103
1436
5311
5230
7742
916
5892
6571
1802
6332
247
856
9567
8749
5470
605
3908
5465
8572
5996
8893
8307
2454
2291
6242
2643
5703
2337
8527
5296
6177
6630
6732
1488
8212
826
8756
4104
7398
559
437
7645
7767
6356
2746
3237
3313
3007
5054
1886
9003
3947
6545
1458
2590
9140
453
4645
1477
8980
9942
7654
1962
3026
9142
175
3853
7898
4279
1251
4809
1068
5248
2576
7425
7995
2165
738
7354
7219
8976
6357
7518
5522
4167
6461
1014
4620
1106
2491
9952
1048
145
1915
4075
5639
8442
7928
9889
2721
5531
1051
3790
779
3627
7567
5126
5793
8305
2480
9364
3634
8838
6883
5508
9357
3344
6522
3978
4450
9013
282
1851
5510
8549
2278
7501
6991
6558
3742
9713
2089
4793
9855
2868
8421
3774
4347
566
8431
6827
9930
2065
2017
3165
7573
1375
2861
4095
1705
3664
9460
8339
1867
1322
6889
4145
8823
3880
703
2566
9945
2792
3711
6152
2012
8484
9926
6359
9050
8358
9539
5333
6775
1556
4850
4349
9283
7712
4796
7340
7728
609
5680
9595
1931
2569
3740
7107
2801
795
6025
2747
9939
9736
8899
8303
8221
5178
4663
3623
3536
554
5308
311
8462
159
1012
7746
4223
5809
5086
8303
2770
7118
7898
4701
9687
7990
1808
8841
5137
4185
1588
5076
3922
6839
3379
8495
2017
4394
2118
1905
1300
7427
8569
9763
3938
9581
3861
4513
1742
5299
2816
4512
2418
7066
5566
8457
5056
3726
7298
193
7912
8886
1621
8186
2078
1352
6681
447
2099
8799
2353
3399
2578
922
9514
2868
6855
3375
7381
4950
8675
6549
9462
1093
3615
1380
9550
5023
5107
3201
1568
9371
8439
9541
7557
517
894
4238
965
9345
9389
9670
2744
8320
6944
8611
7540
3799
1986
4922
8749
661
7823
4564
8106
7791
5944
4009
2814
7403
7210
735
6774
5649
276
683
2519
7522
1273
3484
6867
663
9506
5964
5335
6450
4575
2875
249
2913
4149
5351
9927
1973
9915
8033
6116
2211
8394
5282
5967
1956
6017
9093
3958
2646
9777
6477
168
1050
6313
3388
8065
5819
5704
9752
2269
279
2628
8870
9544
6777
573
9471
5102
6840
7505
7570
9052
2251
2853
5019
4208
8870
464
8166
1516
241
4643
8037
7644
7308
1425
2061
3127
3481
1814
1748
3760
4442
6970
3304
7571
7544
2776
9026
4384
6633
6596
9788
8884
9449
1159
9444
4672
1624
7610
2540
1865
8605
577
5861
5913
8354
7923
5392
1835
9737
7140
1947
531
463
1604
4454
4359
732
9832
8743
3717
2781
4884
2601
8582
6043
8398
3254
7667
6008
2147
5885
966
2724
1746
6879
7431
6021
8624
9266
2110
5764
7566
8993
2579
9170
9800
6938
9902
5984
2034
3619
8765
6918
2572
3700
9313
970
3306
6981
3331
5453
9218
4297
8178
7316
7528
1961
3338
6152
7579
1800
8269
5145
794
848
4315
6946
4139
569
2930
6173
540
8048
9443
9465
1748
8756
6787
5054
5737
118
6860
1307
767
1390
8624
4648
3351
8314
800
930
6466
9069
6076
7260
6270
6743
558
6761
3665
3489
2934
557
7889
8729
22
5989
7485
3162
7395
9575
9632
4255
882
6752
5645
5858
1400
5348
4172
2200
6279
639
7622
8707
4251
244
1802
1162
7005
5467
1003
6291
2377
8892
5020
8751
4881
2505
1913
2276
2080
7898
2884
9315
4650
8529
5173
6050
3878
5698
8250
6509
2689
2224
5216
3292
2468
3370
4454
5825
5190
5457
2116
7567
701
7136
6318
5582
5994
4584
4211
4426
2482
7095
3741
7132
1976
5267
3182
2206
7317
7784
8715
6
6361
283
3298
5181
3654
4105
1007
8844
9562
9475
2763
264
6612
5433
2198
8958
17
6409
3384
2499
9856
3478
5983
1833
5097
5517
4039
8766
3302
9107
8772
6015
9390
8422
1196
9396
8879
2203
4592
8442
1679
3707
5058
4643
9141
3608
3601
9158
6370
3337
8010
6226
3167
3993
4411
4616
9511
4803
3382
9165
3910
8506
5180
9652
3281
6376
5401
2160
4932
9993
6954
6611
53
8364
7606
9194
1973
7559
8352
8343
7248
2714
921
6768
3060
5333
1384
2571
136
1119
8088
4046
5977
9620
50
9258
2348
5451
7771
7280
1797
4725
243
1850
3090
7849
1044
5063
5408
5748
9758
9009
8463
679
5777
7875
6012
3513
446
6148
984
4886
6546
6962
4506
6597
2572
6854
8400
343
487
197
5069
730
2047
8159
4932
9443
9574
6692
5192
9332
5701
7
6363
1478
7882
2376
1344
4680
4876
2328
5918
7775
5642
6776
724
8215
9982
9124
8558
469
9322
3627
1200
7721
8138
2484
7165
4064
9176
2357
9748
4878
8716
6112
2708
2950
4840
404
7630
6068
2733
9900
3843
4727
6676
4567
2942
6658
3692
1501
7128
9366
1480
4680
7087
5971
7164
4252
35
2692
2961
6136
7570
8029
2248
6631
979
7088
7035
4961
3156
6120
4861
3352
848
1537
4271
142
8196
4315
1643
1676
3681
9476
2708
7121
5447
6224
1373
1834
8916
687
7970
2839
8716
6570
5822
9696
10
9209
4657
9519
1682
5871
2871
8882
7408
7142
9024
1956
1458
7020
9984
1491
6496
2692
8612
8295
5268
9986
129
4185
7025
4452
3376
5741
1022
9198
5437
1033
4759
6447
552
6441
2318
9775
5323
6078
6917
4348
4387
4727
7720
4371
6219
4216
3416
4831
8863
8684
1169
5344
9221
8194
9796
2597
288
7171
8147
5725
4556
2907
8524
5108
9348
7194
1235
1024
3273
4504
1724
7660
9232
9444
2031
1803
12
1799
2986
8875
484
508
4219
9705
8702
368
8655
5342
3891
6802
1068
8447
6061
5944
9907
5410
3139
1142
2786
2764
5646
4510
424
1230
3954
8807
3033
3966
607
2372
9193
7443
2880
9764
7148
7934
132
2155
3277
375
5310
697
8822
1371
6641
8729
3133
6132
6223
5919
8896
1870
429
9320
3100
735
4480
2486
4701
5087
4858
246
2530
4090
11
6030
2024
6495
4538
5301
6871
9848
5998
5693
7571
8992
775
705
5124
6998
2976
373
5220
9758
6045
8321
493
525
7159
1547
1964
8369
1793
4494
2459
8156
6877
4483
4652
7767
6137
7875
7615
8487
3568
1538
7479
695
2243
8956
7694
1572
9329
2914
7682
5374
7587
4527
2252
1098
6074
4216
9467
4220
5063
8278
8728
8292
2762
3380
6059
5251
7607
3674
3738
7528
5212
7570
8223
3808
6526
2269
1732
2207
1536
9414
3933
9123
3941
6185
6574
6368
6754
2393
6940
1817
672
2020
109
9786
1753
6168
5037
9360
6194
8775
6888
7758
6345
5112
7918
9223
7381
9650
7782
5269
5416
1716
745
5710
4253
7319
8430
1007
9712
1722
9176
384
3742
9285
170
5495
5453
1559
1208
7999
6687
8096
5758
9384
3208
3676
8608
6942
9679
2742
2211
1447
810
9308
3509
5064
6627
8291
2423
6340
13
1600
3076
108
885
9599
1955
2691
1158
3163
7042
7845
1260
2800
7230
820
2829
2190
4114
8860
4932
2678
6659
5743
1986
169
7159
8614
8460
5934
1306
4826
3886
734
4934
1124
333
6889
3815
7844
6405
857
5689
7665
10
9271
4837
9191
7813
8952
8051
9098
7982
4710
1193
9968
1231
8352
4934
9692
638
2592
4518
4525
3327
5804
5649
3660
9045
5816
1504
5450
3025
3546
9467
3035
9169
4305
2226
3335
9609
6629
2433
7591
7692
3626
3911
8923
8330
8846
4967
8968
1438
5837
9845
1117
1641
5494
4778
7039
7662
2634
2489
688
2532
8309
3723
8054
8966
2302
1389
8575
5283
3822
2518
2975
3800
2781
1899
2130
7979
6866
7450
9418
9056
7296
6887
697
9142
8017
7736
6805
652
6578
7493
9536
1239
7568
3942
205
6222
5331
5132
1506
5505
7650
4481
9305
431
2732
7787
8411
5951
5238
4181
5007
8886
7420
5704
8028
5438
9793
4833
6090
2723
8678
1978
3962
6247
5921
519
2469
7604
5651
3975
9462
9653
4809
5119
6436
7541
2907
4847
3492
4497
5380
4851
3383
2801
6908
7763
8239
6701
2597
681
5776
1275
9011
6090
3874
1284
6609
2696
8889
8612
3023
4703
8265
7832
9822
4701
1726
2729
5901
1570
3578
7633
6422
6961
6786
3330
4725
1377
6383
3674
8410
8511
1301
7422
4601
5176
8706
7562
4224
3947
6174
7247
8650
791
1432
4825
5492
3158
7554
7745
1080
7485
5379
3854
798
2165
7184
5523
9895
9919
5549
8305
8430
6851
5727
9383
8379
786
6945
8955
1085
9471
6202
6088
262
7634
913
5755
7144
4819
9852
4577
2304
5231
8431
3103
3749
1968
4978
3644
8239
528
1949
6670
3731
4029
2405
8462
1167
9351
7417
2252
8822
9971
8340
9085
3958
5605
1192
7454
425
1044
2031
2729
2628
463
2184
2729
8783
7163
6373
7022
4043
4674
44
4126
5055
2450
8940
6222
8153
6357
4827
6975
6328
3167
2412
6638
8773
9956
4093
5550
7353
6124
4631
9981
2939
6816
9062
1722
331
5435
5097
726
6461
1493
4852
7869
3943
3792
4091
8448
6501
8918
5424
9181
8438
4188
5820
3563
497
9913
9113
7850
2389
3744
4183
5329
6912
3245
3403
7243
5032
4852
4321
7845
6346
5525
5714
6641
5669
9806
5090
2170
5076
6866
7704
3514
7406
9876
7077
7903
9789
2542
2105
2178
6287
6288
3859
9551
5885
3615
3147
7269
8467
7468
5115
4813
2994
7181
7807
5015
3339
2897
3538
8416
9763
1242
8282
7169
1118
1712
1425
7259
4254
3530
5789
6893
6171
9649
6445
8408
3264
5944
5678
8083
3412
7145
9249
2758
4326
7056
7774
7666
9953
7664
2434
6068
8906
7068
9589
6376
8780
1014
3635
9387
897
5776
2632
3420
5425
5429
8180
5041
1373
3858
3125
4786
7355
2374
3896
8034
5782
8022
2052
5735
5686
4486
8155
944
7906
7744
7320
6687
5111
7307
2426
2360
3084
5058
2132
4861
488
312
9903
1861
523
9380
2999
7878
8106
6896
2264
3888
4918
4316
5975
6957
5154
482
7901
3061
4578
1574
6100
6041
8881
8526
8401
8317
3584
6885
3179
4072
7198
9434
2286
7721
8814
5285
1951
3272
2181
4216
3512
3452
4884
5839
409
39
6321
4662
9452
899
6236
5552
3293
1470
4078
1694
9787
4014
4932
2966
8087
2130
2400
6725
6203
7566
2010
8154
7190
544
8722
702
3996
9959
6541
757
6350
9214
1771
5802
6466
4360
7706
9759
5830
1784
7805
5617
2150
2737
4936
6589
4867
3688
3314
1070
1255
5325
5577
8445
5869
651
5500
6217
6962
2041
3326
3312
7608
5097
5466
4074
9457
3172
3833
1639
1308
7990
7257
3459
728
2193
48
5595
5881
3363
3018
3488
5040
4947
8286
7261
1950
3786
3478
8913
2179
6804
2225
9787
8253
7692
213
4063
7216
398
5702
8525
8389
2959
8336
9117
1504
8384
1064
3738
8099
434
3578
9491
5381
1864
6752
3684
5650
230
2597
4182
3386
1174
3969
1640
5218
535
2055
2435
933
7757
7312
9322
7069
5648
8439
4925
384
9504
8663
4836
9938
8594
4327
1672
458
1080
5356
2461
1310
4305
2995
1049
5479
3316
9041
7050
3851
1096
9485
4785
8853
3149
459
2274
5149
8899
7200
5533
4755
2215
6721
1045
809
1049
9069
7620
2129
777
6433
9791
5082
9428
7192
6914
2744
6233
3964
2948
3681
9801
7733
2535
2950
8192
1161
8099
3443
8361
9984
4550
577
6706
1948
7738
7755
1017
5358
6236
1795
8143
2379
3229
7571
9572
143
6668
5805
459
9616
9487
260
3701
8374
3210
8245
5887
7661
1689
4249
7646
2591
1178
704
4539
8916
4811
1909
627
1047
3704
8770
9778
3285
2694
9350
3429
5714
1508
3888
5330
7347
501
9031
2073
3711
3628
7960
7725
1669
8561
1723
4261
9739
2427
5152
5008
7238
7061
5635
4637
7117
757
4415
403
9803
118
184
5517
1626
4072
847
5325
925
6230
7398
4637
6211
1710
8714
7880
272
437
2141
6363
9216
3646
1371
2806
707
3358
7443
7825
468
8210
4580
271
8328
4764
5789
9954
5188
2988
1631
6114
5571
5381
7103
1782
7092
5817
9662
3716
2606
8156
79
8174
1802
1451
980
8861
1161
8423
6686
1629
6633
1266
1901
1314
2382
4042
7620
7571
7030
9252
3685
8953
4633
7140
735
8077
2957
6750
1793
1915
4906
1873
89
3060
9676
1069
1921
837
5844
4960
2467
8829
2578
4368
143
4961
8410
7764
8884
1792
3368
8921
746
8001
6061
7833
2431
5370
935
4224
7285
5841
6097
3726
5253
2125
1147
7175
2963
6991
8487
5430
2172
1065
6150
2316
2378
912
6432
1262
9056
6152
183
6154
505
6244
3988
2936
7966
4923
7161
1603
7117
9610
5329
8722
1736
6476
2249
1051
9819
736
6481
1992
1802
8983
660
4180
9895
3444
5443
5303
5948
1978
1458
6453
4575
1798
9390
2541
3073
2903
4145
190
8865
5826
5265
601
8655
7514
1652
8474
8251
4485
6818
53
9820
3830
585
6067
3626
2380
1371
9574
4359
2829
2380
8934
4627
1770
7827
4052
1025
1972
4243
9890
7799
9508
6844
2806
7022
4848
7632
1625
9334
4451
1678
9154
4633
8616
5222
4612
996
2945
538
5355
5774
2918
641
6753
1040
8469
805
2065
6793
1400
1956
944
7260
5152
3750
635
0
1383
2260
9334
2186
291
4841
3171
8907
6415
7783
6255
9360
8322
7963
1486
1240
8604
4591
2281
3425
1748
698
219
3149
9006
1163
6761
4158
1266
7396
4159
2649
6009
9845
4835
2652
1038
8006
7911
3805
2142
4166
9517
464
2129
1003
8056
7086
1946
6689
511
3695
7388
7082
3196
6394
4598
9957
553
5864
3706
1064
8513
6067
909
9700
8719
8300
4058
2982
2105
2552
7148
1623
9368
5630
8978
7425
9068
925
4114
5931
972
7854
3014
4168
4249
7612
477
1154
3476
535
8570
8341
6602
5831
4393
1673
4131
4803
4655
6237
3708
8156
4212
3076
3786
3190
501
9206
467
968
5137
7791
8822
8151
1959
9423
2115
8789
6929
1943
5676
5499
6636
8631
7683
7381
6656
1814
2185
1312
4403
5893
5820
8615
5321
5958
1806
5823
5164
8625
3143
301
6417
1965
4805
4728
7741
6920
9869
1022
8864
5546
2874
1852
4177
557
9234
833
2371
7771
8497
6775
16
669
5390
5337
6627
3548
7512
1791
2174
655
8445
4943
8973
3250
9671
6714
6522
9541
4088
1738
5087
6962
3591
5616
7519
9177
2801
6243
6948
7651
3018
6964
8320
4760
2301
4948
4661
9814
3091
6835
469
7888
8130
5794
1138
7801
2508
4013
3694
2949
5751
5133
9911
5694
749
7431
4871
9903
26
1819
7554
3044
5135
2226
4156
3789
3526
8817
3603
6618
2004
424
4506
134
6219
1997
4288
5079
2362
7982
8028
4465
3116
4292
160
3865
1723
1383
120
8101
9555
4026
1145
4690
6253
1653
8479
9779
471
8434
2749
8827
5211
3608
8962
7782
1957
3250
9213
4319
1232
7242
8784
700
7886
5296
4566
5961
6680
1038
4062
2587
5065
5207
3629
7670
6860
2109
3801
3683
6895
2903
2511
8458
6511
7825
6240
4820
7427
5454
5491
8659
9048
627
9360
6934
5924
278
2895
8956
7668
6957
1543
9085
8516
5172
6755
1728
3633
6909
5412
6881
9812
4275
5339
2675
8452
1580
7495
5879
3386
9338
890
2434
9965
6602
9368
5889
6880
8615
1197
901
5572
9092
9986
440
617
3094
2168
4250
3
3932
1131
9815
4559
2823
8842
3011
4403
2689
8890
7789
2027
9781
6575
1992
6383
2295
4234
9616
910
5431
517
2834
876
6855
3274
1493
9949
1794
5743
9952
5727
3227
6119
6638
2402
1313
9650
6805
4002
8540
946
2381
4673
3873
726
7409
6168
4960
7025
3430
6743
3894
2616
7619
749
2242
9112
7051
388
1208
3355
6115
787
5827
9106
3189
7140
8756
6346
7495
3648
3644
9876
4674
3869
6954
2083
37
8266
9108
9819
5010
9354
8787
8981
6455
1029
4446
3506
1417
2006
6862
3885
2793
2689
2991
2334
6181
8099
5032
3676
8099
8676
9905
2773
2545
3211
4856
8934
1478
316
5105
6488
9670
3892
1821
6126
1273
2619
5984
9042
4625
9198
2927
3770
8239
2270
6104
4421
6721
1136
4449
4821
6164
706
3946
8709
3918
8803
3995
5396
5471
9100
8236
1494
9344
6409
3972
617
9029
9956
6012
3654
9155
8939
7425
7394
7562
9881
8167
635
7370
8969
1808
3534
9675
5755
8596
9945
910
2591
5341
6381
8044
9929
7875
3740
6339
1847
710
5368
8156
6722
5374
3663
2013
9151
1057
5927
9033
5577
6563
6403
4546
8371
6289
4221
478
1237
4167
1388
3829
5860
4122
8225
2142
1997
8317
8481
197
9027
201
4705
5749
5575
8368
7763
4727
5777
3690
112
1354
253
2867
5900
4977
5508
6474
5455
6746
6993
3196
6927
9205
7318
1504
1347
5667
9821
6180
2216
8849
6381
6921
4598
8309
5289
8713
9388
7419
2404
9500
8773
9009
8719
1026
338
4227
3852
2146
7325
7197
5342
4252
6402
9012
5756
4102
1031
5578
282
3248
779
6664
6521
1729
4973
8163
443
713
5582
2847
213
707
8208
5284
8085
8547
5863
1937
7045
3189
9134
2387
3793
1889
7751
9550
5991
8782
1480
2625
8382
8611
9289
4904
340
614
3067
783
1327
5001
9982
7892
5708
8191
9528
3794
3090
5392
2083
6487
4933
7570
5226
5078
9459
2977
980
1802
8111
2460
4427
6494
7423
69
7750
7764
7035
7169
8547
8363
2170
4882
2607
4230
9425
8488
4376
2515
232
6460
9002
5165
4030
4228
6595
9841
3557
7576
1643
1668
6388
2422
4514
3812
2491
8616
1576
5879
5785
6475
594
4307
1357
3201
4890
782
1689
9266
9649
1921
5726
5003
3438
6108
9231
6386
5949
9140
3962
7592
7161
350
6367
8027
4162
5210
6644
2090
1089
8781
8566
1683
9441
9923
1237
4331
706
2926
3597
355
1200
5676
5359
990
1784
942
7376
7734
6435
7690
1678
3596
8041
4397
7975
8555
9608
4619
646
697
3401
9212
2381
9194
5487
9970
3525
6193
2896
3474
2901
448
9150
4612
7791
7287
1906
1519
5021
8341
9210
3051
8289
7251
3801
6265
5806
3409
7236
2804
458
637
8368
9191
9831
3856
9161
9708
6401
8410
3183
5654
8858
2333
6618
3001
9620
8525
4521
993
3218
3731
397
1508
7334
4198
7773
9492
3959
5009
2297
4417
1999
7017
9961
8182
873
9122
4243
3627
7532
7426
9281
2743
6111
5900
5744
2084
777
6617
9429
3995
6700
9826
5503
4034
376
9628
3527
687
990
2176
1457
9341
5545
1418
3875
6419
540
8118
6398
4425
1896
2031
7168
8008
4283
9264
92
5060
5882
9521
5408
2582
5700
7263
2969
2428
6892
2848
3116
4234
1376
4573
9927
6921
5991
3802
9692
2883
8273
6090
7308
169
8122
828
8177
8757
93
4621
170
2327
495
5578
1261
6195
2841
4230
8623
6085
7078
8091
319
8454
2664
6598
5376
5007
6753
5068
4243
5026
7511
7903
1547
1985
8732
6077
742
8825
698
912
7504
1193
2842
8765
3740
5684
9348
8716
1769
6426
6807
8441
1233
5824
5039
2961
7183
8144
4381
1426
3170
1892
9330
1070
3877
8062
7147
972
3239
4197
8236
7095
1743
1079
5860
1835
6763
5208
551
4884
7987
7359
3325
5572
3183
4717
8533
366
2861
9266
8145
2384
1159
3827
3454
1388
1889
6953
8712
1480
7502
6949
8575
5597
4380
787
7433
1143
5996
7984
2379
335
1695
2057
5907
1230
6774
792
7949
5987
58
6094
8371
7569
9921
8177
5310
8162
5130
4022
9642
8985
7323
4569
4582
1703
5356
2015
9198
7704
6352
1578
4391
8047
3635
298
9278
6761
7442
7227
2748
3853
9673
7472
1422
9594
5649
6732
4108
7132
7107
102
6117
4430
4671
7051
2486
6379
5419
1684
4084
1771
9614
8475
6170
3249
5126
5448
6362
2568
9027
9111
6421
8700
6583
4196
4646
8584
7280
8754
5716
4387
8856
8185
5170
9879
5237
7656
6259
656
9340
343
2427
8955
5170
4949
8556
6648
398
4919
9217
5777
382
1990
830
3317
2538
1828
1901
9819
583
7618
558
5791
5803
5728
5671
7392
3384
8282
8048
9077
8625
6827
8032
147
1777
2940
6796
8527
4211
2365
4304
945
707
1486
4262
3246
3315
6164
9417
250
134
9975
6041
2289
5704
8064
9682
5440
6346
7730
4517
1323
910
2549
7823
2687
1842
4619
1214
2405
3336
1870
3351
4043
9709
7613
3641
3024
129
3058
3274
263
9386
5667
8905
5090
84
8587
6882
2782
2669
1400
4106
3579
301
1929
6266
2143
2900
3832
4549
6236
2055
7900
6631
1764
1865
273
4788
8347
9683
4414
4962
9069
6433
3867
511
6517
8806
7394
9300
1476
8794
9758
1407
9095
8039
7674
7591
939
7858
8492
3527
9913
2744
6510
1677
961
6783
2817
9308
2819
3583
4271
1888
17
8138
8752
6534
6945
6146
2186
4773
1292
1944
6180
6739
9983
206
4330
7274
8065
9174
7153
4330
1918
3664
2360
2880
6799
5177
2188
9618
8761
6459
7859
5130
950
6611
1664
4247
9109
3851
9020
401
2147
5200
7140
8483
5407
1471
2109
9824
645
9263
4154
8916
9279
2866
1796
2430
4396
336
8401
9509
3148
6260
4639
4098
9223
6303
4697
8332
6506
3717
8733
5006
5269
5873
3489
7028
3696
5598
6852
694
1213
7359
5962
6844
225
4110
9275
973
4446
7676
482
3946
288
5121
4396
9511
7777
9093
7843
4283
2810
2928
5641
8080
5153
9130
5108
8850
1081
8313
5896
2294
5672
1858
9139
2249
2320
8414
3223
6766
2442
57
713
2730
5179
5109
2241
2956
4203
6436
3591
3365
9364
9233
7797
4517
4715
2906
9719
5796
7571
1967
4443
9595
177
3582
1844
2497
8348
1419
5616
7142
7829
2681
9872
3008
4142
8465
2316
4697
4901
5907
8063
617
1492
5860
1486
2560
5118
7558
8356
2689
5877
2799
2284
6055
2733
481
4904
7433
8252
520
4575
6081
9553
4447
5441
3696
9264
7757
8393
517
17
2808
1134
7861
5021
8973
421
139
6531
8778
9181
2408
7929
7817
4815
7015
4650
6072
4448
2903
2944
5376
5336
2498
6175
778
2546
5440
4887
939
5957
4904
100
3444
9118
5121
2417
9539
1612
5300
4669
793
4060
8951
4963
5228
5966
9613
1300
6766
8868
4244
8494
557
3094
4670
1335
5640
6462
2574
2932
2419
3831
3032
2215
2949
4505
984
2488
6117
6284
7158
3263
6697
2461
4578
1925
8427
4191
9577
1545
9412
3821
40
9969
3268
1062
7656
5260
7524
230
8192
6295
4061
7576
8511
3362
8433
9495
5851
903
2132
9361
518
8829
1822
5096
7106
6601
5639
6683
4498
5051
6856
890
5020
124
1952
9028
5385
9476
9259
9929
2124
9672
7506
6987
3035
2291
6482
5238
3194
4966
951
3712
147
9125
8808
7253
5726
4448
288
6576
5851
7145
7467
7224
3621
9419
6252
9006
5248
1863
5288
3724
1536
9146
711
923
1437
3545
2513
4632
8512
3464
8344
5011
2589
3505
8617
4667
4305
8905
1243
156
2402
5062
3732
6024
834
9985
1382
6082
1848
6670
9806
9736
5816
6869
7011
7254
414
9524
8238
8926
2988
2934
290
1929
6439
8907
6596
7096
4164
7840
3605
6567
9254
7337
2591
88
7322
3973
6170
5523
6996
2328
1611
2812
5549
8623
6418
5964
4499
4656
1242
7488
7591
1532
5769
382
6791
2366
7479
956
6558
1084
7523
5812
8421
114
5901
2096
439
8423
3971
7435
7104
1934
6600
2653
557
3018
8617
1409
7675
9860
5249
5266
7744
1018
2000
4536
3384
9479
5492
6294
563
9367
2107
5337
9481
4360
3785
6272
2783
7756
60
6239
9690
6660
8893
6600
9678
3862
4361
3705
74
9610
5323
7819
628
7324
8707
365
6803
551
6659
3719
9918
8766
9056
5751
9478
2841
2023
2262
6949
8435
8501
2991
5095
3746
5943
1126
7609
304
4831
4035
9914
155
8206
543
7479
6913
908
634
7464
3919
4353
7382
9038
3409
3133
8516
2602
1509
7130
5903
9944
1984
8895
1392
5730
4838
2518
9691
5143
7349
3727
5057
3856
1933
1952
7687
5199
9212
8322
2663
3132
2675
6398
8522
2437
5883
7038
1391
7392
4169
7295
3689
6153
6190
5081
8235
7380
7599
4279
8875
1300
8006
3933
1509
6291
2237
9196
7842
1450
7518
6858
934
194
3256
9456
8983
5491
2846
374
2884
7015
7669
2925
9520
211
8006
4108
3944
1957
8387
2819
3257
2745
3104
4766
5388
5342
315
3231
3144
7833
89
4078
4379
9697
9886
3362
5188
2732
89
4424
6100
7758
7349
1972
4322
5355
6080
4618
7312
819
7437
6922
3564
6894
8040
5305
2236
8355
8536
5380
2541
4977
5810
6920
1026
5696
283
6214
4780
372
6991
880
4482
4340
2853
5156
6048
5285
6126
9712
6105
9916
2986
6021
6810
7379
7678
9046
5734
6214
778
8275
7543
6588
1548
8569
8636
1831
1136
3416
8555
8127
4297
9389
8819
3502
898
4867
5139
7024
932
7596
6940
3918
3618
3750
1297
7648
9148
3384
3863
9926
8011
7758
2866
9559
6328
7854
7742
7464
1271
6297
1943
1920
2039
762
1774
2937
1982
6913
6313
2914
4510
3254
3184
4480
3356
834
2128
8857
570
2343
5135
8581
102
8002
8141
2782
2208
5883
6598
9831
8533
8541
1751
6924
5655
9877
9861
7637
6791
2526
6903
1301
2132
6440
2133
5489
7274
4261
4346
4196
2957
9481
2777
3059
3835
7270
5841
6044
9506
8791
5875
4391
7332
3979
1315
2987
3856
7528
6977
6999
54
3880
4652
2187
320
6785
4028
3946
7399
8374
8142
356
4207
920
3415
4395
4542
5608
6791
4048
751
9018
8439
8083
2997
9754
7422
3206
3634
4399
6557
3689
8280
1210
5876
4952
7995
6256
8899
1746
982
7041
2102
5189
4313
1869
5936
8856
3829
2727
9256
4580
1746
4048
9015
1095
154
6438
653
3789
837
7211
7478
5469
8421
9706
422
2768
5962
5673
4515
6944
2714
2969
8485
3380
4839
4422
8588
8668
3501
4196
9601
5247
8244
8616
6343
8399
1406
3348
2188
2244
559
6018
4065
5332
2076
839
8101
4390
6512
8968
7686
5579
1937
6171
8959
3128
6945
3899
8149
447
8095
7750
5694
6340
2718
8389
4739
4125
1738
3279
2721
8649
5649
6786
3982
7725
7626
8435
2115
490
7403
9801
6069
5692
2324
1380
8821
9270
5279
6970
9717
3375
1072
1763
6067
3790
6505
7158
7915
4595
437
636
3244
2438
3775
3578
163
7753
2013
8630
8243
9416
8431
4313
1461
7107
5693
282
6377
7325
3604
2446
700
4676
562
6767
8466
7067
277
2734
1662
714
3370
1258
9504
7145
4837
9667
4898
6850
4649
9494
2619
3080
3807
432
6539
5852
714
2917
3177
670
1715
229
5346
2277
3348
164
9344
3625
2898
7358
691
2621
4969
195
9766
9806
6214
1017
3008
863
511
1979
295
670
2411
6835
2874
3125
9752
6052
147
1467
6281
5493
97
9630
5658
5793
3255
4908
3152
299
7529
4473
494
3648
4279
6709
4665
3639
7572
1528
5619
7868
8550
8030
4703
1424
7508
807
3828
7655
8626
110
9501
8723
6092
1511
4517
5699
6419
4021
5998
3949
8494
2845
7597
9125
9554
8614
9116
3478
6494
4735
1346
5044
9118
2401
2820
2978
9560
6649
633
8187
3111
6486
3262
5555
7997
4131
7606
4417
8152
9957
8366
2998
2802
5963
8475
8708
929
7592
2186
7423
8679
9885
8819
7797
8638
1639
775
8199
4640
7761
6386
7751
4247
9648
9658
2245
3780
7265
3014
8284
7222
1380
7635
24
3695
2462
5084
976
6406
7270
8399
5086
3507
7218
9235
2146
5209
11
6697
9850
4124
3083
3953
4723
9083
3612
3320
9215
7229
6334
3852
4451
4066
1487
827
4113
301
2263
5089
6708
9533
9840
1794
9393
3410
1029
7891
8620
7392
4588
4822
7868
4023
5127
2592
9458
5091
5912
8674
2320
8599
2526
3123
9017
365
302
3131
666
2565
4572
3726
8451
4413
5520
7844
4175
2902
2087
2795
294
6675
3969
8163
7050
9097
7107
6508
4188
9371
1534
2861
7970
412
5984
6988
777
6287
6471
7796
5204
7395
1522
3655
1808
3395
7851
5984
6297
9938
5131
2943
2965
9101
7458
15
4550
4565
2876
5090
289
4410
7951
8259
4823
3936
1599
5600
6575
4422
9748
1779
1818
7623
1787
9978
7370
9638
5962
19
5929
7446
2962
8894
2899
6773
5262
3801
7690
8138
8891
7979
2548
6843
2591
7371
779
542
9324
3706
4965
5424
1837
6783
9399
3624
6761
6769
3263
9076
6788
5544
2874
6103
4438
5773
2876
6052
9574
566
4190
4817
4898
3091
1660
7489
6814
8791
8031
2490
2497
9348
7915
4335
6131
3666
7959
9245
436
7574
8321
7224
3118
1195
9679
3909
3320
2555
9961
9246
9474
504
4063
724
9947
5724
4565
6761
4515
8948
9252
3365
8297
3519
7700
780
7185
2011
25
7621
5938
8346
1198
9056
5893
877
9317
5565
9785
9279
4811
5611
6135
5227
6335
6082
951
7252
2843
1818
6200
8447
1535
4497
1966
5587
5278
5504
7599
1655
9477
3537
2
675
8945
2247
7905
8263
7813
4042
3894
2624
6005
29
7851
8692
2463
5154
5944
1658
3325
2144
6458
4860
2994
8424
448
4624
280
4399
6279
9758
4288
2633
6785
3233
4881
1042
7848
2694
1436
1742
1670
7441
8123
9522
6133
6938
1028
2077
8597
4353
574
5055
5566
3568
9831
2366
4544
6464
6765
823
6222
7405
3457
9359
6990
8338
402
4839
7384
8190
2933
9054
5632
7409
4928
8117
4347
5957
195
9296
6662
7121
4351
8580
7041
535
946
1585
6999
4063
2408
9573
7820
2217
8932
4811
6907
5686
9650
4291
3877
8935
3346
9509
6344
8274
7626
692
583
4173
9988
3598
7646
692
2178
4687
7579
9477
6272
4578
9892
5033
4151
7713
7250
9435
2524
4158
5122
8526
4801
5351
7461
8147
1212
3806
2774
5190
850
9709
9364
7190
3307
3362
7882
1838
8050
5461
7667
4322
6391
7559
5707
6894
5272
9310
6330
4148
9820
7804
2674
4621
3155
6488
9121
4367
294
1895
5909
7496
7956
1625
4686
7616
4988
8921
9454
3038
734
3473
3712
7126
1032
9420
372
2657
8730
6702
6805
8550
858
5832
9523
365
2320
8644
1084
8966
6891
6994
2814
4848
8619
7500
8816
3607
6421
4622
2997
3508
8095
6710
634
9127
2482
1006
1784
7564
4061
4942
2466
1271
7126
1989
1637
5798
634
2721
1116
3877
9715
3930
8725
4687
7782
3893
4646
4204
8515
7644
4064
6610
706
4698
5738
3188
2056
3874
7104
2469
5168
9570
3741
2294
7911
1730
4444
4897
4451
5560
8775
519
9490
3852
5206
7273
7746
9852
7829
6261
3848
1893
2872
4554
2943
4962
7742
1351
8836
4846
173
357
768
266
2651
8680
1996
3448
3577
2799
9008
8704
3318
4851
2557
4876
8476
303
1081
6305
6564
4929
4550
5788
9484
3845
750
3578
1548
9587
4777
1721
9944
5545
8339
8947
577
335
2395
507
3135
7756
9211
2805
2607
1768
4034
1083
2071
5115
3740
4988
44
4642
776
5880
4839
7879
9459
6387
7466
588
4461
3762
2485
2800
9061
3063
9488
7809
9922
8975
1917
9133
1780
876
902
5814
1959
9325
7281
2051
665
3678
3045
7794
9558
7884
5673
5369
4271
9491
2309
5084
9605
4795
7885
5018
4210
3725
2827
4132
2700
1096
3265
832
1972
519
6647
283
6197
280
2334
3214
3958
1731
1008
3517
9615
3033
5238
239
2524
7548
1675
2129
2343
5912
7148
2905
9637
6327
7037
2337
7424
6654
3170
5748
3526
6169
6032
9723
6449
4718
9289
6760
6450
298
6629
2417
9683
1867
2656
2208
5767
4332
689
4462
244
4189
7367
6234
517
756
8571
4293
7411
8093
41
937
614
2425
7012
3416
7144
6301
176
3594
2951
6805
6011
2635
8672
5020
1195
792
5704
1884
5254
2300
6074
8974
8534
2943
9730
3458
3588
7141
7903
9981
4430
8518
2407
1442
1934
9551
4096
8462
9497
3399
5267
1860
2386
291
3232
3581
1083
5288
1818
2690
7589
4244
1664
2475
3539
1394
2285
7127
4888
6541
3460
9318
1411
5867
761
3345
1770
1209
8159
7619
4608
3426
9480
3347
69
9064
3280
7505
4353
5098
195
8294
5694
8211
769
9233
9605
9407
2712
4493
5948
6173
164
7359
8392
925
7056
6515
8486
1567
4134
9446
4993
9966
2793
1414
9031
6074
8919
3384
7524
5466
1678
3219
3677
8799
8804
9635
4558
1517
480
6858
4042
644
569
8786
7921
3977
5301
6407
5544
9436
5854
6889
5754
4999
8304
4785
7425
3575
4521
4950
9042
6199
4521
9071
1351
3325
8706
2261
1194
9187
9120
1588
9831
9689
375
7753
3667
5676
512
9211
1464
2718
2453
7219
4070
757
8356
1495
4332
2878
2797
9726
5429
7318
8798
6780
6996
3856
5394
8190
3043
4514
9779
9227
555
154
3332
574
2182
196
6138
9999
2915
8591
7218
3337
9348
5574
4832
32
8452
7630
6111
3882
1300
4909
7014
8296
8765
2408
2839
8161
3274
8970
3740
182
5476
7072
756
7658
3620
6894
7657
6535
5485
1227
9872
1185
3154
1057
7570
7958
5039
3681
8192
6339
4942
5207
988
59
3967
3827
8220
3594
2797
8312
3776
4625
5384
4532
2283
9005
7779
6293
1892
9616
3872
8117
7154
7026
5526
4724
4985
565
4757
3177
3256
9699
4736
4244
6110
5056
4423
683
5002
3572
8995
8778
8197
732
9662
481
9737
7441
3126
7981
7058
6998
2450
4212
377
7976
5288
5362
4893
45
4891
8150
6096
5980
2394
2206
7388
6818
2889
2390
390
1885
1168
8588
2617
7182
5421
8706
4624
4899
3039
8034
8249
1842
2246
8626
9818
3886
340
4712
283
1584
9214
6379
7564
1608
4937
4952
4778
4179
7342
1521
2416
4862
6461
1385
2044
8234
6443
3020
3133
9482
1054
1382
1324
9652
6361
7495
3538
6701
8559
3821
8285
7773
6552
2201
5733
7842
7153
6864
2021
847
8385
4437
2061
1198
5822
458
9432
2265
3478
8917
8099
885
6651
5776
537
3012
9623
428
6066
4534
601
4351
8659
7154
6553
4392
4996
58
7608
3369
7258
2345
7806
5671
3543
9980
6129
2975
8597
9608
8244
6696
6845
4896
8824
7382
4260
8447
4162
326
2981
4764
1030
1640
8270
3935
2385
9618
345
6345
2987
7603
8691
7145
3275
2234
3477
5756
1562
2074
1716
9806
5122
8561
1054
299
2296
5315
8746
6458
1993
8080
1222
3023
6072
5844
6958
4809
1814
7304
1155
1153
1259
9846
8298
886
2080
8127
6643
9994
6553
8359
6153
1676
6921
3559
1975
9217
8874
7073
2027
7220
1505
9602
243
7578
5446
3554
2387
7261
7210
9894
4766
8469
9740
3065
5708
8173
7544
2351
4519
4098
7062
672
2126
335
4232
453
5904
9458
7526
7932
6678
5384
7534
3274
2962
9332
6828
1701
2945
390
1596
7712
5211
7688
7129
919
5861
1025
9622
6733
5123
3037
7405
7249
3372
7989
4054
5629
7448
7933
3561
478
3317
7447
3752
2631
3131
6932
4332
2429
7322
2280
6493
2534
6321
3622
3453
2182
999
9428
8915
6123
2465
2673
9724
5837
662
3779
1466
4462
1712
1379
4941
5029
5178
5045
7660
4662
1978
8344
7091
9300
6977
3584
1834
3298
3558
1640
1832
4557
1068
7100
7032
9885
9773
6757
2074
6787
6888
3541
7602
8600
1272
2543
9981
6451
7588
3993
7465
5918
8689
4556
5219
5666
4492
3405
8964
8050
1397
7149
8959
8817
4249
5992
8702
374
2749
777
7161
5989
670
4763
4589
8294
3658
922
1097
7599
4915
8562
3517
3604
3118
5088
9271
7610
4846
4587
2012
6243
1736
972
5061
2337
3316
115
2711
6065
7244
6225
2054
7914
7340
2995
6209
7351
3917
7306
4950
5184
5869
4819
8788
5339
6260
4411
9302
1106
5351
1314
7349
3439
8638
8762
5777
1954
5230
8488
4371
2474
1065
2777
6741
8406
5772
2950
5757
6041
6608
7059
1225
8829
8230
6366
4169
4490
777
9823
5596
2480
1137
9298
5920
9776
4412
1697
8082
9642
6537
2454
8469
7603
5231
5210
6009
7356
4512
8118
9749
1120
1529
975
6302
9759
7341
471
4250
4470
6646
6198
6951
7783
5496
2871
3911
9909
920
1994
5903
7457
800
4372
5060
6031
9582
7421
9739
4094
1891
9489
1567
3420
464
7869
3180
4157
4692
3782
4979
1338
9980
8282
5473
1829
7505
9385
1738
8425
7731
7641
2235
8531
2014
3647
914
7948
1069
654
2043
9312
143
9962
2733
6959
7831
2265
7468
8875
2399
8799
213
2379
7082
5686
4208
939
1423
2298
9365
9154
9940
1600
7685
8306
1599
8600
2606
2668
5606
1001
1981
5749
963
1066
9060
5146
9683
6528
4021
2082
5327
4234
4461
8761
6273
5022
9701
7696
7320
5418
3203
3612
3370
888
8270
4969
5840
877
3990
1446
8230
2323
3547
9194
3389
8959
4340
9424
5487
8362
1506
7167
8948
2319
2280
5221
7341
8333
9270
1014
3751
2473
978
7121
9713
5601
8443
1906
2830
2433
9704
1060
4756
3252
254
4497
8563
947
3921
4051
5661
5427
7570
4609
4098
6202
6183
7792
4536
5453
8806
4639
4278
6136
1761
3991
1737
6556
2249
4567
8989
1954
1980
97
1558
8586
4594
121
9533
8515
524
5194
294
4446
9804
744
649
2339
8536
1537
7792
3694
6176
8422
9831
4289
2413
7920
845
1015
8840
6186
2969
820
6283
4527
9406
877
4648
8940
5744
1525
486
2390
5971
290
3135
2972
2629
1671
4509
6773
5366
686
5195
1549
4975
3961
9469
2173
4976
8309
8359
4297
9129
4643
8824
4888
1872
9824
180
3969
1349
666
6359
3673
7309
5846
6645
6290
7518
1155
3064
9236
8193
4611
785
9520
4924
6606
1693
6252
1268
6405
549
6749
1048
5725
1637
9272
5550
1817
3241
3251
2484
5953
3276
9793
1799
9922
6083
5669
7429
5499
4905
5622
6463
2042
1494
7739
5001
3188
3992
6269
5945
4541
3018
6993
267
4656
2617
2169
2825
5859
5420
5309
1812
8697
1454
9963
4971
3890
5633
2400
5741
6890
4374
2204
8933
2220
9944
286
1760
288
6555
7705
4829
5925
4698
1448
581
7316
3617
9759
9527
5390
1420
7691
439
2875
7654
5410
3117
3287
4162
8858
178
4888
7415
5463
3460
3711
5749
5221
3999
2304
2926
8828
8229
3977
6629
5163
7645
246
4922
7172
1988
6342
4863
2427
5569
8869
4189
8686
2157
4703
3897
2335
5943
1312
4150
9404
5023
9899
4625
5374
8555
7551
4202
3136
7880
7183
4651
5525
3782
9573
9049
5770
2268
264
4550
4189
9134
8739
2876
1291
9795
3125
9978
5738
4437
4128
5142
5812
379
6119
1186
8934
23
1740
2070
7903
8924
3074
3429
2706
2647
8830
8476
1267
9095
3026
1809
8229
8118
1037
9520
4265
4162
5850
3
8599
9978
1498
763
357
3969
1949
5643
3992
3689
4065
1896
8965
7139
1677
1671
6139
507
6500
3758
9602
5878
5567
7831
348
6604
3703
4613
766
9553
969
5717
5883
2467
6480
2592
6436
4781
4587
6781
4823
8653
5029
3788
2144
6706
1812
8283
3565
8312
8394
9520
542
3961
3703
891
6918
7407
1856
4036
3312
2825
6106
9196
1644
2586
8140
8081
3720
2728
1214
8543
7733
6243
2331
9877
2949
4143
4513
2866
8807
2907
2386
9350
3220
2442
6593
138
6201
4801
4175
9513
7627
6633
5061
9271
9219
3202
3704
9291
2282
4918
7834
15
1161
166
9892
462
661
4405
9681
9469
3664
8419
5171
6885
861
8116
3375
7062
2917
3902
2928
6896
535
4341
6168
9755
3895
6224
5398
6177
1143
3233
6192
8656
9751
2437
9119
412
3194
8800
6233
6859
3571
7756
3744
4433
5872
7119
7847
5142
1022
775
2038
7909
5117
4558
4016
9012
783
9415
5190
8278
2648
7734
6934
2399
171
2405
9163
3366
7557
1749
6577
1129
9505
6673
1914
1730
144
9761
3224
1166
537
5262
5428
2006
6173
9444
1018
3308
8859
2560
1586
1507
295
4872
258
6818
3630
5774
6536
7539
7523
3113
5020
3380
9786
6934
5110
9931
6696
8334
7449
3585
9949
2877
5591
6122
2322
6609
9430
7533
9170
7368
9041
5817
8592
5651
8987
2222
1425
5524
9762
8948
4989
4782
2329
1128
8069
3791
7411
4765
8478
1212
8350
8427
442
3941
901
9116
6902
6683
6649
2424
4051
2042
8241
8995
7694
3581
1218
5471
9105
7332
4420
446
8466
3101
1574
6535
3244
8985
1300
1722
6550
6002
6501
6992
6295
3754
6108
9550
437
2757
1974
840
1152
6568
9836
8846
149
7406
4317
5606
4738
5089
6052
3204
4542
3979
9740
4139
9316
7392
2213
5866
9747
8715
2858
6042
8821
5318
5592
9259
4428
3919
6451
5580
6839
2639
778
6988
45
1447
2594
4783
6537
4998
4340
7431
8977
432
1570
8294
7824
136
512
3923
5203
9723
9966
4024
5041
1910
9635
9469
2181
6087
1401
9020
8726
2179
6008
5124
3627
4954
9907
6516
6305
599
299
1634
1031
8222
6280
5208
8358
6793
9131
3561
6516
9097
7585
7909
7360
7221
3731
5893
9660
5132
4914
8386
3664
7274
9862
3643
8581
9770
6511
4886
6721
6810
6520
7753
5032
2801
2961
9742
5946
2092
3303
2462
7542
7241
371
1254
814
4102
7147
474
5587
2061
5212
9251
5688
5075
9246
4269
1197
5757
5507
7918
2567
8379
5671
3952
7532
4984
3694
3478
7077
3350
2292
971
6943
2664
2225
7757
3118
5724
8231
8705
7786
9795
4308
3474
4870
3554
4095
2419
9311
9602
338
8231
7981
2361
2183
1866
7346
2229
5344
775
1931
7637
1746
8874
6653
323
6631
9771
6047
1214
4829
185
1010
5489
11
5880
5396
4106
8300
1059
60
4990
9290
4394
7351
7825
6260
4697
6407
1604
1824
8338
5593
3570
7213
2246
245
3844
8370
6293
5059
3199
6478
6069
5040
6490
8301
436
6948
2953
1496
7009
7943
7138
7755
1647
4964
4015
2696
1371
1971
4521
9709
7565
4443
6922
9811
4689
7119
8181
7334
2178
7732
164
4599
2773
3006
9252
9561
9955
2206
1057
3316
6501
4548
1071
8148
5864
5086
7197
3587
7057
1718
3296
4622
2513
6571
786
3554
42
8967
888
8572
6700
7405
3171
5825
411
2423
5386
366
981
2796
3682
7483
7344
1105
1983
9560
6191
5532
3147
9601
3602
2795
575
6116
9366
1361
6022
5760
329
6911
4332
3381
4316
7503
5558
4727
6279
944
1446
7260
92
1480
1095
3788
2586
9431
3348
8777
4963
6495
4730
8566
9291
5306
1034
5009
6667
7056
770
3348
319
5102
6729
987
8958
2287
2067
1589
9584
3513
8849
9676
4993
6297
9817
7579
2080
3165
2709
7043
6013
3791
1961
1656
9097
2995
6665
5765
6404
3787
5465
6723
8890
2195
7711
4200
834
9778
5789
6770
9643
990
2799
988
7287
2616
4920
9367
2133
3981
2763
8146
7772
1076
9802
6870
424
2820
8987
6828
6607
4452
3551
1849
2999
7614
6049
3834
3744
8190
604
9739
9181
9755
728
2820
2371
5648
8540
857
9629
1303
9003
7401
8731
5158
623
9155
7978
9610
5983
937
4063
5887
2787
7062
9853
5188
7248
9950
3379
4205
9689
8912
3960
417
1732
2684
6065
272
3541
2046
7927
8896
5800
6659
406
6423
2166
4736
6034
8150
5674
6449
389
4813
9863
242
1
3464
192
9732
4021
6234
8644
4333
6651
6729
7017
9069
3353
6910
1115
7633
2159
3267
644
2565
9691
2810
3654
2077
7312
9328
4878
4053
493
4741
4296
6846
4557
840
2931
8578
3426
7927
2912
78
4656
6281
9147
4362
3192
6614
1995
5351
6234
2639
4268
5925
1801
7922
4354
5466
3602
9232
9519
4095
325
3815
942
4883
1008
225
3461
4434
8152
2725
864
2809
9007
6363
7171
2199
9330
5518
3902
5564
4509
8170
7841
2662
2445
2195
8128
6047
7779
7648
6495
8104
7815
3789
9339
8823
4014
9153
9610
2166
1878
6826
1327
7237
3190
8498
5788
8872
368
9690
4436
1229
4213
8629
3892
6658
7176
2020
9057
4955
9668
5552
3059
7484
9341
8751
2659
9707
7904
8621
1874
6134
5448
3201
3372
4990
8052
9160
3862
8420
8851
4650
9650
9416
3279
9894
2426
6807
1914
1483
1762
1583
3388
1173
5419
9081
9924
8078
8789
4180
3052
663
315
8500
216
3687
9842
8268
2847
56
3041
8050
4706
9043
7466
4337
8937
9892
1144
851
7728
9258
8786
7468
431
4205
6549
6708
8636
1690
888
1688
2353
1203
6540
2570
4890
6382
7190
7738
6438
231
2140
7496
9274
9607
8185
4563
5851
5681
5415
9931
1291
553
7399
1722
1111
301
4782
9747
1991
5671
1435
697
6874
4327
9619
8117
7061
6809
2207
9851
3393
4347
7347
2667
306
1884
3583
6158
3917
8998
6089
5208
5903
9841
3282
7014
142
8065
6761
2133
3736
4548
2830
6962
8875
8801
1431
2288
5611
3638
2139
9004
4338
5838
8023
4644
7722
1606
7154
1639
6956
9596
3199
2860
9437
6482
9874
5931
4547
2988
8064
4635
3888
7247
1597
9116
6048
3029
1404
8011
3019
3544
7015
7357
9382
1391
8354
7105
9349
5508
5096
6306
5104
4648
5518
893
1130
1744
6824
5677
4732
1241
312
8621
4840
8261
7737
7240
1290
9141
5252
662
9037
8619
8019
8420
10
6373
1877
5712
8234
3325
2018
3338
7973
3888
584
9103
5632
7408
1132
6717
5001
7796
1690
9841
6058
5779
7082
3700
4920
8686
4362
310
7305
8734
8730
3668
1459
6959
9380
9693
284
7750
9384
4610
7990
9968
65
3622
3728
1198
6691
5082
5346
8381
4923
7756
4160
8357
7809
5433
7043
2171
5743
701
7257
825
4369
8717
7784
101
4762
4420
4203
4146
9030
2193
466
5448
2167
547
2998
8859
5629
8344
7240
6904
6101
7753
1614
3910
3186
5009
2433
5281
5710
6043
6106
6431
1112
242
2884
5874
4662
7087
6373
45
5632
3191
5493
7800
90
8491
3011
5719
3187
251
8976
5640
4356
6942
5902
7542
1951
4688
9175
4014
731
5281
6797
1843
1875
9682
4069
6538
3121
442
2935
5106
9986
4780
2906
76
9623
5917
2148
2810
2520
1124
8451
3229
4418
705
771
2721
5393
6299
6735
6124
1580
9885
4319
9808
5919
8389
2698
5392
5183
5633
498
5169
6765
3404
5246
6388
5673
7394
9198
4546
4870
4001
7775
9288
1059
4898
8361
6452
1197
5097
8929
9130
1334
3248
8938
7253
7989
1636
2645
3173
3621
3144
8342
386
2900
9940
6774
4926
7334
2324
5824
8556
6326
3599
4196
7385
8497
2558
189
6047
4007
9118
5177
5341
2367
467
8946
356
2103
7943
9881
5724
7439
8224
6110
340
8164
2884
1618
1851
5208
7442
6759
7886
7393
7308
1623
5890
9866
1813
8289
225
7283
9818
5566
9650
285
864
6359
2388
8807
6240
4464
6247
816
574
2939
5333
9810
4557
3536
5019
8351
6647
9257
5744
3955
7233
7986
3821
9046
6276
4046
6329
6094
5964
2332
2732
3180
5043
5120
1988
7635
9585
4587
4804
6511
7526
137
6322
8435
25
7693
6786
6672
6950
2530
628
535
6868
801
9581
9496
1200
2263
5591
3516
947
8323
6697
2342
9795
8685
9977
5732
3272
4781
2244
7150
1270
8566
5585
7647
2611
8723
4320
9561
7605
1300
6449
4473
2101
6030
3970
3301
4645
5913
3170
1944
588
9867
4286
6735
4904
4264
2468
4528
5397
4712
1678
3020
9630
3615
667
2241
2338
1339
8154
9943
2639
4603
4416
1093
6986
8386
746
1631
651
3916
3576
1239
3783
7862
4327
8687
8478
6795
9567
228
1507
1245
3248
7489
4860
3915
9730
7198
1607
7884
7141
4246
2488
7910
5339
9474
2648
6086
7457
3300
6354
7385
891
138
5248
5218
5177
78
8365
4745
306
9872
2342
9906
3713
3555
174
3443
753
1781
1328
4247
6027
168
8509
7719
5994
1157
157
3451
809
6511
837
8053
3001
2437
9623
8179
8867
7989
9276
5526
4213
1618
5432
7927
5173
5606
7722
2279
7387
9050
2878
9767
5570
7739
3838
1564
8896
3995
1368
6058
506
8557
463
9860
7346
6438
8039
6213
4427
3667
8091
4993
5285
3524
9272
6811
5482
6994
5442
9222
2397
8320
8989
7967
2411
2827
5884
7659
3174
3604
3717
32
8513
532
9892
5859
6971
4283
8424
7750
7950
2868
2743
9588
6392
8367
6399
1874
5362
8193
7448
7759
6513
6437
2078
8924
5616
4314
6583
5142
4270
6653
5175
2783
3537
1419
4994
508
5703
9771
8259
5
2639
7354
9593
5383
5722
2344
3609
1084
537
1058
5195
7050
3847
3625
2326
9464
4292
5262
958
8562
8267
6133
7698
1804
3905
2692
8665
9608
8815
3276
9613
7806
630
5559
3189
2704
7903
3151
140
8441
4209
1687
1843
8056
5313
522
3872
9605
2136
4831
4519
403
7316
2217
8559
1221
1262
3576
7181
77
6852
3147
4236
3835
8706
3777
2891
6609
6928
3032
1402
7489
4719
3246
1898
6384
3768
5770
5989
5904
6953
509
2659
622
9078
7570
8195
340
1147
5377
6770
4351
4876
1006
8186
9934
4783
1078
2895
8064
462
4298
5553
1533
7544
7451
7918
7664
9574
259
3568
6527
7120
2579
3501
6199
149
1697
6539
7648
3426
3309
2000
4654
667
6538
4588
5451
3968
7483
3515
4430
1781
9068
5964
5677
2872
234
3341
2446
493
3261
5325
7614
5840
5179
3813
2342
6876
6704
9990
6654
14
8342
7660
681
1233
2248
2484
5201
6083
2351
5984
7865
7772
8300
9894
644
8534
3236
3090
9027
2849
4767
6641
8690
9946
6806
7384
3174
3511
3726
6180
9877
2069
3840
6910
9654
6088
9395
4855
2172
1746
7191
6389
9518
5491
6283
6514
4025
5871
9604
3053
8721
724
6046
3763
670
2853
1147
197
2716
1225
6377
2593
9646
218
9503
9300
2658
8898
508
4830
6997
7699
7571
2867
3191
207
9382
7216
6078
5338
6621
1151
6062
2668
1266
3085
1873
2413
3282
4589
9991
6011
3534
9637
6229
3037
8938
8888
8288
9446
70
5285
7145
3994
8152
336
4201
7534
3905
6631
9225
6878
4135
5287
5898
5401
4724
7771
4167
4358
8712
4158
370
2246
3795
6599
5284
2733
1839
9924
8531
8262
5209
5677
2256
9713
2365
2809
3600
2622
9440
2825
9501
9927
8112
5399
5329
2837
9523
9496
3547
8235
3654
3917
6834
7449
6869
2118
6535
8708
2042
5066
3322
3603
7095
5578
3316
5813
4739
3268
8435
532
6093
4288
459
4206
9688
5788
3395
9211
1636
6942
3798
5290
7212
632
9092
4081
9102
5627
9141
7496
7045
2464
1099
493
4394
768
2658
9134
4036
1093
9666
6482
1734
125
7040
7774
2266
6787
3337
3902
3729
7135
5545
7293
4120
4637
1374
3222
6616
516
719
13
2980
8170
6858
7374
5290
9516
2860
5679
6962
2526
2161
8696
9004
9201
6470
7622
5988
9807
7876
6069
3294
3421
3363
7414
4410
1089
637
1026
1605
7708
7392
937
2230
4250
4664
3873
3767
7524
9552
729
6403
8065
5777
5407
7266
2247
9381
9606
8406
7257
5675
1700
679
5390
9115
5089
6480
6104
2468
4437
164
6212
5375
2394
462
39
2619
581
7563
8523
1310
3966
6588
7087
5725
206
5686
5106
9812
4092
8716
1840
5793
5747
7230
1260
7188
62
7364
9656
4500
3880
2220
6227
2626
2683
2618
5246
3264
181
3769
927
500
6710
4366
2577
6916
6405
4036
3081
497
2752
4921
2642
8499
8503
3902
5687
4918
7618
1696
9418
7850
3916
1997
477
2951
4615
2075
2568
1148
5844
9847
8000
8906
4213
578
5823
618
966
8904
7468
3718
177
6462
8569
8680
6717
608
3598
687
2304
9368
8538
2573
7717
9015
5524
2332
7442
4444
9833
9638
4291
7833
8545
4857
4763
4368
5475
5729
9624
9295
5799
9801
5758
720
4833
2475
1329
4784
3162
9985
504
8052
2558
8222
7067
4435
6906
861
8879
6739
500
9523
4573
9045
4380
5688
9765
6207
1418
5741
5503
3569
1894
7613
4290
6727
6440
1971
7863
9602
1956
8368
7655
867
2942
1074
1654
9848
1936
533
6588
8788
6408
7513
7833
788
3201
3950
6996
971
9691
2499
4541
1585
6464
5183
4664
2904
7154
2528
8858
5462
896
6513
6329
3838
3940
7983
38
2228
4869
6626
1016
1277
491
5201
2066
45
5503
5414
1016
5194
4265
1909
3131
729
7092
7795
3633
598
323
8843
6061
7571
5357
8742
7761
5649
3078
7800
4229
7947
778
1597
5576
7622
3150
3994
7667
8653
9408
8683
199
3673
6945
3330
754
389
1125
739
988
7801
9583
3401
1724
1292
2143
9486
6941
5221
3638
7522
9520
768
9119
1449
4742
8621
5443
2409
7274
1204
7445
7473
1229
4390
803
1984
4779
8280
2723
2119
6081
2306
5520
7806
3598
4016
3644
6891
5589
3634
765
1462
754
6236
2911
5497
4857
4706
4258
8483
5910
1703
5956
7140
2445
3111
5476
7225
1392
8199
5696
3825
6858
1217
7983
6808
1585
7979
52
7174
7965
7169
8636
8720
3406
7899
569
8263
2606
4827
6747
8516
6531
9055
2008
8976
8519
7484
2553
9911
2036
8250
88
5246
5819
4424
8406
7404
2403
8458
930
369
5628
5919
5441
5386
3818
6010
1
6424
837
3100
1293
7368
2156
3301
2697
675
7138
1602
6938
5526
9852
3378
7124
2023
7802
5530
5779
206
341
6710
6927
2321
2629
2368
7707
2799
8378
7708
9224
9215
7161
517
2936
9317
170
1985
6344
3660
3587
9634
5538
9792
3012
2662
8167
815
4545
3947
7373
4886
7009
4300
3559
5990
6668
7618
8789
5046
1678
8013
613
8839
4882
9901
4508
5053
1886
852
5065
1826
486
604
1618
9851
9618
6137
666
4163
84
8039
5401
3445
2339
5312
9435
5359
2930
8225
6757
961
2590
7370
9800
7473
3624
4309
8878
1862
1513
295
3688
2000
7251
1658
1851
6870
7796
8869
7385
7880
6908
9139
1326
5599
803
7113
958
86
1690
4067
1047
4281
1437
847
8106
1413
1508
3336
3276
3022
3631
6964
1374
883
8623
9577
4105
2771
8446
7842
7003
1706
3333
4681
3657
4137
1795
967
4223
3485
5034
5270
4118
2823
6117
2224
4237
7626
5560
7513
7000
5544
829
8374
6427
5804
7951
6884
8575
2749
4726
5579
4455
8060
260
8112
2197
8407
9079
2772
1893
465
8042
6011
3288
511
8236
3877
4489
148
1390
1489
5692
8572
9863
8471
4376
4166
1707
9304
6915
6434
4883
1370
846
1495
5834
9395
9903
1265
2167
8148
1730
6561
4159
1371
7072
8747
5248
7914
5248
2991
9403
7292
1563
5619
2116
2291
9785
3823
1595
6701
6609
2830
4423
3807
4326
6610
3202
581
7875
1721
8729
5958
4634
9240
7329
8059
4340
8929
5973
9588
1920
5376
3232
9835
995
5348
2127
7133
9172
3722
3834
2133
6553
4609
5941
7231
1219
5495
4164
5447
7217
2893
1405
8203
8485
5086
6262
2825
4015
2235
8765
2288
3964
1998
2123
4959
3698
602
8444
2870
677
8630
1356
3582
3240
7297
813
4459
2792
4977
9906
6361
4222
7663
4565
2707
2749
827
1885
3117
3063
7002
1757
7027
9000
232
8338
9051
835
6783
1921
1512
5413
3277
5094
5005
6926
2259
5817
9719
3588
5723
6080
7810
9739
6997
6869
8840
7825
5106
1957
7240
2109
3714
4267
7461
3947
8957
6512
1134
2092
4786
2646
3858
8063
4092
8863
1342
6351
4680
1061
9939
6756
3493
4101
6495
491
7322
5335
4668
2429
3645
1908
4538
3711
2527
1999
4010
1484
8512
5144
9929
3298
4142
3787
7713
4586
9002
5407
7289
3683
2820
3580
6791
6314
7681
9638
3157
1356
4973
4177
3785
4970
6085
4675
8682
4964
3026
9044
2800
1538
4189
2729
1188
4683
2868
5254
9270
1871
661
6559
1906
9834
140
8697
2500
4173
8335
5657
5529
9660
6186
5666
4631
2271
341
9665
3587
3368
8709
6387
1258
9250
9117
8799
286
1985
405
5908
208
7418
2467
2114
7252
8959
811
9752
9485
5498
5409
1366
5159
7947
7033
6142
218
3726
5807
3805
7094
868
6545
4705
119
2014
3504
405
351
3909
2665
560
1327
1484
2674
8580
444
9838
4684
6281
5336
6446
7647
495
4393
1032
6637
4612
4759
8796
4769
8205
9665
7666
2910
6136
9680
2766
2893
32
3027
5558
592
4355
7042
3266
9287
3838
9456
3971
119
4793
417
4119
5288
4811
5151
8278
5775
6262
7074
6896
4468
3091
4563
3730
9227
595
2849
2120
627
5876
4030
1219
231
1073
838
5870
4911
294
6194
1383
1439
6611
5502
6728
7774
7005
1358
9901
9620
4784
6798
440
7876
7713
4170
3455
8308
7019
1928
8936
2896
5958
6507
9479
7031
3697
5350
8295
344
7896
9678
1783
4507
1532
4863
8634
8537
6221
8535
8157
7358
5333
8597
1586
9398
9120
5041
7707
2491
6969
2995
5387
9280
5854
1219
2663
9552
2921
958
9896
817
636
8031
1676
8520
2895
310
7058
5468
8846
1567
2826
531
6517
4412
6282
5637
9454
341
8128
2775
3336
9868
2055
9190
1087
1071
5094
360
2029
1342
1177
9018
9374
9205
7538
2269
9516
948
7737
4714
2516
6916
1597
5385
1328
7879
1022
7134
8220
5502
6262
7908
5370
4669
3451
2809
5740
8545
9521
7770
6240
698
3140
5614
9904
678
4235
5772
7979
1972
486
6847
8888
8435
2232
6569
6315
3254
3703
4535
5108
9965
2444
479
987
2247
9640
6727
792
9162
4497
7032
6212
3989
8998
2468
4668
3233
8240
2647
1558
5078
5846
446
3514
8078
3367
6181
1332
3423
716
6440
9740
9512
3271
727
1759
9264
7455
8904
8426
8304
2288
990
2294
1287
3459
3314
872
8051
5961
2430
9482
8159
9229
9348
6237
2596
5529
3921
6019
2597
6713
5760
8462
9985
6487
6573
5601
3942
5477
379
2247
4118
1369
893
1757
1180
4207
2629
5584
6520
5060
1418
4679
4289
766
916
6885
2647
4837
9257
5244
1550
5017
3706
7887
7856
6632
3488
1799
2109
219
398
2579
1589
1291
4336
9121
1850
6966
1057
8370
8378
2475
3049
2667
3241
317
5904
5888
5154
5161
7485
3056
6530
7543
944
4387
4175
784
2538
2637
1004
2936
5216
8945
579
5905
4418
8781
9223
5476
7151
7601
7951
6552
6620
7545
6869
8876
9785
2023
4038
7270
5079
568
4814
2375
1307
5341
9512
3845
7978
516
3133
9547
5813
64
5452
6583
8845
1027
2059
5996
8628
6363
2548
1600
3908
9417
476
3693
7792
866
7316
9224
1435
8482
1599
9094
3823
7463
2940
8154
4331
6073
7701
144
6138
3153
3080
4983
4180
5139
7332
9160
1502
6232
7112
1762
2002
7588
1808
9794
8455
5476
5370
6242
3958
6970
5336
4133
785
8276
2287
5117
702
9988
1613
6840
9493
4693
8175
25
9833
5507
9185
7687
8092
2649
5802
94
238
7610
9888
5045
9438
5259
1287
3396
8581
6623
7529
9366
1252
6169
4483
1954
6157
2449
5146
5651
7142
9673
2028
6975
1533
7566
1015
9625
215
6817
9719
453
779
5959
5498
217
7570
3137
9965
2503
6113
3846
1870
7365
15
2705
5671
2525
5154
7169
4528
8649
6842
6556
5624
8375
4122
6639
8000
4338
9808
4071
1143
587
31
2994
7156
7601
6131
7121
105
2244
7320
8327
5961
7335
7384
1632
6212
8891
5153
740
7540
1996
7297
9516
371
7771
2508
4724
2109
8668
8795
9605
5608
8826
2599
2764
2780
5082
6238
9237
7327
3558
3916
9640
7245
7652
7625
9810
2895
2778
550
6787
4774
4199
6304
1498
1971
5164
6222
432
3832
5017
37
9440
196
8988
2205
9328
4071
4795
8565
7750
4705
8833
7390
8302
6485
5015
8112
9381
7794
8663
6168
2568
9214
2472
418
1185
3988
6640
7970
7821
8010
4359
7261
4558
3348
5818
3886
3771
613
2451
1521
1670
1284
8911
9973
4121
279
4437
3502
8073
3100
9671
6993
8667
8495
7412
6204
8836
404
4174
6657
4766
8534
3918
9324
8234
6089
3210
2005
6702
2013
3526
4725
9649
8789
4698
3771
9068
9135
3625
3493
8588
9648
6839
7255
4496
603
3459
3332
7359
3986
9989
2126
2520
259
1450
754
6348
4661
2759
3051
3026
2637
4128
2676
7778
8826
6447
6847
4313
6424
6692
2901
6073
9883
6508
569
486
6320
3901
7846
6658
242
9972
9178
501
1422
6284
6850
2435
5395
6253
5462
4384
381
8138
2162
5559
937
5361
9872
7361
8406
9126
9786
8289
1986
355
8776
8306
608
2974
4964
850
2946
494
1352
720
3130
8202
9508
4877
4455
4970
9261
1188
9460
7776
6747
6749
3137
6619
462
1543
5745
249
9833
7732
6956
4961
2390
7565
7935
3707
8415
7233
553
6119
7953
36
4321
3813
4913
5128
8783
527
2668
4595
8303
9415
7696
1440
2387
8159
9336
4484
4760
9169
8568
1716
4130
959
5633
8417
1018
401
5650
7923
6520
9955
7959
7194
3769
9225
8674
8904
9752
1343
3500
8055
7110
7548
9495
9497
5707
8831
3982
6819
4352
2550
8536
4834
9861
521
3251
7231
922
8901
5155
7443
8857
9466
989
8978
8691
9663
7882
8443
1006
7734
6498
4469
5283
2346
3966
7342
7529
4300
4162
8234
3203
9050
3068
3064
9571
6320
6648
494
1573
1803
4289
6782
7621
5278
5760
6313
4941
3643
1108
2300
7729
7607
3121
3012
6305
7087
6707
186
7740
869
8420
943
6271
1489
359
5842
4161
7007
2688
5734
8810
3329
8869
2784
8607
4629
9097
9901
4624
205
8553
2354
4164
1674
1718
6821
5113
8425
7008
2853
5646
5428
148
1917
6917
508
7760
1078
7515
6800
3165
2678
130
2034
5462
5089
3015
911
4990
7640
7468
9895
6346
1633
7921
8064
4806
9387
6490
1814
2240
8488
7243
8741
406
512
9249
4518
7943
6764
1318
1108
5794
7800
9494
1256
2890
2509
8519
4232
6501
5988
4128
2847
7621
8401
7264
8779
7788
106
594
6381
8594
4189
5122
9000
4701
4371
3518
2644
7487
1189
104
9634
8989
5950
7242
1879
4812
5762
2464
1313
1750
2944
513
5723
1345
7777
4502
9134
7883
1448
1867
6477
5637
6989
1830
339
7712
5348
9335
1551
6537
5792
1185
1879
1742
4780
110
6554
542
2574
4220
8644
5518
1085
719
3216
8862
1573
8702
3097
3022
569
9574
8659
3910
1404
8998
1622
3105
4686
9525
5994
478
7063
7873
2220
1843
7984
5127
2385
6910
5699
7381
8781
6784
8100
1997
1998
9673
699
5095
9047
7620
1021
7707
1530
8778
3057
3152
1883
7743
9029
4229
8221
6092
8455
6794
7935
6439
8273
6672
9701
324
4053
8482
7108
8505
6831
9106
4531
7530
553
3578
1502
1574
7637
3032
6704
695
2536
4939
8438
1566
9169
3012
7658
7624
6158
1946
415
4431
8618
116
4755
9024
4951
8215
7529
1782
3673
8412
5665
4226
8343
7167
2152
5980
6552
8857
6675
9088
3796
1466
7006
9317
4478
4665
6941
6988
2963
3708
1419
1581
177
2526
605
5128
741
4487
3262
766
9251
8927
4992
7594
2447
3496
3575
8999
2353
6602
4439
2502
8068
1446
1819
8898
2463
5113
5886
5426
8821
3657
7007
5350
6183
3965
478
3276
4804
93
394
4055
9020
5386
1650
7819
5235
1577
6818
3940
8179
1258
6442
2600
2704
4614
1498
1519
9727
7385
6945
4900
1042
304
251
3578
4269
729
3206
5425
7174
3601
9481
6195
5339
7483
366
574
5412
7185
867
3591
4795
7309
6191
3851
1923
4042
5370
8002
1427
2315
2903
8821
8971
3154
8751
9593
235
8310
5018
7410
1911
851
9957
3602
4686
323
529
98
3860
1396
42
8655
8705
2585
2506
6981
6627
4228
4983
4406
2895
4238
9580
1867
7392
4683
1460
3980
2993
2830
1390
4904
3682
1347
4859
8368
8022
5388
4819
1883
6784
1213
6890
1841
3798
5749
5174
6778
9977
6510
1184
2873
748
7116
1092
4493
1800
2552
8473
4793
5382
9863
6050
5416
7562
909
137
1936
2649
4956
3819
9433
6169
7062
7626
6319
2811
2801
3097
9140
9311
634
2013
6411
4102
3105
904
5902
2009
9377
7048
3744
5592
3098
9160
9506
359
9297
1443
3008
605
5262
8793
6774
8676
6419
9446
1487
5572
2543
628
1235
9529
8993
7647
3632
8451
4903
5886
460
633
2934
4204
2577
2384
3365
2084
9095
9014
3527
2103
9620
5141
7248
2746
3818
3668
2192
1657
5592
1088
8637
6828
617
7631
827
4249
6082
5730
6488
2894
2715
9422
7099
5293
8159
6816
7377
7254
2182
7256
5710
1802
8749
2958
4549
2567
2978
3093
577
8571
4181
9214
1751
4799
6845
2578
5400
9279
4660
1888
8526
3728
7663
1977
9021
5822
8793
2750
9428
7327
6358
5138
5482
5107
8097
31
4027
7427
9476
4604
2350
3658
170
4101
4809
3368
3031
209
2647
4044
8450
1173
7772
2465
3150
3145
4639
8295
2247
4067
1975
8605
9206
7457
64
3655
3840
4091
7434
3316
5047
9785
6974
5218
3886
1783
8586
3270
8345
7585
7314
3147
5111
5086
5612
4613
4583
251
9261
6830
4318
1236
1787
9876
8693
1851
9883
8885
5943
7318
2201
990
3455
5528
2560
7341
3663
1146
611
8360
5084
4277
1507
6547
9363
7119
1160
298
3722
421
7128
4393
8009
8915
621
3054
767
505
1939
3062
4175
493
404
7630
6021
2965
1323
6036
463
8287
4397
5547
2564
5904
2094
8280
9376
9607
8578
3098
6380
2059
7491
4390
974
8113
3796
8093
4970
5736
1155
5497
6229
1560
9479
8602
4525
7154
4638
1340
5441
9035
3240
8006
1292
5334
2638
668
1293
1216
118
7674
3275
3962
8416
602
8427
2212
5047
3397
7948
6203
5246
529
4115
4725
9131
4992
1879
122
6332
3673
9157
9572
8031
6801
1259
669
7469
2552
8237
3940
226
7865
7902
8642
8467
6329
7207
3514
6078
5155
6069
1324
2037
184
2401
7520
1528
632
7642
7861
4305
3152
3785
2336
9953
5044
9357
3775
3949
7595
7715
527
5460
1969
5522
279
8298
2729
145
728
4236
6215
2052
6273
2751
805
3794
4280
1437
7788
8493
2095
940
2278
783
7246
3675
141
7373
3976
4088
1440
4503
9548
3409
25
6179
8059
9106
6324
8787
3343
2539
7191
9616
5291
7996
9762
5923
5785
3903
4416
7880
1195
3046
5016
8441
3073
1509
2166
7049
5597
3606
1553
1497
3367
7930
7676
1426
7037
4000
6565
380
2892
3756
6348
4535
1752
2463
458
3890
6366
1226
8122
7561
4272
3138
2355
3698
4647
4521
747
244
4480
8652
8093
7847
2935
5769
9274
9972
9770
5839
6704
2662
5948
9404
7197
7700
8219
4007
7942
4585
5233
6065
8499
5857
9203
854
5907
203
5375
6655
6799
6207
1659
4893
4055
4594
662
9681
918
6784
1872
3974
5798
7820
9731
9347
1873
7950
3354
9815
2536
4939
5880
7387
7149
1436
8241
3056
1639
9968
6063
4790
6176
7723
9683
231
8669
6698
6264
5940
3482
8136
6266
5633
5957
5997
4980
7830
3948
4687
3997
2836
5978
6230
223
9479
7666
4816
2536
5657
4784
8599
447
7312
2674
6483
3895
7696
3181
159
9988
3015
8296
6254
8648
605
2252
9981
8435
2552
1020
8784
1740
3350
5014
8315
2830
2680
3131
5366
4689
4267
317
1489
1580
9344
7972
5475
7040
7505
1987
7028
520
6635
9634
5521
7240
8238
1854
2027
790
9226
811
8882
2576
5826
7197
5406
4858
328
7124
9548
948
3794
7389
2528
3138
5361
4355
6530
9218
2694
9910
6090
9329
9544
1611
6569
7783
9817
8596
4925
9043
5760
3808
1620
1586
7357
3378
2796
7686
503
8696
8634
649
6085
7514
3787
7798
8221
6669
3368
916
6579
9459
245
2475
7422
3167
258
7240
8115
1536
2635
3875
1696
607
1813
9053
3986
4610
3091
841
9658
8077
1490
2096
5591
1629
6246
165
8298
9615
7433
4877
9074
7678
7352
6496
7197
3963
88
5313
1851
2724
9188
3547
3331
1002
2600
3669
1964
2044
4510
7974
121
2352
70
2065
3981
6317
2230
8631
5932
9663
3508
1358
3693
7213
7854
891
7528
4295
6204
5731
3371
1744
9278
6702
9098
8230
6724
7414
274
7586
5389
6748
9939
1811
8813
272
8128
7395
8904
412
7058
8764
1770
7103
2329
5977
4346
6209
6624
6902
1940
9995
8647
7570
3049
4097
5801
9773
7864
2427
7360
3253
9175
3651
1416
4340
275
9545
1735
5531
6309
5145
4296
8080
8601
2977
409
2947
9187
7033
9850
7479
7028
4849
5050
6429
5298
7203
6203
3162
9630
9915
2767
5158
9918
4184
5850
193
3729
7586
5725
6390
9083
6373
822
7684
5702
1231
632
1241
4616
6834
8721
7996
8035
3771
4426
3333
7326
6981
6496
6956
3248
5615
8466
3166
9799
4317
9711
9880
8255
1788
6271
7338
4513
7093
5023
216
4677
2007
1457
9293
5193
6530
7290
3228
301
8068
2913
3979
5049
5761
936
4649
1377
5754
7815
1176
6423
3878
1057
4678
5667
7328
8369
180
773
3392
6748
5450
1751
8206
1096
6944
4736
4738
6524
1390
2806
9437
5369
4207
5199
2657
8856
6576
4764
3023
7752
1187
6901
5161
2218
8920
2489
587
5453
9615
331
2201
5065
2082
6759
2513
5378
1496
7251
1902
9238
57
7691
959
616
2890
3617
9472
5818
4733
8847
3571
5920
2101
5084
8138
1021
3926
5077
6474
3541
5408
5028
4958
3842
1787
7472
9220
9635
4723
7474
8873
1133
1518
9833
1749
4408
9802
7574
6579
4535
2773
6502
6807
4874
1586
4946
5896
5512
6375
8722
9053
1784
3750
4012
5626
1890
7836
1199
1525
8911
5025
6751
6396
6543
6584
8146
952
2738
2072
3883
3625
4845
385
432
9720
1971
1730
1968
7484
8106
7042
6537
9890
7145
6901
1868
9035
1089
3067
560
1
8093
7311
6397
4636
247
895
1940
9337
9319
5823
2962
517
6208
3395
6589
4532
1477
8557
2016
9583
1951
4905
5825
9096
8159
7694
4483
9248
7113
1396
5601
5206
5059
8351
6195
1659
9246
4487
996
4918
6663
3959
5435
2871
3706
2024
7403
1535
6933
5771
1119
8884
677
3296
4333
8836
7342
8816
4436
4456
212
38
6014
5272
8389
2209
6931
3987
6697
7927
8905
9712
8238
4340
8935
8296
6364
2691
6184
3297
8462
3655
8534
9139
6951
2867
4327
4294
1683
8764
8750
8248
5154
4764
3520
3543
3326
6803
7530
6375
1082
6436
6087
5673
7128
5022
321
9845
7713
6505
9494
6176
160
8028
1667
7112
895
2347
1406
8931
7463
6508
7179
2617
7624
7051
6160
950
3854
42
7325
1288
2830
9764
6961
9959
4787
7283
9804
8852
3788
9298
1380
301
3679
3048
7413
926
1747
5171
9857
9210
8031
3388
8179
5655
439
4339
2958
645
733
6635
8286
3564
6400
5247
9875
7539
8882
6031
6391
9023
1681
7772
9324
5360
7172
3089
6287
8919
8260
2496
4481
6291
5885
2660
8298
2676
3351
1256
9674
4084
7892
7960
4000
644
9559
227
8183
8442
6258
4574
3817
4292
8698
3141
9652
5870
6230
2291
1141
842
4788
5622
3485
7025
4634
1783
6053
7985
9392
5727
8422
3636
39
8774
4280
9599
5354
2463
4393
7964
7037
4562
2256
5736
7703
8261
7958
285
552
9100
1127
1692
1074
4612
8717
2061
2747
4771
6398
8491
6850
1172
2127
6890
6299
6407
2841
1653
8870
3586
9617
2260
8148
8226
4348
2203
6487
2306
2488
3391
7758
9967
5084
5185
931
153
7246
30
1276
9996
8522
4479
1169
649
1369
7468
7057
562
5473
5927
4148
5090
8187
8648
9668
2535
851
6155
1194
9691
5899
8952
9658
7335
489
6941
7488
7735
6971
5117
4084
5493
9596
5253
6143
7317
9073
3200
7879
4546
5479
8379
9636
19
3379
9305
8906
4230
1812
100
273
7711
5405
9931
5046
5894
6872
8887
9982
3843
4004
4066
5689
9952
9319
1832
7269
8392
1384
1500
9290
6863
9879
8926
6882
3258
4583
5789
3840
2748
2241
4113
459
7646
396
1858
9893
3620
745
9875
3815
1101
293
9504
1053
5964
7688
4674
708
9072
6174
9998
5936
6053
8924
9170
5663
9860
1311
5855
2608
3553
9968
9419
7551
6716
1277
7444
336
8374
3671
503
9475
3964
8
6880
9928
7696
1554
636
6769
7728
634
9057
133
5911
4579
2148
2123
2243
8003
4731
2148
4323
4150
9699
1039
1780
3496
7727
154
3519
8231
5982
3836
4591
9214
116
2287
7121
7105
5408
1201
7739
817
1335
2
1749
9835
2125
3992
7839
3208
6140
8514
3711
2191
9554
1843
5687
3633
8349
5559
1864
683
9395
2807
9898
9511
5095
3371
6616
6855
4572
708
4025
2259
7062
5774
2095
9188
6118
6286
8748
2258
4800
8811
4449
4354
654
6489
4340
9004
2048
2556
9687
7795
5364
5937
7306
6811
9308
275
3666
3881
983
4043
6140
8045
6169
8235
3585
2287
873
8686
897
5674
7497
5347
28
8152
8188
720
3508
6588
3277
3195
4383
8641
9133
1689
5452
4793
8316
5470
8674
9299
5866
1167
3697
2035
5754
3634
675
6628
2320
1572
2302
9818
3271
8682
7970
1459
9403
1478
4399
9032
1025
8782
7673
6510
6824
9477
1304
5140
4947
6330
792
7165
3849
4489
9201
9604
8123
9876
2584
444
7800
4886
6614
1072
9920
936
8883
9323
8766
3283
4707
9791
8417
2380
2654
5241
8209
3958
6734
3157
6640
7526
6674
490
8367
5875
6446
2842
2103
9030
9638
9904
3916
6252
7328
3836
7188
6211
9512
5954
5846
4219
2098
4264
2952
4752
5857
1161
5062
2591
670
8054
6469
7345
8544
4836
9572
4990
7679
1676
4020
3669
7932
4288
9922
5260
4477
3462
7823
341
9417
3670
912
7867
4286
3864
8971
143
1378
385
9087
8400
8439
5556
5745
3336
6745
1670
4678
776
3346
5051
4445
7630
5691
719
2890
168
4182
7065
6861
9951
735
7774
7818
5021
7990
3141
1517
9368
3526
604
7769
8317
2512
9866
8005
5609
1536
9036
6385
1234
439
7183
8864
6130
7902
8106
2651
2084
5172
9512
2035
2259
7286
6205
3633
1629
9346
5150
997
9224
2106
5118
3894
970
4985
1899
6580
2873
7287
9317
460
7726
6500
9324
3857
755
3783
2860
2839
8955
2372
1227
7566
6011
7432
1199
7640
3131
2701
4989
2355
4807
108
6249
5778
1445
4501
8710
670
1788
8027
1130
9515
880
6807
3372
1635
590
2584
4474
5897
4956
5701
3463
7319
9486
4663
4959
2617
7364
6301
4972
8524
2761
7574
654
558
2075
9364
1228
215
3743
8711
9730
4623
5518
9454
6258
6108
2038
733
8357
6995
2786
1820
666
8624
2835
1978
1241
200
8279
2566
5076
1040
6492
5730
1598
4919
5094
9178
5134
8837
7889
4865
9813
9759
4319
6071
2219
2710
3156
576
6057
5943
8749
6723
919
1584
8701
2161
8136
6980
1079
3212
4372
7571
5294
2322
8842
6740
1501
3976
5578
5742
8841
1743
1854
9513
7814
4073
2223
971
4650
4632
3266
9751
1355
4185
1335
57
2698
5824
3389
129
9036
4114
4052
4331
6436
2894
1071
4289
6871
3001
32
2064
1096
1886
7929
8911
2311
152
9882
3313
1136
9500
3064
2492
3685
752
8901
2736
6576
8642
2865
1964
2756
3270
2647
9193
6164
71
9834
9387
9424
9866
1452
521
8104
9381
9432
416
5886
5666
81
7022
5166
3146
5866
5203
3898
4767
4291
6826
3410
7157
8790
2518
6779
1438
8063
2943
1509
7898
2331
933
4116
135
1454
2221
9516
7238
8989
5402
2904
9070
8777
4422
8568
4643
5978
2466
9411
269
9292
9173
3778
4435
8043
557
5873
6107
3501
3734
4005
2184
1019
4473
2319
8826
6694
1835
6064
2035
3590
5321
7458
8719
9743
6026
3362
5721
4845
9125
2343
489
4650
6121
4924
2694
6679
797
5153
6532
883
5510
8716
1903
9983
7387
729
3030
5574
6793
5065
9164
8466
2523
4235
4562
4902
7598
283
9747
3075
2626
236
7726
5100
1513
420
1779
2310
1925
8311
9546
7435
3379
1449
7418
766
8530
448
6340
5323
5514
1857
142
4389
6092
4704
9291
42
1339
5390
3118
318
1979
844
5418
3492
7616
7197
2154
9541
1860
1700
6976
5239
9501
4394
2357
8031
4843
8697
9707
6709
554
9849
7450
2999
4553
6742
3041
5892
8484
6159
6210
463
3355
7980
3955
971
5177
2462
512
3389
4162
3840
4980
3664
8235
7337
1695
9430
2387
1402
2491
9293
1251
9941
2292
2156
3035
1686
4401
1520
7845
6963
8335
1201
4944
2291
8524
6473
4753
5389
9863
5267
9229
4843
8931
3816
8533
6979
9598
920
4733
2089
213
2337
2031
2506
4493
5066
4192
8894
2938
8389
5858
1274
5942
802
9917
4467
7275
1022
6208
3490
2641
1789
8334
1573
1958
3219
4904
1556
4139
9637
9998
4352
1974
8381
3210
2820
9799
7402
1714
2738
2144
3924
364
8086
1078
6633
8905
8354
7655
1465
8196
296
3255
2882
8221
1565
6101
9477
3121
240
9115
9471
945
7441
7852
4155
261
4004
7910
8328
6742
54
2252
3458
4492
9683
91
9750
4389
7746
1215
2585
4394
822
5468
8968
2387
1569
8445
1861
8162
7560
1332
9107
1354
5537
9614
7967
9541
7524
6295
2635
3930
4900
6093
8423
4583
6184
8173
8972
282
5740
7909
4676
6563
3377
3644
8950
1299
2090
811
9461
6002
8496
4920
3708
4033
4534
1676
3574
2059
4323
6209
5989
5575
2302
764
6510
4838
5289
1834
5120
1030
9744
6148
3945
3121
6145
2895
772
4587
59
6585
6941
8555
1505
650
2588
6040
8678
2514
4451
3001
5075
6792
4929
3729
3909
1439
8567
9198
3274
39
6580
3018
2539
525
2491
8684
9773
3264
9623
9832
9849
6565
4739
7707
3567
3679
3747
2245
6193
4550
1598
1268
7694
6527
4997
1603
7967
9916
7154
1241
9955
3734
4259
2494
612
3102
7531
385
6366
7154
6569
2568
3719
1308
275
7286
4987
374
5883
7532
1276
7482
8800
8970
4009
149
574
1976
65
7728
9569
6372
7814
180
8866
8426
3283
2749
5163
6001
9904
1732
8569
9975
9392
5196
3614
731
1922
5849
8263
3198
3331
3415
2169
3693
9916
9095
2021
9981
3175
1591
6353
989
1771
1572
5768
1406
673
931
7408
6929
9016
2329
3257
4760
3878
3223
1844
5800
9072
6459
8999
2404
6227
7520
6097
6143
6615
4470
2477
9790
6061
8830
7131
4185
6754
2899
5591
7428
183
9351
709
5551
8033
3966
311
1911
7189
8507
4063
6262
4967
3062
5018
1194
6934
7467
7337
3549
1937
9814
9691
7999
4997
6823
8536
8103
9722
4127
1883
6257
9831
2593
1808
7864
6559
8472
9775
3749
6979
3838
6363
1946
3253
1381
9492
187
8848
6830
89
7137
2996
9780
5136
4345
6603
3672
2449
2678
4152
4332
8935
3983
6925
7096
1847
9837
5568
7974
9938
2547
8164
6301
846
1417
4034
338
7957
2882
3520
8046
19
2869
7826
1508
7214
782
1532
6015
3460
2036
348
8747
6019
3625
5843
4218
9814
1411
8544
9752
311
6709
2405
1157
4478
6439
7847
2435
5673
7720
6833
5693
589
4660
3553
4155
1794
1437
171
5254
3474
6871
353
5845
6848
6197
6416
6663
3960
4960
2767
4271
1669
5173
1780
2500
1612
9628
4935
7286
3700
1769
9331
4289
2781
9236
8444
4575
7025
4967
6181
6851
1838
6534
2697
8687
9083
5465
1702
3044
425
821
3667
8447
5994
5448
947
3959
1428
2234
7597
5128
4003
3280
5769
3136
8868
565
4063
5893
5533
244
2745
3723
3131
1794
8762
2214
7259
464
1610
4036
7638
5278
2483
3632
7078
9782
3943
8506
2017
1540
9986
2372
1172
2107
5509
40
2672
5924
5934
8205
6169
5031
8281
5652
6825
7043
4218
436
3860
5829
4472
1498
7459
3308
5130
4537
9442
5426
9395
1459
3318
5733
184
4491
7840
2045
883
512
7969
3169
5070
490
8200
3351
6142
5025
394
361
5461
606
2542
6286
2104
1
9594
3587
890
5388
9013
6637
6848
2331
2370
3384
3174
6562
5429
4058
7074
9750
7227
8496
241
1780
1847
6383
3157
8594
3096
4971
9200
5638
1257
7657
1991
7203
1244
9233
2591
257
5870
5791
8940
4592
9175
8467
7506
956
8877
933
707
2456
9429
948
4236
7629
7331
7394
2575
428
2365
8127
2418
9974
5784
762
7177
7028
9995
6120
3637
2218
1912
2578
3162
7439
7397
669
8396
6274
1602
9103
5082
1031
6403
9319
5012
86
3065
7587
6866
5430
5715
9285
5404
1499
47
8933
4880
6394
5053
8517
8612
3317
7447
1775
757
4844
8796
9153
7470
398
4608
2553
7781
1011
8224
2794
7449
1289
6733
4316
3071
2448
3601
4827
300
0
3760
5180
6394
5165
49
1359
8483
7497
9486
9240
8693
8282
4745
2516
5032
5705
1421
2813
3068
9645
1959
517
934
8693
4833
357
7493
4786
5184
7793
1138
8944
9325
7533
4109
9375
5244
8944
3224
4730
4536
8269
3012
9281
785
8044
4986
2206
7209
4406
1851
9169
4924
9137
4214
9757
9494
1707
896
4678
5853
2034
9974
5178
5919
436
905
1163
9380
481
5893
3917
8751
8905
9550
9536
3301
889
1743
6863
5295
9946
6032
219
9084
6598
6329
4930
8305
7225
9609
4158
5611
5935
5689
1531
6371
2946
2694
5752
3428
4940
6021
2179
3845
5571
8067
3499
6460
9810
362
8108
6109
2746
8327
1545
9344
1008
6475
7649
8233
2436
8160
197
8372
201
1728
1095
9499
774
3199
2927
5714
9220
1458
5912
1144
9526
9411
3956
5688
6125
2064
8149
8871
6744
9694
4567
7752
2522
8568
2338
4958
3080
2535
9682
9633
4263
778
9133
1389
3977
8412
7104
9550
9871
3016
7046
5749
8779
1002
7789
4904
3067
5939
127
9811
1985
1046
7563
4507
9614
6253
5818
2695
8788
5500
2328
9403
2630
7813
793
2960
6226
7897
8862
2449
913
5908
4550
6044
6910
2339
7300
6329
4630
7427
2492
6616
8473
56
1123
4439
2661
6941
7134
1450
8794
5815
853
1424
3628
1646
736
9854
5895
9598
8655
3160
5506
3205
9204
2417
5545
6504
5098
6527
283
7591
3143
5108
3999
619
9548
6660
7560
3034
8110
2706
8849
5316
4131
8830
3314
4867
5036
9210
818
3692
8722
6324
6897
7927
5093
8794
783
192
5322
1067
7783
4817
2527
1782
5436
2075
8442
9349
5110
2905
2055
311
8221
2538
9141
1535
7406
530
7097
4576
4222
5820
900
7471
99
5994
2618
882
2538
4292
8301
321
9109
829
8455
4546
2904
6897
247
4366
6154
2302
1030
4375
4841
171
2263
8599
7053
9360
3175
1275
1532
4075
5099
1631
6421
7717
2514
8959
2009
7167
5632
7470
7996
4087
2016
7253
7337
2263
7971
3491
918
9001
4219
5759
5525
2834
710
2578
8546
3885
206
79
4312
5305
8062
7086
9374
6928
2397
1383
4096
8030
8853
2092
2117
7222
5697
5806
5837
3669
5650
6755
2670
6221
8866
8195
9055
5928
7126
3953
9813
7332
4032
478
2637
8447
7564
8363
5375
6313
9746
9471
4343
4951
7916
2813
8525
3613
8619
4363
3634
621
7470
2657
6842
2689
852
2249
8617
4330
6203
4783
1662
6587
5261
651
5034
9177
9014
410
5490
5112
9881
6186
64
4149
8999
4941
4115
3970
9304
7749
944
3127
406
7786
5816
7611
36
4433
1941
6239
9216
9956
2826
829
6959
7861
6358
5974
4623
8201
7438
856
4387
3854
5006
9738
8796
9121
60
8100
3222
1004
7579
9981
8791
3395
7592
5179
4181
5885
7770
3397
5841
6948
579
9153
4809
6937
5127
5784
1490
8917
6641
5877
2772
7999
1967
7920
7120
2028
2372
6694
3032
9952
6675
8175
3347
619
9706
7528
6505
7476
7278
8698
4425
7857
7851
5586
1146
9330
1371
2637
8248
4364
4866
7372
2363
6834
5292
5835
8862
7664
2529
8246
7616
5557
2774
7316
6176
8832
4844
2681
2661
8474
7732
7086
6331
5583
9024
3830
4914
6747
2819
9514
1111
7685
3238
3474
4519
8530
9309
9733
2546
8191
4332
163
3748
3458
3831
9924
2290
8675
8958
4951
7150
6690
8389
9833
8625
3766
15
3539
513
2834
9405
1625
520
2643
1451
1391
7525
7113
7477
72
5304
8161
6587
5404
7971
418
5328
6613
5445
638
7917
8947
7328
2658
5133
5954
6424
5148
5845
6938
4335
1603
4915
1207
4246
2718
8950
8124
9831
6427
8196
1487
940
1135
6891
8911
7905
8572
1877
3350
9210
9794
8650
2891
2452
3783
5197
8877
5283
1042
2167
9618
8997
3434
825
9596
6152
9776
7720
2336
2555
2268
3823
9848
3403
715
5111
1308
5639
6988
1010
4849
6782
9660
4092
5587
9795
9289
4464
5079
6684
2983
4697
5681
6417
1875
5277
8921
8003
2997
1257
558
1617
5081
406
5020
2148
5518
2680
4139
8858
3691
5340
5641
3351
9433
7580
3147
8722
8396
4578
1758
1379
9275
7440
4148
7502
9069
3069
5505
8419
679
2416
36
2112
9174
1409
612
1044
4089
4751
9903
7780
91
1896
1132
5876
9476
631
951
7872
5209
2709
5603
836
6501
6103
4691
5571
5524
196
342
6203
8964
6730
4667
8139
8139
5279
9183
2229
30
5438
9
6474
7334
7493
2350
3162
8124
3301
7386
9685
2363
2989
6874
8864
5444
1565
787
969
1761
7481
7172
7078
4212
1840
5217
2351
3471
752
4580
9854
6191
942
6328
9877
8435
8678
3040
2912
8332
426
2597
695
9768
5823
5911
1564
7388
6699
2533
5502
4180
6058
2580
8392
4250
7797
7096
7721
4901
1676
7575
1092
2618
3903
7322
7406
8934
6714
318
3618
3492
9267
665
3260
5091
6576
4825
2479
9627
3710
7981
160
9768
561
4904
4018
4710
2000
1740
5964
29
5667
3408
2647
5923
730
6405
1209
7444
6723
4827
937
2343
5492
549
7434
8420
1726
6265
4400
5437
599
4560
5205
7512
9464
5576
8575
7817
3668
4539
7846
9335
7947
6845
5258
8678
3251
2819
2474
6326
7646
3411
8669
9490
313
2455
7911
2039
5073
8663
7476
5672
3223
9034
9536
9039
962
8111
3208
4630
2650
7406
317
6950
4252
1928
1980
3855
4747
4454
6533
8746
4218
5203
8236
4531
4010
2499
6570
9083
1162
399
1107
737
5785
644
9777
6747
5107
2985
7729
4110
6744
4398
1060
996
6326
3040
1203
7426
3846
7736
6172
8064
9291
4408
2595
3302
3260
5518
8737
4422
2269
6197
5160
8054
6841
1289
1153
8300
626
5234
2410
7370
9632
9822
4718
5959
9214
2273
3385
3061
10
5909
7477
9301
317
6425
8955
9929
1943
4045
704
4212
242
5864
8618
3435
3505
9771
1735
483
1357
4146
4206
989
320
8924
6948
9535
7550
6685
2596
7560
2594
6425
3213
9264
2850
8521
5545
4793
2566
6249
5357
2808
8465
327
6243
1970
6450
4330
8806
7807
4828
3012
8797
5149
8288
2097
4684
5838
5135
3632
9750
4081
57
2964
3345
9260
7837
8891
4053
403
1492
5763
9563
9958
6090
5806
1928
8893
6488
7086
6700
1317
6450
5497
6466
4739
7595
7502
6929
9082
7486
6680
3163
3895
5996
2861
3155
3833
1752
3561
588
3244
9324
151
9554
1766
2309
1483
659
8797
4921
3712
6466
1372
9209
9284
2463
3156
6786
9392
2238
624
2424
5402
4520
4772
8263
4027
4957
6367
7588
5545
5963
3264
5696
5518
1383
8005
3353
8394
3155
4626
2106
9621
5998
1316
8906
8461
824
2044
4206
9415
2669
6630
1169
3541
1403
5784
3920
6360
8503
1509
8258
818
1125
3954
2688
2508
8312
2393
7255
1467
7020
9361
7440
3018
7029
6346
7832
7854
4743
2038
3621
7412
5020
4790
7305
2775
6926
1225
9136
5429
9086
7394
6247
6564
7700
8936
5424
6012
1329
2679
3831
4701
2041
1272
4072
5422
3970
1904
9628
8713
294
3249
2477
5314
4391
6134
8090
1317
3712
3578
6746
2798
7324
2994
5714
1376
8282
1139
3741
9611
170
7572
4313
8563
5196
8385
3986
5519
6641
3614
4232
6935
6864
3062
8601
1255
9196
3043
2573
2908
2973
5671
2059
297
8665
4125
8026
3299
5264
1767
2911
1787
5691
3576
350
7240
8313
688
2759
1306
4303
3343
8241
7519
6405
3194
5126
5602
6238
4051
4862
9211
9723
3273
5861
4740
7399
239
8040
2663
2006
7303
802
7697
879
7505
1289
5544
8193
4048
6850
2496
7392
1443
6367
149
989
1494
2103
7227
5545
6966
2791
1620
239
5004
6361
7638
5243
4401
6654
3601
1704
3808
7650
8935
1313
8940
831
9507
9340
7681
8355
3084
5476
4723
3234
6465
6217
5337
45
8114
8655
9188
9735
5247
544
2448
9237
2139
6849
2243
5740
4905
6052
9742
192
3717
8682
7375
3224
8023
1408
7932
1107
6884
2655
693
9701
5224
2383
6098
9690
1038
5286
5777
2637
2182
8225
8227
4321
1426
470
6413
2683
2874
6156
2875
2944
1190
250
6168
9213
1658
452
6673
4894
3107
3718
948
4683
6101
7046
4374
3492
2333
6503
2481
4515
4729
708
5189
6155
7531
1602
8839
405
4110
8066
3349
5301
4669
5870
866
2679
6322
3891
3926
5782
7610
4874
6817
63
1920
1191
3555
4253
7695
6037
5121
8776
6745
6662
4931
4276
4616
122
1034
8727
4541
735
4028
9210
2957
1246
1889
5632
5138
2167
1414
9100
7041
8231
9163
8962
5775
2719
9567
9822
5108
1040
8598
8205
7702
9881
8834
2319
6356
9868
7398
897
6955
7778
107
9913
9024
8348
5545
514
516
3311
9614
3909
7894
8778
2871
3669
1497
2439
9843
2957
3479
4793
1162
7534
4675
9996
9853
7383
6216
3603
8280
9524
1381
4739
5789
6757
9439
7686
7272
6307
997
6886
217
8891
5664
3088
8913
3513
1879
5108
2822
5359
9902
3985
2893
929
333
9098
8312
2902
2701
6592
2426
434
1331
8215
7191
7122
5901
815
3430
3250
7702
9999
8493
9718
3087
7406
9584
1319
2515
2406
6678
8769
2743
5923
9698
3077
1373
8010
5979
4074
954
4757
860
8637
2972
8051
5759
5225
5219
5541
8475
2921
5540
6968
8991
4980
727
4927
6299
9594
3686
9329
8363
6429
5252
8061
5858
6625
2423
8189
7051
3377
2946
7911
2014
2270
2314
7773
7495
7533
3315
5970
6806
8855
9291
2150
3835
18
7077
134
9612
7115
9463
7975
9897
1067
2388
5755
4044
4811
297
1095
8188
9595
5358
6554
1866
7673
4327
5713
1558
3994
1684
4717
2850
975
6867
3037
7345
296
9524
6957
7412
5339
1284
7309
2759
24
9416
6803
1187
6065
7899
5727
5661
9609
2281
7527
7282
6608
3240
5193
603
1276
9910
9805
8603
3129
9194
5948
9777
8718
9257
7189
410
6893
850
3169
6917
6619
9972
8104
2684
4223
3831
8345
3833
6112
2224
7467
9073
1817
9012
6028
3093
5274
2185
8049
8403
1379
3997
8181
6450
9607
1722
3212
6500
8925
6381
9770
5544
2705
4226
4580
3281
4410
2926
3466
6874
5150
933
5947
6967
6298
8327
6413
1572
512
4462
6328
8244
4811
861
4694
4418
2583
4258
7271
7860
639
3393
3404
9696
3971
4337
9329
8381
7263
2795
5256
8765
81
7555
2085
6379
2235
4850
4303
2747
9312
631
7343
475
1492
8389
1246
428
2647
4869
8288
9638
8262
8045
9335
2233
2382
5016
6967
5997
7812
2223
1114
7893
6130
9551
624
8365
4401
4927
7465
65
5559
4808
541
3403
3198
1787
3831
5845
3008
8472
5484
1270
2869
1171
9855
1603
6187
6822
3952
351
5397
5066
8244
1528
4618
5220
6245
9019
148
3710
5437
2059
8519
5978
5462
1717
4117
5646
3914
7125
470
5750
4747
3339
6921
4602
1294
9461
7777
5246
6164
9526
6664
4409
1054
1282
9629
7300
6654
6129
7362
2091
8188
5881
4421
3651
3950
8538
5649
7865
2015
6119
3615
6762
5810
6889
7716
3456
2702
1845
8702
8866
1372
5366
9627
8778
3001
5609
2430
9655
1738
9793
8098
6279
5674
2519
6282
5977
7409
1931
3842
9424
4402
3809
6186
212
7050
254
3668
6104
2100
8722
4971
3472
440
950
8602
3441
2911
1033
9448
1002
826
3898
7281
2852
2769
3563
5181
178
1846
5375
9602
6248
9185
2140
2812
2587
8747
6480
8692
847
1554
15
671
1994
7317
5625
1788
229
6658
7588
1231
3836
1487
4864
3041
4256
8427
8222
787
273
3598
6741
6521
9135
5234
9333
1722
3981
2165
6766
1180
71
3133
8203
8417
451
3828
6557
7032
487
4146
4615
4323
1985
9479
7364
2593
7906
1939
3380
4531
5537
6474
7404
4672
1708
3089
2746
5689
1606
9513
6869
1677
8998
5072
6446
5801
8900
3004
2833
5739
3502
7448
6415
5487
6927
131
4432
1185
2070
4165
5716
7607
639
3120
8631
2347
6209
1378
8036
4167
7243
1257
5844
6241
6329
8643
2043
1581
1647
4876
3673
5149
8677
88
6988
5604
6571
7772
6790
8642
1937
8858
6249
2576
1979
4881
1275
4540
2611
9311
5060
9854
568
904
6095
3249
5899
8138
1183
7546
9367
1208
9047
8044
7648
6035
3648
4219
3808
6790
2861
2097
5649
5463
4674
3980
6696
5949
4872
9307
1613
9932
9161
8533
7189
1608
8135
3088
9747
5670
635
5466
6878
6034
3510
4526
8422
3510
8745
2230
6653
7959
679
2302
3422
1705
2634
6470
4007
7506
5777
5620
3791
1290
505
980
2898
8640
4068
8997
662
1055
4463
7540
7090
4325
8418
5512
4188
3516
4094
841
1475
4773
9495
1249
2831
8481
7719
6838
5987
9848
8810
6130
1138
9315
7110
388
4308
7531
9386
4970
4938
201
8863
8380
879
3633
3892
5067
7149
4338
2260
4976
5464
8107
2577
8295
6588
6648
1485
8927
6496
295
5058
3986
9610
2168
727
270
6051
113
5241
990
6666
456
9370
3897
4089
9615
8964
7591
305
7576
2567
5769
5683
1497
416
2271
8145
1901
1199
4642
8548
6257
4980
8159
4777
5707
4781
829
2172
22
8171
5191
6830
3893
9088
920
3508
8053
4863
3814
1981
7430
5935
7665
5279
2704
9936
3425
957
7487
8067
9506
3744
9399
4017
4874
5107
8798
2055
3631
5173
226
8822
8355
4119
7911
9275
3980
2316
490
4146
4297
4273
6433
1962
9552
9137
8251
2977
6447
5738
7396
5953
5835
6796
6322
709
8255
1472
9116
1886
6645
9342
709
5001
9813
8620
628
145
936
1119
4291
1585
5392
725
9900
1296
6214
8151
4274
2661
241
1670
4966
2428
8466
7640
9489
6721
9113
8605
4960
2110
4299
5669
3463
4113
4289
444
4258
1577
7915
4902
3162
9659
5627
9414
955
8193
7565
5229
855
4159
6900
2173
2939
1718
9814
2429
4792
8927
7386
9752
1037
1686
5421
853
2151
6062
1297
2761
3991
9212
7663
3505
8871
9642
2920
9826
7836
6837
1408
5043
7348
8308
7216
288
6378
7030
9069
1170
2309
6455
922
9699
8141
2695
552
6644
5109
8201
9406
5452
7413
3421
8958
2636
3064
8230
8814
7252
1419
222
2295
8768
4882
5863
5408
1261
9246
4477
2431
1555
932
9706
7606
5426
8753
4510
2070
215
2711
1476
5667
124
4898
977
9112
4314
5559
7927
1566
6979
8149
213
2099
3032
6076
7507
4293
1674
8336
3076
9582
9268
2782
7188
4694
7888
1699
3117
8103
4410
4593
3770
887
5843
4748
9999
157
307
7926
8075
3638
2428
8288
2089
5460
717
9596
6105
2391
7932
9181
1973
3553
8316
9162
4599
6204
7213
7716
4307
7975
8662
4429
8862
4505
9177
5214
1015
5837
9492
9090
5827
1920
7379
7917
3732
4448
3865
9837
6839
8150
9019
8813
8055
3687
4327
2654
9891
7892
6723
550
5867
5385
4979
1082
6242
509
2648
7257
2698
2140
6348
8525
4061
79
2794
7793
4527
6660
3983
7718
4810
9354
2883
2865
3041
3562
1871
2932
1454
8594
9834
3674
3979
4813
1108
222
5322
3756
3831
8020
5896
6531
6546
6309
6610
9340
455
7489
2352
4438
1560
3514
3792
4443
6379
3185
8006
4603
2469
5812
3197
2303
9486
3529
7116
594
103
8791
702
3934
6811
6599
466
9709
9260
3428
5402
9715
7270
7754
505
8830
1269
649
3273
4000
3834
7631
8603
6303
3444
1801
4958
9282
1682
2075
6229
1785
866
6931
5719
4029
9882
2537
3739
9143
5966
9141
5210
3236
3247
2068
8418
4516
2717
8043
4869
2904
2027
3472
9207
5471
1625
4166
1105
3307
2593
7334
5092
9811
618
7164
3840
6852
9701
7579
5995
2019
3072
7558
1607
6320
9626
25
7188
8695
4421
2057
1599
6448
1882
7159
8271
3507
7677
9376
3167
270
3063
4611
81
33
8127
3921
6885
4181
7853
9233
6200
925
3143
7808
3597
2769
4185
786
7816
4958
9195
9416
1406
7429
6575
9677
7289
4252
5406
456
874
4821
1419
7307
4854
9547
1228
8091
3728
5433
7324
6280
2711
467
4088
6308
9588
4626
3446
7405
5936
8994
3173
7343
6423
6100
3372
3712
6704
5130
520
7578
9951
1940
1237
1157
7839
2465
9249
1567
4251
2925
7847
6962
3393
8288
3270
9333
9266
3069
3090
5202
2063
6263
8897
4838
8715
2270
8551
5419
3752
5423
9349
56
3715
6938
1213
1554
5756
6814
9473
7
9740
3673
6969
9485
8313
6591
5170
7579
6012
8261
9133
8075
876
8031
9266
5944
6653
4169
7715
6757
9592
3417
6813
3308
355
4379
1214
6111
1193
688
6118
7285
713
9439
3122
9026
2383
8293
2957
8395
2906
2090
2823
3782
6473
2089
9726
9478
6258
3794
6236
5850
7211
9401
5510
7566
3780
6725
3678
1326
3765
6148
4963
4478
5588
8086
3504
7971
2731
6461
6366
5637
4903
9189
5771
7729
7630
1850
7207
3888
5644
9795
6091
2855
5549
7953
421
5681
4678
451
7007
4795
6600
1971
5625
2188
6409
9129
6511
9140
1942
2877
4777
3198
8419
6900
927
2401
8750
4486
6290
4394
634
8733
3601
6183
6686
4023
1864
7717
826
5224
2512
7426
3547
8138
9614
9956
3619
6125
9096
1914
5355
225
5112
126
7125
2391
2527
5876
6877
5169
6622
3863
3902
224
6398
6941
599
4615
4658
1425
9839
3522
5204
3386
1660
4818
3342
5280
7296
8790
3546
9003
9015
8658
5481
6140
7401
4360
8368
630
9530
4991
4494
9784
1567
7244
3077
2166
1859
7735
9943
8050
1258
5147
1436
9270
6318
1130
902
9966
9920
4448
5321
5287
9458
802
1428
6859
5162
9796
7490
1044
1139
8336
7181
2706
5580
258
1224
7440
4346
1168
1842
5604
2667
3279
4874
5337
761
2129
5303
7034
6577
624
2321
6036
7778
101
9247
2941
6250
6737
337
7389
1425
7518
96
7006
4129
1320
798
8475
8840
2640
4079
7860
2271
5305
3197
9385
7434
4853
6419
364
5477
5092
6400
9608
5194
5647
2549
1444
8737
9238
8833
162
6757
5281
3520
886
2954
4318
9361
8146
3311
9792
6006
5582
1449
5556
4967
5236
409
7738
5600
2238
2831
8352
1846
4377
351
747
5821
9088
9986
1006
5603
6743
2640
9123
3981
5594
9794
9694
3740
3105
9486
6099
5039
7287
8007
7
2523
8416
4097
8123
7006
3280
6475
8853
7657
6827
9600
3478
2267
5938
837
7870
2681
3477
3346
3014
5423
3140
2708
9163
2597
8546
1614
7636
5834
9621
3995
8357
4389
8093
6481
1396
7725
9308
6601
5383
2487
2553
5213
4755
8492
6050
8977
7525
5879
2323
540
1302
1815
9600
6818
764
8147
4784
8401
333
4406
8748
8690
5147
3193
1523
2895
919
7184
5848
6302
9671
8402
1515
778
3246
3918
9756
771
9797
8431
7663
1100
6599
3616
4270
7363
8115
9054
2116
8448
9812
865
3490
4960
4058
5014
4207
1329
2198
56
7631
8221
8458
5499
9000
8056
5769
8756
8827
5566
3539
2843
3018
138
6459
7288
3854
926
2695
5970
9374
2507
6835
2864
7467
7246
4230
8027
4927
6428
8083
2559
1002
2893
4410
2
949
179
5110
6128
2097
8649
5323
1468
5140
8134
5108
8994
9060
7803
4964
8434
311
8152
7651
4130
1750
1881
2157
6677
4662
6592
5588
5664
9485
9998
2018
6786
6529
7128
9267
4979
5777
4590
6447
917
2725
1555
6263
1785
5711
1228
6572
6022
9380
575
152
1130
2456
8662
7807
3470
5254
3396
9134
1092
9746
1152
7878
2628
4632
7145
7607
410
8088
406
7679
813
8313
295
8950
4024
1523
1874
46
7255
2449
6551
4737
1258
5213
8896
4728
467
8644
215
1559
8391
7719
5790
7371
2352
9287
4978
9114
7375
1736
3145
4540
49
3440
3491
4074
1315
1717
4120
8570
519
7023
9659
1777
2236
8556
2857
9056
7200
9424
6967
1943
7144
2757
9314
5848
2045
644
4962
9420
2380
4459
3961
2430
4252
3804
2856
5567
5521
3328
490
2392
352
149
4169
2588
8705
3379
7996
2258
2803
4964
4201
9947
7721
3516
2147
6118
512
3461
5539
2893
7921
5852
1675
8525
6008
883
4092
7881
4211
934
274
4563
1084
795
3504
6141
4174
1500
8399
6978
6464
2601
3277
538
2469
1777
6656
2981
5238
8547
2226
9511
4399
3901
8036
407
1136
8481
4641
5348
9415
4915
6263
6851
5710
9767
2993
6237
7620
7744
9567
436
345
2844
974
9166
973
7631
2148
6212
6178
726
5723
6930
980
3760
3689
2116
8593
8330
7464
8008
9597
3728
4860
1660
9847
4205
7897
3819
1949
7464
4256
8647
6660
1582
7813
7634
9213
6313
3846
1744
7040
5921
5026
4372
6033
5067
6488
4626
9750
3953
2635
9347
4033
3847
1007
232
8052
5256
4052
6353
2720
4660
5000
5733
6242
9166
3367
1808
5479
3565
9904
8871
9486
1282
3243
1872
6349
6084
6498
6099
6389
5485
1799
422
9332
9158
7006
3736
4415
7410
90
7135
2070
5090
2868
4665
608
2587
6473
6088
6152
2729
1311
1991
4011
907
3863
360
6991
6713
2812
3380
8551
4611
154
7883
121
7160
7972
4536
4571
4414
8024
2993
9504
7244
7658
6465
9832
483
2553
2336
3212
216
4327
3575
1123
4542
288
8114
7608
3100
7846
6159
4063
8000
394
4184
1513
8366
8721
2436
2780
3097
5429
8637
341
9440
5102
173
6275
4007
8862
9488
575
3189
9415
1699
4084
9703
6165
1692
2803
364
4203
3218
8364
4597
7403
9877
9316
2476
2313
2096
5573
4095
7085
2266
3535
8539
2440
9810
8898
1302
5650
9474
843
5066
7525
1279
1121
42
9323
3925
406
3526
7143
5123
8124
898
1352
7440
9726
3666
5888
1651
4113
2974
3918
4000
7865
2710
162
6764
364
2165
2590
1207
7231
115
8839
4704
157
8162
8629
6916
1689
2125
2039
9813
9375
3391
3605
9102
3409
9493
7105
7522
8819
1023
7874
6685
3733
8037
9801
4097
202
2391
1657
3785
8858
496
8489
5367
5010
3471
2283
6699
1948
674
6512
1323
418
117
6777
3827
5963
3883
7702
4782
4906
1928
7819
4992
9965
7620
5441
6519
6363
7098
304
1573
3946
5146
6941
8957
8617
5576
2008
565
2603
8521
1888
3021
4990
5018
3200
953
8901
7254
2088
159
9183
9907
5151
9148
3880
6945
5668
243
395
2324
1817
4342
7470
5110
9651
2439
686
1659
3004
3289
6532
1245
2662
7875
6263
5863
5180
5164
9469
7268
1675
8652
7176
3179
4153
7408
124
6173
4003
519
8497
2172
4861
2320
7282
864
4759
4321
8876
7764
3962
5408
5361
6625
3283
1624
8840
8464
3140
8309
5732
4815
6962
9260
7994
1115
3020
4470
3640
7024
4990
2137
9196
6203
809
6479
7068
5569
7152
5944
9685
1114
7704
5046
7739
988
6670
6579
5804
6162
4889
7888
7329
8203
3501
1676
5670
6521
6146
9310
3545
1136
7799
9094
7340
8609
1925
760
4178
9077
3056
215
191
760
5261
7931
8100
8283
862
256
4445
2103
8145
1774
306
1646
3450
2328
4519
5949
1638
8065
7085
9438
3511
777
4399
5436
7889
4929
4513
945
5144
4704
8058
6757
8987
2510
5040
9850
2767
5837
8305
912
3963
8612
8910
3766
940
3429
9715
8931
1494
6800
4721
1357
3930
9120
6793
1819
4049
1306
2765
5545
2363
7175
2302
1350
9685
3694
7552
2452
9531
2210
9716
9846
822
8626
3612
8114
2056
3327
3397
9902
6480
8118
1260
410
7238
8053
2229
7639
5712
1346
3184
8075
4873
1838
5777
4559
5532
9682
3363
1415
1892
3080
1262
9066
1706
4874
3532
114
4554
6930
17
1034
5048
7629
1444
8639
5682
25
2630
7746
7724
5815
2173
2597
4005
4303
7156
9538
3985
6872
7305
2229
9952
8567
1295
8010
9794
4827
8125
4348
8109
8142
5382
3158
5771
3178
8149
7805
9555
779
1904
7279
2946
4077
6229
6952
8380
3385
2842
2365
257
6499
946
6561
5067
2241
4572
1213
3421
2697
5561
1530
7191
7295
1040
9314
473
5541
3471
6380
6321
5375
12
5619
9453
6241
8923
7833
5978
1765
6551
2588
4617
7497
9149
9684
6091
73
897
5864
2770
2810
3746
6313
105
4787
5627
6930
6680
9099
3310
3001
4474
9674
4973
279
5915
3896
4465
1894
2014
1016
4482
6631
4865
9983
2667
7308
57
9916
3172
9179
2726
6919
5493
2831
8058
7472
6113
4738
2923
5775
4092
7398
5450
9065
4029
1365
2961
8494
9611
1327
5862
4093
7958
728
429
625
4388
486
6893
7561
9665
9619
832
1510
8802
8890
8983
4915
3628
1906
7043
7720
5656
2493
3137
6038
210
2451
4532
9822
3778
395
267
8089
7475
696
5066
8215
1182
1960
5776
7200
1579
6608
8710
6734
1850
4045
8001
5479
2304
5044
9551
4312
7537
9041
350
7748
1492
1235
7570
1622
1630
4189
9711
5457
4886
4778
3672
6068
3090
5801
9620
1021
8761
4683
7755
612
5080
5757
2443
7384
801
8346
8049
4691
7387
8399
2439
5231
9634
6361
6854
7616
550
2917
9425
1788
4047
9450
4209
7137
1603
3829
8159
364
8512
2266
7328
9945
8023
9771
7329
5177
8118
5378
9868
1857
130
8659
7089
6116
1372
295
3733
8274
3212
9510
63
7260
8960
4272
749
563
8101
5260
7280
2966
7527
4608
2911
1902
4380
6592
7079
8850
8323
3299
707
8453
1958
4148
4569
9682
4443
4654
7957
7656
517
8020
1268
5829
8644
2017
2745
3097
3630
25
6063
1157
4633
5326
9411
5365
8271
6491
567
6594
6142
1275
5047
8101
5423
5968
4135
6219
6975
2092
3875
7492
6464
1495
3321
5108
9864
2418
4558
3494
2443
6973
1003
3429
2300
415
5146
571
3258
5714
3517
9400
3341
8564
3853
5116
884
7989
1335
4211
6433
1562
8055
9250
3057
7729
710
2922
147
5268
2768
2591
2242
3772
2372
4542
539
7518
1465
3797
9584
4982
9549
9277
9898
9755
4394
7134
7744
2081
1346
529
3644
9401
9779
6701
3482
490
5975
3630
2110
8744
2573
4352
8868
4945
5246
5759
8815
6711
9556
4752
8045
5457
4029
4295
5212
8423
1430
9308
6857
9128
9838
501
4881
5969
3554
8364
6459
5882
1994
8570
4626
4567
9274
9846
5864
4521
5605
4679
7584
1513
5783
1982
6970
9813
6277
8535
4588
4059
7843
1445
3187
4033
1946
8069
3
1853
2785
2814
7735
1131
1384
8713
2050
7011
8559
7914
1532
516
8945
5468
2029
4729
7450
5351
894
3728
238
5482
7787
8082
6928
975
8467
5226
5396
8470
7079
4533
1285
4814
5664
9021
9879
4066
6032
8438
1980
3916
5306
7277
9385
3687
8358
6835
5391
9252
563
5629
1087
4703
63
8015
2030
8531
9593
3778
7001
3025
8311
4638
4191
327
3660
4071
4393
6044
8861
2725
9961
4168
2
5698
7855
4713
2533
3246
3965
9449
8876
5052
4152
8939
9419
6182
3822
9013
9960
824
8390
4623
1814
2581
1302
5474
6652
5695
7871
5514
4772
7832
6034
4774
3530
3889
5839
2415
7136
9805
1864
2364
1209
2368
7655
629
4902
1478
5994
1214
8654
736
5837
468
3317
3491
5943
6322
9186
166
8188
3958
4350
4222
5085
4232
8111
7276
6647
1599
7081
4864
3963
4643
7232
7971
1624
2135
9449
7618
3349
8103
4706
5539
8571
8023
9030
866
697
4569
1032
8885
4879
1734
9459
6316
5966
7571
3593
2614
5522
7026
7478
5838
1669
1062
3809
3293
9549
3258
7263
9251
7713
8321
1142
2636
6345
172
3503
3394
1093
887
2280
2325
2622
1739
8641
8588
5662
8586
7554
1185
1965
1384
7023
3634
8799
832
3280
8348
442
6895
7599
8155
5217
8741
791
7914
5266
646
1308
2711
7886
9940
5036
6860
8032
30
5448
3694
8616
9355
1231
581
739
4606
568
9538
1790
200
4239
8584
7095
8190
6739
8664
3284
3883
6578
8550
4529
4239
7613
8767
531
2650
5627
8563
9032
7428
8610
4000
6783
6193
934
3874
800
1502
9765
8942
8054
4004
7527
1501
2194
618
166
5478
4501
3096
380
5383
3687
4346
4150
4219
3348
9778
2782
2380
3558
7744
6380
341
3938
7314
567
1090
5168
332
6384
3222
688
3911
4724
9235
4530
1242
1065
5383
4338
7798
766
8026
2144
1269
8597
5492
7399
7731
4224
957
5476
604
7650
5766
4271
8217
6856
9439
4902
3240
9014
1942
3504
90
7529
8034
1332
8595
9769
2022
2745
536
48
4889
8157
4997
6733
5556
2729
957
6513
8205
7913
4163
3971
8536
8732
7179
4328
9986
6771
3342
1929
275
3432
9458
4661
1116
4405
4431
3138
7150
1319
9539
8391
9476
4536
1476
1384
7265
2433
7897
1822
6699
8412
2145
5235
3496
5676
9563
9835
2448
9257
1764
9075
9041
7574
3737
157
8332
4520
9648
5482
2191
9187
226
8019
75
1702
9403
3693
488
3652
5515
7187
2064
4013
8774
1912
9689
8338
1747
2137
3947
9863
7565
2989
3790
1302
9498
2122
2174
9146
3956
4365
4685
4182
2384
4761
2237
8139
4806
2725
1791
6673
6264
207
686
5038
2119
6728
9728
219
5217
3676
82
2782
3017
224
436
2515
2346
2610
8014
2655
3327
9051
3189
2063
164
5426
202
4970
4503
1993
1644
767
8552
8682
2158
672
5410
1886
7243
628
1914
3677
3410
4931
3902
3847
3799
2600
2809
8165
5255
6137
7216
8445
4552
7381
3871
4755
2351
8375
3100
347
5494
1653
9030
7652
8677
792
9539
5920
1420
7805
5949
1183
9089
9851
1382
9240
2452
543
7405
4059
3032
973
2504
7585
4706
2728
8692
7058
7455
1792
3757
2949
9797
9139
6954
4826
9932
6493
7098
1352
650
3048
8887
9739
9251
6621
8979
8055
7165
2736
2115
197
3710
4619
7782
8416
3699
6474
1826
1154
4619
1936
456
4416
1075
7410
9243
1007
255
6341
8712
905
5741
3951
6997
4993
573
2328
3048
7738
5065
5163
7935
5127
6135
5718
9895
9834
8544
8074
7341
3163
6362
4149
3932
7437
1559
9527
4797
1814
5868
9861
9071
1610
3812
2420
2955
4385
4749
6003
8475
6166
1167
6411
1293
3654
8481
7540
3488
3377
1966
7181
2893
8328
1330
6825
2118
9241
2704
6915
7407
4924
3128
6479
2886
6940
8899
5841
7678
0
1845
2505
6166
3012
5268
3811
6666
3749
7704
6506
3479
9670
40
6372
4351
7722
9549
6469
6964
2253
9736
4371
7177
2864
7202
64
6156
2454
5905
186
2454
4102
2692
4973
3466
4312
8784
6484
4414
6488
2991
7893
2511
9383
617
6862
7105
166
9683
421
8771
5771
4793
2300
4987
8347
8716
1143
7153
974
7682
5960
5076
6726
933
8543
1038
6069
5027
5452
8910
4370
9697
1421
105
314
4635
7211
6832
670
7632
5603
6441
8777
4256
1428
3477
2972
8923
630
298
6605
2942
5375
9683
3875
270
7074
6297
1649
2526
5207
6020
2224
2980
6125
8890
7615
9688
5723
8285
3673
7678
4726
8802
1934
2506
2279
1259
1429
9262
1557
8035
2204
6932
4070
2432
7202
1144
8729
8852
23
288
1224
8599
3268
3701
7489
7235
9742
3212
1872
3415
891
2950
8569
9177
5456
7201
436
6885
6463
1994
1272
5019
8926
5343
3803
2481
2839
2532
7685
2862
2820
5261
1461
2440
8962
8951
9675
8704
8515
1547
8471
5758
4497
7041
4936
9953
594
5372
3191
7057
7366
4463
8428
2645
6158
2232
1478
8998
1116
5515
8212
289
776
9674
2729
6090
4977
2405
1147
9844
304
5970
5603
1154
9363
539
1107
9957
2263
650
3366
5982
1466
1795
4979
7624
379
2809
2974
7847
8324
1187
8136
5452
7213
866
1542
2190
9623
9041
8386
6279
5012
3989
7433
4375
880
4893
4333
3144
5543
7699
5478
7009
5846
457
986
2577
9618
3960
425
7942
1499
8561
9746
8712
5779
7640
7254
1754
6682
5641
4386
8046
5982
1819
8773
6863
3064
9458
6359
4960
3510
1837
1969
9356
8646
9307
8286
8264
9620
8711
2558
1119
7272
2304
6184
9404
9944
9790
7510
2978
5431
1896
1024
1414
3716
9798
4629
3132
5608
988
8092
9118
9177
6414
8475
4175
5721
6761
8791
5341
1824
7701
2813
5448
5
8997
4852
6301
8787
2363
5632
571
611
6656
8337
4327
2806
2966
3812
8415
306
1904
3885
5835
8318
2360
6362
4040
5473
5153
5733
7297
2854
8546
9098
9211
3895
3950
1864
2683
2665
7496
9606
3277
505
7943
3956
9663
7261
7768
4430
7567
9673
8316
9754
4343
7028
6116
4735
2502
7621
469
6151
6827
5367
5249
6038
5615
5552
4254
4650
4569
1751
4256
7846
2256
2199
8155
8271
9460
5923
2702
3379
1948
1018
9485
6292
8046
5601
7379
6900
9574
4200
9404
6401
9568
1005
8791
1535
2909
3045
6185
7479
4796
441
5325
3404
8992
9832
8028
8452
5756
730
8183
4056
8100
7668
6700
6146
9621
4080
9399
9195
8280
5155
1948
4200
6160
739
5735
9070
3784
1920
2901
4933
8713
4578
4689
7705
4411
2717
2509
6519
3447
7044
575
7899
1064
7276
398
685
1356
9797
6232
5988
1304
8180
189
7464
8919
2276
2886
9056
4197
2139
3989
9262
6718
8678
6968
1129
7748
5829
7648
7547
2874
4575
5447
3938
8203
5845
976
5911
5642
7208
1900
6946
1741
8441
762
7012
717
1
2420
1266
2140
6409
529
8858
1440
3849
6339
9188
9678
339
6735
2552
1267
8534
2843
9470
4379
3819
5382
6373
7379
7282
3319
5472
5723
434
2485
6440
6787
1257
7707
8927
7667
4588
4138
5459
8437
6829
999
8115
3521
4086
7020
4788
2621
6215
4258
7000
34
9640
3374
3765
3274
3045
9238
5349
9831
8075
8142
6618
9332
2201
1898
3351
6789
6036
8810
5226
9217
6161
9693
2738
248
3065
7526
2869
9280
8137
6221
5666
7777
9595
9432
7404
8993
5022
2753
8824
3097
7247
5443
8781
9448
3693
8485
6237
6081
7295
7815
5298
9809
3861
8037
57
6926
1915
9278
2559
52
5499
8225
4182
1447
7657
1586
440
9031
691
5616
2128
7939
7411
7262
7387
1104
5747
9977
7185
9394
4144
2484
9203
8005
6873
5612
1284
8788
4890
3843
5193
6742
2068
9375
4541
6078
7313
1333
5109
8004
6949
3590
2295
713
7204
6035
8169
2951
2364
5355
8697
6508
4191
4253
866
7416
9865
2150
2556
1108
2345
7749
4202
765
3476
8743
3195
789
76
8305
5146
3377
8247
7441
442
1803
9828
8612
1106
2192
3967
9803
8701
4510
4056
9567
1926
274
8069
834
7734
414
8584
1936
1179
2060
7031
727
9202
3459
5384
4348
6836
3631
8141
7279
5434
7970
5891
2892
162
6210
2695
8863
720
3104
4782
8998
9730
2851
9832
7464
9617
4768
5752
7149
3181
2783
7876
2383
6242
3260
3083
9430
3243
1224
3061
5029
5546
8952
7921
5709
1514
616
924
8586
72
2059
7584
9802
4910
3769
3618
880
4889
5722
8029
8070
8505
2257
6805
1099
5517
6240
530
5112
3817
3591
141
9363
8896
8062
1424
6762
5030
2349
5349
1455
4408
9285
7609
5670
3054
1228
2902
7944
6950
7283
2366
1808
9540
5524
2907
5057
1764
9789
6521
5581
9733
6662
4945
4981
1076
6369
1743
6107
5070
7092
7562
5830
2730
5171
7853
5784
2751
755
80
6054
8039
8799
7862
7579
4323
7121
8989
6087
3263
5510
1669
2996
8525
2966
7977
9601
5687
6072
5708
758
9517
9622
6588
2247
1146
4441
4383
249
1549
816
6303
9588
9615
517
3519
3938
7639
8860
6377
902
723
4398
250
9248
7364
4579
8849
3052
651
910
162
6520
532
6750
8767
8030
7544
9503
8280
9093
319
935
5033
6286
1453
4904
6576
5444
3765
2953
2698
4488
3704
2948
88
1068
7527
8937
472
4530
9847
634
1051
6732
7385
6170
1114
1281
2025
5746
6726
2344
6682
8111
4982
8135
3015
1558
9931
3132
864
2629
3972
4568
5577
4060
1988
9456
2998
2461
3986
9197
3095
1389
2281
6832
7560
9748
4465
5937
5494
1191
8282
2176
9302
9616
6663
8670
7527
6594
1802
8391
5575
5775
9311
1152
9835
1299
608
9185
112
947
4735
9560
8688
3368
6392
6248
3116
7210
2186
8611
8401
6820
7139
4056
2788
155
2726
315
3101
880
5058
8677
6655
4369
6181
2843
2021
3142
2028
2133
4089
6763
8045
2777
6484
4438
5378
9600
1648
3916
4563
6401
7088
1703
457
9876
8210
9535
6544
1311
416
1602
9988
7071
2324
2522
6266
697
5664
8295
9182
6105
1410
7228
8882
7894
8018
612
3847
9666
880
8410
2419
4320
6465
9229
549
4675
8764
7093
5987
5532
5047
2327
8956
7371
4849
5222
8068
513
9869
7251
6618
1280
4479
1853
5526
2497
8817
9373
8515
9698
4136
7286
4018
601
6515
919
5277
1632
8012
1264
7164
3060
9943
6120
6783
4793
7695
4852
1658
7564
8455
4629
8844
9286
6482
723
8135
1651
6448
3002
7701
584
288
8072
1186
3156
8991
6463
4788
7004
4079
8304
6416
4022
777
3199
5167
8472
4403
3178
6036
2858
7807
1233
8496
641
8308
6631
2292
4756
5985
9994
5341
6274
8066
2879
5782
7057
9342
570
413
9773
5226
6829
147
6003
29
1667
827
4432
4845
3216
3643
2652
801
2139
9645
9109
5123
1937
217
1108
8283
5558
7382
6349
4789
9516
9759
483
6438
172
256
1665
7002
6756
4020
3383
8423
4848
4167
9620
4416
7810
8624
5217
6302
8269
678
1425
6558
895
2533
4842
2806
6268
7543
7595
5784
7302
8079
2223
3827
4687
240
829
1443
4260
564
6218
5460
4731
5838
6228
8894
4462
1445
5196
9083
8475
2973
5642
9371
5506
484
2177
8126
8027
6124
263
5330
555
2486
9157
5243
2726
6338
3038
3338
3254
5609
5151
4337
7799
1379
3231
2262
2825
4779
7697
1300
7752
3339
7023
9611
3823
5552
7737
8203
8029
8000
9885
8584
6838
5394
179
5916
8084
9570
9255
1338
5179
758
5675
2978
2137
5259
1592
1314
38
9290
8967
4143
2629
5990
3754
2805
7895
7843
7360
5924
2196
7245
4508
9034
2639
1040
1303
723
610
6910
8413
5789
7668
4088
5119
9805
5699
6712
7472
2090
2354
6439
6233
4983
8781
6339
4140
6676
534
1500
2600
2730
8745
3461
8117
7736
4501
9420
4811
5111
6330
3224
7252
350
3665
2371
155
9364
5435
7627
1454
7789
418
4039
9125
9200
378
3265
5876
913
1118
4829
9995
6215
8290
8112
3952
2791
7532
8763
4254
214
8340
1506
564
2005
3877
7072
1369
5665
1051
9176
3454
1470
3215
2579
670
3594
2197
2898
859
9667
7727
854
5882
6017
8967
6186
5160
2851
1302
9414
9418
9642
7272
9982
1647
7502
7054
9368
3167
8106
8544
6621
5928
1760
5553
6598
1706
4102
9496
2565
121
3576
9771
6003
9593
5090
8542
1106
7942
6196
6872
7360
2190
4145
3694
3837
1647
749
9557
4814
5207
8102
7787
1135
9862
9692
4085
7920
3794
3581
485
3915
7157
6608
6271
3103
1699
1165
561
5993
7361
7433
3353
5903
1578
7047
9740
3225
4148
9297
4391
5707
3751
2179
3194
9965
1871
7279
7885
2018
7213
4722
2285
722
1331
4908
177
3030
6073
738
9023
9786
4524
8728
2041
6102
2127
1781
5680
2628
7431
71
8335
7534
8602
1530
7500
6826
5161
5385
5196
2374
108
7481
9449
1439
2390
9626
821
4815
6717
6196
954
1241
1276
2995
7343
3403
1129
9375
6031
4912
5799
4367
2446
4401
2249
9946
7579
3762
1684
2775
2489
1792
257
1938
9583
8999
7916
6756
166
4633
9304
7472
5874
580
6820
9570
3983
4301
5297
6367
5565
1096
7086
8011
5498
5687
4310
9429
9449
2346
2205
1938
490
2462
3876
6425
7813
1793
3181
7979
2778
2485
1804
8653
9417
8624
4575
9752
9277
9872
6119
4842
969
9557
9205
2819
5244
9867
2248
4694
2213
805
2984
9055
3267
6861
5480
7432
5006
8661
5412
7784
7498
3568
2789
3267
8544
7364
3020
7821
3589
5491
9015
910
5049
8220
81
293
4440
8681
1339
3005
9487
4324
2061
2754
7537
7541
187
2543
2555
1951
6679
53
1871
9469
9673
415
3185
2693
4588
6774
4536
3603
7684
9585
8175
7765
6231
2615
6447
3922
5621
5934
8246
4034
5040
2135
1575
1579
1030
4130
9882
7710
536
1753
7179
209
2168
364
9254
6756
3491
3790
6711
1175
9728
4887
5293
2311
7502
8092
6233
9475
378
832
3509
5418
9319
1437
3350
350
5567
3232
8060
2455
4986
1591
9016
3506
1955
8270
6615
5446
8413
3326
2974
4493
8213
8267
6804
2068
2711
9389
1543
3089
6573
1405
4859
5893
2842
8209
6243
4761
7794
4303
7217
9132
5894
2585
2638
4201
7208
5605
6000
1973
8932
8974
6466
7145
3593
9622
9213
6304
9011
7109
9393
1937
8514
604
7830
7708
8814
425
2469
2960
1080
6038
2092
6974
8624
1082
7527
5832
6688
3527
4157
5620
8853
623
9117
8798
6597
4683
1454
5608
8144
7199
3897
6658
7804
1727
718
2970
2152
3187
5930
9584
5578
8022
2910
4202
9104
438
6386
5792
317
543
7764
5523
7518
3234
4321
4115
7917
5776
6075
6061
9327
9973
9071
7131
8052
9789
101
6557
9328
6031
6141
4906
405
9052
5460
9510
5842
1846
1654
6159
8741
5771
8034
2611
9005
2356
6726
3274
4484
9154
9335
163
9127
4758
7295
3531
899
3748
88
227
9780
2582
5134
185
1634
594
6047
7476
8793
4054
9987
3886
9825
8022
6498
5182
6730
9576
8456
7566
8730
4143
7729
4209
8901
1376
7741
9800
5125
7829
6379
1257
6763
7865
7794
8397
8460
3842
2225
3605
7896
8565
3843
4073
2939
341
9255
6021
9918
7711
3587
5000
8206
7668
9210
7107
9045
6951
3259
522
1132
5990
1779
7896
3856
9573
2645
8668
9767
1223
2273
7663
6140
6116
8088
9079
2810
3695
5100
9080
7758
5039
4080
5964
9059
9642
9423
8104
6593
2682
4978
4078
8673
6757
8326
8881
2683
7323
7549
2450
8546
9822
6466
1038
2290
4554
117
1452
8250
1569
532
2360
6608
965
8325
5668
607
7748
124
3553
6783
1455
3983
1808
8212
2309
689
7247
9632
8238
9698
4531
4412
6164
5569
3054
7070
2039
4507
1672
9960
1391
4033
2921
2356
8710
4941
9316
6458
1417
2869
9593
2872
6852
7753
7437
5513
8442
4684
1497
3032
4382
6028
3796
6898
7950
6851
3969
6341
7710
1993
6301
9101
6026
5574
7810
4736
515
7126
7547
1933
6347
7140
4805
9551
4894
2242
5064
9688
3279
6561
9073
4013
8942
2869
912
3244
9720
1233
5937
7430
3226
2238
2884
5605
7813
694
6693
4680
4172
4240
6613
519
7733
7771
6422
8979
6365
7838
5019
9644
4399
4092
3658
9693
6962
922
9289
3034
2155
5226
6817
1733
7465
9701
3690
1630
6747
384
6310
919
976
9276
7790
5061
7047
4212
392
9764
2050
5412
9409
2801
5856
9419
2495
9170
6693
1784
2205
5200
3363
5374
6933
828
1427
6976
8810
8174
7360
1472
5445
4688
7100
3235
9750
499
7447
142
264
5849
1906
6025
8650
7763
1796
7497
3285
8489
5634
1842
3689
8997
7216
6974
6177
8643
3950
1339
3169
7662
9163
8614
2351
6264
1849
2101
6763
5648
8595
3379
7849
502
9404
6500
4617
1200
349
7902
6041
2335
9745
6082
1332
3313
3057
3861
1957
3359
5200
1478
1022
4364
93
3373
6980
8294
5474
3743
295
421
7123
8144
923
2879
996
1892
432
1346
9795
6473
33
5892
2556
7718
9205
5613
1579
7514
8972
3132
8993
6346
3848
5438
9719
828
84
1545
923
6731
1967
4398
4876
9242
7278
5872
1135
7710
3570
7282
4183
3604
3174
3091
7674
2379
5056
9253
9894
381
8737
5239
6727
2585
7029
6447
9765
7113
4344
7041
3845
6311
1439
5073
1906
5069
7297
3041
2779
868
6675
3315
824
9849
6406
8498
2228
1463
4103
8474
1844
2841
3713
4923
1778
742
1370
7896
4208
5715
4937
8053
8378
2728
9478
284
7798
6775
9677
6929
7643
6352
244
4819
2553
3003
9669
4782
818
125
9608
9014
9318
9674
3937
7448
6768
1660
5344
976
7375
6633
5381
2105
5714
4859
8742
3512
1635
4771
441
5630
7476
7038
6802
29
6393
6471
1163
7211
2948
772
2577
2266
6798
6514
9715
3566
8174
1411
895
1901
8045
2628
359
111
7488
5453
3623
5475
224
416
7457
7700
3806
4259
4082
199
7083
5245
3762
31
2369
2691
8650
9167
9206
8365
9086
3732
9776
9981
1986
4173
2609
2345
4284
6449
7798
4259
8276
4374
1028
5734
8427
4834
6345
2509
1386
3428
7754
1500
9812
6476
4192
8462
5643
9750
6827
1081
3482
2955
1062
5468
3481
24
4165
4117
2825
8315
8377
1102
2690
9405
6836
1117
591
3181
3626
1977
2962
7732
9830
2774
4208
4022
7588
6204
3772
767
7285
3606
3722
4700
5427
3555
4724
9592
7673
7549
7908
6050
8651
598
1807
1839
8067
2398
1373
8045
728
4335
5777
6910
3461
6338
932
7401
8894
1056
8168
6179
1014
8242
879
6441
1798
1955
6034
9471
5857
294
1873
860
7244
32
2700
5311
2430
425
9708
9510
1112
5485
6420
925
8175
3704
8326
7069
1112
6494
9601
2127
4736
6832
8568
2886
8788
954
8709
997
7600
6934
1857
4844
6966
909
6507
5749
7686
6215
5259
8798
8053
8032
9723
6228
8088
8049
9650
9201
4543
9251
7680
5632
2435
2600
8518
1223
9907
3580
8572
7507
514
430
2352
7481
7691
8859
3230
5378
1427
4841
528
9480
9225
252
2060
7314
8301
1710
2867
9197
7313
547
1181
9749
9499
6051
7324
9406
9631
5897
6914
146
2679
9266
7627
6722
4477
7209
2100
5904
8402
8981
1736
7628
9233
3797
1294
3886
5507
4161
9435
9173
1060
616
8922
559
6668
6246
6318
6299
8495
3232
2797
1174
8850
6776
4249
3327
3985
2701
5584
8740
1682
7320
6368
915
1117
4014
1154
2977
8175
589
2150
5587
7558
1072
2498
578
3670
8816
3229
2166
2048
6027
9692
898
2803
3941
578
3141
2995
6162
1881
4677
3482
4601
1945
952
8615
3099
3929
3142
40
6079
5081
7598
3503
3931
8176
7173
2748
1406
5691
1148
7433
1736
8399
6588
2029
5329
6081
5024
1491
4314
9702
1325
8915
1647
8629
3882
4746
2558
3376
4786
4989
4809
8737
4844
8741
6913
8370
7841
4671
413
8989
2104
2149
3740
5045
4179
9069
1126
9203
6912
5441
8905
4590
708
552
3219
943
1650
2130
671
2789
3471
5481
1526
8316
574
4791
6686
8415
9463
3451
3756
7919
5601
7497
2964
9780
2918
443
8983
9831
2236
4241
4421
9296
1145
7640
239
2796
6122
911
1937
9594
2744
3463
7910
3318
4606
948
1733
4069
4399
5489
1989
6352
9338
1305
6132
2257
1748
1468
2088
336
5709
2861
9633
6854
6853
9872
6002
2976
7135
7939
8922
6231
7754
6832
9549
2361
4132
7634
2782
4883
9476
1123
1236
5166
2429
3720
7423
529
5188
5863
866
897
5076
499
4104
1930
6723
106
1258
3859
4398
180
6442
2152
3364
2344
865
3848
9978
3648
8731
5806
4771
6319
973
3552
40
4748
4082
1580
612
1300
8830
2040
1799
2934
3970
8522
3040
1580
8733
7438
8112
1528
5943
1476
3872
3160
5324
3850
3160
408
6009
4284
3079
6982
7836
9471
1730
8270
1052
8694
9570
9882
735
1369
9168
1057
6244
2208
8990
1329
5999
7102
2857
8294
4931
6729
1454
6607
6932
4615
3367
2941
8899
6447
9923
3087
2270
8005
1358
3322
3052
928
9556
3787
8650
8724
1196
4894
7285
186
6223
9636
3641
5433
7930
8572
2162
5736
5179
9094
6703
8547
2035
1954
1346
8310
5042
3616
6316
6400
3291
9368
7328
2847
9507
5978
7924
7055
7224
5209
7242
9800
4845
7235
5233
9127
5807
7395
1215
7338
2842
7919
2237
1229
9873
3583
9540
4915
3552
2208
7667
6843
7928
1348
6042
7435
7326
3966
4490
903
5527
8084
703
6724
1671
5936
2203
3830
9683
3419
1169
2525
1338
9758
3755
7563
3342
9647
2479
3246
1855
146
6441
9783
1494
2483
3570
5173
2802
4412
2428
4681
8849
3131
1406
520
5419
3609
4351
1454
7028
5520
332
4718
5278
439
2282
4972
86
1113
4570
8293
7611
1011
4428
5458
9847
7998
6983
2649
2410
9411
7330
1259
8894
5088
8132
4313
8698
2483
5767
2078
4355
6099
6797
9633
6538
5431
958
2976
6544
5528
1269
4155
2892
5697
5965
2739
47
2948
5388
2458
2359
9070
69
1253
4159
8201
1918
9209
684
4038
1287
1391
137
4436
1025
3028
9867
8335
2356
2763
215
3626
3271
3107
5675
9236
5846
5723
2185
1234
4533
896
6657
954
8502
816
5508
420
25
2544
4458
7664
3936
948
8453
4961
328
8320
9648
2684
7436
9863
2662
707
2971
8338
6295
5169
413
4832
2756
1298
5729
9413
2252
4231
6581
7760
1003
2958
305
1814
622
4241
2762
9075
5554
3090
3748
1554
2126
7536
1417
4789
8243
740
9479
890
5910
6244
5723
8666
7542
7804
4431
6146
8387
1012
259
9390
3970
564
1204
944
1157
318
6372
3063
9760
120
4617
1887
7656
2386
3028
2251
3127
8859
3141
5389
1455
5216
407
5349
3020
4838
1495
1407
2202
1754
798
6172
8670
8354
3468
9827
8673
9840
2890
4785
6312
3859
6672
320
6246
6052
2571
9373
1263
2065
1114
2718
7281
1521
4419
6654
2711
5915
8061
4913
4021
5211
1085
2692
3566
4553
8871
8591
746
8114
3376
7058
1973
6401
7379
8219
8805
6302
3944
69
4719
5058
9139
8353
2931
3559
5007
5642
9474
3068
555
9847
4632
7992
2539
4550
8898
7763
3141
9644
5877
2869
3054
7850
9270
433
2422
8076
6736
6366
4497
7807
7777
3636
6160
708
3547
1167
6351
9373
588
3258
9221
5220
7603
8112
9770
6501
5875
2911
2497
1752
2132
5551
5955
7755
2337
8377
2183
5425
1095
6680
3232
8872
6668
9393
9581
216
560
2284
9589
1148
1894
5162
2720
9497
3275
2490
2350
9150
1753
4847
7255
3886
6751
9562
1641
5440
4291
176
865
5386
6856
449
4259
3524
9842
192
92
6755
8828
6034
4255
722
1196
3328
220
4471
5818
2570
9974
3924
3770
3581
4162
6873
9495
2155
2313
3786
2331
9530
9172
9187
6331
9783
9063
2526
6327
5508
9281
5155
1542
9888
5878
2738
3216
6098
3562
5387
5020
9888
9311
8790
9821
3473
2015
9316
5628
680
3102
7959
210
8626
3498
2894
8410
8913
5420
4737
4421
1053
6245
5963
941
2123
5054
510
8221
4968
2249
9593
1208
1560
8384
1029
1385
6751
6697
3365
7432
9799
1324
3994
4777
1174
6888
9539
87
2308
629
4509
3361
6874
6824
655
8997
1878
7517
3570
6846
9766
3163
4406
1326
7899
5435
2711
4651
8484
6076
8435
8283
3752
2429
9413
1278
9318
8952
1365
1626
9581
2226
1340
6455
9051
1995
1804
929
9512
5374
4128
9278
4890
8534
6956
2789
322
6019
3792
8806
8447
2227
3442
2199
4657
9207
3477
327
8159
1194
1953
7741
3421
9645
548
2472
1640
2353
9753
7504
4079
233
3134
8969
5120
90
8111
1794
6109
1903
600
908
483
394
3107
1492
9601
2936
1819
4113
483
124
8206
3904
9770
8754
2728
7762
7459
2481
5267
1539
9067
4753
508
4187
1196
8619
5981
3657
6875
2933
4566
7358
9680
7673
8850
5633
6962
7021
9746
7445
7145
4304
7701
6915
3059
429
4678
6870
9262
6297
4761
8329
7402
5270
2516
8598
241
4849
2256
3468
7783
6822
826
7463
847
6028
9448
4161
3049
9195
1606
195
3499
5659
3462
2910
2440
4492
6133
1703
7141
894
32
4544
2516
8901
9494
2758
102
1750
2578
7885
4924
9757
1700
5772
5785
1149
9933
5187
6696
7892
1734
6547
9903
1548
5810
2344
6041
1943
4047
9534
2837
431
4078
1706
5684
9925
4464
5787
1675
3394
24
2952
3151
8077
8724
8937
5578
5009
476
2274
9253
8562
5173
9157
110
983
7853
6151
2926
8252
5686
2116
8683
6116
3822
720
6041
4638
6507
4069
8032
6531
7021
1184
960
2097
6473
6538
3458
3301
8812
2712
1863
3986
8221
1973
1321
2426
4477
600
678
6515
9068
9361
8983
9242
81
1377
3880
2940
5446
8264
5824
8819
5800
6784
7268
8625
3323
726
1926
8487
9790
141
8825
8011
8467
6499
437
9296
7099
1115
5811
6167
6829
1146
5409
3262
2523
5641
6203
4321
257
8379
3140
6058
1515
408
1035
4838
7487
9314
9678
7277
9455
8503
5289
4274
5002
2078
3570
8453
9546
5733
972
2727
6880
6381
5989
9403
8374
8544
77
8632
6923
9569
1042
8439
6330
2077
9629
3817
7743
5659
1094
3551
4163
2735
7825
5517
1166
1396
323
712
3481
1295
3439
361
4029
9428
6117
2403
4325
6194
7387
7600
2115
8429
6039
8445
6859
2021
2262
954
7680
9709
4505
8195
2444
2331
65
3610
79
388
4322
3560
1683
4113
274
2064
9894
2743
4468
4219
5289
8207
1819
7404
6637
4211
5850
9848
2584
4464
802
6616
4173
1660
4812
6618
3991
1229
6580
422
1617
7255
334
9652
1368
608
1717
1262
9703
2537
1833
4992
744
5
8749
3733
4216
951
9933
3152
5415
7088
9768
5941
8748
932
8911
9091
2161
5491
9513
3778
9098
9847
9783
467
6808
7852
8081
6511
6741
6267
7856
3837
6272
2957
7571
6840
3908
3856
9992
5675
944
6112
1616
6044
7045
6879
5135
9206
8723
4648
9337
7821
848
5472
8288
7656
3324
2722
519
6417
8989
4727
254
5261
7684
4177
2101
7944
8034
8445
3620
5330
4557
1588
7727
1602
8468
2862
809
7191
3863
6498
5012
4711
1970
9653
8719
1646
2375
9238
8063
1364
318
8317
2977
4354
8847
1430
2299
3233
9875
5919
4915
784
7507
2642
8739
2327
5505
5900
9518
9368
2398
883
431
4368
536
9150
6014
2911
4740
429
627
5058
5098
9956
9413
3945
1386
1712
7178
7613
3983
2094
4749
7842
4736
3488
170
6593
9388
6040
2313
8138
6923
2744
8858
3811
1894
1224
3074
2987
1653
53
8045
6752
9
3810
697
1395
1874
4228
5360
2209
2674
110
52
3762
3598
6574
356
9339
8966
2669
7477
2242
1766
6336
6053
12
7560
5480
2999
5566
5533
7397
2318
5543
1207
9367
3290
9434
3595
8651
1643
2621
8761
8047
6384
2359
4621
3092
1698
3588
5761
5528
5830
3879
1864
8235
3892
5776
3715
6891
1342
9249
4288
12
1144
1848
9380
4434
1282
9327
3085
9277
1949
1846
7325
4685
558
8298
7777
8608
1886
9890
4136
4068
3770
2352
8656
4014
8129
2371
905
5823
7972
1546
5836
9116
3394
1568
9903
1028
895
2988
305
9196
1187
7630
3881
1745
5929
1658
353
4167
7901
842
4588
1671
3194
3244
5685
7675
1967
2942
3499
6292
840
5687
1760
4234
7255
1663
1614
4502
4652
1920
51
2191
5902
3932
3936
8183
1943
641
8703
9844
1483
3291
7867
1030
2887
9904
8705
1206
2846
8556
7498
3687
595
5611
4273
4202
7274
2240
8705
8278
4160
8756
469
6414
9040
4405
4598
7335
1399
9653
7179
2882
9296
1398
3912
2183
1302
8970
9741
501
3878
3592
540
4474
9203
1165
8676
6477
3405
3733
4756
3917
2489
1577
332
7882
5983
1282
5217
3734
935
8749
6616
231
147
6881
8766
7802
2203
8507
4655
6081
2099
1547
6907
7654
2712
1936
4132
2470
5669
5240
6387
4511
6817
3071
2393
9152
4353
7610
2886
1640
2711
5855
8223
2859
9088
6989
7013
1291
1849
1668
3724
300
3215
632
7955
2279
8920
8439
4749
4589
31
1137
9100
3200
4208
7845
2353
4914
1808
1591
6554
4519
7446
1130
3730
6534
8119
743
4177
6320
8763
7902
2973
1978
4886
7280
610
158
5719
5359
4747
2102
2848
200
5302
7057
4397
4007
8323
6205
5599
4877
7077
3045
6007
807
5932
479
1551
6461
3151
314
715
6124
8645
1953
3404
9255
2111
5475
966
6859
7577
3815
3411
9232
7224
7808
3239
5547
366
8838
6776
7443
8236
2784
8250
520
9615
6153
6981
2766
2820
7697
5243
7817
9650
4999
3424
1762
475
4390
4973
4404
8205
4736
3636
1781
8896
3228
7328
9262
2066
4105
6705
6654
3241
1308
7174
2856
7461
4156
1974
6633
8205
3569
4450
4207
8569
7874
2321
5396
2265
3646
9800
6822
8382
9789
4956
7279
3017
2284
2893
1435
2741
5951
8090
5982
7259
5264
5190
1072
5772
3517
7706
329
7086
8508
4537
2007
6383
6858
7403
5000
505
7204
8174
5239
3345
3130
2518
6362
1767
1764
4149
4508
7715
2239
491
4974
3856
2033
2398
5980
5550
6456
6310
8989
4965
847
996
1348
4057
8400
2700
4562
1956
874
6154
5301
4005
8672
8015
5772
6788
2164
280
4503
756
7123
5829
4612
5509
8228
6944
1059
1036
3254
6400
6001
453
7397
7349
4511
2149
6401
5425
4105
7276
1579
5758
7633
6604
3773
3405
3392
2289
37
7896
3045
3513
77
4009
9022
4657
954
6433
5694
560
2834
1695
1014
6583
5397
1877
8732
1798
7302
9189
9074
5234
1299
6707
1838
1424
6464
1582
3713
2854
5830
3111
6367
5908
3472
5389
565
778
1822
6259
1339
1008
4307
2353
7591
9704
4230
2675
1502
7884
8216
6929
3118
9515
3636
1308
939
6453
9243
1005
9307
5073
468
5674
7333
3940
7415
4251
4719
5589
6862
6058
6598
1169
4763
541
873
8993
9569
8728
3229
7785
5657
6348
7301
5645
4008
4592
2098
3251
5597
1405
4677
6065
3431
8362
6358
846
2613
1077
2788
9476
3487
5738
645
8250
6279
7871
3595
2200
6599
3176
9986
8608
5876
3639
4253
9885
4583
6352
9488
181
4109
517
2598
3893
8880
5308
1091
7845
6385
3879
7321
6224
9617
4319
826
2249
8542
773
4449
5141
3950
787
3749
6178
4426
4354
6063
9010
706
1904
5543
1168
2421
4493
1413
7653
9802
2504
5499
2539
6384
9172
5116
2353
9843
5942
4602
8385
3068
5404
9878
3370
6191
9979
9548
6970
4334
5612
2332
1392
3868
7875
8912
2641
8720
325
295
8522
2830
2146
7414
5566
1318
2530
7919
7514
8472
8874
2251
7892
4278
2130
1262
6821
2109
811
3791
2795
2775
6123
4188
2995
350
3100
5636
9071
3426
5931
3945
6256
4429
1359
1822
2100
3889
6093
9614
8714
4967
1865
6606
5597
347
4221
8771
8809
5032
8914
1604
4159
1390
5792
7154
1740
8893
2790
7163
8671
5074
1109
1279
9503
8820
9453
7955
2710
5546
7569
1424
6866
5787
4382
8815
6134
8603
7586
4943
9987
2853
6548
4146
4243
8692
7652
2335
3937
6795
9499
2608
1869
6960
239
7724
5780
9692
5680
8490
1591
9601
6266
4809
1740
7001
9976
7875
1956
7563
9170
1944
6768
2070
2442
1011
7115
6447
3346
1052
3242
2845
13
1463
6157
252
9187
1938
6297
1219
6780
7888
7173
9399
9049
8913
6400
9025
3140
4708
2940
2311
6652
9708
733
5447
719
7848
1894
418
8901
1488
3263
5266
2951
5773
5518
8490
7711
8167
6062
843
6055
3235
242
1456
2148
2994
482
5289
7703
3422
3952
707
3131
4685
6154
202
8886
4400
620
4139
5888
236
9405
5191
6009
1275
3682
72
9443
9744
915
1850
9331
1158
3307
1479
4152
3789
3120
8207
3563
3424
8915
6694
4462
1421
3249
3348
5822
3869
3839
8062
457
3244
3254
6466
871
6936
6538
6666
3032
7454
8517
2363
4964
8176
194
5468
8317
3315
3676
1880
3091
8943
4927
7553
364
4528
7253
2538
8397
1092
601
8855
688
3855
1673
1560
7143
4564
8226
6527
8370
3095
8890
3334
7623
9084
8802
5940
8751
8830
4173
8195
7773
5452
5748
4490
9980
9354
7028
4729
446
7629
9936
1135
7836
1610
9047
1331
6174
7273
7858
4544
6721
6748
4230
4344
2185
9384
285
7288
8215
810
5483
2340
6262
7584
6830
2594
6938
3859
7323
7384
7840
7260
4871
5677
5222
3918
7008
7748
7544
4867
2292
4265
7967
2874
8609
6504
2258
5246
3793
6825
6056
5628
9166
8670
3212
2348
1264
6502
2559
4940
3887
400
8552
5110
2429
3774
9029
5789
1522
2925
7008
166
7190
4976
3040
2151
7832
1650
7398
7977
8476
9806
3606
3994
4829
3170
6342
6093
6025
5254
7385
9912
2006
5937
1374
4435
6063
403
6576
7585
9680
3585
4103
6870
4913
3495
9022
2745
5146
2772
7075
9974
8930
7033
3968
3759
203
6662
6205
6228
1916
3590
2492
274
5880
3867
4709
1943
622
1286
5881
303
1223
9984
3525
6136
9832
8899
5233
4978
8023
2308
4952
6954
9341
5272
7065
5897
1934
3270
8477
203
3213
7322
477
5445
7541
1539
7388
4515
9177
3269
1170
400
9606
4696
6536
5790
9947
1769
7120
7971
430
2072
1277
9771
3696
8342
2020
5630
7965
498
2185
7530
7820
2663
2975
5361
4202
6715
9876
3379
6337
1047
3779
5943
2095
6667
1733
2042
4788
8853
6365
5218
7277
7642
1342
7325
2337
3362
9307
6654
212
1493
4184
8032
4156
3511
9745
4710
226
5974
4441
6563
3373
4572
8858
5468
1239
6943
3862
2379
2148
228
3950
5777
4222
1644
3102
6559
1358
2410
3213
1571
3903
3749
5955
4411
7260
5701
9121
3839
8027
3562
402
1400
4486
9261
3220
5725
2556
7082
4456
4705
3662
8406
482
7885
6402
3585
796
7761
5995
4010
9332
6250
4111
5287
661
7724
7340
6134
1563
5367
6048
1965
3119
534
7578
6339
2611
135
9774
7067
1192
9788
1826
1674
4025
8228
5259
4822
5989
7606
5184
5321
208
9295
6961
869
7019
4301
7003
8582
6021
9403
6900
5492
9937
830
8184
2548
7317
4310
9616
8509
4098
1442
184
8124
6022
1795
2946
2012
5754
4482
3685
5962
129
646
6832
7149
1300
187
2083
3673
5943
5335
9165
5880
6166
3701
8429
9835
8011
4397
8345
2110
2191
8529
6586
8213
6676
5884
6577
2430
366
263
8393
495
7261
1577
3996
8561
8116
2432
8586
4059
7767
7752
9940
285
7805
4721
121
5817
5470
8466
4279
7661
3347
865
2226
23
3101
8804
8806
3467
9067
7199
314
2680
5128
663
1242
3244
3095
9828
7304
7214
3932
3596
7500
8090
4669
3973
3907
139
2439
8186
7800
2138
5403
6378
8513
8504
5182
7319
8323
601
870
8637
3282
5998
5652
876
9243
8747
7056
2899
5962
7341
2847
3462
5431
7516
3787
9338
4007
6226
3876
8159
4716
9279
4537
3229
4135
6072
549
8810
6673
1419
7447
6307
7418
3100
7183
3013
8199
4240
2264
4161
1581
1463
3975
7012
5331
7762
2702
9338
340
6578
7497
5056
2209
8386
4638
2696
4458
5187
1506
1132
2958
5305
3791
6728
4757
975
6093
2957
1567
4709
3470
3148
6172
3798
6512
1503
7912
5566
7193
4605
8496
1042
9661
705
9429
651
9753
239
2190
1259
1371
5149
2916
1515
8229
7674
2490
675
6983
4057
5384
6805
3557
1557
603
6421
9412
4868
1987
2958
9473
483
4000
5486
7540
9781
6138
7293
21
8328
4904
7744
9829
7820
9259
8059
1846
1749
8734
5181
2158
470
8339
2067
8379
5294
8488
7792
162
475
7102
9635
958
1102
5122
8498
884
7612
2143
905
5940
7047
5001
5770
1220
4261
181
9418
2362
5267
952
4521
2089
9291
2940
469
4585
1429
8261
4748
1904
1715
735
9215
2817
5857
7713
53
3469
9857
7310
5762
3256
2312
7884
828
2925
4417
6599
5287
6036
7551
6160
8125
6842
9101
8594
1427
530
3207
2527
8786
4922
3263
8001
7740
5472
2067
4145
5294
8276
1456
1056
1532
120
5292
8713
3045
9709
5312
8332
5745
2863
845
222
6057
6298
8817
3836
6828
2024
6364
1966
3299
5979
9968
7391
1451
2035
1536
6745
6663
9344
4153
4547
9464
9445
3260
2509
5506
8572
7194
7603
7787
4391
7826
3844
689
6643
7681
7517
5019
397
5835
8318
6376
5803
5709
7827
4190
3598
925
853
2942
1430
1753
2407
7228
5013
1268
2734
9938
4814
6690
7725
9205
4516
7922
9894
7511
5603
3763
8882
6000
9599
3553
2376
1754
5614
6555
2297
9212
3832
9502
8507
5263
1255
7266
2491
6269
8534
1577
6207
3349
8267
284
8906
9135
8206
8801
2998
161
8916
1881
6161
8515
5434
4889
270
7400
7797
8919
6613
1629
8421
1472
3244
9677
8738
2087
5946
7272
3665
8505
6973
8284
5141
2232
7420
3348
1033
418
3509
6301
8651
6023
4817
437
7264
1439
7838
1413
358
803
9395
5131
2275
2639
4808
1013
1079
7106
4637
4744
1963
7963
3028
7105
195
6800
453
7580
3571
314
3881
8574
2689
8698
9012
6306
6489
6850
4071
3199
7653
3466
8331
9928
2458
3139
941
3537
6598
5578
4633
8561
3541
4013
5666
88
7166
2471
7668
737
9138
1550
9311
8179
6600
8323
4485
3090
1525
8557
6289
9178
8375
972
5458
7185
4112
2751
722
710
8330
1707
5623
8223
5721
1290
8312
2887
3761
5980
9976
9251
3882
9287
7431
483
3963
8268
9925
5488
3177
6214
1019
1553
3539
2829
8738
4003
5581
5813
1065
263
7520
6688
8486
9593
7978
3150
2480
8092
5483
2456
7343
9365
8096
1126
9848
2059
9395
9773
3899
2572
2340
1270
4125
5879
4100
9216
9882
6033
1381
947
6296
8901
3987
4782
8495
1966
4285
7327
6410
9768
9784
105
9133
4232
1232
5334
2643
6979
1459
2894
9551
151
4165
29
6030
4617
5597
2264
7002
6978
9563
3298
2231
3551
4432
726
1869
8717
4406
4631
4837
542
1088
323
4774
8672
5657
7417
5651
3468
311
5203
3620
828
1584
6002
1797
7181
4619
8799
511
534
8449
2742
437
2882
9821
2306
7951
4227
3289
2789
4769
4378
3112
9543
3050
5121
3312
5054
4941
3623
257
8561
804
8193
4564
2601
1726
5535
7753
2237
6069
6202
4979
6507
5436
4800
5165
3388
9027
8455
6177
3796
9185
5641
9691
8587
7114
3003
3641
2055
6627
250
617
3783
8443
1533
2736
169
7068
489
2406
9489
3044
3738
5996
8480
8538
7514
1868
7566
5969
4397
7714
1506
6390
3758
93
3504
6761
87
5560
9740
337
6177
3523
5133
4062
6260
1654
7482
3101
4061
6971
2497
4151
9320
978
2689
6834
9198
6607
9155
9948
674
661
6338
4432
7106
9843
1193
3545
1755
934
3883
4284
809
9016
8346
3421
7022
2180
6523
7435
9151
9020
1586
8471
6350
4276
1657
1901
7235
812
1849
7909
1473
4539
2341
4932
734
3535
8477
2489
821
8712
6773
1630
4080
1471
1404
1103
3651
7927
8538
9155
3299
125
3978
6002
753
5636
7903
7988
6448
6104
5898
4274
6995
8239
9206
4082
8126
4035
6571
5299
2748
9697
3282
3180
7520
4686
4283
7524
8965
2822
6679
2264
9299
657
4618
52
2645
8873
8040
9094
1329
290
3368
8325
4882
8926
2407
3008
9313
5330
4660
8413
1379
7942
1594
8900
2628
5877
6424
1593
5051
9455
209
4350
112
4828
754
9110
53
5147
8204
1383
5437
7924
9708
6671
3202
8467
6032
8867
149
692
7281
1529
8634
8875
6781
7614
1104
3205
5559
2508
9012
2120
3210
5476
3300
3965
4586
3354
5464
2790
4737
901
7066
797
7573
268
5616
3605
9136
5765
649
2769
7294
5635
1644
4075
3249
9100
3632
5160
1608
2644
7280
4819
8121
581
5136
2707
287
600
1850
1376
7853
8916
2173
1778
5537
7789
1735
1025
9906
2384
3794
7201
8019
5438
7628
7620
890
7613
2780
2499
257
6413
3670
4730
3346
5158
3790
3633
5758
1992
1361
9963
7260
3534
1742
2797
7675
3477
3822
7581
2214
7616
1134
6585
9406
8763
4206
6649
6376
3338
5500
2985
6103
9170
7716
9449
4328
7858
9434
6438
9850
795
6401
7110
681
4495
6260
4708
7973
6434
2290
6539
403
3424
3124
6161
8539
3682
2810
4915
3373
8310
4253
9476
3832
8321
5278
4512
6179
1064
950
2381
8212
3704
5843
8893
8199
8455
3602
2524
4890
2244
9063
5293
2020
8540
1454
560
2222
4265
1827
5595
8927
6080
1424
2760
4401
6702
7272
6932
4118
4575
5665
2330
8279
1509
7576
6478
9964
1178
9003
1206
9774
4418
6499
1794
2958
4306
2354
1533
4923
534
7128
3850
6614
4904
2962
7368
7958
235
4300
2077
4810
9966
4407
3089
7827
1983
5919
4143
9513
1274
5350
9287
5693
8201
7434
8651
2507
6140
184
7430
6674
3665
7633
3289
4921
595
657
2880
7182
1309
1309
1992
7627
2068
1433
5454
404
3705
5950
9917
4979
1300
5557
672
9501
9343
5676
2009
5483
2212
5791
2158
5877
9776
1799
7151
372
8808
31
3906
117
1340
2251
4097
9760
3684
5903
164
7389
1853
6434
8721
3153
8343
9393
2655
7686
5069
1016
3169
7282
3159
5327
9511
2936
3478
6662
9660
2286
3045
3566
2404
737
2169
2853
498
5854
8756
662
9595
610
3448
4668
115
1791
4062
9122
9477
5483
138
8999
9117
9650
678
8629
8938
4157
1643
4950
6443
4689
4868
5199
5426
7038
8052
2276
9244
6809
9291
5191
7419
2739
9860
3886
4531
3922
3009
360
5757
9499
9359
4875
9149
38
3504
4439
4195
5147
9389
638
6188
4258
5838
7967
7648
3890
243
6892
7051
9534
2083
822
2274
1943
4709
3157
2217
7718
3517
7975
7217
2877
2850
2719
2915
2706
3510
3462
4205
2900
452
394
3510
6290
8361
1158
6533
8604
4402
3584
4491
6485
759
3117
4781
5468
6274
3350
9538
6143
1325
3107
9020
527
5826
8287
3233
9337
8101
3791
8589
8554
4185
2099
4844
2546
9609
7729
7502
4011
7666
8345
6848
8425
1462
1629
245
4088
1332
9783
232
2657
9242
5604
9537
1421
244
9122
7110
8345
2913
5699
6899
7098
4150
8096
5996
111
2177
9851
4122
9843
8196
7322
4620
6011
5304
1217
6451
6636
7352
3035
5645
6595
8640
5182
8016
5236
4305
5126
9933
3570
7177
6833
669
1327
1281
3017
1438
9810
2868
1912
6006
7417
5586
626
9780
890
8196
6231
7526
5548
9267
3172
2143
4259
8354
159
5847
9011
1637
5780
2582
8814
8965
9603
6493
246
2620
4283
6409
1841
6195
2415
5610
8134
9393
5390
9024
7589
7973
6551
3138
3592
6075
5281
7851
781
1793
3698
9793
9782
5831
8727
8597
4796
8330
5090
1395
7302
9374
7804
5495
1921
219
1105
55
5964
6495
5432
3554
821
1983
6692
4413
4410
8325
2265
5191
6470
2315
4984
6253
8146
63
1202
2943
8393
6292
4338
2048
2018
8494
7543
292
5065
8649
6699
1029
1496
2131
4583
2317
466
7627
6731
4876
2305
5348
68
8775
4015
1404
1380
8514
1468
2582
1457
6213
5227
2147
8261
7245
6993
2157
7537
2058
806
589
3087
8654
2720
7671
7324
3187
1650
4055
8063
3955
5755
8131
2731
9770
9536
463
8284
7356
3046
6093
3569
8273
4592
8183
1870
1585
340
5760
3643
7498
6349
3083
6152
9069
7106
9828
8608
8756
235
6672
2712
5990
1155
1795
2113
7043
2258
6749
4399
1656
9195
4321
9929
3787
2504
8152
1725
2844
3912
1720
6694
6613
4803
2846
2034
8261
9027
643
7018
9262
3667
9730
5253
4822
1525
3718
8218
135
467
2617
1792
6014
6938
8073
9802
5794
6225
7879
8638
6489
5951
5332
9454
755
4531
1489
9016
9910
8484
2386
9172
2151
2116
777
3325
9993
4495
1543
6481
1315
513
8273
7329
3803
2698
3483
9598
5276
7714
4588
8117
3666
6273
7572
773
7156
5413
6141
7066
3897
8528
6238
2400
6996
7016
5725
6990
7863
7269
3471
9178
4134
8096
2860
7937
794
2695
7535
2422
410
2124
540
428
8397
8112
1201
1905
9877
7342
8971
3774
5870
5209
2526
2867
8577
8251
6209
6441
1872
6032
1971
2358
480
4831
296
7626
3879
7831
49
641
6307
589
1069
1056
5053
2270
2961
4930
5964
1932
5056
1835
3494
7582
1054
2071
2185
7263
8512
410
9647
484
2768
127
1667
3064
7753
1898
7248
7802
2539
9907
4743
9960
7316
9796
2230
277
1078
8195
8562
6134
6382
8408
68
7436
479
8606
1051
5344
5368
698
2180
8136
825
199
7553
4930
2098
1153
2733
989
7412
7476
950
4728
3625
3180
1358
4703
7727
6272
7190
461
4680
3610
7897
5159
8568
5300
6855
3936
2350
9035
8425
9527
9235
2330
4458
7685
9835
3543
8674
7247
7371
9624
1976
996
9157
9686
2052
3236
5958
9242
3698
638
9204
7947
2149
7773
3248
9005
1709
1950
8040
6486
1478
3627
8816
5936
1312
8651
9479
9987
5899
6850
5963
4227
4199
1472
265
6251
4709
6223
1845
4759
3213
1049
2706
1714
8822
2306
719
6884
4257
5112
3370
5735
5091
2187
8023
6404
838
7502
2743
3089
704
5058
3668
4903
6531
285
1154
1240
6508
2999
2351
6073
401
5057
7788
9223
3716
4859
6107
4325
9971
9478
6412
1415
8017
4435
7819
8855
8289
6914
8297
8993
1972
8317
249
8503
8603
7755
6095
1463
755
8446
7537
1156
9856
1677
6731
9924
6536
2839
4249
2860
8669
661
4275
6686
5096
8446
1893
3385
5360
6542
8730
3684
4860
8979
8540
3463
6735
4635
1278
3842
9434
8815
1350
5642
6844
4433
5566
3381
3624
6167
2593
2293
6828
6868
5331
8276
1666
7225
8013
3378
3767
6743
7062
4979
2075
5602
4794
5162
6590
6073
9004
2376
1240
6706
8018
8085
1139
9936
7818
4764
6103
411
7057
9283
3631
8741
7559
1649
5966
5572
5027
6085
8667
2089
7417
742
4044
2211
5904
634
4636
1260
3010
2229
7966
7380
314
9106
7316
4484
222
9771
1247
7279
9054
4878
2372
6613
6527
4690
8537
1554
776
7204
9995
4545
4299
4039
3108
6555
1025
7745
7816
4035
9974
2134
1415
6640
1240
5083
7476
1462
4854
8723
5094
260
9953
3818
3225
2832
8509
1762
738
5637
5319
733
182
5970
1125
3290
2525
2150
7387
341
6186
3713
2476
3953
6705
68
5389
4181
7883
6595
9256
9329
6856
9209
3147
81
2041
1656
8196
2779
7293
9867
9865
3827
5837
990
3470
8362
3140
857
5056
5678
923
3884
9632
7628
304
1373
8162
4539
7968
7418
3868
4824
2980
3368
1258
5021
1376
9454
4153
5022
5673
4018
8849
1510
5008
2319
6224
8148
9529
7632
179
452
1516
9811
8080
8173
1184
2594
2712
5504
13
2933
329
2993
6301
1587
4366
7677
7393
8519
9051
3066
2537
7901
928
3897
6572
7152
8398
6101
4785
8577
2905
2653
4740
7338
826
5924
9932
3539
7780
6297
6472
8109
9290
9125
6048
9
3154
9793
8528
2206
9211
7418
6459
139
1315
3031
3644
9713
5485
8429
8290
8390
7434
3030
5728
8261
5306
2013
8152
3087
8310
976
7548
3953
101
9949
3962
3255
9742
8842
1813
5306
6260
8272
5445
7576
7656
5441
3641
3141
3870
1932
7883
7657
1314
9964
5918
2973
1977
422
2412
287
1398
9960
592
7851
6261
4554
7458
2356
3397
9272
7662
6009
7544
9459
9937
5200
4901
3579
4693
5123
1863
2577
2780
9529
2541
5050
2502
4518
5472
4914
1157
6870
1227
8102
1073
7488
2656
8532
9844
2405
7804
7506
8415
1700
6966
8352
3253
8219
8283
4298
3342
146
6875
6123
9676
5768
1173
8530
6638
6646
3445
4148
9868
1024
2250
942
8512
1258
5826
4709
16
9982
2215
4783
8034
5533
9487
1287
3752
7771
1938
3447
4269
5165
9570
3945
934
7095
2476
7572
93
2273
8072
6314
3297
322
3608
8161
7933
9434
2870
7949
9416
1438
2732
7450
3323
2219
5090
3428
9990
7028
6875
4260
2193
2797
4557
9479
9892
3385
3404
9986
2010
1476
6300
5307
1799
6260
3469
9732
5694
2691
4033
5110
4129
6765
8912
7453
8984
354
881
5327
3734
7756
5939
5928
553
6848
1759
6797
234
5163
3135
2244
6640
5787
3904
4791
2047
3725
875
7741
6416
4908
9203
546
8025
4468
4351
7009
4822
5232
8688
8557
9340
4627
837
6245
7828
2596
9394
8062
4112
2530
6658
7104
8317
562
1895
6717
4287
9122
4458
7056
382
14
3954
8407
4482
8305
1768
5656
9889
457
4213
9229
1436
1402
1826
9264
351
1220
3678
4463
3750
337
7919
8420
7251
9814
5137
7891
5288
5947
4947
5670
5961
8901
4077
6795
3558
5845
2452
3447
2654
3017
9028
4091
772
854
9707
1123
8426
3386
1938
2177
3723
9857
6949
7326
6023
8438
5217
1311
4385
6516
3333
347
5417
7410
3494
5327
9607
5946
8774
2262
5316
7802
2705
6088
5008
2412
3563
3435
2150
5501
1964
2225
1710
5265
9552
4085
3703
4769
1748
8088
7638
5081
4787
3055
8843
8282
4735
4802
580
3509
3416
5896
7664
6121
1984
9024
4886
5547
2459
7036
7400
775
9262
5462
6040
8814
9547
9743
9935
1295
7832
7573
2728
8971
6981
7923
7253
1716
2726
4186
1577
6142
82
5593
8616
8419
4618
3502
318
7077
6890
7719
7853
6152
9533
245
1318
9081
9989
7606
6728
4173
1531
5809
3144
4864
3732
398
2932
6458
936
4510
8953
1018
103
7569
9437
4721
7423
6108
8151
4313
179
2356
6818
9712
2601
4488
5145
2590
8446
1874
3115
9978
4035
6260
4842
7767
3010
4127
578
3946
8637
5883
4964
5092
3452
754
6166
7227
3214
4317
7892
3393
3025
1062
3105
5626
5551
4603
4569
3997
2829
7684
327
6864
296
1522
4631
3306
5649
1561
3604
638
7444
4921
5730
7248
5675
8248
4475
5241
2565
8720
8634
1942
9782
8091
7569
1685
2694
8490
2035
5523
2526
2362
2387
2823
3884
3371
2481
5885
1284
6086
6523
8729
1007
8606
5977
3034
6854
6805
8275
5772
5525
3261
7714
1659
1352
1635
3345
399
6477
5380
5922
9004
4094
4662
8179
4331
4385
660
216
5669
6746
3092
4398
7753
1698
6728
7139
4904
3533
5414
676
5410
8675
4743
3421
28
2730
3118
427
9208
8498
2701
8212
8945
3715
6391
3276
8100
3403
9844
122
150
2936
4520
4255
986
7600
1395
5891
7485
6809
2919
2895
1837
4014
2669
8217
6745
5787
4996
5953
638
7697
517
9583
7765
6908
9211
5865
6663
9055
2339
6813
8344
6860
7421
9330
812
8816
1573
8298
1977
845
1193
166
4859
214
8383
1604
6002
3379
3909
6640
7429
4426
2575
1546
7686
1786
7411
4350
7193
6103
7515
5537
2963
4936
1220
3775
3752
9145
8425
2082
9990
5971
2248
4850
6185
6984
2806
2187
363
6716
5179
4144
7494
7754
5690
5181
9540
9454
9531
3086
5557
3398
8623
4872
8335
6195
4999
8439
5341
3425
521
1683
9396
9122
2885
5581
6106
5692
4121
2821
8760
9300
3318
6254
7055
9008
7787
2947
4814
3670
6033
6723
7069
1009
1595
5404
3556
2947
3843
8897
6372
717
581
2120
6191
3466
7701
8649
5510
1822
1470
622
7475
1140
6877
882
149
1016
3829
1315
4687
6215
8039
1756
3576
5986
7160
7132
8933
7355
2382
5305
4424
9315
7425
615
9133
1479
9264
4644
9653
7087
1618
7128
8227
4847
4362
4728
5864
8192
6044
551
759
435
2307
687
6421
5819
7819
5355
3174
6553
7012
7599
5868
790
4566
5002
8621
3831
5998
8274
7270
7616
1755
5497
8816
6117
226
4680
661
2622
1583
7772
3057
3890
8459
5830
6061
2631
7537
9235
9184
902
3186
1405
1692
4105
6407
6665
7936
8757
4939
1558
2725
3046
7055
1541
9164
3633
2573
6177
6255
4156
3950
5664
8046
2409
7847
459
5040
5384
6047
577
6286
9233
1982
4330
9690
4741
995
7626
9850
2287
9184
2575
5333
2592
469
849
6225
3042
7027
8833
7199
977
4497
1597
9738
2344
2057
1131
4081
8104
1708
6719
3689
42
1050
3380
1135
8397
7358
985
684
2895
3560
6018
5487
4029
6867
8064
7072
246
6897
623
1223
7747
2220
7314
6443
629
8445
6876
5085
6505
3596
8775
2899
4646
8507
4034
9395
2217
5019
80
5112
8579
2450
6951
8961
9317
1368
2385
5916
4617
3008
7139
8716
1580
805
1512
2210
9250
8388
7295
2107
1984
2422
5006
2982
7281
9040
2378
9499
411
8810
963
8991
1260
4267
4304
6929
5635
6689
2845
6604
6049
6337
5321
7629
7142
6833
6191
6393
5221
9839
4852
3558
8613
9859
2892
5895
5251
1622
1746
5663
432
2709
1006
1692
3328
5310
8622
8963
8351
1467
5568
4400
7804
7241
8381
1299
4074
4573
7692
5647
764
8896
5557
9377
5107
8450
1624
359
72
3370
2374
6857
2432
3380
8549
5760
5042
3523
1076
9745
1343
6644
4145
5499
3885
2526
6798
4311
3451
842
9958
4215
9739
5516
9945
4846
318
1569
1557
390
4940
283
3599
7372
15
8501
9484
1409
2024
560
1154
9719
7204
5299
5219
7441
4178
8369
8104
3981
9212
8063
8197
5303
9931
4494
6501
249
6063
4411
6991
1003
4694
591
4727
4710
9092
4212
6119
7468
4772
7274
7188
8329
8925
8759
2122
9455
7128
227
3437
6340
4642
7986
7995
4573
2480
4497
1174
8543
8908
8165
5899
9954
8756
6978
4664
4200
1190
7136
1669
2315
762
5209
6996
6039
3968
9118
5495
1096
5697
8932
7437
339
6918
5432
1264
9398
6281
2438
4293
5189
604
192
5144
5712
7171
6160
9913
4713
9648
7934
3380
6762
3143
376
2802
7111
5847
8297
8207
1544
7229
1996
1884
4147
3781
9500
9897
6414
1939
4190
1604
2543
4383
3100
4607
7906
5612
872
2619
1613
8806
6000
8375
1949
2728
1177
5412
8575
9474
9972
120
3055
1968
8356
3554
2101
7856
3451
8516
6147
3994
6472
5042
4729
5924
9650
2635
1536
522
1606
3149
5681
3958
7877
7630
3039
9054
9395
1614
4881
9367
8086
7936
7687
2794
7843
6141
7003
1294
4657
3150
1640
7481
8193
6369
3405
7843
5356
1293
4717
3315
795
398
7273
8672
4381
6664
4078
3776
8279
8959
9495
2717
3248
7182
5512
1091
9675
2515
8737
4332
5665
378
8165
210
6747
1570
8053
8456
9216
9123
1771
11
9521
5396
5035
3902
2061
9113
4030
6692
8073
3525
9409
7673
7060
4921
8764
6735
3788
7501
7420
9454
7879
5585
6016
979
3508
4070
5787
2724
3193
7558
9087
9066
9306
4122
2969
7719
9587
6999
4411
4012
6877
3821
1685
3937
5094
449
672
8883
4303
8092
4689
2182
30
705
9513
3538
1127
1652
2614
672
5562
1701
9739
4869
2175
9060
2588
1762
2411
7000
2127
9288
7173
3812
3225
2267
4262
250
7502
8565
4694
2191
7099
4724
9249
2965
4614
6728
4617
7228
7401
180
5281
3492
1401
3808
2552
3989
5571
4963
7341
4050
604
4514
7862
3829
3134
8476
431
6988
7041
5126
5532
493
9850
4781
9810
817
7861
779
8045
5262
7311
3327
5106
8712
7135
4010
9054
9058
5326
2747
3108
5930
7262
7323
9759
6748
5799
191
88
9193
1669
5620
6038
7871
6753
5848
8688
4615
2979
6734
6229
291
6413
1336
5355
9900
5346
4409
5311
672
7157
4771
2954
771
2094
2714
3871
7894
9257
3959
3439
7278
9580
9477
5149
6333
1677
3838
7300
4656
6924
3530
4947
9689
4866
303
9589
6564
1064
4900
3589
8221
9672
6543
5344
8118
5609
9215
2364
1218
9527
5803
8496
5459
1632
3646
1792
3309
3836
5445
4318
7112
8975
9265
6801
193
5920
6390
6757
3337
7643
346
7910
3667
3242
3255
1785
8851
8822
4150
70
4701
6305
4918
160
7938
4916
8305
7599
5104
3750
1917
2216
2725
7535
9017
2918
9807
1760
6027
3144
9403
2726
1055
3070
5968
662
4855
1171
5836
5357
7593
538
1663
2512
698
5953
7428
9003
9904
8885
9105
8174
1101
1830
2061
119
1100
1868
1879
3480
1365
7634
6206
8772
704
8526
9434
1911
9697
5270
3621
7291
2160
1636
6155
2859
3941
9935
8214
3845
8820
3672
8371
9922
5502
432
6393
2955
2301
4624
6435
18
2258
8993
8790
9314
7519
4576
7577
3568
6198
7550
7211
8359
9186
3366
7570
3127
9654
2136
3325
8474
5808
1696
4748
7663
2129
7493
618
782
2117
3405
7152
727
8750
5942
6393
6269
518
3971
6189
6716
1521
3401
1427
7060
6767
8997
6539
2773
1134
9864
7600
3294
7913
2348
957
6394
6194
7927
3528
4663
7684
680
5391
6434
6622
1784
2703
3492
2107
8893
6560
9981
8646
7988
7041
1765
3337
9932
4539
823
9797
2139
4118
4062
839
1427
6808
7033
9355
336
1697
7039
1016
3440
3474
3990
1576
2529
7482
3684
7774
4042
17
6420
8382
7058
4538
1720
6990
9077
8895
3139
7568
3013
3553
8407
4441
361
1793
148
697
9842
7187
8065
3282
7013
2055
4858
9543
9537
4894
3669
9932
4911
6442
4666
8321
980
2738
1664
57
1634
1155
3977
999
4709
2384
5440
5070
529
1940
2120
371
9128
185
5
6141
2241
1216
2036
8130
2462
2058
4414
7374
8500
5433
2047
5832
8171
3711
2241
6157
4867
6218
7157
5928
4954
8949
998
5484
890
9470
2207
6370
9656
8565
8863
8249
9781
7252
2731
2243
9310
3498
5969
4162
8931
8017
9994
7102
8080
8587
9612
2947
4805
6769
5227
6111
5718
6226
7947
2960
2048
155
9330
1704
5072
8194
6305
4853
5446
9037
3448
1108
2535
5770
5270
7818
139
1616
4920
8219
203
4532
7519
1360
7653
2746
7471
9724
5324
5419
2684
7373
1926
2015
5429
6998
6561
8087
8203
8359
3476
8003
9467
6011
3773
1089
3829
264
2705
5101
8484
9260
5986
2355
6972
9991
1453
795
9715
6778
2566
2400
503
4492
767
2284
7842
3680
371
6045
2039
3847
401
1506
6210
526
2595
6391
791
1652
7845
5627
7264
183
7982
588
174
5787
1383
9890
2565
3950
8642
9420
4794
5761
8057
2637
9441
8428
5034
1480
8628
1787
9338
1190
2314
8285
3934
9457
9937
1779
5084
3553
1962
9418
493
8488
5205
8228
8378
4123
2178
3372
9895
3325
9133
7952
2314
8574
2733
3700
54
7713
5488
9392
8903
4154
7677
2837
3611
3966
4616
8695
3871
2930
4465
4364
7771
6022
2593
6149
145
1123
5874
41
800
5007
4345
3114
3582
7078
3167
9988
4791
8655
5733
3695
9161
9762
2884
2772
3729
3853
7819
3952
3135
8636
4669
906
4658
3614
3408
4804
1089
9282
1197
1890
4289
5542
1356
4223
8973
4523
564
3764
9530
6297
3811
8691
2411
6696
1463
2492
6901
5634
6445
36
4270
7466
943
8929
1080
4351
85
2169
3633
1282
4059
4274
3176
1768
4850
2149
6291
5414
5914
5822
8063
6077
4513
474
9125
2329
2967
6026
4315
5764
6063
8586
3230
7006
3867
4310
1357
3952
6479
1342
1586
6891
5616
4762
8659
466
6912
1302
2232
9178
7124
295
5255
7990
770
4381
6671
89
6759
986
5853
2822
5924
9083
9828
9791
9745
7537
95
2576
8879
1681
5819
848
6444
4478
1314
9708
2133
3547
8886
9257
194
493
3599
7316
1226
270
7405
7986
7609
9610
7160
3533
8693
6989
3325
4790
878
9772
7367
6110
1454
3186
6958
7898
4017
4624
3958
6150
4523
2844
1759
4718
9689
5359
2034
7268
5629
5792
5254
9590
5402
2414
3124
448
5755
2801
5238
2986
2573
2605
9096
4027
2144
6054
8277
6161
7030
2235
2311
1554
1431
4070
2624
7473
5781
1010
4741
7763
6802
6347
7353
2205
5113
477
9005
7221
9630
4243
207
2204
3201
9303
2583
5345
1709
7213
7858
8739
5800
169
6645
3584
591
9269
7409
2725
280
2150
488
3434
4849
7841
1991
9962
4671
996
3535
4301
5240
3742
2857
4793
9397
1793
6490
1106
9006
4348
6198
1158
869
9195
1094
7812
8465
8503
537
5097
7005
1025
8531
1854
8867
523
8169
9890
7871
1704
4191
3111
1799
3401
4256
1196
5194
746
8655
552
1446
4853
8062
2315
4048
9157
128
8865
7660
7017
314
4666
8043
5198
2872
3262
5721
1041
3152
3592
9098
3695
3056
897
7096
3664
2093
8642
763
748
9194
2209
1953
7257
4525
2354
6414
1005
1219
426
4374
7886
1444
2417
3084
4317
2031
5157
1710
1535
5101
7160
5231
4509
8057
8679
8174
6503
7322
8937
3603
2868
7498
5557
6477
2023
7911
9243
9380
5482
9670
3755
9720
7466
2524
2804
8135
908
4313
9846
2443
9415
3358
4026
3924
1416
2706
8450
4271
6380
3739
7874
9248
1238
3431
2078
9613
7694
1321
8994
9529
991
9101
9249
4810
7977
8406
2945
8885
2719
2791
1329
2134
6150
1707
2411
3918
4413
861
8189
7145
4601
2415
2746
5839
2199
4824
5452
6245
6145
798
5774
3489
6251
1376
8299
581
9782
1244
9466
8853
388
7147
988
2890
8855
9751
3160
9620
612
7701
6766
1565
116
5864
3756
8667
688
5561
4913
3185
2711
687
6674
8963
8415
1325
9544
4549
8922
5362
3403
5662
2510
743
4904
7717
494
4416
3689
7458
2117
455
9024
8585
2671
9132
7253
3359
4693
8518
6545
7405
5557
9571
2720
3973
7249
8616
8522
6171
3978
1925
8185
2840
9020
3089
557
9514
7505
4247
6973
5974
1054
2349
911
3726
1481
4516
3437
2527
3034
6334
9932
8592
2258
9004
8917
9507
7620
7439
2030
1598
5717
6567
791
4737
6008
7700
604
3513
8299
7577
5839
5706
9926
6750
5784
7759
1267
9221
286
4301
1908
6570
9245
4166
5574
8162
25
3194
1954
8407
1145
7671
4974
1936
8760
982
9636
9364
847
4288
3293
6686
9994
9571
9788
5778
7331
1055
4999
3969
1709
3259
540
954
7425
6114
5469
3802
5661
7423
2209
6806
1446
3535
5094
206
4517
1082
5923
5364
5370
5568
8402
5364
5140
8191
1142
8823
5598
2494
2792
7307
5753
3332
4614
9531
5799
6435
9685
7812
3858
1895
970
5304
5430
6064
1862
6300
3498
4137
1664
8869
9706
6419
585
1198
4610
8080
21
6560
6926
9165
220
9031
8850
4834
8562
1001
7621
4600
8813
1479
6495
9783
3135
8277
5847
1349
4577
5697
1839
2594
4566
7897
5365
1504
9095
9975
9584
5468
2887
6510
985
3107
5541
9835
4293
456
836
1914
1408
9649
3393
4255
5784
2880
2532
1631
582
3462
3681
2421
2408
8247
318
7773
6103
5765
4100
5687
7585
6987
8549
8570
95
443
8406
4388
7251
5594
6303
8659
1596
6048
2914
7380
8929
1798
5364
5863
5260
9045
8284
4020
3644
4954
8145
9748
719
2245
5435
4656
5585
337
3226
2032
780
7984
6420
4383
9931
9075
3042
1527
1476
2308
8907
6757
4106
4271
2620
5719
9668
904
6091
3313
5858
4237
3061
2929
6482
4848
7585
8419
5185
7163
451
2317
1500
3224
6700
1431
2299
6094
2958
3775
4754
8217
6884
5213
2489
9504
932
2157
408
3375
5470
2618
7612
4883
1899
447
9732
5836
8866
4917
3000
9318
3587
852
2542
6639
2283
1193
2734
5241
1321
3840
3458
8205
9053
2299
7710
9985
809
4470
3361
2631
3441
7325
7515
5340
7772
7247
1177
2991
8516
529
8661
8455
1381
1203
5095
16
8748
4181
5257
69
8021
5067
4627
7075
3719
2337
3412
4528
3159
3125
7159
6600
451
1026
1941
4575
4625
9470
7566
9494
6351
6227
7949
7732
3782
3044
4100
2531
7225
9357
8952
1599
776
3579
8674
4495
2268
2086
9023
5428
5212
2535
2028
2015
9913
321
6590
4539
9791
509
385
6142
3088
8334
226
6871
1379
4326
5754
4956
35
4706
6555
812
8286
1581
1659
554
3668
7035
5982
5232
5922
4363
3599
5835
4684
6541
6726
828
7050
7111
6970
139
1798
3549
7010
9529
4227
9116
4485
615
3822
7393
7779
8460
8974
9438
5367
8994
6473
7701
578
2395
2064
4177
4583
3101
719
7661
3929
7769
4773
899
4260
6571
800
7622
6100
1380
6738
6937
1995
561
682
9774
5373
9657
9212
740
5003
2038
4794
5582
785
3210
9759
5368
6311
478
9382
240
4600
4155
7492
8860
7078
4644
6483
9530
6024
9573
2819
8019
6486
3502
4145
1860
9511
3358
8952
866
1748
3746
6448
2533
6957
2560
4254
9620
9390
3636
9861
3990
4143
7353
9203
7573
1997
2038
3455
4374
1611
6274
2393
8098
6128
6539
6310
1991
6249
1614
2858
7997
5361
9306
6882
8670
8218
1136
8290
7609
4772
4503
1599
5267
8208
7154
2840
206
9192
6295
4580
7156
8922
3325
1606
5050
6216
7916
7042
2465
9530
9900
6814
1243
5558
3697
6265
3777
1185
908
7738
5958
5411
9337
7577
3620
2844
418
178
8388
3065
1110
5544
1987
787
3502
7038
7004
7770
432
5821
3653
6684
8988
4896
2242
2685
7514
2371
3870
8422
109
6180
185
5799
3758
157
8643
528
335
3383
3593
7797
8928
1933
8585
8782
8971
1941
6553
9403
4114
206
2439
3102
1454
4681
2139
8968
3405
2362
3742
9866
8542
280
2017
8652
437
7012
5532
7125
396
5478
4922
5676
7411
9859
4458
2734
8152
1011
2137
8619
1217
4576
1721
2672
5609
3861
7992
5366
6223
8087
1585
1117
8367
3602
6122
8804
615
8006
5929
1011
3484
7204
6687
7247
3415
1145
9981
1568
8509
2118
187
9726
3046
8260
8750
5008
8473
3095
6726
1048
1182
8311
8518
9549
1914
4640
8353
8881
8998
635
9892
2483
7839
2931
9730
7606
428
9712
9174
8937
8182
5713
5016
7581
326
118
8941
8799
9565
5667
6200
747
331
4718
6648
2245
5710
5002
1126
4708
1989
7370
3543
9828
6653
3274
7434
7081
9338
2961
2371
3872
5026
3739
7805
1704
209
6746
504
9775
8766
6704
6874
9097
7774
3523
1342
3484
4877
8820
8192
6866
2542
1736
3046
9195
1362
6832
2628
7052
9793
1351
924
1172
1442
8730
2876
1652
1828
9732
7779
594
2788
4653
9691
562
8176
7385
4046
3053
6205
8591
6271
5099
327
9317
646
1689
6150
3275
8741
2295
978
6017
9819
2421
1099
9048
425
2928
8780
8204
3522
7921
9209
3214
8483
3738
599
8882
3143
3157
7473
9415
4608
4152
8732
5255
2193
1234
4882
7286
3530
5860
3303
3349
4633
4403
2397
1410
7331
7530
5966
7205
5451
5176
419
286
8914
7371
5520
8409
6880
2993
7824
7840
3497
2909
3095
5690
4143
4329
2976
4025
6542
2632
7375
1175
7035
6124
2586
718
3654
8552
7923
5457
80
4695
5744
5346
8418
1264
3756
1650
610
7932
9490
459
841
8938
6150
1337
3267
5478
5362
9809
4462
9089
7337
1497
5214
6275
8567
5220
1179
2843
678
7612
3890
2774
2958
2308
390
3066
3958
7352
999
9800
7812
8192
8738
314
5881
8358
2144
1244
8167
6607
6685
1856
4456
1899
4483
9376
3472
5663
2219
4150
3275
6109
3276
2585
4769
3666
5652
5079
1019
3003
4879
5183
1195
9970
1849
3429
8328
3993
1025
2847
6952
7710
4704
1409
5962
9187
785
9434
1202
3004
9936
829
5465
3212
3415
234
6878
9067
1665
4249
2070
6544
5784
9617
6514
7633
3046
4842
7979
423
7690
4931
8134
8746
6340
4096
4285
3477
3530
5488
2833
9818
6317
8298
3030
6084
4884
6260
1503
6549
6862
9925
9446
2646
5895
2312
6632
5293
7155
4611
5717
1197
5894
3851
6295
8587
7947
580
2064
7829
2420
4898
7647
5090
9548
7029
1174
785
3289
2678
3686
151
8955
3132
9150
4850
5445
5782
144
8952
6745
5861
6501
8991
9712
2796
7578
4011
3376
9643
8192
2149
893
2191
7239
441
9220
4765
7578
8861
3795
1265
5365
2751
4397
4515
7601
6194
6649
4097
5146
9746
9958
7999
8737
6022
795
2668
6385
524
8663
4577
2673
9556
3120
6264
6349
8692
7381
3928
7554
1177
1545
2919
280
5942
3786
4233
8489
6787
8331
9987
6533
4641
7987
1622
664
8782
4290
7049
5658
9305
7979
8331
8861
1099
947
1563
9792
8329
1843
3698
5858
3388
6617
2490
5682
6755
6723
4171
3542
1406
4159
75
6048
8498
8049
6712
7280
8692
113
2939
7997
8092
7622
6859
5544
4922
4774
5336
9603
6617
9034
5461
5
2003
7951
5687
8758
1026
6211
2300
2433
6722
8727
4833
5220
6776
1545
8852
1820
8010
8143
9818
2455
5766
3029
7999
7040
7803
3335
6643
772
8721
8456
777
724
2759
2816
5834
137
9027
4486
2570
2101
3213
7403
7321
6341
5300
6174
8162
9663
4317
7980
2118
6435
7361
117
9827
5164
9804
6470
5936
8525
1278
3065
5601
389
2233
1435
527
7613
2273
3097
9714
5486
6853
7036
8179
8505
9562
6341
8168
231
673
286
3019
8034
403
2846
9550
207
5669
1838
5084
6947
4903
7037
7337
7137
4824
7864
4750
7097
7313
816
2583
518
4204
7115
9024
3766
3456
3544
3998
482
3831
7017
4868
586
6215
4419
7146
1884
6257
2230
5184
7513
9268
2521
1002
4092
6737
2104
7542
402
2920
125
921
7125
3592
6297
7243
7049
9841
1241
3883
24
4610
8751
611
7178
9522
7757
9062
2132
6339
4246
9645
1959
3119
6999
6052
6208
9103
3594
2963
2023
71
3884
5500
3664
6533
2744
7065
6374
337
7300
6399
1300
6051
3362
8478
5574
1119
7540
4058
3810
8139
3703
5770
7610
702
8174
3819
6157
1768
6782
4532
8191
7018
33
8207
3551
9129
1624
6277
9466
8924
9028
766
1328
2390
5596
3254
9861
3137
7312
3672
7628
7367
9442
5238
8069
7616
5409
4226
5736
2191
8758
279
5561
5143
8487
5464
4272
6463
1742
91
1740
770
857
3068
9513
2806
6322
9374
2295
9986
9398
9923
7353
5192
5161
1774
2808
6923
2352
4896
9114
7462
5176
1028
2606
15
6492
6878
2830
4586
3321
4570
1709
531
7638
1222
3337
312
6948
5632
6650
2699
5555
4003
7891
7068
2129
7052
3991
4481
1948
9458
1944
3476
486
4550
3491
3330
7780
2674
7917
1102
7244
9626
1633
4883
848
4970
1547
4148
6954
8198
6847
2509
8553
4739
9577
683
1791
9921
5164
91
9379
7108
3568
6217
8010
3411
9547
2143
6085
7464
3245
3330
7090
1230
4565
4290
2552
6112
4791
9506
662
1638
2015
9216
6377
7944
9899
4520
4217
1415
4612
3596
4876
4532
6165
2886
7943
5713
5029
381
9529
4626
3711
2972
2208
4628
3614
4760
7092
8405
4266
7755
44
2633
3323
2773
6930
3222
3646
7499
989
4610
1096
5865
9142
3613
5104
7085
5678
6485
3818
1560
1112
7529
4532
9672
2157
4498
4433
5602
2904
5051
3357
9300
4037
6680
2073
7319
6254
2071
4818
7243
6681
2266
9461
5823
5880
4565
9261
1558
1050
3079
3118
8514
6961
4002
8187
5470
8501
8972
1072
7757
4023
4429
7057
4412
7461
5482
1731
3715
7554
6550
7311
4235
8816
6772
59
1048
1337
9320
8959
8739
8751
8429
3606
5712
2432
1793
1183
7285
7117
8607
5042
1140
3037
8451
1905
498
3933
3636
566
1487
6538
7877
5723
1707
4649
2134
2755
2338
7806
8066
7429
6557
6496
1035
8622
5280
9180
6157
8917
6297
4764
311
7438
4153
8762
5695
1004
2695
9331
1570
4183
2222
9447
6258
3929
448
8392
3036
9138
2550
1103
6567
9107
7599
7603
7729
9231
3135
3886
8148
9433
5003
8459
3223
9156
7221
8918
160
6268
8249
1730
6803
6823
7529
3061
752
4329
7805
3789
3467
355
4892
6387
5815
8843
342
9896
4426
3477
135
2574
2910
5138
7385
6133
4294
958
5051
807
7226
9653
8889
4030
6476
6419
3443
3581
7100
7601
7370
6920
4308
8614
3307
123
3809
1
6372
8235
3478
6507
809
2741
1645
4546
8874
2291
5504
278
3098
2730
6283
1988
3112
9111
4759
2908
2692
8211
6861
6414
5131
1169
1380
4790
7645
5189
4791
4017
3424
4622
524
585
7363
8521
5131
6237
812
6987
2867
263
6070
9150
8603
9182
8262
9714
8442
7306
7925
5303
3721
9409
2825
5101
4199
6822
291
5343
839
67
9965
7715
7005
7328
6236
8488
3565
3400
5476
6433
15
1546
1935
8618
7080
197
4684
1875
3856
2610
3530
7577
2019
6355
9030
2570
9529
9321
7913
368
5741
7878
4435
9098
5206
7023
7586
8772
6776
9414
1557
6791
7312
9844
1762
745
6394
6446
2620
250
9056
2502
7827
7427
5210
6857
9998
4739
2531
7911
1460
4624
2142
5895
3722
7348
2919
7660
2472
6047
3427
381
2838
739
226
952
7836
6620
7399
6808
6870
2807
9311
1049
235
4521
7906
6585
5612
6789
848
7072
1413
2990
9320
1487
6691
8591
5500
9163
4638
8927
9545
7476
6018
6123
8429
3855
2743
2180
663
9613
4987
6326
662
1574
7199
4920
4511
2812
8062
1712
9884
5827
1054
9204
7315
7745
7795
2815
3261
8785
8094
9158
2614
4112
5281
1043
7967
8024
9575
4983
3989
914
1309
1003
2489
8509
5923
3352
7673
337
5064
3909
6165
6119
3114
3480
3864
7261
2647
7125
6047
7093
2635
8661
1205
7916
6056
5525
2292
1983
6860
6281
2897
4521
3636
1738
9382
5912
5091
7055
6249
6507
965
2414
2626
431
2246
2843
4044
1245
6320
6443
8338
8956
1456
5896
6872
7512
7773
9165
5847
4633
1798
8745
5506
5435
483
4889
7699
1926
1944
3948
8434
9261
6363
1060
6044
4961
255
89
6207
6576
6532
897
5532
7989
3145
8756
1853
918
4273
7701
1903
2424
2798
7410
4211
3281
2299
1910
1560
595
5858
9994
6209
8573
7406
2253
3535
7662
2342
9742
4238
5227
6991
6122
3216
137
4878
1421
1055
5504
9122
9311
7928
1920
6721
2139
1554
5372
4049
3114
5967
9907
9460
8528
8481
6866
782
8368
880
9476
8110
1470
4703
1453
7592
4271
1590
8823
5693
8998
4327
1167
8309
8607
9440
5030
746
7346
402
1147
6812
2721
7406
6272
1250
2239
9490
8384
607
6723
7860
5069
8193
8916
6523
2138
3187
8113
961
5232
7111
1640
2752
5420
247
2192
6802
7345
9538
3556
8492
6350
6278
2250
8974
3880
4490
4816
8616
5097
1539
6476
167
9733
1744
3042
1871
4932
1155
9184
6516
4619
7176
9268
6391
3775
1460
9546
1120
7350
3102
5964
52
5732
8214
9026
9612
2704
3843
8228
4154
5382
1057
673
1467
2801
3715
9690
4085
1222
5226
6954
2193
2402
6222
8585
6177
4035
8131
3649
1385
7585
9613
7790
3318
4180
6816
9282
3236
7011
3863
7390
8746
4920
4415
213
4073
8130
6256
4511
9353
1482
1465
7898
3885
4039
6483
6414
8074
966
64
5812
8552
6029
3602
8222
6561
6770
7504
9798
3782
1367
3540
2528
2639
7956
9093
3065
2438
5349
7576
8143
3184
5393
6042
3421
5784
8877
9835
211
9844
6251
6023
4748
2281
5977
2970
8842
2747
474
4992
2881
1842
8533
5409
833
2841
855
3898
5279
2556
7826
9775
5740
9571
5817
9161
5356
4694
5349
5567
890
1600
7942
5638
233
3919
4960
5428
3018
5435
6772
5900
3629
1657
7661
4462
4498
8516
4713
6130
7425
2539
5905
3165
2111
8074
8679
3819
2768
380
9386
3659
8332
3680
5649
8566
7599
610
346
6969
2397
7118
2869
6026
5128
531
6840
9626
5399
7905
2108
2824
6797
4365
2342
8908
2439
7373
9079
1560
7753
4817
1571
6085
8497
7220
1003
2448
4182
7701
9417
6579
1172
2287
8957
6300
9170
2150
2278
921
55
4387
98
6852
5104
8792
2112
7544
6165
7543
5456
3918
2360
7027
6355
857
599
3711
3305
4782
1412
2723
7713
2584
1362
3023
5236
6884
5173
7515
7805
1580
8254
4255
4785
3358
3047
3249
7254
9212
793
2710
9482
3153
6089
5838
363
6689
5901
3668
7823
7313
2743
1888
6250
457
4911
1486
7341
84
9001
1499
8017
7255
5754
2802
6966
5154
6051
4220
4366
3196
3283
201
2702
9372
2391
3065
2413
8292
3085
6588
5605
2181
8477
1855
2638
9740
9694
6332
9825
8695
7831
4194
2303
9937
6996
9269
5091
9399
3489
5810
8948
6772
2363
1650
2497
4754
1067
1262
9398
4152
7851
1355
2685
2680
9563
5324
2420
9257
8008
8597
7952
5839
2791
255
2128
6139
5876
7220
1891
5718
9382
7191
2490
1745
8841
1339
2851
9908
2602
8601
412
6805
9956
3098
9485
9519
4774
8257
8776
2782
6855
3081
4973
5998
9688
7101
8490
5565
673
381
1283
6407
7572
125
4504
2765
7817
3707
9025
6771
2308
9437
3576
2265
8887
9413
8136
13
7670
3265
9147
877
6346
4120
3228
2386
7574
1718
4303
4599
2099
5586
1007
6023
2064
1863
5140
6233
5571
4165
3004
7879
9954
6580
6496
5194
2345
4633
5207
6367
7898
4355
7245
596
4827
473
2982
2401
2191
7286
7001
642
9224
4360
3017
7640
6223
8157
3873
1794
2322
6877
6026
8628
9809
2522
3822
8506
7155
9030
4874
1405
9737
8471
8353
4564
8944
1336
3318
7487
4974
6671
4481
550
1031
3850
8191
3606
2007
8416
1753
681
1646
7779
5661
1455
301
9484
9962
3809
4866
1188
5214
4603
9659
9920
5519
4955
1256
5189
2442
2582
1860
3275
9484
9243
7125
4027
9202
5484
2444
955
2517
4090
8734
8178
1897
5387
4014
8211
9196
8880
9399
763
9835
9058
683
1707
4013
8291
6896
2807
7225
5109
6082
6709
704
9559
737
6258
1395
9533
7213
264
3623
2299
4795
1872
7687
8809
84
3235
4042
9483
350
3877
8542
7385
5584
2555
5676
8833
5363
9253
294
7797
5963
7350
3709
3052
3609
1456
2585
822
1721
2560
9474
2868
4432
7161
1677
4516
6748
2071
352
7099
5949
8894
4484
7885
7801
6513
3070
9516
5766
3364
3666
1729
7067
7375
1133
676
5183
3718
7850
3256
2630
7324
6124
3415
837
4154
4283
7586
6225
4635
1037
8526
3529
5521
6412
7683
2034
5834
7199
4153
5551
865
2234
2618
4592
3368
3294
9776
3438
7496
9384
6069
4821
5509
9484
2010
6015
3767
9596
2240
8403
6985
767
8284
2507
3531
2319
893
9365
9519
5046
1268
6736
7281
3886
1329
649
3532
7457
439
1029
6841
6508
2202
8702
2344
4212
4717
2464
161
3310
7219
7146
4077
5503
6005
3960
7823
3251
9677
3694
4649
946
430
1930
4832
8111
8931
4717
5568
9371
5746
8762
2231
4300
7464
928
4864
8534
3392
1377
1844
611
8524
2273
2466
881
6233
6641
484
2262
335
5134
3208
7118
7064
4393
5229
2348
9110
7150
8071
1208
5912
6654
5508
9728
7582
372
8262
974
1750
106
1585
6626
8731
404
3859
1316
7045
4344
3579
7381
9478
6787
4499
2894
7532
6080
5242
6642
3230
9665
4202
9142
6320
9710
8871
3902
6435
3485
4877
4537
9944
2814
7515
8675
3218
7726
9992
264
8422
9923
3997
7900
3062
4848
7147
595
928
8741
3589
511
8407
7792
9653
4727
3854
4876
4981
6641
4714
9858
1178
4658
9025
5045
9685
2243
2772
6029
8859
7546
5952
9208
5447
9015
4056
2594
9610
1337
1335
3199
1848
6094
7343
7853
821
1198
9082
2155
7839
3796
2013
5370
4806
7390
415
4491
5986
9539
521
4845
7086
6473
406
8885
5488
4462
7831
1450
5799
5518
1002
3999
1613
8345
1853
8786
5895
935
941
3735
4731
9307
5457
9537
6697
2224
4028
9035
1764
901
233
5202
7375
639
439
9215
5101
4622
7018
7253
140
8020
1252
8105
2717
3105
6892
8613
392
4185
8700
5123
9844
4157
1012
2894
6381
1393
1929
4497
2294
2162
6051
6021
2801
6490
1589
4255
1112
8607
1508
7605
6627
9112
5710
5696
8570
8954
661
8962
3140
9361
438
2984
9870
7802
5878
2604
5547
7808
7101
4194
6322
9505
215
5476
5995
8156
9731
3460
6763
7591
7417
9742
3055
3127
5439
1625
2082
6100
6940
1574
1814
3730
910
1684
1532
6789
4288
7080
949
7742
7626
3623
7247
4193
9099
9594
2350
8830
9406
9113
2773
6823
8856
5829
6303
4295
3806
8385
6747
746
6311
8561
4476
7221
6598
2361
362
886
5793
7663
8628
3419
1287
2227
7612
386
1822
9962
5569
1228
5428
4694
8052
4284
523
4355
4931
682
9092
1678
7780
5403
6592
2257
8976
3190
970
5691
428
3115
3354
5409
6534
4641
7636
498
1380
9458
6813
3301
687
2241
4347
5091
2877
1223
9446
7808
1905
8538
5838
9685
293
8782
8294
5621
1972
5616
1312
8753
8731
4667
4162
1617
5660
8150
2116
3392
7609
5281
3045
4648
7522
7393
9739
399
8616
9185
4559
521
4075
6749
6558
720
5532
4853
6341
3856
469
7654
2609
9201
8673
3123
818
4333
1274
9286
4078
5235
4567
7123
9883
8441
4516
9622
5192
9484
8807
9751
6357
2882
6501
2916
9954
8385
4121
6295
2241
4590
301
1203
143
8974
678
7314
9660
1952
2952
3738
7187
3872
7213
7070
2313
8082
6692
7506
7566
1851
3609
3924
1085
6462
3192
1039
4847
7313
7335
3441
8255
3988
4644
4751
2963
5322
8417
2623
3627
1369
2713
7166
5241
6278
4237
3907
4360
7281
7765
8279
9133
1374
8555
218
4189
1747
7610
9036
5412
1297
8829
19
5285
9825
4770
8248
1500
3187
7223
5127
909
6288
2293
6150
2567
2882
6409
3279
164
4174
1558
5649
5549
113
2219
9738
8212
9829
5126
9976
1126
308
9996
6412
133
4766
1012
1633
4306
4588
3112
5215
876
5406
1365
9795
4640
7775
3075
1156
1949
4633
6805
3850
1099
5377
9940
5663
1558
1419
5640
2685
1727
5636
5449
1860
402
2813
3494
4708
7401
6606
9923
8278
8364
7641
8073
9357
1768
7500
513
69
2134
3671
272
9585
9048
212
5248
6958
7983
888
5995
9710
6524
1444
1571
3279
610
1417
7987
8011
4375
4263
2641
9092
8256
7067
8449
24
4567
5314
6445
3053
8985
6717
2638
4385
6930
7887
1344
4913
8775
7339
976
1652
5136
8899
4931
5746
316
9270
109
1043
3533
2751
6487
1789
9818
1288
8165
737
6603
4611
3791
1940
1328
6429
6326
4610
4316
4022
5876
9444
1361
6852
1096
6497
2103
6027
8595
2419
1649
8705
9814
5183
7808
2654
3324
7626
3942
7842
4715
545
2453
8506
8838
133
1288
5164
1096
1956
9186
6972
1400
6899
176
8848
9749
2279
1227
8344
1050
2877
3401
7216
4412
1209
9870
7736
5187
165
5578
9903
710
4383
4761
9548
869
6049
1064
1965
8006
6602
8937
5758
3502
5465
4607
3251
7744
2186
7947
5146
5063
1349
2362
5827
2558
8585
3564
4098
8750
5494
4001
5812
6230
8762
1713
7099
1164
2777
9064
9170
5732
4353
4928
9234
6170
5887
8837
3914
8074
6784
5412
9489
4485
4126
5317
3396
2711
5233
7494
7813
7079
7847
3626
9661
2961
1691
6760
4125
4468
2176
3295
6552
2881
4576
5786
9051
6815
4623
9317
1241
7760
4729
7083
2245
5208
2400
1993
7919
3985
9487
2085
7416
7334
2063
7078
6648
3754
3838
773
4574
2367
421
1127
5248
1349
6913
4300
8164
7889
3617
5758
2001
4699
2841
598
9907
1593
2592
4178
1930
2079
6263
9346
5766
8326
6424
2414
8432
6615
3187
3007
5334
9960
4134
582
1309
7399
1234
5826
1640
1204
1584
3641
5903
777
4240
2162
2370
6832
6340
4300
5263
8956
9998
7381
3634
6423
9795
2067
9390
9335
1426
4724
9295
5560
1658
6957
9311
2893
2783
952
449
719
945
6352
1496
1537
4866
3866
4721
7558
4518
9985
6514
4516
7366
6501
7291
3514
4920
3033
2849
6346
7757
8496
8258
5768
5453
7569
5013
4588
4873
5462
5307
5819
8166
6803
7356
3032
669
8430
590
1539
8415
3457
2408
2133
9958
9699
5647
1230
9085
4848
7576
6842
9697
2186
8962
5150
9755
3975
9739
981
9437
5046
3152
7603
8202
6860
635
5223
5290
1226
6763
57
1035
9171
2191
993
5222
4190
8575
4307
5391
6151
7502
5088
4689
6464
6590
796
440
2681
1777
6229
4080
4929
3833
2282
1790
4468
7505
7080
2046
4268
3490
3081
9791
5681
426
1366
6223
5353
2025
1614
1504
9527
3054
2545
2344
9645
3342
9136
8678
5119
5365
2758
6401
9198
5040
8191
19
2546
1623
8417
3166
1465
7851
2958
7146
4629
4324
9722
9983
6349
7688
7839
2229
743
385
4573
6740
3727
61
5418
8846
5426
4529
1599
977
9569
6142
996
2115
4118
9413
5282
5583
3616
4592
2730
8246
5268
8804
8229
7969
6492
6068
198
3587
6453
1123
327
180
1184
2098
5379
2963
2979
3330
3940
2548
9473
1288
1016
3591
701
2650
9174
670
7242
8256
8916
8862
7060
7145
6831
3553
3213
3382
3492
6019
4505
172
2551
2042
8622
4282
1357
1601
7613
5297
4149
7086
2937
1517
677
9990
4167
6203
660
7761
4460
9576
6623
7872
6721
3455
7777
6287
6837
1270
8658
7694
1442
1209
6088
64
5492
3797
1665
3105
5446
2166
6543
8383
3684
3572
8374
7851
9775
9034
5613
587
8611
8588
4812
1684
8395
2589
4323
1584
211
2981
9279
1653
4191
1719
8069
6035
1869
6086
5492
7315
8253
2035
5699
8289
1959
425
6140
8086
9459
8105
5026
4422
3046
9838
2459
1441
8779
6782
3026
8991
9764
8657
6996
3955
6728
5066
9990
8597
7504
1834
2265
2109
3869
4316
398
5828
4741
2891
266
552
7348
5292
4975
394
5130
7434
1836
3910
568
4862
2901
332
9871
6249
639
6599
1315
6981
5197
5172
8815
7462
7281
2684
1778
7680
4864
2871
571
5131
3423
7919
6775
4750
4666
1906
8536
6502
2168
9105
7716
1421
9437
3939
7670
6429
538
5338
3410
2087
510
2226
5901
7791
1262
4031
5471
6127
6902
2394
7610
6678
314
737
1428
4980
8995
6317
7834
1163
1774
1902
2584
7563
5841
6607
3992
2731
1945
7403
4819
2455
9629
7072
246
891
1104
2070
3370
4358
4464
7332
1036
1130
4422
8817
2462
3417
5134
296
4581
3260
8550
3517
823
4391
124
4816
3475
2069
2219
8294
876
8200
5366
1123
5443
2822
9545
5166
7181
4009
2498
4569
5140
3272
3386
7602
6690
4872
4251
1271
8132
2801
1140
8956
3545
7617
3772
7020
9686
2343
1666
6915
543
3384
4390
5986
6207
3935
1152
3388
7944
3
7957
9436
3275
7696
7039
6317
2568
1290
3940
7053
443
5081
6009
3988
2698
6133
7360
8736
8476
9026
5651
5371
2411
41
7709
8618
328
8862
8358
8273
5217
2667
7709
4844
363
1100
1162
9284
2390
1454
6337
2834
6535
8698
3174
5585
4831
6887
4322
9659
5913
6325
5030
4676
2719
9091
9646
3047
4305
8004
7672
9522
672
5382
719
7387
6482
8233
6671
5225
9687
3008
4411
2575
1706
3937
8160
2889
824
8834
8900
3090
1512
282
7766
4231
9374
7413
3630
3679
1769
1303
3202
8793
3037
273
6181
5871
8506
9204
1096
4545
8565
1859
7120
271
5797
5281
9513
6621
467
8413
9711
1979
8696
3830
6210
8070
7595
6193
1749
9364
7496
1303
4510
533
7928
7043
6404
6434
6247
3853
7332
4812
5712
4452
1436
7861
6085
949
835
6553
5714
546
8532
4410
728
1095
2480
8323
7288
582
7688
1136
8237
8550
1669
6166
5593
4425
8952
1840
8278
6284
6653
343
7089
4441
8204
3174
5390
9039
9727
1104
5938
4612
1867
6666
2059
699
1342
9347
1281
5382
6835
5871
3932
8504
2037
9525
9281
7341
7717
3912
3626
722
4255
715
5163
8811
241
6905
7851
9969
8010
141
933
6229
3159
2992
6928
4501
8691
4562
9883
5526
433
3815
382
8822
9692
9663
6163
7410
3575
6141
8132
4182
3208
3296
2994
3450
201
7197
9771
4563
7338
704
792
497
48
4073
1351
8739
8635
1234
4265
5420
1402
4647
4242
1094
662
6757
4856
4238
9251
2989
8420
2459
2637
1414
2261
2838
4963
2032
3754
2301
9088
898
9151
9136
4971
502
4227
3606
8088
8492
5378
5842
9491
5972
3289
154
2730
8145
744
8333
7486
9164
7144
123
6931
9406
9314
1894
7790
3068
548
6879
3966
6051
2367
8938
2905
6595
8896
7345
1439
4275
3188
7283
247
6477
7437
9329
974
8181
7662
8461
3697
4807
8584
6980
565
7898
5227
8355
7318
5775
1586
1285
1826
3954
6575
1083
6901
5471
8428
4692
9746
1616
1975
6346
4445
5764
5675
1772
3945
9690
233
3995
4497
5169
975
5062
9420
6202
9769
6738
8329
1356
4375
6507
1662
950
7590
4915
2774
6019
9607
8872
3987
1583
5218
8433
7347
7246
205
7645
6936
6790
1640
7785
8311
8967
9199
7731
1522
8968
822
9851
324
1549
6359
1986
8852
301
6901
1626
6320
2861
6850
308
4444
2069
5093
8143
5667
1650
2140
8955
4792
132
6740
3103
9100
5939
7187
622
4907
8009
6825
1584
9558
9536
9922
8410
9838
3176
6388
6158
6037
3239
2818
6833
1660
4263
1328
7327
5913
3469
2634
7057
9953
9374
161
5405
1665
7348
2379
2924
1709
9205
860
7619
8741
783
2382
8579
3959
8770
1090
9996
8361
3908
3181
21
4524
4509
3700
6789
4330
6334
3847
4284
2060
360
9689
77
7708
2069
9354
5769
1274
214
3388
6367
997
5770
4947
1308
893
6037
7656
9254
6297
837
5628
7173
5347
5680
3963
9677
8367
4162
313
427
4522
3
6857
2230
2072
6211
4351
3346
6425
7739
6065
3775
3510
1012
5083
755
3401
2740
9
6051
9929
1989
3224
5276
7670
3539
1306
6037
7701
1619
2816
2223
7974
9673
805
46
5884
5156
9744
8662
2896
5810
2437
2758
3174
7520
9865
6576
6612
9874
8979
6542
8216
8555
8170
5886
2095
5828
1923
9796
3800
1091
2020
1774
765
9177
8173
3001
4334
7917
1663
3582
79
452
2692
3254
4325
2557
6182
937
8783
5161
3831
6999
3716
8354
2885
2163
4182
1160
1960
4334
2252
332
2461
9369
5861
634
2370
195
4903
4034
129
4983
838
2821
4589
5163
5378
771
6101
514
2284
6284
7513
2352
4638
6751
4516
5173
7911
2828
9507
6515
9512
1968
5884
5373
8954
4607
1921
3858
4993
2050
8841
5831
1224
3430
995
6602
553
7096
7116
2837
9732
982
5189
4371
7733
6057
9544
1996
5237
5403
8512
4749
3724
748
6475
2678
5355
8396
6536
348
6798
1729
6180
8022
1511
7175
977
2064
623
4445
1253
355
5427
6443
4726
3160
8852
622
1509
4090
2378
6373
5191
6102
7121
1666
8780
8829
6414
1669
9177
3213
9750
1709
1235
1262
8884
2212
3326
5859
6658
4580
6215
8437
7375
7293
1598
2579
4268
9459
6669
6646
5832
1861
9100
2953
9879
7880
1782
6294
5901
7312
9507
5652
9021
7094
3266
4258
9307
6592
117
2317
7524
2684
754
1251
6330
8704
3831
598
8163
6852
3596
3995
5065
2696
3301
4945
6928
1435
7591
9182
8747
7098
4834
4121
544
8100
8379
9851
1044
8496
8520
4921
7533
9275
2524
3863
4331
2707
4461
2495
9560
4409
2842
977
7105
2495
5922
385
3931
9865
9567
9030
3315
753
3151
3860
5205
7882
3711
2602
2731
8584
7523
264
7859
6399
4127
2190
9107
4940
1037
8667
9349
3880
9644
2806
6375
1919
9543
6658
1784
9111
5689
5100
9864
5192
5312
1422
3075
9023
4024
5806
3959
7899
6070
1818
4298
6549
361
3405
1489
1398
8424
7190
1630
4421
6348
4358
6340
5891
1016
4476
1354
3057
5928
1219
8250
1240
8993
1325
6616
3017
3483
575
916
9553
8746
5214
6102
5459
8620
3943
3209
3396
7485
1192
7817
3833
5550
509
6076
6566
4986
7431
5976
7266
5002
4226
4859
3995
1903
7827
7012
5386
8402
4280
1291
3500
9494
3745
5311
4466
7688
8521
7863
1525
9713
2032
1710
5263
2542
7786
8181
3880
1569
4157
1146
6571
4735
2357
6918
6638
184
282
8376
4939
4562
9667
4791
409
3412
103
4875
7452
8624
9090
8977
8337
1123
687
9952
3665
4826
4485
3897
2747
4995
5043
9319
9730
3753
2589
2721
3937
2872
1097
8876
3786
765
3668
4195
4177
3771
9071
7982
8747
4513
6959
3436
5636
3999
3388
5653
5177
4225
5902
7924
9220
7298
3595
5303
1051
2537
8024
4988
5409
9121
217
9195
9886
237
3391
416
360
8814
8398
9107
3327
1709
8895
5316
2060
8635
7321
7237
2860
3224
1514
2081
522
1461
7384
7925
3998
1760
9265
9407
881
9482
4955
7120
6071
4698
3888
2783
3512
8638
8242
3191
347
7137
4859
2408
5772
8533
5997
8633
8109
3863
7066
4983
5325
802
2908
9323
2562
2173
5083
9795
8008
38
6915
4079
1088
7155
6863
952
5793
5105
4143
6141
8595
5355
4901
4367
3888
7250
3000
1997
1114
6418
6980
6439
7220
6240
2114
6134
8413
7197
5930
6421
3587
9197
6853
4675
6353
68
5627
2146
1525
6123
4639
120
1478
9540
4488
5366
3143
3840
3715
4257
259
7047
7048
3831
3287
5514
6318
8052
2712
2248
826
6299
1445
7679
975
4150
4099
2954
6297
5624
9077
7288
2097
555
6829
6585
2273
6324
6777
5988
581
3388
9387
3981
3572
2674
9495
9890
727
8559
2138
1553
1211
9935
5584
2186
438
6035
1492
3087
1659
570
375
3756
1125
3556
6693
9751
9880
3471
2091
6813
3211
1479
794
6783
4153
6642
6673
1232
1553
5163
9137
2764
5099
1073
1302
1889
7108
2795
4976
5120
3365
5351
5228
842
8908
8274
593
8788
1745
9037
5602
1308
516
2748
8092
1021
5742
4765
2254
7296
6281
7743
60
1380
8817
1363
9621
5925
510
4597
7397
3875
9948
2626
1069
8856
900
8015
7645
8997
7052
9599
305
7568
2347
4749
8589
4442
5867
7195
1738
2148
4939
1798
9880
108
9513
9501
2385
23
4098
9783
250
4046
2409
7672
9255
9661
5687
3252
5010
9091
2851
5315
3011
1550
6417
1600
5992
2284
5148
4082
784
6439
2233
664
6547
8098
6517
8932
8122
615
5067
4724
1013
3828
2396
6620
3489
4435
9872
4851
3526
9075
6519
6537
6978
2936
4490
9322
1572
5990
3405
2356
2429
1990
9372
5328
88
5889
612
4562
2856
5680
9287
3869
9508
8035
490
9350
2471
6714
4201
5997
5790
7072
8887
9120
8
3377
8442
1580
9367
8199
288
8148
189
9660
3476
278
5549
4088
4840
8405
6120
479
8627
1981
8515
5469
7683
7338
2183
8236
3335
4325
5309
8574
9797
5317
1951
8240
3250
7670
6439
3538
5818
2981
3199
5646
9611
5100
6087
4451
3506
2207
1283
8485
4188
6150
3954
8223
3488
2489
6460
3175
3167
1769
1750
2964
3438
53
1204
6688
7724
3996
227
9894
3329
9778
1893
2940
4878
7980
3743
4736
187
5026
9573
728
1176
3527
8951
1016
2369
5411
4192
5536
3532
5942
4852
6971
2347
2409
3659
6423
2757
238
6318
6086
6368
4563
9026
7599
2543
2769
2335
2730
7796
8261
9810
5324
1788
8762
6341
509
4173
6885
2397
4058
2827
7250
1029
1526
9659
1040
7950
2416
1279
620
8502
3999
5183
3880
1598
7726
6649
286
6808
797
8547
6619
2474
6687
5381
8815
7197
5906
5700
9594
9964
4879
3196
7345
6405
2855
8386
707
1623
6017
1327
6477
16
6510
357
7967
588
3359
8253
7397
508
3152
4016
2982
9839
5749
8149
3388
8007
201
9335
7972
5080
2531
5317
7838
1739
55
4897
3362
6072
6225
6192
6089
9087
2901
4056
9676
6260
8661
3425
6769
1813
3793
6103
8004
9542
4253
1393
7549
4454
7080
1873
5887
9611
3543
77
1350
3598
4974
1065
9671
1199
3609
2112
6639
6510
6168
2667
2771
1181
6092
5892
9346
9885
1995
7350
5779
6248
5095
3328
7055
2175
1554
2942
8139
5097
3019
9489
8695
7993
6906
4718
5545
515
6830
8536
7026
9350
1203
6149
531
7295
8393
6229
3532
6740
3580
9311
9341
5027
8991
6396
7203
545
9338
1694
5642
8709
7535
690
3054
4442
5408
4951
1309
8591
3487
4687
7941
1042
7188
4825
4689
5581
1054
8221
8674
986
3884
8015
6014
2876
4411
9569
9773
101
1263
1768
5162
8798
2458
4568
9592
4218
9520
902
2809
9359
1941
751
402
9130
1928
1443
1063
2982
6017
9737
3969
9901
7752
9983
9129
8515
5904
8903
4968
7167
671
130
2317
9481
4699
1910
3699
571
9164
2861
9930
1105
9964
6684
6587
1892
8128
7651
4874
4145
3740
5195
398
7845
5178
9528
2712
1082
4783
7681
4601
5454
4163
6919
1287
8862
5181
1338
5785
4345
4199
5716
1802
515
8752
8390
2407
3232
2393
3634
3729
6133
8829
4128
3978
360
3656
6691
1442
8439
724
2396
245
4887
5667
7884
102
848
9222
5887
1545
3422
7955
3347
3937
6708
1737
2697
6292
4130
6331
22
6616
5160
4150
6946
5520
4158
9989
3315
8949
713
2063
5546
5601
7730
3430
5703
4930
2652
7942
6475
2426
5898
9822
2716
8958
7912
5413
5250
8394
8096
1624
5010
9608
5774
8309
1481
6284
8298
4796
1585
9012
6859
7131
965
941
561
3020
5871
9566
962
2346
1992
3212
8520
1060
8522
6432
2825
125
1179
921
1749
2541
530
3876
850
2011
160
9149
3159
8098
4513
6370
5229
5478
7311
2143
8498
9534
1709
5812
8232
53
9025
6752
1114
7547
9537
291
4024
7068
1213
5774
9609
8095
9650
460
6458
6162
5961
9617
4260
6826
2339
5842
2304
6002
7985
7154
5536
6046
2966
3768
6099
8343
6872
3565
2243
2761
3857
6267
9829
1422
2041
9439
9517
8043
6251
5975
558
8564
1944
1170
5390
4283
3364
4046
6637
1349
1200
2173
7395
518
2293
9847
8862
5517
3412
1105
8279
3621
3724
8108
5043
2118
3899
912
6513
150
3239
3423
5066
1535
4594
456
2170
7958
4502
8807
5660
2054
7332
9407
2573
9625
9254
1435
5143
9019
8892
3422
2640
8968
7882
4036
1086
1782
1300
7600
8284
4540
7375
3351
2427
8321
159
4598
6280
1014
3405
8292
3068
738
7699
1993
6715
6954
3428
8210
2325
8672
7984
4965
7641
5867
5353
5079
4001
6654
9031
2285
7546
6407
1988
9973
4728
8500
4571
7360
5866
4329
5652
5286
1419
9704
7280
8134
3010
708
6345
5335
5733
4329
6652
9726
6548
2006
4805
549
8660
189
9187
2558
6596
1175
2531
7676
6027
3455
5037
1893
4136
7041
7180
5555
3097
4460
41
6107
1520
6386
1442
7253
7068
8095
3331
3616
6453
8137
518
1465
8326
9705
4023
1274
880
2906
8950
3260
6361
339
5153
497
3733
8685
6052
6830
9497
6094
2938
1018
8832
732
4623
2252
5179
7955
5869
1632
2444
2739
3097
7122
2444
3472
4748
9676
6379
3698
2936
2740
390
4442
9590
4123
3127
1994
953
2625
4440
3891
9995
9625
976
970
1877
6155
8925
4098
4140
7721
6837
7237
1195
9281
7062
5943
8958
3441
5994
8246
2533
6384
2688
2123
507
2168
470
7812
4793
4910
8056
1140
4535
9032
2110
6413
5187
7388
6863
9327
5109
3701
2917
6305
2982
9979
8600
8292
9772
4594
6539
2305
7330
9227
781
4189
1395
7603
2002
2540
2513
58
32
3401
9090
2143
6166
629
9531
3029
9957
992
6730
9226
3649
6065
5557
2250
4357
5329
3196
896
3986
527
6476
1119
4716
4223
8722
3070
3116
7588
3128
3148
989
8570
5291
7155
9200
1174
6536
5509
2167
3267
4735
5816
9332
292
4418
41
1973
7615
7290
5959
4494
118
7079
9210
4341
2153
8633
3809
9741
1761
6958
7082
6684
8601
589
2236
6128
7126
7745
8295
393
8832
463
6077
5476
4882
6118
7449
8849
9760
9760
3343
9878
6839
8905
572
5345
7538
4381
5086
9300
7691
2169
2336
2645
2758
4572
8773
6236
2317
3420
6629
1149
3883
9058
2977
5117
5177
426
3966
4937
186
3661
1168
3378
2567
1740
8723
105
6121
161
5757
3813
8682
8093
2810
7793
2665
1583
4029
4982
5003
7011
2483
5238
6069
5460
356
1246
2238
674
2536
2425
4336
56
2155
6903
1796
878
3360
7917
7391
9118
8082
6074
7211
7244
3867
9877
8827
4248
1211
182
1259
47
5421
7329
1859
2129
4927
4098
9155
3815
2875
9843
3871
5030
3098
5667
2260
6459
9937
6003
5577
4371
2077
2788
1616
2296
9017
443
6545
229
6978
7804
6628
2399
1485
8487
880
6413
8937
6387
228
1812
6231
4100
3194
9329
9767
1806
5788
6056
7810
7717
428
6239
6858
2044
4888
5875
8839
1433
2456
5817
5589
9084
4568
7075
3924
5448
3488
2861
1836
68
1026
4419
4168
572
3748
288
8731
5889
2696
2893
9958
3124
9132
6816
1520
372
2692
360
1805
1500
2529
3747
6937
7098
822
861
8898
662
3722
734
7082
1100
5153
1251
1673
5254
7891
404
7495
587
9649
7453
64
5133
4270
1584
5506
3314
8296
3663
4814
826
7410
1751
7924
4584
2612
6822
1598
2687
3909
8681
3787
5414
6284
1812
668
4175
8568
8163
1114
8217
5617
1178
3351
6239
9115
8857
9553
7411
2520
719
8237
9931
8823
6161
867
1435
9336
2466
474
3245
1147
614
8659
3783
2426
5680
4310
995
3843
5424
9212
5812
2955
8915
8403
2070
7772
7956
5833
6645
5028
423
2928
3851
6584
3795
1638
2272
2613
2113
5517
112
2727
529
3895
1505
6209
8205
8852
6404
9982
8065
2217
2937
3332
620
1359
7457
4929
7192
4102
6309
3967
7030
160
6904
7177
1798
9176
9791
263
1046
6255
9342
1575
151
848
7784
8356
9700
4188
8338
4117
2757
7627
7450
9730
8986
1259
1011
2531
5361
7320
6498
8743
7480
3402
5920
5630
8931
2063
5894
9977
8319
5236
1552
4822
2436
9336
3178
8489
9876
7869
2606
2634
1848
6408
8716
835
7667
9727
9718
9380
7047
2568
8123
4527
2323
396
6509
1254
8811
2403
1231
3482
3992
2783
8304
6428
8471
7835
4917
4699
2056
3876
7333
3904
6636
6049
4739
4304
5776
809
36
9175
9730
8160
54
2053
4908
6564
3307
71
5319
890
3554
9311
25
1858
2092
4848
6045
3361
9547
8101
7237
3233
2006
3874
9282
3097
4530
1411
259
4566
6938
9989
9078
6993
2042
338
3557
1701
410
5228
2591
316
4540
8968
8526
2984
3816
4572
6345
3363
9025
9935
6596
1031
161
2231
481
4691
3642
740
5609
6932
729
1040
3925
9123
7730
3834
824
8140
9063
9767
8456
9955
8735
3335
2939
2551
7907
9284
2266
6932
9219
8863
4316
9380
1094
4797
423
1088
1889
2385
8020
8970
3425
8298
8093
1155
2132
5269
5648
7547
1388
456
7502
123
3791
441
9026
8050
6078
1292
1335
5297
6507
5651
1030
7601
6800
7805
5041
5041
190
9414
4011
9967
7712
8456
7475
6196
77
3123
3744
1465
9931
7598
1588
75
4392
6966
8125
470
4610
5812
2119
1118
7815
3149
5071
967
955
113
6008
1145
5879
6371
7465
3591
4827
4940
6139
4904
8063
6235
6369
4346
3834
4309
4421
8226
7627
8899
5048
2238
4711
7167
3356
8879
317
8427
9846
7624
4892
5855
5121
771
2226
2586
714
3406
7526
6854
4662
1941
9441
7384
2640
9627
1693
7061
4205
5673
2312
9253
7911
3376
6421
1267
2255
3090
6046
2101
714
939
7956
2187
1710
6535
4774
2425
9941
8652
5631
955
6946
5072
8339
9586
1052
33
6647
5257
5706
5312
4511
9969
8688
7284
1236
943
374
3634
3044
7440
4573
7353
9627
6284
240
753
5061
6533
5758
7044
7488
2704
8468
5828
2290
9520
2213
5289
4778
4271
601
5641
4240
9289
2925
1828
6584
9651
5462
9629
7091
6388
3334
3070
2672
9926
176
4085
6459
5934
1129
3947
8638
9597
6127
928
9118
8340
6217
248
8963
6819
2241
9555
2460
5166
1383
9045
1169
3198
5026
4612
9586
4712
7682
8610
4638
4210
9047
1097
144
176
1396
8782
6125
7524
6062
1595
2216
2280
8195
1180
5451
436
7087
4263
5602
8471
3308
3123
8021
4686
7735
3959
9398
1770
8921
4036
5980
7968
5133
6125
4496
2882
1259
6973
406
7322
8569
8974
5954
6764
6506
7757
7201
3594
2020
9155
8417
1681
8631
2790
6367
6366
6749
5766
8136
5670
6154
469
9990
7640
2946
4486
522
4205
1459
7280
7879
6380
6254
185
3145
9113
4294
6698
2707
2667
2205
7476
4348
836
266
7067
7203
7015
9185
1691
9037
5340
2160
9027
9332
5106
3513
9854
5664
1324
7134
9895
7705
9740
81
7202
8853
727
252
1560
3394
2457
9036
4094
3294
9302
1162
6849
2669
6699
4892
1706
8391
3405
7085
7723
4863
6950
3929
527
8275
1063
6775
2332
804
6856
9534
6009
7583
9786
7570
7330
8595
2958
1424
8241
8613
8938
5090
7634
5638
9983
5693
381
3388
2778
4457
8251
9729
8386
5131
4356
9450
1906
3040
6606
5114
8926
2615
9049
5064
6537
6379
3659
5848
7804
1901
813
6742
3343
8447
8732
3326
492
5466
3066
3271
9923
7670
9352
8309
2801
60
4111
4707
3100
717
6173
2026
9685
5222
7090
2574
1602
7101
4774
5758
9002
5587
8852
2346
387
7585
2024
879
3051
1443
502
9326
9113
6206
7635
1914
6266
1747
2973
9366
8816
9146
7744
8501
720
1186
7428
2322
8288
2202
8080
3642
7790
3285
2340
4529
870
717
5408
273
2160
5911
9599
1273
8469
3586
9539
4736
5333
2512
454
4150
8010
4551
9003
8730
5737
6431
1053
377
8634
5485
372
2776
8770
9064
7305
5992
9781
9065
2617
1941
1328
8568
9566
9798
2155
9105
4534
3840
1617
1340
4342
5979
5891
9698
4710
7981
6129
2115
8358
1115
3952
5082
243
9075
4147
3900
5067
280
2966
4037
2222
4294
8957
1788
4092
1112
7246
4978
1305
8863
6319
5647
1195
2210
1697
5905
191
4179
4372
4902
5294
8324
6336
1890
7399
483
5790
8819
7116
8756
9208
9338
9403
8165
7478
9847
5630
4724
4826
6935
9940
7497
8934
1135
6059
632
3392
2603
4811
7764
7505
6457
2440
193
4699
9840
7029
490
5011
4145
5598
4219
9835
1353
8736
7313
1201
4366
8390
2379
7653
4682
9876
2940
2169
5935
9924
5561
8538
1087
9677
2395
3896
2117
2589
8596
1957
9618
5438
3320
3763
7388
3891
3598
8742
2628
7263
6295
3346
2005
8674
7352
6687
4902
292
5208
837
6568
769
5728
4007
446
8123
7903
2564
7064
2851
873
6682
4641
546
6797
8382
4437
6747
7124
3417
363
9771
6764
2368
4797
468
5408
9699
7112
616
6888
3680
7738
2616
4039
8184
7092
1942
7100
4156
1146
4326
7191
2139
4872
340
521
9309
7088
3997
9079
7451
3768
2195
6171
8565
2663
1579
4616
9775
8548
1505
9807
6286
4121
3846
822
1213
2140
7923
1722
9638
2249
8913
1778
7121
9253
2299
2782
2693
6297
1861
144
6417
4056
2668
1335
3071
599
5951
2846
9147
7456
9005
1785
7930
9203
2608
5495
1344
6883
7217
7334
9132
2482
9112
2605
1736
7764
1739
4429
413
3601
926
6830
4009
9946
4517
7081
545
469
6279
9693
4277
5285
1478
2207
4488
438
7703
2184
7321
1272
5871
6453
3755
1335
5410
1843
9099
3502
2624
9512
7103
9902
2695
7464
9848
7212
897
394
4033
7177
87
8311
8814
7917
6870
9654
8356
925
8191
5677
2198
4062
8483
2305
5397
245
4148
4497
3747
6772
361
7202
3027
9408
1019
2875
2973
1916
3269
7006
5445
9708
1669
4259
3978
8540
3914
8686
9465
2105
715
1663
2519
9198
3968
7916
5796
4468
8765
5895
7593
5479
3098
620
4887
469
3495
7860
2385
3117
1219
7831
2825
2888
8442
6803
1428
8708
1841
894
7165
2557
8909
9684
8107
9230
7601
3903
3698
2718
9799
1291
8197
9249
8263
9437
9718
1759
7297
8455
4876
4868
2638
4053
7757
1081
7209
5537
9789
9050
2783
6955
1607
8045
6639
9715
7275
592
9970
7325
3311
6121
4969
7860
1722
3232
7297
7792
1343
947
6248
6219
5815
8886
6625
9924
6319
186
1814
2461
9236
4597
9416
7196
2642
2407
6911
6269
9352
3233
3595
9015
9355
8564
6875
1077
1796
525
8870
3140
1472
1470
5711
3639
6708
8688
3564
3028
8874
5378
5489
8111
6327
1257
5307
5322
16
8570
1591
5720
1803
5186
1087
7510
3750
7963
8588
1899
8488
3810
5039
6312
5280
7102
9951
1988
5791
3515
1368
4665
5245
6857
9128
7925
4466
787
3247
835
9357
1190
2907
7513
6377
3995
5023
6479
1958
9963
4730
6798
3773
6121
9462
5405
3224
9413
7394
9015
9281
8762
32
878
1972
9161
5155
2790
6300
8402
9977
5658
5945
2885
9523
8674
6880
898
1505
5190
862
6236
1988
987
2357
7802
6393
5581
7215
139
948
2848
8901
7333
3727
7225
2846
8882
16
9146
3637
9993
1156
9582
2878
679
4608
6110
7930
6113
1300
5144
2349
9640
6131
4707
7442
8876
288
4658
5367
7589
3858
621
4922
7585
7846
7768
2820
4214
3266
6457
560
4423
2391
9790
1454
6999
5901
9384
9464
7201
4528
1814
6842
7012
6521
4284
2240
3161
5294
7608
7102
9153
8229
2024
3090
2427
6144
5910
6642
9411
8719
7202
186
7462
3344
1640
813
9245
1025
278
2799
1905
2092
5993
5269
4965
277
7510
4478
1924
1470
1581
7429
9699
9957
519
2126
6102
2782
5120
1865
7853
8674
8403
1668
2019
43
2481
7616
7420
9111
415
5678
7555
6408
947
8872
3038
8457
3351
1314
9927
4932
5095
5978
4889
1966
4457
7343
4748
9577
5560
8954
8252
3963
622
271
4007
9455
4239
7779
4919
4655
3457
2474
7415
4405
1347
6805
9214
1050
4471
5494
5982
9566
1472
7223
1533
5929
4567
2633
1859
127
1587
111
443
8561
6734
802
4369
973
8581
9288
1980
2039
8114
5748
2796
5813
2553
8362
6863
3377
3856
2845
2943
1681
6421
828
3962
988
3462
5821
7467
1401
5932
7910
6315
2666
8712
684
9992
3646
6324
1972
2037
790
4072
4833
6604
6626
3195
9819
6355
3404
9017
5650
5085
5438
6479
9047
6426
9941
4869
245
7694
7153
8156
4009
6172
3220
4693
6164
6866
7369
4488
8903
8160
8561
88
4764
1539
3284
4583
4246
3040
3600
9896
8125
9038
6375
3524
1816
2668
4745
2062
363
1899
218
4372
4423
9790
5418
6939
6657
2787
1427
5560
947
6340
5649
2063
4231
5285
2999
8477
8325
6599
8374
2802
1990
1101
6326
158
3770
1072
2220
4133
9323
8790
4857
3746
8581
275
685
1590
9415
8464
7150
6714
4805
9151
8778
5388
788
1777
3866
9113
4728
8592
8267
3070
9693
4594
3229
3463
2018
1801
3948
1341
6944
8806
5087
1877
5433
5772
3467
1200
4236
6969
7915
5393
6121
6693
782
3261
4822
1000
2375
5902
9592
6994
5325
5637
1588
4906
5453
3606
6707
9401
1299
3
4559
6386
1880
6345
8510
5347
7545
9099
8669
5460
844
1142
8505
7978
4403
9679
8978
3130
1934
4922
125
7259
6912
8065
2165
2365
8024
5224
8118
9323
5228
9030
2062
3460
5375
6924
5160
9272
6023
3829
1085
3220
1323
9590
1198
5726
5622
6529
5209
7556
7803
5334
1167
1067
3399
3332
3432
7775
4908
7903
7099
6488
6933
5513
6301
8660
2437
1461
7932
4813
1642
9017
8033
2965
4960
5583
8691
582
8464
3900
4490
6268
5586
5657
7335
5338
5341
7120
3113
249
5023
6564
3090
8308
2077
9391
6968
4515
852
1252
9328
8846
270
7361
1811
1582
9296
6854
2164
7761
7107
6654
381
2693
2311
4068
4383
7652
1188
7497
4253
2563
413
7343
7223
2491
3086
543
7006
3938
1796
2686
9136
8418
6399
947
0
5695
4154
2164
3456
1261
5170
189
306
7481
4258
4690
1485
1798
8539
2090
4362
8952
5786
7937
7795
8872
8481
4801
9163
277
3839
8299
8695
238
9247
8695
5934
3401
7211
5742
1014
2381
5932
1320
6214
6542
2362
4051
8340
7253
6141
2702
2558
1927
6992
353
800
5473
1507
6315
5750
5346
4614
4445
1937
213
9492
7871
3614
6703
9965
980
9084
2249
2301
1650
8791
1015
5701
7132
8269
1842
6186
7179
122
3178
7532
7274
8651
5391
3589
753
7090
8203
1550
9027
4769
1042
3250
4735
4097
3215
5716
9533
1817
4369
1183
6960
5384
6884
4092
5
5079
6631
7184
5201
6161
4717
2475
1165
6460
2416
1918
3550
6971
3469
2577
1740
863
5827
6476
4961
5395
2192
4494
7212
6561
2030
524
1945
8914
969
8303
3993
7600
5487
9194
113
204
8021
1278
3017
6789
9549
6567
3761
9370
9145
5501
233
4972
1977
1546
6719
521
2393
283
3434
4423
808
1732
9689
1777
35
3683
5729
5522
9229
5842
2079
3603
3473
5096
392
3022
1663
4153
2392
808
6007
8977
2133
4336
524
8852
4858
9269
5488
8292
44
6296
24
9733
4425
59
3416
154
5582
8998
2348
4013
2601
5821
9109
2993
5195
772
7147
7587
7933
3154
6565
66
7490
3441
5270
8700
9062
7110
3345
9106
3406
3369
8839
4183
9781
8608
689
1715
7606
3038
5728
207
5211
4837
3200
407
1961
6699
4346
9894
6205
911
6312
48
704
1583
8748
9766
8693
2093
8872
8452
1815
4064
2635
1596
2672
3325
3311
278
2715
5391
6837
7926
228
37
4685
2189
3089
9032
8436
9294
6295
4748
9342
7000
2683
4443
3118
1377
6536
8343
6181
4703
8759
5168
6299
1431
4845
5962
8061
7560
1353
4898
1839
7933
1287
2876
6475
728
1908
4911
23
4556
9659
5717
1556
2343
160
1026
72
3049
5721
6253
7752
4480
7773
404
5911
2619
2718
324
6531
424
1574
4722
8357
9214
7599
4832
9942
5859
9743
9965
415
9403
2035
8323
8098
8547
9350
8170
1596
5071
775
5701
5904
8548
2457
1815
7519
5175
8492
4051
5599
66
5125
309
9280
2724
5141
9223
4936
1237
5540
5351
640
7575
3675
8738
6123
9377
3260
4071
4448
4035
6124
6704
2583
8581
8520
103
109
3364
506
2060
3430
5631
2369
9063
4708
7511
8286
9644
8748
178
4995
5740
4106
5022
830
6581
4399
4090
7004
5200
8125
3129
1904
7060
8062
6776
7163
8171
140
4021
232
9923
6005
8953
8986
713
6464
3624
6709
1564
3802
8056
3656
4260
3079
838
841
3830
4928
7846
9030
9405
975
7287
6466
5389
4063
9981
3561
556
4003
145
479
6360
5450
9465
3425
8267
9441
134
9831
9595
4542
9840
3856
3973
678
4697
7804
1959
2543
3186
1364
9870
473
4182
5260
889
4164
5173
1445
4519
1670
8276
879
7120
7741
4304
5387
3534
790
1571
3129
5332
7763
6985
5658
8441
1683
9814
6752
578
3000
8117
6801
9826
8651
2061
7067
9167
3586
8512
3686
1608
6788
917
8728
881
5221
468
4415
2363
8391
3896
4048
6154
882
9706
947
8917
9520
7700
9495
8872
2169
2648
5050
820
4709
2117
9988
4647
629
26
6255
3769
944
1336
1002
2517
8156
1769
4881
6547
5666
5281
2701
6548
4987
3648
1817
859
7700
7664
9731
9869
313
1134
690
1374
3251
7030
6022
233
7056
8629
4002
8000
9965
1357
6870
4473
3126
8103
1020
5144
3384
73
8044
8371
74
9861
5582
7774
7526
1665
7644
7839
2799
4686
9213
6051
1716
1587
6284
5124
217
6638
9477
6534
4347
6347
1008
7474
4450
8380
2618
7834
8454
663
2557
8528
6876
4491
6302
4402
6156
298
8593
8956
4984
4159
5007
3052
5746
7643
4529
2315
633
4006
8850
4981
353
6210
8807
1155
4590
7777
5341
9396
4792
4250
7924
1669
8741
579
2423
4897
7229
1017
3853
8566
5176
5212
1618
7274
9207
6147
9590
6193
6505
8440
1174
6858
1002
6333
4365
5592
4110
9706
1341
8903
308
9265
6924
9049
6196
9347
299
3426
364
504
1992
1892
2069
9962
9167
1276
2462
8757
7469
8967
3549
4995
2178
4551
1328
6543
6495
5439
2602
7836
694
2910
3454
7618
8312
9650
6965
8611
9428
3682
9115
1420
1926
1184
7735
7445
8813
197
6202
2634
9164
9751
7630
1342
654
5310
4238
7150
7101
3192
1338
4147
6102
4792
1765
766
4443
5083
9377
223
5117
4845
7996
3395
2381
5731
841
7546
2280
7043
181
1444
3147
4163
9139
153
5825
9729
7303
2927
2921
8642
7074
5375
3434
5192
6142
4229
6627
1871
4453
1744
3068
2449
5139
5450
4532
5980
9348
6812
9376
9529
4608
2523
44
99
2676
5870
9828
6332
5149
2749
1326
2223
4477
1112
3767
619
1694
394
2490
6147
2138
1911
4948
3630
7361
5832
5962
6709
2644
5338
2591
3604
4213
2635
3704
3242
4857
9884
5926
6
8986
7252
8582
3463
4716
8701
4082
6410
9096
2924
8909
7586
4835
3857
1216
8548
6041
3531
1610
5037
8869
4201
8642
9435
3188
8698
2677
4398
8582
8603
756
7568
2207
9338
1031
6923
8040
1465
3334
3488
742
2243
1074
1929
2453
8643
6830
4846
2174
8440
9884
7395
8993
8526
6830
8533
3576
5859
2931
2158
814
3688
6079
3021
9378
7110
6297
3770
4928
9631
7258
2022
8226
4685
303
7031
3328
7133
1878
1854
5573
1762
9249
918
6640
2432
5804
216
8291
8735
8726
9106
8775
4805
8479
4506
8268
1128
8276
3196
7111
1887
1570
5338
6572
1873
8721
6252
9007
599
8106
932
8713
3707
8203
1705
6139
4007
8273
783
9094
7000
6241
7870
1805
1072
8728
73
2201
3356
9621
9312
5243
1191
1002
8167
3065
9724
4419
8424
6675
8877
5708
5389
2585
3911
3446
5076
7918
1720
5859
7013
8720
8452
1235
525
9525
9963
599
8078
9671
6572
7390
4915
7764
8393
3082
7181
8117
3854
1957
4792
2731
7665
6533
1668
7929
9980
6745
5847
1700
8956
9212
420
3761
6799
7297
9638
3114
4248
7716
2786
821
5106
7701
4937
3499
7135
2118
7968
7341
4075
9113
6425
8092
5646
8093
6021
1978
1190
8221
30
6499
3785
6802
260
585
4100
9898
3699
4700
7614
2837
5521
9072
6890
458
8924
378
8928
6892
7719
9355
2357
4144
3800
4356
8590
9821
6334
6132
4394
2717
2631
8180
9519
9243
8765
9971
5493
8816
4672
9459
8006
6545
8532
4896
3356
7456
5274
8636
700
9346
4344
3058
9842
8144
7414
8432
4317
100
4565
8712
2817
3548
6892
2337
2792
2009
8660
8285
7177
9684
7745
5183
6230
6277
80
5938
85
1706
926
785
1052
5270
3843
895
3414
1257
9327
7732
1358
244
6444
527
3793
9688
2864
6585
1697
7877
1222
5226
7561
5319
410
143
7948
490
2433
8033
2196
3360
8819
9601
8630
9014
496
2045
6624
6175
6129
4334
6420
8925
4861
6565
4965
4078
9502
3014
1955
724
8240
5868
2396
8650
2364
344
5492
4797
8378
7689
8157
3549
3642
3140
2563
4138
5185
5539
6665
7666
9873
3085
2943
4735
6002
7908
5165
5504
922
3472
2581
9162
9340
4977
7813
1704
5321
3305
6502
51
7346
1011
3600
988
4151
2516
1478
5688
8055
8144
9706
7929
7581
2649
9016
3584
557
533
9088
1479
4005
8021
6994
3345
2998
1159
1402
8320
4464
4256
8371
8163
5267
8324
5503
5771
840
3334
1459
5247
1478
1166
9528
5411
167
8544
8995
725
9077
4436
8556
9434
2457
1902
2780
5456
3061
4182
128
7526
8438
4851
2041
57
9527
7544
5828
367
7230
3640
1967
8708
1158
1495
4120
1325
6392
9467
8402
1821
3903
6959
1256
6361
8861
4036
8169
1923
4570
4649
5801
9360
5852
4194
9417
5380
8090
5246
2099
5321
5238
4066
381
6396
5562
4501
7721
8306
3969
2476
127
4224
9435
1383
6937
4648
1771
5106
2923
6341
6107
5076
5701
1960
5622
1471
3692
3713
3069
5791
9034
8307
6210
9415
4703
1772
269
8776
78
590
1252
6557
4814
7039
7941
1752
8040
6064
3210
7315
2406
9318
2392
4459
7630
8014
5930
1322
8079
8999
3465
3465
3658
9675
9233
8361
7799
9502
3490
4229
92
4742
787
1258
8134
5080
9362
6174
1144
2573
3489
9902
8243
2233
714
2225
6600
6644
3547
4679
1996
3364
8145
2006
3040
7378
6720
7191
3232
210
1421
9676
1304
8560
934
9438
9992
297
1964
1136
9222
1806
7391
7465
4039
8105
9690
639
1101
9589
1671
9449
9305
9816
1456
2345
3546
8176
5889
3130
8386
3662
2806
6042
8574
92
1833
8566
6741
3797
6054
5963
5603
3445
9780
5995
1550
5822
2986
2652
1763
4657
2101
1069
825
9909
9766
723
8085
5655
3853
2823
9317
3011
8866
4243
9456
699
2809
6197
848
8864
8513
2804
8661
4645
5151
6564
468
8137
5568
2231
9147
4021
3300
9972
3931
3067
7048
2016
5074
901
1192
744
265
58
4987
9721
7109
4149
5918
4309
9365
783
7113
8026
5429
2264
4590
5897
6754
6510
4480
5901
532
4133
2225
4463
3552
9273
2831
8626
6527
4023
9370
6792
433
710
2865
7542
4859
5135
1852
4224
5919
5317
8602
1348
3934
9545
3597
688
6055
4429
2941
6587
8562
5166
7402
2114
4440
234
7093
7319
609
2815
463
1043
3525
3328
4937
4736
8463
3141
5312
4382
8459
3915
2082
8745
3460
2031
5785
5867
6461
8726
2455
1375
3892
6209
9842
4684
6443
6935
2003
3405
9750
2466
4448
9628
2146
5737
4364
610
8879
9677
1344
3690
9944
9779
2435
3404
1810
8220
9271
4623
6946
8078
5999
7190
4288
5841
1875
7083
2776
230
488
8878
9049
1288
8506
1195
7026
2871
1805
2257
8900
9502
5947
8844
9281
4734
8600
1091
2954
4223
2067
6252
2302
8066
3442
2942
259
1669
25
3035
8252
6866
8265
7301
8154
6772
4848
1532
5995
3006
3789
4895
2508
6088
91
1789
822
8691
9232
3776
2914
1299
6380
1568
5717
6175
862
5976
7844
888
5363
6096
4106
3629
9749
8612
401
4598
6497
6396
7604
286
7643
112
6375
7734
8253
3549
2777
3837
7326
2043
5137
58
3612
7206
6233
826
3183
4078
1714
8546
6526
2172
2175
2628
785
8928
7226
7282
5324
1182
3920
9319
7646
6647
3405
5899
197
6182
6088
3875
8226
1225
3933
8190
8432
6519
9016
7967
597
7083
6513
3475
9255
5041
2455
6392
3969
9681
26
5646
7215
299
4965
4861
3298
4723
7112
9847
905
3201
74
9131
778
4008
3673
9210
6879
2690
3529
3828
6125
6395
7303
1732
1436
9759
4477
1757
5792
855
7403
9360
1154
8721
4221
805
3444
1334
652
701
4535
727
6185
5313
1087
9858
876
7966
8900
4405
1794
5025
7152
5449
3110
8588
1560
7587
346
3705
8442
4101
3065
5949
9174
7286
6754
8970
4972
7406
9672
9507
4485
5857
1173
1924
2067
8401
9890
968
2806
8036
2345
9959
3486
1807
4899
1398
9394
1597
5103
7837
2051
4520
138
7577
1807
6892
6548
3131
650
2572
2639
1488
4781
164
3412
6848
8565
3303
4168
7723
7691
2866
4034
7529
4673
8934
8928
420
6883
383
4609
8934
4904
4747
6512
3063
1639
9412
6194
8641
1984
8833
129
3117
5349
9894
6317
3914
3197
486
1638
7240
9704
5672
4770
729
958
3698
1149
7842
4081
5758
3128
5337
505
5992
8400
8496
1756
4595
3490
92
9780
3619
3209
5130
3513
9527
9044
3062
6365
7034
303
2421
9059
1425
3150
17
5123
4300
4211
5556
58
3692
7246
564
6036
5646
5412
7793
6593
8902
4237
6374
8874
7447
1504
8739
3326
6900
1802
6043
287
8457
8464
9346
9882
1614
5715
1357
2266
6279
3265
2325
6323
6863
9241
8711
2510
4653
2856
9103
3556
7094
1829
8782
893
3333
7521
571
6586
9323
6614
3225
4132
1430
8923
366
9396
990
8075
1663
3621
7693
3988
6296
4556
3229
5008
3418
4234
7864
2522
4142
1310
4351
2924
2203
4037
446
9126
6975
6121
5740
6552
254
3522
5475
6972
2919
2817
5048
4582
6439
9093
4922
2735
3649
4503
7743
7068
8737
1960
5942
2880
9622
293
2156
1826
682
2602
7304
4009
8724
3045
561
5330
2919
2388
8654
5838
5206
54
6772
1645
9147
1694
732
2797
6197
8476
6217
1287
6788
2159
4167
6410
8804
6323
4588
5839
5278
1893
9848
354
1290
410
2036
4209
2798
690
6400
8004
745
3172
6001
9892
1219
6734
9041
7416
1562
5258
8703
4702
7417
9222
1112
2574
1898
2053
8413
3528
298
8261
3882
1588
5023
5918
2149
4174
2960
4901
8530
3705
4426
4532
3598
5645
1266
8991
9413
9180
4250
4469
3882
8019
3691
1346
6945
1941
9751
5358
1821
49
3620
5703
7989
4995
7973
139
9169
934
5040
7700
991
5818
8584
941
1463
6202
9933
877
5382
535
5346
5616
8554
5389
6962
5500
3683
6714
7210
5504
6763
7182
7560
1105
2178
5533
1244
1347
2819
2636
5399
3811
8455
3983
4752
6270
185
4685
7147
1919
5220
8845
7535
127
4235
850
1979
4270
7564
9189
9774
679
6372
7334
1784
8550
9220
9380
6249
2039
8369
8001
5850
3176
1984
603
9446
8522
1640
6594
441
6861
5439
4329
3340
6026
5179
5319
296
9095
4508
6423
6126
880
109
4263
5782
9329
9995
8384
1369
8364
6385
3571
1540
8369
526
987
3243
2167
3933
37
5380
5724
4366
8720
8103
9545
391
4751
4992
4899
1174
1118
2132
1284
1733
4266
6965
1729
2650
8334
93
5387
1906
7986
109
8784
5325
3352
951
9258
3389
6331
4982
7755
1403
3085
3652
1794
4189
4996
3046
5363
6115
1530
2999
4200
5796
9965
5929
4799
4651
2375
186
2909
361
295
1694
5686
3648
2645
1296
3389
5329
2630
7497
6732
2068
1149
4879
6257
2498
7925
1620
4965
5807
972
9165
1603
937
5095
6402
5588
3822
2941
8498
4183
3236
192
6221
3236
9189
7517
6626
4518
6499
475
7603
8567
7976
8834
4824
474
3111
6445
5439
8918
7417
4605
6873
4706
6052
9628
6646
9874
2569
5144
409
2157
1688
2982
5394
878
6851
8372
1748
3350
8847
5703
1918
3175
889
6742
3650
4000
9539
9089
2918
3308
46
6144
8014
6098
5772
4661
2324
8341
6157
2733
498
7846
5715
2244
5076
8918
6968
3176
2269
2167
5232
4187
5343
6121
7281
8993
6474
6821
4434
5744
129
4481
1888
4496
6931
7660
5509
5608
2353
1666
8341
9204
5864
409
1448
7292
9327
4769
469
7948
6936
2053
8487
8631
4526
5769
3976
1000
2590
4763
6745
9071
5596
8633
3567
2527
2646
9076
8135
4999
7095
2829
4203
2959
9590
5652
252
5269
6773
7073
3218
61
5478
1705
8693
4
3826
9021
1005
6416
3784
7750
1840
9380
2735
1759
8260
5381
7188
2747
381
4283
1928
4584
7242
1518
6588
3846
3140
9713
7271
2710
9775
2749
767
4820
2754
4594
3841
3759
7362
7626
7861
9202
3358
596
7314
7970
2330
4502
718
2711
8785
2646
3647
2379
517
6588
2578
9
6301
9849
2719
6076
2599
3486
896
1705
8080
1090
1816
1795
8716
9677
997
8426
6625
8311
6397
5307
9165
3467
4370
7950
2465
8018
6682
2982
958
9260
2991
7259
5461
2062
9688
4412
5549
6936
6117
9981
8026
7933
1776
6742
3962
9126
1521
6940
7437
4270
2247
6603
7737
6618
905
202
988
7587
9537
8298
3199
8880
5557
8661
943
1597
3073
2844
8534
5543
2825
6560
9828
4602
9655
143
3728
1176
7083
7517
5446
5682
472
9535
8652
1378
6089
5992
5317
5626
4290
4869
859
6200
9882
1802
7797
2955
4646
6331
4850
3823
2892
4679
8425
2547
4822
8505
75
8257
6023
1873
291
2847
1408
8944
577
3849
4936
5895
5828
5579
7116
6687
1779
6998
4841
9576
6305
5839
5908
1156
9662
5152
2187
4440
4051
3361
2945
4126
7970
5320
2351
8261
4520
111
3557
5097
3960
8494
7344
9788
425
4460
6475
2204
1458
1316
8132
7764
3507
4040
5272
3170
5544
3811
3962
9595
7172
3259
73
5142
8580
2424
3403
9452
2535
3313
4549
6496
1807
1894
2636
8584
2706
9112
788
4165
6780
8920
8281
6640
9313
9905
9810
1209
3716
3772
805
888
3383
7230
2382
1963
9655
2137
1415
8542
5450
2317
1390
3609
4211
4027
2193
3269
9491
9333
3786
2623
4606
2067
9263
3919
8324
9073
5128
2040
9197
2285
9280
2581
9516
8014
896
5523
6504
8664
4065
1954
7333
5456
1916
7896
9483
461
1165
5326
9795
4952
7949
4401
3371
7213
4672
1696
2638
9800
88
8188
8438
5721
769
7954
87
8017
9829
6591
3033
3894
4898
366
5702
6814
8262
5185
7275
5780
6863
3422
732
4813
4175
4103
2026
8847
2151
4664
5000
2240
2852
3438
4313
9973
7744
4400
4343
7573
7344
7376
7819
2242
4095
3522
5408
8709
5059
9035
4489
1923
2458
5221
6736
6633
5677
8762
1833
7828
9778
6833
6420
2631
6623
7085
2604
719
7838
3299
8292
5182
676
6111
3776
1123
9633
9184
9832
1045
8219
4322
2968
7029
5895
9704
15
1572
8466
1848
5753
8244
5033
2173
7227
1656
9259
6184
2375
7097
9483
7019
8631
6511
3130
2407
7634
9116
1591
3819
161
6162
8141
9481
3192
388
9185
3207
1961
4003
1407
7714
8599
6440
6239
5827
4448
5498
2011
6823
8947
7846
3842
7578
4358
3324
9985
1992
8792
7928
5811
5305
4091
304
4786
3635
7045
3971
3194
9006
7974
4601
3072
6574
7393
9311
8753
1841
1162
764
8664
6461
4962
8858
4040
9320
8534
377
7665
7327
8306
9828
8984
8749
133
3771
2384
7178
4094
1930
2536
8421
6531
1960
1347
276
7623
100
2117
5137
7216
7133
1599
2178
5991
1991
1499
4525
2368
9164
8204
7026
8992
7189
2127
5477
960
863
9007
5054
2793
7895
9827
5676
9855
1174
5952
3831
1274
8069
8968
8490
1554
6919
669
7545
8910
8520
8423
7631
4036
6627
1009
9380
168
9489
4858
1128
352
217
2535
3146
8113
2362
5174
4320
3537
1127
4503
1163
5548
9824
6006
7103
6743
3027
1000
2006
1547
5775
5989
5583
8755
6998
1315
8923
6487
2525
52
3192
2743
8939
2690
7208
7653
7864
7880
7542
5343
8736
8706
7244
8560
4712
4347
5303
7739
1699
3661
5638
7475
9650
7573
6230
3001
8888
5153
5840
1414
1557
9032
509
6848
1722
7717
4502
9587
1949
8396
1282
685
7102
8526
9245
8166
9225
901
2257
925
4562
7895
4752
4213
5468
7334
7214
709
8839
3054
2123
6749
8439
2632
3597
161
6701
4451
6100
8650
2848
3735
5688
6302
2261
4933
4469
1487
2186
6726
8764
6749
974
3516
7314
6442
7202
880
7151
6041
286
5626
2790
8725
4610
2740
5239
7663
7191
7691
6314
39
1426
8354
6342
3688
9639
7163
1527
1826
241
291
4927
1215
159
2241
7658
7361
9473
1161
9754
9759
3140
2545
4837
7750
1637
6428
5414
8828
4119
8080
5220
1898
2786
7914
1938
2425
5077
3465
4251
5318
108
9178
2886
267
7771
6896
3980
3596
4409
3734
3356
7549
2631
4545
1652
4268
7325
3418
9449
7796
7850
4669
9694
636
2583
1632
3061
4012
1449
3665
5682
1557
9195
8568
8176
3319
5464
2156
6915
6226
2243
6623
3775
1226
1168
1779
1847
4845
5197
1296
2642
9399
2317
2336
35
1252
321
9449
5264
1770
9466
7298
9680
8661
2219
7856
1980
4035
6365
5248
261
4960
1871
4037
2538
9392
2168
4385
4237
7366
2033
6879
6765
702
5568
3153
1954
2241
8954
3570
363
8420
869
43
3433
9440
4252
1766
3475
6969
7014
3737
8281
8885
4126
819
8277
6294
1557
2515
12
9942
5746
3130
645
7666
6283
8951
9907
5237
2522
271
9
9743
314
3442
9183
918
5208
9010
7887
2222
2747
6168
1108
6873
3340
5737
9520
4897
8252
9532
4839
351
2662
1836
8017
5297
788
7925
534
9662
4548
543
5757
1214
338
1292
2133
5546
302
6372
7769
9402
8893
5229
6275
2233
966
2147
3482
5571
1680
4673
2274
694
6510
291
5992
3650
4568
6526
9664
9116
3422
1773
6683
112
9417
8816
5658
9719
1540
9779
9121
433
1360
1749
9018
8679
3896
2500
4250
1928
7174
2876
2623
36
9519
8615
38
4088
1493
6054
9556
1267
7827
6239
1379
7244
1407
3390
3315
2948
3169
8789
3381
882
6890
8752
9561
786
1252
163
2715
4778
3039
1690
1166
2558
305
1204
6646
1798
3610
2555
9418
7789
8794
797
5033
6554
4187
4701
9502
3709
3490
9235
4591
380
7987
4152
7518
5592
4315
6585
6722
3706
8275
7889
6264
4932
5445
9263
3083
9056
1818
2501
6845
6964
3298
8231
3518
3838
9284
9372
7547
9126
8608
8490
5858
2947
8994
3376
8539
3309
6314
1614
3367
4589
9503
9631
5874
4948
5246
8957
356
3416
1458
3554
381
4756
8137
251
4946
7421
5976
2493
6547
936
7335
2405
3883
6329
2133
8775
5990
8447
389
9357
9389
6244
8989
5263
7544
587
4220
7901
4004
5678
7807
737
6786
5944
7340
1733
9717
3316
578
6264
4252
7914
5021
4488
4243
3506
9615
6586
1954
4
5943
7695
2600
1284
2958
144
1872
3530
4397
5876
5560
2204
6613
8698
4500
3953
6783
4217
3622
7362
6833
4226
1628
8206
8714
2223
1713
8329
8809
3667
4685
4753
7714
3637
2389
672
3782
4261
554
8179
6489
2466
6736
9454
1164
1236
3408
7948
1806
3382
1662
8639
7608
3290
6846
6323
1865
4911
1004
675
4930
2042
1780
2644
5679
521
9668
5813
4783
222
3993
7624
2688
729
7079
204
8317
487
8152
123
221
9814
5115
7829
9456
8313
504
1322
3224
7861
8349
8154
9903
6481
798
1934
7002
466
7748
8137
7040
1741
5762
6080
8822
2841
6284
3491
9680
789
9967
9901
603
5082
4082
6412
3395
4587
4086
2971
2448
8787
1125
8703
5268
8275
637
8622
5093
8385
3112
8485
6478
8874
4565
1652
1715
7201
1496
7747
7990
1463
4000
4946
6545
8082
1358
6292
2669
1796
5615
5117
583
6740
172
2203
1367
810
825
2812
5547
3937
1297
2026
9163
2214
30
7230
9415
1526
4977
7406
2989
8977
8704
5886
7060
62
8530
6081
1858
4145
7551
2441
7237
7723
996
4956
4885
1821
7768
433
2111
9065
8811
7626
7631
8841
4857
7047
6720
6186
805
6061
1516
9509
8300
4928
5923
6830
1009
7781
976
8560
6574
4565
2636
3922
9522
7521
2095
7290
7954
4206
2708
6765
8185
339
1959
3042
3738
5031
9228
4543
1092
7096
404
9392
2024
6327
2575
3034
460
9903
7946
3386
4468
6934
7308
342
4456
9404
7633
8762
9962
6693
1880
8147
7032
3839
1189
7123
5222
6770
1666
6314
3866
8423
2059
2243
4750
4634
5277
1563
4537
9575
4949
5357
6510
2258
5700
966
8014
9685
6080
7976
6378
7960
2476
9762
8151
3665
6885
3373
6787
4904
9688
7006
3327
8099
9249
8077
9085
878
5992
9974
6805
942
5331
3315
9552
7383
633
7566
7068
6714
1894
9798
4674
4370
9561
2826
4388
2798
2551
7527
7702
2239
885
1029
6690
6486
5459
5775
7364
1451
5749
4170
8745
7433
3837
8297
4816
4471
2215
8237
7537
4110
4387
8563
4832
300
7741
9220
3099
293
3100
801
8884
3985
8183
5575
472
9994
7702
7836
7797
9804
8358
6543
7237
8548
4840
8405
9371
3408
2994
6908
3870
7382
1823
8702
7682
9565
4275
781
9858
7375
7935
5094
1360
2470
669
1832
2464
4724
6021
261
4528
731
6804
1765
9279
7997
170
8650
1405
9517
1910
5275
6899
3734
3977
4581
3299
8252
1715
9509
1979
9650
4603
3340
2120
1625
1524
4584
6349
7545
1197
877
4629
8002
8994
3908
2351
9164
8911
3756
5033
821
5383
1932
4555
5712
6514
4206
317
4581
3715
2296
4231
4671
1988
2703
6296
3513
3639
8997
7410
4836
9874
2039
9190
8868
5948
1541
4384
1211
1649
9418
2032
3384
7702
2940
9097
568
7146
9414
5149
7214
8062
9380
1885
51
8435
4533
3564
2074
9882
974
6911
9756
9366
2453
4976
1666
347
5712
2877
1996
1482
4909
5381
9185
4201
830
9753
1348
6596
4903
4914
4658
635
3151
1061
9071
4036
4625
7497
3918
1952
4408
3674
1318
3214
5002
9336
3561
714
2213
1909
8549
3474
3642
7734
7676
4472
3839
5376
1068
8742
290
2079
5730
9793
3140
1153
3829
4118
8650
7747
6070
9411
7773
3740
2625
2775
9428
6186
9841
1641
8095
8390
1467
8090
2476
5495
2562
6316
871
9983
1410
7513
8414
3492
7306
1554
4645
7487
5672
9648
5234
8094
9059
3007
8186
1684
2134
7614
4222
8328
5607
8669
3070
7075
6759
5547
8922
5674
8215
6146
5657
5977
3659
4071
9470
7318
1977
467
4805
4002
115
6392
8448
9174
9399
6635
7210
1534
601
1432
6214
2561
6454
9284
9636
9565
4831
4910
5239
3046
1056
7248
5376
4716
7671
4846
8386
9649
5313
9543
3
5429
5935
8451
955
5335
1438
8166
3221
2040
5950
9435
4601
8756
8719
589
8322
9903
1851
3561
9301
2908
810
4677
3976
4833
5875
2362
4482
1189
1905
4485
2970
4193
9289
3925
9528
727
8443
9101
9119
746
4888
72
9502
9959
7013
4176
6214
8865
7738
5516
1773
4900
6545
5749
9733
2421
4463
568
9962
6368
1405
2932
6913
694
3209
2793
7774
8005
1894
6893
8751
3134
6966
4605
9446
3979
5134
5660
2844
9224
7528
4617
4124
426
6718
209
2847
1181
7129
9161
3902
4887
2093
815
5581
1654
3609
9707
9659
1855
6601
4762
4990
9919
5720
788
3898
854
6448
3095
78
329
4064
554
755
783
7115
9954
1964
597
9115
5866
5484
1208
3034
7417
9214
6643
7125
5226
4850
3726
6340
6192
3645
8412
6980
3895
9266
3429
6990
5696
110
1055
2602
865
8190
9718
819
154
315
9934
2373
2151
7494
1759
9568
3060
8402
6693
8286
9604
6771
4627
5797
6768
3039
2777
664
8658
2558
4006
706
2668
1413
3309
3533
9603
9379
704
6110
6046
6990
4835
8197
4484
6594
7765
7545
1348
811
2183
952
7582
3162
6749
703
2554
5879
7719
1212
8437
8077
8270
1106
9491
1579
991
5446
7310
8048
1556
3356
5038
2743
1553
5875
9337
5671
3420
685
6482
1955
7990
416
5118
4739
1119
7672
618
5190
5236
5408
3268
3506
2866
2759
1438
3857
8205
8748
8257
6114
2105
3296
8857
10
9171
4547
5681
8943
1584
2163
898
9574
8932
6016
666
6403
40
7636
1594
5276
3044
4862
5135
5910
3973
6573
6120
8530
5321
4377
996
3778
4025
9854
3789
3196
753
9470
8491
2337
7986
9390
1912
6918
1758
2578
9673
1799
214
1267
3427
9611
2481
8562
5521
2806
1487
1641
1337
3161
2371
2333
6939
6396
8539
728
9593
9292
6551
4436
7982
4537
178
9894
7807
1937
8824
3832
88
9038
5100
9867
8649
3933
8430
523
6740
6269
2164
4429
9430
887
3114
6370
7284
8006
3450
3229
3650
6353
7665
1632
7242
7844
1526
1401
6133
350
5234
6221
5741
6686
2440
742
619
7222
1265
3711
3492
9782
4492
2922
669
7607
5644
7953
5613
5447
7534
9263
1800
5200
896
5395
9396
8774
6796
5529
5477
2030
8102
7570
5068
542
8312
2040
7765
5930
2103
1257
2064
6596
531
2733
4203
2528
7039
6168
7975
925
1783
6127
6125
2679
1522
5521
7806
4671
7402
3283
3053
5504
7205
8122
2399
5517
162
164
7799
2265
7773
9863
8861
8304
8949
9416
832
2340
5584
5159
3265
7368
1287
5743
6399
9161
7616
557
3832
5019
192
6886
6875
7397
1360
9274
9267
1522
9438
7066
139
7211
6930
9001
1868
2231
4769
9052
4571
6706
4212
4188
426
5499
9931
3177
1012
3900
3735
1197
8919
3927
4435
2146
7677
5795
1421
6944
7317
7211
4010
3808
775
7292
9161
2643
9523
3931
1695
446
637
5907
4635
7415
7758
918
592
5123
4818
4327
6320
89
4607
755
2236
2284
6550
9
5580
219
7220
9590
4027
7995
3235
3189
6990
9110
3472
5038
5909
461
945
544
7876
5056
7814
8468
6531
8985
9148
9203
9074
107
9958
7662
8743
2860
7671
4323
9431
4892
265
9810
9239
9852
9351
6230
8963
2823
1268
4872
9636
8565
1768
7512
9973
5934
2333
2856
4919
7833
2059
3994
4292
2017
8008
3035
1229
5680
3710
7012
6924
3975
6823
6163
3828
6174
8745
9143
5350
6365
4015
4986
1283
2135
8851
7608
8069
1184
465
2989
5369
2524
3335
9661
894
1343
2696
8475
3375
2758
5488
299
3085
2311
2815
3265
4837
7912
2408
187
4278
2775
1526
1913
4910
377
9521
2980
7913
9986
5969
3282
8863
5656
2943
9757
3351
1991
8232
6727
4749
3720
7026
4186
2383
6193
7452
7221
4106
9860
3760
4736
2636
5286
6649
3898
2015
6170
6878
9928
2509
9199
3210
1372
4855
2505
1129
8207
848
5713
1286
1949
5786
4664
6136
8169
858
3588
1742
4964
3448
5503
6052
2436
7141
2701
6335
9157
8871
9565
5437
1380
8765
5000
2752
9972
7505
233
4531
4706
5947
5817
6655
8085
482
2791
6254
7692
2731
4349
9008
6180
6204
5060
4968
3345
7761
7655
8854
2984
7221
4292
717
2338
5644
9821
2310
3149
55
3194
7855
2354
9011
863
439
5845
3654
3045
3537
6386
7394
8897
8918
3598
3957
238
3296
8070
7894
8502
1055
1467
9146
1772
3805
4790
7945
2467
4292
8000
5661
8499
6706
1025
9362
3497
3222
9369
2895
6760
5755
289
2009
1025
240
5967
7615
9888
4037
1861
8390
1444
3328
7537
9568
3485
2327
7514
2305
6619
1866
7966
5119
8573
5343
833
8422
8566
202
1317
1678
2309
7959
3687
9686
4551
6006
7302
4439
6396
9163
2829
7840
8844
366
7409
8681
9046
4923
986
2017
6789
5305
3488
1714
648
4322
137
5566
4524
7806
3596
6834
5765
3636
6520
316
9642
174
4755
6038
9338
3937
231
4534
655
7640
3215
9701
8915
554
8071
5704
5859
1559
3771
2859
5881
3908
4778
406
1714
8374
3592
3832
2010
6464
500
8005
6639
5256
4043
2329
5545
4274
6863
6200
8266
6430
2254
7181
6984
325
9238
9195
1884
3009
2055
7766
3269
6833
4524
1335
1559
8116
5167
3570
4580
5668
1575
7571
7276
1970
9900
2821
2597
3115
9021
863
9546
1275
4397
2882
1600
3635
2078
3485
2996
485
7603
6265
7318
2127
7600
5229
6595
2768
8799
7527
4788
6726
5099
2064
5049
4999
1237
3998
4467
6610
1213
4013
7886
5610
3247
5838
5597
1677
5675
8593
2162
3278
4858
5832
1757
2459
1062
8352
1579
6213
5880
2719
9292
7331
1135
693
2330
2372
4691
3149
8982
5904
7162
3220
7867
6762
9059
3464
8439
1086
8410
602
717
3268
6434
2474
2079
3848
7179
10
62
9411
9081
5706
6742
216
6399
5424
2588
7442
8574
1571
3346
2088
1143
7565
8850
202
7382
3642
7641
5792
4244
8358
5412
7030
7184
7492
7231
4363
3854
3645
3774
2936
9351
6868
3152
5750
8645
2093
3192
7219
16
2890
5659
1159
6808
862
7714
4190
4504
5355
9982
5100
3713
5394
8482
897
9238
5713
1613
3093
5710
1739
2381
5061
4960
1885
7163
3605
3978
6707
7176
3994
5950
2835
5154
2758
3697
9220
6948
4553
4575
6930
6005
4640
8676
4488
1889
7915
6553
3502
7360
2264
1594
9741
7325
6554
7978
841
159
1957
7548
7335
2303
9850
6522
3809
2608
6572
3029
9556
1125
3956
2838
7131
8596
1515
7971
6838
5782
4524
340
3142
6788
8286
9235
466
4840
3565
7659
1351
5522
1559
8686
4178
1410
5209
7987
370
8133
7369
6279
9258
1325
9117
2741
6274
6984
712
3112
9118
5237
9804
2260
8377
8091
7847
5195
9283
1413
9206
635
3287
766
5673
7465
8528
7234
1805
8898
5367
5526
5177
4626
3203
647
7367
9477
3983
4432
8941
3102
9669
5098
1714
4398
9541
9562
9594
8824
7327
5152
9459
6966
5918
1485
784
4446
8719
2589
3345
4087
4467
4874
5065
7670
5521
8784
3500
9505
3216
2441
2607
9237
7539
4321
3636
7080
235
9582
2257
3914
4734
8068
881
7005
9553
1665
1451
8273
606
1148
8712
5073
6023
129
9095
1544
5265
2595
7401
8482
1389
6360
7719
8928
682
7707
2361
7269
3641
970
1184
8376
9038
2065
5381
8592
3730
3184
3217
688
4333
8281
5761
6708
4762
4856
4604
27
3804
2006
8509
5193
8366
2581
473
5400
6640
9186
2670
282
156
3854
5010
9195
2271
6743
4139
2353
6279
3708
3041
612
1989
5154
3672
6751
6362
8277
3130
166
283
7992
5359
5001
573
5833
402
3565
5019
3072
199
1528
3278
5209
723
5549
8304
1214
7902
4584
4922
7295
1548
3263
2449
5221
6366
8811
3498
9496
8978
133
7488
689
5134
4413
2874
5536
4331
4246
4960
4530
5774
8238
6092
2849
139
4396
4063
4393
5332
5337
1688
6881
8600
489
8454
1318
9301
1952
814
4631
8437
4655
1672
3571
5420
4547
9108
9751
8793
420
4282
4567
8659
374
3768
8798
1122
7831
9544
6455
9520
1232
3336
4472
1722
1790
5790
7375
94
2956
8358
8531
7611
30
8454
3032
4577
7562
2783
3370
4335
3417
4289
2994
3791
4409
8144
4914
8592
7688
1369
8112
5273
1057
2584
3347
9199
8374
722
9293
1331
9080
4176
5294
9110
2630
8326
40
6545
7462
9762
880
879
404
226
4671
4813
8370
5937
3406
2411
3658
1518
7684
4715
4103
7383
3914
8829
8105
9559
160
3537
87
5455
2647
2717
133
9039
5614
3947
8802
2846
4827
9206
3072
5850
4019
7795
1787
7425
206
5445
8944
4242
6512
9399
1625
6778
8228
6082
2689
4741
9619
2776
6548
8618
1845
3033
7658
3812
6981
6460
6658
1808
5666
9731
4010
6037
3878
5797
3463
4084
7594
8759
4678
458
4510
2655
3588
2738
8737
6277
3831
4708
9053
6731
3326
7250
9765
7336
1062
6746
3796
7721
4906
5814
3804
8916
8204
7682
1065
1667
8118
5011
6778
9148
1821
1288
1803
5409
378
6892
1686
562
1600
7091
7293
4926
4341
3410
8615
1756
156
8763
9477
1414
4578
9633
6682
9134
7315
4099
7153
5433
9110
3931
933
931
1571
2736
6340
8301
9628
4378
8863
1228
1469
2509
2506
2163
5919
1121
3919
2428
9885
9748
3842
815
9381
6877
9949
6696
976
7102
8481
87
7385
9414
7370
8956
8502
63
7257
8130
793
2473
5710
2263
4982
8216
778
901
5690
4697
3329
1927
4445
3524
2742
3826
401
9043
6874
1377
2497
1707
7816
9882
1121
1539
5190
9623
7954
8799
4105
8747
1272
9815
7362
2606
4383
8140
3508
73
2837
3189
2000
3634
6713
1094
7460
3466
6489
686
1196
8986
2393
9012
5220
9866
6903
410
5841
4857
5562
9946
3605
3186
6113
7319
5793
497
5460
5653
6922
4649
5194
5275
8284
8260
2721
2096
1726
9211
2783
2922
4549
1528
8287
9770
1395
5190
6532
7236
48
2094
3535
5
1633
9648
3676
3778
6497
9136
9431
9772
138
977
5047
4774
9237
7768
6870
964
3331
6005
238
7881
7534
8525
7651
5281
3716
535
8869
116
2630
2404
6473
615
8405
149
4393
1254
5638
176
1026
5776
1153
6073
550
391
194
3772
1355
3525
9778
7945
7758
3664
6471
5409
5297
6539
5945
4166
3007
4927
2923
9480
5542
1328
5981
6287
8934
7971
6463
9961
3747
7616
2386
649
8007
8932
4422
5714
8810
552
3660
6568
568
6483
8330
2217
3022
4275
6383
6029
5554
5658
1861
7448
6986
4194
3735
2273
2166
198
2234
5913
4166
4620
2915
2174
9905
3689
4240
8715
4241
7900
5283
1161
4383
3613
3378
3757
4240
6113
6138
6146
1772
7999
3594
5110
8546
3681
7383
712
231
9617
2977
4398
590
5892
6572
495
9581
7164
5562
174
5065
845
7687
5800
811
1065
5910
1403
3531
2048
7550
5303
6400
7496
413
4946
1178
4149
2010
1409
118
4987
2159
7060
880
5083
3907
6813
2248
9469
6988
3665
6667
4675
5817
7478
2093
1727
5233
5624
128
2783
7279
2880
6632
7692
4178
7810
8193
6188
5571
8312
1175
4083
5372
8407
9166
9280
5221
1414
5101
8561
1431
1768
9588
7249
5598
1681
5328
832
3657
5456
9967
936
8336
6599
4981
2514
761
3174
5054
6333
7838
6230
416
3211
989
5934
8843
6210
3701
3944
1123
5132
2065
712
2381
7663
2393
7710
8495
6051
9518
8463
3339
4207
1414
8320
6721
2176
1495
8128
8509
9333
4358
5277
8896
1699
7563
7739
7910
1264
8036
5385
6397
101
6097
5130
4116
4843
9192
8964
7246
8711
3779
585
2918
5193
8906
5991
7369
6753
4119
2230
6086
4829
3859
1335
6529
1423
5426
791
9039
9814
6176
5436
6267
8626
6919
384
3469
6111
9348
715
1174
3127
7652
4092
4672
6558
6436
2042
9663
555
4272
2102
1737
8132
3437
4618
5907
8863
1761
4946
8678
7937
6735
4945
2915
3654
1681
6384
6117
1029
3451
7292
508
1104
7736
5181
4014
4172
3575
3678
1080
4199
5780
2817
8683
9217
3787
4590
4432
5548
5889
9462
9837
2624
4408
2753
2630
2441
9137
5099
9823
8941
2391
331
45
6480
1864
4059
652
1791
4089
8084
5991
9869
7253
4674
5438
1040
5617
9871
6588
1506
5685
2778
482
6445
5531
9464
8887
1020
4563
8710
9961
3307
9041
6
9787
7258
418
6791
9049
4507
4876
1392
729
2129
2419
6167
9522
8036
2390
2462
5894
8076
5240
6376
4521
771
5840
3408
1792
6755
2118
1753
62
7512
8112
9849
1122
8530
6641
6523
9389
7869
7916
118
6350
335
6286
5872
4723
5028
4687
617
3104
9927
3345
3978
7051
5537
7386
8843
8644
5857
6948
8707
9721
1412
8556
843
9942
1549
7366
5684
5770
1634
5802
2121
8321
8440
4345
3044
3469
9032
13
2925
8960
9710
6903
6011
1599
642
1206
244
6499
4506
8951
6220
5919
3859
3415
2213
1761
781
7897
7531
8768
52
9652
7089
4844
350
6486
4665
9382
6499
7591
4694
2562
846
705
4161
1488
8263
4405
4339
9122
9708
6911
5041
3568
326
3606
5329
7460
7856
2860
6228
7908
8865
9669
9104
9215
6155
3770
4949
2655
7713
9644
5217
8559
6701
5730
6400
4965
136
739
4087
6196
4003
5480
9764
4329
9086
1445
8141
3294
658
721
1202
5875
391
6659
1442
6546
429
6391
5553
8142
6035
7122
3053
2737
2853
9453
4054
9341
6545
4493
5537
6900
9973
1654
7581
5411
3099
5723
8706
109
6444
6260
5984
3187
2919
7426
6086
9700
3818
1639
7842
6205
5114
7248
8942
7967
3053
9348
3660
9598
3841
5549
6498
3814
7203
4080
5578
6655
6155
4284
6764
8951
6896
9101
8491
6168
2879
4577
5868
3049
2568
63
9255
7682
7311
4549
2001
364
3898
5661
6315
7739
1211
9165
7906
8414
9597
3484
1421
2104
4120
4538
1056
7368
3639
9547
3536
2870
476
5757
5920
3044
5820
1527
727
9483
2428
2728
6199
6326
4742
8866
418
5953
8032
8324
719
3981
8160
2141
6086
2280
3031
3494
6000
3022
9393
9537
5892
9869
5294
8164
2913
7466
9691
9992
6949
2120
9073
9500
4798
3815
8367
5216
9768
2751
9892
6839
6732
8052
5332
9170
6684
8363
2664
2685
1385
2057
8574
7278
8278
3868
5442
1192
7686
1486
7536
4635
9958
6609
487
4756
424
8854
9973
6544
1605
6217
3384
4690
4270
8716
3860
954
7080
2877
9991
4817
4934
8565
8447
3213
8785
242
757
6471
1728
4645
7458
1686
1255
7946
2794
8031
3152
9119
4576
1110
5337
7960
5800
9607
3028
6012
6913
6460
8889
3257
1278
176
1822
9725
9741
6960
9967
6850
3431
8047
1495
7242
6085
9102
1540
8880
7134
4692
4351
1710
2154
9688
6022
4306
5647
5402
6671
8913
1863
5560
2170
3141
2088
344
9218
1829
7304
5538
5031
7088
3585
2879
682
9671
1981
2222
4903
5467
3266
9254
3529
5421
8943
9551
6079
942
4954
2750
9855
3169
4663
8377
2662
6751
8722
1880
4933
2378
3770
9964
9466
7356
2843
148
3379
1177
8722
8282
6644
8341
7536
174
3762
2831
6077
6193
3774
7383
8944
9981
552
3607
8359
3214
6710
7081
1447
1643
9459
5217
7960
5278
8925
803
1778
2304
1980
6853
586
4977
5194
4475
5151
5308
7306
1228
1501
7432
8612
6797
7414
9164
404
5773
8731
3467
9206
6530
5110
5017
8099
3070
295
7025
226
8426
9329
8558
5279
6268
3535
473
743
8686
2133
4401
9915
3634
1834
4879
432
9248
395
7188
1373
9126
655
579
2008
2118
1948
108
1540
2244
7133
1766
7022
2814
6677
8653
5434
212
5478
6177
5251
7611
579
1518
1245
8765
6397
8029
8013
6792
5218
5738
2271
2225
2669
4279
695
4617
4387
2236
3213
7872
354
235
7039
7031
8888
2473
3596
718
8651
5199
8329
5582
6717
5927
4347
9466
3956
8712
2610
5526
4450
4881
7752
3471
9161
8447
8088
9900
7035
1302
4125
7390
1537
1164
773
6778
3637
721
7496
8640
5920
2178
4222
2637
8105
4921
2103
2061
9985
4714
7588
787
5947
1692
4258
1460
139
2347
1361
3527
3649
1838
917
1538
3002
8042
4668
6639
8764
8517
5280
4684
695
5854
3674
5152
7128
2129
7213
7113
3195
1153
7901
9143
2845
8511
603
9337
858
8316
2864
859
154
133
8750
9508
8175
3418
6148
3291
1935
1428
7976
8982
3634
1650
4134
762
131
7700
7876
3327
8853
2129
2470
1699
6992
9425
7388
7851
4094
252
5062
600
6737
3812
109
4912
7231
6257
8204
5518
4037
2532
853
4023
534
4987
4786
665
2687
9014
3992
7893
7495
2814
9592
4487
2240
3332
8690
2686
3584
3753
3286
6673
3917
9747
1585
7500
2356
6141
3019
6393
5025
224
6769
5559
5211
1555
2577
4251
6921
6569
2144
4416
9384
8088
5255
7976
1420
3946
662
1356
4051
300
8029
7968
48
5966
1821
2404
8460
4840
5150
3485
5064
8271
5397
6627
9826
7974
878
3099
4543
9374
3867
279
7462
9122
4607
5234
9420
1621
2942
3471
1922
971
7792
8322
3290
9613
7078
1750
805
8580
1587
2221
6851
6984
8848
3029
4958
6079
6128
5854
1805
9995
6133
9268
5470
741
854
4890
8714
3797
8362
636
4768
2506
5310
4410
2119
8741
6160
2924
7321
7748
1497
4173
1084
6697
7202
6043
2776
9683
1897
4582
6030
4382
202
1500
1475
1056
6391
190
1205
1105
7178
2326
3611
2489
6736
2082
1230
9249
1358
4903
6997
2855
9076
8081
9552
2631
476
8681
8666
2373
9615
4696
3108
9817
6197
4583
7225
8940
4773
8431
6397
1952
757
6360
793
3845
4794
8375
3094
6152
3278
6443
9007
8707
877
4911
7690
1353
3592
6356
79
3207
1052
3187
9376
3601
7770
2954
8893
8896
7737
1642
7200
4846
8002
4345
8691
2796
2720
1786
5300
2350
8229
4307
1057
5458
5571
8747
6812
9163
1455
3243
8723
2508
6430
4451
2461
552
7405
7707
9448
5142
9349
3000
6340
7352
7345
5032
6500
65
3170
1801
2416
1399
2460
9825
6858
8031
4925
22
7195
6380
3265
2270
8888
6047
6721
7702
6599
4127
5409
2400
5621
4758
5400
1962
8462
2746
3346
1315
9163
6516
3116
7931
4267
5576
7757
7477
9960
2682
7499
3507
5414
7116
5777
4303
3163
2498
8357
6115
2977
3766
8515
4951
4876
267
6913
9691
3013
6611
1006
2177
3127
4122
6460
7394
6050
4217
4872
6010
3251
2371
5869
8666
5840
1646
9321
9003
497
7678
5118
3474
7796
9985
8425
9024
253
1690
8715
3266
8301
9721
1795
7780
195
4608
5175
2598
8825
47
4960
8429
8770
830
7095
962
2476
2768
9966
2973
6798
1436
2800
946
1422
7577
9970
8027
5620
5038
7645
273
1111
5793
8054
1307
401
3229
257
5578
9628
5217
4007
4750
6047
7454
5713
4876
222
2031
4201
7020
3467
7001
7966
1241
931
4289
9268
6551
9327
3266
6824
6790
9059
1230
8097
9460
811
8354
5038
439
9924
9046
1542
5971
6500
7255
847
3075
9286
5049
95
9105
8402
4414
347
9333
5055
5967
2236
4382
9233
5413
1172
4644
6643
5622
4104
3807
328
5495
4246
252
4541
5788
2576
7393
9395
3423
468
5033
4824
6916
4139
9579
7682
838
5264
2737
3157
7501
3471
8743
9266
995
3387
2261
6617
7492
6068
3298
2987
6667
9902
3880
8807
2478
7625
8203
2254
4446
9588
7078
7714
3727
3009
5396
4565
8274
4485
4075
2127
7956
2818
7745
8951
6205
6
1921
3697
2427
5219
3036
9094
5121
3268
4253
7600
7246
8808
9854
1692
8397
3284
5758
2124
6294
1154
3042
920
5639
7117
3047
9947
9935
792
8898
2492
7150
7171
2542
9577
2390
1930
5023
3864
5199
5629
7816
2445
4437
4022
489
2834
7306
6247
1311
9952
3753
705
872
5744
4174
271
2043
461
7415
941
2953
4566
8113
5495
495
6855
7426
1871
7071
8977
7500
4887
7774
8289
8909
4615
7476
2568
862
8787
8872
967
5844
6097
3063
6370
6368
5106
6831
136
2399
6136
1054
6864
1632
1549
3720
5410
9772
7143
739
7272
2031
8513
5562
7292
3128
3038
6212
342
8177
5085
7661
373
1182
724
6743
3902
5830
3574
4038
8229
9710
5092
1446
7694
2994
5166
9456
2766
2309
6547
6391
692
5060
8305
7985
4540
1343
4197
1234
5872
5634
8895
6245
3168
5971
2988
7071
8153
2914
7461
2735
8976
8906
4181
6671
8252
5699
2479
1018
4360
9027
3761
5053
439
2066
9390
1332
9761
9939
2566
5633
1926
7814
8230
5094
3785
1218
2165
8291
484
5979
1026
9461
4885
5207
2484
3137
906
4963
507
5266
342
4269
6671
782
2687
2413
8466
2449
2353
1032
4434
631
5198
2665
5725
8984
3883
7891
7275
4368
222
4653
181
5107
9860
2665
4596
7118
3980
5103
2384
4323
5724
5408
1457
4764
7821
9923
7213
6526
7307
7999
7157
2506
664
2883
7842
900
7126
1469
5268
7348
6122
5449
8807
5982
4466
3403
3100
8446
4858
1836
2769
6935
3596
578
8051
1418
6853
5264
4296
4161
3263
7806
6667
280
689
861
1180
4167
2330
6448
7867
8452
8249
6674
4434
9067
6429
3886
7513
7639
2074
6635
926
5671
7213
8977
7089
4067
4241
7737
4580
3857
5543
7599
4137
2584
8460
5317
6751
790
8117
970
9242
2718
3996
28
1785
425
3914
5650
4417
5988
2285
5343
1659
5851
4321
5100
6270
4914
2838
850
8771
8381
8449
9260
7318
3261
929
421
4051
5398
1392
3293
4468
5388
9673
2605
2166
3587
8256
6583
5927
6893
8278
7587
2744
2599
9039
9014
7514
1877
6216
2637
6611
1017
8250
281
4278
9179
702
4681
930
2094
7974
1750
3835
3999
4356
2353
7586
2612
5288
3514
5857
3566
7453
8602
6166
6492
3968
3680
4722
6537
2669
7685
7554
919
7966
1833
6451
8668
2866
7381
7115
841
5483
7302
1192
9839
9655
8779
8803
4943
8645
4661
4861
2450
9615
1027
8942
3583
1059
16
120
3729
7701
4027
1000
2019
2212
7451
688
5078
1184
4155
2271
6668
1457
3464
2859
7464
8595
1663
8759
7240
6324
3620
9690
2291
4648
4984
5874
2059
1353
2347
2140
5406
6374
3141
7426
4938
6944
4466
16
8129
8621
2288
1149
6430
5752
4008
3894
4347
5671
9005
7939
8347
2625
3981
638
3625
5317
2865
5685
6670
5212
4177
2077
7938
7318
9503
2876
4263
321
9244
8744
8942
1532
9893
1724
3636
253
1970
4335
2277
975
8626
624
9952
2607
7615
3578
7925
480
5615
947
2044
9792
3024
6334
7111
8879
5562
7726
9200
4806
6470
4494
2691
2715
2570
2679
9320
4540
7015
1597
1867
1993
2222
1820
4601
6189
1750
8878
6669
7365
6177
5065
3509
9202
7751
6972
4433
3313
4698
9986
4471
7520
4480
3514
6587
7051
6194
5908
7943
9561
7505
9811
1554
6079
7983
2507
2268
9733
1385
5289
7098
7563
6706
607
3117
4457
7580
3902
7770
8630
3888
8594
2503
4721
2108
9090
8124
8302
1350
6067
7863
8856
2230
5770
1287
6565
8277
3556
6298
6015
5197
9748
9930
1904
6708
9399
6361
640
3301
484
9270
7190
9078
8125
8263
7538
7216
6387
2193
8566
8806
6408
3774
1037
2178
5062
7602
456
4970
253
2823
167
1
2753
8423
3061
2152
4785
3701
5453
1621
9324
8995
699
7449
7258
4589
1017
3645
6782
5936
8804
3191
6062
6193
5369
7476
147
2177
2446
400
5000
8966
6754
4105
7389
9815
6257
8526
9869
8063
147
5545
3410
7198
2994
669
1788
364
666
4922
2652
9470
8113
8714
2015
9835
6191
2163
2012
4989
2563
3365
307
5669
7470
4049
1837
80
2575
1706
8143
9075
7251
1553
2625
6597
8574
765
6961
5593
5688
5965
1415
153
4680
3431
9988
7223
5594
2001
2212
4509
5366
2520
179
9188
2921
8368
9268
1848
74
7411
923
3677
5317
9901
6626
243
666
9940
5836
2706
5905
7252
2860
585
683
2848
7808
2629
1201
6373
7138
2919
5245
3669
2108
8166
8389
1376
14
4815
5140
7290
8492
6809
7191
5119
7052
7857
5059
9241
6916
964
6493
9776
7902
3528
8976
2062
6157
178
8435
9647
3097
3680
9669
1557
8198
4410
2934
8213
9226
4426
5503
7718
1235
9046
9189
4639
6903
600
3880
171
7917
373
9947
5819
253
5276
4233
2762
5454
2669
8762
4903
2701
4783
6461
900
9193
5747
5465
8419
173
7320
6138
1408
6366
1679
2399
9621
2280
6280
9793
197
3005
6092
2368
3259
1368
6601
6021
3174
5622
1135
4430
8324
5918
7243
5576
5112
2990
7393
3531
3163
4713
6021
923
1079
7701
3322
700
6333
5954
6845
2882
8960
2938
5250
2219
658
1851
4592
185
7474
2080
4615
2150
7998
1858
4078
3110
1200
1471
2994
4363
6184
5367
1638
3615
9420
1312
667
5753
7267
7513
8635
2579
6803
237
1150
7461
2089
2094
7646
5915
4174
8613
4417
2173
6823
8495
1635
8023
9966
4629
8738
6150
9997
376
9765
9417
8041
432
1523
1660
4297
6510
4239
1100
6748
1741
4914
8837
3835
8912
1104
8010
7526
5521
183
4349
368
8170
8725
334
9152
7463
2836
9149
4192
2601
4918
8585
9385
2793
245
3683
9304
836
1135
6052
2577
6049
1241
6412
4962
8697
774
2488
570
957
3189
938
5480
8266
1272
4632
5730
4108
133
6274
3061
1403
4859
8798
4197
1456
2481
9853
2292
3617
5905
1221
6018
3498
3985
980
2195
4760
9820
9117
2069
9362
55
7549
7628
1327
2181
9710
1787
2314
5984
1200
3718
7195
9998
4267
8651
2480
4120
7295
2449
25
4868
8467
9875
8854
5800
8422
9966
5620
7539
2035
4982
7594
5937
8963
5273
8118
8673
3412
6785
1010
4612
6855
8205
4610
1122
3209
3442
5242
6856
5891
1619
1725
711
7846
6931
6511
6268
6897
2131
3807
5284
3466
1401
1221
2429
3026
5692
7454
6438
2477
4816
1050
5684
9374
5660
6806
2583
9103
8400
5791
1346
6371
7516
2057
4217
799
4920
485
7696
3404
644
2981
3222
2045
554
5651
5071
6246
9457
1509
5075
4274
2559
759
3648
4571
3917
2583
3674
8669
8374
5021
1392
2243
3430
5609
3042
8351
2446
7091
8107
3090
6424
1329
1487
6978
3332
2910
3225
2789
4419
4652
3415
3330
1764
3415
4254
5681
5998
7928
703
725
9301
2095
9320
9084
7705
2362
3787
6503
5805
1894
5946
2229
3223
7433
9208
2907
344
8785
2048
1115
9789
5464
798
1553
5231
5052
7235
7582
9332
7938
8307
8634
33
3979
4070
4090
2693
7857
6946
8499
6103
2892
728
5678
325
6288
8585
7021
1425
633
4489
1215
6097
5287
2768
1329
6691
6355
8911
6023
645
3570
1009
7031
7549
5079
7473
242
9288
4419
5093
5391
7311
5822
1069
3989
8462
9654
7362
6240
6640
1851
3807
9089
3490
2927
418
181
9283
5681
6205
6280
5603
3566
9663
9504
4998
7137
6099
4286
7908
1192
6030
1572
3366
3451
5561
1829
3106
9275
4421
6098
1127
8228
5187
4617
1155
1958
4799
6790
3991
7356
9423
9595
7274
9086
9099
2272
2575
5198
2911
484
2743
8941
2056
6109
8744
3969
7938
1850
3244
8711
4300
4371
6939
9488
5341
8095
1446
6492
1237
5437
3848
660
1384
1122
9747
484
9747
8674
2034
2658
9158
4777
7951
7566
887
6695
1535
5177
4898
1132
3889
9198
1855
7180
5038
7196
1627
6484
3688
2865
1922
3888
9877
3306
5011
5976
142
1110
4651
8529
120
3809
9658
4423
1376
6897
7470
9263
8427
8720
395
8668
4271
8603
5848
9309
5799
7476
5794
9488
6693
4068
3376
6570
3726
4739
2547
221
2201
7198
8750
2321
7359
4760
3096
5087
8010
567
703
6437
9287
7450
5105
3558
6053
7305
9220
1853
1133
5014
7693
4178
5434
7421
749
5512
8513
9648
5733
7066
3198
835
5740
6909
5596
8836
1997
9958
5755
9052
6395
5043
6502
7852
4953
8908
1509
525
7113
2643
1891
4806
6821
7325
8579
3922
2838
3444
3570
4923
511
3120
5759
6251
30
7707
5087
8379
7665
7195
3783
412
2238
285
8264
3543
5545
6125
4069
2658
8768
2312
3816
1942
9638
8748
2216
8828
2192
5787
3751
9055
5259
5862
5306
1641
3569
6746
20
7586
3941
3803
7998
2531
441
2614
2426
2338
8740
2847
4997
3860
5160
8813
5802
1150
7561
8019
9978
6106
158
81
5161
1769
5944
6820
3411
5865
3566
9783
3452
3859
3587
1450
6390
380
417
5168
2718
9157
8016
4067
3017
3176
2881
5172
4326
6794
9543
656
9252
6053
737
4414
7822
3033
1234
7585
8899
1152
7369
8703
5011
7308
6505
7753
7688
6922
2921
6758
6079
937
826
5449
465
59
621
4791
3205
6516
1799
2458
2569
8889
3224
6743
1922
4458
4329
7173
5610
1698
2228
6973
9006
8734
4726
3046
2008
7647
9804
8088
4937
6982
9889
5402
7041
6862
194
6599
3378
8345
5409
2299
7234
8633
9042
5509
9443
9723
9034
1405
1421
1263
8378
6779
6349
3104
9825
8357
7103
5982
2797
2040
2964
2686
7443
6358
9548
3989
2957
9278
2334
8366
1577
5921
3351
6972
7782
2794
6695
6816
4199
4469
4431
2577
1248
7132
2033
1074
5490
5488
7056
4639
7529
20
3678
1324
2730
9578
1665
2039
8857
351
6757
6786
6272
108
110
406
2902
6806
7223
3453
1275
8006
2382
8875
5139
4415
9949
6981
6256
3357
7972
137
9730
1650
1461
2460
1229
9478
4500
86
9829
1257
3224
2454
1366
3335
2860
620
6493
83
4074
4120
4442
6456
2995
5933
7224
2945
2914
9832
6302
886
9969
6032
8889
1430
4845
118
908
9345
204
7089
6954
9780
9543
4672
3115
2404
5293
9608
8839
5719
3728
3281
8527
6724
5566
2103
6021
4832
1935
8675
2071
1904
1060
960
9686
5905
1078
6946
1602
7634
4036
8556
7414
9931
3229
530
2335
4874
6490
7527
6945
6571
7160
1824
3295
2727
3928
5668
7559
2215
4343
9630
4120
1755
590
158
7660
8020
3457
5614
5654
7493
4171
9421
3776
3752
9951
6112
4978
2793
9991
8275
9364
7151
99
9011
9878
379
4679
3790
2595
5375
9772
3067
3482
363
3225
7495
4735
6682
3109
390
527
3632
9811
4304
7384
6114
6768
8714
5259
6759
6989
4624
3910
7089
9987
141
7468
1019
3931
63
6394
3703
9482
6228
418
2708
3723
1506
5742
6833
1896
6270
465
8059
6926
4202
525
46
2916
5784
6805
9906
6760
7067
3347
6748
3560
815
7767
7491
7231
513
7547
6713
6741
4317
5773
6817
5823
1516
2
4071
4138
467
8482
7416
1021
9007
7462
290
1144
619
196
4256
7686
9895
1004
7599
7062
5123
1442
4293
1988
8989
7359
8730
9659
3132
1899
5482
1000
1901
5906
1490
8720
4388
8906
9742
9748
6368
32
7244
3339
6580
1500
7378
2827
8857
4977
9889
332
6419
4183
2321
1761
7894
7403
1420
7378
9302
3254
8379
1203
9160
9869
6275
9901
5128
6017
9649
7848
2401
3245
1188
5333
4745
8566
8160
9954
3543
8050
287
9962
8585
8960
8075
6479
6363
9495
3857
5665
2750
8588
3220
8262
4810
9495
8163
9938
1865
4164
7786
618
7409
8974
5952
2155
7540
464
8461
7435
4866
5100
3750
3451
4060
1825
6282
423
1321
6492
2440
423
5080
2012
8685
6242
7860
3201
6180
6077
7365
3967
6695
4775
9293
8999
3282
3186
5816
1743
621
682
3196
723
486
7256
2549
6768
7680
222
3260
6472
645
4693
8485
5682
7287
6345
8883
3468
2422
2601
3787
5469
7376
3080
4469
7010
2618
285
5105
3240
7319
8301
315
7805
5558
2864
4574
3238
3086
4186
6062
83
5231
4547
5766
2519
7244
1001
2339
6018
9954
6126
7840
7330
5558
8661
4340
4529
5298
9446
4121
2617
7747
4436
423
9657
7301
1349
9247
6739
1887
5310
6823
3471
6209
8941
5990
9806
6294
4681
5824
6249
807
16
3579
2717
8677
4272
7246
3975
70
1367
6593
4169
5804
3368
3827
9457
4717
9426
6196
6604
4736
3019
6427
946
8312
2417
752
4607
7098
2928
856
4257
2945
787
3327
1622
1411
6925
1950
7833
4645
8543
2003
6801
1911
2182
6258
2980
1608
8806
5936
2697
8178
2364
9995
6490
1133
747
1097
4584
27
8305
5193
9324
9093
4872
7299
6856
1798
9249
4690
2795
7792
3045
9596
6055
5227
2206
9035
3187
1012
1323
2236
9190
3687
2231
5681
1173
9330
3130
5757
9358
1436
950
5034
6881
5823
2333
3737
3973
1582
8427
6768
5726
1472
6364
1781
3051
8570
7168
2591
5934
8492
4827
5125
8531
3411
7158
9704
2741
288
1813
8451
1724
2764
3486
8605
4939
2171
8695
8912
3754
7122
2032
9480
4947
4748
1262
4350
3318
4782
6941
5604
9626
8121
729
8158
1532
4239
4214
625
4528
6028
9077
2604
5144
8915
1210
6435
1086
9905
1699
4840
3379
3731
673
8326
8479
8287
9029
8149
3069
5970
3753
2696
443
835
7206
1975
5074
1420
2601
9602
3800
8030
2207
5296
6945
9769
1731
8031
6026
3430
9224
5757
7161
9897
436
1992
4536
9465
141
7605
1787
247
6653
2231
1082
3859
4206
2508
1632
3159
8463
1784
1189
7022
7081
8134
6791
8812
2518
9169
2243
1742
4926
5756
7991
1714
4101
2527
1179
594
6484
2967
841
3138
5198
8275
3349
5756
784
1333
8916
9247
3118
105
6269
199
8240
9412
9011
7110
4933
7606
5204
6211
9715
3195
7926
168
2074
5457
762
4910
8424
7956
8048
9974
6231
7750
5731
3367
9083
999
8966
8553
1104
1587
8752
5696
7351
4116
2806
8636
8074
8010
4848
4141
7557
9126
4309
5983
4583
1424
894
9360
9380
8942
9334
1963
3044
1417
5331
8480
2416
649
7033
9873
8589
2138
5569
2292
2606
4728
929
680
2738
5777
1174
6648
4903
5483
2631
5838
6907
3525
5198
2639
8820
885
4603
1864
8654
6286
6696
1071
6935
3730
7296
1876
2220
2865
4169
4826
7593
5098
1858
6684
7227
3032
3332
2130
8516
2315
4320
1775
5841
9519
4415
1013
6756
5370
9229
5410
1656
5926
2833
4943
6008
129
6820
8228
9347
7341
9406
3292
2439
1264
9976
6018
4297
9660
4500
9165
8328
8820
7292
4169
4691
8059
5182
1447
3429
763
3210
5085
6689
6043
29
9049
2525
3201
7277
8224
542
6683
1516
9333
4300
7845
5351
8597
7505
6203
4114
2185
5023
1406
6354
9715
9466
7888
1162
2895
8652
724
4333
1693
3120
714
743
1997
3915
4372
221
809
7408
1737
6494
1708
5934
8197
305
9792
4400
4419
1977
9423
2177
8332
5490
1643
2572
3005
891
7576
3729
5224
5622
6849
5938
6365
8846
6205
7089
9067
7014
4497
7157
9860
6205
3091
8057
2862
2883
8809
7281
4861
4584
9459
9545
75
7454
8469
3080
8345
6046
3161
3569
1668
11
5859
4385
5209
2064
1474
629
9078
2324
4138
5290
8529
7229
3347
1392
6465
8508
5025
7678
3093
836
7223
9520
8291
2044
8952
6636
8090
2113
6558
6110
8476
2417
6847
3686
4482
4674
667
9912
6998
4805
5203
1879
8386
4902
3271
4851
9763
4649
8881
2856
5485
6104
8728
3776
4501
7680
6765
2591
9793
9675
5054
8270
2092
8253
8308
2926
9279
8975
9191
6277
3780
746
4509
2166
2000
7780
3370
1763
2429
2251
971
7915
4708
9699
8043
9209
7379
4808
8152
3525
835
9558
1795
2928
4164
6455
2206
3443
5430
1397
6073
5562
8495
582
4080
496
4714
7450
2259
3496
6054
9583
7763
7114
5634
5806
2675
3014
6967
7179
2891
7802
6738
4686
7082
7254
1141
5641
697
2923
3390
6770
8485
1886
3704
2565
2382
8419
6368
993
8267
2422
6928
6030
5888
2563
8188
8563
1929
1507
5742
4820
5662
8832
5858
2744
6086
3351
4737
6784
6274
8128
9906
1111
14
9963
3676
8748
4734
44
6093
3001
8818
3022
5383
4706
5585
3571
9621
3866
1431
5364
8686
7093
4196
4544
6189
283
4247
927
3419
521
9055
9677
1632
5421
9640
1660
4169
4374
8057
262
3727
3227
9636
9110
4286
1573
9034
3907
5439
465
9271
477
3910
9820
1373
99
6455
5620
1026
9874
2493
6433
9551
477
1854
5544
8490
6023
6270
6547
2638
9998
6126
8626
5460
412
200
4494
4320
1991
1311
9943
2469
5221
9763
194
5321
6218
5815
2699
2444
4660
9133
8348
5138
987
3892
9980
3363
162
6527
2353
6512
2653
979
8325
9418
7531
9171
3738
9523
483
3681
8344
2056
9797
4890
3729
6015
705
6429
8460
1718
1914
6808
3208
9253
7052
3188
8968
3566
6067
1321
6431
5072
8653
4756
4490
6184
3927
8228
2059
4410
8262
6755
2819
8059
1646
6548
426
8703
2977
5238
421
1243
8398
3629
497
5450
3169
9465
5369
9236
7139
1800
4309
5792
6556
8799
1976
483
3380
388
1246
1642
7143
4065
6053
8789
6965
6479
7493
9943
1718
7914
7538
116
7896
8035
1919
1065
3853
7288
6654
992
9088
7315
6784
1996
6114
5112
8831
5846
5500
77
7488
2644
494
3541
1433
7460
6373
8926
3755
8091
3193
7645
4559
1089
5681
6478
8506
9534
3766
5160
6878
9206
2475
3662
1202
4942
5126
6386
788
627
2815
4629
9623
3310
4522
1056
7122
7247
6335
7229
5338
9528
4874
9898
6969
6907
2728
1827
2793
2847
3340
9671
2053
2167
9685
9608
7109
4812
5994
4250
1791
8809
5231
1414
8471
6105
8822
1945
3353
5157
5526
5043
1037
6753
1293
4358
3660
4022
6186
2806
6869
9526
8829
5274
1693
8515
1234
5155
9679
7228
5757
7822
2390
7340
9236
7213
3445
8058
5511
3150
9568
7389
8194
6957
4142
9487
1316
4155
9861
3854
6961
3082
9732
2142
8357
1425
657
9591
2932
6688
3172
5041
4510
1914
2381
98
5479
2179
4509
7342
5329
429
4732
9875
7386
5226
5715
5054
9381
5576
8908
2694
8659
8640
4837
7016
6418
1846
2959
5702
4887
2483
744
5749
749
9477
5848
6229
1656
6709
3571
3338
7138
4655
3213
4524
9882
8928
9579
5615
4505
4839
8310
9516
3480
9499
2884
6250
7697
5843
1952
2584
4679
2696
4686
5428
2174
534
1657
182
3595
1581
3520
733
6236
3086
1609
2470
2014
7540
8086
2871
2380
6396
8739
2212
2247
1623
8462
9944
3819
6766
8881
8498
5815
3567
3926
4341
453
1936
4523
4048
9869
8044
4781
2457
1130
2742
4928
9496
283
3014
8720
9015
5762
7459
7579
8009
9083
2393
4305
2902
9159
3186
7752
4974
6753
8030
9315
3558
6318
191
7606
6187
4587
8739
4997
2069
1482
9925
1565
8117
9291
6637
7132
5053
4097
4711
9414
3180
3456
3719
2434
2615
3258
6538
3942
6363
4568
9609
9922
887
9800
3880
3426
739
2620
4775
2808
454
4700
726
4923
343
7363
8407
5396
1460
9470
1162
992
2926
1234
9778
5541
844
6316
5835
7207
7237
5445
3481
4476
1597
7362
4254
2337
6334
9030
5145
3140
3730
2223
8063
4074
9587
6470
5822
7399
5940
3337
4744
5218
4571
874
759
5415
3543
6595
8974
780
8392
2456
1608
9989
6170
5862
2326
8856
4892
3824
1996
4975
2399
6411
5401
8338
9233
7575
5738
1525
912
6834
6743
1835
4060
3854
3602
7603
6801
8929
4735
5193
1385
6343
1535
3907
2206
213
2763
3450
4037
1111
8425
6437
7522
3826
1127
6755
7754
6865
8280
8666
51
1375
6854
4112
5229
456
8067
2031
9385
2803
3576
7122
9146
5111
7381
7704
5325
6496
1155
5714
7607
5932
8503
1481
6111
9631
4588
3865
2848
9220
8883
9252
595
5737
9716
5825
2546
7783
4208
8283
6938
4136
1758
2437
9248
9139
141
925
5636
7648
6639
9595
3581
1495
1077
9692
1126
5665
3557
326
4886
2440
9578
1833
4530
9294
4010
3428
3430
8218
1711
368
2355
9821
2805
7955
5313
9299
8880
949
6947
1871
6896
6880
3366
4325
6572
844
6343
6481
1171
1229
5274
749
9414
6156
6396
3425
9584
9826
7995
7647
6546
6702
7469
9352
1009
2782
5003
9889
83
1950
8113
6979
8831
1479
1305
1755
2324
7648
4589
9847
5229
9863
596
995
6019
6992
4420
1955
3170
8768
9602
9717
5470
7071
5421
6480
9853
424
2721
6288
8726
834
3268
3909
8666
925
5665
7342
4925
6606
7189
6506
6469
7785
7501
8840
1130
8274
795
652
3394
6749
369
5216
3821
2142
1696
26
2566
770
6315
1293
7956
5935
5202
6622
6860
7219
3964
8137
3825
7505
995
6646
5291
8496
1838
2773
3122
8985
3425
6516
5735
147
1733
9556
2289
9781
5934
1208
6903
2249
8853
4860
8184
407
7834
1396
3979
8151
5885
4156
5656
6880
803
7299
1729
8993
6424
4851
7979
6202
7720
3714
6349
9453
9622
4990
5586
5556
2550
8842
4158
1403
3702
8694
8163
7888
91
2142
2391
5976
6298
4400
9209
3453
8051
938
2447
4476
5789
426
678
9861
492
3379
5666
6466
4721
1253
8374
7272
95
8884
5027
149
7579
3190
4389
4022
1684
6781
6350
7983
7533
5559
1436
5584
6497
235
60
8639
661
7090
8500
7505
469
4167
323
1543
1772
8698
8815
8219
3934
194
8368
1513
9737
9109
5535
1421
2242
8238
9404
9775
3797
7193
5360
6647
7428
1772
5286
4442
8863
138
8299
5684
4305
8623
7227
2429
3673
2394
648
7607
2589
9016
5473
8678
4478
1008
99
6720
5598
5856
6496
9396
9401
8208
6043
6829
6332
7681
7623
5195
7819
5923
7232
8477
898
4459
906
923
6854
1555
4882
5795
6923
355
4473
1401
7716
924
8122
3314
6780
970
9062
2533
5530
5105
5715
1862
9138
3338
3410
6958
5613
642
1787
2863
5101
2693
3786
8307
600
5021
454
7524
5376
4927
5277
9444
2204
9751
2759
5336
721
1821
7870
6251
3279
3585
4466
8769
6923
7876
2079
8889
8518
3866
1752
9971
6560
1891
4631
3512
6912
5085
1036
8640
13
6314
8085
8569
6065
7196
3905
3139
5369
1775
5742
5000
5360
208
3770
8636
4436
5849
7525
2954
6068
5629
9278
2628
3872
3909
2492
784
8994
3529
5777
5359
6195
3862
3928
8612
7410
7834
8103
2779
5961
3846
7780
1322
406
1550
6310
4843
3751
187
4149
9819
2168
3427
8799
6041
7336
1292
3177
2683
1173
8954
8042
3720
9168
1971
2332
6578
6157
6788
9358
2118
634
3490
9792
7392
1392
6102
8587
5143
2641
9089
1315
4810
2516
6466
851
6205
7758
4028
8888
5283
9335
3282
9003
8503
1605
7688
1434
7762
4476
7144
9881
1462
634
6025
8854
2026
2128
3794
3521
4769
2883
1188
5931
1751
7655
6782
7956
1765
7163
3196
7049
6498
6479
2404
1353
8084
92
9139
2199
4568
6283
8432
6030
3269
4457
1237
1647
2937
5031
5169
4059
4266
2709
9990
6017
6716
6773
3974
8482
288
3522
1883
6786
1
639
4491
4438
732
3631
6637
1652
6266
1421
4035
9536
5878
5272
1183
8816
6655
2704
9227
921
5414
9217
6938
8482
2342
7264
6964
2630
7139
5199
5768
3492
2191
6612
7930
2923
243
919
927
2861
8692
4962
2397
4571
234
3581
9739
3241
2637
8966
514
4403
4535
3805
2886
6878
1069
6202
5860
4560
7754
1629
8053
9945
8241
2335
2868
4836
9607
3795
7697
8299
5110
6447
2870
5344
6380
8961
4938
9017
4279
5452
3421
8815
9257
6307
2045
6679
8861
7905
1239
6615
5886
9292
6560
4127
7980
9428
5315
7587
9576
9365
5886
4686
5812
5109
6382
8544
4070
7672
7561
8350
3125
7334
3517
8734
3641
5562
5413
2503
3467
3005
9118
9354
8649
2031
9833
6629
1459
1501
4216
7387
866
103
8425
3030
5212
1160
1574
5634
8832
9135
3984
1957
6470
3853
692
6463
9415
2457
5318
9235
5462
789
8589
4112
2820
4774
741
631
6275
1310
4371
3493
1413
2796
6523
2977
308
8097
4963
9141
3585
5300
7450
6407
9153
4494
9222
8569
6952
893
7804
8766
1682
2745
9230
854
7519
6324
7837
147
7634
2208
3640
5399
1357
164
4728
1665
4613
9691
7158
8198
4991
4609
957
4145
5455
180
2714
8759
1073
6870
7526
9107
5967
3108
9961
3486
9432
4150
9985
7066
6359
3626
8817
4068
142
3545
5733
4755
3237
9244
9306
8228
205
263
8725
5660
6795
7791
4420
4220
4661
8298
3327
6980
1406
9640
467
7191
3791
6804
4257
6502
430
3075
570
572
2972
2655
5328
6209
8251
986
790
8456
1249
5867
4117
4397
3659
8537
8617
4672
3187
8297
1653
945
4289
8472
8136
8080
5276
2394
934
2059
1821
7856
2631
1145
6864
4311
7355
5115
5297
4497
3572
2899
364
7689
3648
375
2578
2265
5048
2117
6914
3053
3062
1204
1525
1199
5636
3153
9945
6571
5212
8118
779
4196
9263
7643
8507
2970
2759
157
7467
2683
9408
4184
372
3056
911
9302
1673
5959
1419
8588
5364
833
6144
3241
2032
1780
6395
1977
4703
7959
6447
5483
2155
5711
9478
7015
8681
8589
3524
2501
1272
2932
6685
7996
2340
7596
7298
365
9908
5069
8953
1624
5903
1449
4866
4287
3230
1261
2617
4285
5572
9064
6120
7728
4775
5599
1095
9809
540
4619
2310
1813
3903
5347
6161
6243
9295
9812
6608
9203
4881
1914
828
7136
3363
2046
1424
2945
3307
4041
3583
8879
3105
9703
2959
7881
1654
4054
7690
2195
8673
6352
360
8928
1699
6521
5171
994
6333
8132
6550
1215
46
3730
4703
9761
5776
6127
9059
5435
168
2642
666
9626
8697
3626
3859
352
4032
7901
2547
9058
4253
2907
7986
5952
5780
9510
3298
2114
7642
9848
9681
4040
3578
4384
153
5706
6864
9212
1141
7032
8206
1808
3010
6904
1786
6869
7256
5818
4770
6155
1228
9023
5414
9215
1327
1194
8725
4626
9660
2719
826
9341
6759
757
78
6912
6463
6942
2477
3957
326
683
5765
3337
7587
3903
206
1195
6073
1329
7350
7302
352
2764
2869
8032
3959
1594
9010
3619
665
9836
9313
7424
593
9391
688
3409
2685
3165
7366
3011
201
9483
2700
7788
3386
9259
8984
9459
588
2686
3113
7292
5451
5982
5324
5762
3928
4334
5733
4593
523
5046
8369
1116
789
9058
877
9826
8575
8243
2838
8776
7726
1890
6565
7464
1149
1901
6924
1737
4587
37
9030
6390
2372
706
8504
6300
1393
4238
894
1916
5636
9263
3032
2778
8321
3910
2604
6897
8505
1794
5673
2584
3685
8590
48
4834
6843
3324
2924
1431
9714
8306
4173
2086
5364
2678
8386
6757
3268
9280
8673
8904
8544
8058
8034
3217
1968
639
6466
6825
2433
8492
9409
2470
3434
9458
3657
278
2782
2933
8061
2496
1239
2234
4582
2955
1264
2969
9713
4532
8601
8386
3437
3497
6444
7823
3067
4764
8462
9533
7942
7248
4377
7351
6070
7812
3161
9727
8090
5944
2660
2503
4792
251
4737
5727
3207
6002
5048
9272
6886
1
7658
6675
3499
455
4499
6566
1571
2961
2451
9513
6561
3181
6865
2632
993
26
8711
5435
2322
7724
7938
3467
7975
9027
9194
7534
1381
594
3158
8268
595
817
4943
4094
7624
9442
7012
9195
8756
5816
5061
5317
8997
1926
4301
9990
8304
3013
1777
627
737
9715
4094
5064
5094
9640
2599
6476
234
5757
4744
7181
2926
9687
1276
6902
5482
4640
2450
4238
456
7511
5907
9453
9437
209
5795
4093
3222
3924
4720
3959
3639
5166
5375
5086
1158
7974
1562
7744
84
6306
4926
9362
2345
2554
2617
7827
7194
5067
8417
4003
2578
4325
9808
2015
886
5604
6108
4108
5880
7181
4419
5872
8699
9794
958
6210
4121
2520
3954
557
8826
5232
6271
1171
7786
8888
5351
4981
3955
3768
5336
6533
4445
5144
4900
5331
7100
7361
9439
2981
894
210
8853
5945
6357
9811
2155
478
2331
6110
7387
7509
7694
3658
5032
5481
8899
6735
6814
2854
504
2150
5740
4949
7294
640
6633
747
4353
6072
3728
5247
2635
8933
1193
8992
5096
9700
5822
3779
2162
9561
1288
9857
9571
2672
5338
8470
9408
2152
7677
6264
654
3417
1213
4300
409
7846
5047
4763
271
5127
6362
9258
412
3907
4602
5508
3608
6776
9287
5770
6337
575
1979
2260
9600
7317
731
9008
5821
4760
5272
2827
8177
2837
7128
4938
7036
8527
6053
3659
7
2416
9269
419
2675
3871
5928
2635
647
5215
4758
3336
2143
6737
5596
8095
4055
2679
7103
6228
7439
8727
5408
1968
7916
8888
6907
4952
7415
2960
4963
3774
1728
4232
4194
4404
4455
6474
7039
5102
8041
1797
4790
6536
4887
6739
4631
5294
5770
1734
1522
9562
6813
3282
1530
4730
2170
4789
6034
5938
4102
7350
9712
5830
1582
258
6586
6038
3084
9978
7492
1126
8127
8635
7662
3014
1726
2294
8308
7496
380
6183
7058
7194
9465
4941
8276
7988
9730
4310
3926
3832
8012
3638
6015
5947
249
8953
1985
3333
8931
5829
4459
3411
816
8474
2777
2542
768
7438
6391
1148
3621
3449
4694
9438
8390
2970
7426
4473
3633
7704
4657
1645
1343
672
7592
7944
9626
5929
1277
4909
8111
2089
8320
5279
563
1098
7822
7683
8536
4213
8831
8509
4014
9878
4299
8757
2848
8078
3230
2833
5782
7887
831
3477
4912
4775
1421
890
7057
9051
5799
5168
1140
472
447
8055
1570
4621
5738
6458
8834
921
1319
9201
799
5618
7958
0
48
7540
2833
5831
1779
3664
5660
6691
4792
3434
7581
1849
2485
9733
7017
9977
205
3816
8032
8127
8438
122
937
3624
1043
2256
9177
1843
7874
7135
8195
4275
4675
1028
106
6455
1045
2118
9498
5837
5552
3432
7686
4389
9517
1055
4366
9722
4871
8750
4201
9661
5224
5138
9638
6268
3746
8815
4463
7972
2303
2658
2247
3330
38
2353
6137
1083
824
5636
3272
6376
5420
958
766
4937
8365
1484
1011
9589
6587
1564
5602
1811
6702
5240
4431
6800
408
8894
4772
9063
7904
7020
2393
7943
5725
8531
5378
6549
519
8651
2926
2291
5961
44
3580
679
1528
4591
268
4467
6155
5870
6279
9209
7463
7062
6009
4223
5957
7133
3286
213
4153
2031
4508
9879
562
9887
6428
7433
4890
5706
9724
7203
5750
3304
7882
3631
4247
4502
8098
6754
373
729
2315
4188
7792
4676
8411
101
1810
1697
6666
5963
3728
1175
5842
643
7414
8623
4428
8656
4329
4153
5859
80
3809
94
63
4409
4596
4513
1163
1321
5243
3479
5509
9387
4507
3920
9488
6317
1969
6154
2281
2050
3681
4475
9045
1095
3098
3473
9751
3780
3978
1963
3860
4140
8409
275
8549
3005
4788
6064
679
31
9543
6188
5770
403
6461
1610
6720
4782
4117
5353
6832
7798
9829
5877
5246
9279
5703
4997
3059
9681
3312
3271
173
1721
3546
8722
1079
8335
4787
1758
4718
682
4298
6841
1085
759
8451
4158
5542
2568
9511
8726
367
5692
956
5613
1324
6659
6962
735
2692
6627
4007
2866
4700
3905
7940
5779
8592
9079
3889
9663
6114
8188
6504
3551
5299
4955
7709
841
3876
3573
5920
595
9265
6876
2560
6941
3535
9522
7677
2579
2501
8036
1797
7202
1941
6090
9333
6886
5169
9575
6549
1283
4115
9405
4835
9414
712
8896
6608
4588
2469
2528
5183
8087
9404
7743
5028
9291
3618
2705
1870
2471
741
20
9673
9035
6110
5359
2273
1279
1286
8822
8915
5401
4579
102
4815
5291
8998
1423
9880
1468
3951
1415
9555
9707
9159
935
8998
9129
3641
7221
1600
734
3593
7626
6121
9703
2985
8394
7334
623
3568
2601
6024
4499
2703
839
9791
8054
8615
6023
5874
8918
7438
1781
8626
2949
2716
3976
2078
2709
7549
31
9796
1142
7657
5917
7197
6994
664
884
7617
584
3485
3641
5084
2541
832
4875
595
9447
7250
6469
4718
1040
4602
9696
3990
7318
24
2420
28
7574
2451
9824
5068
6460
2093
8618
3454
9109
9502
1071
9694
9339
1064
4778
1880
1897
6005
8827
7696
3255
1648
8766
4295
6250
8462
4637
9921
8487
3410
6301
2413
2213
2477
7481
8674
4570
2451
8480
3680
1953
5904
9726
7645
6968
4504
5877
5217
6861
4705
9266
6468
2705
8032
7115
5308
6495
1753
5229
1334
1515
1530
3747
3728
4007
7580
8754
4929
6384
7235
4961
8337
3139
4687
2334
107
5543
8212
1677
2404
9269
943
8872
1974
8975
5988
7282
1822
4093
2511
9508
5608
393
9607
5688
4400
3540
4443
5682
9924
1678
643
4613
4817
5331
6948
1276
874
1512
9305
9631
781
6600
4855
2755
5576
843
6390
3750
1288
5253
9611
3248
5647
9218
8937
6399
9110
3380
2081
9034
1410
2725
0
2579
4408
3300
207
1634
4812
9513
1265
5593
6113
6121
8348
8041
3316
1090
8144
957
6344
7755
4205
1991
3325
3142
4742
2436
2874
6824
7822
4284
5901
7822
6863
6661
1122
7071
8295
2286
2936
5913
7879
9049
8386
2580
3443
1702
3670
1587
2659
14
9342
3217
8357
9019
6359
3100
1455
9234
6276
9278
3518
8529
3452
6734
5190
927
3805
3485
3213
6741
9398
1093
2142
7784
25
5585
5839
3695
7172
4850
62
2866
8067
4771
1886
779
7871
9693
13
499
5323
9883
9028
8776
6617
4218
6055
6774
4056
9268
9867
3454
361
2010
7591
386
3947
9782
434
1120
984
496
338
5404
5267
8576
6183
9491
8270
2548
6342
9945
8783
5371
5073
1753
5941
1128
4879
9997
397
4747
9804
7110
3109
3747
3849
7056
3529
4283
4528
865
1131
4867
6269
2750
3443
8804
8593
8065
7704
4936
8011
6488
6659
3084
4593
2600
565
9472
8950
962
571
8754
4424
3680
2501
8273
737
2382
8908
5265
3247
6391
6484
5869
9142
6280
4673
4087
4345
8730
5375
8708
1570
2034
8145
6163
987
8710
1987
9937
6024
2559
8691
448
2591
1192
5074
9680
3574
3982
1298
3173
6726
7782
9042
2220
4062
68
6307
4760
8798
1683
3468
368
69
1613
2883
1056
323
4870
993
2699
3781
6036
3148
6373
7228
8222
2405
7154
8556
3703
6680
5282
7838
5722
7502
8252
2142
162
3012
940
1845
6481
7660
8266
4446
6895
9323
4770
8118
316
7469
1899
2705
6969
4624
9933
1543
3382
3440
100
7085
6472
1734
1275
2194
9237
9528
689
9399
2540
7981
7596
9021
1994
5862
3468
8889
1537
4590
7007
8206
8411
5259
911
1733
6235
7196
3276
9617
636
3376
3055
3460
5111
4330
2007
700
3858
2696
6451
6399
677
399
1772
2671
2613
1592
7913
4151
6182
4920
2357
946
6531
9620
2679
2767
6816
5955
2384
3805
5684
5439
7265
7147
9770
9272
4199
9980
1968
650
6379
8998
7401
8152
8021
14
9744
5934
517
2279
7207
9226
9577
90
8846
2256
2857
2015
4563
1594
5820
6599
3385
3085
3746
9507
8710
4297
9488
7030
4947
5867
2380
8700
371
402
5067
6468
2688
5584
8747
6247
4811
8324
6338
9
6932
5547
2024
7847
7141
4196
4447
6879
3634
4545
6386
2344
8843
5874
5726
142
8094
8107
8843
4817
8509
3910
1285
7549
5846
6384
3797
7009
4708
6487
7019
7992
2034
5395
5840
5528
9592
287
2407
3226
1184
5145
1922
27
1020
7648
170
5466
5755
5365
283
616
9275
1569
8166
5121
7953
8315
8483
9014
1154
1854
3358
3188
7249
9198
5068
3193
5837
3827
6419
3374
8973
4693
3401
6345
2342
3571
1811
4449
8936
8446
5066
4563
15
9584
6037
4321
4251
4520
9687
5405
6374
3045
4945
9975
8596
14
3169
785
3841
5940
4159
2814
634
3913
9159
9328
3836
7322
129
9125
5769
5195
3688
2136
1131
6077
6457
1734
6949
2496
7139
9675
1894
2085
9651
6842
8451
9172
7627
8644
5112
8139
1459
2098
2052
6970
7778
2240
4293
7908
1365
6414
9455
5054
8550
6939
7483
1360
8673
4433
3856
5813
4108
2102
4250
111
8944
2701
9283
2924
1345
748
7415
9156
9198
9467
2479
6977
1707
3124
1237
9425
9538
7044
4479
4440
3983
1962
5800
9009
2747
6009
4822
6856
8111
5424
6967
7056
4477
2603
6332
2174
3351
3747
7683
8901
9566
162
2230
7625
9638
3467
7050
9176
6864
7881
3616
847
9844
5769
6208
8943
1778
7382
5799
9889
2806
9119
3297
3635
8074
5981
5810
7777
9728
3493
6678
9294
7
8909
6920
9645
8728
322
5173
5592
8204
8789
2792
4400
4558
9000
3343
2688
6383
5495
2578
5541
966
2227
9177
9040
8209
1339
6817
4289
4832
3495
3584
1191
8756
6856
836
7485
7178
6009
3077
5382
1150
2221
9782
2061
1222
9478
4749
3957
4973
3679
9498
5939
2259
5027
4979
468
6366
8148
4757
7550
1643
4693
8741
400
7901
5929
4237
5080
8290
3666
6814
5793
5888
2949
7854
3462
2427
8955
7419
3752
2635
3269
9691
4894
8297
1022
1714
4663
9170
2823
2214
813
3869
7307
7565
1770
3237
1802
3202
1527
1821
17
7320
7709
9318
1526
7523
8097
482
4942
1849
9469
4563
1540
4363
9212
2562
2429
3876
1732
5252
2442
8897
9121
6101
2815
892
9338
969
446
7218
2790
6815
890
6851
6133
2417
4374
4230
9251
5668
2431
8720
232
3971
9435
9444
2885
1864
9672
969
3468
8466
6219
2590
4568
5386
9834
258
6355
280
7476
5498
3448
4719
2349
9581
3488
6724
164
2739
8744
2595
7811
8976
2919
7246
4773
2156
5462
4445
9478
8930
9264
2049
7872
184
7435
7706
442
142
4339
4271
5640
4139
8990
7990
3720
8830
1066
236
7921
9810
2832
5732
5139
2103
9330
9912
611
4792
709
89
74
6325
8490
7947
6509
5925
2005
6952
6068
2696
7575
1708
6835
2917
6050
6908
1747
3468
7144
6020
9631
6328
8104
1122
4783
7434
7386
5395
8578
8095
1836
8652
773
327
2951
7282
6252
4957
586
8672
4005
4513
6733
841
7430
2783
7749
5529
2604
4893
1549
8587
7574
6005
9709
2357
3439
7095
7752
8369
1542
9589
3374
2315
6268
6325
5950
2520
7634
6536
1193
1640
7402
7926
8833
4832
7061
6582
6714
6017
7827
4615
4604
5401
621
4313
4111
412
7760
1863
8782
9303
7804
2156
1618
4072
4833
7568
2945
2468
457
490
460
7859
4768
9293
9043
8181
2227
5757
4199
6406
6725
8803
8160
7346
9469
2271
7758
7229
486
2892
6532
8291
1400
4503
8715
6234
8423
1660
5054
5232
8502
1866
3091
3270
1159
8487
1452
9738
596
5651
6144
7321
806
4304
1019
275
6575
8778
3857
7062
8022
6741
1705
9423
1244
420
2009
9668
8433
7063
4900
6935
8929
4344
6558
6440
9183
8010
6178
9779
13
2322
3453
819
2979
4472
7447
9554
9602
7656
6616
7625
4397
4673
7048
5642
5094
9057
1662
9879
2472
2914
6814
7753
7258
9724
4193
6441
7734
6723
2573
4099
5397
6026
1271
8376
498
5070
7931
101
2726
899
7726
7123
5573
1126
9117
7019
6535
779
6898
9007
3694
64
6760
7304
9789
7305
3746
3875
4028
2671
7975
5777
8697
5598
4154
9195
668
2085
5648
3394
9336
9726
6869
1261
852
5987
8280
7387
3118
1530
2746
3164
1595
5858
469
7736
3163
567
1611
3543
3238
5938
9321
1935
1536
3475
7482
8556
1912
3131
8302
7600
2857
5172
8862
62
7511
7142
7449
629
5025
6548
146
6620
2406
615
4356
5570
1182
2319
5465
772
4610
4786
9059
6146
4613
6541
1055
6525
6024
9357
478
8882
4529
9340
5296
8392
2834
2745
5374
7859
5645
5520
4479
8052
6135
5187
9974
3669
3859
5439
793
8469
226
9852
967
4839
2745
2022
7717
8770
1380
8195
4004
2261
3887
9300
654
6721
8397
6028
933
4043
7900
5412
2095
387
6952
8421
408
811
3860
1201
5632
438
1053
6599
1630
3798
8622
9347
8920
2
3894
2924
8615
7781
2224
9269
854
622
1649
1787
4665
5901
3552
3112
6288
6856
1533
6696
4019
5393
7897
9651
2184
5302
6250
3814
5453
4872
9513
4373
1226
9759
7298
6194
3892
9522
1815
4746
144
3465
2886
1161
5718
6438
4273
2007
9646
2158
5055
3665
3904
9305
3316
6088
4607
9566
6254
60
791
5767
786
8369
5526
8084
4563
5770
3958
2731
516
4103
2548
9754
1616
8266
2544
2242
6625
2190
4400
1681
5855
8304
986
5523
744
1945
1442
6998
2006
8585
2765
9144
6954
4643
7228
7870
413
1186
601
7282
1641
3149
3388
9610
7767
5933
1852
4393
4475
6252
6074
331
909
3412
2206
1653
5357
3648
5004
3715
2233
7769
2859
5540
8765
87
9762
5530
7626
6715
9164
5619
9864
2553
5229
3983
4838
7081
8376
9313
9686
802
5996
595
4214
8203
8600
9572
1851
3604
3287
4085
7726
6147
9625
2843
2586
5739
8373
212
2454
3890
2184
2318
2795
7413
2653
7633
847
1030
6946
533
1832
2943
7480
2399
7498
2432
1971
9349
2389
5258
9786
115
7757
9411
9310
344
1502
7683
6908
3956
7925
9092
2626
720
2858
5280
8353
3705
6310
1652
590
4494
947
4422
6893
8445
3206
5216
7794
5595
475
7581
5710
4584
3344
5020
4928
4847
9056
1837
8803
3333
7281
1430
4054
139
3062
8759
196
5724
411
7138
218
1358
1560
3464
6155
4767
8680
302
6714
5507
7883
8777
92
7579
149
1372
8778
9205
9561
3934
8891
6843
1716
2945
3334
4778
1704
9883
502
8468
7021
7072
9826
4934
6888
2334
6053
1921
2636
2767
7428
6871
1544
3872
802
8046
5245
9581
3603
4806
9867
2494
8001
7935
5439
7688
2713
3496
7571
9567
1964
944
2991
8142
5878
9880
476
8283
1801
3112
1051
5581
9983
8947
5806
786
6993
7403
6719
597
8561
2938
3091
6563
873
4883
4251
9938
8379
8174
9505
343
9118
8848
8485
4997
5080
5314
3280
3233
8426
683
5167
4762
5983
973
1900
2976
8376
4971
9925
6937
7909
9369
9852
8782
4252
455
8720
8983
8629
4577
5678
7748
9777
4163
9097
4858
5829
2377
8091
4256
9413
3258
5370
5396
583
3622
4724
8959
8593
1002
2249
6502
371
2101
1636
975
2557
6708
6310
7538
1285
1988
5286
7414
6151
4383
2272
8333
3113
6716
8941
2526
6326
4311
4274
6910
7933
5350
2221
2878
6352
822
9380
3075
2924
7368
402
1833
4076
6712
9371
1713
8700
1010
9127
1204
5393
7752
9537
4858
4468
8478
3736
794
9141
8010
4056
3426
9713
2630
6304
2417
3452
2036
5493
6376
9404
2247
4561
3480
5312
285
1545
4012
1295
672
1568
3040
8424
7457
7899
9244
2287
1635
6391
1428
5998
6799
1206
2063
9429
7510
4480
2882
9546
6325
5610
8950
8573
172
8782
3885
6809
327
4249
4456
7352
2170
7496
2128
9627
1747
7725
8267
9735
4116
9695
5733
915
902
7796
6697
4764
8628
9579
4311
4954
5189
9613
9879
1713
4748
116
8522
1427
717
2978
8779
2887
6827
7260
8867
8574
4985
7134
8309
5453
3181
394
2720
435
4542
9417
5200
3171
8996
5863
4477
538
1828
4356
2251
6576
4472
7126
4356
5189
6456
3135
4429
3283
6747
3296
1858
1732
6782
6519
7185
6315
3266
9906
6751
7808
9323
8303
7331
4672
518
8160
5210
2346
2516
3813
5275
3340
939
9631
4882
7396
9118
5663
7031
5866
5311
5241
7598
2093
8113
1136
8408
1379
7394
1511
5539
3069
9814
9223
7741
332
7383
9303
9031
6252
3117
4306
9592
408
289
826
4156
9407
6489
7540
1625
1800
2781
5576
245
894
6712
5006
2273
4106
6517
4165
3527
2684
3388
1269
9368
771
6924
8399
3375
6393
9057
2968
6802
9346
146
7310
8754
2988
4850
6731
1140
7632
2307
1386
4878
9019
6392
7152
9477
9261
7669
3005
1945
1057
626
1314
8180
7550
9713
1556
3944
5123
876
7098
4469
1022
4408
9575
362
5611
6307
1503
3243
8614
9241
8121
3986
1985
1625
3463
1246
5646
2820
3192
6703
3446
858
1236
7349
6923
2792
7645
2046
20
4743
6516
7394
5503
2443
7757
1114
8750
9260
709
7365
4853
8831
7703
6838
6808
1166
8084
8807
339
7628
5510
137
8486
3098
7486
1762
5890
5131
3808
5910
6226
6676
3305
1730
9120
7414
2844
7870
6674
3554
1587
1527
8737
9290
8365
1897
6809
2801
704
3500
430
2567
3637
5268
5665
7476
7030
7908
2607
7191
170
5186
3867
3475
6916
2987
889
9760
7210
3915
9666
8797
1794
8403
4440
6511
6653
1249
5665
3709
4749
6095
6276
4738
7715
8294
2214
4746
6202
4822
1937
6372
6360
2156
6200
3276
5144
3441
9388
2354
3709
9055
7503
5503
3810
1943
8367
463
3192
4032
525
4293
6479
6801
9032
4194
1447
1246
5292
7649
2420
3581
374
8780
5738
2926
2056
7234
6367
7797
9588
76
6852
7091
1932
7014
9035
6651
3830
8579
683
4355
9225
3514
7508
8257
4060
8956
5855
9353
6605
8276
9286
3331
3408
5024
6257
1817
8610
8977
9614
8198
5405
2818
1642
7337
9832
7029
340
3662
1960
7375
4369
1185
889
1878
5794
4950
834
1650
655
3791
6278
9941
7123
9686
1318
9732
7855
9928
8709
7469
4479
467
287
2473
7804
6472
9502
8145
6486
7814
1872
856
9000
2762
9086
1146
4064
9920
9148
4719
63
5426
1012
3538
1465
2330
3271
9320
8611
8332
3142
3090
8799
9781
5563
2956
6253
1417
7453
9092
9231
9325
6300
4583
8439
5386
5730
2503
1658
4878
7222
1721
6657
4587
5260
8122
6917
4883
3794
1880
9567
3288
4970
8367
3070
6885
7675
5675
8302
5128
4767
3886
805
1067
8469
9245
2805
4199
8100
4463
5430
1675
6185
2087
6262
7797
209
9531
2680
355
1412
8599
3644
2734
6966
3066
9620
993
8741
4274
2473
9861
8160
3279
7280
2982
8876
86
7181
6976
901
2611
8651
7086
1050
1265
1235
7611
797
267
7967
2209
8867
7963
4943
2185
1029
915
3179
9770
5190
2004
5983
9702
5283
3264
2684
511
9702
6218
3840
603
5181
2491
4042
6232
3757
5277
3843
906
1897
8162
3115
764
6125
4410
9301
7154
1678
2480
3277
3220
4485
9260
2922
6120
8876
1959
2984
8578
8177
6824
5534
9710
5667
9576
5942
5776
1205
6138
6682
3102
4300
6149
218
426
6912
9520
3932
8590
8352
7209
1810
9189
2822
1084
1662
8050
3043
4646
6629
7572
1470
8515
3635
3489
4443
5929
9266
2000
2067
2300
5103
2720
8450
1673
9498
5362
7545
3430
3952
5898
6992
2114
5087
6166
3198
6749
4216
2594
7747
7197
6518
5569
5712
153
9059
155
6083
8325
2156
8150
625
3611
7222
5427
1636
6720
789
9182
6503
1093
1432
3495
9559
2871
9661
9110
5973
3877
1704
3720
1075
8222
9290
3139
8376
8349
9647
811
3026
8155
5313
3
8118
2536
1783
9754
9256
8924
5288
2111
18
6720
5606
5929
9592
1619
5039
5565
1849
6743
9285
9276
1318
4927
2415
6046
9628
8414
6857
9006
6569
2170
9010
4687
1058
793
794
6667
6069
6082
8778
6087
2803
737
8369
8747
2356
3408
4312
4205
6504
9949
9833
7822
4877
8601
220
857
7015
3429
9864
9937
1951
5226
4624
3010
2371
1770
9677
8440
7853
4807
880
7008
5544
9249
5755
7901
2657
6419
8458
5513
6368
8292
9687
7597
3245
9907
8455
260
9688
8319
197
1640
3545
1174
4650
5916
9296
679
708
7149
5486
1588
509
7383
837
6264
5284
9847
2683
94
5360
5404
4738
5048
3001
7983
1307
1456
4596
996
6127
1145
2636
6024
2319
3638
8292
1616
669
9001
5117
2507
589
5627
9890
7779
8243
5174
7626
927
1621
2986
2683
6359
4386
5684
4343
5694
3493
8939
3042
9620
84
5678
1997
8756
5668
289
6724
6337
5642
8193
8844
2584
3820
5087
363
2064
6613
7989
9343
8234
7327
2026
4594
8066
4062
5289
112
7555
4228
3154
3528
664
8832
5525
5772
4500
2166
8848
7189
7809
7042
2385
393
7214
7472
7108
5630
4086
5097
4973
2320
8776
3351
6914
3194
7414
8555
3306
1321
9135
6460
1201
9800
5292
6726
1924
6144
5245
773
9685
9406
7815
2071
6151
5029
9543
3259
660
3629
4708
1985
2302
3484
1689
5568
6679
5455
4124
9985
6776
3259
2798
7978
9411
4442
1056
7688
587
2653
8461
6624
2059
2628
8695
8210
4009
4591
1469
1021
8220
6177
3007
6874
6014
1048
2443
9045
6503
6567
5382
9631
6178
8180
3961
5590
2623
1370
3278
9562
4023
8091
2538
6083
719
1234
645
1080
5825
8467
2102
397
4644
1461
7272
7010
2509
9715
6055
9012
2634
7790
4995
8812
2322
8957
754
4945
6679
384
859
702
8475
3398
3137
5546
984
135
2979
6809
8602
5081
3558
3246
6542
830
6609
9051
6897
9016
4415
9531
6806
5762
8344
9129
1071
5450
426
7750
5835
7638
8453
662
1036
7942
2561
8372
8077
5540
5181
6679
621
5091
6278
3515
5922
2887
8918
2819
8255
9685
2351
5062
5447
7047
543
6519
8849
969
4269
4684
8607
9074
1699
5995
7017
612
4367
1446
6152
5900
8126
3125
992
756
2992
3266
9995
1910
6085
8250
1595
4788
3312
3394
8187
3855
9913
7037
1177
535
8073
6136
9609
6124
2132
2978
6736
2851
4425
2888
5104
8903
2365
2448
6011
5357
5714
6006
3619
8151
4256
5214
2940
3921
4961
7479
4128
1226
868
5305
1761
8942
7794
7723
1418
6278
701
8155
9129
1478
7395
585
6733
9761
3033
2744
1470
8747
5102
5090
6899
9359
6656
6191
9632
1617
22
3760
2844
891
5418
4605
6185
3212
8680
7603
9490
9382
2110
4971
7212
9506
1909
298
9267
4942
3042
737
42
8145
5827
3293
3856
2484
5836
3488
453
5858
7248
3297
3101
9018
4255
5638
2230
2935
9594
8072
8669
1704
9396
5882
1210
7657
6180
6829
2599
5574
7567
8993
71
9746
2286
3927
8582
8122
3767
9036
333
7368
8685
9786
6386
2940
5425
4969
2228
5019
3041
897
6723
8789
3131
4286
6446
5663
1115
5398
7590
5034
4391
7661
4781
3030
7941
3363
7504
1708
8751
7837
5428
7437
3976
1815
6729
9401
6784
8957
772
6177
6207
3847
1319
5690
8133
4117
7706
5601
9515
5296
635
259
9309
5416
3289
7250
5132
793
5311
235
4983
739
4024
8959
8906
754
4712
5690
6063
5484
8220
8622
9331
9539
4313
3817
3656
2019
9418
3172
3667
6405
9783
2976
8174
3072
6579
9658
217
8242
9893
1552
5333
3918
6863
4240
1024
1575
6282
3439
3411
4502
2062
2743
4041
2727
2912
7698
1098
8682
7222
4765
5087
7005
7741
3261
6429
672
2919
2998
8914
9165
4551
4248
9435
1414
4840
459
2990
1122
3898
2753
5625
2312
5496
6018
5039
4760
68
6137
3442
3642
7254
4882
647
1348
4495
3428
2020
3767
6427
7287
2932
7330
7887
2367
8744
2727
9178
8086
201
3076
840
5826
5389
2688
8197
6780
3801
8265
9270
3595
1908
6524
8477
8907
7872
9325
8688
6245
3092
5115
3532
6024
8797
1419
4743
3893
498
3921
8332
699
3349
9172
2878
5090
8212
1075
1871
8365
5692
7493
1961
7600
4017
6790
2860
8242
6115
1548
4487
9207
3015
4371
1583
1812
2142
2678
5705
2640
6599
4037
9691
6301
9561
8921
1391
4126
6348
9614
2491
2041
7107
804
5993
1125
7595
8853
9367
62
6753
206
5622
9768
4577
7205
7932
6719
9884
9990
5711
2835
4027
5402
9136
9941
4324
528
419
7024
142
9262
9065
3602
67
5059
4727
4014
264
446
4076
3370
652
9698
3138
1581
3256
7423
4652
3140
7413
363
2327
7792
2117
1464
4085
2793
8344
4504
9818
4838
3767
8883
8440
186
294
9519
4200
6911
9965
4628
281
6969
679
9771
4902
3935
7194
9554
3427
959
9917
5754
8752
8387
3570
2837
1180
1914
7342
7350
3105
7461
6234
1545
7647
2880
1065
8199
6143
7382
2827
2776
704
3506
8900
5606
3793
2446
1513
7220
3406
7782
9327
2158
6169
2897
1347
7350
1164
5041
4700
4269
2502
7286
2166
6501
6519
9583
4700
9014
3318
3880
1791
4022
3738
7043
5980
7532
9489
7493
4752
2895
5276
4079
1405
1445
3329
2753
5147
845
7794
6200
1466
6649
9838
3632
9502
2709
9568
4203
8076
2886
4435
9867
3260
8173
6910
9240
5705
2751
3086
6810
5647
8362
7241
7052
6159
570
6157
7659
7767
304
211
9233
6953
6401
2866
2807
9111
2434
7010
7187
1672
7797
3406
4932
5971
6668
4172
1676
9419
7258
8486
1418
1972
2080
4823
4484
2650
980
2143
418
1284
2354
9651
4589
5107
8869
7397
570
7655
759
7757
9327
8557
7515
4259
880
535
4784
2556
6307
8394
7395
7725
367
9475
2548
4851
8477
9881
3346
5247
7517
2052
1251
8459
7159
120
5856
7730
4128
2967
1839
3455
7876
9355
4067
8756
6242
8851
7665
2549
7245
5060
6627
3964
887
5527
8815
5716
5408
2161
964
9278
4213
2215
7737
7725
8687
9945
5455
2815
2912
7294
2623
7141
3001
6690
5897
9244
1893
3562
8145
9138
4974
4772
9455
5861
300
8270
1578
2060
6784
8894
7690
7349
1109
5427
5074
9796
1724
529
8964
989
4176
1587
8130
7177
8277
4027
2773
6522
3942
919
5660
8916
2043
1467
1130
8695
9738
2708
7108
2874
1602
4798
223
9063
6578
1650
5211
8302
8531
4175
5643
2707
2114
3773
6237
6743
4153
9010
3265
8095
6281
5278
7011
8325
6745
8141
7020
2835
7201
4128
5709
5155
8927
2285
4218
1857
3935
5782
6511
8818
6309
2155
1526
8424
5928
4115
5167
6433
3125
8433
4528
9407
63
7892
4084
6808
2385
1104
9644
5939
1585
1705
1094
6864
3990
1665
8721
4277
7447
5232
3096
108
7387
974
8532
9668
5089
52
6101
4566
4837
630
325
4900
4874
4409
8060
7259
1866
7704
3198
3451
5762
645
315
9752
2310
9036
382
6109
620
9830
2569
8008
804
1102
7676
2245
7506
129
6811
2343
759
3489
3595
1985
7898
1655
9245
9764
5712
8795
3215
1474
5792
9882
7578
4454
8918
7960
6915
5891
7790
9485
3899
4946
587
7927
7191
4445
8056
355
6788
5168
3844
6735
3505
8094
8390
9102
7859
4102
7898
7426
1928
42
7309
9507
4497
2579
7467
1412
8470
1610
897
8721
6556
7836
3000
3748
2281
7409
455
5421
2577
4299
2156
2434
2393
6899
1537
6604
7353
5787
383
9282
5829
4044
8789
326
6623
2608
1739
1446
4218
2636
167
7127
6825
3168
7227
9106
577
7682
4528
9506
1981
3036
8292
726
9935
9829
3683
7289
5616
4066
2923
1446
8110
8064
1772
1085
672
9863
2531
1243
8852
9051
8370
5677
8571
5597
4783
5500
3279
5663
1358
1612
5052
9650
8690
1339
9480
2373
4980
5096
2791
7903
2894
901
5967
1019
8339
2992
882
870
4235
6086
9921
2605
1763
4844
4554
2899
344
4185
4914
1702
5797
9966
1353
839
1306
7185
9565
6286
2281
2356
542
1528
9610
6509
2547
7949
5853
9781
8819
88
5868
5093
9045
3983
6289
3599
6882
6634
7784
1797
4688
9933
8115
6041
773
5773
3226
6690
8412
1860
9046
5306
9740
8656
8167
2287
6605
4021
8420
1777
4109
4288
3222
9507
8272
5863
9458
1506
2497
3595
9655
7186
3528
7771
9579
653
9896
9158
7343
4660
1018
2742
9966
758
1398
8134
9397
4356
2155
7817
2485
2616
8458
2059
2123
3082
7922
1582
4588
6772
5177
4244
3958
5057
8367
9889
2063
4615
9047
5758
9276
6417
8500
9242
3527
6251
3728
2924
6959
2235
7094
9444
4852
1904
7855
6975
4986
2129
4909
9574
8901
6438
170
9211
1496
8537
9101
9911
3153
4500
5669
8781
918
4170
8023
4445
421
8104
3722
7380
339
7168
3176
5191
9072
1031
8519
410
9512
9780
6336
8414
6219
6507
3977
4067
1396
9430
3978
901
3931
9647
9682
4849
169
4058
5646
590
2162
5720
4322
8853
2888
7498
397
8312
4881
8916
5074
4394
5048
1411
9160
7619
7918
3137
1686
5666
8920
2016
6568
2851
8016
6250
4052
8185
6660
9698
8776
8822
1771
3098
7676
4659
6949
8073
9324
1830
3341
4398
2576
4741
5809
1736
2361
79
1226
399
2098
146
2416
8666
9349
432
1268
3401
8617
7929
9451
3745
3103
1222
6844
7131
2234
3793
1556
7910
1975
1249
2308
4552
5991
4470
6288
8352
901
3866
8751
2999
364
7519
8017
9713
7951
5638
9466
6569
3567
8918
314
3022
6492
3510
154
5078
3655
8062
2988
5631
9312
1649
6535
5303
2471
9175
7
9724
3042
5110
9076
3406
2630
7093
9472
581
9083
8938
3502
9002
4208
169
2025
7053
31
8531
2131
3687
6593
1472
5670
2257
3121
2205
3912
1944
1380
3919
1668
774
5382
744
533
8012
4190
6357
4945
3273
5295
4800
2276
5856
1321
653
2909
1352
9184
1392
1391
2129
2864
7061
4387
2337
5618
4651
4281
3351
8571
2302
4125
305
3046
4658
4669
3588
1015
5966
3214
2663
7118
1842
4871
8439
2495
4132
9792
8031
5524
7535
6512
4741
4597
899
7078
6567
5551
7712
9918
474
14
4044
7131
3060
5054
1800
3001
2422
7766
6215
1437
4885
8057
6308
9676
552
440
5820
4935
2316
3356
1447
7057
4305
8699
488
872
602
8200
791
1076
8214
1187
4559
7626
6241
6359
627
5015
477
6842
6452
1714
4899
9112
1391
1803
5904
3563
6738
8221
6919
8186
1630
7576
3237
2118
8449
3839
6670
9240
4915
4884
6779
5826
8863
3020
2185
9490
4388
9014
2685
840
729
3936
6305
8472
5740
2209
8387
8830
6782
5307
3368
8413
2883
6605
6883
7684
444
9906
3276
1711
4790
55
7537
5
9428
9722
5848
3816
5089
8533
4656
2170
2469
7313
642
4561
9523
5381
3392
6305
7040
6760
1070
6276
3366
4306
3960
3810
4212
7237
5522
5354
3644
3059
5360
3072
9134
1208
6888
4223
9741
7897
6393
8562
5210
3387
3124
1085
8768
6516
7391
2161
3276
4813
8437
2994
9119
2397
6805
3331
5986
8679
5038
9631
8090
398
2703
7224
7958
5944
7799
4051
3841
544
2613
5403
283
5737
6489
9052
8605
232
7565
8234
5045
6002
7580
517
4751
737
200
738
9416
5238
6721
7507
5636
5776
1083
9946
1720
5235
3997
1913
5779
6611
3669
6063
8700
6510
1467
3658
6742
9032
1892
8139
5034
9472
8656
6137
210
8857
6875
5978
4095
9948
9837
6084
5725
7273
6030
3797
2508
28
2063
4639
2991
2084
702
8043
8594
8521
1701
5336
3905
9945
3475
5291
5770
8484
1429
5980
3693
4656
8310
7788
4605
8148
224
6682
1773
2607
479
4281
8987
8894
5272
1978
978
2327
21
5924
848
8075
1260
4754
8020
1088
6397
3790
9572
7826
6122
3265
2483
785
7405
3440
8933
3982
122
7058
2941
6953
7691
1928
5848
2963
258
3178
5290
6631
9103
2491
4706
6715
7245
2727
4155
9994
2869
79
7821
8992
9696
6656
9777
7102
96
5062
7436
218
8472
377
7171
6163
8657
9371
9126
8915
8902
4417
5546
8005
6908
6605
1072
505
5684
5228
499
8553
5307
4672
3897
5004
1328
26
8458
1424
1440
2246
1642
9912
2623
5166
6075
1280
4537
1554
6547
3439
5971
2093
7796
9231
8698
5221
6088
4382
449
2939
9288
5756
7612
3185
7112
5292
9564
5570
6717
1004
4168
4711
7269
6791
9877
9696
4423
767
1250
970
558
3573
9416
4707
2804
8114
9928
5244
8849
377
4536
4489
2485
8500
4026
5950
3792
3590
7872
6861
947
2041
1573
8216
8832
7802
4264
9608
8569
5515
578
5480
9088
9994
187
8245
4461
6467
9841
9662
6844
4377
503
5681
2877
4529
1631
6670
4472
9504
3531
5419
1545
1456
9987
6729
9259
4251
2689
4180
9766
3268
9660
5207
9614
6199
3452
427
2666
3293
6441
5862
4023
6944
7896
6900
1474
9527
9922
5946
5383
3454
7717
3280
4910
4056
6362
521
8307
9051
4702
4426
8671
714
5985
8286
6914
9437
5065
5932
9082
1507
8147
3105
8451
6043
6358
6277
1922
6280
8575
3658
9734
6292
6938
997
348
9652
7870
5008
8704
2572
9434
7375
9639
1771
2013
2905
1208
7079
8837
6642
4938
6984
6100
9741
9379
2458
6019
1302
8738
4594
4960
4825
887
8250
2174
7587
7903
44
2595
6607
8969
8381
334
8608
152
8700
1513
7712
5779
6702
4355
7069
39
6807
6810
9418
9265
2829
720
4355
3776
2032
5532
1015
283
4058
8602
4538
455
7550
7497
9424
5931
7831
8032
6084
6531
5897
148
8662
2599
855
5731
2638
7662
8894
2057
3279
1723
9129
3987
1851
7514
9519
2866
4149
3578
7821
8687
4033
5371
6184
9809
1302
367
4193
3738
3251
90
3887
1913
9041
1094
3997
8032
8757
2891
6441
8388
966
1922
2375
2818
9436
1895
5684
3585
1825
3505
8624
2210
8876
1160
8371
6531
1528
2564
6621
4779
9006
508
3044
4399
1603
7041
2431
6712
9932
8872
5100
899
795
7476
69
6583
5723
2105
6521
3900
1963
5145
2462
7191
6306
833
3722
4186
9749
344
8965
8755
7204
8361
3154
5159
5403
1938
8223
5335
810
3324
2586
7957
7152
9007
4541
9227
1113
1062
3127
3076
2559
1941
267
8865
2774
3990
9403
2523
686
4720
7630
4242
3082
7136
9402
8485
9074
7625
172
6237
7301
9111
4194
4453
8118
5087
32
9231
6149
3159
2307
8709
5100
8927
3926
4226
9269
3330
3101
9955
4402
731
4197
7484
7868
9951
5969
3294
3929
2494
9531
1230
1605
78
2036
9723
5165
2068
5307
7667
1580
7614
2728
6680
2893
3006
7259
2162
2688
360
8469
7091
1092
2667
4575
5312
8970
6897
4958
2899
9391
842
482
996
920
2518
719
2437
938
2378
104
2518
9993
9184
5551
2886
2191
2810
1401
1231
3170
9870
8322
614
8889
9250
2278
7860
6147
7237
7111
5538
8079
7593
6534
5351
6463
3605
7788
7402
5984
4245
9920
2329
3429
5471
1567
1972
8281
2968
9556
7804
2839
7878
8418
8080
3480
697
5940
9627
4286
9404
5165
2365
6997
8051
7716
9813
8009
1856
7215
345
6101
3487
9026
5883
5311
6945
4207
9944
9914
3763
7748
9105
7994
2519
7185
1474
9568
9478
7454
3854
8882
8971
2571
2231
3375
6639
2044
1384
8495
5611
8081
949
5451
3459
6832
762
404
7391
706
6670
1155
4807
5775
5501
7326
9313
3327
3246
5143
781
3452
377
9753
6023
2608
9480
9014
1005
864
7509
2968
5297
4810
8419
8756
7994
9181
5512
5386
9888
2183
2893
4695
4310
8394
8373
3623
8073
1619
5118
8855
5071
5495
4960
7446
8104
4440
6460
5461
1656
321
8429
3305
5132
6849
8413
3126
6030
3925
4864
2270
6108
7757
3317
419
2503
1690
394
577
9661
1865
5784
1084
7360
7096
8530
1816
7888
1342
7277
5896
1664
2059
9201
3148
8908
3966
2626
1290
7891
7491
3561
352
1600
3230
7123
4104
1273
3869
1033
934
5734
3169
2019
3095
265
6901
1263
4505
8244
8541
401
6260
600
5954
9408
5860
9920
8386
7150
4163
2229
7063
4515
3830
294
7990
4286
7919
1860
5319
8853
7594
8488
7224
7041
5105
4126
8305
9610
2370
3198
6363
8630
150
2317
4390
2362
8589
2776
9512
9104
1358
2928
9972
5188
9574
7962
5826
7493
9822
7497
2698
3769
5985
9923
810
7442
4049
5467
3404
2771
8665
9767
1401
5167
8436
2143
7529
7025
4919
3394
6129
2629
6322
2453
4169
2248
416
9995
6093
238
7492
8791
359
9829
8714
1170
7271
9115
2989
7027
1886
1655
6794
3287
3174
5230
1782
704
8607
3054
4098
1089
5683
6772
3542
9853
9020
3958
9848
1465
549
7341
256
908
3522
8971
8430
794
4438
1420
4173
6325
9427
968
5964
2601
2550
7747
3305
1158
801
3755
8599
6484
6879
2141
2689
2251
2452
2538
3716
9353
6231
3973
261
9753
9296
5044
6899
3734
6464
1073
59
2243
8393
2376
4844
943
123
4502
8453
7276
4609
7052
112
1489
5546
2802
3740
7998
5340
7457
7351
1571
7782
3964
7676
7078
9008
4576
7164
1824
2001
7224
4067
394
5952
5264
1337
2427
6118
9791
9703
727
3195
9815
2216
8741
2617
5957
6739
4309
9766
442
2232
7548
4407
6261
4626
9767
837
1790
7944
9190
5366
8363
9584
7670
3627
921
97
9745
7064
6152
6825
260
5968
9041
5353
4937
1350
2093
5599
7468
8887
4183
5016
3294
444
5994
9414
1281
4137
7358
471
5855
5721
6407
3526
5701
3681
3623
1798
745
6128
8623
7357
2096
7665
2711
3385
5367
1156
5336
2836
43
9520
7852
9690
9964
199
9104
7598
4336
2814
4421
191
4887
829
69
588
4510
45
2387
1607
6173
1010
5317
4621
5027
4380
8006
395
5536
3343
3231
1931
2863
7435
1621
9179
7634
7077
6777
8322
6243
1199
8514
1131
2028
4935
1719
2890
4980
4106
849
7505
5117
6166
2126
144
546
133
6891
2434
9828
122
4366
9043
3910
2339
8222
1544
9417
1352
9867
5660
2551
4733
6791
931
6020
4863
173
1001
8969
1022
8506
438
7189
633
6935
4087
7118
3826
6522
3298
301
888
8693
4211
3227
3267
2107
8996
4619
1974
1009
3522
3059
4152
4453
9080
9015
4626
6433
4337
2001
1291
1127
9190
1924
8062
3277
5394
8241
6151
5044
4894
7039
3737
9105
267
3357
1212
5615
7976
9539
6624
7851
2598
777
2304
8030
9792
3283
4463
4129
1636
5755
5257
826
4031
9671
455
5778
4264
6607
822
9158
9998
912
8263
6617
4269
5828
2233
8597
5367
8857
6448
4317
9634
5105
8700
5779
4740
9515
6260
6376
5270
7869
3554
5654
7541
361
7784
1805
3320
4958
7316
3319
5870
5579
9936
6491
7759
8521
1441
3126
7379
4241
3796
3365
5698
2496
9144
438
2011
5405
3166
3634
3274
6720
5640
7167
7082
3424
5325
402
8382
2641
73
605
4572
10
3448
2332
8531
4889
1810
2262
5483
5606
5628
1181
4454
1124
7972
2818
2881
1138
2804
2508
4211
8444
9675
1293
8220
1352
8047
6602
3993
8121
3559
4918
4483
7008
7250
9366
8249
9060
7981
3732
1019
9961
4914
1825
1085
2886
995
319
376
3799
2827
4587
8595
8854
2232
6815
207
280
9770
552
4753
3329
5470
5588
337
2720
1306
4939
8133
9287
8671
9152
9248
9937
7329
6686
2823
8325
7005
9552
8476
9832
4139
7072
5038
6372
239
5245
3004
6361
5798
4109
9691
7620
6049
6380
341
7355
1319
4826
2995
6343
3978
8595
6280
7659
1633
5456
5984
8638
5008
4461
4822
5499
7885
9861
1871
4476
1458
1227
838
3608
5336
6881
1229
7737
9613
7922
1445
7285
2748
4440
3628
6726
9387
9908
737
1021
1716
6722
6011
6724
7535
834
2224
1772
7047
447
6248
4857
1675
3438
8466
3363
6671
9695
7453
6285
7617
8898
9922
365
3338
3550
3443
2725
9810
4180
98
1527
7254
6110
8251
1141
3296
6827
2913
6695
7275
5514
1552
5302
5304
18
5017
1976
6065
2470
4613
3682
1368
4535
399
1058
4437
194
136
4247
727
234
5774
4333
2696
378
5475
5992
7205
4740
2687
832
6606
592
2486
8263
610
7504
6591
6676
6326
1204
6710
7695
2091
3462
5105
6528
3656
5241
775
735
1828
2902
5069
4524
3280
6896
517
6837
7988
9556
4022
4595
148
6508
9210
7111
364
5801
139
6691
7005
6849
738
5448
6663
5843
1976
320
7437
9103
7407
9265
2005
2476
3789
1637
5724
658
4827
3713
6567
8849
4660
3067
5357
3870
178
2074
9671
317
8765
3028
3519
5855
8476
182
8050
6804
6854
5487
2259
4262
4752
617
3090
4894
8606
8815
1904
3433
2528
8471
2282
3540
1539
3992
7410
1717
6066
3433
8387
1183
6461
1906
7038
1289
8440
1440
4445
5295
6928
6704
9557
8032
3673
8999
9278
2280
7814
1183
5713
6694
9654
4348
234
7545
8340
7644
5615
758
1077
4002
1941
3890
2260
5331
5179
700
6771
5976
5995
51
9033
1904
4436
2706
904
3714
4986
5070
1249
700
1765
904
5048
1999
4801
9740
5996
416
498
7073
770
8791
7316
3030
4122
8847
83
7245
4824
6078
3649
3857
4335
8085
6563
1591
8151
7902
6661
9401
8602
4778
305
2
6778
1458
6094
9126
1875
6592
2551
2645
5383
9867
5676
5857
8715
5759
9454
3539
8189
3103
3748
8876
1188
311
6819
9340
8213
9833
5093
3167
4611
5398
9521
7741
3208
5615
6867
5083
2207
9419
4081
3942
9286
9757
6151
4353
1868
5606
7892
6409
8709
1640
1638
6250
8304
8457
1942
2869
8290
7035
6037
2902
8785
5558
6995
1993
7526
3863
3429
9733
3282
7510
28
8920
3619
6179
3274
1839
8137
7518
8248
3199
5511
6238
5801
167
1048
4095
3036
9338
1130
5425
8592
6267
984
5588
4612
4862
5803
8041
947
5437
1903
975
4357
5522
3507
3983
7361
7996
7854
1962
1195
9717
4552
3348
9884
5600
7443
2920
4939
4925
8346
9883
1192
5682
1823
2157
544
7626
6550
1491
3063
8454
8819
7421
328
8678
7756
4042
6674
1962
2356
4222
1679
6908
7570
1563
2509
5014
4484
3800
9939
9182
3683
7484
1216
5507
5993
1760
3133
2543
9603
2549
7349
4774
6322
4030
3452
4078
8072
127
6041
6780
4349
7720
3688
1919
5636
2549
3285
120
6349
3225
5654
6385
7061
6870
8244
3054
4982
7729
1949
4585
278
9299
9360
6600
9681
9164
7031
7753
5643
9424
885
9992
3496
4573
8264
9132
7123
7901
5604
9824
1126
1258
2561
4539
4480
805
7593
9462
8535
9543
4048
5165
5194
9760
1766
4875
5276
5149
8980
920
4573
9865
912
8069
790
5528
7202
4265
3430
2806
4090
908
417
6651
5448
4897
3809
9393
4360
8696
8936
4760
3861
482
872
1979
5357
6148
7128
4337
7068
1701
554
4333
6123
1345
6213
3325
5610
5995
2483
6052
6904
2900
9056
8704
4150
2865
8097
8510
1561
3386
9622
1774
3868
494
3754
5578
6642
7234
6267
63
8936
6822
748
5059
4519
6961
4736
6481
2957
7219
2534
6213
6472
7942
1269
622
807
9366
9132
8720
9104
5106
494
9325
5600
600
4903
8594
7835
1170
5009
3123
4344
5757
4534
5215
9071
9270
1697
2028
2841
583
4593
9313
8525
5862
6287
9332
1580
5419
4404
685
525
1250
10
2477
1851
4913
1072
6038
2435
2433
9161
3132
8191
3695
8347
7262
9317
44
5642
2158
6979
235
7824
5504
6097
4111
1188
4029
5883
5592
4714
2760
6843
4724
5238
5046
5989
2662
1084
4777
5095
6597
7909
9638
6644
6256
6900
5961
2653
2542
4471
9632
9129
2295
1489
1578
6407
2677
5608
2290
8270
322
1402
1465
1399
6640
2863
7388
5654
299
2165
7102
6896
6426
6740
3540
2683
3641
9501
1688
2535
3972
7672
1665
2620
9161
9595
9027
8191
5203
7669
6461
5526
5423
4278
3277
2064
7141
665
4070
7440
9183
1172
688
5609
7913
4228
4644
7906
81
2684
6793
405
6709
4810
3025
5870
4406
8404
4061
9609
2425
6874
1487
7849
7504
4764
6265
997
1782
335
8437
7317
7860
5477
2926
2125
9705
3923
6383
6138
6607
3176
6544
9668
7987
9569
5539
2393
4326
5952
8354
6751
9179
6194
4600
6683
958
7217
4033
9092
7553
2470
6409
1765
4300
5688
3890
4005
5963
273
6496
8922
9801
3040
8591
7788
8961
482
6533
3287
2786
1240
6391
1965
7434
7343
5001
4744
4561
9034
3837
2114
7856
6598
231
2156
8638
4121
2514
4601
746
9010
9876
547
8402
8467
4688
3715
8949
1221
7003
1735
8813
9746
53
6247
7089
5054
992
1650
440
1181
116
8296
4131
347
6805
9122
820
9319
75
1566
4681
9951
2114
9435
8418
3154
3150
3719
727
6505
5455
9541
6251
5508
5788
3341
6914
3132
1343
7354
665
1460
2002
1149
8159
8807
271
8980
4478
6698
546
9159
6650
9012
8594
1420
2166
8097
5140
2894
4602
595
8787
854
2455
4575
547
9369
4060
1890
6723
1077
3350
5077
8578
1510
3885
8849
490
8363
1900
7388
3875
8550
6401
8821
9970
4919
6918
5110
7813
1521
2057
6600
8727
4512
7528
9274
233
7940
1164
3308
5369
867
8386
3948
2377
2271
9149
9219
6986
1049
6607
861
9599
9360
6035
5922
4280
9305
7384
8445
826
5794
1398
9553
6658
5278
5179
6892
9570
6344
6552
4939
7211
4938
5239
5940
3561
4389
1511
6900
5438
4470
4113
1390
3831
148
3664
4463
9454
7400
9260
6632
3194
658
2538
9853
2288
7717
3097
1858
413
9649
6798
3976
940
2037
9916
853
2778
1427
7753
4569
5898
8219
2311
6081
4719
5975
544
525
3375
6156
7158
6570
6815
6048
2775
9103
117
5872
7314
531
5521
464
4507
6461
8853
776
3667
1632
8555
1420
6201
4453
5991
8512
6886
711
839
3782
1236
4214
9939
4746
7136
6754
794
9911
2209
7264
5783
5875
4147
7657
6339
5006
470
5193
5782
4137
3177
4338
1910
9378
5143
7901
4242
2030
8612
1433
5812
9849
5647
5751
947
9136
8857
1742
5399
7419
5358
7535
3294
9505
5192
9634
4511
5662
1179
294
6152
4356
984
8062
3734
2479
5963
4328
4509
4576
5761
6674
777
7760
8777
1724
3248
7635
9818
8648
1406
5176
2535
4700
1033
7727
4334
5545
9741
1865
2191
5893
6221
9527
3955
9955
2006
9919
635
2868
847
2748
9542
1624
509
8319
9700
3757
2306
5871
8757
3712
1047
1292
4765
2081
5371
5451
3978
1465
7317
6169
7358
3538
5696
7666
9846
7702
3937
6833
570
1136
9582
6464
9112
91
1136
8812
200
9794
4683
5310
9859
2083
2954
4624
516
4678
75
4494
6143
3744
7015
9853
7283
2711
3871
3481
6765
7808
314
3688
8944
9896
152
4408
6339
7640
3221
2892
7435
4256
8202
7294
6339
7508
1918
6855
2186
8345
7701
8329
8442
4716
8183
2077
7427
2054
5558
545
6215
5872
585
1511
2121
7089
5920
8460
4730
5493
1352
2165
9749
5906
5811
2441
3415
4081
9296
5601
8778
3350
283
7220
8066
8466
9297
1846
6872
4855
2391
9439
7080
9328
951
9201
6417
3223
4013
1147
8716
5366
9664
4817
1272
5475
7258
1039
9556
2907
6641
8335
6257
6924
1907
4323
1742
1205
2521
4966
2412
1264
4406
9492
592
1709
5045
7010
1284
9059
4509
6352
4425
4174
1169
2049
9649
8428
3089
5558
1335
6082
245
3944
9358
2152
4619
7452
3357
7141
2418
2122
8405
3176
1614
5350
1237
6660
2360
2521
5719
3221
8873
6496
7395
6395
4897
3397
4823
4338
5307
2510
6772
5552
6454
6130
4056
1073
3582
3766
4566
2353
5888
9324
1881
7502
4674
3119
514
3386
1992
2585
6607
7218
5433
355
3613
331
3752
8436
4669
9059
7298
7794
963
3752
3924
5019
1177
3859
8785
2096
2564
4673
1420
4445
8528
2446
7564
5394
2184
5909
7980
5143
3127
3413
5498
6740
96
5602
1528
1118
1013
8826
8912
1976
8930
9188
3348
6459
3047
8485
8555
1963
9511
6327
6409
8039
5125
325
9785
7309
6234
7765
2453
9361
7531
4303
6101
7627
9906
7629
8745
919
2807
7657
2896
1737
3198
2596
4549
2597
1081
9456
4561
592
5784
970
4983
7261
7647
4769
923
3882
8886
3376
3243
6417
4031
5697
4045
3937
9678
9142
4857
2486
3152
4105
575
6350
6701
5124
8947
7782
933
9860
4727
6717
7182
6062
330
4830
831
1253
8712
9718
981
8307
2487
5013
4004
2884
8950
35
2027
3807
8873
1531
4264
5800
4233
965
7277
9532
5100
8210
9393
6179
4927
6575
2241
1609
7757
9425
2863
6469
9143
3844
1129
7982
5209
1485
867
4160
1520
9246
4319
393
7129
8584
6194
1362
5901
3471
894
7353
8033
6639
9884
9312
3215
2126
921
972
1551
3784
3794
7046
3981
4923
5028
9190
6408
2247
9702
4281
1493
374
4674
4974
5310
7220
6336
1211
7043
7231
4917
5076
222
4801
4388
3437
6927
1662
762
4830
1798
908
8228
5779
5831
9609
1322
8591
1856
7376
2872
9702
7750
3899
4676
3060
7471
1013
624
867
4596
5541
2295
4818
6694
3036
4608
9974
4698
1722
4804
6496
2630
9385
8628
4813
8994
6302
9756
850
3678
2629
6904
1429
2880
1581
841
6703
8946
1465
7570
9894
3358
6218
1064
53
9254
2024
6379
304
3746
1183
6800
2728
6920
1780
3893
5914
8082
3650
6765
1761
2631
21
9542
5511
1602
383
8566
6900
1849
6137
6794
1559
8707
7859
7964
7961
6235
4343
8265
9982
1879
1417
2710
8799
3198
2956
4714
1280
6606
7831
9393
9237
7852
8935
1100
9455
9319
9666
2707
7520
2155
9502
5431
862
3713
3396
5175
9948
7739
9792
6282
9618
1210
5345
8418
760
8301
9484
8392
4907
7315
7786
496
5167
6721
7948
974
2392
7614
3682
6264
6122
9536
1696
3336
9601
5092
8512
9549
9183
4656
2184
8802
5866
7529
3572
2978
5830
3056
1371
7089
371
9157
3937
1890
2230
1885
2865
975
5851
2899
7239
1973
2435
5287
1662
2036
6731
174
7937
5915
4830
121
1069
7049
4002
4641
27
6184
4049
7750
9625
772
6907
3562
2662
5490
5447
1879
6465
1299
1130
56
9624
3565
5344
1286
1953
2075
7812
6243
7990
8995
2716
5411
2396
6719
52
8775
9255
453
6526
8881
1225
9785
2443
240
5275
7891
8471
8092
5542
9602
8149
5166
9519
9845
2805
1473
8272
617
4068
2615
9612
6784
8026
8360
9855
4431
7136
9111
4884
3662
7992
2462
3447
435
2702
8723
4678
7525
3167
220
7127
7668
1739
6647
7513
4544
4472
5786
1513
8540
4753
7478
5324
2779
5838
5180
7210
2974
643
8447
6636
8635
909
6436
9070
9963
1511
101
7488
4678
321
4616
2347
8412
7615
6212
2956
2087
8350
4470
627
3103
1948
2303
2235
4138
3835
9445
7113
4478
4244
101
3113
5153
6537
8536
1468
8048
8637
8957
9079
5310
9925
7778
3723
7540
3990
3031
9627
8693
7501
6606
1796
5801
8909
383
9940
9097
6181
3405
3575
425
3506
3041
1931
6396
7929
3399
796
2918
2356
9875
8228
2281
4005
1951
9821
7996
4983
5800
3041
8836
2406
1189
990
7668
1573
7282
6765
7754
687
6692
8179
545
6085
110
6941
4014
3510
4090
3284
2218
317
1513
4500
4323
9816
673
8671
1151
6474
1712
9988
8880
2901
7330
2900
4474
4612
6017
8580
5299
2710
6760
5844
5147
3222
9138
5514
3084
9580
8798
5303
9897
311
6155
4220
6480
6828
2891
7631
9654
955
3971
8535
3857
1301
7787
4683
5913
3805
3264
1212
2867
6376
3409
8014
5950
8899
9880
9035
4831
8679
690
4728
5342
6845
5301
1822
25
4544
5806
9680
5500
9777
4567
5709
1079
2354
392
3344
2511
8
4557
5378
2736
4318
9745
8687
9569
9625
4074
4400
8304
4764
5480
9999
7961
781
8173
4338
1678
3979
4018
3530
109
4937
9239
1188
7292
5983
4532
9803
2344
5441
1534
5080
6111
1279
3767
2032
904
7841
2784
5561
8957
8265
1912
3270
5398
85
7609
3428
417
7979
6958
526
2917
6197
8066
6561
8533
8950
2716
877
744
4250
5957
6855
1881
6077
5240
2786
270
8024
4699
9228
2641
2963
8850
4392
3048
6459
7820
9817
791
4779
6695
3708
7328
4761
6621
5861
64
9337
6738
808
3588
9048
4015
1821
5125
9255
4607
5395
3632
5658
975
2625
8621
6178
7017
8022
8989
1190
4191
9780
2321
887
9840
9649
5648
6461
5511
2064
5799
8601
2872
5739
4001
6888
7560
9126
2495
8520
874
6127
530
8201
5105
9152
4379
2122
3526
3369
9664
7717
3149
1985
8604
2990
1635
605
9451
3498
2669
1602
8451
5542
7341
2453
8782
1254
7931
1277
9774
8805
3757
304
7007
8862
5808
1386
7336
9334
4755
3353
3404
4257
5338
2008
7247
3325
8965
3050
3175
1635
4653
1627
3529
8346
4080
8663
9600
8363
6292
9374
7169
49
6031
4176
5263
8191
1914
8952
7526
6670
2305
7282
927
3995
9290
4526
7321
4608
7576
496
2595
2229
2123
2476
576
2555
1139
6528
919
7431
2255
4440
3833
8286
8616
5448
2829
6882
752
355
3552
3057
7637
831
3405
3280
5357
726
4240
9286
1222
6835
7867
9698
9311
4795
8605
450
1324
5876
4233
3579
6668
4418
8217
1636
9867
1046
8519
619
7754
8423
29
1743
9255
3434
1375
964
512
5615
250
8086
2450
4470
4136
8113
9265
9094
4915
6941
4970
9149
520
1639
9919
5089
3275
9786
2488
8146
6758
6594
6570
3139
8337
5825
2925
6065
3141
3437
8032
9744
7875
483
4214
2012
8596
9831
1106
3512
6773
2428
9013
3645
419
8932
5087
47
5071
7575
8193
8181
4169
4763
7672
8858
6940
6949
1275
6434
6738
9308
6178
4613
6143
6744
6625
4739
6575
4083
4603
9700
2864
9968
3346
3283
5253
8433
9682
6676
2360
7876
4857
2881
8991
8881
8091
2284
5830
9367
8718
2568
8675
1248
3533
4818
7992
6511
5909
919
594
6865
6972
9810
3185
318
3094
8438
5103
2776
1466
7463
7004
2675
6696
2348
1556
4787
4632
3738
4154
9702
6306
9181
950
9840
3999
5294
2703
6261
2565
3297
3126
9537
3108
2663
6207
2554
1102
1310
1682
8920
5125
5039
1596
1821
7387
3152
6609
8371
6891
7115
8073
9549
6297
5375
5741
6648
669
8444
2909
9586
8094
2387
9124
1202
5051
5331
108
2505
2994
8142
1425
8119
3181
3021
6293
568
2526
9254
5291
9417
6369
3364
5318
9018
8739
1060
5667
5760
9504
4928
1699
3950
7316
823
1504
8719
2506
1612
1224
5500
9755
9001
9972
9288
2023
6265
9857
4549
1871
1500
318
4592
4865
5636
3611
9956
3048
5630
2069
8905
558
3768
2855
7874
943
4360
6593
3449
2324
4169
5302
8431
3171
5274
7720
1546
7891
3929
2447
9762
5429
9117
4354
6646
1105
4317
6603
4154
9947
5024
9411
506
5144
2266
4732
6087
2978
7678
5888
5303
1847
1190
86
1370
6464
7806
9268
707
1735
8067
469
7165
7184
1176
3811
8290
5493
6766
8796
1793
1790
8207
2299
6934
6825
3383
9373
9804
1061
5262
1459
9261
6452
1545
6983
9269
9352
6252
6328
7439
4319
6798
4604
7856
4326
4768
6146
6171
7886
1294
7964
9677
9501
6615
2963
6326
9999
8689
2482
7412
3951
293
6673
6755
1839
3657
2376
7543
6261
8705
1334
6932
1855
2291
4788
2533
7059
7286
8704
4945
8580
3021
974
4433
9636
290
7112
5987
5331
9594
3400
5634
9888
6425
2389
8079
82
1118
1974
2695
9823
3308
9628
8030
5599
768
563
9010
8055
5619
308
6635
8640
1282
1069
4629
7924
8181
6968
3255
4127
368
8889
367
3146
7631
4798
9580
8749
6772
2276
4924
6433
8256
2954
2032
9024
9869
7395
7079
5488
7703
67
481
5337
1136
5110
3262
5669
8430
2869
6148
5151
8111
2868
8297
5742
7666
7877
843
791
153
5767
7224
8409
5073
5608
7434
1294
3003
865
6782
706
932
7263
6044
8420
8725
5658
4089
3508
8527
6590
8659
6638
9458
6956
8732
7124
4833
9575
7915
1339
1694
1491
9748
3119
3452
3534
4413
6455
4400
1196
3514
5332
4811
5910
3753
9889
7920
4194
3397
2799
7136
8408
5790
6594
5364
4522
71
6549
450
4338
7888
2144
5830
3989
5264
5634
3875
6029
2089
4627
3577
1955
9960
4741
4217
65
982
2137
611
4379
4937
4100
9139
727
694
4503
1601
7117
7404
2051
1456
5293
4196
3638
5634
5812
9272
9509
1841
7713
4137
5419
6021
449
6512
238
6866
7494
2376
3829
8225
3665
4281
7364
744
4976
8219
2345
8445
5623
4397
6253
7268
8593
9891
9254
757
5515
8764
8950
9581
9253
721
5602
6054
7233
5840
9272
4727
4568
9453
2952
8233
3735
316
8977
5063
4887
1323
3508
511
5720
9762
4131
665
6005
3386
7774
7873
8502
6724
7454
4107
7446
3056
6513
4679
5248
5785
9407
9817
1590
8711
8050
1677
5380
3380
3092
267
1055
2953
778
3127
9067
4910
3792
5072
8296
1566
9297
6798
4642
6751
905
2088
6159
7418
3120
1408
9555
2527
1225
7497
7590
5627
9175
2970
5359
2267
3238
6414
1572
368
9541
639
5278
9685
5712
9926
7603
1361
3076
2246
8113
333
686
4272
4103
3806
5680
10
2685
3257
7508
276
5237
3035
3246
596
1654
2836
3363
3227
3205
2904
3866
4835
8942
5930
4762
2897
7292
4190
5143
1757
4524
2182
6029
8627
5988
8062
4990
8674
7671
2498
5302
2908
1885
8548
3505
3539
1385
3220
3118
942
6124
3337
5777
1418
9267
539
4316
2911
1082
5811
4668
5606
7993
7050
585
334
5112
5575
9008
9135
4425
662
2044
6310
9210
1901
6202
6947
5121
5672
7889
7597
9009
19
9016
8277
6910
9684
1188
7992
5495
2209
9950
9841
9259
536
175
4371
2463
5535
3506
3241
6197
1902
5903
1759
155
2105
5059
1628
7778
9300
9226
3139
9319
4594
1416
6230
4278
8957
4222
6125
1166
4173
5966
425
1061
2493
1148
9876
8028
1006
3117
577
9261
5373
2337
9416
7478
7396
1045
1608
3048
6623
4748
2368
7569
2516
4950
8199
7825
5524
4324
8991
6049
6643
5768
7110
9136
6916
3339
3517
7923
2808
4094
7184
8181
2783
2952
2012
6531
349
9972
9580
6972
1072
8300
893
3589
3250
9092
7766
8774
9769
6758
4824
6412
2526
8286
1900
5795
7977
1769
3718
786
2216
7254
5319
4999
6558
7331
7883
6908
3656
7463
3880
4728
2115
1126
4669
1717
218
2436
491
9987
5546
1667
2751
8072
6306
4652
219
635
6421
3937
7773
8637
7543
3093
9989
4102
6776
7872
1010
6784
1687
1242
1513
3802
2368
2534
5519
8939
1322
2362
8926
6868
382
1678
1293
3040
2682
1512
3675
9103
1802
1449
4093
9345
894
434
9799
4022
8306
7161
807
6345
4756
8672
147
7124
1206
2018
6063
2529
732
1342
5749
1114
3020
7042
506
2054
8555
4182
1157
357
1983
1602
6054
9229
2036
2206
9603
6694
9367
410
3039
4123
5434
9538
7600
6641
7908
15
5522
8641
1357
1271
6107
729
4666
2966
2783
3221
3500
293
9930
1835
8247
2336
1064
6636
894
667
9682
262
7430
2722
737
2864
8612
8337
5857
6521
4705
7731
1514
2414
5355
3973
3144
21
6939
2279
9594
439
8924
5876
8626
7172
8212
9690
160
9107
6710
9842
5721
492
8916
6458
9708
7529
1148
1918
402
2205
6001
8268
4619
1356
2241
4115
7729
5533
6395
7323
2324
1671
9551
951
8843
7764
6993
5355
3223
55
5198
5296
547
4114
8106
6608
7995
5606
8526
8397
7811
4527
6665
2431
2236
5259
6546
9965
7144
9293
3641
5820
965
3192
3123
6160
7308
117
1516
6883
6524
3066
8531
7072
7180
6638
32
5176
2244
4910
9925
56
9437
2943
8839
8025
8202
5385
4343
1698
1031
4336
7518
1996
7528
642
4508
1189
7111
2376
4424
3635
5442
2956
7059
8975
5946
7091
503
8190
2001
428
4598
7791
3371
3437
5816
7925
5175
6511
9623
2558
847
3494
906
4728
488
5414
5917
7599
7791
6693
7586
9585
9649
4646
8560
5595
8089
9063
138
6443
9492
1088
4234
9215
4526
6402
3493
6053
2914
3116
8611
3761
2962
5869
4841
3450
1283
758
7401
5426
3804
4988
5012
3453
9634
3572
5401
7723
8988
1891
4166
4832
2979
4752
4047
3857
7507
7540
6262
421
7009
1225
534
6323
7094
5376
9774
8378
2486
7175
156
6290
2163
5168
6096
8149
5093
7849
2225
4081
6092
2743
8913
9071
3848
9312
9281
1355
3205
5543
8128
6566
6769
8662
2889
3863
390
9015
8593
9229
2543
8750
1871
4706
270
7967
9208
5363
2168
7785
9444
8260
528
4709
3684
4376
374
2965
5731
9931
8508
3859
6497
5277
8874
5738
5493
5616
4754
438
4845
7297
9188
6717
8355
9459
1036
3915
1174
9557
1700
6971
7817
2229
1680
7853
2957
8406
818
5041
8337
9327
5252
1186
956
478
3277
2801
6095
4383
3240
7292
8032
8780
361
6387
8239
7750
6655
9414
7307
8355
2737
1476
6936
4417
9330
6246
9176
148
1287
3865
5827
2891
1404
3136
3370
4681
2289
5817
9064
5529
3109
7096
4310
9823
9835
8901
7573
6490
4667
4880
1198
7404
2708
4486
8174
2038
732
3702
8539
8371
7567
4366
1263
8971
3854
985
3652
6144
6802
9068
1673
6263
6164
2335
6086
2352
7589
11
8842
8608
4891
6392
6013
7600
879
539
5990
1611
4241
4529
9983
1808
5248
7598
7132
9102
8583
784
5246
5385
9853
3272
8000
2369
1959
4087
4721
9548
4098
9916
8157
5342
2660
522
9294
3539
1061
5284
1503
1654
6166
7838
9814
1414
5436
6946
516
4019
7731
2115
5756
3936
1739
3756
2657
3698
4195
7379
9599
8294
3647
4108
9988
6307
982
9282
6199
2043
918
7702
49
7084
5540
9863
8498
976
6810
5367
1347
893
3834
3455
4829
5573
7211
7486
9271
1407
1217
5222
6053
1216
9330
2393
7524
6664
8027
3723
8707
8945
1425
5108
2382
3317
4972
7232
4293
1782
2599
1992
2675
6433
5447
3856
8358
9010
7694
3982
417
8912
9204
2822
6480
4887
5215
4004
1551
3242
4079
6611
8540
1856
1719
922
5173
3043
8154
5818
4825
7106
7810
3852
9891
9609
4060
8250
8620
1755
2232
9037
7019
7788
8212
3499
2675
9779
3856
579
3022
7935
7190
7914
9792
5261
8836
1317
8305
3342
7136
9482
6800
4946
9687
6692
4556
3747
1294
3176
1854
3526
8565
5225
1314
3129
8725
342
2909
8933
921
5931
3220
4463
3845
9364
9724
9033
682
4381
8727
7818
216
5528
9116
9903
8572
24
2
9866
9552
1857
9744
4470
3434
7410
7599
8511
7752
508
7444
5025
2791
665
9488
2988
29
5565
8373
7063
9946
7101
4881
162
8981
350
6417
7553
374
6420
3771
6279
4629
3515
749
8063
7277
4700
6575
5030
5209
371
55
4352
7388
5896
7341
3770
1461
5714
833
7759
9167
2067
7922
8148
2417
691
5701
9143
7111
5824
1774
8092
5691
2523
2508
2969
3576
5435
7999
8785
2158
4406
3137
9547
302
6830
3317
8115
2545
502
5875
8064
2569
149
6213
1338
840
8266
6834
4304
4091
8608
8748
9782
7484
1256
2751
1060
3043
7102
6197
5202
7861
5686
1101
4515
2517
4418
2631
1414
1272
4858
9478
194
5007
5691
7884
5847
310
4718
6503
4401
9679
5252
535
7163
2860
9639
4575
5904
6741
772
7458
954
6458
8559
5470
5327
9329
4453
6741
601
9311
6220
795
670
8263
8680
2869
8573
9750
9373
9326
9429
977
9862
2944
3837
9501
7519
9741
2594
4643
7199
3549
7454
2110
5371
2781
1439
6176
9523
2041
5487
2095
9188
2509
358
4220
5378
5284
323
4751
4610
9752
5728
824
2697
5918
325
6568
2011
9272
1212
5563
9173
8666
7673
4544
7799
9113
7072
7322
7506
2559
9417
6694
1420
6128
7267
6798
7764
7590
7902
2374
3694
9982
9551
2743
5900
9876
5664
7912
5500
6876
3475
4673
1894
7500
5569
9693
6613
2641
3368
4119
1552
9137
7166
2972
1617
785
6123
9381
4727
4025
8108
8421
4007
7659
1165
6260
3887
6829
524
9388
57
351
413
8303
7851
5983
4348
817
4976
4068
4936
2881
3206
8454
5853
1175
9239
1976
557
3966
2353
5017
8740
2713
2676
6257
8973
2915
9438
9497
2303
9495
6200
2717
4150
4051
5052
4850
4868
6380
8919
6157
9261
8477
963
1467
9652
203
9795
6561
521
2149
1578
5613
4862
606
1870
187
3522
1308
6036
5825
7155
2236
4894
1305
2639
6298
2508
7508
9031
1427
17
8292
6256
980
9759
5908
7535
5907
8822
4409
8056
400
22
9270
7359
1893
9457
881
3201
5493
3058
6709
7729
4305
8014
368
603
6874
4228
9634
8301
597
4279
909
1578
390
3170
5465
6297
1992
6226
4353
8744
6249
9975
6103
4494
9432
6984
4047
4925
43
756
9006
4348
5123
5727
1303
1997
9955
7290
6651
553
1569
7560
8483
8311
730
300
4609
2722
6527
5314
1467
9128
5290
7570
9974
4722
907
4021
6000
950
4778
5006
1650
6253
733
2953
8250
7041
243
4901
3946
8164
8814
8781
6476
9544
9081
7437
8619
1960
9103
6438
1088
4393
360
1062
5468
1267
1436
7820
8569
2566
9178
219
8819
6264
9525
3421
3305
6120
4675
3603
4285
3489
2384
7113
9385
7817
902
8004
9778
5
794
7218
751
1155
4633
2571
8774
6069
391
7344
8635
9569
3915
3806
2185
3440
7227
5490
5913
8254
5445
6550
1743
7829
3663
7481
5647
917
5485
5425
922
2632
8995
1673
3787
3628
4244
2561
9697
987
6257
4684
6909
173
8490
9094
9965
2070
937
5878
324
6382
2428
8420
564
2443
5901
6211
3360
7738
7988
635
370
6983
2308
509
6964
2905
3071
6661
244
5680
7698
7153
5853
2540
2600
2171
962
9889
4401
1287
6271
3182
6059
3187
5625
8312
9398
5338
6050
3738
5973
2773
7074
4633
3282
390
3890
2705
3403
4135
8386
1101
7640
591
3642
240
9114
4604
129
3516
2243
2753
6698
4654
5940
8675
2966
1691
365
9017
1781
6338
8142
5207
7324
1424
5597
1214
4130
9001
1701
8868
6454
9342
9459
96
5934
8574
1053
2416
8442
9648
5169
5140
655
7461
167
3621
5504
533
8990
3638
3223
7132
8845
547
4909
795
8114
9039
9796
9815
4259
6250
5509
70
2699
1444
4996
104
3860
3438
6104
5381
4930
6759
9194
5098
381
1051
1983
5723
4689
5206
2856
9886
2106
7765
681
220
3156
6829
35
3767
9432
5545
3837
2131
3341
5186
8587
7201
8624
4691
8934
9907
7803
4480
5005
4536
5531
3340
259
220
8546
9467
6459
652
3584
7140
7224
3092
322
7260
6859
9754
9157
7049
8237
2498
2235
6824
6051
7211
7867
1337
7118
2022
5817
8475
6558
1349
1815
3170
7921
6714
2637
4380
3718
2574
7873
943
5666
8195
8203
8878
7949
3712
5927
2538
2562
4514
9362
8613
1725
3581
9950
8844
5604
2119
3671
2162
3468
5487
5332
7742
8553
4322
8474
2271
6896
6347
3214
8914
894
7769
7792
5195
1481
71
7733
4043
4585
7095
9008
2663
7029
8958
7859
2633
7430
1530
1147
898
3369
6480
4992
1922
7154
3467
4194
4050
6166
7408
9316
7061
5178
7109
2256
6659
7180
9990
7055
8118
3437
6063
781
466
1374
8640
9451
8804
6522
599
6054
9892
3431
1047
1814
585
4514
6008
987
680
9769
303
4093
4947
3764
6350
7958
7297
2692
1365
5415
6129
7429
2548
2948
8803
7540
2399
3959
4062
9350
13
3954
2781
1060
5769
9718
1926
8129
7057
8959
7898
3713
3052
9197
7477
5754
3508
4774
8446
4873
6541
928
2302
5441
228
7457
2981
8979
1416
3396
8330
7782
7350
7463
5194
9471
7182
3473
3953
591
2432
8203
4304
1836
7401
1782
7591
7261
2908
6037
2134
5802
3317
789
7595
3545
4598
577
8877
6015
325
7207
149
7675
1022
5343
3499
8204
8816
7452
8796
7600
2007
9452
9437
5760
1234
7028
3021
495
9417
5156
2649
2735
2297
244
2632
6895
7173
1509
9262
7498
8716
9411
1526
9739
1107
5025
4295
9923
8829
9443
7524
836
8896
3313
6597
6482
341
5970
3329
9758
1126
5978
8845
9775
6223
1478
6671
3396
2987
5933
7247
8056
1697
8773
4147
2804
3798
4794
9079
8979
590
2955
6167
9486
6268
9116
2320
6609
5087
5650
2720
2565
7980
1565
2341
4203
3043
5364
3952
2383
1297
1199
439
9346
9972
938
2150
122
5732
1230
5453
6322
4185
1620
2160
454
737
4481
3415
5824
6483
6135
4741
4463
7701
7082
5019
7096
2446
8971
9479
96
6522
6270
9442
2846
7208
1593
9320
9293
9175
4773
5615
3360
2745
4128
166
3482
8609
3582
5658
1444
9717
400
5907
3770
3834
926
867
6281
6249
6698
2729
2771
2969
2171
1969
6529
116
1289
5822
9291
2414
1438
2652
5160
5566
9170
4994
527
2752
7005
1971
8822
7405
4230
2592
7591
1509
9811
224
7758
6510
2953
6882
9479
5125
5203
6008
5241
6493
1831
4533
5259
9621
3537
419
1539
2707
5414
8418
1812
2419
6741
634
6176
971
3226
119
2480
3038
344
6591
9548
3297
9825
5379
4774
5028
1387
16
7873
9570
901
3133
5543
790
3552
7082
3497
5318
1852
1661
4089
8593
2295
6617
9565
1874
6737
8397
4912
7081
1340
812
6730
1165
2543
1505
2546
282
7873
419
9853
5126
3552
1748
5916
3457
5183
5765
5127
7035
7427
9217
5629
6074
2186
1546
7948
5275
6295
9212
2356
7636
24
5439
8801
8919
3296
7699
9202
7521
8119
9055
2647
8023
7155
4915
7832
2338
7032
9312
9374
811
4881
1355
3238
7067
2901
1186
2343
9196
399
1051
3184
6775
2842
8338
5695
6138
6037
4897
3659
508
304
2658
8532
3811
3925
2716
6150
7310
2028
1876
4473
6909
9583
7711
3977
8836
5250
2672
4384
5649
3723
7569
8776
6566
5907
823
9056
1944
2072
9068
2453
8728
8078
7337
2540
2004
6405
5042
5666
8434
6918
6491
1695
2853
4203
5672
1689
9453
4696
6073
1454
8420
3642
6582
1338
5901
3758
394
7846
5830
5814
6651
911
3893
340
3451
2249
6745
4845
7915
1531
8115
4406
3227
968
4961
5251
2657
766
9948
8730
8572
4720
8725
5155
6058
4626
8913
2804
8824
1095
8619
5475
2006
8864
2167
1809
1113
5265
3006
5380
6796
1121
6138
23
2089
1100
5275
1098
8218
1575
6181
6791
6295
4906
8298
8705
5884
7211
7861
4709
4658
2832
6536
6665
1696
8704
4826
2809
321
7833
4541
7117
8954
680
3493
7396
8132
5120
4846
6350
6695
1027
3141
9342
2285
1439
8047
8170
5002
2260
9231
6013
5093
5767
2678
6789
823
3856
5951
1144
1689
492
4614
6996
7524
8107
744
5656
3227
5590
2007
9922
2970
1500
9264
1607
9292
3663
6129
646
5923
5360
6659
1016
7480
9337
4158
4655
9546
6461
2152
7587
3305
6766
4583
830
4873
1679
6486
8100
3622
4845
4374
6592
6346
9990
4551
5638
3653
681
6284
5928
6041
2944
3297
9873
8633
3807
4529
4531
268
6681
2119
9925
3447
6702
755
4672
4734
3594
9124
8356
8439
3498
4948
4785
9840
9499
6775
3493
6532
3060
5773
2574
2356
9070
2447
7341
2877
3328
1873
9497
9
3992
9423
3456
7046
178
4480
1780
3772
3604
136
2212
7102
1436
3349
6942
7288
125
6787
3820
9537
2561
2746
1893
7983
1546
9234
861
4874
7459
358
4884
1451
9781
4692
8498
6312
9173
6630
6436
2777
6767
5000
6232
4555
8350
9526
1843
8475
6314
2016
8012
5227
4762
6257
3210
6308
1843
423
1183
9303
782
2419
754
6915
7111
5604
9579
6284
2235
6016
5414
5354
1016
1646
6261
9366
7524
8105
4193
190
6473
8557
5417
1235
4814
4980
3896
6658
5403
1431
5961
6185
3850
3067
9453
961
5024
9032
3598
3611
5048
9012
8965
2417
7010
1578
8135
4534
6035
2329
4725
2508
886
6494
96
2053
1474
3992
8711
3230
5423
1024
5767
5625
4091
5220
6586
9115
4253
6536
2726
5653
5548
8043
4422
8910
9622
2558
9797
5657
1239
874
4518
2125
7368
4614
530
5195
8606
9241
8425
381
265
4192
6006
709
5765
8944
6176
6370
5481
8903
8375
7381
3298
2798
2644
9272
5356
2441
1282
6595
3315
5800
5072
7035
414
5603
8582
5372
1196
3359
2105
7814
7552
8111
8523
9669
3407
4699
6039
8888
9954
4414
2622
9605
7212
5266
8877
8920
4059
6511
5515
3726
2311
588
7113
2725
2543
5696
8097
3739
9055
6554
1553
2959
4665
6428
2628
4425
7480
5019
9665
3786
9434
2287
9743
2998
3905
4973
1919
7964
1484
3786
8042
3796
726
5156
6521
3269
852
971
3361
6259
7525
1266
9219
8543
4047
8199
9320
1527
3219
8985
1665
9005
7625
1409
8355
7882
6382
6626
2199
7866
413
241
8014
7491
5397
4536
7113
2601
1859
474
8861
5736
8092
4432
631
2139
2631
9951
3666
2202
5289
1684
7559
2914
3093
5915
796
9475
8893
9347
3693
5658
9589
1708
3150
1338
2596
263
3940
807
7089
9153
2895
5181
3585
3527
7321
2568
9830
7339
1123
5119
9023
8682
4385
2116
949
1534
7943
6195
881
7989
1853
470
6049
5003
1809
4997
1618
2101
5804
8707
1254
8699
241
1191
2226
7562
3759
8409
1253
1234
3528
277
6269
7914
8745
3570
9448
3041
9765
6681
7382
1619
7152
3431
2974
5313
8428
4593
3766
584
9652
5020
9283
9893
6211
7862
7455
6322
6271
5061
7557
6151
1690
178
417
435
3748
9865
9828
3514
2899
3562
1485
6403
3345
4459
1716
8125
5404
1834
8709
5057
6854
4345
4950
9417
8559
8758
5739
4830
3819
9648
7333
5509
9826
7751
2296
9927
3968
8477
3441
6867
2039
4926
3270
1737
5737
1338
9862
1142
3172
4924
2551
6378
9269
7501
5795
7828
2611
7887
9010
2782
3887
6343
8291
66
446
6940
9993
4415
1769
3434
7634
160
4712
905
1897
6801
8595
1760
4295
8120
3036
6846
4498
2305
700
294
6485
3311
4533
1847
6094
8420
4542
737
8486
4989
4029
8479
9404
5798
8265
3390
5959
9329
4295
4208
6131
9243
2320
426
7363
5356
3625
1861
7661
4325
8507
498
3988
9392
2345
6434
7813
6888
3524
2651
1877
7553
7483
7633
9704
5748
1023
5663
5078
1671
9871
7561
914
8544
4339
4629
3900
7964
6490
7914
8641
1350
8412
8982
742
758
5416
4907
7646
5292
7559
5875
2846
5042
9860
2550
7142
883
4565
8572
8906
788
6133
6172
9332
473
801
3233
4789
3644
1147
3431
4994
5911
8765
2088
6669
533
6996
667
5826
907
2894
8672
5949
2754
7574
9443
9990
2139
8016
5248
9279
501
1421
8612
7326
8574
8197
2116
2218
5696
1899
3564
1607
664
5653
4629
1197
9001
5296
7023
9908
4543
2047
5857
7297
9621
1652
3639
8112
9668
8888
7392
6522
309
2356
3848
8883
553
2316
7454
6249
4215
1018
4208
1231
3023
8837
8781
2024
4134
2156
1932
8677
4204
4141
2326
177
5794
5966
4642
1814
1206
8386
8336
7867
742
8537
6750
7647
853
556
3896
1421
1575
8104
9004
950
3294
7785
2975
7428
9942
1259
2457
498
5401
1135
7027
7547
3453
8021
9361
4659
6407
4050
2526
3501
8939
5629
1148
6144
6185
1396
7565
4112
5853
6570
5063
9147
707
4390
2927
7001
5649
1736
7499
1050
2871
879
4949
6325
8900
663
7336
1660
4713
9863
5161
4
1844
6310
6148
4381
7706
3714
8494
3559
6636
9909
9058
7343
4299
1985
4345
9948
3721
8196
7351
2945
9075
2300
9270
4328
2963
2958
5988
4028
9173
1149
4032
1017
3811
6533
5399
7870
6599
245
7781
3235
154
6840
6930
4453
8825
7627
753
8899
5824
4456
1844
1251
6757
7466
1931
6072
424
4271
101
9598
5421
485
615
5584
3370
2366
3454
9969
2611
1236
9556
2765
8076
6487
3570
3253
466
4324
2152
2642
8780
348
3894
1889
7814
2177
4314
8239
6449
4415
7837
8222
1252
4804
3806
975
3523
3613
944
6134
4849
6853
8900
9277
9692
8822
8882
158
3146
1035
2801
8279
1383
3047
6520
9198
5224
834
3789
1673
1601
7978
9895
9206
9134
54
181
2657
3667
7477
8792
4868
4330
4044
4145
4022
2866
3027
4181
2365
414
3334
644
8150
6381
3516
3700
1605
4351
7489
9631
2304
1819
5878
1510
953
5932
1691
9963
5951
5521
8755
819
9851
2799
1316
3874
2017
696
4407
4382
7462
4093
1378
5612
474
4895
5664
8431
5598
9505
4414
7902
1324
293
9413
8630
2577
7456
8593
4881
2977
3700
2052
9181
2851
3369
3055
4868
417
3814
9251
4231
7907
629
9844
4733
1876
1860
3164
7474
1366
3931
5377
9042
4224
1142
7672
3153
4950
2617
8034
7928
6317
87
7109
9168
9808
6516
4037
225
6682
9640
808
941
6621
652
5674
8498
8865
5190
5972
231
9121
7701
9273
9697
5195
3298
2851
146
2267
885
4426
8585
7324
7887
4105
7132
4403
4494
3709
7437
4134
4518
8378
7108
1522
4052
5606
387
5594
7930
6970
4716
1984
6244
4413
7179
5894
3616
3677
8161
854
8103
3098
8178
5990
3556
5311
6745
8050
5372
4182
8537
9890
8912
5645
7765
2964
7603
8152
4911
5533
5123
9627
3869
7719
392
7401
9965
4009
1078
4478
4863
5534
7577
9393
1524
7485
4704
4622
1887
6429
5156
6776
2671
4069
8773
436
3385
6376
4941
8296
8262
6416
7923
2131
4135
4668
9532
452
5029
6963
4930
6244
2497
8859
5637
373
6344
6694
4995
8232
3123
6504
5008
2146
573
3782
2583
3958
6510
3876
2255
4772
292
6530
3256
4427
1198
9140
1231
2579
6103
6161
8823
8600
5021
813
5326
1365
3859
6673
9597
3334
3177
958
5480
3750
1092
4415
7709
7602
8291
6316
2375
8583
2846
5631
9362
397
1123
593
2976
7227
6755
8152
2179
1776
5317
7505
9493
9176
4179
5443
2510
7356
6401
7990
1107
7493
2406
5168
5095
697
1484
3822
5633
682
5805
4995
1079
6929
5589
408
508
8696
4912
2687
6824
229
193
6317
9405
724
1760
1915
4432
8161
6257
1891
2006
5015
7059
3454
2065
4895
3628
7698
5578
9434
2693
3009
2715
4634
9769
3223
3330
4681
5910
154
4910
2455
2824
667
9531
4584
8934
3964
9098
1544
5855
7456
6559
9267
910
8624
514
4539
6322
2444
325
5368
5454
3040
6354
1575
6263
6037
6257
8525
6191
7519
981
5367
8187
512
9952
3473
4476
5402
5017
6684
2858
1577
5951
121
6553
6465
4660
2876
8910
1337
4596
716
4377
950
2291
640
6987
4900
9165
9531
2420
6498
4898
6959
3363
1202
432
4191
6604
5450
875
5815
7027
3178
5936
3580
5996
6948
2808
1258
8285
3756
1974
2662
4707
617
9654
8046
5518
5171
7577
4290
8022
8828
1249
1385
30
1681
5576
2987
7131
6452
8802
510
9630
1090
443
1978
8038
9603
3236
6323
9712
1562
5337
4419
2180
1343
8817
4050
6514
2747
8340
4536
1575
9589
2273
7957
7622
7850
7296
1106
4302
2450
7968
284
3540
4763
2263
1578
4367
5499
4253
4079
7062
5942
4850
5594
7285
19
9644
152
2766
7984
1040
693
3925
3314
8651
1547
1164
2299
2653
1818
4750
622
8454
4642
5385
7069
6221
6104
2569
6826
6535
5983
2769
7737
7929
6406
7757
7573
2910
523
1909
303
1217
2186
3617
6220
3733
1133
8519
2739
9303
9621
9713
7757
4264
1450
4827
6837
3907
3748
3663
442
6083
2784
4532
4012
5543
2289
7937
8453
9164
9846
8756
381
2032
8725
6601
2117
6210
1473
1208
5513
1094
921
9623
1710
8724
802
8547
2631
902
2211
9425
6985
1347
3957
7349
3242
2598
5286
1696
1763
5132
6804
8496
3516
5530
1450
1985
8092
2923
3194
3606
369
467
9581
2080
9191
383
627
8174
7637
9190
3952
4622
6890
4261
1971
132
6860
7257
8180
4975
8741
4985
3471
8609
6867
4921
594
4959
7844
3788
4917
4566
608
4498
6646
6151
1233
3625
4326
5222
9168
4630
9844
6058
8891
8167
2542
5751
1776
723
7078
517
2060
550
9126
8927
5471
6073
238
9668
6213
5156
4234
6821
6006
7232
2973
3592
7209
3651
8814
6377
8281
5011
8787
7172
3178
1330
9276
4955
8405
6354
1824
465
6904
7303
9392
2376
3376
9630
8396
9589
1138
2630
2763
3497
9862
5736
7089
7071
9387
2255
9801
4020
7266
8588
1192
445
6270
6820
1752
1027
3175
3576
1492
6431
7231
7236
5159
607
3219
3555
6549
4357
6185
9312
7854
2399
1400
1295
5823
7139
3551
1976
1159
817
6916
8703
7614
3187
5524
5718
4214
8699
5647
2059
1482
2878
9295
6642
9838
2514
197
6387
3224
2735
2051
1078
1486
9803
8726
7309
6942
2277
9285
4453
9446
2554
3156
3413
5741
8680
5483
6307
3731
1130
4718
5214
361
4014
1856
199
2880
8405
2938
6104
7492
1341
3535
8979
1144
2261
2640
8086
890
8278
2539
6688
832
2047
6453
6573
728
1937
9232
4459
9419
3951
6025
9780
4317
4233
6331
7197
2639
9269
9654
131
610
3189
5462
8106
1802
8103
2544
9044
6381
5083
5732
7213
3483
8538
138
4211
475
9370
5022
9894
9673
1048
6027
342
5281
2358
7540
4272
7980
3546
756
8590
6735
6218
6697
4889
4321
9241
3933
702
677
9665
4267
4160
4555
4405
4723
5030
128
9745
1277
9801
7145
3656
6496
8779
6014
4036
9403
3994
7582
159
8937
669
2730
1986
5558
7051
7579
9491
4106
4608
5508
8373
8768
64
9131
9843
1446
9259
5941
9075
5412
3086
2731
1908
8217
8746
2296
7621
9092
6230
4132
4381
6899
6862
6367
8809
266
3947
8300
724
8555
161
5449
3676
225
4580
3519
8023
191
5812
7099
5604
5251
9830
7512
3468
4928
9809
7441
373
6039
1574
4754
9291
4788
1122
8100
1406
1421
2753
8482
6328
2914
3932
6356
9491
4864
6228
7514
1408
2040
4613
7012
7291
796
876
760
2076
685
4553
2449
3077
2479
7204
2368
7268
4678
6820
5026
2451
9573
9861
8779
8839
3793
5136
8330
5009
1364
2197
6417
9756
3162
9781
7048
3958
658
4160
6035
7695
8713
8484
772
1193
2040
9492
4813
3070
2665
6191
1873
2238
6052
653
1078
6197
2141
5760
7559
9857
7957
328
9613
1120
110
3013
1430
768
7173
7465
8463
2239
2302
5588
3432
694
5080
4597
117
7745
7140
1990
6336
3193
8995
3766
9390
1136
9526
3301
7345
3836
3630
3311
1308
3740
6324
2738
4508
9850
6556
9323
2089
8858
4911
1873
5904
6344
2822
6021
4089
9962
4364
6777
3155
3359
543
8898
848
6422
2199
8193
6610
2181
1504
7918
5921
4181
656
6781
4031
7212
6105
6120
2422
7368
4345
4679
3712
7167
7052
7802
7129
1416
931
6637
4776
1475
5535
1976
4249
4086
169
859
6268
8026
8777
8541
2207
5785
5323
2590
2998
1428
5062
1772
8796
9407
2803
2509
6574
9856
6663
3703
7624
3946
340
2400
5421
2227
4376
6022
2666
898
6881
8934
5276
2010
7475
3835
7796
9150
6425
7146
6930
7839
5270
5727
7246
8074
4588
172
7930
7603
227
5554
1549
6920
4307
3323
9147
5035
5697
8165
2285
2579
3451
7561
4589
7279
1396
8737
6429
4173
5883
3360
2012
1154
5439
5610
9228
27
5782
3510
3982
6010
5416
1883
2930
6075
1558
8429
7463
7256
6595
9748
6187
46
3662
7128
7325
1410
5866
3755
5584
1749
3467
3948
9255
8906
9559
4835
5285
1693
8345
5619
7703
114
7502
6985
6189
5413
5415
4
2669
8362
9753
5208
4760
3415
2336
8438
4825
8202
8545
6761
6304
2012
710
1911
918
6621
6747
6203
8314
1444
8174
2370
7910
5676
9355
452
1089
1122
456
110
5836
209
5318
597
9976
4007
9035
1154
8561
7580
7915
4865
5944
4977
3129
6862
7950
9876
9417
2617
7672
7591
4987
5583
9619
694
6035
7061
1817
6491
7171
4005
6701
8842
4602
3029
2849
9989
4183
1410
3921
8451
2628
9865
9780
5757
6727
4083
1985
2496
6700
9657
6439
1687
5240
6059
8733
7627
9472
6902
4119
2995
908
7172
1837
5510
201
1038
1852
737
8801
5773
5540
7781
5639
5320
9890
8718
9403
1875
1215
2455
1532
4006
494
3125
65
9228
752
9537
6130
1223
2533
3390
8395
722
5253
4949
8113
7105
2038
6914
2878
7578
1047
8517
9250
937
3588
8654
2812
1155
7461
696
5161
7956
173
1579
7184
7278
7468
9666
8501
6353
3057
3249
3428
8310
8198
1541
1767
236
4807
4645
7814
5854
9515
3416
6791
3103
2070
5955
610
5884
3003
5771
3840
3177
7350
7376
455
1171
3394
8956
7524
2803
8557
952
1113
6755
2493
2880
3343
3652
3878
7509
9506
3393
926
2649
2848
9348
4956
3458
5232
7960
5581
5424
1137
9284
2800
1592
455
2547
6900
7979
5350
5458
8932
2816
8565
7777
5696
8261
1430
5926
5770
7288
5671
3048
9938
4871
2397
4894
8329
3981
2854
263
9406
343
9547
8558
8287
2
1105
5188
7981
2808
6998
3265
5624
1915
1043
7672
176
8825
3599
2299
6113
9270
5347
2403
4142
4096
7298
8823
8078
6504
5438
3836
6848
4985
2394
5135
4987
9852
6675
9321
2660
25
2586
8284
1941
9981
2308
8469
8806
5907
7120
1272
1530
2468
3675
2024
6564
973
7199
994
3830
2638
4830
7030
3975
3577
8517
8963
3429
5193
4636
2441
1570
3574
7077
9863
3556
9385
8333
8714
5293
1805
9986
3175
4273
3662
5199
7190
987
2398
8184
4817
1388
9367
8199
5364
2944
6717
4327
6373
8262
5315
5166
9832
8889
2243
9696
8797
1628
4381
7512
3273
6186
7498
6448
6812
7512
1647
4002
8500
398
8538
9669
1786
7905
7869
7150
849
938
7829
3574
9200
3144
5092
9032
8386
7335
8728
7183
5316
9461
1047
8589
5648
4898
5038
2460
2410
3037
2814
7262
3435
1352
6932
5222
9258
1153
8724
6459
2091
6554
6386
1291
6050
1478
323
788
5166
5404
7972
482
4865
9019
9071
6865
3917
461
5677
2680
3499
8491
9942
6934
9844
6874
8508
5454
4379
7233
8265
6470
139
4651
7761
2541
2482
4437
3330
7648
6193
1302
4482
7410
6673
3553
628
6943
4015
6305
9623
3866
4797
9565
800
4641
2792
5661
6447
7171
2894
4712
9994
9385
9364
4107
1926
8198
4896
5256
2198
1089
2910
6680
4852
5936
233
5480
9231
600
1785
8854
4466
2934
4771
1619
3927
3915
7280
374
1087
6526
5087
1081
2263
803
1540
4189
9001
6437
5798
1199
7526
5060
4231
8730
7348
4464
4210
6579
1417
2348
5433
2235
1634
6557
3854
5562
472
7486
5936
7911
364
7375
5344
2627
8178
6885
3169
3531
3322
5319
1082
7200
379
5313
5931
4080
6130
6493
659
7547
5193
2445
6134
6828
9002
9989
2390
5826
3827
4678
3738
4192
2054
5434
6819
232
2319
9988
116
5641
5307
1198
2842
2039
2864
5125
6119
8994
1618
3130
2893
3164
5575
9027
9992
929
5368
8734
6756
9196
3412
6846
9740
1818
8632
2911
8403
952
2900
8519
2945
4559
6069
2139
2950
8933
7264
5421
7927
5235
8552
7172
8399
4127
6200
4743
5057
7920
3477
8165
3468
3241
1363
3208
5060
9995
6120
9815
7299
5372
8334
245
9931
4403
2384
9234
3337
6001
4655
7616
7588
3207
4789
2339
3687
7341
7082
5096
5261
6911
3261
8730
6504
976
8290
1564
7323
4410
1379
4623
9782
6065
1220
6066
6821
9956
1652
6510
2309
6307
4126
9897
9515
5267
2236
9554
2608
5670
4650
4222
2581
4263
2952
9086
5239
1242
7002
8914
2005
4734
9889
8139
7151
1109
557
3972
7418
2209
482
9727
8517
961
9625
4384
2580
8213
3938
5189
236
8588
9411
2817
9203
8715
8255
4442
6309
1610
9708
8314
2696
9598
2806
6199
707
3363
6524
8125
5573
7006
7853
442
4319
3830
1178
6900
8395
1468
8441
8631
6408
4204
7801
5611
2919
2408
53
5580
370
9761
247
9418
9359
3053
5618
6419
6416
2142
896
1989
5500
5101
8783
6172
5283
9961
3072
3679
1429
7865
8662
7837
2069
6463
3448
1340
5224
9853
6920
5594
5967
7167
5013
1678
220
6983
8097
6637
9125
5346
4978
977
447
114
7149
5731
75
221
9410
1505
8086
8072
5694
6507
888
9143
7847
6112
5348
1120
1706
1315
8287
3071
2994
4860
54
7443
7849
5531
2789
9179
6509
3237
9293
3658
8968
9369
3880
4730
7226
8318
9154
2920
1178
42
8415
9025
2506
3764
145
565
5079
4785
3636
8073
9645
43
1869
7494
5574
4658
6673
2083
7895
5967
5742
3215
1688
5974
7945
8914
644
3452
8186
1822
3494
6602
848
2353
366
7345
2918
1797
8482
6554
6223
8127
2949
8092
1973
8524
2750
4999
607
6998
7318
6349
213
9006
8675
4511
4272
9320
7963
2458
1142
7809
5412
8342
162
2130
2040
9432
3928
522
2339
151
5002
5288
4595
6975
3812
3697
8326
4420
695
5644
7121
909
1002
2149
1772
5274
1469
9735
4085
8963
3896
9497
7306
411
1628
5698
9843
1908
6220
2182
8411
7574
7471
3006
902
1283
6703
9228
2055
3751
4873
5529
1012
2227
7678
2784
7502
5499
8871
7939
4462
9119
3788
8120
9530
1768
170
9374
3676
2743
7908
8439
317
5379
7797
1219
3015
853
448
1422
4604
1673
3303
5616
3900
7333
4752
7754
2832
3623
5693
3647
2742
5834
8119
8625
7602
8290
7999
1279
1033
5907
6070
1350
7639
3868
2570
7006
4721
9370
8428
5677
1043
1732
7645
1295
9065
2397
9050
8250
2372
1095
1897
1466
6929
6368
91
4532
4658
4442
2163
5691
350
8233
7042
4341
8453
5964
1347
9526
1686
9775
5203
2729
7859
9200
4024
3277
1597
9426
7879
3969
522
6128
1788
7451
2496
1879
8335
7155
6322
498
2846
3024
5084
6240
7365
9889
8556
5064
9416
242
1191
971
9323
9051
172
9700
8680
1769
9126
6559
2091
6000
2687
3879
9804
5183
2110
8139
8690
8432
4990
1537
1456
6426
4129
5173
6315
9038
237
5731
9280
1429
6703
4956
6832
6875
4656
5512
4996
134
8423
3439
6135
1110
7318
2291
2645
9429
430
1336
4213
1772
9225
2022
8198
9706
7195
866
8744
3785
6597
4377
1566
9652
9333
8398
2879
341
262
7876
475
8685
7667
2962
6147
4986
5253
5144
767
2036
2832
4980
3808
8409
7002
8359
8116
550
9225
6860
687
2174
7589
2253
1827
6922
7003
1058
7263
7265
5286
7739
2302
2954
701
4801
7940
2307
9945
5059
4343
9130
6391
4503
7539
9746
2862
5655
296
8439
8868
983
614
6457
9588
8793
3380
6591
9851
6995
3856
5138
1086
2510
8092
8140
7311
2384
447
3608
3795
4790
2738
186
5645
278
9932
8508
2285
6580
3299
1153
3915
3913
7611
3503
9058
7343
6446
8910
690
6654
400
1777
9164
4844
9917
2827
7228
6716
2788
1023
7858
5526
7561
3503
2156
7494
8363
794
426
1663
1947
694
1928
5910
4197
987
9605
6996
6249
296
3650
3001
8425
9167
7845
4694
1994
5073
7762
4782
2448
5620
6661
9
5475
5169
3855
3839
5963
4282
1854
4263
1328
134
173
1877
1121
6131
8873
3722
2779
2524
6723
7556
8043
920
2250
37
5993
12
1172
4793
1984
4185
1155
7459
5706
5010
7650
1670
5644
5856
2285
6972
5991
8810
8850
3464
4941
7723
7187
4072
6599
262
1628
4642
1183
230
1032
3528
6594
8556
4674
8578
9093
5829
2390
4799
839
6392
2821
2836
2249
5106
9808
4592
3917
5010
8056
5210
9086
1595
9283
2037
8210
7263
6680
9393
7494
4064
9273
4088
2620
3947
9019
1713
9776
7761
2864
6968
505
5686
6156
9106
792
2316
3698
1061
7327
1755
2624
2765
9702
8259
4802
7912
5522
7834
3657
3016
1898
2931
3457
870
3230
8828
8935
9359
2941
1800
2679
3446
3838
8835
2553
982
1151
2603
2044
8478
710
1020
1243
413
9279
2398
8325
4801
232
1983
4170
8483
1266
3979
5705
848
2807
4641
207
2100
2793
2886
1898
2983
1721
803
3965
2873
3407
2361
7703
4117
3381
5299
4530
2660
7697
9208
3814
4281
7543
7984
2764
5161
8315
4822
6009
7474
9463
2569
9574
8608
5455
1472
1591
3529
2276
1908
2754
2035
4270
457
6152
4003
2108
7035
6664
9805
2595
6830
439
138
1166
9555
5299
9481
4377
7660
6955
192
229
6529
8800
5685
4353
6743
5566
2981
8652
8320
5016
9274
5129
7521
3277
7238
908
6293
3395
3503
3123
3834
3641
4289
9742
5292
3770
4119
2952
7077
4312
3182
9958
3112
5219
664
6208
7137
3645
4860
5457
5014
4134
586
2535
3763
4176
3443
57
3924
3298
3180
7758
3291
3822
7500
8583
3944
7972
7887
1022
2284
7421
980
1748
2640
1644
7956
9777
1642
9168
1586
6656
9654
8525
5543
3418
9053
5338
3475
2977
8636
3007
7088
1927
6829
940
6862
774
8912
4749
8148
1196
2171
5480
9297
1163
3477
7253
7293
5119
2774
8879
8127
2428
3756
22
2198
2810
5360
5673
2139
348
5033
9227
2275
1862
168
9137
8988
9080
238
3488
6629
2409
8969
5926
3573
8798
9531
7218
269
8657
6097
8396
1086
6206
8418
3284
5368
130
5310
7507
478
343
6735
2753
8557
3255
8242
3898
8687
8480
7386
5316
7242
2707
7594
7167
1505
3478
4385
8126
2135
6834
6522
9573
3040
1292
9210
4760
1422
4520
2268
1900
1215
5355
1005
6124
8610
5599
6374
3649
432
113
8966
7674
2820
2912
1193
678
6390
5578
8804
4878
2412
1679
4451
1805
2971
3661
6565
746
4533
5185
8998
5748
6892
6356
8225
5502
1955
4599
9152
8739
4712
4470
2765
3885
3734
3958
4563
125
5888
9719
1355
8301
7750
5806
6458
7074
9468
9375
7820
4001
4561
6818
6102
1453
9526
679
3308
7834
5278
8812
6573
9991
9634
9339
228
3368
9649
1143
9845
5538
862
1200
191
4965
7007
6649
2039
2827
2376
9859
3180
6937
3029
5634
4743
2556
6313
4403
6742
1592
3215
3315
7935
9201
9006
8163
2569
8656
9306
2415
4194
6520
9967
737
7837
3326
3738
9876
2505
6114
6087
5686
9404
9117
1320
4147
8025
7634
4902
4767
5578
4469
4434
3513
3670
3441
8028
6239
2097
3686
5006
2643
6558
1326
3380
4396
4652
7118
4272
7158
9584
360
9196
8988
5829
516
9487
206
4502
4389
1325
80
8858
5759
9945
8880
9200
7973
1472
7649
1659
6478
292
4570
4156
24
8966
5161
3494
9590
2319
3079
9950
7867
2067
2131
4735
1555
2337
9238
2296
3662
5670
7507
9422
5616
6387
8622
3589
7859
6272
1601
690
2916
6171
4846
2941
1489
7
6435
1079
8678
9514
1030
2897
7934
3161
7633
5841
1851
6871
8137
5513
2541
5644
4935
8157
8384
9910
8099
2595
2534
6052
3285
5450
2223
4484
4743
3712
843
7531
1143
5874
3397
2173
8771
1331
1687
6404
7172
3538
9627
1662
5403
2169
7306
339
6678
2042
6601
1129
4638
9135
7181
7923
937
5756
8759
2033
5820
9603
9564
6964
5477
2961
5489
4248
645
3528
653
7817
3418
6632
9479
8822
8801
3138
5513
1832
1532
2114
9313
6170
1249
6495
446
8538
8603
9205
571
4424
5160
135
7740
637
9449
3229
1238
94
6758
8243
4263
6528
4875
95
5350
29
9585
863
1861
1117
2977
7526
7288
578
373
4086
9117
8977
3291
6040
3401
8452
2528
7493
5441
1977
722
6679
8423
3832
4922
2686
361
9798
2781
2063
9827
8718
2927
8040
9836
2256
1918
3476
2835
2292
7562
8304
1269
853
4344
1022
5657
6872
8515
1099
5201
5589
7778
3624
9422
9053
2663
6135
8851
1796
8198
5030
515
1125
9422
6703
3382
1340
179
2569
3632
7741
873
1253
4946
1569
2275
604
4794
790
8055
6347
6380
2185
6324
2154
1238
8987
8289
6441
7135
2839
7823
4002
3965
7245
705
3699
4938
884
2620
8570
4977
3493
9824
9924
1414
8451
6880
2560
9242
1287
8908
1974
3472
5232
480
1063
571
5121
3856
7706
7960
1680
1709
8277
5277
8766
8328
215
9651
948
5138
980
793
1314
904
2208
9765
4136
4768
5359
5423
28
3685
5248
5260
4165
2663
2183
9286
6519
6242
3599
4551
4303
1876
9829
3069
205
6396
9072
1153
1534
53
1947
2848
7309
507
8966
1446
1627
4325
3221
1656
8011
8469
3268
2176
7484
1804
7815
4004
8046
1414
4907
2349
3290
1088
5418
9847
7485
843
7353
5371
896
5652
4572
8205
6159
3538
9651
4138
4215
9225
2146
2226
4046
5415
755
1531
3571
8570
1887
1617
6336
6794
318
5978
7883
2088
5826
1720
2931
3179
3443
3827
5183
4367
2033
1342
4257
8036
1832
8473
7261
3979
7051
1308
5746
7806
9191
9317
6376
1078
7286
2712
7872
7604
8691
2107
9692
869
179
2624
400
9975
2803
5583
4342
4836
3277
4952
9225
5109
3425
2838
9088
476
498
1186
8283
9689
503
1011
767
7789
76
4992
1745
5119
7099
1438
5988
3631
414
6388
3606
3217
1971
4300
4406
5248
9252
9983
6709
9029
2821
5798
5858
3320
6984
493
3009
3840
7856
129
7981
7932
5121
9727
3051
2220
7517
5391
2203
4283
1779
5809
3852
102
6462
4610
1702
2066
4593
8412
1096
3767
4210
3306
3439
7546
3799
6448
7738
1655
6577
5720
5940
1698
1799
5343
271
5668
735
2474
9951
2514
4636
3803
8969
7450
4766
671
9516
9359
9083
6964
9478
9645
270
2917
3544
421
5718
1282
8429
8647
7002
4369
6698
5153
6064
3321
821
6799
2147
772
5666
6783
928
4635
585
5694
1658
102
1405
742
7066
884
6739
3689
153
283
4110
5871
7918
2539
4519
1272
3260
7569
6426
9325
890
7247
2476
3037
4372
4494
6173
1652
9129
6758
7346
7140
6860
5103
7882
279
2339
973
3968
2493
7609
8078
8364
5527
6970
9235
6799
6582
6804
3225
2259
7694
6825
1088
732
1197
5582
6905
2849
4712
3663
6547
8204
6876
1650
6086
7155
3990
3411
1123
6483
1020
5553
1199
6547
8875
6787
3347
1810
3591
2924
4069
7638
9749
5157
8370
946
740
1627
147
1804
1642
6694
8
4870
4697
2446
2025
5039
2209
9500
7874
3230
1406
9073
6129
6633
5860
9476
8443
5804
2401
8865
3442
8502
374
8164
9449
7466
6143
5948
9270
4137
2643
5630
9008
3692
4428
7385
8731
6638
6886
6605
6220
4644
2030
2349
1277
4243
8178
6073
47
6931
4938
9841
5433
5312
4357
1234
9131
500
7183
4753
4637
9826
384
9997
9870
1164
7383
8601
4154
621
5206
6726
1617
3588
9076
2894
7831
7254
5319
7878
537
6609
4071
5970
8274
8428
7205
7405
5280
4388
2158
6270
566
8894
6267
436
59
3650
5389
565
623
6947
7292
2240
535
2720
1487
8367
6326
6806
2597
6863
9768
6669
2833
8042
1449
6390
5447
6730
778
7605
3000
7696
6500
9267
4484
2911
9270
9873
3476
6245
6820
7120
8486
7356
9840
6325
2075
6166
9483
1024
3029
9251
4045
2215
7293
5495
8605
2740
2225
5736
6698
1577
3432
3198
7196
4269
2461
2818
4142
2289
9064
7315
9410
3902
1023
9250
227
3098
1769
9710
4122
4798
8962
8168
3365
6255
15
1971
5348
8592
4059
2046
169
3843
5244
3717
8112
7705
6536
2255
9994
5600
9570
5756
9502
6945
1359
6081
43
3128
5791
517
4278
4753
5037
7644
7361
5052
5967
2709
3644
26
4755
165
221
6351
3883
8334
408
6771
6941
6754
8723
2863
2511
4577
9808
3870
658
9851
3350
6449
6720
7628
7555
1758
1624
4916
3162
3943
3977
3159
321
8732
9676
543
1435
3559
8877
1843
6682
5818
8597
5405
8681
7460
9982
8489
7682
640
4692
1032
3442
1412
8661
997
9522
6637
2265
9037
581
6242
2196
902
1326
1872
1445
2761
1784
6674
956
8466
2492
5905
224
1173
3366
206
6014
1048
7199
7058
8433
641
8471
3446
7990
4345
83
255
3382
7016
2849
1930
7919
527
3803
5716
9640
1939
2391
596
405
4883
6501
629
2409
6219
7188
4775
3620
4387
1834
2053
5028
6657
5499
3018
7354
1934
9625
737
8951
8826
9019
6870
9353
2822
2586
8993
4761
4977
5941
1519
6213
2442
2148
4974
5014
5688
9749
8634
75
7935
687
1455
4592
2538
4473
1947
4472
450
9036
3423
9276
8055
6645
4981
7230
9232
3974
1991
561
9915
9862
3126
8710
8363
8100
3724
4051
4202
2358
4127
2137
9397
5582
3082
1935
6408
5029
6407
3210
4065
6183
2487
8472
2828
7468
5702
8412
7795
4046
8974
4062
3908
8452
2772
2271
2905
2848
6323
7107
1558
6802
5596
955
2384
8678
9242
5144
59
2002
8355
476
8185
7194
8949
7365
1014
1003
5778
8809
5049
1104
2872
8958
9556
1996
7581
2461
1197
3904
5920
2755
706
7869
63
9443
2899
5657
4587
2959
7659
9294
3435
2196
6488
8736
9562
7503
9740
1692
2664
1141
2796
1888
99
2352
3885
7681
1166
1434
7937
3438
4189
4996
1307
604
791
4207
6262
5378
3518
273
1025
6953
8822
7513
2042
4736
1368
8134
6428
4033
9275
9224
5921
5727
7928
6158
3408
5446
7592
7697
8885
8134
2693
6544
8738
9836
7103
1352
5215
621
7978
2592
3927
6800
105
5969
7888
1474
4103
4316
5507
9730
9892
7780
5457
4172
3939
5217
9619
1531
2915
4856
9665
1960
7752
8404
1797
4856
6108
3364
5477
4086
5956
9404
7238
2413
1725
5126
239
2180
9442
2098
1911
5686
9879
7368
9859
3818
8938
5830
1701
1853
7038
1367
165
4790
6123
8314
9646
2231
1678
1476
2670
3986
880
9908
2752
8958
5035
2991
1138
829
1442
9401
2868
1321
3122
9079
1491
2060
4909
3192
265
8299
911
430
3089
7034
5097
9088
9266
6775
564
8288
7114
1444
8196
6218
402
9583
9209
7893
6765
7003
7294
9633
4676
416
5064
6167
2476
9973
5712
9093
8272
6623
9524
7713
3658
4621
6801
9276
7748
7365
3916
1214
5162
8464
7432
1916
8048
2994
9809
1165
9997
3456
7150
1026
3872
2214
7193
2701
8539
9257
1794
3163
5881
7670
876
5891
8643
7678
1519
2744
1395
5435
3958
6557
3899
7743
8474
8299
7089
8283
5816
7086
1739
2966
4464
1964
5180
1658
4665
71
7267
2811
3234
9500
6834
4111
1743
5477
8141
3262
8221
9536
5049
8532
6094
5301
2627
4568
9952
9716
9203
5769
3154
7295
8735
7619
9259
268
5629
276
339
2896
9439
9926
8749
6273
389
492
1751
8530
107
6324
4418
1508
1208
512
6809
3835
1432
3114
3551
6988
8883
6706
4283
3970
677
9894
590
6306
6522
7282
5554
5961
7208
4303
2235
7597
4796
338
2479
4903
6662
6897
6411
4223
3762
9573
8058
1546
2687
7962
4886
7922
4668
5521
1892
1697
5415
2483
8003
8289
6117
3557
4251
3325
7861
2838
7274
9009
3176
6105
3912
6190
3002
6675
413
3116
2600
4824
1015
1639
2786
5901
9561
3806
1423
7806
5503
3190
6641
3506
1480
2758
3415
5731
2435
7628
8569
9709
6637
8097
5814
549
4287
5168
3577
1053
8285
6177
2229
5652
4169
5015
1553
3730
8821
2976
1536
676
6167
4529
534
3999
7287
3949
9730
9722
1578
4651
5783
8215
2748
7949
5117
3387
3118
5046
792
7755
7575
3021
3407
1744
4388
4960
1827
9561
4289
3363
237
6808
4245
771
807
1532
1073
6889
7607
9003
1540
3390
3570
640
1340
5039
379
810
85
7524
8565
4013
545
8324
5757
4934
3284
7584
847
3925
7300
1085
733
1545
8208
7892
9429
5633
4781
7036
4636
2673
6779
8207
3313
4471
9598
45
5281
6036
7569
198
49
4466
8522
2158
5752
8158
6095
6600
8436
9747
7685
9169
1292
2245
3414
7073
7879
8195
462
2515
7221
3593
7074
6886
8064
3025
6931
9697
9061
852
6247
5462
5319
4769
7620
1071
9279
3715
4023
7715
3462
1708
3237
1106
306
6651
4532
8185
1198
4994
7052
8419
8587
479
5306
3003
9856
8589
9052
8917
9442
5299
4379
4761
6420
8351
2184
2051
8419
6208
9767
8233
4268
9356
5692
926
6007
224
9111
3557
1570
2516
8329
6509
9347
9987
5864
9203
8576
4916
8120
4370
6567
8851
5483
9339
3554
7668
1390
1973
228
7509
6559
848
6865
2251
1775
9224
8827
7238
9134
397
9754
7463
3258
9101
7450
9122
4656
2378
390
9128
6749
6957
7979
2232
2648
7886
6252
390
9859
2832
4252
2770
3681
1117
5021
5456
6694
200
2694
5828
597
8801
3291
3855
4254
7093
9329
8911
9471
9719
8039
6220
3028
2371
4805
5676
257
1057
2419
6468
3890
6671
9239
3923
7788
612
5731
834
813
8425
6662
1410
3578
6305
1618
7833
3398
947
6744
2870
667
4783
5442
47
7154
247
5724
7411
7657
4495
232
7899
1166
9471
8174
5306
83
3905
6141
896
2330
9155
8659
5909
5461
6629
94
8859
3928
6838
8081
947
7973
3524
995
5128
123
3071
8891
4132
7566
9123
8383
8732
4946
6557
4038
5030
462
6531
2278
9145
5687
7289
1406
1148
270
1500
6359
4199
4690
4441
5146
2663
4317
2493
4143
4440
5564
9387
4925
3130
4862
3308
8214
9809
9866
8605
1191
6680
5136
3469
2177
7175
7111
3583
8323
7381
1435
1035
7932
6125
5476
9431
5141
9793
1924
5636
585
7489
5023
5510
6971
9886
5171
5186
9695
1389
143
886
8069
5279
707
247
2455
4170
182
7130
7904
7970
8165
5836
447
9993
5267
5588
9786
3544
1225
6724
1033
2600
2234
4356
2486
7405
5894
8533
8794
6037
5771
3216
7669
2831
9815
6476
7001
6349
3606
4905
4319
8124
7094
1119
8117
2361
6707
7904
5905
4284
4628
3290
3237
3214
3999
5723
6972
9893
609
2118
2283
2732
5334
6304
5563
1501
2780
8917
7851
6386
3822
8522
862
7268
9641
8980
9630
6349
3236
1887
6985
4216
5178
222
3782
5529
2298
754
1774
9259
2873
4057
1991
4559
6713
7555
6061
9493
6472
3912
2232
6646
2434
3094
3915
2076
8426
9897
4777
1662
1784
8114
5878
3314
4689
6013
8843
3339
6767
6970
2598
9640
7379
941
4200
4093
8496
6613
3586
1320
525
2170
4319
9311
5265
4586
7739
3691
4483
2516
1706
2619
6983
3936
5934
1672
9949
1129
1363
6717
8099
3961
2709
5479
1254
3261
5924
9751
9874
9510
7423
6751
1681
1742
2415
3298
6328
154
3341
7163
9023
1399
9783
6006
5336
2069
4030
1637
9550
1745
8354
4002
2058
7416
5833
3312
7029
1757
3063
3256
7619
6839
6359
9300
4933
8774
8950
1262
8929
8644
4777
4304
43
912
6662
5379
2981
7044
7017
8884
8789
1723
2886
847
5491
8719
4159
2521
6828
3575
2129
4447
414
8488
100
5347
7263
9050
2961
2544
7694
4091
6848
7738
5003
9862
9469
4337
6906
2838
3221
5695
4562
2459
2894
6405
7530
7053
8926
4358
6980
1055
8805
7394
5896
8905
9094
3159
7956
8407
2055
2002
2498
8903
9740
3854
5117
5562
8191
2023
8400
1412
4070
9314
223
6964
5720
7753
369
998
2111
7350
8406
916
1096
4302
9822
190
3813
4130
4950
5868
6132
7448
4771
2225
1302
6240
7787
5845
8263
2539
3609
2333
1854
3832
5649
7574
1585
6018
4924
3696
3368
3330
965
817
7632
7139
7359
1445
1269
2309
3665
3753
6110
4788
5978
7412
1028
117
3258
9291
9009
3219
7976
863
7052
3625
4789
8637
5996
9713
8686
5716
3044
6003
6533
7028
3142
3893
4826
4411
6202
8491
4516
2312
3280
495
6077
4308
6964
5687
9952
5973
8906
7928
3188
2310
7906
7977
7300
254
7691
5986
5970
7087
1989
2504
467
1483
2749
5293
5894
5303
137
410
3968
9769
7257
6397
4077
574
2084
381
2899
7342
4662
6088
9653
2568
4065
3305
2822
8108
9291
5144
1547
7632
4000
2015
5467
6749
3660
1361
2053
3797
8123
2373
3566
1733
8770
3996
8659
7206
729
1558
4548
5391
7646
553
4311
8064
3858
3485
2524
9501
8630
4072
3485
2630
2439
8952
9380
6099
6665
7785
6249
4789
6510
6167
2874
5280
6515
1533
2486
7245
3091
7034
2636
7090
3940
6948
1506
7798
433
4030
3652
5415
4454
7137
8046
6893
6090
3778
9345
2755
7915
5594
3896
4425
8113
3122
9705
4629
4655
8543
1874
4099
5577
862
1189
5869
4162
9047
20
948
3077
3672
6363
3884
809
761
7129
3251
891
2826
2359
8806
8420
6255
9583
2886
5730
9288
7515
385
4183
5741
4484
9761
2955
2025
1982
3470
1072
2002
4418
502
5674
7133
738
2836
4247
4219
6087
5138
7046
8446
297
1818
1054
9880
4704
6784
5521
8571
3521
9704
664
4358
5817
3620
2735
7800
7090
160
9802
7860
7014
1829
1345
7752
4665
1944
1971
7104
7083
9017
5551
7380
836
2957
3612
1892
6093
9133
464
5966
8838
1128
324
4655
4748
3060
8807
8190
9572
4962
2402
6586
6791
100
4338
7808
2044
2661
4912
9127
8031
6815
2859
5219
6124
6472
7111
2217
1957
7575
8184
795
8704
4860
1803
9804
4272
6962
4347
3844
1924
6749
430
5067
6849
1120
2875
8894
134
4140
4373
8165
955
3585
9736
7080
57
6847
5649
2014
4423
185
9162
9479
1398
7317
9283
5670
4279
9982
5867
2556
6732
2649
7623
9933
122
499
5179
256
4639
5905
4773
1946
9490
4509
5378
9547
7708
7380
7913
8483
7565
3427
7962
8963
744
3598
986
1376
3580
6853
3932
6664
5854
1555
2950
5976
8406
8129
2584
9397
4034
3709
7696
3524
8218
3074
9423
2279
454
3689
762
4372
7116
8725
9687
4213
8675
7025
1941
8607
230
5873
5272
6085
3780
8222
2061
8539
2703
998
7936
6738
4707
5632
6614
9278
5059
2390
1557
1865
6079
2319
2589
9547
7396
2277
112
2423
9302
2053
1031
5885
4278
2655
1970
4411
7229
383
2950
6284
1381
7238
9374
2441
9223
5989
1719
4282
8379
9628
6147
810
8299
5089
6709
2048
7366
6822
4471
3020
5227
1854
8905
5858
861
7227
269
8090
3963
9571
4375
5344
6809
3749
4137
6032
6090
5856
6666
821
5484
9166
1631
3784
4255
4693
5832
1621
7867
6655
993
3094
8510
6251
5304
5723
3478
1925
3814
7441
1496
4541
9138
4658
4642
3275
7042
733
5484
3709
7906
7320
2875
5890
7456
7130
583
9640
5103
8450
6296
6096
7896
1158
2347
3201
6881
2178
1478
7047
5971
2975
7940
1461
3985
2583
1089
1027
9668
2925
4736
7574
245
7611
3464
7702
1093
4047
3694
6196
8849
6342
2293
6746
3852
992
6299
7086
9522
7777
4133
1846
752
2074
3307
1089
1009
748
2117
677
3673
6853
8251
271
817
8068
4325
1910
8467
8019
4459
7317
4362
3104
4063
8214
448
362
5300
9971
8139
5786
8169
5244
4212
7828
2685
5221
8577
4802
2250
8602
8008
6853
8873
5177
1273
3198
3439
9741
7570
7898
7058
8284
1002
7473
2850
1451
7835
4503
7774
2326
289
5943
3922
853
3771
6608
2426
8700
7762
4676
7303
5770
7881
2528
947
9155
5727
4387
8896
9649
8637
2306
7933
9640
9779
783
1091
3966
5286
5217
6292
1927
1160
6567
2780
1283
3175
1558
6336
937
2586
3639
3060
468
6167
359
5975
8246
1098
1223
4247
9736
3529
2180
9376
3308
9316
6819
7274
4602
2036
9918
2882
9548
2837
2014
7183
6012
3573
3519
3302
6159
3510
2714
2979
6030
3073
8954
628
4172
177
4876
3908
58
3408
9636
3366
2724
2807
6992
3679
1195
3263
6561
743
6100
8575
4278
8465
2148
4150
8119
4660
7660
833
7639
3690
258
6594
